territory_id,target,signal,method,residual_log,score,threshold,observed,active_alert,alert_episode,event_available,threshold_factor,policy,release_lag_months
780,2024-01,own,ewma,-0.08595017677338361,0.038677579548022624,0.07427838288053665,True,False,False,False,1.0,baseline,0
780,2024-02,own,ewma,0.07072500995634892,0.010553585728944572,0.07427838288053665,True,False,False,False,1.0,baseline,0
780,2024-03,own,ewma,0.026402854570747092,0.01768575670775571,0.07427838288053665,True,False,False,False,1.0,baseline,0
780,2024-04,own,ewma,0.037127410036815196,0.02643450070583248,0.07427838288053665,True,False,False,False,1.0,baseline,0
780,2024-05,own,ewma,-0.03802055032164369,0.0025702722565317977,0.07427838288053665,True,False,False,False,1.0,baseline,0
780,2024-06,own,ewma,0.010140865610159101,0.0031497397834791066,0.07427838288053665,True,False,False,False,1.0,baseline,0
780,2024-07,own,ewma,0.015234958041108365,0.008588087999412273,0.07427838288053665,True,False,False,False,1.0,baseline,0
780,2024-08,own,ewma,0.010974103847212634,0.009661795130922437,0.07427838288053665,True,False,False,False,1.0,baseline,0
780,2024-09,own,ewma,-0.027848073334094007,0.007217645678334962,0.07427838288053665,True,False,False,False,1.0,baseline,0
780,2024-10,own,ewma,-0.01155568607308589,0.00916976385597288,0.07427838288053665,True,False,False,False,1.0,baseline,0
780,2024-11,own,ewma,-0.013921483435421439,0.011308037666724731,0.07427838288053665,True,False,False,False,1.0,baseline,0
780,2024-12,own,ewma,0.018003037047993768,0.0018819459548985945,0.07427838288053665,True,False,False,False,1.0,baseline,0
785,2024-01,own,ewma,-0.07522577263361412,0.033851597685126356,0.07427838288053665,True,False,False,False,1.0,baseline,0
785,2024-02,own,ewma,0.01789426609192134,0.010565958985454895,0.07427838288053665,True,False,False,False,1.0,baseline,0
785,2024-03,own,ewma,-0.0027350274018393865,0.007042039772827916,0.07427838288053665,True,False,False,False,1.0,baseline,0
785,2024-04,own,ewma,0.04403071965722053,0.015940701970693884,0.07427838288053665,True,False,False,False,1.0,baseline,0
785,2024-05,own,ewma,-0.0344053175115269,0.0067150067963054685,0.07427838288053665,True,False,False,False,1.0,baseline,0
785,2024-06,own,ewma,0.007391776479597136,0.00036695432214929645,0.07427838288053665,True,False,False,False,1.0,baseline,0
785,2024-07,own,ewma,-0.009982415039350746,0.004693911644889949,0.07427838288053665,True,False,False,False,1.0,baseline,0
785,2024-08,own,ewma,0.006638581618727617,0.0004057103237379558,0.07427838288053665,True,False,False,False,1.0,baseline,0
785,2024-09,own,ewma,0.0063784797973407675,0.0030934565868592214,0.07427838288053665,True,False,False,False,1.0,baseline,0
785,2024-10,own,ewma,0.013812920373813369,0.007917215290988587,0.07427838288053665,True,False,False,False,1.0,baseline,0
785,2024-11,own,ewma,-0.003938707164431151,0.0025820501860497054,0.07427838288053665,True,False,False,False,1.0,baseline,0
785,2024-12,own,ewma,0.001662242343326696,0.002168136656824351,0.07427838288053665,True,False,False,False,1.0,baseline,0
803,2024-01,own,ewma,-0.052757908649565546,0.023741058892304497,0.07427838288053665,True,False,False,False,1.0,baseline,0
803,2024-02,own,ewma,0.040898600893800624,0.005346788011442808,0.07427838288053665,True,False,False,False,1.0,baseline,0
803,2024-03,own,ewma,-0.007991897807392873,0.0006556206070332479,0.07427838288053665,True,False,False,False,1.0,baseline,0
803,2024-04,own,ewma,0.05325766827331136,0.023605359389121824,0.07427838288053665,True,False,False,False,1.0,baseline,0
803,2024-05,own,ewma,-0.0140628866422136,0.006654648675020885,0.07427838288053665,True,False,False,False,1.0,baseline,0
803,2024-06,own,ewma,-0.01996648704005578,0.005324862396763615,0.07427838288053665,True,False,False,False,1.0,baseline,0
803,2024-07,own,ewma,-0.009660330267322952,0.007275822938515317,0.07427838288053665,True,False,False,False,1.0,baseline,0
803,2024-08,own,ewma,-0.009612080765858672,0.008327138960819828,0.07427838288053665,True,False,False,False,1.0,baseline,0
803,2024-09,own,ewma,0.015476971678811837,0.0023847108270144213,0.07427838288053665,True,False,False,False,1.0,baseline,0
803,2024-10,own,ewma,0.03226695643512911,0.01583172135066603,0.07427838288053665,True,False,False,False,1.0,baseline,0
803,2024-11,own,ewma,-0.043922331034029274,0.011057602222446856,0.07427838288053665,True,False,False,False,1.0,baseline,0
803,2024-12,own,ewma,0.0181781075461213,0.002098467173408814,0.07427838288053665,True,False,False,False,1.0,baseline,0
1333,2024-01,own,ewma,-0.06920914497556405,0.03114411523900382,0.07427838288053665,True,False,False,False,1.0,baseline,0
1333,2024-02,own,ewma,0.011730101113704724,0.011850717880284975,0.07427838288053665,True,False,False,False,1.0,baseline,0
1333,2024-03,own,ewma,0.03926407276340479,0.011150937909375418,0.07427838288053665,True,False,False,False,1.0,baseline,0
1333,2024-04,own,ewma,0.03435966534775224,0.021594865256644988,0.07427838288053665,True,False,False,True,1.0,baseline,0
1333,2024-05,own,ewma,0.012583169529347443,0.017539602179361093,0.07427838288053665,True,False,False,True,1.0,baseline,0
1333,2024-06,own,ewma,0.016093006532534537,0.016888634138289144,0.07427838288053665,True,False,False,False,1.0,baseline,0
1333,2024-07,own,ewma,-0.014572523155248806,0.002731113356197066,0.07427838288053665,True,False,False,False,1.0,baseline,0
1333,2024-08,own,ewma,0.016360968682562125,0.008864548253061343,0.07427838288053665,True,False,False,False,1.0,baseline,0
1333,2024-09,own,ewma,-0.0077646587283705815,0.0013814051114169768,0.07427838288053665,True,False,False,False,1.0,baseline,0
1333,2024-10,own,ewma,0.01720521634914558,0.008502120168394849,0.07427838288053665,True,False,False,False,1.0,baseline,0
1333,2024-11,own,ewma,-0.011924870939862522,0.0006900258303209677,0.07427838288053665,True,False,False,False,1.0,baseline,0
1333,2024-12,own,ewma,-0.002931670085790839,0.0016987657452824099,0.07427838288053665,True,False,False,False,1.0,baseline,0
1665,2024-01,own,ewma,-0.05361986276661385,0.024128938244976233,0.07427838288053665,True,False,False,False,1.0,baseline,0
1665,2024-02,own,ewma,-0.0019573637390813098,0.014151729717323518,0.07427838288053665,True,False,False,False,1.0,baseline,0
1665,2024-03,own,ewma,0.02955246840914599,0.005515159439587759,0.07427838288053665,True,False,False,False,1.0,baseline,0
1665,2024-04,own,ewma,0.04994713978561329,0.02550955059529925,0.07427838288053665,True,False,False,True,1.0,baseline,0
1665,2024-05,own,ewma,-0.014375678335003424,0.007561197576663048,0.07427838288053665,True,False,False,True,1.0,baseline,0
1665,2024-06,own,ewma,0.033218961591865104,0.019107191383503974,0.07427838288053665,True,False,False,False,1.0,baseline,0
1665,2024-07,own,ewma,-0.030530716696068886,0.0032298672523038124,0.07427838288053665,True,False,False,False,1.0,baseline,0
1665,2024-08,own,ewma,-0.0003571526862291648,0.0019371456975702211,0.07427838288053665,True,False,False,False,1.0,baseline,0
1665,2024-09,own,ewma,-0.010946257502061784,0.005991246009591424,0.07427838288053665,True,False,False,False,1.0,baseline,0
1665,2024-10,own,ewma,0.026210431630001342,0.00849950892822532,0.07427838288053665,True,False,False,False,1.0,baseline,0
1665,2024-11,own,ewma,-0.02061657072740165,0.004602726916806815,0.07427838288053665,True,False,False,False,1.0,baseline,0
1665,2024-12,own,ewma,-0.020369081839323268,0.011697586631939219,0.07427838288053665,True,False,False,False,1.0,baseline,0
1673,2024-01,own,ewma,-0.03464448224821102,0.015590017011694959,0.07427838288053665,True,False,False,False,1.0,baseline,0
1673,2024-02,own,ewma,-0.008609333138753514,0.01244870926887131,0.07427838288053665,True,False,False,False,1.0,baseline,0
1673,2024-03,own,ewma,0.01870886838654528,0.0015722006760661555,0.07427838288053665,True,False,False,False,1.0,baseline,0
1673,2024-04,own,ewma,0.06104004111176416,0.02833272887213026,0.07427838288053665,True,False,False,True,1.0,baseline,0
1673,2024-05,own,ewma,0.051439821087678174,0.03873092036912682,0.07427838288053665,True,False,False,True,1.0,baseline,0
1673,2024-06,own,ewma,-0.021755238859813276,0.011512148716103779,0.07427838288053665,True,False,False,False,1.0,baseline,0
1673,2024-07,own,ewma,-0.03789732180587065,0.010722113018784715,0.07427838288053665,True,False,False,False,1.0,baseline,0
1673,2024-08,own,ewma,-0.010430892635534076,0.010591063846321927,0.07427838288053665,True,False,False,False,1.0,baseline,0
1673,2024-09,own,ewma,-0.00711006255357056,0.009024613264583812,0.07427838288053665,True,False,False,False,1.0,baseline,0
1673,2024-10,own,ewma,0.04337198718736227,0.014553856938791927,0.07427838288053665,True,False,False,False,1.0,baseline,0
1673,2024-11,own,ewma,-0.0076823385460177696,0.004547568970627564,0.07427838288053665,True,False,False,False,1.0,baseline,0
1673,2024-12,own,ewma,-0.03974929410898673,0.015386019415198867,0.07427838288053665,True,False,False,False,1.0,baseline,0
1687,2024-01,own,ewma,-0.10385745322923999,0.046735853953158,0.07427838288053665,True,False,False,False,1.0,baseline,0
1687,2024-02,own,ewma,0.003046586021947674,0.024333755964360448,0.07427838288053665,True,False,False,False,1.0,baseline,0
1687,2024-03,own,ewma,0.04166672348848005,0.0053664597894177764,0.07427838288053665,True,False,False,False,1.0,baseline,0
1687,2024-04,own,ewma,0.004096667832800344,0.004795053408939932,0.07427838288053665,True,False,False,True,1.0,baseline,0
1687,2024-05,own,ewma,0.021674190962340623,0.012390665307970243,0.07427838288053665,True,False,False,True,1.0,baseline,0
1687,2024-06,own,ewma,-0.020597405362302337,0.002453966493652417,0.07427838288053665,True,False,False,False,1.0,baseline,0
1687,2024-07,own,ewma,-0.04668704449815223,0.022358851595677333,0.07427838288053665,True,False,False,False,1.0,baseline,0
1687,2024-08,own,ewma,-0.01772478495204373,0.020273521606042212,0.07427838288053665,True,False,False,False,1.0,baseline,0
1687,2024-09,own,ewma,-0.041513152922148994,0.029831355698290263,0.07427838288053665,True,False,False,False,1.0,baseline,0
1687,2024-10,own,ewma,0.057128680933797325,0.009300660786149152,0.07427838288053665,True,False,False,False,1.0,baseline,0
1687,2024-11,own,ewma,-0.002891681896327815,0.0038141065790345168,0.07427838288053665,True,False,False,False,1.0,baseline,0
1687,2024-12,own,ewma,-0.037914685972873195,0.014963850069323955,0.07427838288053665,True,False,False,False,1.0,baseline,0
2195,2024-01,own,ewma,-0.10586735750672888,0.047640310878027996,0.07427838288053665,True,False,False,False,1.0,baseline,0
2195,2024-02,own,ewma,0.04796025102861863,0.0046200580200370135,0.07427838288053665,True,False,False,False,1.0,baseline,0
2195,2024-03,own,ewma,-0.0058400476004189855,0.005169053331208901,0.07427838288053665,True,False,False,False,1.0,baseline,0
2195,2024-04,own,ewma,0.010451277163636863,0.0018600953914716927,0.07427838288053665,True,False,False,True,1.0,baseline,0
2195,2024-05,own,ewma,0.03113786627119556,0.015035092287347434,0.07427838288053665,True,False,False,True,1.0,baseline,0
2195,2024-06,own,ewma,0.016575846480917526,0.015728431674453976,0.07427838288053665,True,False,False,False,1.0,baseline,0
2195,2024-07,own,ewma,-0.027192694218448926,0.003586074977352329,0.07427838288053665,True,False,False,False,1.0,baseline,0
2195,2024-08,own,ewma,0.030294005277527108,0.011659961137343418,0.07427838288053665,True,False,False,False,1.0,baseline,0
2195,2024-09,own,ewma,-0.04028354948483609,0.01171461864263736,0.07427838288053665,True,False,False,False,1.0,baseline,0
2195,2024-10,own,ewma,0.014725224702734812,0.0001833108627801172,0.07427838288053665,True,False,False,False,1.0,baseline,0
2195,2024-11,own,ewma,-0.0715311369878551,0.032088190670005734,0.07427838288053665,True,False,False,False,1.0,baseline,0
2195,2024-12,own,ewma,0.04490464691002992,0.0025585862410103105,0.07427838288053665,True,False,False,False,1.0,baseline,0
780,2024-01,own,ewma,-0.08595017677338361,0.038677579548022624,0.07427838288053665,True,False,False,False,1.0,event_conditioned,0
780,2024-02,own,ewma,0.07072500995634892,0.010553585728944572,0.07427838288053665,True,False,False,False,1.0,event_conditioned,0
780,2024-03,own,ewma,0.026402854570747092,0.01768575670775571,0.07427838288053665,True,False,False,False,1.0,event_conditioned,0
780,2024-04,own,ewma,0.037127410036815196,0.02643450070583248,0.07427838288053665,True,False,False,False,1.0,event_conditioned,0
780,2024-05,own,ewma,-0.03802055032164369,0.0025702722565317977,0.07427838288053665,True,False,False,False,1.0,event_conditioned,0
780,2024-06,own,ewma,0.010140865610159101,0.0031497397834791066,0.07427838288053665,True,False,False,False,1.0,event_conditioned,0
780,2024-07,own,ewma,0.015234958041108365,0.008588087999412273,0.07427838288053665,True,False,False,False,1.0,event_conditioned,0
780,2024-08,own,ewma,0.010974103847212634,0.009661795130922437,0.07427838288053665,True,False,False,False,1.0,event_conditioned,0
780,2024-09,own,ewma,-0.027848073334094007,0.007217645678334962,0.07427838288053665,True,False,False,False,1.0,event_conditioned,0
780,2024-10,own,ewma,-0.01155568607308589,0.00916976385597288,0.07427838288053665,True,False,False,False,1.0,event_conditioned,0
780,2024-11,own,ewma,-0.013921483435421439,0.011308037666724731,0.07427838288053665,True,False,False,False,1.0,event_conditioned,0
780,2024-12,own,ewma,0.018003037047993768,0.0018819459548985945,0.07427838288053665,True,False,False,False,1.0,event_conditioned,0
785,2024-01,own,ewma,-0.07522577263361412,0.033851597685126356,0.07427838288053665,True,False,False,False,1.0,event_conditioned,0
785,2024-02,own,ewma,0.01789426609192134,0.010565958985454895,0.07427838288053665,True,False,False,False,1.0,event_conditioned,0
785,2024-03,own,ewma,-0.0027350274018393865,0.007042039772827916,0.07427838288053665,True,False,False,False,1.0,event_conditioned,0
785,2024-04,own,ewma,0.04403071965722053,0.015940701970693884,0.07427838288053665,True,False,False,False,1.0,event_conditioned,0
785,2024-05,own,ewma,-0.0344053175115269,0.0067150067963054685,0.07427838288053665,True,False,False,False,1.0,event_conditioned,0
785,2024-06,own,ewma,0.007391776479597136,0.00036695432214929645,0.07427838288053665,True,False,False,False,1.0,event_conditioned,0
785,2024-07,own,ewma,-0.009982415039350746,0.004693911644889949,0.07427838288053665,True,False,False,False,1.0,event_conditioned,0
785,2024-08,own,ewma,0.006638581618727617,0.0004057103237379558,0.07427838288053665,True,False,False,False,1.0,event_conditioned,0
785,2024-09,own,ewma,0.0063784797973407675,0.0030934565868592214,0.07427838288053665,True,False,False,False,1.0,event_conditioned,0
785,2024-10,own,ewma,0.013812920373813369,0.007917215290988587,0.07427838288053665,True,False,False,False,1.0,event_conditioned,0
785,2024-11,own,ewma,-0.003938707164431151,0.0025820501860497054,0.07427838288053665,True,False,False,False,1.0,event_conditioned,0
785,2024-12,own,ewma,0.001662242343326696,0.002168136656824351,0.07427838288053665,True,False,False,False,1.0,event_conditioned,0
803,2024-01,own,ewma,-0.052757908649565546,0.023741058892304497,0.07427838288053665,True,False,False,False,1.0,event_conditioned,0
803,2024-02,own,ewma,0.040898600893800624,0.005346788011442808,0.07427838288053665,True,False,False,False,1.0,event_conditioned,0
803,2024-03,own,ewma,-0.007991897807392873,0.0006556206070332479,0.07427838288053665,True,False,False,False,1.0,event_conditioned,0
803,2024-04,own,ewma,0.05325766827331136,0.023605359389121824,0.07427838288053665,True,False,False,False,1.0,event_conditioned,0
803,2024-05,own,ewma,-0.0140628866422136,0.006654648675020885,0.07427838288053665,True,False,False,False,1.0,event_conditioned,0
803,2024-06,own,ewma,-0.01996648704005578,0.005324862396763615,0.07427838288053665,True,False,False,False,1.0,event_conditioned,0
803,2024-07,own,ewma,-0.009660330267322952,0.007275822938515317,0.07427838288053665,True,False,False,False,1.0,event_conditioned,0
803,2024-08,own,ewma,-0.009612080765858672,0.008327138960819828,0.07427838288053665,True,False,False,False,1.0,event_conditioned,0
803,2024-09,own,ewma,0.015476971678811837,0.0023847108270144213,0.07427838288053665,True,False,False,False,1.0,event_conditioned,0
803,2024-10,own,ewma,0.03226695643512911,0.01583172135066603,0.07427838288053665,True,False,False,False,1.0,event_conditioned,0
803,2024-11,own,ewma,-0.043922331034029274,0.011057602222446856,0.07427838288053665,True,False,False,False,1.0,event_conditioned,0
803,2024-12,own,ewma,0.0181781075461213,0.002098467173408814,0.07427838288053665,True,False,False,False,1.0,event_conditioned,0
1333,2024-01,own,ewma,-0.06920914497556405,0.03114411523900382,0.07427838288053665,True,False,False,False,1.0,event_conditioned,0
1333,2024-02,own,ewma,0.011730101113704724,0.011850717880284975,0.07427838288053665,True,False,False,False,1.0,event_conditioned,0
1333,2024-03,own,ewma,0.03926407276340479,0.011150937909375418,0.07427838288053665,True,False,False,False,1.0,event_conditioned,0
1333,2024-04,own,ewma,0.03435966534775224,0.021594865256644988,0.07427838288053665,True,False,False,True,0.75,event_conditioned,0
1333,2024-05,own,ewma,0.012583169529347443,0.017539602179361093,0.07427838288053665,True,False,False,True,0.75,event_conditioned,0
1333,2024-06,own,ewma,0.016093006532534537,0.016888634138289144,0.07427838288053665,True,False,False,False,1.0,event_conditioned,0
1333,2024-07,own,ewma,-0.014572523155248806,0.002731113356197066,0.07427838288053665,True,False,False,False,1.0,event_conditioned,0
1333,2024-08,own,ewma,0.016360968682562125,0.008864548253061343,0.07427838288053665,True,False,False,False,1.0,event_conditioned,0
1333,2024-09,own,ewma,-0.0077646587283705815,0.0013814051114169768,0.07427838288053665,True,False,False,False,1.0,event_conditioned,0
1333,2024-10,own,ewma,0.01720521634914558,0.008502120168394849,0.07427838288053665,True,False,False,False,1.0,event_conditioned,0
1333,2024-11,own,ewma,-0.011924870939862522,0.0006900258303209677,0.07427838288053665,True,False,False,False,1.0,event_conditioned,0
1333,2024-12,own,ewma,-0.002931670085790839,0.0016987657452824099,0.07427838288053665,True,False,False,False,1.0,event_conditioned,0
1665,2024-01,own,ewma,-0.05361986276661385,0.024128938244976233,0.07427838288053665,True,False,False,False,1.0,event_conditioned,0
1665,2024-02,own,ewma,-0.0019573637390813098,0.014151729717323518,0.07427838288053665,True,False,False,False,1.0,event_conditioned,0
1665,2024-03,own,ewma,0.02955246840914599,0.005515159439587759,0.07427838288053665,True,False,False,False,1.0,event_conditioned,0
1665,2024-04,own,ewma,0.04994713978561329,0.02550955059529925,0.07427838288053665,True,False,False,True,0.75,event_conditioned,0
1665,2024-05,own,ewma,-0.014375678335003424,0.007561197576663048,0.07427838288053665,True,False,False,True,0.75,event_conditioned,0
1665,2024-06,own,ewma,0.033218961591865104,0.019107191383503974,0.07427838288053665,True,False,False,False,1.0,event_conditioned,0
1665,2024-07,own,ewma,-0.030530716696068886,0.0032298672523038124,0.07427838288053665,True,False,False,False,1.0,event_conditioned,0
1665,2024-08,own,ewma,-0.0003571526862291648,0.0019371456975702211,0.07427838288053665,True,False,False,False,1.0,event_conditioned,0
1665,2024-09,own,ewma,-0.010946257502061784,0.005991246009591424,0.07427838288053665,True,False,False,False,1.0,event_conditioned,0
1665,2024-10,own,ewma,0.026210431630001342,0.00849950892822532,0.07427838288053665,True,False,False,False,1.0,event_conditioned,0
1665,2024-11,own,ewma,-0.02061657072740165,0.004602726916806815,0.07427838288053665,True,False,False,False,1.0,event_conditioned,0
1665,2024-12,own,ewma,-0.020369081839323268,0.011697586631939219,0.07427838288053665,True,False,False,False,1.0,event_conditioned,0
1673,2024-01,own,ewma,-0.03464448224821102,0.015590017011694959,0.07427838288053665,True,False,False,False,1.0,event_conditioned,0
1673,2024-02,own,ewma,-0.008609333138753514,0.01244870926887131,0.07427838288053665,True,False,False,False,1.0,event_conditioned,0
1673,2024-03,own,ewma,0.01870886838654528,0.0015722006760661555,0.07427838288053665,True,False,False,False,1.0,event_conditioned,0
1673,2024-04,own,ewma,0.06104004111176416,0.02833272887213026,0.07427838288053665,True,False,False,True,0.75,event_conditioned,0
1673,2024-05,own,ewma,0.051439821087678174,0.03873092036912682,0.07427838288053665,True,False,False,True,0.75,event_conditioned,0
1673,2024-06,own,ewma,-0.021755238859813276,0.011512148716103779,0.07427838288053665,True,False,False,False,1.0,event_conditioned,0
1673,2024-07,own,ewma,-0.03789732180587065,0.010722113018784715,0.07427838288053665,True,False,False,False,1.0,event_conditioned,0
1673,2024-08,own,ewma,-0.010430892635534076,0.010591063846321927,0.07427838288053665,True,False,False,False,1.0,event_conditioned,0
1673,2024-09,own,ewma,-0.00711006255357056,0.009024613264583812,0.07427838288053665,True,False,False,False,1.0,event_conditioned,0
1673,2024-10,own,ewma,0.04337198718736227,0.014553856938791927,0.07427838288053665,True,False,False,False,1.0,event_conditioned,0
1673,2024-11,own,ewma,-0.0076823385460177696,0.004547568970627564,0.07427838288053665,True,False,False,False,1.0,event_conditioned,0
1673,2024-12,own,ewma,-0.03974929410898673,0.015386019415198867,0.07427838288053665,True,False,False,False,1.0,event_conditioned,0
1687,2024-01,own,ewma,-0.10385745322923999,0.046735853953158,0.07427838288053665,True,False,False,False,1.0,event_conditioned,0
1687,2024-02,own,ewma,0.003046586021947674,0.024333755964360448,0.07427838288053665,True,False,False,False,1.0,event_conditioned,0
1687,2024-03,own,ewma,0.04166672348848005,0.0053664597894177764,0.07427838288053665,True,False,False,False,1.0,event_conditioned,0
1687,2024-04,own,ewma,0.004096667832800344,0.004795053408939932,0.07427838288053665,True,False,False,True,0.75,event_conditioned,0
1687,2024-05,own,ewma,0.021674190962340623,0.012390665307970243,0.07427838288053665,True,False,False,True,0.75,event_conditioned,0
1687,2024-06,own,ewma,-0.020597405362302337,0.002453966493652417,0.07427838288053665,True,False,False,False,1.0,event_conditioned,0
1687,2024-07,own,ewma,-0.04668704449815223,0.022358851595677333,0.07427838288053665,True,False,False,False,1.0,event_conditioned,0
1687,2024-08,own,ewma,-0.01772478495204373,0.020273521606042212,0.07427838288053665,True,False,False,False,1.0,event_conditioned,0
1687,2024-09,own,ewma,-0.041513152922148994,0.029831355698290263,0.07427838288053665,True,False,False,False,1.0,event_conditioned,0
1687,2024-10,own,ewma,0.057128680933797325,0.009300660786149152,0.07427838288053665,True,False,False,False,1.0,event_conditioned,0
1687,2024-11,own,ewma,-0.002891681896327815,0.0038141065790345168,0.07427838288053665,True,False,False,False,1.0,event_conditioned,0
1687,2024-12,own,ewma,-0.037914685972873195,0.014963850069323955,0.07427838288053665,True,False,False,False,1.0,event_conditioned,0
2195,2024-01,own,ewma,-0.10586735750672888,0.047640310878027996,0.07427838288053665,True,False,False,False,1.0,event_conditioned,0
2195,2024-02,own,ewma,0.04796025102861863,0.0046200580200370135,0.07427838288053665,True,False,False,False,1.0,event_conditioned,0
2195,2024-03,own,ewma,-0.0058400476004189855,0.005169053331208901,0.07427838288053665,True,False,False,False,1.0,event_conditioned,0
2195,2024-04,own,ewma,0.010451277163636863,0.0018600953914716927,0.07427838288053665,True,False,False,True,0.75,event_conditioned,0
2195,2024-05,own,ewma,0.03113786627119556,0.015035092287347434,0.07427838288053665,True,False,False,True,0.75,event_conditioned,0
2195,2024-06,own,ewma,0.016575846480917526,0.015728431674453976,0.07427838288053665,True,False,False,False,1.0,event_conditioned,0
2195,2024-07,own,ewma,-0.027192694218448926,0.003586074977352329,0.07427838288053665,True,False,False,False,1.0,event_conditioned,0
2195,2024-08,own,ewma,0.030294005277527108,0.011659961137343418,0.07427838288053665,True,False,False,False,1.0,event_conditioned,0
2195,2024-09,own,ewma,-0.04028354948483609,0.01171461864263736,0.07427838288053665,True,False,False,False,1.0,event_conditioned,0
2195,2024-10,own,ewma,0.014725224702734812,0.0001833108627801172,0.07427838288053665,True,False,False,False,1.0,event_conditioned,0
2195,2024-11,own,ewma,-0.0715311369878551,0.032088190670005734,0.07427838288053665,True,False,False,False,1.0,event_conditioned,0
2195,2024-12,own,ewma,0.04490464691002992,0.0025585862410103105,0.07427838288053665,True,False,False,False,1.0,event_conditioned,0
780,2024-01,own,ewma,-0.08595017677338361,0.038677579548022624,0.07427838288053665,True,False,False,False,0.75,global_0.75,0
780,2024-02,own,ewma,0.07072500995634892,0.010553585728944572,0.07427838288053665,True,False,False,False,0.75,global_0.75,0
780,2024-03,own,ewma,0.026402854570747092,0.01768575670775571,0.07427838288053665,True,False,False,False,0.75,global_0.75,0
780,2024-04,own,ewma,0.037127410036815196,0.02643450070583248,0.07427838288053665,True,False,False,False,0.75,global_0.75,0
780,2024-05,own,ewma,-0.03802055032164369,0.0025702722565317977,0.07427838288053665,True,False,False,False,0.75,global_0.75,0
780,2024-06,own,ewma,0.010140865610159101,0.0031497397834791066,0.07427838288053665,True,False,False,False,0.75,global_0.75,0
780,2024-07,own,ewma,0.015234958041108365,0.008588087999412273,0.07427838288053665,True,False,False,False,0.75,global_0.75,0
780,2024-08,own,ewma,0.010974103847212634,0.009661795130922437,0.07427838288053665,True,False,False,False,0.75,global_0.75,0
780,2024-09,own,ewma,-0.027848073334094007,0.007217645678334962,0.07427838288053665,True,False,False,False,0.75,global_0.75,0
780,2024-10,own,ewma,-0.01155568607308589,0.00916976385597288,0.07427838288053665,True,False,False,False,0.75,global_0.75,0
780,2024-11,own,ewma,-0.013921483435421439,0.011308037666724731,0.07427838288053665,True,False,False,False,0.75,global_0.75,0
780,2024-12,own,ewma,0.018003037047993768,0.0018819459548985945,0.07427838288053665,True,False,False,False,0.75,global_0.75,0
785,2024-01,own,ewma,-0.07522577263361412,0.033851597685126356,0.07427838288053665,True,False,False,False,0.75,global_0.75,0
785,2024-02,own,ewma,0.01789426609192134,0.010565958985454895,0.07427838288053665,True,False,False,False,0.75,global_0.75,0
785,2024-03,own,ewma,-0.0027350274018393865,0.007042039772827916,0.07427838288053665,True,False,False,False,0.75,global_0.75,0
785,2024-04,own,ewma,0.04403071965722053,0.015940701970693884,0.07427838288053665,True,False,False,False,0.75,global_0.75,0
785,2024-05,own,ewma,-0.0344053175115269,0.0067150067963054685,0.07427838288053665,True,False,False,False,0.75,global_0.75,0
785,2024-06,own,ewma,0.007391776479597136,0.00036695432214929645,0.07427838288053665,True,False,False,False,0.75,global_0.75,0
785,2024-07,own,ewma,-0.009982415039350746,0.004693911644889949,0.07427838288053665,True,False,False,False,0.75,global_0.75,0
785,2024-08,own,ewma,0.006638581618727617,0.0004057103237379558,0.07427838288053665,True,False,False,False,0.75,global_0.75,0
785,2024-09,own,ewma,0.0063784797973407675,0.0030934565868592214,0.07427838288053665,True,False,False,False,0.75,global_0.75,0
785,2024-10,own,ewma,0.013812920373813369,0.007917215290988587,0.07427838288053665,True,False,False,False,0.75,global_0.75,0
785,2024-11,own,ewma,-0.003938707164431151,0.0025820501860497054,0.07427838288053665,True,False,False,False,0.75,global_0.75,0
785,2024-12,own,ewma,0.001662242343326696,0.002168136656824351,0.07427838288053665,True,False,False,False,0.75,global_0.75,0
803,2024-01,own,ewma,-0.052757908649565546,0.023741058892304497,0.07427838288053665,True,False,False,False,0.75,global_0.75,0
803,2024-02,own,ewma,0.040898600893800624,0.005346788011442808,0.07427838288053665,True,False,False,False,0.75,global_0.75,0
803,2024-03,own,ewma,-0.007991897807392873,0.0006556206070332479,0.07427838288053665,True,False,False,False,0.75,global_0.75,0
803,2024-04,own,ewma,0.05325766827331136,0.023605359389121824,0.07427838288053665,True,False,False,False,0.75,global_0.75,0
803,2024-05,own,ewma,-0.0140628866422136,0.006654648675020885,0.07427838288053665,True,False,False,False,0.75,global_0.75,0
803,2024-06,own,ewma,-0.01996648704005578,0.005324862396763615,0.07427838288053665,True,False,False,False,0.75,global_0.75,0
803,2024-07,own,ewma,-0.009660330267322952,0.007275822938515317,0.07427838288053665,True,False,False,False,0.75,global_0.75,0
803,2024-08,own,ewma,-0.009612080765858672,0.008327138960819828,0.07427838288053665,True,False,False,False,0.75,global_0.75,0
803,2024-09,own,ewma,0.015476971678811837,0.0023847108270144213,0.07427838288053665,True,False,False,False,0.75,global_0.75,0
803,2024-10,own,ewma,0.03226695643512911,0.01583172135066603,0.07427838288053665,True,False,False,False,0.75,global_0.75,0
803,2024-11,own,ewma,-0.043922331034029274,0.011057602222446856,0.07427838288053665,True,False,False,False,0.75,global_0.75,0
803,2024-12,own,ewma,0.0181781075461213,0.002098467173408814,0.07427838288053665,True,False,False,False,0.75,global_0.75,0
1333,2024-01,own,ewma,-0.06920914497556405,0.03114411523900382,0.07427838288053665,True,False,False,False,0.75,global_0.75,0
1333,2024-02,own,ewma,0.011730101113704724,0.011850717880284975,0.07427838288053665,True,False,False,False,0.75,global_0.75,0
1333,2024-03,own,ewma,0.03926407276340479,0.011150937909375418,0.07427838288053665,True,False,False,False,0.75,global_0.75,0
1333,2024-04,own,ewma,0.03435966534775224,0.021594865256644988,0.07427838288053665,True,False,False,True,0.75,global_0.75,0
1333,2024-05,own,ewma,0.012583169529347443,0.017539602179361093,0.07427838288053665,True,False,False,True,0.75,global_0.75,0
1333,2024-06,own,ewma,0.016093006532534537,0.016888634138289144,0.07427838288053665,True,False,False,False,0.75,global_0.75,0
1333,2024-07,own,ewma,-0.014572523155248806,0.002731113356197066,0.07427838288053665,True,False,False,False,0.75,global_0.75,0
1333,2024-08,own,ewma,0.016360968682562125,0.008864548253061343,0.07427838288053665,True,False,False,False,0.75,global_0.75,0
1333,2024-09,own,ewma,-0.0077646587283705815,0.0013814051114169768,0.07427838288053665,True,False,False,False,0.75,global_0.75,0
1333,2024-10,own,ewma,0.01720521634914558,0.008502120168394849,0.07427838288053665,True,False,False,False,0.75,global_0.75,0
1333,2024-11,own,ewma,-0.011924870939862522,0.0006900258303209677,0.07427838288053665,True,False,False,False,0.75,global_0.75,0
1333,2024-12,own,ewma,-0.002931670085790839,0.0016987657452824099,0.07427838288053665,True,False,False,False,0.75,global_0.75,0
1665,2024-01,own,ewma,-0.05361986276661385,0.024128938244976233,0.07427838288053665,True,False,False,False,0.75,global_0.75,0
1665,2024-02,own,ewma,-0.0019573637390813098,0.014151729717323518,0.07427838288053665,True,False,False,False,0.75,global_0.75,0
1665,2024-03,own,ewma,0.02955246840914599,0.005515159439587759,0.07427838288053665,True,False,False,False,0.75,global_0.75,0
1665,2024-04,own,ewma,0.04994713978561329,0.02550955059529925,0.07427838288053665,True,False,False,True,0.75,global_0.75,0
1665,2024-05,own,ewma,-0.014375678335003424,0.007561197576663048,0.07427838288053665,True,False,False,True,0.75,global_0.75,0
1665,2024-06,own,ewma,0.033218961591865104,0.019107191383503974,0.07427838288053665,True,False,False,False,0.75,global_0.75,0
1665,2024-07,own,ewma,-0.030530716696068886,0.0032298672523038124,0.07427838288053665,True,False,False,False,0.75,global_0.75,0
1665,2024-08,own,ewma,-0.0003571526862291648,0.0019371456975702211,0.07427838288053665,True,False,False,False,0.75,global_0.75,0
1665,2024-09,own,ewma,-0.010946257502061784,0.005991246009591424,0.07427838288053665,True,False,False,False,0.75,global_0.75,0
1665,2024-10,own,ewma,0.026210431630001342,0.00849950892822532,0.07427838288053665,True,False,False,False,0.75,global_0.75,0
1665,2024-11,own,ewma,-0.02061657072740165,0.004602726916806815,0.07427838288053665,True,False,False,False,0.75,global_0.75,0
1665,2024-12,own,ewma,-0.020369081839323268,0.011697586631939219,0.07427838288053665,True,False,False,False,0.75,global_0.75,0
1673,2024-01,own,ewma,-0.03464448224821102,0.015590017011694959,0.07427838288053665,True,False,False,False,0.75,global_0.75,0
1673,2024-02,own,ewma,-0.008609333138753514,0.01244870926887131,0.07427838288053665,True,False,False,False,0.75,global_0.75,0
1673,2024-03,own,ewma,0.01870886838654528,0.0015722006760661555,0.07427838288053665,True,False,False,False,0.75,global_0.75,0
1673,2024-04,own,ewma,0.06104004111176416,0.02833272887213026,0.07427838288053665,True,False,False,True,0.75,global_0.75,0
1673,2024-05,own,ewma,0.051439821087678174,0.03873092036912682,0.07427838288053665,True,False,False,True,0.75,global_0.75,0
1673,2024-06,own,ewma,-0.021755238859813276,0.011512148716103779,0.07427838288053665,True,False,False,False,0.75,global_0.75,0
1673,2024-07,own,ewma,-0.03789732180587065,0.010722113018784715,0.07427838288053665,True,False,False,False,0.75,global_0.75,0
1673,2024-08,own,ewma,-0.010430892635534076,0.010591063846321927,0.07427838288053665,True,False,False,False,0.75,global_0.75,0
1673,2024-09,own,ewma,-0.00711006255357056,0.009024613264583812,0.07427838288053665,True,False,False,False,0.75,global_0.75,0
1673,2024-10,own,ewma,0.04337198718736227,0.014553856938791927,0.07427838288053665,True,False,False,False,0.75,global_0.75,0
1673,2024-11,own,ewma,-0.0076823385460177696,0.004547568970627564,0.07427838288053665,True,False,False,False,0.75,global_0.75,0
1673,2024-12,own,ewma,-0.03974929410898673,0.015386019415198867,0.07427838288053665,True,False,False,False,0.75,global_0.75,0
1687,2024-01,own,ewma,-0.10385745322923999,0.046735853953158,0.07427838288053665,True,False,False,False,0.75,global_0.75,0
1687,2024-02,own,ewma,0.003046586021947674,0.024333755964360448,0.07427838288053665,True,False,False,False,0.75,global_0.75,0
1687,2024-03,own,ewma,0.04166672348848005,0.0053664597894177764,0.07427838288053665,True,False,False,False,0.75,global_0.75,0
1687,2024-04,own,ewma,0.004096667832800344,0.004795053408939932,0.07427838288053665,True,False,False,True,0.75,global_0.75,0
1687,2024-05,own,ewma,0.021674190962340623,0.012390665307970243,0.07427838288053665,True,False,False,True,0.75,global_0.75,0
1687,2024-06,own,ewma,-0.020597405362302337,0.002453966493652417,0.07427838288053665,True,False,False,False,0.75,global_0.75,0
1687,2024-07,own,ewma,-0.04668704449815223,0.022358851595677333,0.07427838288053665,True,False,False,False,0.75,global_0.75,0
1687,2024-08,own,ewma,-0.01772478495204373,0.020273521606042212,0.07427838288053665,True,False,False,False,0.75,global_0.75,0
1687,2024-09,own,ewma,-0.041513152922148994,0.029831355698290263,0.07427838288053665,True,False,False,False,0.75,global_0.75,0
1687,2024-10,own,ewma,0.057128680933797325,0.009300660786149152,0.07427838288053665,True,False,False,False,0.75,global_0.75,0
1687,2024-11,own,ewma,-0.002891681896327815,0.0038141065790345168,0.07427838288053665,True,False,False,False,0.75,global_0.75,0
1687,2024-12,own,ewma,-0.037914685972873195,0.014963850069323955,0.07427838288053665,True,False,False,False,0.75,global_0.75,0
2195,2024-01,own,ewma,-0.10586735750672888,0.047640310878027996,0.07427838288053665,True,False,False,False,0.75,global_0.75,0
2195,2024-02,own,ewma,0.04796025102861863,0.0046200580200370135,0.07427838288053665,True,False,False,False,0.75,global_0.75,0
2195,2024-03,own,ewma,-0.0058400476004189855,0.005169053331208901,0.07427838288053665,True,False,False,False,0.75,global_0.75,0
2195,2024-04,own,ewma,0.010451277163636863,0.0018600953914716927,0.07427838288053665,True,False,False,True,0.75,global_0.75,0
2195,2024-05,own,ewma,0.03113786627119556,0.015035092287347434,0.07427838288053665,True,False,False,True,0.75,global_0.75,0
2195,2024-06,own,ewma,0.016575846480917526,0.015728431674453976,0.07427838288053665,True,False,False,False,0.75,global_0.75,0
2195,2024-07,own,ewma,-0.027192694218448926,0.003586074977352329,0.07427838288053665,True,False,False,False,0.75,global_0.75,0
2195,2024-08,own,ewma,0.030294005277527108,0.011659961137343418,0.07427838288053665,True,False,False,False,0.75,global_0.75,0
2195,2024-09,own,ewma,-0.04028354948483609,0.01171461864263736,0.07427838288053665,True,False,False,False,0.75,global_0.75,0
2195,2024-10,own,ewma,0.014725224702734812,0.0001833108627801172,0.07427838288053665,True,False,False,False,0.75,global_0.75,0
2195,2024-11,own,ewma,-0.0715311369878551,0.032088190670005734,0.07427838288053665,True,False,False,False,0.75,global_0.75,0
2195,2024-12,own,ewma,0.04490464691002992,0.0025585862410103105,0.07427838288053665,True,False,False,False,0.75,global_0.75,0
780,2024-01,own,ewma,-0.08595017677338361,0.038677579548022624,0.07427838288053665,True,False,False,False,1.0,baseline,1
780,2024-02,own,ewma,0.07072500995634892,0.010553585728944572,0.07427838288053665,True,False,False,False,1.0,baseline,1
780,2024-03,own,ewma,0.026402854570747092,0.01768575670775571,0.07427838288053665,True,False,False,False,1.0,baseline,1
780,2024-04,own,ewma,0.037127410036815196,0.02643450070583248,0.07427838288053665,True,False,False,False,1.0,baseline,1
780,2024-05,own,ewma,-0.03802055032164369,0.0025702722565317977,0.07427838288053665,True,False,False,False,1.0,baseline,1
780,2024-06,own,ewma,0.010140865610159101,0.0031497397834791066,0.07427838288053665,True,False,False,False,1.0,baseline,1
780,2024-07,own,ewma,0.015234958041108365,0.008588087999412273,0.07427838288053665,True,False,False,False,1.0,baseline,1
780,2024-08,own,ewma,0.010974103847212634,0.009661795130922437,0.07427838288053665,True,False,False,False,1.0,baseline,1
780,2024-09,own,ewma,-0.027848073334094007,0.007217645678334962,0.07427838288053665,True,False,False,False,1.0,baseline,1
780,2024-10,own,ewma,-0.01155568607308589,0.00916976385597288,0.07427838288053665,True,False,False,False,1.0,baseline,1
780,2024-11,own,ewma,-0.013921483435421439,0.011308037666724731,0.07427838288053665,True,False,False,False,1.0,baseline,1
780,2024-12,own,ewma,0.018003037047993768,0.0018819459548985945,0.07427838288053665,True,False,False,False,1.0,baseline,1
785,2024-01,own,ewma,-0.07522577263361412,0.033851597685126356,0.07427838288053665,True,False,False,False,1.0,baseline,1
785,2024-02,own,ewma,0.01789426609192134,0.010565958985454895,0.07427838288053665,True,False,False,False,1.0,baseline,1
785,2024-03,own,ewma,-0.0027350274018393865,0.007042039772827916,0.07427838288053665,True,False,False,False,1.0,baseline,1
785,2024-04,own,ewma,0.04403071965722053,0.015940701970693884,0.07427838288053665,True,False,False,False,1.0,baseline,1
785,2024-05,own,ewma,-0.0344053175115269,0.0067150067963054685,0.07427838288053665,True,False,False,False,1.0,baseline,1
785,2024-06,own,ewma,0.007391776479597136,0.00036695432214929645,0.07427838288053665,True,False,False,False,1.0,baseline,1
785,2024-07,own,ewma,-0.009982415039350746,0.004693911644889949,0.07427838288053665,True,False,False,False,1.0,baseline,1
785,2024-08,own,ewma,0.006638581618727617,0.0004057103237379558,0.07427838288053665,True,False,False,False,1.0,baseline,1
785,2024-09,own,ewma,0.0063784797973407675,0.0030934565868592214,0.07427838288053665,True,False,False,False,1.0,baseline,1
785,2024-10,own,ewma,0.013812920373813369,0.007917215290988587,0.07427838288053665,True,False,False,False,1.0,baseline,1
785,2024-11,own,ewma,-0.003938707164431151,0.0025820501860497054,0.07427838288053665,True,False,False,False,1.0,baseline,1
785,2024-12,own,ewma,0.001662242343326696,0.002168136656824351,0.07427838288053665,True,False,False,False,1.0,baseline,1
803,2024-01,own,ewma,-0.052757908649565546,0.023741058892304497,0.07427838288053665,True,False,False,False,1.0,baseline,1
803,2024-02,own,ewma,0.040898600893800624,0.005346788011442808,0.07427838288053665,True,False,False,False,1.0,baseline,1
803,2024-03,own,ewma,-0.007991897807392873,0.0006556206070332479,0.07427838288053665,True,False,False,False,1.0,baseline,1
803,2024-04,own,ewma,0.05325766827331136,0.023605359389121824,0.07427838288053665,True,False,False,False,1.0,baseline,1
803,2024-05,own,ewma,-0.0140628866422136,0.006654648675020885,0.07427838288053665,True,False,False,False,1.0,baseline,1
803,2024-06,own,ewma,-0.01996648704005578,0.005324862396763615,0.07427838288053665,True,False,False,False,1.0,baseline,1
803,2024-07,own,ewma,-0.009660330267322952,0.007275822938515317,0.07427838288053665,True,False,False,False,1.0,baseline,1
803,2024-08,own,ewma,-0.009612080765858672,0.008327138960819828,0.07427838288053665,True,False,False,False,1.0,baseline,1
803,2024-09,own,ewma,0.015476971678811837,0.0023847108270144213,0.07427838288053665,True,False,False,False,1.0,baseline,1
803,2024-10,own,ewma,0.03226695643512911,0.01583172135066603,0.07427838288053665,True,False,False,False,1.0,baseline,1
803,2024-11,own,ewma,-0.043922331034029274,0.011057602222446856,0.07427838288053665,True,False,False,False,1.0,baseline,1
803,2024-12,own,ewma,0.0181781075461213,0.002098467173408814,0.07427838288053665,True,False,False,False,1.0,baseline,1
1333,2024-01,own,ewma,-0.06920914497556405,0.03114411523900382,0.07427838288053665,True,False,False,False,1.0,baseline,1
1333,2024-02,own,ewma,0.011730101113704724,0.011850717880284975,0.07427838288053665,True,False,False,False,1.0,baseline,1
1333,2024-03,own,ewma,0.03926407276340479,0.011150937909375418,0.07427838288053665,True,False,False,False,1.0,baseline,1
1333,2024-04,own,ewma,0.03435966534775224,0.021594865256644988,0.07427838288053665,True,False,False,True,1.0,baseline,1
1333,2024-05,own,ewma,0.012583169529347443,0.017539602179361093,0.07427838288053665,True,False,False,True,1.0,baseline,1
1333,2024-06,own,ewma,0.016093006532534537,0.016888634138289144,0.07427838288053665,True,False,False,False,1.0,baseline,1
1333,2024-07,own,ewma,-0.014572523155248806,0.002731113356197066,0.07427838288053665,True,False,False,False,1.0,baseline,1
1333,2024-08,own,ewma,0.016360968682562125,0.008864548253061343,0.07427838288053665,True,False,False,False,1.0,baseline,1
1333,2024-09,own,ewma,-0.0077646587283705815,0.0013814051114169768,0.07427838288053665,True,False,False,False,1.0,baseline,1
1333,2024-10,own,ewma,0.01720521634914558,0.008502120168394849,0.07427838288053665,True,False,False,False,1.0,baseline,1
1333,2024-11,own,ewma,-0.011924870939862522,0.0006900258303209677,0.07427838288053665,True,False,False,False,1.0,baseline,1
1333,2024-12,own,ewma,-0.002931670085790839,0.0016987657452824099,0.07427838288053665,True,False,False,False,1.0,baseline,1
1665,2024-01,own,ewma,-0.05361986276661385,0.024128938244976233,0.07427838288053665,True,False,False,False,1.0,baseline,1
1665,2024-02,own,ewma,-0.0019573637390813098,0.014151729717323518,0.07427838288053665,True,False,False,False,1.0,baseline,1
1665,2024-03,own,ewma,0.02955246840914599,0.005515159439587759,0.07427838288053665,True,False,False,False,1.0,baseline,1
1665,2024-04,own,ewma,0.04994713978561329,0.02550955059529925,0.07427838288053665,True,False,False,True,1.0,baseline,1
1665,2024-05,own,ewma,-0.014375678335003424,0.007561197576663048,0.07427838288053665,True,False,False,True,1.0,baseline,1
1665,2024-06,own,ewma,0.033218961591865104,0.019107191383503974,0.07427838288053665,True,False,False,False,1.0,baseline,1
1665,2024-07,own,ewma,-0.030530716696068886,0.0032298672523038124,0.07427838288053665,True,False,False,False,1.0,baseline,1
1665,2024-08,own,ewma,-0.0003571526862291648,0.0019371456975702211,0.07427838288053665,True,False,False,False,1.0,baseline,1
1665,2024-09,own,ewma,-0.010946257502061784,0.005991246009591424,0.07427838288053665,True,False,False,False,1.0,baseline,1
1665,2024-10,own,ewma,0.026210431630001342,0.00849950892822532,0.07427838288053665,True,False,False,False,1.0,baseline,1
1665,2024-11,own,ewma,-0.02061657072740165,0.004602726916806815,0.07427838288053665,True,False,False,False,1.0,baseline,1
1665,2024-12,own,ewma,-0.020369081839323268,0.011697586631939219,0.07427838288053665,True,False,False,False,1.0,baseline,1
1673,2024-01,own,ewma,-0.03464448224821102,0.015590017011694959,0.07427838288053665,True,False,False,False,1.0,baseline,1
1673,2024-02,own,ewma,-0.008609333138753514,0.01244870926887131,0.07427838288053665,True,False,False,False,1.0,baseline,1
1673,2024-03,own,ewma,0.01870886838654528,0.0015722006760661555,0.07427838288053665,True,False,False,False,1.0,baseline,1
1673,2024-04,own,ewma,0.06104004111176416,0.02833272887213026,0.07427838288053665,True,False,False,True,1.0,baseline,1
1673,2024-05,own,ewma,0.051439821087678174,0.03873092036912682,0.07427838288053665,True,False,False,True,1.0,baseline,1
1673,2024-06,own,ewma,-0.021755238859813276,0.011512148716103779,0.07427838288053665,True,False,False,False,1.0,baseline,1
1673,2024-07,own,ewma,-0.03789732180587065,0.010722113018784715,0.07427838288053665,True,False,False,False,1.0,baseline,1
1673,2024-08,own,ewma,-0.010430892635534076,0.010591063846321927,0.07427838288053665,True,False,False,False,1.0,baseline,1
1673,2024-09,own,ewma,-0.00711006255357056,0.009024613264583812,0.07427838288053665,True,False,False,False,1.0,baseline,1
1673,2024-10,own,ewma,0.04337198718736227,0.014553856938791927,0.07427838288053665,True,False,False,False,1.0,baseline,1
1673,2024-11,own,ewma,-0.0076823385460177696,0.004547568970627564,0.07427838288053665,True,False,False,False,1.0,baseline,1
1673,2024-12,own,ewma,-0.03974929410898673,0.015386019415198867,0.07427838288053665,True,False,False,False,1.0,baseline,1
1687,2024-01,own,ewma,-0.10385745322923999,0.046735853953158,0.07427838288053665,True,False,False,False,1.0,baseline,1
1687,2024-02,own,ewma,0.003046586021947674,0.024333755964360448,0.07427838288053665,True,False,False,False,1.0,baseline,1
1687,2024-03,own,ewma,0.04166672348848005,0.0053664597894177764,0.07427838288053665,True,False,False,False,1.0,baseline,1
1687,2024-04,own,ewma,0.004096667832800344,0.004795053408939932,0.07427838288053665,True,False,False,True,1.0,baseline,1
1687,2024-05,own,ewma,0.021674190962340623,0.012390665307970243,0.07427838288053665,True,False,False,True,1.0,baseline,1
1687,2024-06,own,ewma,-0.020597405362302337,0.002453966493652417,0.07427838288053665,True,False,False,False,1.0,baseline,1
1687,2024-07,own,ewma,-0.04668704449815223,0.022358851595677333,0.07427838288053665,True,False,False,False,1.0,baseline,1
1687,2024-08,own,ewma,-0.01772478495204373,0.020273521606042212,0.07427838288053665,True,False,False,False,1.0,baseline,1
1687,2024-09,own,ewma,-0.041513152922148994,0.029831355698290263,0.07427838288053665,True,False,False,False,1.0,baseline,1
1687,2024-10,own,ewma,0.057128680933797325,0.009300660786149152,0.07427838288053665,True,False,False,False,1.0,baseline,1
1687,2024-11,own,ewma,-0.002891681896327815,0.0038141065790345168,0.07427838288053665,True,False,False,False,1.0,baseline,1
1687,2024-12,own,ewma,-0.037914685972873195,0.014963850069323955,0.07427838288053665,True,False,False,False,1.0,baseline,1
2195,2024-01,own,ewma,-0.10586735750672888,0.047640310878027996,0.07427838288053665,True,False,False,False,1.0,baseline,1
2195,2024-02,own,ewma,0.04796025102861863,0.0046200580200370135,0.07427838288053665,True,False,False,False,1.0,baseline,1
2195,2024-03,own,ewma,-0.0058400476004189855,0.005169053331208901,0.07427838288053665,True,False,False,False,1.0,baseline,1
2195,2024-04,own,ewma,0.010451277163636863,0.0018600953914716927,0.07427838288053665,True,False,False,True,1.0,baseline,1
2195,2024-05,own,ewma,0.03113786627119556,0.015035092287347434,0.07427838288053665,True,False,False,True,1.0,baseline,1
2195,2024-06,own,ewma,0.016575846480917526,0.015728431674453976,0.07427838288053665,True,False,False,False,1.0,baseline,1
2195,2024-07,own,ewma,-0.027192694218448926,0.003586074977352329,0.07427838288053665,True,False,False,False,1.0,baseline,1
2195,2024-08,own,ewma,0.030294005277527108,0.011659961137343418,0.07427838288053665,True,False,False,False,1.0,baseline,1
2195,2024-09,own,ewma,-0.04028354948483609,0.01171461864263736,0.07427838288053665,True,False,False,False,1.0,baseline,1
2195,2024-10,own,ewma,0.014725224702734812,0.0001833108627801172,0.07427838288053665,True,False,False,False,1.0,baseline,1
2195,2024-11,own,ewma,-0.0715311369878551,0.032088190670005734,0.07427838288053665,True,False,False,False,1.0,baseline,1
2195,2024-12,own,ewma,0.04490464691002992,0.0025585862410103105,0.07427838288053665,True,False,False,False,1.0,baseline,1
780,2024-01,own,ewma,-0.08595017677338361,0.038677579548022624,0.07427838288053665,True,False,False,False,1.0,event_conditioned,1
780,2024-02,own,ewma,0.07072500995634892,0.010553585728944572,0.07427838288053665,True,False,False,False,1.0,event_conditioned,1
780,2024-03,own,ewma,0.026402854570747092,0.01768575670775571,0.07427838288053665,True,False,False,False,1.0,event_conditioned,1
780,2024-04,own,ewma,0.037127410036815196,0.02643450070583248,0.07427838288053665,True,False,False,False,1.0,event_conditioned,1
780,2024-05,own,ewma,-0.03802055032164369,0.0025702722565317977,0.07427838288053665,True,False,False,False,1.0,event_conditioned,1
780,2024-06,own,ewma,0.010140865610159101,0.0031497397834791066,0.07427838288053665,True,False,False,False,1.0,event_conditioned,1
780,2024-07,own,ewma,0.015234958041108365,0.008588087999412273,0.07427838288053665,True,False,False,False,1.0,event_conditioned,1
780,2024-08,own,ewma,0.010974103847212634,0.009661795130922437,0.07427838288053665,True,False,False,False,1.0,event_conditioned,1
780,2024-09,own,ewma,-0.027848073334094007,0.007217645678334962,0.07427838288053665,True,False,False,False,1.0,event_conditioned,1
780,2024-10,own,ewma,-0.01155568607308589,0.00916976385597288,0.07427838288053665,True,False,False,False,1.0,event_conditioned,1
780,2024-11,own,ewma,-0.013921483435421439,0.011308037666724731,0.07427838288053665,True,False,False,False,1.0,event_conditioned,1
780,2024-12,own,ewma,0.018003037047993768,0.0018819459548985945,0.07427838288053665,True,False,False,False,1.0,event_conditioned,1
785,2024-01,own,ewma,-0.07522577263361412,0.033851597685126356,0.07427838288053665,True,False,False,False,1.0,event_conditioned,1
785,2024-02,own,ewma,0.01789426609192134,0.010565958985454895,0.07427838288053665,True,False,False,False,1.0,event_conditioned,1
785,2024-03,own,ewma,-0.0027350274018393865,0.007042039772827916,0.07427838288053665,True,False,False,False,1.0,event_conditioned,1
785,2024-04,own,ewma,0.04403071965722053,0.015940701970693884,0.07427838288053665,True,False,False,False,1.0,event_conditioned,1
785,2024-05,own,ewma,-0.0344053175115269,0.0067150067963054685,0.07427838288053665,True,False,False,False,1.0,event_conditioned,1
785,2024-06,own,ewma,0.007391776479597136,0.00036695432214929645,0.07427838288053665,True,False,False,False,1.0,event_conditioned,1
785,2024-07,own,ewma,-0.009982415039350746,0.004693911644889949,0.07427838288053665,True,False,False,False,1.0,event_conditioned,1
785,2024-08,own,ewma,0.006638581618727617,0.0004057103237379558,0.07427838288053665,True,False,False,False,1.0,event_conditioned,1
785,2024-09,own,ewma,0.0063784797973407675,0.0030934565868592214,0.07427838288053665,True,False,False,False,1.0,event_conditioned,1
785,2024-10,own,ewma,0.013812920373813369,0.007917215290988587,0.07427838288053665,True,False,False,False,1.0,event_conditioned,1
785,2024-11,own,ewma,-0.003938707164431151,0.0025820501860497054,0.07427838288053665,True,False,False,False,1.0,event_conditioned,1
785,2024-12,own,ewma,0.001662242343326696,0.002168136656824351,0.07427838288053665,True,False,False,False,1.0,event_conditioned,1
803,2024-01,own,ewma,-0.052757908649565546,0.023741058892304497,0.07427838288053665,True,False,False,False,1.0,event_conditioned,1
803,2024-02,own,ewma,0.040898600893800624,0.005346788011442808,0.07427838288053665,True,False,False,False,1.0,event_conditioned,1
803,2024-03,own,ewma,-0.007991897807392873,0.0006556206070332479,0.07427838288053665,True,False,False,False,1.0,event_conditioned,1
803,2024-04,own,ewma,0.05325766827331136,0.023605359389121824,0.07427838288053665,True,False,False,False,1.0,event_conditioned,1
803,2024-05,own,ewma,-0.0140628866422136,0.006654648675020885,0.07427838288053665,True,False,False,False,1.0,event_conditioned,1
803,2024-06,own,ewma,-0.01996648704005578,0.005324862396763615,0.07427838288053665,True,False,False,False,1.0,event_conditioned,1
803,2024-07,own,ewma,-0.009660330267322952,0.007275822938515317,0.07427838288053665,True,False,False,False,1.0,event_conditioned,1
803,2024-08,own,ewma,-0.009612080765858672,0.008327138960819828,0.07427838288053665,True,False,False,False,1.0,event_conditioned,1
803,2024-09,own,ewma,0.015476971678811837,0.0023847108270144213,0.07427838288053665,True,False,False,False,1.0,event_conditioned,1
803,2024-10,own,ewma,0.03226695643512911,0.01583172135066603,0.07427838288053665,True,False,False,False,1.0,event_conditioned,1
803,2024-11,own,ewma,-0.043922331034029274,0.011057602222446856,0.07427838288053665,True,False,False,False,1.0,event_conditioned,1
803,2024-12,own,ewma,0.0181781075461213,0.002098467173408814,0.07427838288053665,True,False,False,False,1.0,event_conditioned,1
1333,2024-01,own,ewma,-0.06920914497556405,0.03114411523900382,0.07427838288053665,True,False,False,False,1.0,event_conditioned,1
1333,2024-02,own,ewma,0.011730101113704724,0.011850717880284975,0.07427838288053665,True,False,False,False,1.0,event_conditioned,1
1333,2024-03,own,ewma,0.03926407276340479,0.011150937909375418,0.07427838288053665,True,False,False,False,1.0,event_conditioned,1
1333,2024-04,own,ewma,0.03435966534775224,0.021594865256644988,0.07427838288053665,True,False,False,True,0.75,event_conditioned,1
1333,2024-05,own,ewma,0.012583169529347443,0.017539602179361093,0.07427838288053665,True,False,False,True,0.75,event_conditioned,1
1333,2024-06,own,ewma,0.016093006532534537,0.016888634138289144,0.07427838288053665,True,False,False,False,1.0,event_conditioned,1
1333,2024-07,own,ewma,-0.014572523155248806,0.002731113356197066,0.07427838288053665,True,False,False,False,1.0,event_conditioned,1
1333,2024-08,own,ewma,0.016360968682562125,0.008864548253061343,0.07427838288053665,True,False,False,False,1.0,event_conditioned,1
1333,2024-09,own,ewma,-0.0077646587283705815,0.0013814051114169768,0.07427838288053665,True,False,False,False,1.0,event_conditioned,1
1333,2024-10,own,ewma,0.01720521634914558,0.008502120168394849,0.07427838288053665,True,False,False,False,1.0,event_conditioned,1
1333,2024-11,own,ewma,-0.011924870939862522,0.0006900258303209677,0.07427838288053665,True,False,False,False,1.0,event_conditioned,1
1333,2024-12,own,ewma,-0.002931670085790839,0.0016987657452824099,0.07427838288053665,True,False,False,False,1.0,event_conditioned,1
1665,2024-01,own,ewma,-0.05361986276661385,0.024128938244976233,0.07427838288053665,True,False,False,False,1.0,event_conditioned,1
1665,2024-02,own,ewma,-0.0019573637390813098,0.014151729717323518,0.07427838288053665,True,False,False,False,1.0,event_conditioned,1
1665,2024-03,own,ewma,0.02955246840914599,0.005515159439587759,0.07427838288053665,True,False,False,False,1.0,event_conditioned,1
1665,2024-04,own,ewma,0.04994713978561329,0.02550955059529925,0.07427838288053665,True,False,False,True,0.75,event_conditioned,1
1665,2024-05,own,ewma,-0.014375678335003424,0.007561197576663048,0.07427838288053665,True,False,False,True,0.75,event_conditioned,1
1665,2024-06,own,ewma,0.033218961591865104,0.019107191383503974,0.07427838288053665,True,False,False,False,1.0,event_conditioned,1
1665,2024-07,own,ewma,-0.030530716696068886,0.0032298672523038124,0.07427838288053665,True,False,False,False,1.0,event_conditioned,1
1665,2024-08,own,ewma,-0.0003571526862291648,0.0019371456975702211,0.07427838288053665,True,False,False,False,1.0,event_conditioned,1
1665,2024-09,own,ewma,-0.010946257502061784,0.005991246009591424,0.07427838288053665,True,False,False,False,1.0,event_conditioned,1
1665,2024-10,own,ewma,0.026210431630001342,0.00849950892822532,0.07427838288053665,True,False,False,False,1.0,event_conditioned,1
1665,2024-11,own,ewma,-0.02061657072740165,0.004602726916806815,0.07427838288053665,True,False,False,False,1.0,event_conditioned,1
1665,2024-12,own,ewma,-0.020369081839323268,0.011697586631939219,0.07427838288053665,True,False,False,False,1.0,event_conditioned,1
1673,2024-01,own,ewma,-0.03464448224821102,0.015590017011694959,0.07427838288053665,True,False,False,False,1.0,event_conditioned,1
1673,2024-02,own,ewma,-0.008609333138753514,0.01244870926887131,0.07427838288053665,True,False,False,False,1.0,event_conditioned,1
1673,2024-03,own,ewma,0.01870886838654528,0.0015722006760661555,0.07427838288053665,True,False,False,False,1.0,event_conditioned,1
1673,2024-04,own,ewma,0.06104004111176416,0.02833272887213026,0.07427838288053665,True,False,False,True,0.75,event_conditioned,1
1673,2024-05,own,ewma,0.051439821087678174,0.03873092036912682,0.07427838288053665,True,False,False,True,0.75,event_conditioned,1
1673,2024-06,own,ewma,-0.021755238859813276,0.011512148716103779,0.07427838288053665,True,False,False,False,1.0,event_conditioned,1
1673,2024-07,own,ewma,-0.03789732180587065,0.010722113018784715,0.07427838288053665,True,False,False,False,1.0,event_conditioned,1
1673,2024-08,own,ewma,-0.010430892635534076,0.010591063846321927,0.07427838288053665,True,False,False,False,1.0,event_conditioned,1
1673,2024-09,own,ewma,-0.00711006255357056,0.009024613264583812,0.07427838288053665,True,False,False,False,1.0,event_conditioned,1
1673,2024-10,own,ewma,0.04337198718736227,0.014553856938791927,0.07427838288053665,True,False,False,False,1.0,event_conditioned,1
1673,2024-11,own,ewma,-0.0076823385460177696,0.004547568970627564,0.07427838288053665,True,False,False,False,1.0,event_conditioned,1
1673,2024-12,own,ewma,-0.03974929410898673,0.015386019415198867,0.07427838288053665,True,False,False,False,1.0,event_conditioned,1
1687,2024-01,own,ewma,-0.10385745322923999,0.046735853953158,0.07427838288053665,True,False,False,False,1.0,event_conditioned,1
1687,2024-02,own,ewma,0.003046586021947674,0.024333755964360448,0.07427838288053665,True,False,False,False,1.0,event_conditioned,1
1687,2024-03,own,ewma,0.04166672348848005,0.0053664597894177764,0.07427838288053665,True,False,False,False,1.0,event_conditioned,1
1687,2024-04,own,ewma,0.004096667832800344,0.004795053408939932,0.07427838288053665,True,False,False,True,0.75,event_conditioned,1
1687,2024-05,own,ewma,0.021674190962340623,0.012390665307970243,0.07427838288053665,True,False,False,True,0.75,event_conditioned,1
1687,2024-06,own,ewma,-0.020597405362302337,0.002453966493652417,0.07427838288053665,True,False,False,False,1.0,event_conditioned,1
1687,2024-07,own,ewma,-0.04668704449815223,0.022358851595677333,0.07427838288053665,True,False,False,False,1.0,event_conditioned,1
1687,2024-08,own,ewma,-0.01772478495204373,0.020273521606042212,0.07427838288053665,True,False,False,False,1.0,event_conditioned,1
1687,2024-09,own,ewma,-0.041513152922148994,0.029831355698290263,0.07427838288053665,True,False,False,False,1.0,event_conditioned,1
1687,2024-10,own,ewma,0.057128680933797325,0.009300660786149152,0.07427838288053665,True,False,False,False,1.0,event_conditioned,1
1687,2024-11,own,ewma,-0.002891681896327815,0.0038141065790345168,0.07427838288053665,True,False,False,False,1.0,event_conditioned,1
1687,2024-12,own,ewma,-0.037914685972873195,0.014963850069323955,0.07427838288053665,True,False,False,False,1.0,event_conditioned,1
2195,2024-01,own,ewma,-0.10586735750672888,0.047640310878027996,0.07427838288053665,True,False,False,False,1.0,event_conditioned,1
2195,2024-02,own,ewma,0.04796025102861863,0.0046200580200370135,0.07427838288053665,True,False,False,False,1.0,event_conditioned,1
2195,2024-03,own,ewma,-0.0058400476004189855,0.005169053331208901,0.07427838288053665,True,False,False,False,1.0,event_conditioned,1
2195,2024-04,own,ewma,0.010451277163636863,0.0018600953914716927,0.07427838288053665,True,False,False,True,0.75,event_conditioned,1
2195,2024-05,own,ewma,0.03113786627119556,0.015035092287347434,0.07427838288053665,True,False,False,True,0.75,event_conditioned,1
2195,2024-06,own,ewma,0.016575846480917526,0.015728431674453976,0.07427838288053665,True,False,False,False,1.0,event_conditioned,1
2195,2024-07,own,ewma,-0.027192694218448926,0.003586074977352329,0.07427838288053665,True,False,False,False,1.0,event_conditioned,1
2195,2024-08,own,ewma,0.030294005277527108,0.011659961137343418,0.07427838288053665,True,False,False,False,1.0,event_conditioned,1
2195,2024-09,own,ewma,-0.04028354948483609,0.01171461864263736,0.07427838288053665,True,False,False,False,1.0,event_conditioned,1
2195,2024-10,own,ewma,0.014725224702734812,0.0001833108627801172,0.07427838288053665,True,False,False,False,1.0,event_conditioned,1
2195,2024-11,own,ewma,-0.0715311369878551,0.032088190670005734,0.07427838288053665,True,False,False,False,1.0,event_conditioned,1
2195,2024-12,own,ewma,0.04490464691002992,0.0025585862410103105,0.07427838288053665,True,False,False,False,1.0,event_conditioned,1
780,2024-01,own,ewma,-0.08595017677338361,0.038677579548022624,0.07427838288053665,True,False,False,False,0.75,global_0.75,1
780,2024-02,own,ewma,0.07072500995634892,0.010553585728944572,0.07427838288053665,True,False,False,False,0.75,global_0.75,1
780,2024-03,own,ewma,0.026402854570747092,0.01768575670775571,0.07427838288053665,True,False,False,False,0.75,global_0.75,1
780,2024-04,own,ewma,0.037127410036815196,0.02643450070583248,0.07427838288053665,True,False,False,False,0.75,global_0.75,1
780,2024-05,own,ewma,-0.03802055032164369,0.0025702722565317977,0.07427838288053665,True,False,False,False,0.75,global_0.75,1
780,2024-06,own,ewma,0.010140865610159101,0.0031497397834791066,0.07427838288053665,True,False,False,False,0.75,global_0.75,1
780,2024-07,own,ewma,0.015234958041108365,0.008588087999412273,0.07427838288053665,True,False,False,False,0.75,global_0.75,1
780,2024-08,own,ewma,0.010974103847212634,0.009661795130922437,0.07427838288053665,True,False,False,False,0.75,global_0.75,1
780,2024-09,own,ewma,-0.027848073334094007,0.007217645678334962,0.07427838288053665,True,False,False,False,0.75,global_0.75,1
780,2024-10,own,ewma,-0.01155568607308589,0.00916976385597288,0.07427838288053665,True,False,False,False,0.75,global_0.75,1
780,2024-11,own,ewma,-0.013921483435421439,0.011308037666724731,0.07427838288053665,True,False,False,False,0.75,global_0.75,1
780,2024-12,own,ewma,0.018003037047993768,0.0018819459548985945,0.07427838288053665,True,False,False,False,0.75,global_0.75,1
785,2024-01,own,ewma,-0.07522577263361412,0.033851597685126356,0.07427838288053665,True,False,False,False,0.75,global_0.75,1
785,2024-02,own,ewma,0.01789426609192134,0.010565958985454895,0.07427838288053665,True,False,False,False,0.75,global_0.75,1
785,2024-03,own,ewma,-0.0027350274018393865,0.007042039772827916,0.07427838288053665,True,False,False,False,0.75,global_0.75,1
785,2024-04,own,ewma,0.04403071965722053,0.015940701970693884,0.07427838288053665,True,False,False,False,0.75,global_0.75,1
785,2024-05,own,ewma,-0.0344053175115269,0.0067150067963054685,0.07427838288053665,True,False,False,False,0.75,global_0.75,1
785,2024-06,own,ewma,0.007391776479597136,0.00036695432214929645,0.07427838288053665,True,False,False,False,0.75,global_0.75,1
785,2024-07,own,ewma,-0.009982415039350746,0.004693911644889949,0.07427838288053665,True,False,False,False,0.75,global_0.75,1
785,2024-08,own,ewma,0.006638581618727617,0.0004057103237379558,0.07427838288053665,True,False,False,False,0.75,global_0.75,1
785,2024-09,own,ewma,0.0063784797973407675,0.0030934565868592214,0.07427838288053665,True,False,False,False,0.75,global_0.75,1
785,2024-10,own,ewma,0.013812920373813369,0.007917215290988587,0.07427838288053665,True,False,False,False,0.75,global_0.75,1
785,2024-11,own,ewma,-0.003938707164431151,0.0025820501860497054,0.07427838288053665,True,False,False,False,0.75,global_0.75,1
785,2024-12,own,ewma,0.001662242343326696,0.002168136656824351,0.07427838288053665,True,False,False,False,0.75,global_0.75,1
803,2024-01,own,ewma,-0.052757908649565546,0.023741058892304497,0.07427838288053665,True,False,False,False,0.75,global_0.75,1
803,2024-02,own,ewma,0.040898600893800624,0.005346788011442808,0.07427838288053665,True,False,False,False,0.75,global_0.75,1
803,2024-03,own,ewma,-0.007991897807392873,0.0006556206070332479,0.07427838288053665,True,False,False,False,0.75,global_0.75,1
803,2024-04,own,ewma,0.05325766827331136,0.023605359389121824,0.07427838288053665,True,False,False,False,0.75,global_0.75,1
803,2024-05,own,ewma,-0.0140628866422136,0.006654648675020885,0.07427838288053665,True,False,False,False,0.75,global_0.75,1
803,2024-06,own,ewma,-0.01996648704005578,0.005324862396763615,0.07427838288053665,True,False,False,False,0.75,global_0.75,1
803,2024-07,own,ewma,-0.009660330267322952,0.007275822938515317,0.07427838288053665,True,False,False,False,0.75,global_0.75,1
803,2024-08,own,ewma,-0.009612080765858672,0.008327138960819828,0.07427838288053665,True,False,False,False,0.75,global_0.75,1
803,2024-09,own,ewma,0.015476971678811837,0.0023847108270144213,0.07427838288053665,True,False,False,False,0.75,global_0.75,1
803,2024-10,own,ewma,0.03226695643512911,0.01583172135066603,0.07427838288053665,True,False,False,False,0.75,global_0.75,1
803,2024-11,own,ewma,-0.043922331034029274,0.011057602222446856,0.07427838288053665,True,False,False,False,0.75,global_0.75,1
803,2024-12,own,ewma,0.0181781075461213,0.002098467173408814,0.07427838288053665,True,False,False,False,0.75,global_0.75,1
1333,2024-01,own,ewma,-0.06920914497556405,0.03114411523900382,0.07427838288053665,True,False,False,False,0.75,global_0.75,1
1333,2024-02,own,ewma,0.011730101113704724,0.011850717880284975,0.07427838288053665,True,False,False,False,0.75,global_0.75,1
1333,2024-03,own,ewma,0.03926407276340479,0.011150937909375418,0.07427838288053665,True,False,False,False,0.75,global_0.75,1
1333,2024-04,own,ewma,0.03435966534775224,0.021594865256644988,0.07427838288053665,True,False,False,True,0.75,global_0.75,1
1333,2024-05,own,ewma,0.012583169529347443,0.017539602179361093,0.07427838288053665,True,False,False,True,0.75,global_0.75,1
1333,2024-06,own,ewma,0.016093006532534537,0.016888634138289144,0.07427838288053665,True,False,False,False,0.75,global_0.75,1
1333,2024-07,own,ewma,-0.014572523155248806,0.002731113356197066,0.07427838288053665,True,False,False,False,0.75,global_0.75,1
1333,2024-08,own,ewma,0.016360968682562125,0.008864548253061343,0.07427838288053665,True,False,False,False,0.75,global_0.75,1
1333,2024-09,own,ewma,-0.0077646587283705815,0.0013814051114169768,0.07427838288053665,True,False,False,False,0.75,global_0.75,1
1333,2024-10,own,ewma,0.01720521634914558,0.008502120168394849,0.07427838288053665,True,False,False,False,0.75,global_0.75,1
1333,2024-11,own,ewma,-0.011924870939862522,0.0006900258303209677,0.07427838288053665,True,False,False,False,0.75,global_0.75,1
1333,2024-12,own,ewma,-0.002931670085790839,0.0016987657452824099,0.07427838288053665,True,False,False,False,0.75,global_0.75,1
1665,2024-01,own,ewma,-0.05361986276661385,0.024128938244976233,0.07427838288053665,True,False,False,False,0.75,global_0.75,1
1665,2024-02,own,ewma,-0.0019573637390813098,0.014151729717323518,0.07427838288053665,True,False,False,False,0.75,global_0.75,1
1665,2024-03,own,ewma,0.02955246840914599,0.005515159439587759,0.07427838288053665,True,False,False,False,0.75,global_0.75,1
1665,2024-04,own,ewma,0.04994713978561329,0.02550955059529925,0.07427838288053665,True,False,False,True,0.75,global_0.75,1
1665,2024-05,own,ewma,-0.014375678335003424,0.007561197576663048,0.07427838288053665,True,False,False,True,0.75,global_0.75,1
1665,2024-06,own,ewma,0.033218961591865104,0.019107191383503974,0.07427838288053665,True,False,False,False,0.75,global_0.75,1
1665,2024-07,own,ewma,-0.030530716696068886,0.0032298672523038124,0.07427838288053665,True,False,False,False,0.75,global_0.75,1
1665,2024-08,own,ewma,-0.0003571526862291648,0.0019371456975702211,0.07427838288053665,True,False,False,False,0.75,global_0.75,1
1665,2024-09,own,ewma,-0.010946257502061784,0.005991246009591424,0.07427838288053665,True,False,False,False,0.75,global_0.75,1
1665,2024-10,own,ewma,0.026210431630001342,0.00849950892822532,0.07427838288053665,True,False,False,False,0.75,global_0.75,1
1665,2024-11,own,ewma,-0.02061657072740165,0.004602726916806815,0.07427838288053665,True,False,False,False,0.75,global_0.75,1
1665,2024-12,own,ewma,-0.020369081839323268,0.011697586631939219,0.07427838288053665,True,False,False,False,0.75,global_0.75,1
1673,2024-01,own,ewma,-0.03464448224821102,0.015590017011694959,0.07427838288053665,True,False,False,False,0.75,global_0.75,1
1673,2024-02,own,ewma,-0.008609333138753514,0.01244870926887131,0.07427838288053665,True,False,False,False,0.75,global_0.75,1
1673,2024-03,own,ewma,0.01870886838654528,0.0015722006760661555,0.07427838288053665,True,False,False,False,0.75,global_0.75,1
1673,2024-04,own,ewma,0.06104004111176416,0.02833272887213026,0.07427838288053665,True,False,False,True,0.75,global_0.75,1
1673,2024-05,own,ewma,0.051439821087678174,0.03873092036912682,0.07427838288053665,True,False,False,True,0.75,global_0.75,1
1673,2024-06,own,ewma,-0.021755238859813276,0.011512148716103779,0.07427838288053665,True,False,False,False,0.75,global_0.75,1
1673,2024-07,own,ewma,-0.03789732180587065,0.010722113018784715,0.07427838288053665,True,False,False,False,0.75,global_0.75,1
1673,2024-08,own,ewma,-0.010430892635534076,0.010591063846321927,0.07427838288053665,True,False,False,False,0.75,global_0.75,1
1673,2024-09,own,ewma,-0.00711006255357056,0.009024613264583812,0.07427838288053665,True,False,False,False,0.75,global_0.75,1
1673,2024-10,own,ewma,0.04337198718736227,0.014553856938791927,0.07427838288053665,True,False,False,False,0.75,global_0.75,1
1673,2024-11,own,ewma,-0.0076823385460177696,0.004547568970627564,0.07427838288053665,True,False,False,False,0.75,global_0.75,1
1673,2024-12,own,ewma,-0.03974929410898673,0.015386019415198867,0.07427838288053665,True,False,False,False,0.75,global_0.75,1
1687,2024-01,own,ewma,-0.10385745322923999,0.046735853953158,0.07427838288053665,True,False,False,False,0.75,global_0.75,1
1687,2024-02,own,ewma,0.003046586021947674,0.024333755964360448,0.07427838288053665,True,False,False,False,0.75,global_0.75,1
1687,2024-03,own,ewma,0.04166672348848005,0.0053664597894177764,0.07427838288053665,True,False,False,False,0.75,global_0.75,1
1687,2024-04,own,ewma,0.004096667832800344,0.004795053408939932,0.07427838288053665,True,False,False,True,0.75,global_0.75,1
1687,2024-05,own,ewma,0.021674190962340623,0.012390665307970243,0.07427838288053665,True,False,False,True,0.75,global_0.75,1
1687,2024-06,own,ewma,-0.020597405362302337,0.002453966493652417,0.07427838288053665,True,False,False,False,0.75,global_0.75,1
1687,2024-07,own,ewma,-0.04668704449815223,0.022358851595677333,0.07427838288053665,True,False,False,False,0.75,global_0.75,1
1687,2024-08,own,ewma,-0.01772478495204373,0.020273521606042212,0.07427838288053665,True,False,False,False,0.75,global_0.75,1
1687,2024-09,own,ewma,-0.041513152922148994,0.029831355698290263,0.07427838288053665,True,False,False,False,0.75,global_0.75,1
1687,2024-10,own,ewma,0.057128680933797325,0.009300660786149152,0.07427838288053665,True,False,False,False,0.75,global_0.75,1
1687,2024-11,own,ewma,-0.002891681896327815,0.0038141065790345168,0.07427838288053665,True,False,False,False,0.75,global_0.75,1
1687,2024-12,own,ewma,-0.037914685972873195,0.014963850069323955,0.07427838288053665,True,False,False,False,0.75,global_0.75,1
2195,2024-01,own,ewma,-0.10586735750672888,0.047640310878027996,0.07427838288053665,True,False,False,False,0.75,global_0.75,1
2195,2024-02,own,ewma,0.04796025102861863,0.0046200580200370135,0.07427838288053665,True,False,False,False,0.75,global_0.75,1
2195,2024-03,own,ewma,-0.0058400476004189855,0.005169053331208901,0.07427838288053665,True,False,False,False,0.75,global_0.75,1
2195,2024-04,own,ewma,0.010451277163636863,0.0018600953914716927,0.07427838288053665,True,False,False,True,0.75,global_0.75,1
2195,2024-05,own,ewma,0.03113786627119556,0.015035092287347434,0.07427838288053665,True,False,False,True,0.75,global_0.75,1
2195,2024-06,own,ewma,0.016575846480917526,0.015728431674453976,0.07427838288053665,True,False,False,False,0.75,global_0.75,1
2195,2024-07,own,ewma,-0.027192694218448926,0.003586074977352329,0.07427838288053665,True,False,False,False,0.75,global_0.75,1
2195,2024-08,own,ewma,0.030294005277527108,0.011659961137343418,0.07427838288053665,True,False,False,False,0.75,global_0.75,1
2195,2024-09,own,ewma,-0.04028354948483609,0.01171461864263736,0.07427838288053665,True,False,False,False,0.75,global_0.75,1
2195,2024-10,own,ewma,0.014725224702734812,0.0001833108627801172,0.07427838288053665,True,False,False,False,0.75,global_0.75,1
2195,2024-11,own,ewma,-0.0715311369878551,0.032088190670005734,0.07427838288053665,True,False,False,False,0.75,global_0.75,1
2195,2024-12,own,ewma,0.04490464691002992,0.0025585862410103105,0.07427838288053665,True,False,False,False,0.75,global_0.75,1
780,2024-01,own,ewma,-0.08595017677338361,0.038677579548022624,0.07427838288053665,True,False,False,False,1.0,baseline,2
780,2024-02,own,ewma,0.07072500995634892,0.010553585728944572,0.07427838288053665,True,False,False,False,1.0,baseline,2
780,2024-03,own,ewma,0.026402854570747092,0.01768575670775571,0.07427838288053665,True,False,False,False,1.0,baseline,2
780,2024-04,own,ewma,0.037127410036815196,0.02643450070583248,0.07427838288053665,True,False,False,False,1.0,baseline,2
780,2024-05,own,ewma,-0.03802055032164369,0.0025702722565317977,0.07427838288053665,True,False,False,False,1.0,baseline,2
780,2024-06,own,ewma,0.010140865610159101,0.0031497397834791066,0.07427838288053665,True,False,False,False,1.0,baseline,2
780,2024-07,own,ewma,0.015234958041108365,0.008588087999412273,0.07427838288053665,True,False,False,False,1.0,baseline,2
780,2024-08,own,ewma,0.010974103847212634,0.009661795130922437,0.07427838288053665,True,False,False,False,1.0,baseline,2
780,2024-09,own,ewma,-0.027848073334094007,0.007217645678334962,0.07427838288053665,True,False,False,False,1.0,baseline,2
780,2024-10,own,ewma,-0.01155568607308589,0.00916976385597288,0.07427838288053665,True,False,False,False,1.0,baseline,2
780,2024-11,own,ewma,-0.013921483435421439,0.011308037666724731,0.07427838288053665,True,False,False,False,1.0,baseline,2
780,2024-12,own,ewma,0.018003037047993768,0.0018819459548985945,0.07427838288053665,True,False,False,False,1.0,baseline,2
785,2024-01,own,ewma,-0.07522577263361412,0.033851597685126356,0.07427838288053665,True,False,False,False,1.0,baseline,2
785,2024-02,own,ewma,0.01789426609192134,0.010565958985454895,0.07427838288053665,True,False,False,False,1.0,baseline,2
785,2024-03,own,ewma,-0.0027350274018393865,0.007042039772827916,0.07427838288053665,True,False,False,False,1.0,baseline,2
785,2024-04,own,ewma,0.04403071965722053,0.015940701970693884,0.07427838288053665,True,False,False,False,1.0,baseline,2
785,2024-05,own,ewma,-0.0344053175115269,0.0067150067963054685,0.07427838288053665,True,False,False,False,1.0,baseline,2
785,2024-06,own,ewma,0.007391776479597136,0.00036695432214929645,0.07427838288053665,True,False,False,False,1.0,baseline,2
785,2024-07,own,ewma,-0.009982415039350746,0.004693911644889949,0.07427838288053665,True,False,False,False,1.0,baseline,2
785,2024-08,own,ewma,0.006638581618727617,0.0004057103237379558,0.07427838288053665,True,False,False,False,1.0,baseline,2
785,2024-09,own,ewma,0.0063784797973407675,0.0030934565868592214,0.07427838288053665,True,False,False,False,1.0,baseline,2
785,2024-10,own,ewma,0.013812920373813369,0.007917215290988587,0.07427838288053665,True,False,False,False,1.0,baseline,2
785,2024-11,own,ewma,-0.003938707164431151,0.0025820501860497054,0.07427838288053665,True,False,False,False,1.0,baseline,2
785,2024-12,own,ewma,0.001662242343326696,0.002168136656824351,0.07427838288053665,True,False,False,False,1.0,baseline,2
803,2024-01,own,ewma,-0.052757908649565546,0.023741058892304497,0.07427838288053665,True,False,False,False,1.0,baseline,2
803,2024-02,own,ewma,0.040898600893800624,0.005346788011442808,0.07427838288053665,True,False,False,False,1.0,baseline,2
803,2024-03,own,ewma,-0.007991897807392873,0.0006556206070332479,0.07427838288053665,True,False,False,False,1.0,baseline,2
803,2024-04,own,ewma,0.05325766827331136,0.023605359389121824,0.07427838288053665,True,False,False,False,1.0,baseline,2
803,2024-05,own,ewma,-0.0140628866422136,0.006654648675020885,0.07427838288053665,True,False,False,False,1.0,baseline,2
803,2024-06,own,ewma,-0.01996648704005578,0.005324862396763615,0.07427838288053665,True,False,False,False,1.0,baseline,2
803,2024-07,own,ewma,-0.009660330267322952,0.007275822938515317,0.07427838288053665,True,False,False,False,1.0,baseline,2
803,2024-08,own,ewma,-0.009612080765858672,0.008327138960819828,0.07427838288053665,True,False,False,False,1.0,baseline,2
803,2024-09,own,ewma,0.015476971678811837,0.0023847108270144213,0.07427838288053665,True,False,False,False,1.0,baseline,2
803,2024-10,own,ewma,0.03226695643512911,0.01583172135066603,0.07427838288053665,True,False,False,False,1.0,baseline,2
803,2024-11,own,ewma,-0.043922331034029274,0.011057602222446856,0.07427838288053665,True,False,False,False,1.0,baseline,2
803,2024-12,own,ewma,0.0181781075461213,0.002098467173408814,0.07427838288053665,True,False,False,False,1.0,baseline,2
1333,2024-01,own,ewma,-0.06920914497556405,0.03114411523900382,0.07427838288053665,True,False,False,False,1.0,baseline,2
1333,2024-02,own,ewma,0.011730101113704724,0.011850717880284975,0.07427838288053665,True,False,False,False,1.0,baseline,2
1333,2024-03,own,ewma,0.03926407276340479,0.011150937909375418,0.07427838288053665,True,False,False,False,1.0,baseline,2
1333,2024-04,own,ewma,0.03435966534775224,0.021594865256644988,0.07427838288053665,True,False,False,True,1.0,baseline,2
1333,2024-05,own,ewma,0.012583169529347443,0.017539602179361093,0.07427838288053665,True,False,False,True,1.0,baseline,2
1333,2024-06,own,ewma,0.016093006532534537,0.016888634138289144,0.07427838288053665,True,False,False,False,1.0,baseline,2
1333,2024-07,own,ewma,-0.014572523155248806,0.002731113356197066,0.07427838288053665,True,False,False,False,1.0,baseline,2
1333,2024-08,own,ewma,0.016360968682562125,0.008864548253061343,0.07427838288053665,True,False,False,False,1.0,baseline,2
1333,2024-09,own,ewma,-0.0077646587283705815,0.0013814051114169768,0.07427838288053665,True,False,False,False,1.0,baseline,2
1333,2024-10,own,ewma,0.01720521634914558,0.008502120168394849,0.07427838288053665,True,False,False,False,1.0,baseline,2
1333,2024-11,own,ewma,-0.011924870939862522,0.0006900258303209677,0.07427838288053665,True,False,False,False,1.0,baseline,2
1333,2024-12,own,ewma,-0.002931670085790839,0.0016987657452824099,0.07427838288053665,True,False,False,False,1.0,baseline,2
1665,2024-01,own,ewma,-0.05361986276661385,0.024128938244976233,0.07427838288053665,True,False,False,False,1.0,baseline,2
1665,2024-02,own,ewma,-0.0019573637390813098,0.014151729717323518,0.07427838288053665,True,False,False,False,1.0,baseline,2
1665,2024-03,own,ewma,0.02955246840914599,0.005515159439587759,0.07427838288053665,True,False,False,False,1.0,baseline,2
1665,2024-04,own,ewma,0.04994713978561329,0.02550955059529925,0.07427838288053665,True,False,False,True,1.0,baseline,2
1665,2024-05,own,ewma,-0.014375678335003424,0.007561197576663048,0.07427838288053665,True,False,False,True,1.0,baseline,2
1665,2024-06,own,ewma,0.033218961591865104,0.019107191383503974,0.07427838288053665,True,False,False,False,1.0,baseline,2
1665,2024-07,own,ewma,-0.030530716696068886,0.0032298672523038124,0.07427838288053665,True,False,False,False,1.0,baseline,2
1665,2024-08,own,ewma,-0.0003571526862291648,0.0019371456975702211,0.07427838288053665,True,False,False,False,1.0,baseline,2
1665,2024-09,own,ewma,-0.010946257502061784,0.005991246009591424,0.07427838288053665,True,False,False,False,1.0,baseline,2
1665,2024-10,own,ewma,0.026210431630001342,0.00849950892822532,0.07427838288053665,True,False,False,False,1.0,baseline,2
1665,2024-11,own,ewma,-0.02061657072740165,0.004602726916806815,0.07427838288053665,True,False,False,False,1.0,baseline,2
1665,2024-12,own,ewma,-0.020369081839323268,0.011697586631939219,0.07427838288053665,True,False,False,False,1.0,baseline,2
1673,2024-01,own,ewma,-0.03464448224821102,0.015590017011694959,0.07427838288053665,True,False,False,False,1.0,baseline,2
1673,2024-02,own,ewma,-0.008609333138753514,0.01244870926887131,0.07427838288053665,True,False,False,False,1.0,baseline,2
1673,2024-03,own,ewma,0.01870886838654528,0.0015722006760661555,0.07427838288053665,True,False,False,False,1.0,baseline,2
1673,2024-04,own,ewma,0.06104004111176416,0.02833272887213026,0.07427838288053665,True,False,False,True,1.0,baseline,2
1673,2024-05,own,ewma,0.051439821087678174,0.03873092036912682,0.07427838288053665,True,False,False,True,1.0,baseline,2
1673,2024-06,own,ewma,-0.021755238859813276,0.011512148716103779,0.07427838288053665,True,False,False,False,1.0,baseline,2
1673,2024-07,own,ewma,-0.03789732180587065,0.010722113018784715,0.07427838288053665,True,False,False,False,1.0,baseline,2
1673,2024-08,own,ewma,-0.010430892635534076,0.010591063846321927,0.07427838288053665,True,False,False,False,1.0,baseline,2
1673,2024-09,own,ewma,-0.00711006255357056,0.009024613264583812,0.07427838288053665,True,False,False,False,1.0,baseline,2
1673,2024-10,own,ewma,0.04337198718736227,0.014553856938791927,0.07427838288053665,True,False,False,False,1.0,baseline,2
1673,2024-11,own,ewma,-0.0076823385460177696,0.004547568970627564,0.07427838288053665,True,False,False,False,1.0,baseline,2
1673,2024-12,own,ewma,-0.03974929410898673,0.015386019415198867,0.07427838288053665,True,False,False,False,1.0,baseline,2
1687,2024-01,own,ewma,-0.10385745322923999,0.046735853953158,0.07427838288053665,True,False,False,False,1.0,baseline,2
1687,2024-02,own,ewma,0.003046586021947674,0.024333755964360448,0.07427838288053665,True,False,False,False,1.0,baseline,2
1687,2024-03,own,ewma,0.04166672348848005,0.0053664597894177764,0.07427838288053665,True,False,False,False,1.0,baseline,2
1687,2024-04,own,ewma,0.004096667832800344,0.004795053408939932,0.07427838288053665,True,False,False,True,1.0,baseline,2
1687,2024-05,own,ewma,0.021674190962340623,0.012390665307970243,0.07427838288053665,True,False,False,True,1.0,baseline,2
1687,2024-06,own,ewma,-0.020597405362302337,0.002453966493652417,0.07427838288053665,True,False,False,False,1.0,baseline,2
1687,2024-07,own,ewma,-0.04668704449815223,0.022358851595677333,0.07427838288053665,True,False,False,False,1.0,baseline,2
1687,2024-08,own,ewma,-0.01772478495204373,0.020273521606042212,0.07427838288053665,True,False,False,False,1.0,baseline,2
1687,2024-09,own,ewma,-0.041513152922148994,0.029831355698290263,0.07427838288053665,True,False,False,False,1.0,baseline,2
1687,2024-10,own,ewma,0.057128680933797325,0.009300660786149152,0.07427838288053665,True,False,False,False,1.0,baseline,2
1687,2024-11,own,ewma,-0.002891681896327815,0.0038141065790345168,0.07427838288053665,True,False,False,False,1.0,baseline,2
1687,2024-12,own,ewma,-0.037914685972873195,0.014963850069323955,0.07427838288053665,True,False,False,False,1.0,baseline,2
2195,2024-01,own,ewma,-0.10586735750672888,0.047640310878027996,0.07427838288053665,True,False,False,False,1.0,baseline,2
2195,2024-02,own,ewma,0.04796025102861863,0.0046200580200370135,0.07427838288053665,True,False,False,False,1.0,baseline,2
2195,2024-03,own,ewma,-0.0058400476004189855,0.005169053331208901,0.07427838288053665,True,False,False,False,1.0,baseline,2
2195,2024-04,own,ewma,0.010451277163636863,0.0018600953914716927,0.07427838288053665,True,False,False,True,1.0,baseline,2
2195,2024-05,own,ewma,0.03113786627119556,0.015035092287347434,0.07427838288053665,True,False,False,True,1.0,baseline,2
2195,2024-06,own,ewma,0.016575846480917526,0.015728431674453976,0.07427838288053665,True,False,False,False,1.0,baseline,2
2195,2024-07,own,ewma,-0.027192694218448926,0.003586074977352329,0.07427838288053665,True,False,False,False,1.0,baseline,2
2195,2024-08,own,ewma,0.030294005277527108,0.011659961137343418,0.07427838288053665,True,False,False,False,1.0,baseline,2
2195,2024-09,own,ewma,-0.04028354948483609,0.01171461864263736,0.07427838288053665,True,False,False,False,1.0,baseline,2
2195,2024-10,own,ewma,0.014725224702734812,0.0001833108627801172,0.07427838288053665,True,False,False,False,1.0,baseline,2
2195,2024-11,own,ewma,-0.0715311369878551,0.032088190670005734,0.07427838288053665,True,False,False,False,1.0,baseline,2
2195,2024-12,own,ewma,0.04490464691002992,0.0025585862410103105,0.07427838288053665,True,False,False,False,1.0,baseline,2
780,2024-01,own,ewma,-0.08595017677338361,0.038677579548022624,0.07427838288053665,True,False,False,False,1.0,event_conditioned,2
780,2024-02,own,ewma,0.07072500995634892,0.010553585728944572,0.07427838288053665,True,False,False,False,1.0,event_conditioned,2
780,2024-03,own,ewma,0.026402854570747092,0.01768575670775571,0.07427838288053665,True,False,False,False,1.0,event_conditioned,2
780,2024-04,own,ewma,0.037127410036815196,0.02643450070583248,0.07427838288053665,True,False,False,False,1.0,event_conditioned,2
780,2024-05,own,ewma,-0.03802055032164369,0.0025702722565317977,0.07427838288053665,True,False,False,False,1.0,event_conditioned,2
780,2024-06,own,ewma,0.010140865610159101,0.0031497397834791066,0.07427838288053665,True,False,False,False,1.0,event_conditioned,2
780,2024-07,own,ewma,0.015234958041108365,0.008588087999412273,0.07427838288053665,True,False,False,False,1.0,event_conditioned,2
780,2024-08,own,ewma,0.010974103847212634,0.009661795130922437,0.07427838288053665,True,False,False,False,1.0,event_conditioned,2
780,2024-09,own,ewma,-0.027848073334094007,0.007217645678334962,0.07427838288053665,True,False,False,False,1.0,event_conditioned,2
780,2024-10,own,ewma,-0.01155568607308589,0.00916976385597288,0.07427838288053665,True,False,False,False,1.0,event_conditioned,2
780,2024-11,own,ewma,-0.013921483435421439,0.011308037666724731,0.07427838288053665,True,False,False,False,1.0,event_conditioned,2
780,2024-12,own,ewma,0.018003037047993768,0.0018819459548985945,0.07427838288053665,True,False,False,False,1.0,event_conditioned,2
785,2024-01,own,ewma,-0.07522577263361412,0.033851597685126356,0.07427838288053665,True,False,False,False,1.0,event_conditioned,2
785,2024-02,own,ewma,0.01789426609192134,0.010565958985454895,0.07427838288053665,True,False,False,False,1.0,event_conditioned,2
785,2024-03,own,ewma,-0.0027350274018393865,0.007042039772827916,0.07427838288053665,True,False,False,False,1.0,event_conditioned,2
785,2024-04,own,ewma,0.04403071965722053,0.015940701970693884,0.07427838288053665,True,False,False,False,1.0,event_conditioned,2
785,2024-05,own,ewma,-0.0344053175115269,0.0067150067963054685,0.07427838288053665,True,False,False,False,1.0,event_conditioned,2
785,2024-06,own,ewma,0.007391776479597136,0.00036695432214929645,0.07427838288053665,True,False,False,False,1.0,event_conditioned,2
785,2024-07,own,ewma,-0.009982415039350746,0.004693911644889949,0.07427838288053665,True,False,False,False,1.0,event_conditioned,2
785,2024-08,own,ewma,0.006638581618727617,0.0004057103237379558,0.07427838288053665,True,False,False,False,1.0,event_conditioned,2
785,2024-09,own,ewma,0.0063784797973407675,0.0030934565868592214,0.07427838288053665,True,False,False,False,1.0,event_conditioned,2
785,2024-10,own,ewma,0.013812920373813369,0.007917215290988587,0.07427838288053665,True,False,False,False,1.0,event_conditioned,2
785,2024-11,own,ewma,-0.003938707164431151,0.0025820501860497054,0.07427838288053665,True,False,False,False,1.0,event_conditioned,2
785,2024-12,own,ewma,0.001662242343326696,0.002168136656824351,0.07427838288053665,True,False,False,False,1.0,event_conditioned,2
803,2024-01,own,ewma,-0.052757908649565546,0.023741058892304497,0.07427838288053665,True,False,False,False,1.0,event_conditioned,2
803,2024-02,own,ewma,0.040898600893800624,0.005346788011442808,0.07427838288053665,True,False,False,False,1.0,event_conditioned,2
803,2024-03,own,ewma,-0.007991897807392873,0.0006556206070332479,0.07427838288053665,True,False,False,False,1.0,event_conditioned,2
803,2024-04,own,ewma,0.05325766827331136,0.023605359389121824,0.07427838288053665,True,False,False,False,1.0,event_conditioned,2
803,2024-05,own,ewma,-0.0140628866422136,0.006654648675020885,0.07427838288053665,True,False,False,False,1.0,event_conditioned,2
803,2024-06,own,ewma,-0.01996648704005578,0.005324862396763615,0.07427838288053665,True,False,False,False,1.0,event_conditioned,2
803,2024-07,own,ewma,-0.009660330267322952,0.007275822938515317,0.07427838288053665,True,False,False,False,1.0,event_conditioned,2
803,2024-08,own,ewma,-0.009612080765858672,0.008327138960819828,0.07427838288053665,True,False,False,False,1.0,event_conditioned,2
803,2024-09,own,ewma,0.015476971678811837,0.0023847108270144213,0.07427838288053665,True,False,False,False,1.0,event_conditioned,2
803,2024-10,own,ewma,0.03226695643512911,0.01583172135066603,0.07427838288053665,True,False,False,False,1.0,event_conditioned,2
803,2024-11,own,ewma,-0.043922331034029274,0.011057602222446856,0.07427838288053665,True,False,False,False,1.0,event_conditioned,2
803,2024-12,own,ewma,0.0181781075461213,0.002098467173408814,0.07427838288053665,True,False,False,False,1.0,event_conditioned,2
1333,2024-01,own,ewma,-0.06920914497556405,0.03114411523900382,0.07427838288053665,True,False,False,False,1.0,event_conditioned,2
1333,2024-02,own,ewma,0.011730101113704724,0.011850717880284975,0.07427838288053665,True,False,False,False,1.0,event_conditioned,2
1333,2024-03,own,ewma,0.03926407276340479,0.011150937909375418,0.07427838288053665,True,False,False,False,1.0,event_conditioned,2
1333,2024-04,own,ewma,0.03435966534775224,0.021594865256644988,0.07427838288053665,True,False,False,True,0.75,event_conditioned,2
1333,2024-05,own,ewma,0.012583169529347443,0.017539602179361093,0.07427838288053665,True,False,False,True,0.75,event_conditioned,2
1333,2024-06,own,ewma,0.016093006532534537,0.016888634138289144,0.07427838288053665,True,False,False,False,1.0,event_conditioned,2
1333,2024-07,own,ewma,-0.014572523155248806,0.002731113356197066,0.07427838288053665,True,False,False,False,1.0,event_conditioned,2
1333,2024-08,own,ewma,0.016360968682562125,0.008864548253061343,0.07427838288053665,True,False,False,False,1.0,event_conditioned,2
1333,2024-09,own,ewma,-0.0077646587283705815,0.0013814051114169768,0.07427838288053665,True,False,False,False,1.0,event_conditioned,2
1333,2024-10,own,ewma,0.01720521634914558,0.008502120168394849,0.07427838288053665,True,False,False,False,1.0,event_conditioned,2
1333,2024-11,own,ewma,-0.011924870939862522,0.0006900258303209677,0.07427838288053665,True,False,False,False,1.0,event_conditioned,2
1333,2024-12,own,ewma,-0.002931670085790839,0.0016987657452824099,0.07427838288053665,True,False,False,False,1.0,event_conditioned,2
1665,2024-01,own,ewma,-0.05361986276661385,0.024128938244976233,0.07427838288053665,True,False,False,False,1.0,event_conditioned,2
1665,2024-02,own,ewma,-0.0019573637390813098,0.014151729717323518,0.07427838288053665,True,False,False,False,1.0,event_conditioned,2
1665,2024-03,own,ewma,0.02955246840914599,0.005515159439587759,0.07427838288053665,True,False,False,False,1.0,event_conditioned,2
1665,2024-04,own,ewma,0.04994713978561329,0.02550955059529925,0.07427838288053665,True,False,False,True,0.75,event_conditioned,2
1665,2024-05,own,ewma,-0.014375678335003424,0.007561197576663048,0.07427838288053665,True,False,False,True,0.75,event_conditioned,2
1665,2024-06,own,ewma,0.033218961591865104,0.019107191383503974,0.07427838288053665,True,False,False,False,1.0,event_conditioned,2
1665,2024-07,own,ewma,-0.030530716696068886,0.0032298672523038124,0.07427838288053665,True,False,False,False,1.0,event_conditioned,2
1665,2024-08,own,ewma,-0.0003571526862291648,0.0019371456975702211,0.07427838288053665,True,False,False,False,1.0,event_conditioned,2
1665,2024-09,own,ewma,-0.010946257502061784,0.005991246009591424,0.07427838288053665,True,False,False,False,1.0,event_conditioned,2
1665,2024-10,own,ewma,0.026210431630001342,0.00849950892822532,0.07427838288053665,True,False,False,False,1.0,event_conditioned,2
1665,2024-11,own,ewma,-0.02061657072740165,0.004602726916806815,0.07427838288053665,True,False,False,False,1.0,event_conditioned,2
1665,2024-12,own,ewma,-0.020369081839323268,0.011697586631939219,0.07427838288053665,True,False,False,False,1.0,event_conditioned,2
1673,2024-01,own,ewma,-0.03464448224821102,0.015590017011694959,0.07427838288053665,True,False,False,False,1.0,event_conditioned,2
1673,2024-02,own,ewma,-0.008609333138753514,0.01244870926887131,0.07427838288053665,True,False,False,False,1.0,event_conditioned,2
1673,2024-03,own,ewma,0.01870886838654528,0.0015722006760661555,0.07427838288053665,True,False,False,False,1.0,event_conditioned,2
1673,2024-04,own,ewma,0.06104004111176416,0.02833272887213026,0.07427838288053665,True,False,False,True,0.75,event_conditioned,2
1673,2024-05,own,ewma,0.051439821087678174,0.03873092036912682,0.07427838288053665,True,False,False,True,0.75,event_conditioned,2
1673,2024-06,own,ewma,-0.021755238859813276,0.011512148716103779,0.07427838288053665,True,False,False,False,1.0,event_conditioned,2
1673,2024-07,own,ewma,-0.03789732180587065,0.010722113018784715,0.07427838288053665,True,False,False,False,1.0,event_conditioned,2
1673,2024-08,own,ewma,-0.010430892635534076,0.010591063846321927,0.07427838288053665,True,False,False,False,1.0,event_conditioned,2
1673,2024-09,own,ewma,-0.00711006255357056,0.009024613264583812,0.07427838288053665,True,False,False,False,1.0,event_conditioned,2
1673,2024-10,own,ewma,0.04337198718736227,0.014553856938791927,0.07427838288053665,True,False,False,False,1.0,event_conditioned,2
1673,2024-11,own,ewma,-0.0076823385460177696,0.004547568970627564,0.07427838288053665,True,False,False,False,1.0,event_conditioned,2
1673,2024-12,own,ewma,-0.03974929410898673,0.015386019415198867,0.07427838288053665,True,False,False,False,1.0,event_conditioned,2
1687,2024-01,own,ewma,-0.10385745322923999,0.046735853953158,0.07427838288053665,True,False,False,False,1.0,event_conditioned,2
1687,2024-02,own,ewma,0.003046586021947674,0.024333755964360448,0.07427838288053665,True,False,False,False,1.0,event_conditioned,2
1687,2024-03,own,ewma,0.04166672348848005,0.0053664597894177764,0.07427838288053665,True,False,False,False,1.0,event_conditioned,2
1687,2024-04,own,ewma,0.004096667832800344,0.004795053408939932,0.07427838288053665,True,False,False,True,0.75,event_conditioned,2
1687,2024-05,own,ewma,0.021674190962340623,0.012390665307970243,0.07427838288053665,True,False,False,True,0.75,event_conditioned,2
1687,2024-06,own,ewma,-0.020597405362302337,0.002453966493652417,0.07427838288053665,True,False,False,False,1.0,event_conditioned,2
1687,2024-07,own,ewma,-0.04668704449815223,0.022358851595677333,0.07427838288053665,True,False,False,False,1.0,event_conditioned,2
1687,2024-08,own,ewma,-0.01772478495204373,0.020273521606042212,0.07427838288053665,True,False,False,False,1.0,event_conditioned,2
1687,2024-09,own,ewma,-0.041513152922148994,0.029831355698290263,0.07427838288053665,True,False,False,False,1.0,event_conditioned,2
1687,2024-10,own,ewma,0.057128680933797325,0.009300660786149152,0.07427838288053665,True,False,False,False,1.0,event_conditioned,2
1687,2024-11,own,ewma,-0.002891681896327815,0.0038141065790345168,0.07427838288053665,True,False,False,False,1.0,event_conditioned,2
1687,2024-12,own,ewma,-0.037914685972873195,0.014963850069323955,0.07427838288053665,True,False,False,False,1.0,event_conditioned,2
2195,2024-01,own,ewma,-0.10586735750672888,0.047640310878027996,0.07427838288053665,True,False,False,False,1.0,event_conditioned,2
2195,2024-02,own,ewma,0.04796025102861863,0.0046200580200370135,0.07427838288053665,True,False,False,False,1.0,event_conditioned,2
2195,2024-03,own,ewma,-0.0058400476004189855,0.005169053331208901,0.07427838288053665,True,False,False,False,1.0,event_conditioned,2
2195,2024-04,own,ewma,0.010451277163636863,0.0018600953914716927,0.07427838288053665,True,False,False,True,0.75,event_conditioned,2
2195,2024-05,own,ewma,0.03113786627119556,0.015035092287347434,0.07427838288053665,True,False,False,True,0.75,event_conditioned,2
2195,2024-06,own,ewma,0.016575846480917526,0.015728431674453976,0.07427838288053665,True,False,False,False,1.0,event_conditioned,2
2195,2024-07,own,ewma,-0.027192694218448926,0.003586074977352329,0.07427838288053665,True,False,False,False,1.0,event_conditioned,2
2195,2024-08,own,ewma,0.030294005277527108,0.011659961137343418,0.07427838288053665,True,False,False,False,1.0,event_conditioned,2
2195,2024-09,own,ewma,-0.04028354948483609,0.01171461864263736,0.07427838288053665,True,False,False,False,1.0,event_conditioned,2
2195,2024-10,own,ewma,0.014725224702734812,0.0001833108627801172,0.07427838288053665,True,False,False,False,1.0,event_conditioned,2
2195,2024-11,own,ewma,-0.0715311369878551,0.032088190670005734,0.07427838288053665,True,False,False,False,1.0,event_conditioned,2
2195,2024-12,own,ewma,0.04490464691002992,0.0025585862410103105,0.07427838288053665,True,False,False,False,1.0,event_conditioned,2
780,2024-01,own,ewma,-0.08595017677338361,0.038677579548022624,0.07427838288053665,True,False,False,False,0.75,global_0.75,2
780,2024-02,own,ewma,0.07072500995634892,0.010553585728944572,0.07427838288053665,True,False,False,False,0.75,global_0.75,2
780,2024-03,own,ewma,0.026402854570747092,0.01768575670775571,0.07427838288053665,True,False,False,False,0.75,global_0.75,2
780,2024-04,own,ewma,0.037127410036815196,0.02643450070583248,0.07427838288053665,True,False,False,False,0.75,global_0.75,2
780,2024-05,own,ewma,-0.03802055032164369,0.0025702722565317977,0.07427838288053665,True,False,False,False,0.75,global_0.75,2
780,2024-06,own,ewma,0.010140865610159101,0.0031497397834791066,0.07427838288053665,True,False,False,False,0.75,global_0.75,2
780,2024-07,own,ewma,0.015234958041108365,0.008588087999412273,0.07427838288053665,True,False,False,False,0.75,global_0.75,2
780,2024-08,own,ewma,0.010974103847212634,0.009661795130922437,0.07427838288053665,True,False,False,False,0.75,global_0.75,2
780,2024-09,own,ewma,-0.027848073334094007,0.007217645678334962,0.07427838288053665,True,False,False,False,0.75,global_0.75,2
780,2024-10,own,ewma,-0.01155568607308589,0.00916976385597288,0.07427838288053665,True,False,False,False,0.75,global_0.75,2
780,2024-11,own,ewma,-0.013921483435421439,0.011308037666724731,0.07427838288053665,True,False,False,False,0.75,global_0.75,2
780,2024-12,own,ewma,0.018003037047993768,0.0018819459548985945,0.07427838288053665,True,False,False,False,0.75,global_0.75,2
785,2024-01,own,ewma,-0.07522577263361412,0.033851597685126356,0.07427838288053665,True,False,False,False,0.75,global_0.75,2
785,2024-02,own,ewma,0.01789426609192134,0.010565958985454895,0.07427838288053665,True,False,False,False,0.75,global_0.75,2
785,2024-03,own,ewma,-0.0027350274018393865,0.007042039772827916,0.07427838288053665,True,False,False,False,0.75,global_0.75,2
785,2024-04,own,ewma,0.04403071965722053,0.015940701970693884,0.07427838288053665,True,False,False,False,0.75,global_0.75,2
785,2024-05,own,ewma,-0.0344053175115269,0.0067150067963054685,0.07427838288053665,True,False,False,False,0.75,global_0.75,2
785,2024-06,own,ewma,0.007391776479597136,0.00036695432214929645,0.07427838288053665,True,False,False,False,0.75,global_0.75,2
785,2024-07,own,ewma,-0.009982415039350746,0.004693911644889949,0.07427838288053665,True,False,False,False,0.75,global_0.75,2
785,2024-08,own,ewma,0.006638581618727617,0.0004057103237379558,0.07427838288053665,True,False,False,False,0.75,global_0.75,2
785,2024-09,own,ewma,0.0063784797973407675,0.0030934565868592214,0.07427838288053665,True,False,False,False,0.75,global_0.75,2
785,2024-10,own,ewma,0.013812920373813369,0.007917215290988587,0.07427838288053665,True,False,False,False,0.75,global_0.75,2
785,2024-11,own,ewma,-0.003938707164431151,0.0025820501860497054,0.07427838288053665,True,False,False,False,0.75,global_0.75,2
785,2024-12,own,ewma,0.001662242343326696,0.002168136656824351,0.07427838288053665,True,False,False,False,0.75,global_0.75,2
803,2024-01,own,ewma,-0.052757908649565546,0.023741058892304497,0.07427838288053665,True,False,False,False,0.75,global_0.75,2
803,2024-02,own,ewma,0.040898600893800624,0.005346788011442808,0.07427838288053665,True,False,False,False,0.75,global_0.75,2
803,2024-03,own,ewma,-0.007991897807392873,0.0006556206070332479,0.07427838288053665,True,False,False,False,0.75,global_0.75,2
803,2024-04,own,ewma,0.05325766827331136,0.023605359389121824,0.07427838288053665,True,False,False,False,0.75,global_0.75,2
803,2024-05,own,ewma,-0.0140628866422136,0.006654648675020885,0.07427838288053665,True,False,False,False,0.75,global_0.75,2
803,2024-06,own,ewma,-0.01996648704005578,0.005324862396763615,0.07427838288053665,True,False,False,False,0.75,global_0.75,2
803,2024-07,own,ewma,-0.009660330267322952,0.007275822938515317,0.07427838288053665,True,False,False,False,0.75,global_0.75,2
803,2024-08,own,ewma,-0.009612080765858672,0.008327138960819828,0.07427838288053665,True,False,False,False,0.75,global_0.75,2
803,2024-09,own,ewma,0.015476971678811837,0.0023847108270144213,0.07427838288053665,True,False,False,False,0.75,global_0.75,2
803,2024-10,own,ewma,0.03226695643512911,0.01583172135066603,0.07427838288053665,True,False,False,False,0.75,global_0.75,2
803,2024-11,own,ewma,-0.043922331034029274,0.011057602222446856,0.07427838288053665,True,False,False,False,0.75,global_0.75,2
803,2024-12,own,ewma,0.0181781075461213,0.002098467173408814,0.07427838288053665,True,False,False,False,0.75,global_0.75,2
1333,2024-01,own,ewma,-0.06920914497556405,0.03114411523900382,0.07427838288053665,True,False,False,False,0.75,global_0.75,2
1333,2024-02,own,ewma,0.011730101113704724,0.011850717880284975,0.07427838288053665,True,False,False,False,0.75,global_0.75,2
1333,2024-03,own,ewma,0.03926407276340479,0.011150937909375418,0.07427838288053665,True,False,False,False,0.75,global_0.75,2
1333,2024-04,own,ewma,0.03435966534775224,0.021594865256644988,0.07427838288053665,True,False,False,True,0.75,global_0.75,2
1333,2024-05,own,ewma,0.012583169529347443,0.017539602179361093,0.07427838288053665,True,False,False,True,0.75,global_0.75,2
1333,2024-06,own,ewma,0.016093006532534537,0.016888634138289144,0.07427838288053665,True,False,False,False,0.75,global_0.75,2
1333,2024-07,own,ewma,-0.014572523155248806,0.002731113356197066,0.07427838288053665,True,False,False,False,0.75,global_0.75,2
1333,2024-08,own,ewma,0.016360968682562125,0.008864548253061343,0.07427838288053665,True,False,False,False,0.75,global_0.75,2
1333,2024-09,own,ewma,-0.0077646587283705815,0.0013814051114169768,0.07427838288053665,True,False,False,False,0.75,global_0.75,2
1333,2024-10,own,ewma,0.01720521634914558,0.008502120168394849,0.07427838288053665,True,False,False,False,0.75,global_0.75,2
1333,2024-11,own,ewma,-0.011924870939862522,0.0006900258303209677,0.07427838288053665,True,False,False,False,0.75,global_0.75,2
1333,2024-12,own,ewma,-0.002931670085790839,0.0016987657452824099,0.07427838288053665,True,False,False,False,0.75,global_0.75,2
1665,2024-01,own,ewma,-0.05361986276661385,0.024128938244976233,0.07427838288053665,True,False,False,False,0.75,global_0.75,2
1665,2024-02,own,ewma,-0.0019573637390813098,0.014151729717323518,0.07427838288053665,True,False,False,False,0.75,global_0.75,2
1665,2024-03,own,ewma,0.02955246840914599,0.005515159439587759,0.07427838288053665,True,False,False,False,0.75,global_0.75,2
1665,2024-04,own,ewma,0.04994713978561329,0.02550955059529925,0.07427838288053665,True,False,False,True,0.75,global_0.75,2
1665,2024-05,own,ewma,-0.014375678335003424,0.007561197576663048,0.07427838288053665,True,False,False,True,0.75,global_0.75,2
1665,2024-06,own,ewma,0.033218961591865104,0.019107191383503974,0.07427838288053665,True,False,False,False,0.75,global_0.75,2
1665,2024-07,own,ewma,-0.030530716696068886,0.0032298672523038124,0.07427838288053665,True,False,False,False,0.75,global_0.75,2
1665,2024-08,own,ewma,-0.0003571526862291648,0.0019371456975702211,0.07427838288053665,True,False,False,False,0.75,global_0.75,2
1665,2024-09,own,ewma,-0.010946257502061784,0.005991246009591424,0.07427838288053665,True,False,False,False,0.75,global_0.75,2
1665,2024-10,own,ewma,0.026210431630001342,0.00849950892822532,0.07427838288053665,True,False,False,False,0.75,global_0.75,2
1665,2024-11,own,ewma,-0.02061657072740165,0.004602726916806815,0.07427838288053665,True,False,False,False,0.75,global_0.75,2
1665,2024-12,own,ewma,-0.020369081839323268,0.011697586631939219,0.07427838288053665,True,False,False,False,0.75,global_0.75,2
1673,2024-01,own,ewma,-0.03464448224821102,0.015590017011694959,0.07427838288053665,True,False,False,False,0.75,global_0.75,2
1673,2024-02,own,ewma,-0.008609333138753514,0.01244870926887131,0.07427838288053665,True,False,False,False,0.75,global_0.75,2
1673,2024-03,own,ewma,0.01870886838654528,0.0015722006760661555,0.07427838288053665,True,False,False,False,0.75,global_0.75,2
1673,2024-04,own,ewma,0.06104004111176416,0.02833272887213026,0.07427838288053665,True,False,False,True,0.75,global_0.75,2
1673,2024-05,own,ewma,0.051439821087678174,0.03873092036912682,0.07427838288053665,True,False,False,True,0.75,global_0.75,2
1673,2024-06,own,ewma,-0.021755238859813276,0.011512148716103779,0.07427838288053665,True,False,False,False,0.75,global_0.75,2
1673,2024-07,own,ewma,-0.03789732180587065,0.010722113018784715,0.07427838288053665,True,False,False,False,0.75,global_0.75,2
1673,2024-08,own,ewma,-0.010430892635534076,0.010591063846321927,0.07427838288053665,True,False,False,False,0.75,global_0.75,2
1673,2024-09,own,ewma,-0.00711006255357056,0.009024613264583812,0.07427838288053665,True,False,False,False,0.75,global_0.75,2
1673,2024-10,own,ewma,0.04337198718736227,0.014553856938791927,0.07427838288053665,True,False,False,False,0.75,global_0.75,2
1673,2024-11,own,ewma,-0.0076823385460177696,0.004547568970627564,0.07427838288053665,True,False,False,False,0.75,global_0.75,2
1673,2024-12,own,ewma,-0.03974929410898673,0.015386019415198867,0.07427838288053665,True,False,False,False,0.75,global_0.75,2
1687,2024-01,own,ewma,-0.10385745322923999,0.046735853953158,0.07427838288053665,True,False,False,False,0.75,global_0.75,2
1687,2024-02,own,ewma,0.003046586021947674,0.024333755964360448,0.07427838288053665,True,False,False,False,0.75,global_0.75,2
1687,2024-03,own,ewma,0.04166672348848005,0.0053664597894177764,0.07427838288053665,True,False,False,False,0.75,global_0.75,2
1687,2024-04,own,ewma,0.004096667832800344,0.004795053408939932,0.07427838288053665,True,False,False,True,0.75,global_0.75,2
1687,2024-05,own,ewma,0.021674190962340623,0.012390665307970243,0.07427838288053665,True,False,False,True,0.75,global_0.75,2
1687,2024-06,own,ewma,-0.020597405362302337,0.002453966493652417,0.07427838288053665,True,False,False,False,0.75,global_0.75,2
1687,2024-07,own,ewma,-0.04668704449815223,0.022358851595677333,0.07427838288053665,True,False,False,False,0.75,global_0.75,2
1687,2024-08,own,ewma,-0.01772478495204373,0.020273521606042212,0.07427838288053665,True,False,False,False,0.75,global_0.75,2
1687,2024-09,own,ewma,-0.041513152922148994,0.029831355698290263,0.07427838288053665,True,False,False,False,0.75,global_0.75,2
1687,2024-10,own,ewma,0.057128680933797325,0.009300660786149152,0.07427838288053665,True,False,False,False,0.75,global_0.75,2
1687,2024-11,own,ewma,-0.002891681896327815,0.0038141065790345168,0.07427838288053665,True,False,False,False,0.75,global_0.75,2
1687,2024-12,own,ewma,-0.037914685972873195,0.014963850069323955,0.07427838288053665,True,False,False,False,0.75,global_0.75,2
2195,2024-01,own,ewma,-0.10586735750672888,0.047640310878027996,0.07427838288053665,True,False,False,False,0.75,global_0.75,2
2195,2024-02,own,ewma,0.04796025102861863,0.0046200580200370135,0.07427838288053665,True,False,False,False,0.75,global_0.75,2
2195,2024-03,own,ewma,-0.0058400476004189855,0.005169053331208901,0.07427838288053665,True,False,False,False,0.75,global_0.75,2
2195,2024-04,own,ewma,0.010451277163636863,0.0018600953914716927,0.07427838288053665,True,False,False,True,0.75,global_0.75,2
2195,2024-05,own,ewma,0.03113786627119556,0.015035092287347434,0.07427838288053665,True,False,False,True,0.75,global_0.75,2
2195,2024-06,own,ewma,0.016575846480917526,0.015728431674453976,0.07427838288053665,True,False,False,False,0.75,global_0.75,2
2195,2024-07,own,ewma,-0.027192694218448926,0.003586074977352329,0.07427838288053665,True,False,False,False,0.75,global_0.75,2
2195,2024-08,own,ewma,0.030294005277527108,0.011659961137343418,0.07427838288053665,True,False,False,False,0.75,global_0.75,2
2195,2024-09,own,ewma,-0.04028354948483609,0.01171461864263736,0.07427838288053665,True,False,False,False,0.75,global_0.75,2
2195,2024-10,own,ewma,0.014725224702734812,0.0001833108627801172,0.07427838288053665,True,False,False,False,0.75,global_0.75,2
2195,2024-11,own,ewma,-0.0715311369878551,0.032088190670005734,0.07427838288053665,True,False,False,False,0.75,global_0.75,2
2195,2024-12,own,ewma,0.04490464691002992,0.0025585862410103105,0.07427838288053665,True,False,False,False,0.75,global_0.75,2
