category,territory_id,eligible_2023,missing_history,missing_target,retained
Все категории,1,True,0,0,30
Все категории,2,True,0,0,30
Все категории,3,True,0,0,30
Все категории,4,True,0,0,30
Все категории,5,True,0,0,30
Все категории,6,True,0,0,30
Все категории,7,True,0,0,30
Все категории,8,True,0,0,30
Все категории,9,True,0,0,30
Все категории,10,True,0,0,30
Все категории,11,True,0,0,30
Все категории,12,True,0,0,30
Все категории,13,True,0,0,30
Все категории,14,True,0,0,30
Все категории,15,True,0,0,30
Все категории,16,True,0,0,30
Все категории,17,True,0,0,30
Все категории,18,True,0,0,30
Все категории,19,True,0,0,30
Все категории,20,True,0,0,30
Все категории,21,True,0,0,30
Все категории,22,True,0,0,30
Все категории,23,True,0,0,30
Все категории,25,True,0,0,30
Все категории,26,True,0,0,30
Все категории,27,True,0,0,30
Все категории,28,True,0,0,30
Все категории,29,True,0,0,30
Все категории,30,True,0,0,30
Все категории,31,True,0,0,30
Все категории,32,True,0,0,30
Все категории,33,True,0,0,30
Все категории,34,True,0,0,30
Все категории,35,True,0,0,30
Все категории,36,True,0,0,30
Все категории,37,True,0,0,30
Все категории,38,True,0,0,30
Все категории,39,True,0,0,30
Все категории,40,True,0,0,30
Все категории,41,True,0,0,30
Все категории,42,True,0,0,30
Все категории,43,True,0,0,30
Все категории,44,True,0,0,30
Все категории,45,True,0,0,30
Все категории,46,True,0,0,30
Все категории,47,True,0,0,30
Все категории,48,True,0,0,30
Все категории,49,True,0,0,30
Все категории,50,True,0,0,30
Все категории,51,True,0,0,30
Все категории,52,True,0,0,30
Все категории,53,True,0,0,30
Все категории,54,True,0,0,30
Все категории,55,True,0,0,30
Все категории,56,True,0,0,30
Все категории,57,True,0,0,30
Все категории,58,True,0,0,30
Все категории,59,True,0,0,30
Все категории,60,True,0,0,30
Все категории,61,True,0,0,30
Все категории,62,True,0,0,30
Все категории,63,True,0,0,30
Все категории,65,True,0,0,30
Все категории,66,True,0,0,30
Все категории,67,True,0,0,30
Все категории,68,True,0,0,30
Все категории,69,True,0,0,30
Все категории,70,True,0,0,30
Все категории,71,True,0,0,30
Все категории,72,True,0,0,30
Все категории,73,True,0,0,30
Все категории,74,True,0,0,30
Все категории,75,True,0,0,30
Все категории,76,True,0,0,30
Все категории,77,True,0,0,30
Все категории,78,True,0,0,30
Все категории,79,True,0,0,30
Все категории,80,True,0,0,30
Все категории,81,True,0,0,30
Все категории,82,True,0,0,30
Все категории,83,True,0,0,30
Все категории,85,True,26,4,0
Все категории,86,True,26,4,0
Все категории,87,True,26,4,0
Все категории,88,True,26,4,0
Все категории,89,True,26,4,0
Все категории,90,True,26,4,0
Все категории,91,True,26,4,0
Все категории,92,True,26,4,0
Все категории,93,True,26,4,0
Все категории,94,True,26,4,0
Все категории,95,True,26,4,0
Все категории,96,True,26,4,0
Все категории,97,True,26,4,0
Все категории,98,True,26,4,0
Все категории,99,True,26,4,0
Все категории,101,True,26,4,0
Все категории,102,True,26,4,0
Все категории,103,True,26,4,0
Все категории,104,True,26,4,0
Все категории,105,True,26,4,0
Все категории,106,True,26,4,0
Все категории,158,True,26,4,0
Все категории,160,True,26,4,0
Все категории,167,True,0,0,30
Все категории,168,True,0,0,30
Все категории,169,True,0,0,30
Все категории,173,True,0,0,30
Все категории,181,True,0,0,30
Все категории,184,True,0,0,30
Все категории,185,True,0,0,30
Все категории,188,True,0,0,30
Все категории,191,True,0,0,30
Все категории,194,True,0,0,30
Все категории,195,True,0,0,30
Все категории,196,True,0,0,30
Все категории,198,True,0,0,30
Все категории,201,True,0,0,30
Все категории,203,True,0,0,30
Все категории,204,True,0,0,30
Все категории,205,True,0,0,30
Все категории,206,True,0,0,30
Все категории,207,True,0,0,30
Все категории,208,True,0,0,30
Все категории,209,True,0,0,30
Все категории,210,True,0,0,30
Все категории,211,True,0,0,30
Все категории,212,True,0,0,30
Все категории,213,True,0,0,30
Все категории,214,True,0,0,30
Все категории,215,True,0,0,30
Все категории,216,True,0,0,30
Все категории,217,True,0,0,30
Все категории,218,True,0,0,30
Все категории,219,True,0,0,30
Все категории,220,True,0,0,30
Все категории,221,True,0,0,30
Все категории,222,True,0,0,30
Все категории,223,True,0,0,30
Все категории,224,True,0,0,30
Все категории,225,True,0,0,30
Все категории,226,True,0,0,30
Все категории,227,True,0,0,30
Все категории,228,True,0,0,30
Все категории,229,True,0,0,30
Все категории,230,True,0,0,30
Все категории,231,True,0,0,30
Все категории,232,True,0,0,30
Все категории,233,True,0,0,30
Все категории,234,True,0,0,30
Все категории,235,True,0,0,30
Все категории,236,True,0,0,30
Все категории,237,True,0,0,30
Все категории,238,True,0,0,30
Все категории,239,True,0,0,30
Все категории,240,True,0,0,30
Все категории,241,True,0,0,30
Все категории,242,True,0,0,30
Все категории,243,True,0,0,30
Все категории,269,True,0,0,30
Все категории,270,True,0,0,30
Все категории,271,True,0,0,30
Все категории,272,True,0,0,30
Все категории,273,True,0,0,30
Все категории,274,True,0,0,30
Все категории,275,True,0,0,30
Все категории,276,True,0,0,30
Все категории,277,True,0,0,30
Все категории,278,True,0,0,30
Все категории,279,True,0,0,30
Все категории,280,True,0,0,30
Все категории,281,True,0,0,30
Все категории,282,True,0,0,30
Все категории,283,True,0,0,30
Все категории,284,True,0,0,30
Все категории,285,True,0,0,30
Все категории,287,True,0,0,30
Все категории,288,True,0,0,30
Все категории,289,True,0,0,30
Все категории,290,True,0,0,30
Все категории,292,True,0,0,30
Все категории,293,True,0,0,30
Все категории,294,True,0,0,30
Все категории,295,True,0,0,30
Все категории,296,True,0,0,30
Все категории,297,True,0,0,30
Все категории,298,True,0,0,30
Все категории,300,True,0,0,30
Все категории,301,True,0,0,30
Все категории,302,True,0,0,30
Все категории,303,True,0,0,30
Все категории,304,True,0,0,30
Все категории,305,True,0,0,30
Все категории,306,True,0,0,30
Все категории,307,True,0,0,30
Все категории,308,True,0,0,30
Все категории,309,True,0,0,30
Все категории,311,True,6,3,21
Все категории,312,True,0,0,30
Все категории,314,True,0,0,30
Все категории,315,True,8,5,17
Все категории,316,True,0,0,30
Все категории,317,True,0,0,30
Все категории,318,True,0,0,30
Все категории,319,True,0,0,30
Все категории,320,True,0,0,30
Все категории,321,True,0,0,30
Все категории,322,True,6,5,19
Все категории,323,True,0,0,30
Все категории,324,True,0,0,30
Все категории,325,True,0,0,30
Все категории,326,True,0,0,30
Все категории,327,True,0,0,30
Все категории,328,True,6,5,19
Все категории,329,True,0,0,30
Все категории,330,True,0,0,30
Все категории,331,True,0,0,30
Все категории,332,True,0,0,30
Все категории,333,True,0,0,30
Все категории,334,True,0,0,30
Все категории,335,True,0,0,30
Все категории,336,True,0,0,30
Все категории,337,True,0,0,30
Все категории,338,True,0,0,30
Все категории,339,True,0,0,30
Все категории,340,True,0,0,30
Все категории,341,True,0,0,30
Все категории,342,True,0,0,30
Все категории,343,True,0,0,30
Все категории,345,True,0,0,30
Все категории,346,True,0,0,30
Все категории,347,True,0,0,30
Все категории,348,True,0,0,30
Все категории,349,True,0,0,30
Все категории,351,True,0,0,30
Все категории,352,True,0,0,30
Все категории,354,True,0,0,30
Все категории,355,True,0,0,30
Все категории,356,True,0,0,30
Все категории,357,True,0,0,30
Все категории,358,True,0,0,30
Все категории,359,True,0,0,30
Все категории,360,True,0,0,30
Все категории,361,True,0,0,30
Все категории,362,True,0,0,30
Все категории,363,True,0,0,30
Все категории,364,True,0,0,30
Все категории,365,True,0,0,30
Все категории,366,True,0,0,30
Все категории,367,True,0,0,30
Все категории,368,True,0,0,30
Все категории,369,True,0,0,30
Все категории,370,True,0,0,30
Все категории,371,True,0,0,30
Все категории,372,True,0,0,30
Все категории,373,True,0,0,30
Все категории,374,True,0,0,30
Все категории,375,True,0,0,30
Все категории,376,True,0,0,30
Все категории,377,True,0,0,30
Все категории,378,True,0,0,30
Все категории,379,True,0,0,30
Все категории,380,True,0,0,30
Все категории,381,True,0,0,30
Все категории,382,True,0,0,30
Все категории,383,True,0,0,30
Все категории,384,True,0,0,30
Все категории,385,True,0,0,30
Все категории,386,True,0,0,30
Все категории,387,True,0,0,30
Все категории,388,True,0,0,30
Все категории,390,True,0,0,30
Все категории,391,True,0,0,30
Все категории,392,True,0,0,30
Все категории,393,True,0,0,30
Все категории,395,True,0,0,30
Все категории,396,True,0,0,30
Все категории,397,True,0,0,30
Все категории,398,True,0,0,30
Все категории,401,True,0,0,30
Все категории,402,True,0,0,30
Все категории,403,True,0,0,30
Все категории,404,True,0,0,30
Все категории,405,True,0,0,30
Все категории,408,True,0,0,30
Все категории,410,True,0,0,30
Все категории,413,True,0,0,30
Все категории,414,True,0,0,30
Все категории,416,True,0,0,30
Все категории,418,True,0,0,30
Все категории,419,True,0,0,30
Все категории,420,True,0,0,30
Все категории,421,True,0,0,30
Все категории,422,True,0,0,30
Все категории,423,True,0,0,30
Все категории,424,True,0,0,30
Все категории,425,True,0,0,30
Все категории,428,True,0,0,30
Все категории,429,True,0,0,30
Все категории,430,True,0,0,30
Все категории,431,True,0,0,30
Все категории,432,True,0,0,30
Все категории,433,True,0,0,30
Все категории,434,True,0,0,30
Все категории,435,True,0,0,30
Все категории,436,True,0,0,30
Все категории,437,True,0,0,30
Все категории,438,True,0,0,30
Все категории,440,True,0,0,30
Все категории,441,True,0,0,30
Все категории,442,True,0,0,30
Все категории,443,True,0,0,30
Все категории,444,True,0,0,30
Все категории,445,True,0,0,30
Все категории,446,True,0,0,30
Все категории,447,True,0,0,30
Все категории,448,True,0,0,30
Все категории,449,True,0,0,30
Все категории,450,True,0,0,30
Все категории,451,True,0,0,30
Все категории,452,True,0,0,30
Все категории,453,True,0,0,30
Все категории,455,True,0,0,30
Все категории,456,True,0,0,30
Все категории,457,True,0,0,30
Все категории,458,True,0,0,30
Все категории,459,True,0,0,30
Все категории,460,True,0,0,30
Все категории,478,True,0,0,30
Все категории,479,True,0,0,30
Все категории,480,True,0,0,30
Все категории,481,True,0,0,30
Все категории,482,True,0,0,30
Все категории,484,True,0,0,30
Все категории,485,True,0,0,30
Все категории,486,True,0,0,30
Все категории,487,True,0,0,30
Все категории,489,True,0,0,30
Все категории,490,True,0,0,30
Все категории,491,True,0,0,30
Все категории,492,True,0,0,30
Все категории,493,True,0,0,30
Все категории,494,True,0,0,30
Все категории,495,True,0,0,30
Все категории,496,True,0,0,30
Все категории,497,True,0,0,30
Все категории,498,True,0,0,30
Все категории,499,True,0,0,30
Все категории,500,True,17,6,7
Все категории,501,True,0,0,30
Все категории,502,True,0,0,30
Все категории,503,True,0,0,30
Все категории,504,True,0,0,30
Все категории,505,True,0,0,30
Все категории,506,True,0,0,30
Все категории,507,True,0,0,30
Все категории,508,True,0,0,30
Все категории,509,True,0,0,30
Все категории,510,True,0,0,30
Все категории,511,True,0,0,30
Все категории,512,True,0,0,30
Все категории,515,True,0,0,30
Все категории,516,True,0,0,30
Все категории,517,True,0,0,30
Все категории,518,True,0,0,30
Все категории,519,True,0,0,30
Все категории,520,True,0,0,30
Все категории,521,True,0,0,30
Все категории,522,True,0,0,30
Все категории,523,True,0,0,30
Все категории,524,True,0,0,30
Все категории,525,True,0,0,30
Все категории,527,True,0,0,30
Все категории,528,True,0,0,30
Все категории,529,True,0,0,30
Все категории,530,True,0,0,30
Все категории,531,True,0,0,30
Все категории,532,True,0,0,30
Все категории,533,True,0,0,30
Все категории,534,True,0,0,30
Все категории,535,True,0,0,30
Все категории,536,True,0,0,30
Все категории,537,True,0,0,30
Все категории,538,True,0,0,30
Все категории,539,True,0,0,30
Все категории,540,True,0,0,30
Все категории,541,True,0,0,30
Все категории,542,True,0,0,30
Все категории,543,True,0,0,30
Все категории,544,True,0,0,30
Все категории,545,True,0,0,30
Все категории,546,True,0,0,30
Все категории,547,True,0,0,30
Все категории,548,True,0,0,30
Все категории,549,True,0,0,30
Все категории,550,True,0,0,30
Все категории,552,True,0,0,30
Все категории,553,True,0,0,30
Все категории,554,True,0,0,30
Все категории,555,True,0,0,30
Все категории,556,True,0,0,30
Все категории,557,True,0,0,30
Все категории,558,True,0,0,30
Все категории,559,True,0,0,30
Все категории,560,True,0,0,30
Все категории,561,True,0,0,30
Все категории,562,True,0,0,30
Все категории,563,True,0,0,30
Все категории,564,True,0,0,30
Все категории,565,True,0,0,30
Все категории,566,True,0,0,30
Все категории,567,True,0,0,30
Все категории,568,True,0,0,30
Все категории,569,True,0,0,30
Все категории,570,True,0,0,30
Все категории,571,True,0,0,30
Все категории,572,True,0,0,30
Все категории,573,True,26,4,0
Все категории,574,True,0,0,30
Все категории,576,True,26,4,0
Все категории,577,True,26,4,0
Все категории,578,True,0,0,30
Все категории,579,True,0,0,30
Все категории,580,True,0,0,30
Все категории,581,True,0,0,30
Все категории,582,True,0,0,30
Все категории,583,True,0,0,30
Все категории,584,True,0,0,30
Все категории,585,True,0,0,30
Все категории,586,True,0,0,30
Все категории,587,True,0,0,30
Все категории,588,True,0,0,30
Все категории,589,True,0,0,30
Все категории,590,True,26,4,0
Все категории,591,True,0,0,30
Все категории,592,True,0,0,30
Все категории,593,True,0,0,30
Все категории,594,True,0,0,30
Все категории,595,True,0,0,30
Все категории,597,True,26,4,0
Все категории,598,True,0,0,30
Все категории,599,True,0,0,30
Все категории,600,True,0,0,30
Все категории,601,True,0,0,30
Все категории,602,True,0,0,30
Все категории,603,True,0,0,30
Все категории,604,True,0,0,30
Все категории,605,True,0,0,30
Все категории,606,True,0,0,30
Все категории,607,True,0,0,30
Все категории,608,True,0,0,30
Все категории,611,True,6,5,19
Все категории,612,True,0,0,30
Все категории,613,True,0,0,30
Все категории,614,True,0,0,30
Все категории,615,True,0,0,30
Все категории,616,True,0,0,30
Все категории,618,True,0,0,30
Все категории,619,True,0,0,30
Все категории,621,True,0,0,30
Все категории,666,True,0,0,30
Все категории,667,True,0,0,30
Все категории,668,True,0,0,30
Все категории,669,True,0,0,30
Все категории,670,True,0,0,30
Все категории,671,True,0,0,30
Все категории,674,True,0,0,30
Все категории,675,True,0,0,30
Все категории,676,True,0,0,30
Все категории,677,True,0,0,30
Все категории,678,True,0,0,30
Все категории,679,True,0,0,30
Все категории,680,True,0,0,30
Все категории,683,True,0,0,30
Все категории,685,True,0,0,30
Все категории,686,True,0,0,30
Все категории,687,True,0,0,30
Все категории,689,True,0,0,30
Все категории,690,True,0,0,30
Все категории,691,True,0,0,30
Все категории,692,True,0,0,30
Все категории,693,True,0,0,30
Все категории,694,True,0,0,30
Все категории,695,True,0,0,30
Все категории,696,True,0,0,30
Все категории,697,True,0,0,30
Все категории,698,True,0,0,30
Все категории,699,True,0,0,30
Все категории,701,True,0,0,30
Все категории,702,True,0,0,30
Все категории,703,True,0,0,30
Все категории,704,True,0,0,30
Все категории,705,True,0,0,30
Все категории,706,True,0,0,30
Все категории,708,True,0,0,30
Все категории,710,True,0,0,30
Все категории,711,True,0,0,30
Все категории,712,True,0,0,30
Все категории,713,True,0,0,30
Все категории,714,True,0,0,30
Все категории,715,True,0,0,30
Все категории,716,True,0,0,30
Все категории,717,True,0,0,30
Все категории,718,True,0,0,30
Все категории,719,True,0,0,30
Все категории,720,True,0,0,30
Все категории,721,True,0,0,30
Все категории,722,True,0,0,30
Все категории,723,True,0,0,30
Все категории,725,True,0,0,30
Все категории,726,True,0,0,30
Все категории,727,True,0,0,30
Все категории,731,True,0,0,30
Все категории,734,True,0,0,30
Все категории,735,True,0,0,30
Все категории,736,True,0,0,30
Все категории,737,True,0,0,30
Все категории,738,True,0,0,30
Все категории,739,True,0,0,30
Все категории,741,True,0,0,30
Все категории,742,True,0,0,30
Все категории,743,True,0,0,30
Все категории,744,True,0,0,30
Все категории,745,True,0,0,30
Все категории,746,True,0,0,30
Все категории,747,True,0,0,30
Все категории,748,True,0,0,30
Все категории,749,True,0,0,30
Все категории,751,True,0,0,30
Все категории,752,True,0,0,30
Все категории,753,True,0,0,30
Все категории,754,True,0,0,30
Все категории,755,True,0,0,30
Все категории,756,True,0,0,30
Все категории,757,True,0,0,30
Все категории,758,True,0,0,30
Все категории,760,True,0,0,30
Все категории,761,True,0,0,30
Все категории,763,True,0,0,30
Все категории,764,True,0,0,30
Все категории,765,True,0,0,30
Все категории,766,True,0,0,30
Все категории,767,True,0,0,30
Все категории,769,True,0,0,30
Все категории,770,True,0,0,30
Все категории,771,True,0,0,30
Все категории,773,True,0,0,30
Все категории,774,True,0,0,30
Все категории,775,True,0,0,30
Все категории,776,True,0,0,30
Все категории,777,True,0,0,30
Все категории,778,True,0,0,30
Все категории,779,True,0,0,30
Все категории,780,True,0,0,30
Все категории,781,True,0,0,30
Все категории,782,True,0,0,30
Все категории,783,True,0,0,30
Все категории,784,True,0,0,30
Все категории,785,True,0,0,30
Все категории,787,True,0,0,30
Все категории,788,True,0,0,30
Все категории,789,True,0,0,30
Все категории,790,True,0,0,30
Все категории,791,True,0,0,30
Все категории,792,True,0,0,30
Все категории,793,True,0,0,30
Все категории,794,True,0,0,30
Все категории,795,True,0,0,30
Все категории,796,True,0,0,30
Все категории,797,True,0,0,30
Все категории,798,True,0,0,30
Все категории,799,True,0,0,30
Все категории,800,True,0,0,30
Все категории,801,True,0,0,30
Все категории,802,True,0,0,30
Все категории,803,True,0,0,30
Все категории,804,True,0,0,30
Все категории,805,True,0,0,30
Все категории,806,True,0,0,30
Все категории,807,True,0,0,30
Все категории,808,True,0,0,30
Все категории,809,True,0,0,30
Все категории,810,True,0,0,30
Все категории,811,True,0,0,30
Все категории,812,True,0,0,30
Все категории,813,True,0,0,30
Все категории,814,True,0,0,30
Все категории,815,True,0,0,30
Все категории,817,True,0,0,30
Все категории,818,True,0,0,30
Все категории,819,True,0,0,30
Все категории,820,True,0,0,30
Все категории,821,True,0,0,30
Все категории,822,True,0,0,30
Все категории,823,True,0,0,30
Все категории,824,True,0,0,30
Все категории,825,True,0,0,30
Все категории,826,True,0,0,30
Все категории,827,True,0,0,30
Все категории,828,True,0,0,30
Все категории,829,True,0,0,30
Все категории,830,True,0,0,30
Все категории,831,True,0,0,30
Все категории,832,True,0,0,30
Все категории,833,True,0,0,30
Все категории,834,True,0,0,30
Все категории,835,True,0,0,30
Все категории,836,True,0,0,30
Все категории,838,True,0,0,30
Все категории,839,True,0,0,30
Все категории,840,True,0,0,30
Все категории,841,True,0,0,30
Все категории,842,True,0,0,30
Все категории,843,True,0,0,30
Все категории,844,True,0,0,30
Все категории,846,True,0,0,30
Все категории,847,True,0,0,30
Все категории,848,True,0,0,30
Все категории,849,True,0,0,30
Все категории,851,True,0,0,30
Все категории,852,True,0,0,30
Все категории,853,True,0,0,30
Все категории,854,True,0,0,30
Все категории,855,True,0,0,30
Все категории,856,True,0,0,30
Все категории,857,True,0,0,30
Все категории,859,True,0,0,30
Все категории,860,True,0,0,30
Все категории,862,True,26,4,0
Все категории,863,True,26,4,0
Все категории,864,True,26,4,0
Все категории,865,True,26,4,0
Все категории,866,True,26,4,0
Все категории,867,True,26,4,0
Все категории,868,True,26,4,0
Все категории,870,True,0,0,30
Все категории,871,True,0,0,30
Все категории,872,True,0,0,30
Все категории,873,True,0,0,30
Все категории,874,True,0,0,30
Все категории,875,True,0,0,30
Все категории,876,True,0,0,30
Все категории,877,True,0,0,30
Все категории,878,True,0,0,30
Все категории,879,True,0,0,30
Все категории,880,True,0,0,30
Все категории,881,True,0,0,30
Все категории,882,True,0,0,30
Все категории,883,True,0,0,30
Все категории,884,True,0,0,30
Все категории,885,True,0,0,30
Все категории,886,True,0,0,30
Все категории,887,True,26,4,0
Все категории,888,True,0,0,30
Все категории,889,True,0,0,30
Все категории,890,True,0,0,30
Все категории,891,True,0,0,30
Все категории,892,True,0,0,30
Все категории,895,True,0,0,30
Все категории,896,True,0,0,30
Все категории,897,True,0,0,30
Все категории,898,True,0,0,30
Все категории,899,True,0,0,30
Все категории,900,True,0,0,30
Все категории,901,True,0,0,30
Все категории,902,True,0,0,30
Все категории,903,True,0,0,30
Все категории,904,True,0,0,30
Все категории,905,True,0,0,30
Все категории,907,True,0,0,30
Все категории,908,True,0,0,30
Все категории,909,True,0,0,30
Все категории,910,True,26,4,0
Все категории,911,True,0,0,30
Все категории,912,True,0,0,30
Все категории,913,True,0,0,30
Все категории,914,True,0,0,30
Все категории,915,True,0,0,30
Все категории,916,True,0,0,30
Все категории,917,True,0,0,30
Все категории,918,True,0,0,30
Все категории,920,True,0,0,30
Все категории,922,True,0,0,30
Все категории,923,True,0,0,30
Все категории,924,True,0,0,30
Все категории,925,True,0,0,30
Все категории,926,True,0,0,30
Все категории,927,True,0,0,30
Все категории,928,True,0,0,30
Все категории,929,True,0,0,30
Все категории,930,True,0,0,30
Все категории,986,True,0,0,30
Все категории,987,True,0,0,30
Все категории,988,True,0,0,30
Все категории,989,True,0,0,30
Все категории,991,True,0,0,30
Все категории,992,True,0,0,30
Все категории,993,True,0,0,30
Все категории,994,True,0,0,30
Все категории,995,True,0,0,30
Все категории,996,True,0,0,30
Все категории,998,True,0,0,30
Все категории,999,True,0,0,30
Все категории,1001,True,0,0,30
Все категории,1002,True,0,0,30
Все категории,1003,True,0,0,30
Все категории,1004,True,0,0,30
Все категории,1005,True,0,0,30
Все категории,1006,True,0,0,30
Все категории,1007,True,0,0,30
Все категории,1008,True,0,0,30
Все категории,1009,True,0,0,30
Все категории,1010,True,0,0,30
Все категории,1011,True,0,0,30
Все категории,1012,True,0,0,30
Все категории,1013,True,0,0,30
Все категории,1014,True,0,0,30
Все категории,1015,True,0,0,30
Все категории,1016,True,0,0,30
Все категории,1017,True,0,0,30
Все категории,1018,True,0,0,30
Все категории,1019,True,0,0,30
Все категории,1020,True,0,0,30
Все категории,1021,True,0,0,30
Все категории,1023,True,0,0,30
Все категории,1024,True,0,0,30
Все категории,1025,True,0,0,30
Все категории,1026,True,0,0,30
Все категории,1027,True,0,0,30
Все категории,1028,True,0,0,30
Все категории,1029,True,0,0,30
Все категории,1030,True,0,0,30
Все категории,1031,True,0,0,30
Все категории,1032,True,0,0,30
Все категории,1033,True,0,0,30
Все категории,1034,True,0,0,30
Все категории,1035,True,0,0,30
Все категории,1036,True,0,0,30
Все категории,1037,True,0,0,30
Все категории,1038,True,0,0,30
Все категории,1039,True,0,0,30
Все категории,1040,True,0,0,30
Все категории,1041,True,0,0,30
Все категории,1044,True,0,0,30
Все категории,1047,True,0,0,30
Все категории,1048,True,0,0,30
Все категории,1049,True,0,0,30
Все категории,1051,True,0,0,30
Все категории,1052,True,0,0,30
Все категории,1053,True,0,0,30
Все категории,1054,True,0,0,30
Все категории,1055,True,0,0,30
Все категории,1056,True,0,0,30
Все категории,1057,True,0,0,30
Все категории,1058,True,0,0,30
Все категории,1059,True,0,0,30
Все категории,1060,True,0,0,30
Все категории,1061,True,0,0,30
Все категории,1062,True,0,0,30
Все категории,1063,True,0,0,30
Все категории,1064,True,0,0,30
Все категории,1065,True,0,0,30
Все категории,1066,True,0,0,30
Все категории,1067,True,0,0,30
Все категории,1068,True,0,0,30
Все категории,1069,True,0,0,30
Все категории,1070,True,0,0,30
Все категории,1071,True,0,0,30
Все категории,1072,True,0,0,30
Все категории,1107,True,0,0,30
Все категории,1108,True,0,0,30
Все категории,1109,True,0,0,30
Все категории,1110,True,0,0,30
Все категории,1111,True,0,0,30
Все категории,1112,True,0,0,30
Все категории,1113,True,0,0,30
Все категории,1115,True,0,0,30
Все категории,1116,True,0,0,30
Все категории,1117,True,0,0,30
Все категории,1118,True,0,0,30
Все категории,1119,True,0,0,30
Все категории,1120,True,0,0,30
Все категории,1121,True,0,0,30
Все категории,1122,True,0,0,30
Все категории,1123,True,0,0,30
Все категории,1124,True,0,0,30
Все категории,1125,True,0,0,30
Все категории,1126,True,0,0,30
Все категории,1127,True,0,0,30
Все категории,1128,True,0,0,30
Все категории,1129,True,0,0,30
Все категории,1130,True,0,0,30
Все категории,1131,True,0,0,30
Все категории,1132,True,0,0,30
Все категории,1133,True,0,0,30
Все категории,1134,True,0,0,30
Все категории,1135,True,0,0,30
Все категории,1136,True,0,0,30
Все категории,1137,True,0,0,30
Все категории,1138,True,0,0,30
Все категории,1139,True,0,0,30
Все категории,1140,True,0,0,30
Все категории,1141,True,0,0,30
Все категории,1142,True,0,0,30
Все категории,1143,True,0,0,30
Все категории,1144,True,0,0,30
Все категории,1146,True,0,0,30
Все категории,1147,True,0,0,30
Все категории,1148,True,0,0,30
Все категории,1149,True,0,0,30
Все категории,1150,True,0,0,30
Все категории,1151,True,0,0,30
Все категории,1152,True,0,0,30
Все категории,1153,True,0,0,30
Все категории,1154,True,0,0,30
Все категории,1155,True,0,0,30
Все категории,1157,True,0,0,30
Все категории,1158,True,0,0,30
Все категории,1159,True,0,0,30
Все категории,1160,True,0,0,30
Все категории,1161,True,0,0,30
Все категории,1163,True,0,0,30
Все категории,1164,True,0,0,30
Все категории,1165,True,0,0,30
Все категории,1166,True,0,0,30
Все категории,1167,True,0,0,30
Все категории,1168,True,0,0,30
Все категории,1169,True,0,0,30
Все категории,1170,True,0,0,30
Все категории,1171,True,0,0,30
Все категории,1172,True,0,0,30
Все категории,1173,True,0,0,30
Все категории,1174,True,0,0,30
Все категории,1175,True,0,0,30
Все категории,1176,True,0,0,30
Все категории,1178,True,0,0,30
Все категории,1179,True,0,0,30
Все категории,1180,True,0,0,30
Все категории,1181,True,0,0,30
Все категории,1184,True,0,0,30
Все категории,1185,True,0,0,30
Все категории,1186,True,0,0,30
Все категории,1187,True,0,0,30
Все категории,1188,True,0,0,30
Все категории,1189,True,0,0,30
Все категории,1190,True,0,0,30
Все категории,1191,True,0,0,30
Все категории,1192,True,0,0,30
Все категории,1193,True,0,0,30
Все категории,1194,True,0,0,30
Все категории,1195,True,0,0,30
Все категории,1196,True,0,0,30
Все категории,1197,True,0,0,30
Все категории,1198,True,0,0,30
Все категории,1200,True,0,0,30
Все категории,1201,True,0,0,30
Все категории,1203,True,0,0,30
Все категории,1204,True,0,0,30
Все категории,1205,True,0,0,30
Все категории,1206,True,0,0,30
Все категории,1207,True,0,0,30
Все категории,1208,True,0,0,30
Все категории,1209,True,0,0,30
Все категории,1210,True,0,0,30
Все категории,1211,True,0,0,30
Все категории,1212,True,0,0,30
Все категории,1213,True,0,0,30
Все категории,1214,True,0,0,30
Все категории,1215,True,0,0,30
Все категории,1217,True,0,0,30
Все категории,1218,True,0,0,30
Все категории,1219,True,0,0,30
Все категории,1220,True,0,0,30
Все категории,1221,True,0,0,30
Все категории,1222,True,0,0,30
Все категории,1223,True,0,0,30
Все категории,1224,True,0,0,30
Все категории,1225,True,0,0,30
Все категории,1226,True,0,0,30
Все категории,1227,True,0,0,30
Все категории,1228,True,0,0,30
Все категории,1229,True,0,0,30
Все категории,1230,True,0,0,30
Все категории,1231,True,0,0,30
Все категории,1232,True,0,0,30
Все категории,1233,True,0,0,30
Все категории,1234,True,0,0,30
Все категории,1235,True,0,0,30
Все категории,1236,True,0,0,30
Все категории,1237,True,0,0,30
Все категории,1238,True,0,0,30
Все категории,1240,True,0,0,30
Все категории,1241,True,0,0,30
Все категории,1242,True,0,0,30
Все категории,1243,True,0,0,30
Все категории,1244,True,0,0,30
Все категории,1246,True,0,0,30
Все категории,1247,True,26,2,2
Все категории,1249,True,0,0,30
Все категории,1250,True,0,0,30
Все категории,1251,True,0,0,30
Все категории,1252,True,0,0,30
Все категории,1253,True,0,0,30
Все категории,1254,True,0,0,30
Все категории,1256,True,0,0,30
Все категории,1257,True,0,0,30
Все категории,1258,True,0,0,30
Все категории,1259,True,0,0,30
Все категории,1260,True,0,0,30
Все категории,1261,True,0,0,30
Все категории,1262,True,0,0,30
Все категории,1264,True,0,0,30
Все категории,1265,True,0,0,30
Все категории,1266,True,0,0,30
Все категории,1267,True,0,0,30
Все категории,1268,True,0,0,30
Все категории,1269,True,0,0,30
Все категории,1270,True,0,0,30
Все категории,1271,True,0,0,30
Все категории,1272,True,0,0,30
Все категории,1273,True,0,0,30
Все категории,1274,True,0,0,30
Все категории,1275,True,0,0,30
Все категории,1276,True,0,0,30
Все категории,1277,True,0,0,30
Все категории,1278,True,0,0,30
Все категории,1279,True,0,0,30
Все категории,1280,True,0,0,30
Все категории,1281,True,0,0,30
Все категории,1282,True,0,0,30
Все категории,1284,True,0,0,30
Все категории,1285,True,0,0,30
Все категории,1286,True,0,0,30
Все категории,1287,True,0,0,30
Все категории,1288,True,0,0,30
Все категории,1289,True,0,0,30
Все категории,1290,True,0,0,30
Все категории,1291,True,0,0,30
Все категории,1292,True,0,0,30
Все категории,1293,True,0,0,30
Все категории,1294,True,0,0,30
Все категории,1295,True,0,0,30
Все категории,1296,True,0,0,30
Все категории,1297,True,0,0,30
Все категории,1298,True,0,0,30
Все категории,1299,True,0,0,30
Все категории,1300,True,0,0,30
Все категории,1301,True,0,0,30
Все категории,1302,True,0,0,30
Все категории,1303,True,0,0,30
Все категории,1304,True,0,0,30
Все категории,1305,True,0,0,30
Все категории,1306,True,0,0,30
Все категории,1308,True,0,0,30
Все категории,1309,True,0,0,30
Все категории,1310,True,0,0,30
Все категории,1311,True,0,0,30
Все категории,1312,True,0,0,30
Все категории,1313,True,0,0,30
Все категории,1314,True,0,0,30
Все категории,1315,True,0,0,30
Все категории,1316,True,0,0,30
Все категории,1317,True,0,0,30
Все категории,1319,True,0,0,30
Все категории,1320,True,0,0,30
Все категории,1321,True,0,0,30
Все категории,1322,True,0,0,30
Все категории,1323,True,0,0,30
Все категории,1324,True,0,0,30
Все категории,1325,True,0,0,30
Все категории,1326,True,0,0,30
Все категории,1327,True,0,0,30
Все категории,1328,True,0,0,30
Все категории,1329,True,0,0,30
Все категории,1330,True,0,0,30
Все категории,1331,True,0,0,30
Все категории,1333,True,0,0,30
Все категории,1334,True,0,0,30
Все категории,1335,True,0,0,30
Все категории,1336,True,0,0,30
Все категории,1337,True,0,0,30
Все категории,1338,True,0,0,30
Все категории,1339,True,0,0,30
Все категории,1340,True,0,0,30
Все категории,1341,True,0,0,30
Все категории,1343,True,0,0,30
Все категории,1344,True,0,0,30
Все категории,1345,True,0,0,30
Все категории,1346,True,0,0,30
Все категории,1347,True,0,0,30
Все категории,1348,True,0,0,30
Все категории,1349,True,0,0,30
Все категории,1350,True,0,0,30
Все категории,1351,True,0,0,30
Все категории,1352,True,0,0,30
Все категории,1353,True,0,0,30
Все категории,1355,True,0,0,30
Все категории,1356,True,0,0,30
Все категории,1357,True,0,0,30
Все категории,1358,True,0,0,30
Все категории,1392,True,0,0,30
Все категории,1393,True,0,0,30
Все категории,1394,True,0,0,30
Все категории,1395,True,0,0,30
Все категории,1396,True,0,0,30
Все категории,1397,True,0,0,30
Все категории,1398,True,0,0,30
Все категории,1399,True,0,0,30
Все категории,1400,True,0,0,30
Все категории,1401,True,0,0,30
Все категории,1402,True,0,0,30
Все категории,1403,True,0,0,30
Все категории,1404,True,0,0,30
Все категории,1405,True,0,0,30
Все категории,1406,True,0,0,30
Все категории,1407,True,0,0,30
Все категории,1408,True,0,0,30
Все категории,1409,True,0,0,30
Все категории,1410,True,0,0,30
Все категории,1411,True,0,0,30
Все категории,1412,True,0,0,30
Все категории,1413,True,0,0,30
Все категории,1414,True,0,0,30
Все категории,1415,True,0,0,30
Все категории,1416,True,0,0,30
Все категории,1417,True,0,0,30
Все категории,1419,True,0,0,30
Все категории,1420,True,0,0,30
Все категории,1421,True,0,0,30
Все категории,1422,True,0,0,30
Все категории,1423,True,0,0,30
Все категории,1425,True,0,0,30
Все категории,1426,True,0,0,30
Все категории,1427,True,0,0,30
Все категории,1428,True,0,0,30
Все категории,1429,True,0,0,30
Все категории,1430,True,0,0,30
Все категории,1431,True,0,0,30
Все категории,1434,True,6,5,19
Все категории,1435,True,0,4,26
Все категории,1437,True,2,6,22
Все категории,1438,True,0,0,30
Все категории,1439,True,0,0,30
Все категории,1440,True,0,0,30
Все категории,1443,True,0,0,30
Все категории,1444,True,0,0,30
Все категории,1445,True,0,0,30
Все категории,1446,True,0,0,30
Все категории,1447,True,0,0,30
Все категории,1448,True,0,0,30
Все категории,1449,True,0,0,30
Все категории,1453,True,0,0,30
Все категории,1454,True,0,0,30
Все категории,1456,True,0,0,30
Все категории,1457,True,0,0,30
Все категории,1459,True,0,0,30
Все категории,1461,True,0,0,30
Все категории,1463,True,0,0,30
Все категории,1464,True,0,0,30
Все категории,1465,True,0,0,30
Все категории,1467,True,0,0,30
Все категории,1468,True,0,0,30
Все категории,1471,True,26,4,0
Все категории,1472,True,0,0,30
Все категории,1473,True,0,0,30
Все категории,1474,True,0,0,30
Все категории,1475,True,0,0,30
Все категории,1477,True,0,0,30
Все категории,1478,True,0,0,30
Все категории,1480,True,0,0,30
Все категории,1481,True,0,0,30
Все категории,1483,True,0,0,30
Все категории,1484,True,0,0,30
Все категории,1486,True,0,0,30
Все категории,1487,True,26,4,0
Все категории,1488,True,0,0,30
Все категории,1489,True,0,0,30
Все категории,1490,True,0,0,30
Все категории,1491,True,0,0,30
Все категории,1492,True,0,0,30
Все категории,1493,True,0,0,30
Все категории,1494,True,0,0,30
Все категории,1495,True,0,0,30
Все категории,1496,True,0,0,30
Все категории,1500,True,0,0,30
Все категории,1501,True,0,0,30
Все категории,1504,True,0,0,30
Все категории,1506,True,0,0,30
Все категории,1507,True,0,0,30
Все категории,1508,True,0,0,30
Все категории,1509,True,0,0,30
Все категории,1510,True,0,0,30
Все категории,1511,True,0,0,30
Все категории,1512,True,0,0,30
Все категории,1518,True,0,0,30
Все категории,1519,True,0,0,30
Все категории,1520,True,0,0,30
Все категории,1521,True,0,0,30
Все категории,1522,True,0,0,30
Все категории,1523,True,0,0,30
Все категории,1525,True,0,0,30
Все категории,1526,True,0,0,30
Все категории,1527,True,0,0,30
Все категории,1528,True,0,0,30
Все категории,1529,True,0,0,30
Все категории,1530,True,0,0,30
Все категории,1532,True,0,0,30
Все категории,1533,True,0,0,30
Все категории,1534,True,0,0,30
Все категории,1535,True,0,0,30
Все категории,1536,True,0,0,30
Все категории,1537,True,0,0,30
Все категории,1539,True,0,0,30
Все категории,1540,True,0,0,30
Все категории,1541,True,0,0,30
Все категории,1542,True,0,0,30
Все категории,1543,True,0,0,30
Все категории,1544,True,0,0,30
Все категории,1545,True,0,0,30
Все категории,1546,True,0,0,30
Все категории,1547,True,0,0,30
Все категории,1548,True,0,0,30
Все категории,1549,True,0,0,30
Все категории,1550,True,0,0,30
Все категории,1551,True,0,0,30
Все категории,1552,True,0,0,30
Все категории,1553,True,0,0,30
Все категории,1554,True,0,0,30
Все категории,1555,True,0,0,30
Все категории,1556,True,0,0,30
Все категории,1557,True,0,0,30
Все категории,1558,True,0,0,30
Все категории,1559,True,0,0,30
Все категории,1560,True,0,0,30
Все категории,1561,True,0,0,30
Все категории,1562,True,0,0,30
Все категории,1563,True,0,0,30
Все категории,1564,True,0,0,30
Все категории,1565,True,0,0,30
Все категории,1566,True,0,0,30
Все категории,1567,True,0,0,30
Все категории,1568,True,0,0,30
Все категории,1569,True,0,0,30
Все категории,1570,True,0,0,30
Все категории,1571,True,0,0,30
Все категории,1572,True,0,0,30
Все категории,1573,True,0,0,30
Все категории,1574,True,0,0,30
Все категории,1575,True,0,0,30
Все категории,1577,True,0,0,30
Все категории,1578,True,0,0,30
Все категории,1579,True,0,0,30
Все категории,1580,True,0,0,30
Все категории,1581,True,0,0,30
Все категории,1582,True,0,0,30
Все категории,1583,True,0,0,30
Все категории,1584,True,0,0,30
Все категории,1585,True,0,0,30
Все категории,1586,True,0,0,30
Все категории,1587,True,0,0,30
Все категории,1588,True,0,0,30
Все категории,1589,True,0,0,30
Все категории,1590,True,0,0,30
Все категории,1591,True,0,0,30
Все категории,1592,True,0,0,30
Все категории,1593,True,0,0,30
Все категории,1594,True,0,0,30
Все категории,1595,True,0,0,30
Все категории,1596,True,0,0,30
Все категории,1597,True,0,0,30
Все категории,1598,True,0,0,30
Все категории,1599,True,0,0,30
Все категории,1600,True,0,0,30
Все категории,1601,True,0,0,30
Все категории,1602,True,0,0,30
Все категории,1603,True,0,0,30
Все категории,1604,True,0,0,30
Все категории,1605,True,0,0,30
Все категории,1606,True,0,0,30
Все категории,1607,True,0,0,30
Все категории,1608,True,0,0,30
Все категории,1609,True,0,0,30
Все категории,1610,True,0,0,30
Все категории,1611,True,0,0,30
Все категории,1612,True,0,0,30
Все категории,1613,True,0,0,30
Все категории,1614,True,0,0,30
Все категории,1615,True,0,0,30
Все категории,1616,True,0,0,30
Все категории,1617,True,0,0,30
Все категории,1618,True,0,0,30
Все категории,1619,True,0,0,30
Все категории,1620,True,0,0,30
Все категории,1621,True,0,0,30
Все категории,1622,True,0,0,30
Все категории,1623,True,0,0,30
Все категории,1624,True,0,0,30
Все категории,1625,True,0,0,30
Все категории,1626,True,0,0,30
Все категории,1627,True,0,0,30
Все категории,1628,True,0,0,30
Все категории,1629,True,0,0,30
Все категории,1630,True,0,0,30
Все категории,1631,True,0,0,30
Все категории,1632,True,0,0,30
Все категории,1633,True,0,0,30
Все категории,1634,True,0,0,30
Все категории,1635,True,0,0,30
Все категории,1636,True,0,0,30
Все категории,1637,True,0,0,30
Все категории,1638,True,0,0,30
Все категории,1639,True,0,0,30
Все категории,1640,True,0,0,30
Все категории,1641,True,0,0,30
Все категории,1642,True,0,0,30
Все категории,1643,True,0,0,30
Все категории,1644,True,0,0,30
Все категории,1645,True,0,0,30
Все категории,1646,True,0,0,30
Все категории,1647,True,0,0,30
Все категории,1648,True,0,0,30
Все категории,1649,True,0,0,30
Все категории,1650,True,0,0,30
Все категории,1651,True,0,0,30
Все категории,1652,True,0,0,30
Все категории,1653,True,0,0,30
Все категории,1654,True,0,0,30
Все категории,1655,True,0,0,30
Все категории,1656,True,0,0,30
Все категории,1657,True,0,0,30
Все категории,1658,True,0,0,30
Все категории,1659,True,0,0,30
Все категории,1660,True,0,0,30
Все категории,1661,True,0,0,30
Все категории,1662,True,0,0,30
Все категории,1663,True,0,0,30
Все категории,1664,True,0,0,30
Все категории,1665,True,0,0,30
Все категории,1666,True,0,0,30
Все категории,1667,True,0,0,30
Все категории,1668,True,0,0,30
Все категории,1669,True,0,0,30
Все категории,1670,True,0,0,30
Все категории,1671,True,0,0,30
Все категории,1672,True,0,0,30
Все категории,1673,True,0,0,30
Все категории,1674,True,0,0,30
Все категории,1675,True,0,0,30
Все категории,1676,True,0,0,30
Все категории,1678,True,0,0,30
Все категории,1679,True,0,0,30
Все категории,1680,True,0,0,30
Все категории,1681,True,0,0,30
Все категории,1682,True,0,0,30
Все категории,1683,True,0,0,30
Все категории,1685,True,0,0,30
Все категории,1686,True,0,0,30
Все категории,1687,True,0,0,30
Все категории,1688,True,0,0,30
Все категории,1689,True,0,0,30
Все категории,1690,True,0,0,30
Все категории,1691,True,0,0,30
Все категории,1692,True,0,0,30
Все категории,1693,True,0,0,30
Все категории,1694,True,0,0,30
Все категории,1696,True,0,0,30
Все категории,1697,True,0,0,30
Все категории,1698,True,0,0,30
Все категории,1699,True,0,0,30
Все категории,1700,True,0,0,30
Все категории,1701,True,0,0,30
Все категории,1702,True,0,0,30
Все категории,1703,True,0,0,30
Все категории,1704,True,0,0,30
Все категории,1705,True,0,0,30
Все категории,1706,True,0,0,30
Все категории,1707,True,0,0,30
Все категории,1708,True,0,0,30
Все категории,1709,True,0,0,30
Все категории,1710,True,0,0,30
Все категории,1711,True,0,0,30
Все категории,1712,True,0,0,30
Все категории,1713,True,14,8,8
Все категории,1714,True,0,0,30
Все категории,1715,True,0,0,30
Все категории,1717,True,0,0,30
Все категории,1718,True,0,0,30
Все категории,1719,True,0,0,30
Все категории,1722,True,0,0,30
Все категории,1724,True,0,0,30
Все категории,1725,True,0,0,30
Все категории,1726,True,0,0,30
Все категории,1727,True,0,0,30
Все категории,1728,True,0,0,30
Все категории,1730,True,0,0,30
Все категории,1731,True,0,0,30
Все категории,1732,True,0,0,30
Все категории,1733,True,0,0,30
Все категории,1737,True,0,0,30
Все категории,1738,True,0,0,30
Все категории,1739,True,0,0,30
Все категории,1740,True,0,0,30
Все категории,1741,True,0,0,30
Все категории,1742,True,0,0,30
Все категории,1743,True,0,0,30
Все категории,1744,True,0,0,30
Все категории,1745,True,0,0,30
Все категории,1746,True,0,0,30
Все категории,1747,True,0,0,30
Все категории,1749,True,0,0,30
Все категории,1750,True,0,0,30
Все категории,1751,True,0,0,30
Все категории,1752,True,0,0,30
Все категории,1753,True,0,0,30
Все категории,1754,True,0,0,30
Все категории,1755,True,0,0,30
Все категории,1756,True,0,0,30
Все категории,1757,True,0,0,30
Все категории,1758,True,0,0,30
Все категории,1759,True,0,0,30
Все категории,1760,True,0,0,30
Все категории,1761,True,0,0,30
Все категории,1762,True,0,0,30
Все категории,1763,True,11,8,11
Все категории,1764,True,0,0,30
Все категории,1765,True,0,0,30
Все категории,1766,True,0,0,30
Все категории,1768,True,0,0,30
Все категории,1769,True,0,0,30
Все категории,1770,True,0,0,30
Все категории,1771,True,0,0,30
Все категории,1773,True,0,0,30
Все категории,1774,True,0,0,30
Все категории,1775,True,0,0,30
Все категории,1776,True,0,0,30
Все категории,1777,True,0,0,30
Все категории,1778,True,0,0,30
Все категории,1780,True,0,0,30
Все категории,1781,True,0,0,30
Все категории,1782,True,0,0,30
Все категории,1783,True,0,0,30
Все категории,1784,True,0,0,30
Все категории,1785,True,0,0,30
Все категории,1786,True,0,0,30
Все категории,1787,True,0,0,30
Все категории,1788,True,0,0,30
Все категории,1845,True,0,0,30
Все категории,1846,True,0,0,30
Все категории,1847,True,26,4,0
Все категории,1848,True,0,0,30
Все категории,1849,True,0,0,30
Все категории,1850,True,0,0,30
Все категории,1851,True,0,0,30
Все категории,1852,True,0,0,30
Все категории,1853,True,0,0,30
Все категории,1854,True,0,0,30
Все категории,1855,True,0,0,30
Все категории,1856,True,0,0,30
Все категории,1857,True,0,0,30
Все категории,1858,True,0,0,30
Все категории,1859,True,0,0,30
Все категории,1860,True,0,0,30
Все категории,1861,True,0,0,30
Все категории,1862,True,0,0,30
Все категории,1863,True,0,0,30
Все категории,1864,True,0,0,30
Все категории,1865,True,0,0,30
Все категории,1868,True,0,0,30
Все категории,1869,True,0,0,30
Все категории,1870,True,0,0,30
Все категории,1871,True,0,0,30
Все категории,1872,True,0,0,30
Все категории,1873,True,0,0,30
Все категории,1874,True,0,0,30
Все категории,1875,True,0,0,30
Все категории,1876,True,0,0,30
Все категории,1877,True,0,0,30
Все категории,1878,True,0,0,30
Все категории,1879,True,0,0,30
Все категории,1880,True,0,0,30
Все категории,1881,True,0,0,30
Все категории,1882,True,26,4,0
Все категории,1883,True,0,0,30
Все категории,1884,True,0,0,30
Все категории,1885,True,0,0,30
Все категории,1886,True,0,0,30
Все категории,1887,True,0,0,30
Все категории,1888,True,0,0,30
Все категории,1889,True,0,0,30
Все категории,1890,True,0,0,30
Все категории,1891,True,0,0,30
Все категории,1892,True,0,0,30
Все категории,1893,True,0,0,30
Все категории,1894,True,0,0,30
Все категории,1895,True,0,0,30
Все категории,1896,True,0,0,30
Все категории,1897,True,0,0,30
Все категории,1898,True,0,0,30
Все категории,1899,True,0,0,30
Все категории,1900,True,0,0,30
Все категории,1901,True,0,0,30
Все категории,1902,True,0,0,30
Все категории,1903,True,0,0,30
Все категории,1904,True,0,0,30
Все категории,1905,True,0,0,30
Все категории,1906,True,0,0,30
Все категории,1907,True,0,0,30
Все категории,1908,True,0,0,30
Все категории,1909,True,0,0,30
Все категории,1910,True,0,0,30
Все категории,1912,True,0,0,30
Все категории,1915,True,0,0,30
Все категории,1916,True,0,0,30
Все категории,1917,True,0,0,30
Все категории,1918,True,0,0,30
Все категории,1919,True,0,0,30
Все категории,1920,True,0,0,30
Все категории,1921,True,0,0,30
Все категории,1922,True,0,0,30
Все категории,1923,True,0,0,30
Все категории,1924,True,0,0,30
Все категории,1925,True,0,0,30
Все категории,1926,True,0,0,30
Все категории,1927,True,0,0,30
Все категории,1928,True,0,0,30
Все категории,1929,True,0,0,30
Все категории,1930,True,0,0,30
Все категории,1931,True,0,0,30
Все категории,1932,True,0,0,30
Все категории,1933,True,0,0,30
Все категории,1934,True,0,0,30
Все категории,1935,True,0,0,30
Все категории,1936,True,0,0,30
Все категории,1937,True,0,0,30
Все категории,1938,True,0,0,30
Все категории,1939,True,0,0,30
Все категории,1940,True,0,0,30
Все категории,1941,True,0,0,30
Все категории,1942,True,0,0,30
Все категории,1943,True,0,0,30
Все категории,1944,True,0,0,30
Все категории,1945,True,0,0,30
Все категории,1947,True,0,0,30
Все категории,1948,True,0,0,30
Все категории,1949,True,0,0,30
Все категории,1950,True,0,0,30
Все категории,1951,True,0,0,30
Все категории,1952,True,0,0,30
Все категории,1954,True,0,0,30
Все категории,1955,True,0,0,30
Все категории,1956,True,0,0,30
Все категории,1957,True,0,0,30
Все категории,1958,True,0,0,30
Все категории,1959,True,0,0,30
Все категории,1960,True,0,0,30
Все категории,1961,True,0,0,30
Все категории,1962,True,0,0,30
Все категории,1963,True,0,0,30
Все категории,1964,True,11,11,8
Все категории,1965,True,0,0,30
Все категории,1966,True,0,0,30
Все категории,1967,True,0,0,30
Все категории,1968,True,0,0,30
Все категории,1969,True,0,0,30
Все категории,1970,True,0,0,30
Все категории,1971,True,0,0,30
Все категории,1972,True,0,0,30
Все категории,1973,True,0,0,30
Все категории,1974,True,0,0,30
Все категории,1975,True,0,0,30
Все категории,1976,True,0,0,30
Все категории,1977,True,0,0,30
Все категории,1978,True,0,0,30
Все категории,1979,True,0,0,30
Все категории,1980,True,0,0,30
Все категории,1981,True,0,0,30
Все категории,1982,True,0,0,30
Все категории,1983,True,0,0,30
Все категории,1984,True,0,0,30
Все категории,1985,True,0,0,30
Все категории,1986,True,0,0,30
Все категории,1987,True,0,0,30
Все категории,1988,True,0,0,30
Все категории,1989,True,0,0,30
Все категории,1990,True,0,0,30
Все категории,1991,True,0,0,30
Все категории,1992,True,0,0,30
Все категории,1993,True,0,0,30
Все категории,1994,True,0,0,30
Все категории,1995,True,0,0,30
Все категории,1996,True,0,0,30
Все категории,1997,True,0,0,30
Все категории,1999,True,0,0,30
Все категории,2000,True,0,0,30
Все категории,2001,True,0,0,30
Все категории,2002,True,0,0,30
Все категории,2004,True,0,0,30
Все категории,2005,True,0,0,30
Все категории,2006,True,0,0,30
Все категории,2007,True,0,0,30
Все категории,2008,True,0,0,30
Все категории,2009,True,0,0,30
Все категории,2010,True,0,0,30
Все категории,2011,True,0,0,30
Все категории,2012,True,0,0,30
Все категории,2015,True,0,0,30
Все категории,2016,True,14,10,6
Все категории,2017,True,0,0,30
Все категории,2018,True,0,0,30
Все категории,2019,True,0,0,30
Все категории,2020,True,11,10,9
Все категории,2021,True,0,0,30
Все категории,2022,True,0,0,30
Все категории,2023,True,0,0,30
Все категории,2024,True,0,0,30
Все категории,2025,True,0,0,30
Все категории,2027,True,0,0,30
Все категории,2028,True,0,0,30
Все категории,2030,True,0,0,30
Все категории,2031,True,0,0,30
Все категории,2032,True,0,0,30
Все категории,2033,True,0,0,30
Все категории,2034,True,0,0,30
Все категории,2035,True,0,0,30
Все категории,2036,True,0,0,30
Все категории,2037,True,0,0,30
Все категории,2039,True,0,0,30
Все категории,2040,True,0,0,30
Все категории,2041,True,0,0,30
Все категории,2042,True,0,0,30
Все категории,2043,True,0,0,30
Все категории,2044,True,0,0,30
Все категории,2045,True,0,0,30
Все категории,2046,True,0,0,30
Все категории,2047,True,0,0,30
Все категории,2048,True,0,0,30
Все категории,2049,True,0,0,30
Все категории,2050,True,0,0,30
Все категории,2051,True,0,0,30
Все категории,2052,True,0,0,30
Все категории,2053,True,0,0,30
Все категории,2054,True,0,0,30
Все категории,2055,True,0,0,30
Все категории,2056,True,0,0,30
Все категории,2057,True,0,0,30
Все категории,2058,True,0,0,30
Все категории,2059,True,0,0,30
Все категории,2060,True,0,0,30
Все категории,2061,True,0,0,30
Все категории,2062,True,0,0,30
Все категории,2063,True,0,0,30
Все категории,2064,True,0,0,30
Все категории,2065,True,0,0,30
Все категории,2066,True,0,0,30
Все категории,2067,True,0,0,30
Все категории,2068,True,0,0,30
Все категории,2069,True,0,0,30
Все категории,2070,True,0,0,30
Все категории,2072,True,0,0,30
Все категории,2073,True,0,0,30
Все категории,2074,True,0,0,30
Все категории,2075,True,0,0,30
Все категории,2076,True,0,0,30
Все категории,2077,True,0,0,30
Все категории,2078,True,0,0,30
Все категории,2079,True,0,0,30
Все категории,2080,True,0,0,30
Все категории,2081,True,0,0,30
Все категории,2082,True,0,0,30
Все категории,2085,True,0,0,30
Все категории,2087,True,0,0,30
Все категории,2088,True,0,0,30
Все категории,2089,True,0,0,30
Все категории,2090,True,0,0,30
Все категории,2091,True,0,0,30
Все категории,2093,True,0,0,30
Все категории,2094,True,0,0,30
Все категории,2095,True,0,0,30
Все категории,2096,True,0,0,30
Все категории,2098,True,0,0,30
Все категории,2100,True,0,0,30
Все категории,2101,True,0,0,30
Все категории,2105,True,0,0,30
Все категории,2108,True,0,0,30
Все категории,2109,True,0,0,30
Все категории,2110,True,0,0,30
Все категории,2111,True,0,0,30
Все категории,2112,True,0,0,30
Все категории,2113,True,0,0,30
Все категории,2114,True,0,0,30
Все категории,2116,True,0,0,30
Все категории,2117,True,0,0,30
Все категории,2118,True,0,0,30
Все категории,2119,True,0,0,30
Все категории,2120,True,0,0,30
Все категории,2121,True,0,0,30
Все категории,2122,True,0,0,30
Все категории,2124,True,0,0,30
Все категории,2125,True,0,0,30
Все категории,2126,True,0,0,30
Все категории,2127,True,0,0,30
Все категории,2128,True,0,0,30
Все категории,2129,True,0,0,30
Все категории,2130,True,0,0,30
Все категории,2131,True,0,0,30
Все категории,2132,True,0,0,30
Все категории,2133,True,0,0,30
Все категории,2134,True,0,0,30
Все категории,2136,True,0,0,30
Все категории,2137,True,0,0,30
Все категории,2138,True,0,0,30
Все категории,2139,True,0,0,30
Все категории,2140,True,0,0,30
Все категории,2142,True,0,0,30
Все категории,2143,True,0,0,30
Все категории,2144,True,0,0,30
Все категории,2145,True,0,0,30
Все категории,2146,True,0,0,30
Все категории,2148,True,0,0,30
Все категории,2149,True,0,0,30
Все категории,2150,True,0,0,30
Все категории,2151,True,0,0,30
Все категории,2152,True,0,0,30
Все категории,2153,True,0,0,30
Все категории,2154,True,0,0,30
Все категории,2155,True,0,0,30
Все категории,2156,True,0,0,30
Все категории,2157,True,0,0,30
Все категории,2158,True,0,0,30
Все категории,2159,True,0,0,30
Все категории,2160,True,0,0,30
Все категории,2161,True,0,0,30
Все категории,2162,True,0,0,30
Все категории,2163,True,0,0,30
Все категории,2164,True,0,0,30
Все категории,2165,True,0,0,30
Все категории,2167,True,0,0,30
Все категории,2168,True,0,0,30
Все категории,2169,True,0,0,30
Все категории,2171,True,0,0,30
Все категории,2172,True,0,0,30
Все категории,2173,True,0,0,30
Все категории,2174,True,0,0,30
Все категории,2175,True,0,0,30
Все категории,2176,True,0,0,30
Все категории,2177,True,0,0,30
Все категории,2178,True,0,0,30
Все категории,2179,True,0,0,30
Все категории,2180,True,0,0,30
Все категории,2181,True,0,0,30
Все категории,2182,True,0,0,30
Все категории,2183,True,0,0,30
Все категории,2184,True,0,0,30
Все категории,2185,True,0,0,30
Все категории,2186,True,0,0,30
Все категории,2187,True,0,0,30
Все категории,2188,True,0,0,30
Все категории,2189,True,0,0,30
Все категории,2190,True,0,0,30
Все категории,2191,True,0,0,30
Все категории,2192,True,0,0,30
Все категории,2193,True,0,0,30
Все категории,2194,True,0,0,30
Все категории,2195,True,0,0,30
Все категории,2196,True,0,0,30
Все категории,2197,True,0,0,30
Все категории,2198,True,0,0,30
Все категории,2199,True,0,0,30
Все категории,2200,True,0,0,30
Все категории,2201,True,0,0,30
Все категории,2202,True,0,0,30
Все категории,2203,True,0,0,30
Все категории,2204,True,0,0,30
Все категории,2205,True,0,0,30
Все категории,2206,True,0,0,30
Все категории,2207,True,0,0,30
Все категории,2208,True,0,0,30
Все категории,2210,True,0,0,30
Все категории,2211,True,0,0,30
Все категории,2212,True,0,0,30
Все категории,2213,True,0,0,30
Все категории,2215,True,0,0,30
Все категории,2216,True,0,0,30
Все категории,2217,True,0,0,30
Все категории,2218,True,0,0,30
Все категории,2219,True,0,0,30
Все категории,2220,True,0,0,30
Все категории,2221,True,0,0,30
Все категории,2222,True,0,0,30
Все категории,2223,True,0,0,30
Все категории,2224,True,0,0,30
Все категории,2225,True,0,0,30
Все категории,2226,True,0,0,30
Все категории,2227,True,0,0,30
Все категории,2228,True,0,0,30
Все категории,2229,True,0,0,30
Все категории,2230,True,0,0,30
Все категории,2231,True,0,0,30
Все категории,2232,True,0,0,30
Все категории,2233,True,0,0,30
Все категории,2234,True,0,0,30
Все категории,2235,True,0,0,30
Все категории,2236,True,0,0,30
Все категории,2237,True,0,0,30
Все категории,2238,True,0,0,30
Все категории,2241,True,0,0,30
Все категории,2242,True,0,0,30
Все категории,2243,True,0,0,30
Все категории,2244,True,0,0,30
Все категории,2245,True,0,0,30
Все категории,2248,True,0,0,30
Все категории,2249,True,0,0,30
Все категории,2250,True,0,0,30
Все категории,2251,True,0,0,30
Все категории,2252,True,0,0,30
Все категории,2253,True,0,0,30
Все категории,2254,True,0,0,30
Все категории,2255,True,0,0,30
Все категории,2256,True,0,0,30
Все категории,2257,True,0,0,30
Все категории,2258,True,0,0,30
Все категории,2259,True,0,0,30
Все категории,2260,True,0,0,30
Все категории,2262,True,0,0,30
Все категории,2264,True,0,0,30
Все категории,2265,True,0,0,30
Все категории,2266,True,0,0,30
Все категории,2267,True,0,0,30
Все категории,2268,True,0,0,30
Все категории,2269,True,0,0,30
Все категории,2270,True,0,0,30
Все категории,2271,True,0,0,30
Все категории,2272,True,0,0,30
Все категории,2274,True,0,0,30
Все категории,2275,True,0,0,30
Все категории,2276,True,0,0,30
Все категории,2278,True,0,0,30
Все категории,2279,True,0,0,30
Все категории,2280,True,0,0,30
Все категории,2281,True,0,0,30
Все категории,2282,True,0,0,30
Все категории,2286,True,0,0,30
Все категории,2287,True,0,0,30
Все категории,2288,True,0,0,30
Все категории,2289,True,0,0,30
Все категории,2292,True,0,0,30
Все категории,2293,True,0,0,30
Все категории,2294,True,0,0,30
Все категории,2295,True,0,0,30
Все категории,2296,True,0,0,30
Все категории,2297,True,0,0,30
Все категории,2298,True,0,0,30
Все категории,2299,True,0,0,30
Все категории,2300,True,0,0,30
Все категории,2301,True,0,0,30
Все категории,2302,True,0,0,30
Все категории,2303,True,0,0,30
Все категории,2304,True,0,0,30
Все категории,2305,True,0,0,30
Все категории,2307,True,0,0,30
Все категории,2308,True,0,0,30
Все категории,2309,True,0,0,30
Все категории,2310,True,0,0,30
Все категории,2311,True,0,0,30
Все категории,2312,True,0,0,30
Все категории,2314,True,0,0,30
Все категории,2315,True,0,0,30
Все категории,2316,True,0,0,30
Все категории,2317,True,0,0,30
Все категории,2318,True,0,0,30
Все категории,2320,True,0,0,30
Все категории,2321,True,0,0,30
Все категории,2322,True,0,0,30
Все категории,2323,True,0,0,30
Все категории,2324,True,0,0,30
Все категории,2325,True,0,0,30
Все категории,2326,True,0,0,30
Все категории,2327,True,0,0,30
Все категории,2328,True,0,0,30
Все категории,2329,True,0,0,30
Все категории,2330,True,0,0,30
Все категории,2332,True,0,0,30
Все категории,2333,True,0,0,30
Все категории,2334,True,0,0,30
Все категории,2335,True,0,0,30
Все категории,2336,True,0,0,30
Все категории,2337,True,0,0,30
Все категории,2338,True,0,0,30
Все категории,2339,True,0,0,30
Все категории,2340,True,0,0,30
Все категории,2341,True,0,0,30
Все категории,2342,True,0,0,30
Все категории,2343,True,0,0,30
Все категории,2344,True,0,0,30
Все категории,2345,True,0,0,30
Все категории,2347,True,26,4,0
Все категории,2348,True,0,0,30
Все категории,2349,True,0,0,30
Все категории,2351,True,0,0,30
Все категории,2352,True,0,0,30
Все категории,2353,True,0,0,30
Все категории,2354,True,0,0,30
Все категории,2355,True,0,0,30
Все категории,2356,True,0,0,30
Все категории,2357,True,0,0,30
Все категории,2358,True,0,0,30
Все категории,2359,True,0,0,30
Все категории,2360,True,0,0,30
Все категории,2361,True,0,0,30
Все категории,2362,True,0,0,30
Все категории,2363,True,0,0,30
Все категории,2364,True,0,0,30
Все категории,2365,True,0,0,30
Все категории,2366,True,0,0,30
Все категории,2367,True,0,0,30
Все категории,2368,True,0,0,30
Все категории,2369,True,0,0,30
Все категории,2370,True,0,0,30
Все категории,2371,True,0,0,30
Все категории,2372,True,0,0,30
Все категории,2373,True,0,0,30
Все категории,2374,True,0,0,30
Все категории,2375,True,0,0,30
Все категории,2376,True,0,0,30
Все категории,2377,True,0,0,30
Все категории,2378,True,0,0,30
Все категории,2379,True,0,0,30
Все категории,2380,True,0,0,30
Все категории,2381,True,0,0,30
Все категории,2382,True,0,0,30
Все категории,2383,True,0,0,30
Все категории,2384,True,0,0,30
Все категории,2385,True,0,0,30
Все категории,2386,True,0,0,30
Все категории,2387,True,0,0,30
Все категории,2388,True,0,0,30
Все категории,2389,True,0,0,30
Все категории,2390,True,0,0,30
Все категории,2391,True,0,0,30
Все категории,2392,True,0,0,30
Все категории,2393,True,0,0,30
Все категории,2394,True,17,6,7
Все категории,2395,True,0,0,30
Все категории,2398,True,0,0,30
Все категории,2399,True,0,0,30
Все категории,2400,True,0,0,30
Все категории,2401,True,0,0,30
Все категории,2402,True,0,0,30
Все категории,2403,True,0,0,30
Все категории,2404,True,0,0,30
Все категории,2405,True,0,0,30
Все категории,2406,True,0,0,30
Все категории,2407,True,0,0,30
Все категории,2408,True,0,0,30
Все категории,2409,True,0,0,30
Все категории,2410,True,0,0,30
Все категории,2411,True,0,0,30
Все категории,2412,True,0,0,30
Все категории,2416,True,0,0,30
Все категории,2422,True,0,0,30
Все категории,2423,True,0,0,30
Все категории,2424,True,0,0,30
Все категории,2425,True,0,0,30
Все категории,2426,True,0,0,30
Все категории,2427,True,0,0,30
Все категории,2428,True,0,0,30
Все категории,2429,True,0,0,30
Все категории,2430,True,0,0,30
Все категории,2431,True,0,0,30
Все категории,2432,True,0,0,30
Все категории,2433,True,0,0,30
Все категории,2434,True,0,0,30
Все категории,2435,True,0,0,30
Все категории,2436,True,0,0,30
Все категории,2437,True,0,0,30
Все категории,2439,True,0,0,30
Все категории,2440,True,0,0,30
Все категории,2441,True,0,0,30
Все категории,2442,True,0,0,30
Все категории,2443,True,0,0,30
Все категории,2444,True,0,0,30
Все категории,2445,True,0,0,30
Все категории,2446,True,0,0,30
Все категории,2447,True,0,0,30
Все категории,2449,True,0,0,30
Все категории,2450,True,0,0,30
Все категории,2451,True,0,0,30
Все категории,2452,True,0,0,30
Все категории,2453,True,0,0,30
Все категории,2454,True,0,0,30
Все категории,2455,True,0,0,30
Все категории,2456,True,0,0,30
Все категории,2457,True,0,0,30
Все категории,2458,True,0,0,30
Все категории,2459,True,0,0,30
Все категории,2460,True,0,0,30
Все категории,2461,True,0,0,30
Все категории,2462,True,0,0,30
Все категории,2463,True,0,0,30
Все категории,2464,True,0,0,30
Все категории,2465,True,0,0,30
Все категории,2466,True,0,0,30
Все категории,2467,True,0,0,30
Все категории,2468,True,0,0,30
Все категории,2469,True,0,0,30
Все категории,2470,True,0,0,30
Все категории,2471,True,0,0,30
Все категории,2472,True,0,0,30
Все категории,2473,True,0,0,30
Все категории,2474,True,0,0,30
Все категории,2475,True,0,0,30
Все категории,2476,True,0,0,30
Все категории,2477,True,0,0,30
Все категории,2478,True,0,0,30
Все категории,2479,True,0,0,30
Все категории,2480,True,0,0,30
Все категории,2481,True,0,0,30
Все категории,2482,True,0,0,30
Все категории,2483,True,0,0,30
Все категории,2484,True,0,0,30
Все категории,2485,True,0,0,30
Все категории,2486,True,0,0,30
Все категории,2487,True,0,0,30
Все категории,2488,True,0,0,30
Все категории,2489,True,0,0,30
Все категории,2490,True,0,0,30
Все категории,2491,True,0,0,30
Все категории,2492,True,0,0,30
Все категории,2493,True,0,0,30
Все категории,2494,True,0,0,30
Все категории,2495,True,0,0,30
Все категории,2496,True,0,0,30
Все категории,2497,True,0,0,30
Все категории,2498,True,0,0,30
Все категории,2499,True,0,0,30
Все категории,2500,True,0,0,30
Все категории,2501,True,0,0,30
Все категории,2502,True,0,0,30
Все категории,2503,True,0,0,30
Все категории,2504,True,0,0,30
Все категории,2505,True,0,0,30
Все категории,2506,True,0,0,30
Все категории,2507,True,0,0,30
Все категории,2508,True,0,0,30
Все категории,2509,True,0,0,30
Все категории,2510,True,0,0,30
Все категории,2511,True,0,0,30
Все категории,2512,True,0,0,30
Все категории,2513,True,0,0,30
Все категории,2514,True,0,0,30
Все категории,2515,True,0,0,30
Все категории,2516,True,0,0,30
Все категории,2517,True,0,0,30
Все категории,2518,True,0,0,30
Все категории,2519,True,0,0,30
Все категории,2520,True,0,0,30
Все категории,2521,True,0,0,30
Все категории,2522,True,0,0,30
Все категории,2523,True,0,0,30
Все категории,2524,True,0,0,30
Все категории,2525,True,0,0,30
Все категории,2526,True,0,0,30
Все категории,2527,True,0,0,30
Все категории,2528,True,0,0,30
Все категории,2529,True,0,0,30
Все категории,2530,True,0,0,30
Все категории,2531,True,0,0,30
Все категории,2532,True,0,0,30
Все категории,2533,True,0,0,30
Все категории,2534,True,0,0,30
Все категории,2535,True,0,0,30
Все категории,2536,True,0,0,30
Все категории,2537,True,0,0,30
Все категории,2538,True,0,0,30
Все категории,2539,True,0,0,30
Все категории,2540,True,0,0,30
Все категории,2541,True,0,0,30
Все категории,2542,True,0,0,30
Все категории,2543,True,0,0,30
Все категории,2544,True,0,0,30
Все категории,2545,True,0,0,30
Все категории,2546,True,0,0,30
Все категории,2547,True,0,0,30
Все категории,2548,True,0,0,30
Все категории,2549,True,0,0,30
Все категории,2550,True,0,0,30
Все категории,2551,True,0,0,30
Все категории,2552,True,0,0,30
Все категории,2553,True,0,0,30
Все категории,2554,True,0,0,30
Все категории,2555,True,0,0,30
Все категории,2556,True,0,0,30
Все категории,2557,True,0,0,30
Все категории,2558,True,0,0,30
Все категории,2559,True,0,0,30
Все категории,2560,True,0,0,30
Все категории,2561,True,0,0,30
Все категории,2562,True,0,0,30
Все категории,2563,True,0,0,30
Все категории,2564,True,0,0,30
Все категории,2565,True,0,0,30
Все категории,2566,True,0,0,30
Все категории,2567,True,0,0,30
Все категории,2568,True,0,0,30
Все категории,2569,True,0,0,30
Все категории,2570,True,0,0,30
Все категории,2571,True,0,0,30
Все категории,2572,True,0,0,30
Все категории,2573,True,0,0,30
Все категории,2574,True,0,0,30
Все категории,2575,True,0,0,30
Все категории,2576,True,0,0,30
Все категории,2577,True,0,0,30
Все категории,2578,True,0,0,30
Все категории,2579,True,0,0,30
Все категории,2580,True,0,0,30
Все категории,2581,True,0,0,30
Все категории,2582,True,0,0,30
Все категории,2583,True,0,0,30
Все категории,2584,True,0,0,30
Все категории,2585,True,0,0,30
Все категории,2586,True,0,0,30
Все категории,2587,True,0,0,30
Все категории,2588,True,0,0,30
Все категории,2589,True,0,0,30
Все категории,2590,True,0,0,30
Все категории,2591,True,0,0,30
Все категории,2592,True,0,0,30
Все категории,2593,True,0,0,30
Все категории,2595,True,0,0,30
Все категории,2596,True,0,0,30
Все категории,2597,True,0,0,30
Все категории,2598,True,0,0,30
Все категории,2599,True,0,0,30
Все категории,2600,True,0,0,30
Все категории,2601,True,0,0,30
Все категории,2602,True,0,0,30
Все категории,2604,True,0,0,30
Все категории,2605,True,0,0,30
Все категории,2606,True,0,0,30
Все категории,2607,True,0,0,30
Все категории,2618,True,0,0,30
Все категории,2619,True,0,0,30
Все категории,2620,True,0,0,30
Все категории,2621,True,0,0,30
Все категории,2644,True,0,0,30
Все категории,2646,True,0,0,30
Все категории,2647,True,0,0,30
Все категории,2648,True,0,0,30
Все категории,2649,True,0,0,30
Все категории,2651,True,0,0,30
Все категории,2652,True,0,0,30
Все категории,2710,True,0,0,30
Все категории,2808,True,0,0,30
Все категории,2809,True,0,0,30
Все категории,2813,True,0,0,30
Все категории,2814,True,0,0,30
Все категории,2872,True,0,0,30
Все категории,2876,True,0,0,30
Все категории,2879,True,0,0,30
Все категории,2880,True,0,0,30
Все категории,2881,True,0,0,30
Все категории,2882,True,0,0,30
Все категории,2883,True,0,0,30
Все категории,2884,True,0,0,30
Все категории,2885,True,0,0,30
Все категории,2886,True,0,0,30
Все категории,2887,True,0,0,30
Все категории,3005,True,0,0,30
Все категории,3007,True,0,0,30
Все категории,3009,True,0,0,30
Все категории,3010,True,26,4,0
Все категории,3011,True,0,0,30
Все категории,3012,True,0,0,30
Все категории,3013,True,0,0,30
Здоровье,1,True,0,0,30
Здоровье,2,True,0,0,30
Здоровье,3,True,0,0,30
Здоровье,4,True,0,0,30
Здоровье,5,True,0,0,30
Здоровье,6,True,0,0,30
Здоровье,7,True,0,0,30
Здоровье,8,True,0,0,30
Здоровье,9,True,0,0,30
Здоровье,10,True,0,0,30
Здоровье,11,True,0,0,30
Здоровье,12,True,0,0,30
Здоровье,13,True,0,0,30
Здоровье,14,True,0,0,30
Здоровье,15,True,0,0,30
Здоровье,16,True,0,0,30
Здоровье,17,True,0,0,30
Здоровье,18,True,0,0,30
Здоровье,19,True,0,0,30
Здоровье,20,True,0,0,30
Здоровье,21,True,0,0,30
Здоровье,22,True,0,0,30
Здоровье,23,True,0,0,30
Здоровье,25,True,0,0,30
Здоровье,26,True,0,0,30
Здоровье,27,True,0,0,30
Здоровье,28,True,0,0,30
Здоровье,29,True,0,0,30
Здоровье,30,True,0,0,30
Здоровье,31,True,0,0,30
Здоровье,32,True,0,0,30
Здоровье,33,True,0,0,30
Здоровье,34,True,0,0,30
Здоровье,35,True,0,0,30
Здоровье,36,True,0,0,30
Здоровье,37,True,0,0,30
Здоровье,38,True,0,0,30
Здоровье,39,True,0,0,30
Здоровье,40,True,0,0,30
Здоровье,41,True,0,0,30
Здоровье,42,True,0,0,30
Здоровье,43,True,0,0,30
Здоровье,44,True,0,0,30
Здоровье,45,True,0,0,30
Здоровье,46,True,0,0,30
Здоровье,47,True,0,0,30
Здоровье,48,True,0,0,30
Здоровье,49,True,0,0,30
Здоровье,50,True,0,0,30
Здоровье,51,True,0,0,30
Здоровье,52,True,0,0,30
Здоровье,53,True,0,0,30
Здоровье,54,True,0,0,30
Здоровье,55,True,0,0,30
Здоровье,56,True,0,0,30
Здоровье,57,True,0,0,30
Здоровье,58,True,0,0,30
Здоровье,59,True,0,0,30
Здоровье,60,True,0,0,30
Здоровье,61,True,0,0,30
Здоровье,62,True,0,0,30
Здоровье,63,True,0,0,30
Здоровье,65,True,0,0,30
Здоровье,66,True,0,0,30
Здоровье,67,True,0,0,30
Здоровье,68,True,0,0,30
Здоровье,69,True,0,0,30
Здоровье,70,True,0,0,30
Здоровье,71,True,0,0,30
Здоровье,72,True,0,0,30
Здоровье,73,True,0,0,30
Здоровье,74,True,0,0,30
Здоровье,75,True,0,0,30
Здоровье,76,True,0,0,30
Здоровье,77,True,0,0,30
Здоровье,78,True,0,0,30
Здоровье,79,True,0,0,30
Здоровье,80,True,0,0,30
Здоровье,81,True,0,0,30
Здоровье,82,True,0,0,30
Здоровье,83,True,0,0,30
Здоровье,85,True,26,4,0
Здоровье,86,True,26,4,0
Здоровье,87,True,26,4,0
Здоровье,88,True,26,4,0
Здоровье,89,True,26,4,0
Здоровье,90,True,26,4,0
Здоровье,91,True,26,4,0
Здоровье,92,True,26,4,0
Здоровье,93,True,26,4,0
Здоровье,94,True,26,4,0
Здоровье,95,True,26,4,0
Здоровье,96,True,26,4,0
Здоровье,97,True,26,4,0
Здоровье,98,True,26,4,0
Здоровье,99,True,26,4,0
Здоровье,101,True,26,4,0
Здоровье,102,True,26,4,0
Здоровье,103,True,26,4,0
Здоровье,104,True,26,4,0
Здоровье,105,True,26,4,0
Здоровье,106,True,26,4,0
Здоровье,158,True,26,4,0
Здоровье,160,True,26,4,0
Здоровье,167,True,0,0,30
Здоровье,168,True,0,0,30
Здоровье,169,True,0,0,30
Здоровье,173,True,0,0,30
Здоровье,181,True,0,0,30
Здоровье,184,True,0,0,30
Здоровье,185,True,0,0,30
Здоровье,188,True,0,0,30
Здоровье,191,True,0,0,30
Здоровье,194,True,0,0,30
Здоровье,195,True,0,0,30
Здоровье,196,True,0,0,30
Здоровье,198,True,0,0,30
Здоровье,201,True,0,0,30
Здоровье,203,True,0,0,30
Здоровье,204,True,0,0,30
Здоровье,205,True,0,0,30
Здоровье,206,True,0,0,30
Здоровье,207,True,0,0,30
Здоровье,208,True,0,0,30
Здоровье,209,True,0,0,30
Здоровье,210,True,0,0,30
Здоровье,211,True,0,0,30
Здоровье,212,True,0,0,30
Здоровье,213,True,0,0,30
Здоровье,214,True,0,0,30
Здоровье,215,True,0,0,30
Здоровье,216,True,0,0,30
Здоровье,217,True,0,0,30
Здоровье,218,True,0,0,30
Здоровье,219,True,0,0,30
Здоровье,220,True,0,0,30
Здоровье,221,True,0,0,30
Здоровье,222,True,0,0,30
Здоровье,223,True,0,0,30
Здоровье,224,True,0,0,30
Здоровье,225,True,0,0,30
Здоровье,226,True,0,0,30
Здоровье,227,True,0,0,30
Здоровье,228,True,0,0,30
Здоровье,229,True,0,0,30
Здоровье,230,True,0,0,30
Здоровье,231,True,0,0,30
Здоровье,232,True,0,0,30
Здоровье,233,True,0,0,30
Здоровье,234,True,0,0,30
Здоровье,235,True,0,0,30
Здоровье,236,True,0,0,30
Здоровье,237,True,0,0,30
Здоровье,238,True,0,0,30
Здоровье,239,True,0,0,30
Здоровье,240,True,0,0,30
Здоровье,241,True,0,0,30
Здоровье,242,True,0,0,30
Здоровье,243,True,0,0,30
Здоровье,269,True,0,0,30
Здоровье,270,True,0,0,30
Здоровье,271,True,0,0,30
Здоровье,272,True,0,0,30
Здоровье,273,True,0,0,30
Здоровье,274,True,0,0,30
Здоровье,275,True,0,0,30
Здоровье,276,True,0,0,30
Здоровье,277,True,0,0,30
Здоровье,278,True,0,0,30
Здоровье,279,True,0,0,30
Здоровье,280,True,0,0,30
Здоровье,281,True,0,0,30
Здоровье,282,True,0,0,30
Здоровье,283,True,0,0,30
Здоровье,284,True,0,0,30
Здоровье,285,True,0,0,30
Здоровье,287,True,0,0,30
Здоровье,288,True,0,0,30
Здоровье,289,True,0,0,30
Здоровье,290,True,0,0,30
Здоровье,292,True,0,0,30
Здоровье,293,True,0,0,30
Здоровье,294,True,0,0,30
Здоровье,295,True,0,0,30
Здоровье,296,True,0,0,30
Здоровье,297,True,0,0,30
Здоровье,298,True,0,0,30
Здоровье,300,True,0,0,30
Здоровье,301,True,0,0,30
Здоровье,302,True,0,0,30
Здоровье,303,True,0,0,30
Здоровье,304,True,0,0,30
Здоровье,305,True,0,0,30
Здоровье,306,True,0,0,30
Здоровье,307,True,0,0,30
Здоровье,308,True,0,0,30
Здоровье,309,True,0,0,30
Здоровье,311,True,6,3,21
Здоровье,312,True,0,0,30
Здоровье,314,True,0,0,30
Здоровье,315,True,8,5,17
Здоровье,316,True,0,0,30
Здоровье,317,True,0,0,30
Здоровье,318,True,0,0,30
Здоровье,319,True,0,0,30
Здоровье,320,True,0,0,30
Здоровье,321,True,0,0,30
Здоровье,322,True,6,5,19
Здоровье,323,True,0,0,30
Здоровье,324,True,0,0,30
Здоровье,325,True,0,0,30
Здоровье,326,True,0,0,30
Здоровье,327,True,0,0,30
Здоровье,328,True,6,5,19
Здоровье,329,True,0,0,30
Здоровье,330,True,0,0,30
Здоровье,331,True,0,0,30
Здоровье,332,True,0,0,30
Здоровье,333,True,0,0,30
Здоровье,334,True,0,0,30
Здоровье,335,True,0,0,30
Здоровье,336,True,0,0,30
Здоровье,337,True,0,0,30
Здоровье,338,True,0,0,30
Здоровье,339,True,0,0,30
Здоровье,340,True,0,0,30
Здоровье,341,True,0,0,30
Здоровье,342,True,0,0,30
Здоровье,343,True,0,0,30
Здоровье,345,True,0,0,30
Здоровье,346,True,0,0,30
Здоровье,347,True,0,0,30
Здоровье,348,True,0,0,30
Здоровье,349,True,0,0,30
Здоровье,351,True,0,0,30
Здоровье,352,True,0,0,30
Здоровье,354,True,0,0,30
Здоровье,355,True,0,0,30
Здоровье,356,True,0,0,30
Здоровье,357,True,0,0,30
Здоровье,358,True,0,0,30
Здоровье,359,True,0,0,30
Здоровье,360,True,0,0,30
Здоровье,361,True,0,0,30
Здоровье,362,True,0,0,30
Здоровье,363,True,0,0,30
Здоровье,364,True,0,0,30
Здоровье,365,True,0,0,30
Здоровье,366,True,0,0,30
Здоровье,367,True,0,0,30
Здоровье,368,True,0,0,30
Здоровье,369,True,0,0,30
Здоровье,370,True,0,0,30
Здоровье,371,True,0,0,30
Здоровье,372,True,0,0,30
Здоровье,373,True,0,0,30
Здоровье,374,True,0,0,30
Здоровье,375,True,0,0,30
Здоровье,376,True,0,0,30
Здоровье,377,True,0,0,30
Здоровье,378,True,0,0,30
Здоровье,379,True,0,0,30
Здоровье,380,True,0,0,30
Здоровье,381,True,0,0,30
Здоровье,382,True,0,0,30
Здоровье,383,True,0,0,30
Здоровье,384,True,0,0,30
Здоровье,385,True,0,0,30
Здоровье,386,True,0,0,30
Здоровье,387,True,0,0,30
Здоровье,388,True,0,0,30
Здоровье,390,True,0,0,30
Здоровье,391,True,0,0,30
Здоровье,392,True,0,0,30
Здоровье,393,True,0,0,30
Здоровье,395,True,0,0,30
Здоровье,396,True,0,0,30
Здоровье,397,True,0,0,30
Здоровье,398,True,0,0,30
Здоровье,401,True,0,0,30
Здоровье,402,True,0,0,30
Здоровье,403,True,0,0,30
Здоровье,404,True,0,0,30
Здоровье,405,True,0,0,30
Здоровье,408,True,0,0,30
Здоровье,410,True,0,0,30
Здоровье,413,True,0,0,30
Здоровье,414,True,0,0,30
Здоровье,416,True,0,0,30
Здоровье,418,True,0,0,30
Здоровье,419,True,0,0,30
Здоровье,420,True,0,0,30
Здоровье,421,True,0,0,30
Здоровье,422,True,0,0,30
Здоровье,423,True,0,0,30
Здоровье,424,True,0,0,30
Здоровье,425,True,0,0,30
Здоровье,428,True,0,0,30
Здоровье,429,True,0,0,30
Здоровье,430,True,0,0,30
Здоровье,431,True,0,0,30
Здоровье,432,True,0,0,30
Здоровье,433,True,0,0,30
Здоровье,434,True,0,0,30
Здоровье,435,True,0,0,30
Здоровье,436,True,0,0,30
Здоровье,437,True,0,0,30
Здоровье,438,True,0,0,30
Здоровье,440,True,0,0,30
Здоровье,441,True,0,0,30
Здоровье,442,True,0,0,30
Здоровье,443,True,0,0,30
Здоровье,444,True,0,0,30
Здоровье,445,True,0,0,30
Здоровье,446,True,0,0,30
Здоровье,447,True,0,0,30
Здоровье,448,True,0,0,30
Здоровье,449,True,0,0,30
Здоровье,450,True,0,0,30
Здоровье,451,True,0,0,30
Здоровье,452,True,0,0,30
Здоровье,453,True,0,0,30
Здоровье,455,True,0,0,30
Здоровье,456,True,0,0,30
Здоровье,457,True,0,0,30
Здоровье,458,True,0,0,30
Здоровье,459,True,0,0,30
Здоровье,460,True,0,0,30
Здоровье,478,True,0,0,30
Здоровье,479,True,0,0,30
Здоровье,480,True,0,0,30
Здоровье,481,True,0,0,30
Здоровье,482,True,0,0,30
Здоровье,484,True,0,0,30
Здоровье,485,True,0,0,30
Здоровье,486,True,0,0,30
Здоровье,487,True,0,0,30
Здоровье,489,True,0,0,30
Здоровье,490,True,0,0,30
Здоровье,491,True,0,0,30
Здоровье,492,True,0,0,30
Здоровье,493,True,0,0,30
Здоровье,494,True,0,0,30
Здоровье,495,True,0,0,30
Здоровье,496,True,0,0,30
Здоровье,497,True,0,0,30
Здоровье,498,True,0,0,30
Здоровье,499,True,0,0,30
Здоровье,500,True,17,6,7
Здоровье,501,True,0,0,30
Здоровье,502,True,0,0,30
Здоровье,503,True,0,0,30
Здоровье,504,True,0,0,30
Здоровье,505,True,0,0,30
Здоровье,506,True,0,0,30
Здоровье,507,True,0,0,30
Здоровье,508,True,0,0,30
Здоровье,509,True,0,0,30
Здоровье,510,True,0,0,30
Здоровье,511,True,0,0,30
Здоровье,512,True,0,0,30
Здоровье,515,True,0,0,30
Здоровье,516,True,0,0,30
Здоровье,517,True,0,0,30
Здоровье,518,True,0,0,30
Здоровье,519,True,0,0,30
Здоровье,520,True,0,0,30
Здоровье,521,True,0,0,30
Здоровье,522,True,0,0,30
Здоровье,523,True,0,0,30
Здоровье,524,True,0,0,30
Здоровье,525,True,0,0,30
Здоровье,527,True,0,0,30
Здоровье,528,True,0,0,30
Здоровье,529,True,0,0,30
Здоровье,530,True,0,0,30
Здоровье,531,True,0,0,30
Здоровье,532,True,0,0,30
Здоровье,533,True,0,0,30
Здоровье,534,True,0,0,30
Здоровье,535,True,0,0,30
Здоровье,536,True,0,0,30
Здоровье,537,True,0,0,30
Здоровье,538,True,0,0,30
Здоровье,539,True,0,0,30
Здоровье,540,True,0,0,30
Здоровье,541,True,0,0,30
Здоровье,542,True,0,0,30
Здоровье,543,True,0,0,30
Здоровье,544,True,0,0,30
Здоровье,545,True,0,0,30
Здоровье,546,True,0,0,30
Здоровье,547,True,0,0,30
Здоровье,548,True,0,0,30
Здоровье,549,True,0,0,30
Здоровье,550,True,0,0,30
Здоровье,552,True,0,0,30
Здоровье,553,True,0,0,30
Здоровье,554,True,0,0,30
Здоровье,555,True,0,0,30
Здоровье,556,True,0,0,30
Здоровье,557,True,0,0,30
Здоровье,558,True,0,0,30
Здоровье,559,True,0,0,30
Здоровье,560,True,0,0,30
Здоровье,561,True,0,0,30
Здоровье,562,True,0,0,30
Здоровье,563,True,0,0,30
Здоровье,564,True,0,0,30
Здоровье,565,True,0,0,30
Здоровье,566,True,0,0,30
Здоровье,567,True,0,0,30
Здоровье,568,True,0,0,30
Здоровье,569,True,0,0,30
Здоровье,570,True,0,0,30
Здоровье,571,True,0,0,30
Здоровье,572,True,0,0,30
Здоровье,573,True,26,4,0
Здоровье,574,True,0,0,30
Здоровье,576,True,26,4,0
Здоровье,577,True,26,4,0
Здоровье,578,True,0,0,30
Здоровье,579,True,0,0,30
Здоровье,580,True,0,0,30
Здоровье,581,True,0,0,30
Здоровье,582,True,0,0,30
Здоровье,583,True,0,0,30
Здоровье,584,True,0,0,30
Здоровье,585,True,0,0,30
Здоровье,586,True,0,0,30
Здоровье,587,True,0,0,30
Здоровье,588,True,0,0,30
Здоровье,589,True,0,0,30
Здоровье,590,True,26,4,0
Здоровье,591,True,0,0,30
Здоровье,592,True,0,0,30
Здоровье,593,True,0,0,30
Здоровье,594,True,0,0,30
Здоровье,595,True,0,0,30
Здоровье,597,True,26,4,0
Здоровье,598,True,0,0,30
Здоровье,599,True,0,0,30
Здоровье,600,True,0,0,30
Здоровье,601,True,0,0,30
Здоровье,602,True,0,0,30
Здоровье,603,True,0,0,30
Здоровье,604,True,0,0,30
Здоровье,605,True,0,0,30
Здоровье,606,True,0,0,30
Здоровье,607,True,0,0,30
Здоровье,608,True,0,0,30
Здоровье,611,True,6,5,19
Здоровье,612,True,0,0,30
Здоровье,613,True,0,0,30
Здоровье,614,True,0,0,30
Здоровье,615,True,0,0,30
Здоровье,616,True,0,0,30
Здоровье,618,True,0,0,30
Здоровье,619,True,0,0,30
Здоровье,621,True,0,0,30
Здоровье,666,True,0,0,30
Здоровье,667,True,0,0,30
Здоровье,668,True,0,0,30
Здоровье,669,True,0,0,30
Здоровье,670,True,0,0,30
Здоровье,671,True,0,0,30
Здоровье,674,True,0,0,30
Здоровье,675,True,0,0,30
Здоровье,676,True,0,0,30
Здоровье,677,True,0,0,30
Здоровье,678,True,0,0,30
Здоровье,679,True,0,0,30
Здоровье,680,True,0,0,30
Здоровье,683,True,0,0,30
Здоровье,685,True,0,0,30
Здоровье,686,True,0,0,30
Здоровье,687,True,0,0,30
Здоровье,689,True,0,0,30
Здоровье,690,True,0,0,30
Здоровье,691,True,0,0,30
Здоровье,692,True,0,0,30
Здоровье,693,True,0,0,30
Здоровье,694,True,0,0,30
Здоровье,695,True,0,0,30
Здоровье,696,True,0,0,30
Здоровье,697,True,0,0,30
Здоровье,698,True,0,0,30
Здоровье,699,True,0,0,30
Здоровье,701,True,0,0,30
Здоровье,702,True,0,0,30
Здоровье,703,True,0,0,30
Здоровье,704,True,0,0,30
Здоровье,705,True,0,0,30
Здоровье,706,True,0,0,30
Здоровье,708,True,0,0,30
Здоровье,710,True,0,0,30
Здоровье,711,True,0,0,30
Здоровье,712,True,0,0,30
Здоровье,713,True,0,0,30
Здоровье,714,True,0,0,30
Здоровье,715,True,0,0,30
Здоровье,716,True,0,0,30
Здоровье,717,True,0,0,30
Здоровье,718,True,0,0,30
Здоровье,719,True,0,0,30
Здоровье,720,True,0,0,30
Здоровье,721,True,0,0,30
Здоровье,722,True,0,0,30
Здоровье,723,True,0,0,30
Здоровье,725,True,0,0,30
Здоровье,726,True,0,0,30
Здоровье,727,True,0,0,30
Здоровье,731,True,0,0,30
Здоровье,734,True,0,0,30
Здоровье,735,True,0,0,30
Здоровье,736,True,0,0,30
Здоровье,737,True,0,0,30
Здоровье,738,True,0,0,30
Здоровье,739,True,0,0,30
Здоровье,741,True,0,0,30
Здоровье,742,True,0,0,30
Здоровье,743,True,0,0,30
Здоровье,744,True,0,0,30
Здоровье,745,True,0,0,30
Здоровье,746,True,0,0,30
Здоровье,747,True,0,0,30
Здоровье,748,True,0,0,30
Здоровье,749,True,0,0,30
Здоровье,751,True,0,0,30
Здоровье,752,True,0,0,30
Здоровье,753,True,0,0,30
Здоровье,754,True,0,0,30
Здоровье,755,True,0,0,30
Здоровье,756,True,0,0,30
Здоровье,757,True,0,0,30
Здоровье,758,True,0,0,30
Здоровье,760,True,0,0,30
Здоровье,761,True,0,0,30
Здоровье,763,True,0,0,30
Здоровье,764,True,0,0,30
Здоровье,765,True,0,0,30
Здоровье,766,True,0,0,30
Здоровье,767,True,0,0,30
Здоровье,769,True,0,0,30
Здоровье,770,True,0,0,30
Здоровье,771,True,0,0,30
Здоровье,773,True,0,0,30
Здоровье,774,True,0,0,30
Здоровье,775,True,0,0,30
Здоровье,776,True,0,0,30
Здоровье,777,True,0,0,30
Здоровье,778,True,0,0,30
Здоровье,779,True,0,0,30
Здоровье,780,True,0,0,30
Здоровье,781,True,0,0,30
Здоровье,782,True,0,0,30
Здоровье,783,True,0,0,30
Здоровье,784,True,0,0,30
Здоровье,785,True,0,0,30
Здоровье,787,True,0,0,30
Здоровье,788,True,0,0,30
Здоровье,789,True,0,0,30
Здоровье,790,True,0,0,30
Здоровье,791,True,0,0,30
Здоровье,792,True,0,0,30
Здоровье,793,True,0,0,30
Здоровье,794,True,0,0,30
Здоровье,795,True,0,0,30
Здоровье,796,True,0,0,30
Здоровье,797,True,0,0,30
Здоровье,798,True,0,0,30
Здоровье,799,True,0,0,30
Здоровье,800,True,0,0,30
Здоровье,801,True,0,0,30
Здоровье,802,True,0,0,30
Здоровье,803,True,0,0,30
Здоровье,804,True,0,0,30
Здоровье,805,True,0,0,30
Здоровье,806,True,0,0,30
Здоровье,807,True,0,0,30
Здоровье,808,True,0,0,30
Здоровье,809,True,0,0,30
Здоровье,810,True,0,0,30
Здоровье,811,True,0,0,30
Здоровье,812,True,0,0,30
Здоровье,813,True,0,0,30
Здоровье,814,True,0,0,30
Здоровье,815,True,0,0,30
Здоровье,817,True,0,0,30
Здоровье,818,True,0,0,30
Здоровье,819,True,0,0,30
Здоровье,820,True,0,0,30
Здоровье,821,True,0,0,30
Здоровье,822,True,0,0,30
Здоровье,823,True,0,0,30
Здоровье,824,True,0,0,30
Здоровье,825,True,0,0,30
Здоровье,826,True,0,0,30
Здоровье,827,True,0,0,30
Здоровье,828,True,0,0,30
Здоровье,829,True,0,0,30
Здоровье,830,True,0,0,30
Здоровье,831,True,0,0,30
Здоровье,832,True,0,0,30
Здоровье,833,True,0,0,30
Здоровье,834,True,0,0,30
Здоровье,835,True,0,0,30
Здоровье,836,True,0,0,30
Здоровье,838,True,0,0,30
Здоровье,839,True,0,0,30
Здоровье,840,True,0,0,30
Здоровье,841,True,0,0,30
Здоровье,842,True,0,0,30
Здоровье,843,True,0,0,30
Здоровье,844,True,0,0,30
Здоровье,846,True,0,0,30
Здоровье,847,True,0,0,30
Здоровье,848,True,0,0,30
Здоровье,849,True,0,0,30
Здоровье,851,True,0,0,30
Здоровье,852,True,0,0,30
Здоровье,853,True,0,0,30
Здоровье,854,True,0,0,30
Здоровье,855,True,0,0,30
Здоровье,856,True,0,0,30
Здоровье,857,True,0,0,30
Здоровье,859,True,0,0,30
Здоровье,860,True,0,0,30
Здоровье,862,True,26,4,0
Здоровье,863,True,26,4,0
Здоровье,864,True,26,4,0
Здоровье,865,True,26,4,0
Здоровье,866,True,26,4,0
Здоровье,867,True,26,4,0
Здоровье,868,True,26,4,0
Здоровье,870,True,0,0,30
Здоровье,871,True,0,0,30
Здоровье,872,True,0,0,30
Здоровье,873,True,0,0,30
Здоровье,874,True,0,0,30
Здоровье,875,True,0,0,30
Здоровье,876,True,0,0,30
Здоровье,877,True,0,0,30
Здоровье,878,True,0,0,30
Здоровье,879,True,0,0,30
Здоровье,880,True,0,0,30
Здоровье,881,True,0,0,30
Здоровье,882,True,0,0,30
Здоровье,883,True,0,0,30
Здоровье,884,True,0,0,30
Здоровье,885,True,0,0,30
Здоровье,886,True,0,0,30
Здоровье,887,True,26,4,0
Здоровье,888,True,0,0,30
Здоровье,889,True,0,0,30
Здоровье,890,True,0,0,30
Здоровье,891,True,0,0,30
Здоровье,892,True,0,0,30
Здоровье,895,True,0,0,30
Здоровье,896,True,0,0,30
Здоровье,897,True,0,0,30
Здоровье,898,True,0,0,30
Здоровье,899,True,0,0,30
Здоровье,900,True,0,0,30
Здоровье,901,True,0,0,30
Здоровье,902,True,0,0,30
Здоровье,903,True,0,0,30
Здоровье,904,True,0,0,30
Здоровье,905,True,0,0,30
Здоровье,907,True,0,0,30
Здоровье,908,True,0,0,30
Здоровье,909,True,0,0,30
Здоровье,910,True,26,4,0
Здоровье,911,True,0,0,30
Здоровье,912,True,0,0,30
Здоровье,913,True,0,0,30
Здоровье,914,True,0,0,30
Здоровье,915,True,0,0,30
Здоровье,916,True,0,0,30
Здоровье,917,True,0,0,30
Здоровье,918,True,0,0,30
Здоровье,920,True,0,0,30
Здоровье,922,True,0,0,30
Здоровье,923,True,0,0,30
Здоровье,924,True,0,0,30
Здоровье,925,True,0,0,30
Здоровье,926,True,0,0,30
Здоровье,927,True,0,0,30
Здоровье,928,True,0,0,30
Здоровье,929,True,0,0,30
Здоровье,930,True,0,0,30
Здоровье,986,True,0,0,30
Здоровье,987,True,0,0,30
Здоровье,988,True,0,0,30
Здоровье,989,True,0,0,30
Здоровье,991,True,0,0,30
Здоровье,992,True,0,0,30
Здоровье,993,True,0,0,30
Здоровье,994,True,0,0,30
Здоровье,995,True,0,0,30
Здоровье,996,True,0,0,30
Здоровье,998,True,0,0,30
Здоровье,999,True,0,0,30
Здоровье,1001,True,0,0,30
Здоровье,1002,True,0,0,30
Здоровье,1003,True,0,0,30
Здоровье,1004,True,0,0,30
Здоровье,1005,True,0,0,30
Здоровье,1006,True,0,0,30
Здоровье,1007,True,0,0,30
Здоровье,1008,True,0,0,30
Здоровье,1009,True,0,0,30
Здоровье,1010,True,0,0,30
Здоровье,1011,True,0,0,30
Здоровье,1012,True,0,0,30
Здоровье,1013,True,0,0,30
Здоровье,1014,True,0,0,30
Здоровье,1015,True,0,0,30
Здоровье,1016,True,0,0,30
Здоровье,1017,True,0,0,30
Здоровье,1018,True,0,0,30
Здоровье,1019,True,0,0,30
Здоровье,1020,True,0,0,30
Здоровье,1021,True,0,0,30
Здоровье,1023,True,0,0,30
Здоровье,1024,True,0,0,30
Здоровье,1025,True,0,0,30
Здоровье,1026,True,0,0,30
Здоровье,1027,True,0,0,30
Здоровье,1028,True,0,0,30
Здоровье,1029,True,0,0,30
Здоровье,1030,True,0,0,30
Здоровье,1031,True,0,0,30
Здоровье,1032,True,0,0,30
Здоровье,1033,True,0,0,30
Здоровье,1034,True,0,0,30
Здоровье,1035,True,0,0,30
Здоровье,1036,True,0,0,30
Здоровье,1037,True,0,0,30
Здоровье,1038,True,0,0,30
Здоровье,1039,True,0,0,30
Здоровье,1040,True,0,0,30
Здоровье,1041,True,0,0,30
Здоровье,1044,True,0,0,30
Здоровье,1047,True,0,0,30
Здоровье,1048,True,0,0,30
Здоровье,1049,True,0,0,30
Здоровье,1051,True,0,0,30
Здоровье,1052,True,0,0,30
Здоровье,1053,True,0,0,30
Здоровье,1054,True,0,0,30
Здоровье,1055,True,0,0,30
Здоровье,1056,True,0,0,30
Здоровье,1057,True,0,0,30
Здоровье,1058,True,0,0,30
Здоровье,1059,True,0,0,30
Здоровье,1060,True,0,0,30
Здоровье,1061,True,0,0,30
Здоровье,1062,True,0,0,30
Здоровье,1063,True,0,0,30
Здоровье,1064,True,0,0,30
Здоровье,1065,True,0,0,30
Здоровье,1066,True,0,0,30
Здоровье,1067,True,0,0,30
Здоровье,1068,True,0,0,30
Здоровье,1069,True,0,0,30
Здоровье,1070,True,0,0,30
Здоровье,1071,True,0,0,30
Здоровье,1072,True,0,0,30
Здоровье,1107,True,0,0,30
Здоровье,1108,True,0,0,30
Здоровье,1109,True,0,0,30
Здоровье,1110,True,0,0,30
Здоровье,1111,True,0,0,30
Здоровье,1112,True,0,0,30
Здоровье,1113,True,0,0,30
Здоровье,1115,True,0,0,30
Здоровье,1116,True,0,0,30
Здоровье,1117,True,0,0,30
Здоровье,1118,True,0,0,30
Здоровье,1119,True,0,0,30
Здоровье,1120,True,0,0,30
Здоровье,1121,True,0,0,30
Здоровье,1122,True,0,0,30
Здоровье,1123,True,0,0,30
Здоровье,1124,True,0,0,30
Здоровье,1125,True,0,0,30
Здоровье,1126,True,0,0,30
Здоровье,1127,True,0,0,30
Здоровье,1128,True,0,0,30
Здоровье,1129,True,0,0,30
Здоровье,1130,True,0,0,30
Здоровье,1131,True,0,0,30
Здоровье,1132,True,0,0,30
Здоровье,1133,True,0,0,30
Здоровье,1134,True,0,0,30
Здоровье,1135,True,0,0,30
Здоровье,1136,True,0,0,30
Здоровье,1137,True,0,0,30
Здоровье,1138,True,0,0,30
Здоровье,1139,True,0,0,30
Здоровье,1140,True,0,0,30
Здоровье,1141,True,0,0,30
Здоровье,1142,True,0,0,30
Здоровье,1143,True,0,0,30
Здоровье,1144,True,0,0,30
Здоровье,1146,True,0,0,30
Здоровье,1147,True,0,0,30
Здоровье,1148,True,0,0,30
Здоровье,1149,True,0,0,30
Здоровье,1150,True,0,0,30
Здоровье,1151,True,0,0,30
Здоровье,1152,True,0,0,30
Здоровье,1153,True,0,0,30
Здоровье,1154,True,0,0,30
Здоровье,1155,True,0,0,30
Здоровье,1157,True,0,0,30
Здоровье,1158,True,0,0,30
Здоровье,1159,True,0,0,30
Здоровье,1160,True,0,0,30
Здоровье,1161,True,0,0,30
Здоровье,1163,True,0,0,30
Здоровье,1164,True,0,0,30
Здоровье,1165,True,0,0,30
Здоровье,1166,True,0,0,30
Здоровье,1167,True,0,0,30
Здоровье,1168,True,0,0,30
Здоровье,1169,True,0,0,30
Здоровье,1170,True,0,0,30
Здоровье,1171,True,0,0,30
Здоровье,1172,True,0,0,30
Здоровье,1173,True,0,0,30
Здоровье,1174,True,0,0,30
Здоровье,1175,True,0,0,30
Здоровье,1176,True,0,0,30
Здоровье,1178,True,0,0,30
Здоровье,1179,True,0,0,30
Здоровье,1180,True,0,0,30
Здоровье,1181,True,0,0,30
Здоровье,1184,True,0,0,30
Здоровье,1185,True,0,0,30
Здоровье,1186,True,0,0,30
Здоровье,1187,True,0,0,30
Здоровье,1188,True,0,0,30
Здоровье,1189,True,0,0,30
Здоровье,1190,True,0,0,30
Здоровье,1191,True,0,0,30
Здоровье,1192,True,0,0,30
Здоровье,1193,True,0,0,30
Здоровье,1194,True,0,0,30
Здоровье,1195,True,0,0,30
Здоровье,1196,True,0,0,30
Здоровье,1197,True,0,0,30
Здоровье,1198,True,0,0,30
Здоровье,1200,True,0,0,30
Здоровье,1201,True,0,0,30
Здоровье,1203,True,0,0,30
Здоровье,1204,True,0,0,30
Здоровье,1205,True,0,0,30
Здоровье,1206,True,0,0,30
Здоровье,1207,True,0,0,30
Здоровье,1208,True,0,0,30
Здоровье,1209,True,0,0,30
Здоровье,1210,True,0,0,30
Здоровье,1211,True,0,0,30
Здоровье,1212,True,0,0,30
Здоровье,1213,True,0,0,30
Здоровье,1214,True,0,0,30
Здоровье,1215,True,0,0,30
Здоровье,1217,True,0,0,30
Здоровье,1218,True,0,0,30
Здоровье,1219,True,0,0,30
Здоровье,1220,True,0,0,30
Здоровье,1221,True,0,0,30
Здоровье,1222,True,0,0,30
Здоровье,1223,True,0,0,30
Здоровье,1224,True,0,0,30
Здоровье,1225,True,0,0,30
Здоровье,1226,True,0,0,30
Здоровье,1227,True,0,0,30
Здоровье,1228,True,0,0,30
Здоровье,1229,True,0,0,30
Здоровье,1230,True,0,0,30
Здоровье,1231,True,0,0,30
Здоровье,1232,True,0,0,30
Здоровье,1233,True,0,0,30
Здоровье,1234,True,0,0,30
Здоровье,1235,True,0,0,30
Здоровье,1236,True,0,0,30
Здоровье,1237,True,0,0,30
Здоровье,1238,True,0,0,30
Здоровье,1240,True,0,0,30
Здоровье,1241,True,0,0,30
Здоровье,1242,True,0,0,30
Здоровье,1243,True,0,0,30
Здоровье,1244,True,0,0,30
Здоровье,1246,True,0,0,30
Здоровье,1247,True,26,2,2
Здоровье,1249,True,0,0,30
Здоровье,1250,True,0,0,30
Здоровье,1251,True,0,0,30
Здоровье,1252,True,0,0,30
Здоровье,1253,True,0,0,30
Здоровье,1254,True,0,0,30
Здоровье,1256,True,0,0,30
Здоровье,1257,True,0,0,30
Здоровье,1258,True,0,0,30
Здоровье,1259,True,0,0,30
Здоровье,1260,True,0,0,30
Здоровье,1261,True,0,0,30
Здоровье,1262,True,0,0,30
Здоровье,1264,True,0,0,30
Здоровье,1265,True,0,0,30
Здоровье,1266,True,0,0,30
Здоровье,1267,True,0,0,30
Здоровье,1268,True,0,0,30
Здоровье,1269,True,0,0,30
Здоровье,1270,True,0,0,30
Здоровье,1271,True,0,0,30
Здоровье,1272,True,0,0,30
Здоровье,1273,True,0,0,30
Здоровье,1274,True,0,0,30
Здоровье,1275,True,0,0,30
Здоровье,1276,True,0,0,30
Здоровье,1277,True,0,0,30
Здоровье,1278,True,0,0,30
Здоровье,1279,True,0,0,30
Здоровье,1280,True,0,0,30
Здоровье,1281,True,0,0,30
Здоровье,1282,True,0,0,30
Здоровье,1284,True,0,0,30
Здоровье,1285,True,0,0,30
Здоровье,1286,True,0,0,30
Здоровье,1287,True,0,0,30
Здоровье,1288,True,0,0,30
Здоровье,1289,True,0,0,30
Здоровье,1290,True,0,0,30
Здоровье,1291,True,0,0,30
Здоровье,1292,True,0,0,30
Здоровье,1293,True,0,0,30
Здоровье,1294,True,0,0,30
Здоровье,1295,True,0,0,30
Здоровье,1296,True,0,0,30
Здоровье,1297,True,0,0,30
Здоровье,1298,True,0,0,30
Здоровье,1299,True,0,0,30
Здоровье,1300,True,0,0,30
Здоровье,1301,True,0,0,30
Здоровье,1302,True,0,0,30
Здоровье,1303,True,0,0,30
Здоровье,1304,True,0,0,30
Здоровье,1305,True,0,0,30
Здоровье,1306,True,0,0,30
Здоровье,1308,True,0,0,30
Здоровье,1309,True,0,0,30
Здоровье,1310,True,0,0,30
Здоровье,1311,True,0,0,30
Здоровье,1312,True,0,0,30
Здоровье,1313,True,0,0,30
Здоровье,1314,True,0,0,30
Здоровье,1315,True,0,0,30
Здоровье,1316,True,0,0,30
Здоровье,1317,True,0,0,30
Здоровье,1319,True,0,0,30
Здоровье,1320,True,0,0,30
Здоровье,1321,True,0,0,30
Здоровье,1322,True,0,0,30
Здоровье,1323,True,0,0,30
Здоровье,1324,True,0,0,30
Здоровье,1325,True,0,0,30
Здоровье,1326,True,0,0,30
Здоровье,1327,True,0,0,30
Здоровье,1328,True,0,0,30
Здоровье,1329,True,0,0,30
Здоровье,1330,True,0,0,30
Здоровье,1331,True,0,0,30
Здоровье,1333,True,0,0,30
Здоровье,1334,True,0,0,30
Здоровье,1335,True,0,0,30
Здоровье,1336,True,0,0,30
Здоровье,1337,True,0,0,30
Здоровье,1338,True,0,0,30
Здоровье,1339,True,0,0,30
Здоровье,1340,True,0,0,30
Здоровье,1341,True,0,0,30
Здоровье,1343,True,0,0,30
Здоровье,1344,True,0,0,30
Здоровье,1345,True,0,0,30
Здоровье,1346,True,0,0,30
Здоровье,1347,True,0,0,30
Здоровье,1348,True,0,0,30
Здоровье,1349,True,0,0,30
Здоровье,1350,True,0,0,30
Здоровье,1351,True,0,0,30
Здоровье,1352,True,0,0,30
Здоровье,1353,True,0,0,30
Здоровье,1355,True,0,0,30
Здоровье,1356,True,0,0,30
Здоровье,1357,True,0,0,30
Здоровье,1358,True,0,0,30
Здоровье,1392,True,0,0,30
Здоровье,1393,True,0,0,30
Здоровье,1394,True,0,0,30
Здоровье,1395,True,0,0,30
Здоровье,1396,True,0,0,30
Здоровье,1397,True,0,0,30
Здоровье,1398,True,0,0,30
Здоровье,1399,True,0,0,30
Здоровье,1400,True,0,0,30
Здоровье,1401,True,0,0,30
Здоровье,1402,True,0,0,30
Здоровье,1403,True,0,0,30
Здоровье,1404,True,0,0,30
Здоровье,1405,True,0,0,30
Здоровье,1406,True,0,0,30
Здоровье,1407,True,0,0,30
Здоровье,1408,True,0,0,30
Здоровье,1409,True,0,0,30
Здоровье,1410,True,0,0,30
Здоровье,1411,True,0,0,30
Здоровье,1412,True,0,0,30
Здоровье,1413,True,0,0,30
Здоровье,1414,True,0,0,30
Здоровье,1415,True,0,0,30
Здоровье,1416,True,0,0,30
Здоровье,1417,True,0,0,30
Здоровье,1419,True,0,0,30
Здоровье,1420,True,0,0,30
Здоровье,1421,True,0,0,30
Здоровье,1422,True,0,0,30
Здоровье,1423,True,0,0,30
Здоровье,1425,True,0,0,30
Здоровье,1426,True,0,0,30
Здоровье,1427,True,0,0,30
Здоровье,1428,True,0,0,30
Здоровье,1429,True,0,0,30
Здоровье,1430,True,0,0,30
Здоровье,1431,True,0,0,30
Здоровье,1434,True,6,5,19
Здоровье,1435,True,0,4,26
Здоровье,1437,True,2,6,22
Здоровье,1438,True,0,0,30
Здоровье,1439,True,0,0,30
Здоровье,1440,True,0,0,30
Здоровье,1443,True,0,0,30
Здоровье,1444,True,0,0,30
Здоровье,1445,True,0,0,30
Здоровье,1446,True,0,0,30
Здоровье,1447,True,0,0,30
Здоровье,1448,True,0,0,30
Здоровье,1449,True,0,0,30
Здоровье,1453,True,0,0,30
Здоровье,1454,True,0,0,30
Здоровье,1456,True,0,0,30
Здоровье,1457,True,0,0,30
Здоровье,1459,True,0,0,30
Здоровье,1461,True,0,0,30
Здоровье,1463,True,0,0,30
Здоровье,1464,True,0,0,30
Здоровье,1465,True,0,0,30
Здоровье,1467,True,0,0,30
Здоровье,1468,True,0,0,30
Здоровье,1471,True,26,4,0
Здоровье,1472,True,0,0,30
Здоровье,1473,True,0,0,30
Здоровье,1474,True,0,0,30
Здоровье,1475,True,0,0,30
Здоровье,1477,True,0,0,30
Здоровье,1478,True,0,0,30
Здоровье,1480,True,0,0,30
Здоровье,1481,True,0,0,30
Здоровье,1483,True,0,0,30
Здоровье,1484,True,0,0,30
Здоровье,1486,True,0,0,30
Здоровье,1487,True,26,4,0
Здоровье,1488,True,0,0,30
Здоровье,1489,True,0,0,30
Здоровье,1490,True,0,0,30
Здоровье,1491,True,0,0,30
Здоровье,1492,True,0,0,30
Здоровье,1493,True,0,0,30
Здоровье,1494,True,0,0,30
Здоровье,1495,True,0,0,30
Здоровье,1496,True,0,0,30
Здоровье,1500,True,0,0,30
Здоровье,1501,True,0,0,30
Здоровье,1504,True,0,0,30
Здоровье,1506,True,0,0,30
Здоровье,1507,True,0,0,30
Здоровье,1508,True,0,0,30
Здоровье,1509,True,0,0,30
Здоровье,1510,True,0,0,30
Здоровье,1511,True,0,0,30
Здоровье,1512,True,0,0,30
Здоровье,1518,True,0,0,30
Здоровье,1519,True,0,0,30
Здоровье,1520,True,0,0,30
Здоровье,1521,True,0,0,30
Здоровье,1522,True,0,0,30
Здоровье,1523,True,0,0,30
Здоровье,1525,True,0,0,30
Здоровье,1526,True,0,0,30
Здоровье,1527,True,0,0,30
Здоровье,1528,True,0,0,30
Здоровье,1529,True,0,0,30
Здоровье,1530,True,0,0,30
Здоровье,1532,True,0,0,30
Здоровье,1533,True,0,0,30
Здоровье,1534,True,0,0,30
Здоровье,1535,True,0,0,30
Здоровье,1536,True,0,0,30
Здоровье,1537,True,0,0,30
Здоровье,1539,True,0,0,30
Здоровье,1540,True,0,0,30
Здоровье,1541,True,0,0,30
Здоровье,1542,True,0,0,30
Здоровье,1543,True,0,0,30
Здоровье,1544,True,0,0,30
Здоровье,1545,True,0,0,30
Здоровье,1546,True,0,0,30
Здоровье,1547,True,0,0,30
Здоровье,1548,True,0,0,30
Здоровье,1549,True,0,0,30
Здоровье,1550,True,0,0,30
Здоровье,1551,True,0,0,30
Здоровье,1552,True,0,0,30
Здоровье,1553,True,0,0,30
Здоровье,1554,True,0,0,30
Здоровье,1555,True,0,0,30
Здоровье,1556,True,0,0,30
Здоровье,1557,True,0,0,30
Здоровье,1558,True,0,0,30
Здоровье,1559,True,0,0,30
Здоровье,1560,True,0,0,30
Здоровье,1561,True,0,0,30
Здоровье,1562,True,0,0,30
Здоровье,1563,True,0,0,30
Здоровье,1564,True,0,0,30
Здоровье,1565,True,0,0,30
Здоровье,1566,True,0,0,30
Здоровье,1567,True,0,0,30
Здоровье,1568,True,0,0,30
Здоровье,1569,True,0,0,30
Здоровье,1570,True,0,0,30
Здоровье,1571,True,0,0,30
Здоровье,1572,True,0,0,30
Здоровье,1573,True,0,0,30
Здоровье,1574,True,0,0,30
Здоровье,1575,True,0,0,30
Здоровье,1577,True,0,0,30
Здоровье,1578,True,0,0,30
Здоровье,1579,True,0,0,30
Здоровье,1580,True,0,0,30
Здоровье,1581,True,0,0,30
Здоровье,1582,True,0,0,30
Здоровье,1583,True,0,0,30
Здоровье,1584,True,0,0,30
Здоровье,1585,True,0,0,30
Здоровье,1586,True,0,0,30
Здоровье,1587,True,0,0,30
Здоровье,1588,True,0,0,30
Здоровье,1589,True,0,0,30
Здоровье,1590,True,0,0,30
Здоровье,1591,True,0,0,30
Здоровье,1592,True,0,0,30
Здоровье,1593,True,0,0,30
Здоровье,1594,True,0,0,30
Здоровье,1595,True,0,0,30
Здоровье,1596,True,0,0,30
Здоровье,1597,True,0,0,30
Здоровье,1598,True,0,0,30
Здоровье,1599,True,0,0,30
Здоровье,1600,True,0,0,30
Здоровье,1601,True,0,0,30
Здоровье,1602,True,0,0,30
Здоровье,1603,True,0,0,30
Здоровье,1604,True,0,0,30
Здоровье,1605,True,0,0,30
Здоровье,1606,True,0,0,30
Здоровье,1607,True,0,0,30
Здоровье,1608,True,0,0,30
Здоровье,1609,True,0,0,30
Здоровье,1610,True,0,0,30
Здоровье,1611,True,0,0,30
Здоровье,1612,True,0,0,30
Здоровье,1613,True,0,0,30
Здоровье,1614,True,0,0,30
Здоровье,1615,True,0,0,30
Здоровье,1616,True,0,0,30
Здоровье,1617,True,0,0,30
Здоровье,1618,True,0,0,30
Здоровье,1619,True,0,0,30
Здоровье,1620,True,0,0,30
Здоровье,1621,True,0,0,30
Здоровье,1622,True,0,0,30
Здоровье,1623,True,0,0,30
Здоровье,1624,True,0,0,30
Здоровье,1625,True,0,0,30
Здоровье,1626,True,0,0,30
Здоровье,1627,True,0,0,30
Здоровье,1628,True,0,0,30
Здоровье,1629,True,0,0,30
Здоровье,1630,True,0,0,30
Здоровье,1631,True,0,0,30
Здоровье,1632,True,0,0,30
Здоровье,1633,True,0,0,30
Здоровье,1634,True,0,0,30
Здоровье,1635,True,0,0,30
Здоровье,1636,True,0,0,30
Здоровье,1637,True,0,0,30
Здоровье,1638,True,0,0,30
Здоровье,1639,True,0,0,30
Здоровье,1640,True,0,0,30
Здоровье,1641,True,0,0,30
Здоровье,1642,True,0,0,30
Здоровье,1643,True,0,0,30
Здоровье,1644,True,0,0,30
Здоровье,1645,True,0,0,30
Здоровье,1646,True,0,0,30
Здоровье,1647,True,0,0,30
Здоровье,1648,True,0,0,30
Здоровье,1649,True,0,0,30
Здоровье,1650,True,0,0,30
Здоровье,1651,True,0,0,30
Здоровье,1652,True,0,0,30
Здоровье,1653,True,0,0,30
Здоровье,1654,True,0,0,30
Здоровье,1655,True,0,0,30
Здоровье,1656,True,0,0,30
Здоровье,1657,True,0,0,30
Здоровье,1658,True,0,0,30
Здоровье,1659,True,0,0,30
Здоровье,1660,True,0,0,30
Здоровье,1661,True,0,0,30
Здоровье,1662,True,0,0,30
Здоровье,1663,True,0,0,30
Здоровье,1664,True,0,0,30
Здоровье,1665,True,0,0,30
Здоровье,1666,True,0,0,30
Здоровье,1667,True,0,0,30
Здоровье,1668,True,0,0,30
Здоровье,1669,True,0,0,30
Здоровье,1670,True,0,0,30
Здоровье,1671,True,0,0,30
Здоровье,1672,True,0,0,30
Здоровье,1673,True,0,0,30
Здоровье,1674,True,0,0,30
Здоровье,1675,True,0,0,30
Здоровье,1676,True,0,0,30
Здоровье,1678,True,0,0,30
Здоровье,1679,True,0,0,30
Здоровье,1680,True,0,0,30
Здоровье,1681,True,0,0,30
Здоровье,1682,True,0,0,30
Здоровье,1683,True,0,0,30
Здоровье,1685,True,0,0,30
Здоровье,1686,True,0,0,30
Здоровье,1687,True,0,0,30
Здоровье,1688,True,0,0,30
Здоровье,1689,True,0,0,30
Здоровье,1690,True,0,0,30
Здоровье,1691,True,0,0,30
Здоровье,1692,True,0,0,30
Здоровье,1693,True,0,0,30
Здоровье,1694,True,0,0,30
Здоровье,1696,True,0,0,30
Здоровье,1697,True,0,0,30
Здоровье,1698,True,0,0,30
Здоровье,1699,True,0,0,30
Здоровье,1700,True,0,0,30
Здоровье,1701,True,0,0,30
Здоровье,1702,True,0,0,30
Здоровье,1703,True,0,0,30
Здоровье,1704,True,0,0,30
Здоровье,1705,True,0,0,30
Здоровье,1706,True,0,0,30
Здоровье,1707,True,0,0,30
Здоровье,1708,True,0,0,30
Здоровье,1709,True,0,0,30
Здоровье,1710,True,0,0,30
Здоровье,1711,True,0,0,30
Здоровье,1712,True,0,0,30
Здоровье,1713,True,14,8,8
Здоровье,1714,True,0,0,30
Здоровье,1715,True,0,0,30
Здоровье,1717,True,0,0,30
Здоровье,1718,True,0,0,30
Здоровье,1719,True,0,0,30
Здоровье,1722,True,0,0,30
Здоровье,1724,True,0,0,30
Здоровье,1725,True,0,0,30
Здоровье,1726,True,0,0,30
Здоровье,1727,True,0,0,30
Здоровье,1728,True,0,0,30
Здоровье,1730,True,0,0,30
Здоровье,1731,True,0,0,30
Здоровье,1732,True,0,0,30
Здоровье,1733,True,0,0,30
Здоровье,1737,True,0,0,30
Здоровье,1738,True,0,0,30
Здоровье,1739,True,0,0,30
Здоровье,1740,True,0,0,30
Здоровье,1741,True,0,0,30
Здоровье,1742,True,0,0,30
Здоровье,1743,True,0,0,30
Здоровье,1744,True,0,0,30
Здоровье,1745,True,0,0,30
Здоровье,1746,True,0,0,30
Здоровье,1747,True,0,0,30
Здоровье,1749,True,0,0,30
Здоровье,1750,True,0,0,30
Здоровье,1751,True,0,0,30
Здоровье,1752,True,0,0,30
Здоровье,1753,True,0,0,30
Здоровье,1754,True,0,0,30
Здоровье,1755,True,0,0,30
Здоровье,1756,True,0,0,30
Здоровье,1757,True,0,0,30
Здоровье,1758,True,0,0,30
Здоровье,1759,True,0,0,30
Здоровье,1760,True,0,0,30
Здоровье,1761,True,0,0,30
Здоровье,1762,True,0,0,30
Здоровье,1763,True,11,8,11
Здоровье,1764,True,0,0,30
Здоровье,1765,True,0,0,30
Здоровье,1766,True,0,0,30
Здоровье,1768,True,0,0,30
Здоровье,1769,True,0,0,30
Здоровье,1770,True,0,0,30
Здоровье,1771,True,0,0,30
Здоровье,1773,True,0,0,30
Здоровье,1774,True,0,0,30
Здоровье,1775,True,0,0,30
Здоровье,1776,True,0,0,30
Здоровье,1777,True,0,0,30
Здоровье,1778,True,0,0,30
Здоровье,1780,True,0,0,30
Здоровье,1781,True,0,0,30
Здоровье,1782,True,0,0,30
Здоровье,1783,True,0,0,30
Здоровье,1784,True,0,0,30
Здоровье,1785,True,0,0,30
Здоровье,1786,True,0,0,30
Здоровье,1787,True,0,0,30
Здоровье,1788,True,0,0,30
Здоровье,1845,True,0,0,30
Здоровье,1846,True,0,0,30
Здоровье,1847,True,26,4,0
Здоровье,1848,True,0,0,30
Здоровье,1849,True,0,0,30
Здоровье,1850,True,0,0,30
Здоровье,1851,True,0,0,30
Здоровье,1852,True,0,0,30
Здоровье,1853,True,0,0,30
Здоровье,1854,True,0,0,30
Здоровье,1855,True,0,0,30
Здоровье,1856,True,0,0,30
Здоровье,1857,True,0,0,30
Здоровье,1858,True,0,0,30
Здоровье,1859,True,0,0,30
Здоровье,1860,True,0,0,30
Здоровье,1861,True,0,0,30
Здоровье,1862,True,0,0,30
Здоровье,1863,True,0,0,30
Здоровье,1864,True,0,0,30
Здоровье,1865,True,0,0,30
Здоровье,1868,True,0,0,30
Здоровье,1869,True,0,0,30
Здоровье,1870,True,0,0,30
Здоровье,1871,True,0,0,30
Здоровье,1872,True,0,0,30
Здоровье,1873,True,0,0,30
Здоровье,1874,True,0,0,30
Здоровье,1875,True,0,0,30
Здоровье,1876,True,0,0,30
Здоровье,1877,True,0,0,30
Здоровье,1878,True,0,0,30
Здоровье,1879,True,0,0,30
Здоровье,1880,True,0,0,30
Здоровье,1881,True,0,0,30
Здоровье,1882,True,26,4,0
Здоровье,1883,True,0,0,30
Здоровье,1884,True,0,0,30
Здоровье,1885,True,0,0,30
Здоровье,1886,True,0,0,30
Здоровье,1887,True,0,0,30
Здоровье,1888,True,0,0,30
Здоровье,1889,True,0,0,30
Здоровье,1890,True,0,0,30
Здоровье,1891,True,0,0,30
Здоровье,1892,True,0,0,30
Здоровье,1893,True,0,0,30
Здоровье,1894,True,0,0,30
Здоровье,1895,True,0,0,30
Здоровье,1896,True,0,0,30
Здоровье,1897,True,0,0,30
Здоровье,1898,True,0,0,30
Здоровье,1899,True,0,0,30
Здоровье,1900,True,0,0,30
Здоровье,1901,True,0,0,30
Здоровье,1902,True,0,0,30
Здоровье,1903,True,0,0,30
Здоровье,1904,True,0,0,30
Здоровье,1905,True,0,0,30
Здоровье,1906,True,0,0,30
Здоровье,1907,True,0,0,30
Здоровье,1908,True,0,0,30
Здоровье,1909,True,0,0,30
Здоровье,1910,True,0,0,30
Здоровье,1912,True,0,0,30
Здоровье,1915,True,0,0,30
Здоровье,1916,True,0,0,30
Здоровье,1917,True,0,0,30
Здоровье,1918,True,0,0,30
Здоровье,1919,True,0,0,30
Здоровье,1920,True,0,0,30
Здоровье,1921,True,0,0,30
Здоровье,1922,True,0,0,30
Здоровье,1923,True,0,0,30
Здоровье,1924,True,0,0,30
Здоровье,1925,True,0,0,30
Здоровье,1926,True,0,0,30
Здоровье,1927,True,0,0,30
Здоровье,1928,True,0,0,30
Здоровье,1929,True,0,0,30
Здоровье,1930,True,0,0,30
Здоровье,1931,True,0,0,30
Здоровье,1932,True,0,0,30
Здоровье,1933,True,0,0,30
Здоровье,1934,True,0,0,30
Здоровье,1935,True,0,0,30
Здоровье,1936,True,0,0,30
Здоровье,1937,True,0,0,30
Здоровье,1938,True,0,0,30
Здоровье,1939,True,0,0,30
Здоровье,1940,True,0,0,30
Здоровье,1941,True,0,0,30
Здоровье,1942,True,0,0,30
Здоровье,1943,True,0,0,30
Здоровье,1944,True,0,0,30
Здоровье,1945,True,0,0,30
Здоровье,1947,True,0,0,30
Здоровье,1948,True,0,0,30
Здоровье,1949,True,0,0,30
Здоровье,1950,True,0,0,30
Здоровье,1951,True,0,0,30
Здоровье,1952,True,0,0,30
Здоровье,1954,True,0,0,30
Здоровье,1955,True,0,0,30
Здоровье,1956,True,0,0,30
Здоровье,1957,True,0,0,30
Здоровье,1958,True,0,0,30
Здоровье,1959,True,0,0,30
Здоровье,1960,True,0,0,30
Здоровье,1961,True,0,0,30
Здоровье,1962,True,0,0,30
Здоровье,1963,True,0,0,30
Здоровье,1964,True,11,11,8
Здоровье,1965,True,0,0,30
Здоровье,1966,True,0,0,30
Здоровье,1967,True,0,0,30
Здоровье,1968,True,0,0,30
Здоровье,1969,True,0,0,30
Здоровье,1970,True,0,0,30
Здоровье,1971,True,0,0,30
Здоровье,1972,True,0,0,30
Здоровье,1973,True,0,0,30
Здоровье,1974,True,0,0,30
Здоровье,1975,True,0,0,30
Здоровье,1976,True,0,0,30
Здоровье,1977,True,0,0,30
Здоровье,1978,True,0,0,30
Здоровье,1979,True,0,0,30
Здоровье,1980,True,0,0,30
Здоровье,1981,True,0,0,30
Здоровье,1982,True,0,0,30
Здоровье,1983,True,0,0,30
Здоровье,1984,True,0,0,30
Здоровье,1985,True,0,0,30
Здоровье,1986,True,0,0,30
Здоровье,1987,True,0,0,30
Здоровье,1988,True,0,0,30
Здоровье,1989,True,0,0,30
Здоровье,1990,True,0,0,30
Здоровье,1991,True,0,0,30
Здоровье,1992,True,0,0,30
Здоровье,1993,True,0,0,30
Здоровье,1994,True,0,0,30
Здоровье,1995,True,0,0,30
Здоровье,1996,True,0,0,30
Здоровье,1997,True,0,0,30
Здоровье,1999,True,0,0,30
Здоровье,2000,True,0,0,30
Здоровье,2001,True,0,0,30
Здоровье,2002,True,0,0,30
Здоровье,2004,True,0,0,30
Здоровье,2005,True,0,0,30
Здоровье,2006,True,0,0,30
Здоровье,2007,True,0,0,30
Здоровье,2008,True,0,0,30
Здоровье,2009,True,0,0,30
Здоровье,2010,True,0,0,30
Здоровье,2011,True,0,0,30
Здоровье,2012,True,0,0,30
Здоровье,2015,True,0,0,30
Здоровье,2016,True,14,10,6
Здоровье,2017,True,0,0,30
Здоровье,2018,True,0,0,30
Здоровье,2019,True,0,0,30
Здоровье,2020,True,11,10,9
Здоровье,2021,True,0,0,30
Здоровье,2022,True,0,0,30
Здоровье,2023,True,0,0,30
Здоровье,2024,True,0,0,30
Здоровье,2025,True,0,0,30
Здоровье,2027,True,0,0,30
Здоровье,2028,True,0,0,30
Здоровье,2030,True,0,0,30
Здоровье,2031,True,0,0,30
Здоровье,2032,True,0,0,30
Здоровье,2033,True,0,0,30
Здоровье,2034,True,0,0,30
Здоровье,2035,True,0,0,30
Здоровье,2036,True,0,0,30
Здоровье,2037,True,0,0,30
Здоровье,2039,True,0,0,30
Здоровье,2040,True,0,0,30
Здоровье,2041,True,0,0,30
Здоровье,2042,True,0,0,30
Здоровье,2043,True,0,0,30
Здоровье,2044,True,0,0,30
Здоровье,2045,True,0,0,30
Здоровье,2046,True,0,0,30
Здоровье,2047,True,0,0,30
Здоровье,2048,True,0,0,30
Здоровье,2049,True,0,0,30
Здоровье,2050,True,0,0,30
Здоровье,2051,True,0,0,30
Здоровье,2052,True,0,0,30
Здоровье,2053,True,0,0,30
Здоровье,2054,True,0,0,30
Здоровье,2055,True,0,0,30
Здоровье,2056,True,0,0,30
Здоровье,2057,True,0,0,30
Здоровье,2058,True,0,0,30
Здоровье,2059,True,0,0,30
Здоровье,2060,True,0,0,30
Здоровье,2061,True,0,0,30
Здоровье,2062,True,0,0,30
Здоровье,2063,True,0,0,30
Здоровье,2064,True,0,0,30
Здоровье,2065,True,0,0,30
Здоровье,2066,True,0,0,30
Здоровье,2067,True,0,0,30
Здоровье,2068,True,0,0,30
Здоровье,2069,True,0,0,30
Здоровье,2070,True,0,0,30
Здоровье,2072,True,0,0,30
Здоровье,2073,True,0,0,30
Здоровье,2074,True,0,0,30
Здоровье,2075,True,0,0,30
Здоровье,2076,True,0,0,30
Здоровье,2077,True,0,0,30
Здоровье,2078,True,0,0,30
Здоровье,2079,True,0,0,30
Здоровье,2080,True,0,0,30
Здоровье,2081,True,0,0,30
Здоровье,2082,True,0,0,30
Здоровье,2085,True,0,0,30
Здоровье,2087,True,0,0,30
Здоровье,2088,True,0,0,30
Здоровье,2089,True,0,0,30
Здоровье,2090,True,0,0,30
Здоровье,2091,True,0,0,30
Здоровье,2093,True,0,0,30
Здоровье,2094,True,0,0,30
Здоровье,2095,True,0,0,30
Здоровье,2096,True,0,0,30
Здоровье,2098,True,0,0,30
Здоровье,2100,True,0,0,30
Здоровье,2101,True,0,0,30
Здоровье,2105,True,0,0,30
Здоровье,2108,True,0,0,30
Здоровье,2109,True,0,0,30
Здоровье,2110,True,0,0,30
Здоровье,2111,True,0,0,30
Здоровье,2112,True,0,0,30
Здоровье,2113,True,0,0,30
Здоровье,2114,True,0,0,30
Здоровье,2116,True,0,0,30
Здоровье,2117,True,0,0,30
Здоровье,2118,True,0,0,30
Здоровье,2119,True,0,0,30
Здоровье,2120,True,0,0,30
Здоровье,2121,True,0,0,30
Здоровье,2122,True,0,0,30
Здоровье,2124,True,0,0,30
Здоровье,2125,True,0,0,30
Здоровье,2126,True,0,0,30
Здоровье,2127,True,0,0,30
Здоровье,2128,True,0,0,30
Здоровье,2129,True,0,0,30
Здоровье,2130,True,0,0,30
Здоровье,2131,True,0,0,30
Здоровье,2132,True,0,0,30
Здоровье,2133,True,0,0,30
Здоровье,2134,True,0,0,30
Здоровье,2136,True,0,0,30
Здоровье,2137,True,0,0,30
Здоровье,2138,True,0,0,30
Здоровье,2139,True,0,0,30
Здоровье,2140,True,0,0,30
Здоровье,2142,True,0,0,30
Здоровье,2143,True,0,0,30
Здоровье,2144,True,0,0,30
Здоровье,2145,True,0,0,30
Здоровье,2146,True,0,0,30
Здоровье,2148,True,0,0,30
Здоровье,2149,True,0,0,30
Здоровье,2150,True,0,0,30
Здоровье,2151,True,0,0,30
Здоровье,2152,True,0,0,30
Здоровье,2153,True,0,0,30
Здоровье,2154,True,0,0,30
Здоровье,2155,True,0,0,30
Здоровье,2156,True,0,0,30
Здоровье,2157,True,0,0,30
Здоровье,2158,True,0,0,30
Здоровье,2159,True,0,0,30
Здоровье,2160,True,0,0,30
Здоровье,2161,True,0,0,30
Здоровье,2162,True,0,0,30
Здоровье,2163,True,0,0,30
Здоровье,2164,True,0,0,30
Здоровье,2165,True,0,0,30
Здоровье,2167,True,0,0,30
Здоровье,2168,True,0,0,30
Здоровье,2169,True,0,0,30
Здоровье,2171,True,0,0,30
Здоровье,2172,True,0,0,30
Здоровье,2173,True,0,0,30
Здоровье,2174,True,0,0,30
Здоровье,2175,True,0,0,30
Здоровье,2176,True,0,0,30
Здоровье,2177,True,0,0,30
Здоровье,2178,True,0,0,30
Здоровье,2179,True,0,0,30
Здоровье,2180,True,0,0,30
Здоровье,2181,True,0,0,30
Здоровье,2182,True,0,0,30
Здоровье,2183,True,0,0,30
Здоровье,2184,True,0,0,30
Здоровье,2185,True,0,0,30
Здоровье,2186,True,0,0,30
Здоровье,2187,True,0,0,30
Здоровье,2188,True,0,0,30
Здоровье,2189,True,0,0,30
Здоровье,2190,True,0,0,30
Здоровье,2191,True,0,0,30
Здоровье,2192,True,0,0,30
Здоровье,2193,True,0,0,30
Здоровье,2194,True,0,0,30
Здоровье,2195,True,0,0,30
Здоровье,2196,True,0,0,30
Здоровье,2197,True,0,0,30
Здоровье,2198,True,0,0,30
Здоровье,2199,True,0,0,30
Здоровье,2200,True,0,0,30
Здоровье,2201,True,0,0,30
Здоровье,2202,True,0,0,30
Здоровье,2203,True,0,0,30
Здоровье,2204,True,0,0,30
Здоровье,2205,True,0,0,30
Здоровье,2206,True,0,0,30
Здоровье,2207,True,0,0,30
Здоровье,2208,True,0,0,30
Здоровье,2210,True,0,0,30
Здоровье,2211,True,0,0,30
Здоровье,2212,True,0,0,30
Здоровье,2213,True,0,0,30
Здоровье,2215,True,0,0,30
Здоровье,2216,True,0,0,30
Здоровье,2217,True,0,0,30
Здоровье,2218,True,0,0,30
Здоровье,2219,True,0,0,30
Здоровье,2220,True,0,0,30
Здоровье,2221,True,0,0,30
Здоровье,2222,True,0,0,30
Здоровье,2223,True,0,0,30
Здоровье,2224,True,0,0,30
Здоровье,2225,True,0,0,30
Здоровье,2226,True,0,0,30
Здоровье,2227,True,0,0,30
Здоровье,2228,True,0,0,30
Здоровье,2229,True,0,0,30
Здоровье,2230,True,0,0,30
Здоровье,2231,True,0,0,30
Здоровье,2232,True,0,0,30
Здоровье,2233,True,0,0,30
Здоровье,2234,True,0,0,30
Здоровье,2235,True,0,0,30
Здоровье,2236,True,0,0,30
Здоровье,2237,True,0,0,30
Здоровье,2238,True,0,0,30
Здоровье,2241,True,0,0,30
Здоровье,2242,True,0,0,30
Здоровье,2243,True,0,0,30
Здоровье,2244,True,0,0,30
Здоровье,2245,True,0,0,30
Здоровье,2248,True,0,0,30
Здоровье,2249,True,0,0,30
Здоровье,2250,True,0,0,30
Здоровье,2251,True,0,0,30
Здоровье,2252,True,0,0,30
Здоровье,2253,True,0,0,30
Здоровье,2254,True,0,0,30
Здоровье,2255,True,0,0,30
Здоровье,2256,True,0,0,30
Здоровье,2257,True,0,0,30
Здоровье,2258,True,0,0,30
Здоровье,2259,True,0,0,30
Здоровье,2260,True,0,0,30
Здоровье,2262,True,0,0,30
Здоровье,2264,True,0,0,30
Здоровье,2265,True,0,0,30
Здоровье,2266,True,0,0,30
Здоровье,2267,True,0,0,30
Здоровье,2268,True,0,0,30
Здоровье,2269,True,0,0,30
Здоровье,2270,True,0,0,30
Здоровье,2271,True,0,0,30
Здоровье,2272,True,0,0,30
Здоровье,2274,True,0,0,30
Здоровье,2275,True,0,0,30
Здоровье,2276,True,0,0,30
Здоровье,2278,True,0,0,30
Здоровье,2279,True,0,0,30
Здоровье,2280,True,0,0,30
Здоровье,2281,True,0,0,30
Здоровье,2282,True,0,0,30
Здоровье,2286,True,0,0,30
Здоровье,2287,True,0,0,30
Здоровье,2288,True,0,0,30
Здоровье,2289,True,0,0,30
Здоровье,2292,True,0,0,30
Здоровье,2293,True,0,0,30
Здоровье,2294,True,0,0,30
Здоровье,2295,True,0,0,30
Здоровье,2296,True,0,0,30
Здоровье,2297,True,0,0,30
Здоровье,2298,True,0,0,30
Здоровье,2299,True,0,0,30
Здоровье,2300,True,0,0,30
Здоровье,2301,True,0,0,30
Здоровье,2302,True,0,0,30
Здоровье,2303,True,0,0,30
Здоровье,2304,True,0,0,30
Здоровье,2305,True,0,0,30
Здоровье,2307,True,0,0,30
Здоровье,2308,True,0,0,30
Здоровье,2309,True,0,0,30
Здоровье,2310,True,0,0,30
Здоровье,2311,True,0,0,30
Здоровье,2312,True,0,0,30
Здоровье,2314,True,0,0,30
Здоровье,2315,True,0,0,30
Здоровье,2316,True,0,0,30
Здоровье,2317,True,0,0,30
Здоровье,2318,True,0,0,30
Здоровье,2320,True,0,0,30
Здоровье,2321,True,0,0,30
Здоровье,2322,True,0,0,30
Здоровье,2323,True,0,0,30
Здоровье,2324,True,0,0,30
Здоровье,2325,True,0,0,30
Здоровье,2326,True,0,0,30
Здоровье,2327,True,0,0,30
Здоровье,2328,True,0,0,30
Здоровье,2329,True,0,0,30
Здоровье,2330,True,0,0,30
Здоровье,2332,True,0,0,30
Здоровье,2333,True,0,0,30
Здоровье,2334,True,0,0,30
Здоровье,2335,True,0,0,30
Здоровье,2336,True,0,0,30
Здоровье,2337,True,0,0,30
Здоровье,2338,True,0,0,30
Здоровье,2339,True,0,0,30
Здоровье,2340,True,0,0,30
Здоровье,2341,True,0,0,30
Здоровье,2342,True,0,0,30
Здоровье,2343,True,0,0,30
Здоровье,2344,True,0,0,30
Здоровье,2345,True,0,0,30
Здоровье,2347,True,26,4,0
Здоровье,2348,True,0,0,30
Здоровье,2349,True,0,0,30
Здоровье,2351,True,0,0,30
Здоровье,2352,True,0,0,30
Здоровье,2353,True,0,0,30
Здоровье,2354,True,0,0,30
Здоровье,2355,True,0,0,30
Здоровье,2356,True,0,0,30
Здоровье,2357,True,0,0,30
Здоровье,2358,True,0,0,30
Здоровье,2359,True,0,0,30
Здоровье,2360,True,0,0,30
Здоровье,2361,True,0,0,30
Здоровье,2362,True,0,0,30
Здоровье,2363,True,0,0,30
Здоровье,2364,True,0,0,30
Здоровье,2365,True,0,0,30
Здоровье,2366,True,0,0,30
Здоровье,2367,True,0,0,30
Здоровье,2368,True,0,0,30
Здоровье,2369,True,0,0,30
Здоровье,2370,True,0,0,30
Здоровье,2371,True,0,0,30
Здоровье,2372,True,0,0,30
Здоровье,2373,True,0,0,30
Здоровье,2374,True,0,0,30
Здоровье,2375,True,0,0,30
Здоровье,2376,True,0,0,30
Здоровье,2377,True,0,0,30
Здоровье,2378,True,0,0,30
Здоровье,2379,True,0,0,30
Здоровье,2380,True,0,0,30
Здоровье,2381,True,0,0,30
Здоровье,2382,True,0,0,30
Здоровье,2383,True,0,0,30
Здоровье,2384,True,0,0,30
Здоровье,2385,True,0,0,30
Здоровье,2386,True,0,0,30
Здоровье,2387,True,0,0,30
Здоровье,2388,True,0,0,30
Здоровье,2389,True,0,0,30
Здоровье,2390,True,0,0,30
Здоровье,2391,True,0,0,30
Здоровье,2392,True,0,0,30
Здоровье,2393,True,0,0,30
Здоровье,2394,True,17,6,7
Здоровье,2395,True,0,0,30
Здоровье,2398,True,0,0,30
Здоровье,2399,True,0,0,30
Здоровье,2400,True,0,0,30
Здоровье,2401,True,0,0,30
Здоровье,2402,True,0,0,30
Здоровье,2403,True,0,0,30
Здоровье,2404,True,0,0,30
Здоровье,2405,True,0,0,30
Здоровье,2406,True,0,0,30
Здоровье,2407,True,0,0,30
Здоровье,2408,True,0,0,30
Здоровье,2409,True,0,0,30
Здоровье,2410,True,0,0,30
Здоровье,2411,True,0,0,30
Здоровье,2412,True,0,0,30
Здоровье,2416,True,0,0,30
Здоровье,2422,True,0,0,30
Здоровье,2423,True,0,0,30
Здоровье,2424,True,0,0,30
Здоровье,2425,True,0,0,30
Здоровье,2426,True,0,0,30
Здоровье,2427,True,0,0,30
Здоровье,2428,True,0,0,30
Здоровье,2429,True,0,0,30
Здоровье,2430,True,0,0,30
Здоровье,2431,True,0,0,30
Здоровье,2432,True,0,0,30
Здоровье,2433,True,0,0,30
Здоровье,2434,True,0,0,30
Здоровье,2435,True,0,0,30
Здоровье,2436,True,0,0,30
Здоровье,2437,True,0,0,30
Здоровье,2439,True,0,0,30
Здоровье,2440,True,0,0,30
Здоровье,2441,True,0,0,30
Здоровье,2442,True,0,0,30
Здоровье,2443,True,0,0,30
Здоровье,2444,True,0,0,30
Здоровье,2445,True,0,0,30
Здоровье,2446,True,0,0,30
Здоровье,2447,True,0,0,30
Здоровье,2449,True,0,0,30
Здоровье,2450,True,0,0,30
Здоровье,2451,True,0,0,30
Здоровье,2452,True,0,0,30
Здоровье,2453,True,0,0,30
Здоровье,2454,True,0,0,30
Здоровье,2455,True,0,0,30
Здоровье,2456,True,0,0,30
Здоровье,2457,True,0,0,30
Здоровье,2458,True,0,0,30
Здоровье,2459,True,0,0,30
Здоровье,2460,True,0,0,30
Здоровье,2461,True,0,0,30
Здоровье,2462,True,0,0,30
Здоровье,2463,True,0,0,30
Здоровье,2464,True,0,0,30
Здоровье,2465,True,0,0,30
Здоровье,2466,True,0,0,30
Здоровье,2467,True,0,0,30
Здоровье,2468,True,0,0,30
Здоровье,2469,True,0,0,30
Здоровье,2470,True,0,0,30
Здоровье,2471,True,0,0,30
Здоровье,2472,True,0,0,30
Здоровье,2473,True,0,0,30
Здоровье,2474,True,0,0,30
Здоровье,2475,True,0,0,30
Здоровье,2476,True,0,0,30
Здоровье,2477,True,0,0,30
Здоровье,2478,True,0,0,30
Здоровье,2479,True,0,0,30
Здоровье,2480,True,0,0,30
Здоровье,2481,True,0,0,30
Здоровье,2482,True,0,0,30
Здоровье,2483,True,0,0,30
Здоровье,2484,True,0,0,30
Здоровье,2485,True,0,0,30
Здоровье,2486,True,0,0,30
Здоровье,2487,True,0,0,30
Здоровье,2488,True,0,0,30
Здоровье,2489,True,0,0,30
Здоровье,2490,True,0,0,30
Здоровье,2491,True,0,0,30
Здоровье,2492,True,0,0,30
Здоровье,2493,True,0,0,30
Здоровье,2494,True,0,0,30
Здоровье,2495,True,0,0,30
Здоровье,2496,True,0,0,30
Здоровье,2497,True,0,0,30
Здоровье,2498,True,0,0,30
Здоровье,2499,True,0,0,30
Здоровье,2500,True,0,0,30
Здоровье,2501,True,0,0,30
Здоровье,2502,True,0,0,30
Здоровье,2503,True,0,0,30
Здоровье,2504,True,0,0,30
Здоровье,2505,True,0,0,30
Здоровье,2506,True,0,0,30
Здоровье,2507,True,0,0,30
Здоровье,2508,True,0,0,30
Здоровье,2509,True,0,0,30
Здоровье,2510,True,0,0,30
Здоровье,2511,True,0,0,30
Здоровье,2512,True,0,0,30
Здоровье,2513,True,0,0,30
Здоровье,2514,True,0,0,30
Здоровье,2515,True,0,0,30
Здоровье,2516,True,0,0,30
Здоровье,2517,True,0,0,30
Здоровье,2518,True,0,0,30
Здоровье,2519,True,0,0,30
Здоровье,2520,True,0,0,30
Здоровье,2521,True,0,0,30
Здоровье,2522,True,0,0,30
Здоровье,2523,True,0,0,30
Здоровье,2524,True,0,0,30
Здоровье,2525,True,0,0,30
Здоровье,2526,True,0,0,30
Здоровье,2527,True,0,0,30
Здоровье,2528,True,0,0,30
Здоровье,2529,True,0,0,30
Здоровье,2530,True,0,0,30
Здоровье,2531,True,0,0,30
Здоровье,2532,True,0,0,30
Здоровье,2533,True,0,0,30
Здоровье,2534,True,0,0,30
Здоровье,2535,True,0,0,30
Здоровье,2536,True,0,0,30
Здоровье,2537,True,0,0,30
Здоровье,2538,True,0,0,30
Здоровье,2539,True,0,0,30
Здоровье,2540,True,0,0,30
Здоровье,2541,True,0,0,30
Здоровье,2542,True,0,0,30
Здоровье,2543,True,0,0,30
Здоровье,2544,True,0,0,30
Здоровье,2545,True,0,0,30
Здоровье,2546,True,0,0,30
Здоровье,2547,True,0,0,30
Здоровье,2548,True,0,0,30
Здоровье,2549,True,0,0,30
Здоровье,2550,True,0,0,30
Здоровье,2551,True,0,0,30
Здоровье,2552,True,0,0,30
Здоровье,2553,True,0,0,30
Здоровье,2554,True,0,0,30
Здоровье,2555,True,0,0,30
Здоровье,2556,True,0,0,30
Здоровье,2557,True,0,0,30
Здоровье,2558,True,0,0,30
Здоровье,2559,True,0,0,30
Здоровье,2560,True,0,0,30
Здоровье,2561,True,0,0,30
Здоровье,2562,True,0,0,30
Здоровье,2563,True,0,0,30
Здоровье,2564,True,0,0,30
Здоровье,2565,True,0,0,30
Здоровье,2566,True,0,0,30
Здоровье,2567,True,0,0,30
Здоровье,2568,True,0,0,30
Здоровье,2569,True,0,0,30
Здоровье,2570,True,0,0,30
Здоровье,2571,True,0,0,30
Здоровье,2572,True,0,0,30
Здоровье,2573,True,0,0,30
Здоровье,2574,True,0,0,30
Здоровье,2575,True,0,0,30
Здоровье,2576,True,0,0,30
Здоровье,2577,True,0,0,30
Здоровье,2578,True,0,0,30
Здоровье,2579,True,0,0,30
Здоровье,2580,True,0,0,30
Здоровье,2581,True,0,0,30
Здоровье,2582,True,0,0,30
Здоровье,2583,True,0,0,30
Здоровье,2584,True,0,0,30
Здоровье,2585,True,0,0,30
Здоровье,2586,True,0,0,30
Здоровье,2587,True,0,0,30
Здоровье,2588,True,0,0,30
Здоровье,2589,True,0,0,30
Здоровье,2590,True,0,0,30
Здоровье,2591,True,0,0,30
Здоровье,2592,True,0,0,30
Здоровье,2593,True,0,0,30
Здоровье,2595,True,0,0,30
Здоровье,2596,True,0,0,30
Здоровье,2597,True,0,0,30
Здоровье,2598,True,0,0,30
Здоровье,2599,True,0,0,30
Здоровье,2600,True,0,0,30
Здоровье,2601,True,0,0,30
Здоровье,2602,True,0,0,30
Здоровье,2604,True,0,0,30
Здоровье,2605,True,0,0,30
Здоровье,2606,True,0,0,30
Здоровье,2607,True,0,0,30
Здоровье,2618,True,0,0,30
Здоровье,2619,True,0,0,30
Здоровье,2620,True,0,0,30
Здоровье,2621,True,0,0,30
Здоровье,2644,True,0,0,30
Здоровье,2646,True,0,0,30
Здоровье,2647,True,0,0,30
Здоровье,2648,True,0,0,30
Здоровье,2649,True,0,0,30
Здоровье,2651,True,0,0,30
Здоровье,2652,True,0,0,30
Здоровье,2710,True,0,0,30
Здоровье,2808,True,0,0,30
Здоровье,2809,True,0,0,30
Здоровье,2813,True,0,0,30
Здоровье,2814,True,0,0,30
Здоровье,2872,True,0,0,30
Здоровье,2876,True,0,0,30
Здоровье,2879,True,0,0,30
Здоровье,2880,True,0,0,30
Здоровье,2881,True,0,0,30
Здоровье,2882,True,0,0,30
Здоровье,2883,True,0,0,30
Здоровье,2884,True,0,0,30
Здоровье,2885,True,0,0,30
Здоровье,2886,True,0,0,30
Здоровье,2887,True,0,0,30
Здоровье,3005,True,0,0,30
Здоровье,3007,True,0,0,30
Здоровье,3009,True,0,0,30
Здоровье,3010,True,26,4,0
Здоровье,3011,True,0,0,30
Здоровье,3012,True,0,0,30
Здоровье,3013,True,0,0,30
Маркетплейсы,1,True,0,0,30
Маркетплейсы,2,True,0,0,30
Маркетплейсы,3,True,0,0,30
Маркетплейсы,4,True,0,0,30
Маркетплейсы,5,True,0,0,30
Маркетплейсы,6,True,0,0,30
Маркетплейсы,7,True,0,0,30
Маркетплейсы,8,True,0,0,30
Маркетплейсы,9,True,0,0,30
Маркетплейсы,10,True,0,0,30
Маркетплейсы,11,True,0,0,30
Маркетплейсы,12,True,0,0,30
Маркетплейсы,13,True,0,0,30
Маркетплейсы,14,True,0,0,30
Маркетплейсы,15,True,0,0,30
Маркетплейсы,16,True,0,0,30
Маркетплейсы,17,True,0,0,30
Маркетплейсы,18,True,0,0,30
Маркетплейсы,19,True,0,0,30
Маркетплейсы,20,True,0,0,30
Маркетплейсы,21,True,0,0,30
Маркетплейсы,22,True,0,0,30
Маркетплейсы,23,True,0,0,30
Маркетплейсы,25,True,0,0,30
Маркетплейсы,26,True,0,0,30
Маркетплейсы,27,True,0,0,30
Маркетплейсы,28,True,0,0,30
Маркетплейсы,29,True,0,0,30
Маркетплейсы,30,True,0,0,30
Маркетплейсы,31,True,0,0,30
Маркетплейсы,32,True,0,0,30
Маркетплейсы,33,True,0,0,30
Маркетплейсы,34,True,0,0,30
Маркетплейсы,35,True,0,0,30
Маркетплейсы,36,True,0,0,30
Маркетплейсы,37,True,0,0,30
Маркетплейсы,38,True,0,0,30
Маркетплейсы,39,True,0,0,30
Маркетплейсы,40,True,0,0,30
Маркетплейсы,41,True,0,0,30
Маркетплейсы,42,True,0,0,30
Маркетплейсы,43,True,0,0,30
Маркетплейсы,44,True,0,0,30
Маркетплейсы,45,True,0,0,30
Маркетплейсы,46,True,0,0,30
Маркетплейсы,47,True,0,0,30
Маркетплейсы,48,True,0,0,30
Маркетплейсы,49,True,0,0,30
Маркетплейсы,50,True,0,0,30
Маркетплейсы,51,True,0,0,30
Маркетплейсы,52,True,0,0,30
Маркетплейсы,53,True,0,0,30
Маркетплейсы,54,True,0,0,30
Маркетплейсы,55,True,0,0,30
Маркетплейсы,56,True,0,0,30
Маркетплейсы,57,True,0,0,30
Маркетплейсы,58,True,0,0,30
Маркетплейсы,59,True,0,0,30
Маркетплейсы,60,True,0,0,30
Маркетплейсы,61,True,0,0,30
Маркетплейсы,62,True,0,0,30
Маркетплейсы,63,True,0,0,30
Маркетплейсы,65,True,0,0,30
Маркетплейсы,66,True,0,0,30
Маркетплейсы,67,True,0,0,30
Маркетплейсы,68,True,0,0,30
Маркетплейсы,69,True,0,0,30
Маркетплейсы,70,True,0,0,30
Маркетплейсы,71,True,0,0,30
Маркетплейсы,72,True,0,0,30
Маркетплейсы,73,True,0,0,30
Маркетплейсы,74,True,0,0,30
Маркетплейсы,75,True,0,0,30
Маркетплейсы,76,True,0,0,30
Маркетплейсы,77,True,0,0,30
Маркетплейсы,78,True,0,0,30
Маркетплейсы,79,True,0,0,30
Маркетплейсы,80,True,0,0,30
Маркетплейсы,81,True,0,0,30
Маркетплейсы,82,True,0,0,30
Маркетплейсы,83,True,0,0,30
Маркетплейсы,85,True,26,4,0
Маркетплейсы,86,True,26,4,0
Маркетплейсы,87,True,26,4,0
Маркетплейсы,88,True,26,4,0
Маркетплейсы,89,True,26,4,0
Маркетплейсы,90,True,26,4,0
Маркетплейсы,91,True,26,4,0
Маркетплейсы,92,True,26,4,0
Маркетплейсы,93,True,26,4,0
Маркетплейсы,94,True,26,4,0
Маркетплейсы,95,True,26,4,0
Маркетплейсы,96,True,26,4,0
Маркетплейсы,97,True,26,4,0
Маркетплейсы,98,True,26,4,0
Маркетплейсы,99,True,26,4,0
Маркетплейсы,101,True,26,4,0
Маркетплейсы,102,True,26,4,0
Маркетплейсы,103,True,26,4,0
Маркетплейсы,104,True,26,4,0
Маркетплейсы,105,True,26,4,0
Маркетплейсы,106,True,26,4,0
Маркетплейсы,158,True,26,4,0
Маркетплейсы,160,True,26,4,0
Маркетплейсы,167,True,0,0,30
Маркетплейсы,168,True,0,0,30
Маркетплейсы,169,True,0,0,30
Маркетплейсы,173,True,0,0,30
Маркетплейсы,181,True,0,0,30
Маркетплейсы,184,True,0,0,30
Маркетплейсы,185,True,0,0,30
Маркетплейсы,188,True,0,0,30
Маркетплейсы,191,True,0,0,30
Маркетплейсы,194,True,0,0,30
Маркетплейсы,195,True,0,0,30
Маркетплейсы,196,True,0,0,30
Маркетплейсы,198,True,0,0,30
Маркетплейсы,201,True,0,0,30
Маркетплейсы,203,True,0,0,30
Маркетплейсы,204,True,0,0,30
Маркетплейсы,205,True,0,0,30
Маркетплейсы,206,True,0,0,30
Маркетплейсы,207,True,0,0,30
Маркетплейсы,208,True,0,0,30
Маркетплейсы,209,True,0,0,30
Маркетплейсы,210,True,0,0,30
Маркетплейсы,211,True,0,0,30
Маркетплейсы,212,True,0,0,30
Маркетплейсы,213,True,0,0,30
Маркетплейсы,214,True,0,0,30
Маркетплейсы,215,True,0,0,30
Маркетплейсы,216,True,0,0,30
Маркетплейсы,217,True,0,0,30
Маркетплейсы,218,True,0,0,30
Маркетплейсы,219,True,0,0,30
Маркетплейсы,220,True,0,0,30
Маркетплейсы,221,True,0,0,30
Маркетплейсы,222,True,0,0,30
Маркетплейсы,223,True,0,0,30
Маркетплейсы,224,True,0,0,30
Маркетплейсы,225,True,0,0,30
Маркетплейсы,226,True,0,0,30
Маркетплейсы,227,True,0,0,30
Маркетплейсы,228,True,0,0,30
Маркетплейсы,229,True,0,0,30
Маркетплейсы,230,True,0,0,30
Маркетплейсы,231,True,0,0,30
Маркетплейсы,232,True,0,0,30
Маркетплейсы,233,True,0,0,30
Маркетплейсы,234,True,0,0,30
Маркетплейсы,235,True,0,0,30
Маркетплейсы,236,True,0,0,30
Маркетплейсы,237,True,0,0,30
Маркетплейсы,238,True,0,0,30
Маркетплейсы,239,True,0,0,30
Маркетплейсы,240,True,0,0,30
Маркетплейсы,241,True,0,0,30
Маркетплейсы,242,True,0,0,30
Маркетплейсы,243,True,0,0,30
Маркетплейсы,269,True,0,0,30
Маркетплейсы,270,True,0,0,30
Маркетплейсы,271,True,0,0,30
Маркетплейсы,272,True,0,0,30
Маркетплейсы,273,True,0,0,30
Маркетплейсы,274,True,0,0,30
Маркетплейсы,275,True,0,0,30
Маркетплейсы,276,True,0,0,30
Маркетплейсы,277,True,0,0,30
Маркетплейсы,278,True,0,0,30
Маркетплейсы,279,True,0,0,30
Маркетплейсы,280,True,0,0,30
Маркетплейсы,281,True,0,0,30
Маркетплейсы,282,True,0,0,30
Маркетплейсы,283,True,0,0,30
Маркетплейсы,284,True,0,0,30
Маркетплейсы,285,True,0,0,30
Маркетплейсы,287,True,0,0,30
Маркетплейсы,288,True,0,0,30
Маркетплейсы,289,True,0,0,30
Маркетплейсы,290,True,0,0,30
Маркетплейсы,292,True,0,0,30
Маркетплейсы,293,True,0,0,30
Маркетплейсы,294,True,0,0,30
Маркетплейсы,295,True,0,0,30
Маркетплейсы,296,True,0,0,30
Маркетплейсы,297,True,0,0,30
Маркетплейсы,298,True,0,0,30
Маркетплейсы,300,True,0,0,30
Маркетплейсы,301,True,0,0,30
Маркетплейсы,302,True,0,0,30
Маркетплейсы,303,True,0,0,30
Маркетплейсы,304,True,0,0,30
Маркетплейсы,305,True,0,0,30
Маркетплейсы,306,True,0,0,30
Маркетплейсы,307,True,0,0,30
Маркетплейсы,308,True,0,0,30
Маркетплейсы,309,True,0,0,30
Маркетплейсы,311,True,6,3,21
Маркетплейсы,312,True,0,0,30
Маркетплейсы,314,True,0,0,30
Маркетплейсы,315,True,8,5,17
Маркетплейсы,316,True,0,0,30
Маркетплейсы,317,True,0,0,30
Маркетплейсы,318,True,0,0,30
Маркетплейсы,319,True,0,0,30
Маркетплейсы,320,True,0,0,30
Маркетплейсы,321,True,0,0,30
Маркетплейсы,322,True,6,5,19
Маркетплейсы,323,True,0,0,30
Маркетплейсы,324,True,0,0,30
Маркетплейсы,325,True,0,0,30
Маркетплейсы,326,True,0,0,30
Маркетплейсы,327,True,0,0,30
Маркетплейсы,328,True,6,5,19
Маркетплейсы,329,True,0,0,30
Маркетплейсы,330,True,0,0,30
Маркетплейсы,331,True,0,0,30
Маркетплейсы,332,True,0,0,30
Маркетплейсы,333,True,0,0,30
Маркетплейсы,334,True,0,0,30
Маркетплейсы,335,True,0,0,30
Маркетплейсы,336,True,0,0,30
Маркетплейсы,337,True,0,0,30
Маркетплейсы,338,True,0,0,30
Маркетплейсы,339,True,0,0,30
Маркетплейсы,340,True,0,0,30
Маркетплейсы,341,True,0,0,30
Маркетплейсы,342,True,0,0,30
Маркетплейсы,343,True,0,0,30
Маркетплейсы,345,True,0,0,30
Маркетплейсы,346,True,0,0,30
Маркетплейсы,347,True,0,0,30
Маркетплейсы,348,True,0,0,30
Маркетплейсы,349,True,0,0,30
Маркетплейсы,351,True,0,0,30
Маркетплейсы,352,True,0,0,30
Маркетплейсы,354,True,0,0,30
Маркетплейсы,355,True,0,0,30
Маркетплейсы,356,True,0,0,30
Маркетплейсы,357,True,0,0,30
Маркетплейсы,358,True,0,0,30
Маркетплейсы,359,True,0,0,30
Маркетплейсы,360,True,0,0,30
Маркетплейсы,361,True,0,0,30
Маркетплейсы,362,True,0,0,30
Маркетплейсы,363,True,0,0,30
Маркетплейсы,364,True,0,0,30
Маркетплейсы,365,True,0,0,30
Маркетплейсы,366,True,0,0,30
Маркетплейсы,367,True,0,0,30
Маркетплейсы,368,True,0,0,30
Маркетплейсы,369,True,0,0,30
Маркетплейсы,370,True,0,0,30
Маркетплейсы,371,True,0,0,30
Маркетплейсы,372,True,0,0,30
Маркетплейсы,373,True,0,0,30
Маркетплейсы,374,True,0,0,30
Маркетплейсы,375,True,0,0,30
Маркетплейсы,376,True,0,0,30
Маркетплейсы,377,True,0,0,30
Маркетплейсы,378,True,0,0,30
Маркетплейсы,379,True,0,0,30
Маркетплейсы,380,True,0,0,30
Маркетплейсы,381,True,0,0,30
Маркетплейсы,382,True,0,0,30
Маркетплейсы,383,True,0,0,30
Маркетплейсы,384,True,0,0,30
Маркетплейсы,385,True,0,0,30
Маркетплейсы,386,True,0,0,30
Маркетплейсы,387,True,0,0,30
Маркетплейсы,388,True,0,0,30
Маркетплейсы,390,True,0,0,30
Маркетплейсы,391,True,0,0,30
Маркетплейсы,392,True,0,0,30
Маркетплейсы,393,True,0,0,30
Маркетплейсы,395,True,0,0,30
Маркетплейсы,396,True,0,0,30
Маркетплейсы,397,True,0,0,30
Маркетплейсы,398,True,0,0,30
Маркетплейсы,401,True,0,0,30
Маркетплейсы,402,True,0,0,30
Маркетплейсы,403,True,0,0,30
Маркетплейсы,404,True,0,0,30
Маркетплейсы,405,True,0,0,30
Маркетплейсы,408,True,0,0,30
Маркетплейсы,410,True,0,0,30
Маркетплейсы,413,True,0,0,30
Маркетплейсы,414,True,0,0,30
Маркетплейсы,416,True,0,0,30
Маркетплейсы,418,True,0,0,30
Маркетплейсы,419,True,0,0,30
Маркетплейсы,420,True,0,0,30
Маркетплейсы,421,True,0,0,30
Маркетплейсы,422,True,0,0,30
Маркетплейсы,423,True,0,0,30
Маркетплейсы,424,True,0,0,30
Маркетплейсы,425,True,0,0,30
Маркетплейсы,428,True,0,0,30
Маркетплейсы,429,True,0,0,30
Маркетплейсы,430,True,0,0,30
Маркетплейсы,431,True,0,0,30
Маркетплейсы,432,True,0,0,30
Маркетплейсы,433,True,0,0,30
Маркетплейсы,434,True,0,0,30
Маркетплейсы,435,True,0,0,30
Маркетплейсы,436,True,0,0,30
Маркетплейсы,437,True,0,0,30
Маркетплейсы,438,True,0,0,30
Маркетплейсы,440,True,0,0,30
Маркетплейсы,441,True,0,0,30
Маркетплейсы,442,True,0,0,30
Маркетплейсы,443,True,0,0,30
Маркетплейсы,444,True,0,0,30
Маркетплейсы,445,True,0,0,30
Маркетплейсы,446,True,0,0,30
Маркетплейсы,447,True,0,0,30
Маркетплейсы,448,True,0,0,30
Маркетплейсы,449,True,0,0,30
Маркетплейсы,450,True,0,0,30
Маркетплейсы,451,True,0,0,30
Маркетплейсы,452,True,0,0,30
Маркетплейсы,453,True,0,0,30
Маркетплейсы,455,True,0,0,30
Маркетплейсы,456,True,0,0,30
Маркетплейсы,457,True,0,0,30
Маркетплейсы,458,True,0,0,30
Маркетплейсы,459,True,0,0,30
Маркетплейсы,460,True,0,0,30
Маркетплейсы,478,True,0,0,30
Маркетплейсы,479,True,0,0,30
Маркетплейсы,480,True,0,0,30
Маркетплейсы,481,True,0,0,30
Маркетплейсы,482,True,0,0,30
Маркетплейсы,484,True,0,0,30
Маркетплейсы,485,True,0,0,30
Маркетплейсы,486,True,0,0,30
Маркетплейсы,487,True,0,0,30
Маркетплейсы,489,True,0,0,30
Маркетплейсы,490,True,0,0,30
Маркетплейсы,491,True,0,0,30
Маркетплейсы,492,True,0,0,30
Маркетплейсы,493,True,0,0,30
Маркетплейсы,494,True,0,0,30
Маркетплейсы,495,True,0,0,30
Маркетплейсы,496,True,0,0,30
Маркетплейсы,497,True,0,0,30
Маркетплейсы,498,True,0,0,30
Маркетплейсы,499,True,0,0,30
Маркетплейсы,500,True,17,6,7
Маркетплейсы,501,True,0,0,30
Маркетплейсы,502,True,0,0,30
Маркетплейсы,503,True,0,0,30
Маркетплейсы,504,True,0,0,30
Маркетплейсы,505,True,0,0,30
Маркетплейсы,506,True,0,0,30
Маркетплейсы,507,True,0,0,30
Маркетплейсы,508,True,0,0,30
Маркетплейсы,509,True,0,0,30
Маркетплейсы,510,True,0,0,30
Маркетплейсы,511,True,0,0,30
Маркетплейсы,512,True,0,0,30
Маркетплейсы,515,True,0,0,30
Маркетплейсы,516,True,0,0,30
Маркетплейсы,517,True,0,0,30
Маркетплейсы,518,True,0,0,30
Маркетплейсы,519,True,0,0,30
Маркетплейсы,520,True,0,0,30
Маркетплейсы,521,True,0,0,30
Маркетплейсы,522,True,0,0,30
Маркетплейсы,523,True,0,0,30
Маркетплейсы,524,True,0,0,30
Маркетплейсы,525,True,0,0,30
Маркетплейсы,527,True,0,0,30
Маркетплейсы,528,True,0,0,30
Маркетплейсы,529,True,0,0,30
Маркетплейсы,530,True,0,0,30
Маркетплейсы,531,True,0,0,30
Маркетплейсы,532,True,0,0,30
Маркетплейсы,533,True,0,0,30
Маркетплейсы,534,True,0,0,30
Маркетплейсы,535,True,0,0,30
Маркетплейсы,536,True,0,0,30
Маркетплейсы,537,True,0,0,30
Маркетплейсы,538,True,0,0,30
Маркетплейсы,539,True,0,0,30
Маркетплейсы,540,True,0,0,30
Маркетплейсы,541,True,0,0,30
Маркетплейсы,542,True,0,0,30
Маркетплейсы,543,True,0,0,30
Маркетплейсы,544,True,0,0,30
Маркетплейсы,545,True,0,0,30
Маркетплейсы,546,True,0,0,30
Маркетплейсы,547,True,0,0,30
Маркетплейсы,548,True,0,0,30
Маркетплейсы,549,True,0,0,30
Маркетплейсы,550,True,0,0,30
Маркетплейсы,552,True,0,0,30
Маркетплейсы,553,True,0,0,30
Маркетплейсы,554,True,0,0,30
Маркетплейсы,555,True,0,0,30
Маркетплейсы,556,True,0,0,30
Маркетплейсы,557,True,0,0,30
Маркетплейсы,558,True,0,0,30
Маркетплейсы,559,True,0,0,30
Маркетплейсы,560,True,0,0,30
Маркетплейсы,561,True,0,0,30
Маркетплейсы,562,True,0,0,30
Маркетплейсы,563,True,0,0,30
Маркетплейсы,564,True,0,0,30
Маркетплейсы,565,True,0,0,30
Маркетплейсы,566,True,0,0,30
Маркетплейсы,567,True,0,0,30
Маркетплейсы,568,True,0,0,30
Маркетплейсы,569,True,0,0,30
Маркетплейсы,570,True,0,0,30
Маркетплейсы,571,True,0,0,30
Маркетплейсы,572,True,0,0,30
Маркетплейсы,573,True,26,4,0
Маркетплейсы,574,True,0,0,30
Маркетплейсы,576,True,26,4,0
Маркетплейсы,577,True,26,4,0
Маркетплейсы,578,True,0,0,30
Маркетплейсы,579,True,0,0,30
Маркетплейсы,580,True,0,0,30
Маркетплейсы,581,True,0,0,30
Маркетплейсы,582,True,0,0,30
Маркетплейсы,583,True,0,0,30
Маркетплейсы,584,True,0,0,30
Маркетплейсы,585,True,0,0,30
Маркетплейсы,586,True,0,0,30
Маркетплейсы,587,True,0,0,30
Маркетплейсы,588,True,0,0,30
Маркетплейсы,589,True,0,0,30
Маркетплейсы,590,True,26,4,0
Маркетплейсы,591,True,0,0,30
Маркетплейсы,592,True,0,0,30
Маркетплейсы,593,True,0,0,30
Маркетплейсы,594,True,0,0,30
Маркетплейсы,595,True,0,0,30
Маркетплейсы,597,True,26,4,0
Маркетплейсы,598,True,0,0,30
Маркетплейсы,599,True,0,0,30
Маркетплейсы,600,True,0,0,30
Маркетплейсы,601,True,0,0,30
Маркетплейсы,602,True,0,0,30
Маркетплейсы,603,True,0,0,30
Маркетплейсы,604,True,0,0,30
Маркетплейсы,605,True,0,0,30
Маркетплейсы,606,True,0,0,30
Маркетплейсы,607,True,0,0,30
Маркетплейсы,608,True,0,0,30
Маркетплейсы,611,True,6,5,19
Маркетплейсы,612,True,0,0,30
Маркетплейсы,613,True,0,0,30
Маркетплейсы,614,True,0,0,30
Маркетплейсы,615,True,0,0,30
Маркетплейсы,616,True,0,0,30
Маркетплейсы,618,True,0,0,30
Маркетплейсы,619,True,0,0,30
Маркетплейсы,621,True,0,0,30
Маркетплейсы,666,True,0,0,30
Маркетплейсы,667,True,0,0,30
Маркетплейсы,668,True,0,0,30
Маркетплейсы,669,True,0,0,30
Маркетплейсы,670,True,0,0,30
Маркетплейсы,671,True,0,0,30
Маркетплейсы,674,True,0,0,30
Маркетплейсы,675,True,0,0,30
Маркетплейсы,676,True,0,0,30
Маркетплейсы,677,True,0,0,30
Маркетплейсы,678,True,0,0,30
Маркетплейсы,679,True,0,0,30
Маркетплейсы,680,True,0,0,30
Маркетплейсы,683,True,0,0,30
Маркетплейсы,685,True,0,0,30
Маркетплейсы,686,True,0,0,30
Маркетплейсы,687,True,0,0,30
Маркетплейсы,689,True,0,0,30
Маркетплейсы,690,True,0,0,30
Маркетплейсы,691,True,0,0,30
Маркетплейсы,692,True,0,0,30
Маркетплейсы,693,True,0,0,30
Маркетплейсы,694,True,0,0,30
Маркетплейсы,695,True,0,0,30
Маркетплейсы,696,True,0,0,30
Маркетплейсы,697,True,0,0,30
Маркетплейсы,698,True,0,0,30
Маркетплейсы,699,True,0,0,30
Маркетплейсы,701,True,0,0,30
Маркетплейсы,702,True,0,0,30
Маркетплейсы,703,True,0,0,30
Маркетплейсы,704,True,0,0,30
Маркетплейсы,705,True,0,0,30
Маркетплейсы,706,True,0,0,30
Маркетплейсы,708,True,0,0,30
Маркетплейсы,710,True,0,0,30
Маркетплейсы,711,True,0,0,30
Маркетплейсы,712,True,0,0,30
Маркетплейсы,713,True,0,0,30
Маркетплейсы,714,True,0,0,30
Маркетплейсы,715,True,0,0,30
Маркетплейсы,716,True,0,0,30
Маркетплейсы,717,True,0,0,30
Маркетплейсы,718,True,0,0,30
Маркетплейсы,719,True,0,0,30
Маркетплейсы,720,True,0,0,30
Маркетплейсы,721,True,0,0,30
Маркетплейсы,722,True,0,0,30
Маркетплейсы,723,True,0,0,30
Маркетплейсы,725,True,0,0,30
Маркетплейсы,726,True,0,0,30
Маркетплейсы,727,True,0,0,30
Маркетплейсы,731,True,0,0,30
Маркетплейсы,734,True,0,0,30
Маркетплейсы,735,True,0,0,30
Маркетплейсы,736,True,0,0,30
Маркетплейсы,737,True,0,0,30
Маркетплейсы,738,True,0,0,30
Маркетплейсы,739,True,0,0,30
Маркетплейсы,741,True,0,0,30
Маркетплейсы,742,True,0,0,30
Маркетплейсы,743,True,0,0,30
Маркетплейсы,744,True,0,0,30
Маркетплейсы,745,True,0,0,30
Маркетплейсы,746,True,0,0,30
Маркетплейсы,747,True,0,0,30
Маркетплейсы,748,True,0,0,30
Маркетплейсы,749,True,0,0,30
Маркетплейсы,751,True,0,0,30
Маркетплейсы,752,True,0,0,30
Маркетплейсы,753,True,0,0,30
Маркетплейсы,754,True,0,0,30
Маркетплейсы,755,True,0,0,30
Маркетплейсы,756,True,0,0,30
Маркетплейсы,757,True,0,0,30
Маркетплейсы,758,True,0,0,30
Маркетплейсы,760,True,0,0,30
Маркетплейсы,761,True,0,0,30
Маркетплейсы,763,True,0,0,30
Маркетплейсы,764,True,0,0,30
Маркетплейсы,765,True,0,0,30
Маркетплейсы,766,True,0,0,30
Маркетплейсы,767,True,0,0,30
Маркетплейсы,769,True,0,0,30
Маркетплейсы,770,True,0,0,30
Маркетплейсы,771,True,0,0,30
Маркетплейсы,773,True,0,0,30
Маркетплейсы,774,True,0,0,30
Маркетплейсы,775,True,0,0,30
Маркетплейсы,776,True,0,0,30
Маркетплейсы,777,True,0,0,30
Маркетплейсы,778,True,0,0,30
Маркетплейсы,779,True,0,0,30
Маркетплейсы,780,True,0,0,30
Маркетплейсы,781,True,0,0,30
Маркетплейсы,782,True,0,0,30
Маркетплейсы,783,True,0,0,30
Маркетплейсы,784,True,0,0,30
Маркетплейсы,785,True,0,0,30
Маркетплейсы,787,True,0,0,30
Маркетплейсы,788,True,0,0,30
Маркетплейсы,789,True,0,0,30
Маркетплейсы,790,True,0,0,30
Маркетплейсы,791,True,0,0,30
Маркетплейсы,792,True,0,0,30
Маркетплейсы,793,True,0,0,30
Маркетплейсы,794,True,0,0,30
Маркетплейсы,795,True,0,0,30
Маркетплейсы,796,True,0,0,30
Маркетплейсы,797,True,0,0,30
Маркетплейсы,798,True,0,0,30
Маркетплейсы,799,True,0,0,30
Маркетплейсы,800,True,0,0,30
Маркетплейсы,801,True,0,0,30
Маркетплейсы,802,True,0,0,30
Маркетплейсы,803,True,0,0,30
Маркетплейсы,804,True,0,0,30
Маркетплейсы,805,True,0,0,30
Маркетплейсы,806,True,0,0,30
Маркетплейсы,807,True,0,0,30
Маркетплейсы,808,True,0,0,30
Маркетплейсы,809,True,0,0,30
Маркетплейсы,810,True,0,0,30
Маркетплейсы,811,True,0,0,30
Маркетплейсы,812,True,0,0,30
Маркетплейсы,813,True,0,0,30
Маркетплейсы,814,True,0,0,30
Маркетплейсы,815,True,0,0,30
Маркетплейсы,817,True,0,0,30
Маркетплейсы,818,True,0,0,30
Маркетплейсы,819,True,0,0,30
Маркетплейсы,820,True,0,0,30
Маркетплейсы,821,True,0,0,30
Маркетплейсы,822,True,0,0,30
Маркетплейсы,823,True,0,0,30
Маркетплейсы,824,True,0,0,30
Маркетплейсы,825,True,0,0,30
Маркетплейсы,826,True,0,0,30
Маркетплейсы,827,True,0,0,30
Маркетплейсы,828,True,0,0,30
Маркетплейсы,829,True,0,0,30
Маркетплейсы,830,True,0,0,30
Маркетплейсы,831,True,0,0,30
Маркетплейсы,832,True,0,0,30
Маркетплейсы,833,True,0,0,30
Маркетплейсы,834,True,0,0,30
Маркетплейсы,835,True,0,0,30
Маркетплейсы,836,True,0,0,30
Маркетплейсы,838,True,0,0,30
Маркетплейсы,839,True,0,0,30
Маркетплейсы,840,True,0,0,30
Маркетплейсы,841,True,0,0,30
Маркетплейсы,842,True,0,0,30
Маркетплейсы,843,True,0,0,30
Маркетплейсы,844,True,0,0,30
Маркетплейсы,846,True,0,0,30
Маркетплейсы,847,True,0,0,30
Маркетплейсы,848,True,0,0,30
Маркетплейсы,849,True,0,0,30
Маркетплейсы,851,True,0,0,30
Маркетплейсы,852,True,0,0,30
Маркетплейсы,853,True,0,0,30
Маркетплейсы,854,True,0,0,30
Маркетплейсы,855,True,0,0,30
Маркетплейсы,856,True,0,0,30
Маркетплейсы,857,True,0,0,30
Маркетплейсы,859,True,0,0,30
Маркетплейсы,860,True,0,0,30
Маркетплейсы,862,True,26,4,0
Маркетплейсы,863,True,26,4,0
Маркетплейсы,864,True,26,4,0
Маркетплейсы,865,True,26,4,0
Маркетплейсы,866,True,26,4,0
Маркетплейсы,867,True,26,4,0
Маркетплейсы,868,True,26,4,0
Маркетплейсы,870,True,0,0,30
Маркетплейсы,871,True,0,0,30
Маркетплейсы,872,True,0,0,30
Маркетплейсы,873,True,0,0,30
Маркетплейсы,874,True,0,0,30
Маркетплейсы,875,True,0,0,30
Маркетплейсы,876,True,0,0,30
Маркетплейсы,877,True,0,0,30
Маркетплейсы,878,True,0,0,30
Маркетплейсы,879,True,0,0,30
Маркетплейсы,880,True,0,0,30
Маркетплейсы,881,True,0,0,30
Маркетплейсы,882,True,0,0,30
Маркетплейсы,883,True,0,0,30
Маркетплейсы,884,True,0,0,30
Маркетплейсы,885,True,0,0,30
Маркетплейсы,886,True,0,0,30
Маркетплейсы,887,True,26,4,0
Маркетплейсы,888,True,0,0,30
Маркетплейсы,889,True,0,0,30
Маркетплейсы,890,True,0,0,30
Маркетплейсы,891,True,0,0,30
Маркетплейсы,892,True,0,0,30
Маркетплейсы,895,True,0,0,30
Маркетплейсы,896,True,0,0,30
Маркетплейсы,897,True,0,0,30
Маркетплейсы,898,True,0,0,30
Маркетплейсы,899,True,0,0,30
Маркетплейсы,900,True,0,0,30
Маркетплейсы,901,True,0,0,30
Маркетплейсы,902,True,0,0,30
Маркетплейсы,903,True,0,0,30
Маркетплейсы,904,True,0,0,30
Маркетплейсы,905,True,0,0,30
Маркетплейсы,907,True,0,0,30
Маркетплейсы,908,True,0,0,30
Маркетплейсы,909,True,0,0,30
Маркетплейсы,910,True,26,4,0
Маркетплейсы,911,True,0,0,30
Маркетплейсы,912,True,0,0,30
Маркетплейсы,913,True,0,0,30
Маркетплейсы,914,True,0,0,30
Маркетплейсы,915,True,0,0,30
Маркетплейсы,916,True,0,0,30
Маркетплейсы,917,True,0,0,30
Маркетплейсы,918,True,0,0,30
Маркетплейсы,920,True,0,0,30
Маркетплейсы,922,True,0,0,30
Маркетплейсы,923,True,0,0,30
Маркетплейсы,924,True,0,0,30
Маркетплейсы,925,True,0,0,30
Маркетплейсы,926,True,0,0,30
Маркетплейсы,927,True,0,0,30
Маркетплейсы,928,True,0,0,30
Маркетплейсы,929,True,0,0,30
Маркетплейсы,930,True,0,0,30
Маркетплейсы,986,True,0,0,30
Маркетплейсы,987,True,0,0,30
Маркетплейсы,988,True,0,0,30
Маркетплейсы,989,True,0,0,30
Маркетплейсы,991,True,0,0,30
Маркетплейсы,992,True,0,0,30
Маркетплейсы,993,True,0,0,30
Маркетплейсы,994,True,0,0,30
Маркетплейсы,995,True,0,0,30
Маркетплейсы,996,True,0,0,30
Маркетплейсы,998,True,0,0,30
Маркетплейсы,999,True,0,0,30
Маркетплейсы,1001,True,0,0,30
Маркетплейсы,1002,True,0,0,30
Маркетплейсы,1003,True,0,0,30
Маркетплейсы,1004,True,0,0,30
Маркетплейсы,1005,True,0,0,30
Маркетплейсы,1006,True,0,0,30
Маркетплейсы,1007,True,0,0,30
Маркетплейсы,1008,True,0,0,30
Маркетплейсы,1009,True,0,0,30
Маркетплейсы,1010,True,0,0,30
Маркетплейсы,1011,True,0,0,30
Маркетплейсы,1012,True,0,0,30
Маркетплейсы,1013,True,0,0,30
Маркетплейсы,1014,True,0,0,30
Маркетплейсы,1015,True,0,0,30
Маркетплейсы,1016,True,0,0,30
Маркетплейсы,1017,True,0,0,30
Маркетплейсы,1018,True,0,0,30
Маркетплейсы,1019,True,0,0,30
Маркетплейсы,1020,True,0,0,30
Маркетплейсы,1021,True,0,0,30
Маркетплейсы,1023,True,0,0,30
Маркетплейсы,1024,True,0,0,30
Маркетплейсы,1025,True,0,0,30
Маркетплейсы,1026,True,0,0,30
Маркетплейсы,1027,True,0,0,30
Маркетплейсы,1028,True,0,0,30
Маркетплейсы,1029,True,0,0,30
Маркетплейсы,1030,True,0,0,30
Маркетплейсы,1031,True,0,0,30
Маркетплейсы,1032,True,0,0,30
Маркетплейсы,1033,True,0,0,30
Маркетплейсы,1034,True,0,0,30
Маркетплейсы,1035,True,0,0,30
Маркетплейсы,1036,True,0,0,30
Маркетплейсы,1037,True,0,0,30
Маркетплейсы,1038,True,0,0,30
Маркетплейсы,1039,True,0,0,30
Маркетплейсы,1040,True,0,0,30
Маркетплейсы,1041,True,0,0,30
Маркетплейсы,1044,True,0,0,30
Маркетплейсы,1047,True,0,0,30
Маркетплейсы,1048,True,0,0,30
Маркетплейсы,1049,True,0,0,30
Маркетплейсы,1051,True,0,0,30
Маркетплейсы,1052,True,0,0,30
Маркетплейсы,1053,True,0,0,30
Маркетплейсы,1054,True,0,0,30
Маркетплейсы,1055,True,0,0,30
Маркетплейсы,1056,True,0,0,30
Маркетплейсы,1057,True,0,0,30
Маркетплейсы,1058,True,0,0,30
Маркетплейсы,1059,True,0,0,30
Маркетплейсы,1060,True,0,0,30
Маркетплейсы,1061,True,0,0,30
Маркетплейсы,1062,True,0,0,30
Маркетплейсы,1063,True,0,0,30
Маркетплейсы,1064,True,0,0,30
Маркетплейсы,1065,True,0,0,30
Маркетплейсы,1066,True,0,0,30
Маркетплейсы,1067,True,0,0,30
Маркетплейсы,1068,True,0,0,30
Маркетплейсы,1069,True,0,0,30
Маркетплейсы,1070,True,0,0,30
Маркетплейсы,1071,True,0,0,30
Маркетплейсы,1072,True,0,0,30
Маркетплейсы,1107,True,0,0,30
Маркетплейсы,1108,True,0,0,30
Маркетплейсы,1109,True,0,0,30
Маркетплейсы,1110,True,0,0,30
Маркетплейсы,1111,True,0,0,30
Маркетплейсы,1112,True,0,0,30
Маркетплейсы,1113,True,0,0,30
Маркетплейсы,1115,True,0,0,30
Маркетплейсы,1116,True,0,0,30
Маркетплейсы,1117,True,0,0,30
Маркетплейсы,1118,True,0,0,30
Маркетплейсы,1119,True,0,0,30
Маркетплейсы,1120,True,0,0,30
Маркетплейсы,1121,True,0,0,30
Маркетплейсы,1122,True,0,0,30
Маркетплейсы,1123,True,0,0,30
Маркетплейсы,1124,True,0,0,30
Маркетплейсы,1125,True,0,0,30
Маркетплейсы,1126,True,0,0,30
Маркетплейсы,1127,True,0,0,30
Маркетплейсы,1128,True,0,0,30
Маркетплейсы,1129,True,0,0,30
Маркетплейсы,1130,True,0,0,30
Маркетплейсы,1131,True,0,0,30
Маркетплейсы,1132,True,0,0,30
Маркетплейсы,1133,True,0,0,30
Маркетплейсы,1134,True,0,0,30
Маркетплейсы,1135,True,0,0,30
Маркетплейсы,1136,True,0,0,30
Маркетплейсы,1137,True,0,0,30
Маркетплейсы,1138,True,0,0,30
Маркетплейсы,1139,True,0,0,30
Маркетплейсы,1140,True,0,0,30
Маркетплейсы,1141,True,0,0,30
Маркетплейсы,1142,True,0,0,30
Маркетплейсы,1143,True,0,0,30
Маркетплейсы,1144,True,0,0,30
Маркетплейсы,1146,True,0,0,30
Маркетплейсы,1147,True,0,0,30
Маркетплейсы,1148,True,0,0,30
Маркетплейсы,1149,True,0,0,30
Маркетплейсы,1150,True,0,0,30
Маркетплейсы,1151,True,0,0,30
Маркетплейсы,1152,True,0,0,30
Маркетплейсы,1153,True,0,0,30
Маркетплейсы,1154,True,0,0,30
Маркетплейсы,1155,True,0,0,30
Маркетплейсы,1157,True,0,0,30
Маркетплейсы,1158,True,0,0,30
Маркетплейсы,1159,True,0,0,30
Маркетплейсы,1160,True,0,0,30
Маркетплейсы,1161,True,0,0,30
Маркетплейсы,1163,True,0,0,30
Маркетплейсы,1164,True,0,0,30
Маркетплейсы,1165,True,0,0,30
Маркетплейсы,1166,True,0,0,30
Маркетплейсы,1167,True,0,0,30
Маркетплейсы,1168,True,0,0,30
Маркетплейсы,1169,True,0,0,30
Маркетплейсы,1170,True,0,0,30
Маркетплейсы,1171,True,0,0,30
Маркетплейсы,1172,True,0,0,30
Маркетплейсы,1173,True,0,0,30
Маркетплейсы,1174,True,0,0,30
Маркетплейсы,1175,True,0,0,30
Маркетплейсы,1176,True,0,0,30
Маркетплейсы,1178,True,0,0,30
Маркетплейсы,1179,True,0,0,30
Маркетплейсы,1180,True,0,0,30
Маркетплейсы,1181,True,0,0,30
Маркетплейсы,1184,True,0,0,30
Маркетплейсы,1185,True,0,0,30
Маркетплейсы,1186,True,0,0,30
Маркетплейсы,1187,True,0,0,30
Маркетплейсы,1188,True,0,0,30
Маркетплейсы,1189,True,0,0,30
Маркетплейсы,1190,True,0,0,30
Маркетплейсы,1191,True,0,0,30
Маркетплейсы,1192,True,0,0,30
Маркетплейсы,1193,True,0,0,30
Маркетплейсы,1194,True,0,0,30
Маркетплейсы,1195,True,0,0,30
Маркетплейсы,1196,True,0,0,30
Маркетплейсы,1197,True,0,0,30
Маркетплейсы,1198,True,0,0,30
Маркетплейсы,1200,True,0,0,30
Маркетплейсы,1201,True,0,0,30
Маркетплейсы,1203,True,0,0,30
Маркетплейсы,1204,True,0,0,30
Маркетплейсы,1205,True,0,0,30
Маркетплейсы,1206,True,0,0,30
Маркетплейсы,1207,True,0,0,30
Маркетплейсы,1208,True,0,0,30
Маркетплейсы,1209,True,0,0,30
Маркетплейсы,1210,True,0,0,30
Маркетплейсы,1211,True,0,0,30
Маркетплейсы,1212,True,0,0,30
Маркетплейсы,1213,True,0,0,30
Маркетплейсы,1214,True,0,0,30
Маркетплейсы,1215,True,0,0,30
Маркетплейсы,1217,True,0,0,30
Маркетплейсы,1218,True,0,0,30
Маркетплейсы,1219,True,0,0,30
Маркетплейсы,1220,True,0,0,30
Маркетплейсы,1221,True,0,0,30
Маркетплейсы,1222,True,0,0,30
Маркетплейсы,1223,True,0,0,30
Маркетплейсы,1224,True,0,0,30
Маркетплейсы,1225,True,0,0,30
Маркетплейсы,1226,True,0,0,30
Маркетплейсы,1227,True,0,0,30
Маркетплейсы,1228,True,0,0,30
Маркетплейсы,1229,True,0,0,30
Маркетплейсы,1230,True,0,0,30
Маркетплейсы,1231,True,0,0,30
Маркетплейсы,1232,True,0,0,30
Маркетплейсы,1233,True,0,0,30
Маркетплейсы,1234,True,0,0,30
Маркетплейсы,1235,True,0,0,30
Маркетплейсы,1236,True,0,0,30
Маркетплейсы,1237,True,0,0,30
Маркетплейсы,1238,True,0,0,30
Маркетплейсы,1240,True,0,0,30
Маркетплейсы,1241,True,0,0,30
Маркетплейсы,1242,True,0,0,30
Маркетплейсы,1243,True,0,0,30
Маркетплейсы,1244,True,0,0,30
Маркетплейсы,1246,True,0,0,30
Маркетплейсы,1247,True,26,2,2
Маркетплейсы,1249,True,0,0,30
Маркетплейсы,1250,True,0,0,30
Маркетплейсы,1251,True,0,0,30
Маркетплейсы,1252,True,0,0,30
Маркетплейсы,1253,True,0,0,30
Маркетплейсы,1254,True,0,0,30
Маркетплейсы,1256,True,0,0,30
Маркетплейсы,1257,True,0,0,30
Маркетплейсы,1258,True,0,0,30
Маркетплейсы,1259,True,0,0,30
Маркетплейсы,1260,True,0,0,30
Маркетплейсы,1261,True,0,0,30
Маркетплейсы,1262,True,0,0,30
Маркетплейсы,1264,True,0,0,30
Маркетплейсы,1265,True,0,0,30
Маркетплейсы,1266,True,0,0,30
Маркетплейсы,1267,True,0,0,30
Маркетплейсы,1268,True,0,0,30
Маркетплейсы,1269,True,0,0,30
Маркетплейсы,1270,True,0,0,30
Маркетплейсы,1271,True,0,0,30
Маркетплейсы,1272,True,0,0,30
Маркетплейсы,1273,True,0,0,30
Маркетплейсы,1274,True,0,0,30
Маркетплейсы,1275,True,0,0,30
Маркетплейсы,1276,True,0,0,30
Маркетплейсы,1277,True,0,0,30
Маркетплейсы,1278,True,0,0,30
Маркетплейсы,1279,True,0,0,30
Маркетплейсы,1280,True,0,0,30
Маркетплейсы,1281,True,0,0,30
Маркетплейсы,1282,True,0,0,30
Маркетплейсы,1284,True,0,0,30
Маркетплейсы,1285,True,0,0,30
Маркетплейсы,1286,True,0,0,30
Маркетплейсы,1287,True,0,0,30
Маркетплейсы,1288,True,0,0,30
Маркетплейсы,1289,True,0,0,30
Маркетплейсы,1290,True,0,0,30
Маркетплейсы,1291,True,0,0,30
Маркетплейсы,1292,True,0,0,30
Маркетплейсы,1293,True,0,0,30
Маркетплейсы,1294,True,0,0,30
Маркетплейсы,1295,True,0,0,30
Маркетплейсы,1296,True,0,0,30
Маркетплейсы,1297,True,0,0,30
Маркетплейсы,1298,True,0,0,30
Маркетплейсы,1299,True,0,0,30
Маркетплейсы,1300,True,0,0,30
Маркетплейсы,1301,True,0,0,30
Маркетплейсы,1302,True,0,0,30
Маркетплейсы,1303,True,0,0,30
Маркетплейсы,1304,True,0,0,30
Маркетплейсы,1305,True,0,0,30
Маркетплейсы,1306,True,0,0,30
Маркетплейсы,1308,True,0,0,30
Маркетплейсы,1309,True,0,0,30
Маркетплейсы,1310,True,0,0,30
Маркетплейсы,1311,True,0,0,30
Маркетплейсы,1312,True,0,0,30
Маркетплейсы,1313,True,0,0,30
Маркетплейсы,1314,True,0,0,30
Маркетплейсы,1315,True,0,0,30
Маркетплейсы,1316,True,0,0,30
Маркетплейсы,1317,True,0,0,30
Маркетплейсы,1319,True,0,0,30
Маркетплейсы,1320,True,0,0,30
Маркетплейсы,1321,True,0,0,30
Маркетплейсы,1322,True,0,0,30
Маркетплейсы,1323,True,0,0,30
Маркетплейсы,1324,True,0,0,30
Маркетплейсы,1325,True,0,0,30
Маркетплейсы,1326,True,0,0,30
Маркетплейсы,1327,True,0,0,30
Маркетплейсы,1328,True,0,0,30
Маркетплейсы,1329,True,0,0,30
Маркетплейсы,1330,True,0,0,30
Маркетплейсы,1331,True,0,0,30
Маркетплейсы,1333,True,0,0,30
Маркетплейсы,1334,True,0,0,30
Маркетплейсы,1335,True,0,0,30
Маркетплейсы,1336,True,0,0,30
Маркетплейсы,1337,True,0,0,30
Маркетплейсы,1338,True,0,0,30
Маркетплейсы,1339,True,0,0,30
Маркетплейсы,1340,True,0,0,30
Маркетплейсы,1341,True,0,0,30
Маркетплейсы,1343,True,0,0,30
Маркетплейсы,1344,True,0,0,30
Маркетплейсы,1345,True,0,0,30
Маркетплейсы,1346,True,0,0,30
Маркетплейсы,1347,True,0,0,30
Маркетплейсы,1348,True,0,0,30
Маркетплейсы,1349,True,0,0,30
Маркетплейсы,1350,True,0,0,30
Маркетплейсы,1351,True,0,0,30
Маркетплейсы,1352,True,0,0,30
Маркетплейсы,1353,True,0,0,30
Маркетплейсы,1355,True,0,0,30
Маркетплейсы,1356,True,0,0,30
Маркетплейсы,1357,True,0,0,30
Маркетплейсы,1358,True,0,0,30
Маркетплейсы,1392,True,0,0,30
Маркетплейсы,1393,True,0,0,30
Маркетплейсы,1394,True,0,0,30
Маркетплейсы,1395,True,0,0,30
Маркетплейсы,1396,True,0,0,30
Маркетплейсы,1397,True,0,0,30
Маркетплейсы,1398,True,0,0,30
Маркетплейсы,1399,True,0,0,30
Маркетплейсы,1400,True,0,0,30
Маркетплейсы,1401,True,0,0,30
Маркетплейсы,1402,True,0,0,30
Маркетплейсы,1403,True,0,0,30
Маркетплейсы,1404,True,0,0,30
Маркетплейсы,1405,True,0,0,30
Маркетплейсы,1406,True,0,0,30
Маркетплейсы,1407,True,0,0,30
Маркетплейсы,1408,True,0,0,30
Маркетплейсы,1409,True,0,0,30
Маркетплейсы,1410,True,0,0,30
Маркетплейсы,1411,True,0,0,30
Маркетплейсы,1412,True,0,0,30
Маркетплейсы,1413,True,0,0,30
Маркетплейсы,1414,True,0,0,30
Маркетплейсы,1415,True,0,0,30
Маркетплейсы,1416,True,0,0,30
Маркетплейсы,1417,True,0,0,30
Маркетплейсы,1419,True,0,0,30
Маркетплейсы,1420,True,0,0,30
Маркетплейсы,1421,True,0,0,30
Маркетплейсы,1422,True,0,0,30
Маркетплейсы,1423,True,0,0,30
Маркетплейсы,1425,True,0,0,30
Маркетплейсы,1426,True,0,0,30
Маркетплейсы,1427,True,0,0,30
Маркетплейсы,1428,True,0,0,30
Маркетплейсы,1429,True,0,0,30
Маркетплейсы,1430,True,0,0,30
Маркетплейсы,1431,True,0,0,30
Маркетплейсы,1434,True,6,5,19
Маркетплейсы,1435,True,0,4,26
Маркетплейсы,1437,True,2,6,22
Маркетплейсы,1438,True,0,0,30
Маркетплейсы,1439,True,0,0,30
Маркетплейсы,1440,True,0,0,30
Маркетплейсы,1443,True,0,0,30
Маркетплейсы,1444,True,0,0,30
Маркетплейсы,1445,True,0,0,30
Маркетплейсы,1446,True,0,0,30
Маркетплейсы,1447,True,0,0,30
Маркетплейсы,1448,True,0,0,30
Маркетплейсы,1449,True,0,0,30
Маркетплейсы,1453,True,0,0,30
Маркетплейсы,1454,True,0,0,30
Маркетплейсы,1456,True,0,0,30
Маркетплейсы,1457,True,0,0,30
Маркетплейсы,1459,True,0,0,30
Маркетплейсы,1461,True,0,0,30
Маркетплейсы,1463,True,0,0,30
Маркетплейсы,1464,True,0,0,30
Маркетплейсы,1465,True,0,0,30
Маркетплейсы,1467,True,0,0,30
Маркетплейсы,1468,True,0,0,30
Маркетплейсы,1471,True,26,4,0
Маркетплейсы,1472,True,0,0,30
Маркетплейсы,1473,True,0,0,30
Маркетплейсы,1474,True,0,0,30
Маркетплейсы,1475,True,0,0,30
Маркетплейсы,1477,True,0,0,30
Маркетплейсы,1478,True,0,0,30
Маркетплейсы,1480,True,0,0,30
Маркетплейсы,1481,True,0,0,30
Маркетплейсы,1483,True,0,0,30
Маркетплейсы,1484,True,0,0,30
Маркетплейсы,1486,True,0,0,30
Маркетплейсы,1487,True,26,4,0
Маркетплейсы,1488,True,0,0,30
Маркетплейсы,1489,True,0,0,30
Маркетплейсы,1490,True,0,0,30
Маркетплейсы,1491,True,0,0,30
Маркетплейсы,1492,True,0,0,30
Маркетплейсы,1493,True,0,0,30
Маркетплейсы,1494,True,0,0,30
Маркетплейсы,1495,True,0,0,30
Маркетплейсы,1496,True,0,0,30
Маркетплейсы,1500,True,0,0,30
Маркетплейсы,1501,True,0,0,30
Маркетплейсы,1504,True,0,0,30
Маркетплейсы,1506,True,0,0,30
Маркетплейсы,1507,True,0,0,30
Маркетплейсы,1508,True,0,0,30
Маркетплейсы,1509,True,0,0,30
Маркетплейсы,1510,True,0,0,30
Маркетплейсы,1511,True,0,0,30
Маркетплейсы,1512,True,0,0,30
Маркетплейсы,1518,True,0,0,30
Маркетплейсы,1519,True,0,0,30
Маркетплейсы,1520,True,0,0,30
Маркетплейсы,1521,True,0,0,30
Маркетплейсы,1522,True,0,0,30
Маркетплейсы,1523,True,0,0,30
Маркетплейсы,1525,True,0,0,30
Маркетплейсы,1526,True,0,0,30
Маркетплейсы,1527,True,0,0,30
Маркетплейсы,1528,True,0,0,30
Маркетплейсы,1529,True,0,0,30
Маркетплейсы,1530,True,0,0,30
Маркетплейсы,1532,True,0,0,30
Маркетплейсы,1533,True,0,0,30
Маркетплейсы,1534,True,0,0,30
Маркетплейсы,1535,True,0,0,30
Маркетплейсы,1536,True,0,0,30
Маркетплейсы,1537,True,0,0,30
Маркетплейсы,1539,True,0,0,30
Маркетплейсы,1540,True,0,0,30
Маркетплейсы,1541,True,0,0,30
Маркетплейсы,1542,True,0,0,30
Маркетплейсы,1543,True,0,0,30
Маркетплейсы,1544,True,0,0,30
Маркетплейсы,1545,True,0,0,30
Маркетплейсы,1546,True,0,0,30
Маркетплейсы,1547,True,0,0,30
Маркетплейсы,1548,True,0,0,30
Маркетплейсы,1549,True,0,0,30
Маркетплейсы,1550,True,0,0,30
Маркетплейсы,1551,True,0,0,30
Маркетплейсы,1552,True,0,0,30
Маркетплейсы,1553,True,0,0,30
Маркетплейсы,1554,True,0,0,30
Маркетплейсы,1555,True,0,0,30
Маркетплейсы,1556,True,0,0,30
Маркетплейсы,1557,True,0,0,30
Маркетплейсы,1558,True,0,0,30
Маркетплейсы,1559,True,0,0,30
Маркетплейсы,1560,True,0,0,30
Маркетплейсы,1561,True,0,0,30
Маркетплейсы,1562,True,0,0,30
Маркетплейсы,1563,True,0,0,30
Маркетплейсы,1564,True,0,0,30
Маркетплейсы,1565,True,0,0,30
Маркетплейсы,1566,True,0,0,30
Маркетплейсы,1567,True,0,0,30
Маркетплейсы,1568,True,0,0,30
Маркетплейсы,1569,True,0,0,30
Маркетплейсы,1570,True,0,0,30
Маркетплейсы,1571,True,0,0,30
Маркетплейсы,1572,True,0,0,30
Маркетплейсы,1573,True,0,0,30
Маркетплейсы,1574,True,0,0,30
Маркетплейсы,1575,True,0,0,30
Маркетплейсы,1577,True,0,0,30
Маркетплейсы,1578,True,0,0,30
Маркетплейсы,1579,True,0,0,30
Маркетплейсы,1580,True,0,0,30
Маркетплейсы,1581,True,0,0,30
Маркетплейсы,1582,True,0,0,30
Маркетплейсы,1583,True,0,0,30
Маркетплейсы,1584,True,0,0,30
Маркетплейсы,1585,True,0,0,30
Маркетплейсы,1586,True,0,0,30
Маркетплейсы,1587,True,0,0,30
Маркетплейсы,1588,True,0,0,30
Маркетплейсы,1589,True,0,0,30
Маркетплейсы,1590,True,0,0,30
Маркетплейсы,1591,True,0,0,30
Маркетплейсы,1592,True,0,0,30
Маркетплейсы,1593,True,0,0,30
Маркетплейсы,1594,True,0,0,30
Маркетплейсы,1595,True,0,0,30
Маркетплейсы,1596,True,0,0,30
Маркетплейсы,1597,True,0,0,30
Маркетплейсы,1598,True,0,0,30
Маркетплейсы,1599,True,0,0,30
Маркетплейсы,1600,True,0,0,30
Маркетплейсы,1601,True,0,0,30
Маркетплейсы,1602,True,0,0,30
Маркетплейсы,1603,True,0,0,30
Маркетплейсы,1604,True,0,0,30
Маркетплейсы,1605,True,0,0,30
Маркетплейсы,1606,True,0,0,30
Маркетплейсы,1607,True,0,0,30
Маркетплейсы,1608,True,0,0,30
Маркетплейсы,1609,True,0,0,30
Маркетплейсы,1610,True,0,0,30
Маркетплейсы,1611,True,0,0,30
Маркетплейсы,1612,True,0,0,30
Маркетплейсы,1613,True,0,0,30
Маркетплейсы,1614,True,0,0,30
Маркетплейсы,1615,True,0,0,30
Маркетплейсы,1616,True,0,0,30
Маркетплейсы,1617,True,0,0,30
Маркетплейсы,1618,True,0,0,30
Маркетплейсы,1619,True,0,0,30
Маркетплейсы,1620,True,0,0,30
Маркетплейсы,1621,True,0,0,30
Маркетплейсы,1622,True,0,0,30
Маркетплейсы,1623,True,0,0,30
Маркетплейсы,1624,True,0,0,30
Маркетплейсы,1625,True,0,0,30
Маркетплейсы,1626,True,0,0,30
Маркетплейсы,1627,True,0,0,30
Маркетплейсы,1628,True,0,0,30
Маркетплейсы,1629,True,0,0,30
Маркетплейсы,1630,True,0,0,30
Маркетплейсы,1631,True,0,0,30
Маркетплейсы,1632,True,0,0,30
Маркетплейсы,1633,True,0,0,30
Маркетплейсы,1634,True,0,0,30
Маркетплейсы,1635,True,0,0,30
Маркетплейсы,1636,True,0,0,30
Маркетплейсы,1637,True,0,0,30
Маркетплейсы,1638,True,0,0,30
Маркетплейсы,1639,True,0,0,30
Маркетплейсы,1640,True,0,0,30
Маркетплейсы,1641,True,0,0,30
Маркетплейсы,1642,True,0,0,30
Маркетплейсы,1643,True,0,0,30
Маркетплейсы,1644,True,0,0,30
Маркетплейсы,1645,True,0,0,30
Маркетплейсы,1646,True,0,0,30
Маркетплейсы,1647,True,0,0,30
Маркетплейсы,1648,True,0,0,30
Маркетплейсы,1649,True,0,0,30
Маркетплейсы,1650,True,0,0,30
Маркетплейсы,1651,True,0,0,30
Маркетплейсы,1652,True,0,0,30
Маркетплейсы,1653,True,0,0,30
Маркетплейсы,1654,True,0,0,30
Маркетплейсы,1655,True,0,0,30
Маркетплейсы,1656,True,0,0,30
Маркетплейсы,1657,True,0,0,30
Маркетплейсы,1658,True,0,0,30
Маркетплейсы,1659,True,0,0,30
Маркетплейсы,1660,True,0,0,30
Маркетплейсы,1661,True,0,0,30
Маркетплейсы,1662,True,0,0,30
Маркетплейсы,1663,True,0,0,30
Маркетплейсы,1664,True,0,0,30
Маркетплейсы,1665,True,0,0,30
Маркетплейсы,1666,True,0,0,30
Маркетплейсы,1667,True,0,0,30
Маркетплейсы,1668,True,0,0,30
Маркетплейсы,1669,True,0,0,30
Маркетплейсы,1670,True,0,0,30
Маркетплейсы,1671,True,0,0,30
Маркетплейсы,1672,True,0,0,30
Маркетплейсы,1673,True,0,0,30
Маркетплейсы,1674,True,0,0,30
Маркетплейсы,1675,True,0,0,30
Маркетплейсы,1676,True,0,0,30
Маркетплейсы,1678,True,0,0,30
Маркетплейсы,1679,True,0,0,30
Маркетплейсы,1680,True,0,0,30
Маркетплейсы,1681,True,0,0,30
Маркетплейсы,1682,True,0,0,30
Маркетплейсы,1683,True,0,0,30
Маркетплейсы,1685,True,0,0,30
Маркетплейсы,1686,True,0,0,30
Маркетплейсы,1687,True,0,0,30
Маркетплейсы,1688,True,0,0,30
Маркетплейсы,1689,True,0,0,30
Маркетплейсы,1690,True,0,0,30
Маркетплейсы,1691,True,0,0,30
Маркетплейсы,1692,True,0,0,30
Маркетплейсы,1693,True,0,0,30
Маркетплейсы,1694,True,0,0,30
Маркетплейсы,1696,True,0,0,30
Маркетплейсы,1697,True,0,0,30
Маркетплейсы,1698,True,0,0,30
Маркетплейсы,1699,True,0,0,30
Маркетплейсы,1700,True,0,0,30
Маркетплейсы,1701,True,0,0,30
Маркетплейсы,1702,True,0,0,30
Маркетплейсы,1703,True,0,0,30
Маркетплейсы,1704,True,0,0,30
Маркетплейсы,1705,True,0,0,30
Маркетплейсы,1706,True,0,0,30
Маркетплейсы,1707,True,0,0,30
Маркетплейсы,1708,True,0,0,30
Маркетплейсы,1709,True,0,0,30
Маркетплейсы,1710,True,0,0,30
Маркетплейсы,1711,True,0,0,30
Маркетплейсы,1712,True,0,0,30
Маркетплейсы,1713,True,14,8,8
Маркетплейсы,1714,True,0,0,30
Маркетплейсы,1715,True,0,0,30
Маркетплейсы,1717,True,0,0,30
Маркетплейсы,1718,True,0,0,30
Маркетплейсы,1719,True,0,0,30
Маркетплейсы,1722,True,0,0,30
Маркетплейсы,1724,True,0,0,30
Маркетплейсы,1725,True,0,0,30
Маркетплейсы,1726,True,0,0,30
Маркетплейсы,1727,True,0,0,30
Маркетплейсы,1728,True,0,0,30
Маркетплейсы,1730,True,0,0,30
Маркетплейсы,1731,True,0,0,30
Маркетплейсы,1732,True,0,0,30
Маркетплейсы,1733,True,0,0,30
Маркетплейсы,1737,True,0,0,30
Маркетплейсы,1738,True,0,0,30
Маркетплейсы,1739,True,0,0,30
Маркетплейсы,1740,True,0,0,30
Маркетплейсы,1741,True,0,0,30
Маркетплейсы,1742,True,0,0,30
Маркетплейсы,1743,True,0,0,30
Маркетплейсы,1744,True,0,0,30
Маркетплейсы,1745,True,0,0,30
Маркетплейсы,1746,True,0,0,30
Маркетплейсы,1747,True,0,0,30
Маркетплейсы,1749,True,0,0,30
Маркетплейсы,1750,True,0,0,30
Маркетплейсы,1751,True,0,0,30
Маркетплейсы,1752,True,0,0,30
Маркетплейсы,1753,True,0,0,30
Маркетплейсы,1754,True,0,0,30
Маркетплейсы,1755,True,0,0,30
Маркетплейсы,1756,True,0,0,30
Маркетплейсы,1757,True,0,0,30
Маркетплейсы,1758,True,0,0,30
Маркетплейсы,1759,True,0,0,30
Маркетплейсы,1760,True,0,0,30
Маркетплейсы,1761,True,0,0,30
Маркетплейсы,1762,True,0,0,30
Маркетплейсы,1763,True,11,8,11
Маркетплейсы,1764,True,0,0,30
Маркетплейсы,1765,True,0,0,30
Маркетплейсы,1766,True,0,0,30
Маркетплейсы,1768,True,0,0,30
Маркетплейсы,1769,True,0,0,30
Маркетплейсы,1770,True,0,0,30
Маркетплейсы,1771,True,0,0,30
Маркетплейсы,1773,True,0,0,30
Маркетплейсы,1774,True,0,0,30
Маркетплейсы,1775,True,0,0,30
Маркетплейсы,1776,True,0,0,30
Маркетплейсы,1777,True,0,0,30
Маркетплейсы,1778,True,0,0,30
Маркетплейсы,1780,True,0,0,30
Маркетплейсы,1781,True,0,0,30
Маркетплейсы,1782,True,0,0,30
Маркетплейсы,1783,True,0,0,30
Маркетплейсы,1784,True,0,0,30
Маркетплейсы,1785,True,0,0,30
Маркетплейсы,1786,True,0,0,30
Маркетплейсы,1787,True,0,0,30
Маркетплейсы,1788,True,0,0,30
Маркетплейсы,1845,True,0,0,30
Маркетплейсы,1846,True,0,0,30
Маркетплейсы,1847,True,26,4,0
Маркетплейсы,1848,True,0,0,30
Маркетплейсы,1849,True,0,0,30
Маркетплейсы,1850,True,0,0,30
Маркетплейсы,1851,True,0,0,30
Маркетплейсы,1852,True,0,0,30
Маркетплейсы,1853,True,0,0,30
Маркетплейсы,1854,True,0,0,30
Маркетплейсы,1855,True,0,0,30
Маркетплейсы,1856,True,0,0,30
Маркетплейсы,1857,True,0,0,30
Маркетплейсы,1858,True,0,0,30
Маркетплейсы,1859,True,0,0,30
Маркетплейсы,1860,True,0,0,30
Маркетплейсы,1861,True,0,0,30
Маркетплейсы,1862,True,0,0,30
Маркетплейсы,1863,True,0,0,30
Маркетплейсы,1864,True,0,0,30
Маркетплейсы,1865,True,0,0,30
Маркетплейсы,1868,True,0,0,30
Маркетплейсы,1869,True,0,0,30
Маркетплейсы,1870,True,0,0,30
Маркетплейсы,1871,True,0,0,30
Маркетплейсы,1872,True,0,0,30
Маркетплейсы,1873,True,0,0,30
Маркетплейсы,1874,True,0,0,30
Маркетплейсы,1875,True,0,0,30
Маркетплейсы,1876,True,0,0,30
Маркетплейсы,1877,True,0,0,30
Маркетплейсы,1878,True,0,0,30
Маркетплейсы,1879,True,0,0,30
Маркетплейсы,1880,True,0,0,30
Маркетплейсы,1881,True,0,0,30
Маркетплейсы,1882,True,26,4,0
Маркетплейсы,1883,True,0,0,30
Маркетплейсы,1884,True,0,0,30
Маркетплейсы,1885,True,0,0,30
Маркетплейсы,1886,True,0,0,30
Маркетплейсы,1887,True,0,0,30
Маркетплейсы,1888,True,0,0,30
Маркетплейсы,1889,True,0,0,30
Маркетплейсы,1890,True,0,0,30
Маркетплейсы,1891,True,0,0,30
Маркетплейсы,1892,True,0,0,30
Маркетплейсы,1893,True,0,0,30
Маркетплейсы,1894,True,0,0,30
Маркетплейсы,1895,True,0,0,30
Маркетплейсы,1896,True,0,0,30
Маркетплейсы,1897,True,0,0,30
Маркетплейсы,1898,True,0,0,30
Маркетплейсы,1899,True,0,0,30
Маркетплейсы,1900,True,0,0,30
Маркетплейсы,1901,True,0,0,30
Маркетплейсы,1902,True,0,0,30
Маркетплейсы,1903,True,0,0,30
Маркетплейсы,1904,True,0,0,30
Маркетплейсы,1905,True,0,0,30
Маркетплейсы,1906,True,0,0,30
Маркетплейсы,1907,True,0,0,30
Маркетплейсы,1908,True,0,0,30
Маркетплейсы,1909,True,0,0,30
Маркетплейсы,1910,True,0,0,30
Маркетплейсы,1912,True,0,0,30
Маркетплейсы,1915,True,0,0,30
Маркетплейсы,1916,True,0,0,30
Маркетплейсы,1917,True,0,0,30
Маркетплейсы,1918,True,0,0,30
Маркетплейсы,1919,True,0,0,30
Маркетплейсы,1920,True,0,0,30
Маркетплейсы,1921,True,0,0,30
Маркетплейсы,1922,True,0,0,30
Маркетплейсы,1923,True,0,0,30
Маркетплейсы,1924,True,0,0,30
Маркетплейсы,1925,True,0,0,30
Маркетплейсы,1926,True,0,0,30
Маркетплейсы,1927,True,0,0,30
Маркетплейсы,1928,True,0,0,30
Маркетплейсы,1929,True,0,0,30
Маркетплейсы,1930,True,0,0,30
Маркетплейсы,1931,True,0,0,30
Маркетплейсы,1932,True,0,0,30
Маркетплейсы,1933,True,0,0,30
Маркетплейсы,1934,True,0,0,30
Маркетплейсы,1935,True,0,0,30
Маркетплейсы,1936,True,0,0,30
Маркетплейсы,1937,True,0,0,30
Маркетплейсы,1938,True,0,0,30
Маркетплейсы,1939,True,0,0,30
Маркетплейсы,1940,True,0,0,30
Маркетплейсы,1941,True,0,0,30
Маркетплейсы,1942,True,0,0,30
Маркетплейсы,1943,True,0,0,30
Маркетплейсы,1944,True,0,0,30
Маркетплейсы,1945,True,0,0,30
Маркетплейсы,1947,True,0,0,30
Маркетплейсы,1948,True,0,0,30
Маркетплейсы,1949,True,0,0,30
Маркетплейсы,1950,True,0,0,30
Маркетплейсы,1951,True,0,0,30
Маркетплейсы,1952,True,0,0,30
Маркетплейсы,1954,True,0,0,30
Маркетплейсы,1955,True,0,0,30
Маркетплейсы,1956,True,0,0,30
Маркетплейсы,1957,True,0,0,30
Маркетплейсы,1958,True,0,0,30
Маркетплейсы,1959,True,0,0,30
Маркетплейсы,1960,True,0,0,30
Маркетплейсы,1961,True,0,0,30
Маркетплейсы,1962,True,0,0,30
Маркетплейсы,1963,True,0,0,30
Маркетплейсы,1964,True,11,11,8
Маркетплейсы,1965,True,0,0,30
Маркетплейсы,1966,True,0,0,30
Маркетплейсы,1967,True,0,0,30
Маркетплейсы,1968,True,0,0,30
Маркетплейсы,1969,True,0,0,30
Маркетплейсы,1970,True,0,0,30
Маркетплейсы,1971,True,0,0,30
Маркетплейсы,1972,True,0,0,30
Маркетплейсы,1973,True,0,0,30
Маркетплейсы,1974,True,0,0,30
Маркетплейсы,1975,True,0,0,30
Маркетплейсы,1976,True,0,0,30
Маркетплейсы,1977,True,0,0,30
Маркетплейсы,1978,True,0,0,30
Маркетплейсы,1979,True,0,0,30
Маркетплейсы,1980,True,0,0,30
Маркетплейсы,1981,True,0,0,30
Маркетплейсы,1982,True,0,0,30
Маркетплейсы,1983,True,0,0,30
Маркетплейсы,1984,True,0,0,30
Маркетплейсы,1985,True,0,0,30
Маркетплейсы,1986,True,0,0,30
Маркетплейсы,1987,True,0,0,30
Маркетплейсы,1988,True,0,0,30
Маркетплейсы,1989,True,0,0,30
Маркетплейсы,1990,True,0,0,30
Маркетплейсы,1991,True,0,0,30
Маркетплейсы,1992,True,0,0,30
Маркетплейсы,1993,True,0,0,30
Маркетплейсы,1994,True,0,0,30
Маркетплейсы,1995,True,0,0,30
Маркетплейсы,1996,True,0,0,30
Маркетплейсы,1997,True,0,0,30
Маркетплейсы,1999,True,0,0,30
Маркетплейсы,2000,True,0,0,30
Маркетплейсы,2001,True,0,0,30
Маркетплейсы,2002,True,0,0,30
Маркетплейсы,2004,True,0,0,30
Маркетплейсы,2005,True,0,0,30
Маркетплейсы,2006,True,0,0,30
Маркетплейсы,2007,True,0,0,30
Маркетплейсы,2008,True,0,0,30
Маркетплейсы,2009,True,0,0,30
Маркетплейсы,2010,True,0,0,30
Маркетплейсы,2011,True,0,0,30
Маркетплейсы,2012,True,0,0,30
Маркетплейсы,2015,True,0,0,30
Маркетплейсы,2016,True,14,10,6
Маркетплейсы,2017,True,0,0,30
Маркетплейсы,2018,True,0,0,30
Маркетплейсы,2019,True,0,0,30
Маркетплейсы,2020,True,11,10,9
Маркетплейсы,2021,True,0,0,30
Маркетплейсы,2022,True,0,0,30
Маркетплейсы,2023,True,0,0,30
Маркетплейсы,2024,True,0,0,30
Маркетплейсы,2025,True,0,0,30
Маркетплейсы,2027,True,0,0,30
Маркетплейсы,2028,True,0,0,30
Маркетплейсы,2030,True,0,0,30
Маркетплейсы,2031,True,0,0,30
Маркетплейсы,2032,True,0,0,30
Маркетплейсы,2033,True,0,0,30
Маркетплейсы,2034,True,0,0,30
Маркетплейсы,2035,True,0,0,30
Маркетплейсы,2036,True,0,0,30
Маркетплейсы,2037,True,0,0,30
Маркетплейсы,2039,True,0,0,30
Маркетплейсы,2040,True,0,0,30
Маркетплейсы,2041,True,0,0,30
Маркетплейсы,2042,True,0,0,30
Маркетплейсы,2043,True,0,0,30
Маркетплейсы,2044,True,0,0,30
Маркетплейсы,2045,True,0,0,30
Маркетплейсы,2046,True,0,0,30
Маркетплейсы,2047,True,0,0,30
Маркетплейсы,2048,True,0,0,30
Маркетплейсы,2049,True,0,0,30
Маркетплейсы,2050,True,0,0,30
Маркетплейсы,2051,True,0,0,30
Маркетплейсы,2052,True,0,0,30
Маркетплейсы,2053,True,0,0,30
Маркетплейсы,2054,True,0,0,30
Маркетплейсы,2055,True,0,0,30
Маркетплейсы,2056,True,0,0,30
Маркетплейсы,2057,True,0,0,30
Маркетплейсы,2058,True,0,0,30
Маркетплейсы,2059,True,0,0,30
Маркетплейсы,2060,True,0,0,30
Маркетплейсы,2061,True,0,0,30
Маркетплейсы,2062,True,0,0,30
Маркетплейсы,2063,True,0,0,30
Маркетплейсы,2064,True,0,0,30
Маркетплейсы,2065,True,0,0,30
Маркетплейсы,2066,True,0,0,30
Маркетплейсы,2067,True,0,0,30
Маркетплейсы,2068,True,0,0,30
Маркетплейсы,2069,True,0,0,30
Маркетплейсы,2070,True,0,0,30
Маркетплейсы,2072,True,0,0,30
Маркетплейсы,2073,True,0,0,30
Маркетплейсы,2074,True,0,0,30
Маркетплейсы,2075,True,0,0,30
Маркетплейсы,2076,True,0,0,30
Маркетплейсы,2077,True,0,0,30
Маркетплейсы,2078,True,0,0,30
Маркетплейсы,2079,True,0,0,30
Маркетплейсы,2080,True,0,0,30
Маркетплейсы,2081,True,0,0,30
Маркетплейсы,2082,True,0,0,30
Маркетплейсы,2085,True,0,0,30
Маркетплейсы,2087,True,0,0,30
Маркетплейсы,2088,True,0,0,30
Маркетплейсы,2089,True,0,0,30
Маркетплейсы,2090,True,0,0,30
Маркетплейсы,2091,True,0,0,30
Маркетплейсы,2093,True,0,0,30
Маркетплейсы,2094,True,0,0,30
Маркетплейсы,2095,True,0,0,30
Маркетплейсы,2096,True,0,0,30
Маркетплейсы,2098,True,0,0,30
Маркетплейсы,2100,True,0,0,30
Маркетплейсы,2101,True,0,0,30
Маркетплейсы,2105,True,0,0,30
Маркетплейсы,2108,True,0,0,30
Маркетплейсы,2109,True,0,0,30
Маркетплейсы,2110,True,0,0,30
Маркетплейсы,2111,True,0,0,30
Маркетплейсы,2112,True,0,0,30
Маркетплейсы,2113,True,0,0,30
Маркетплейсы,2114,True,0,0,30
Маркетплейсы,2116,True,0,0,30
Маркетплейсы,2117,True,0,0,30
Маркетплейсы,2118,True,0,0,30
Маркетплейсы,2119,True,0,0,30
Маркетплейсы,2120,True,0,0,30
Маркетплейсы,2121,True,0,0,30
Маркетплейсы,2122,True,0,0,30
Маркетплейсы,2124,True,0,0,30
Маркетплейсы,2125,True,0,0,30
Маркетплейсы,2126,True,0,0,30
Маркетплейсы,2127,True,0,0,30
Маркетплейсы,2128,True,0,0,30
Маркетплейсы,2129,True,0,0,30
Маркетплейсы,2130,True,0,0,30
Маркетплейсы,2131,True,0,0,30
Маркетплейсы,2132,True,0,0,30
Маркетплейсы,2133,True,0,0,30
Маркетплейсы,2134,True,0,0,30
Маркетплейсы,2136,True,0,0,30
Маркетплейсы,2137,True,0,0,30
Маркетплейсы,2138,True,0,0,30
Маркетплейсы,2139,True,0,0,30
Маркетплейсы,2140,True,0,0,30
Маркетплейсы,2142,True,0,0,30
Маркетплейсы,2143,True,0,0,30
Маркетплейсы,2144,True,0,0,30
Маркетплейсы,2145,True,0,0,30
Маркетплейсы,2146,True,0,0,30
Маркетплейсы,2148,True,0,0,30
Маркетплейсы,2149,True,0,0,30
Маркетплейсы,2150,True,0,0,30
Маркетплейсы,2151,True,0,0,30
Маркетплейсы,2152,True,0,0,30
Маркетплейсы,2153,True,0,0,30
Маркетплейсы,2154,True,0,0,30
Маркетплейсы,2155,True,0,0,30
Маркетплейсы,2156,True,0,0,30
Маркетплейсы,2157,True,0,0,30
Маркетплейсы,2158,True,0,0,30
Маркетплейсы,2159,True,0,0,30
Маркетплейсы,2160,True,0,0,30
Маркетплейсы,2161,True,0,0,30
Маркетплейсы,2162,True,0,0,30
Маркетплейсы,2163,True,0,0,30
Маркетплейсы,2164,True,0,0,30
Маркетплейсы,2165,True,0,0,30
Маркетплейсы,2167,True,0,0,30
Маркетплейсы,2168,True,0,0,30
Маркетплейсы,2169,True,0,0,30
Маркетплейсы,2171,True,0,0,30
Маркетплейсы,2172,True,0,0,30
Маркетплейсы,2173,True,0,0,30
Маркетплейсы,2174,True,0,0,30
Маркетплейсы,2175,True,0,0,30
Маркетплейсы,2176,True,0,0,30
Маркетплейсы,2177,True,0,0,30
Маркетплейсы,2178,True,0,0,30
Маркетплейсы,2179,True,0,0,30
Маркетплейсы,2180,True,0,0,30
Маркетплейсы,2181,True,0,0,30
Маркетплейсы,2182,True,0,0,30
Маркетплейсы,2183,True,0,0,30
Маркетплейсы,2184,True,0,0,30
Маркетплейсы,2185,True,0,0,30
Маркетплейсы,2186,True,0,0,30
Маркетплейсы,2187,True,0,0,30
Маркетплейсы,2188,True,0,0,30
Маркетплейсы,2189,True,0,0,30
Маркетплейсы,2190,True,0,0,30
Маркетплейсы,2191,True,0,0,30
Маркетплейсы,2192,True,0,0,30
Маркетплейсы,2193,True,0,0,30
Маркетплейсы,2194,True,0,0,30
Маркетплейсы,2195,True,0,0,30
Маркетплейсы,2196,True,0,0,30
Маркетплейсы,2197,True,0,0,30
Маркетплейсы,2198,True,0,0,30
Маркетплейсы,2199,True,0,0,30
Маркетплейсы,2200,True,0,0,30
Маркетплейсы,2201,True,0,0,30
Маркетплейсы,2202,True,0,0,30
Маркетплейсы,2203,True,0,0,30
Маркетплейсы,2204,True,0,0,30
Маркетплейсы,2205,True,0,0,30
Маркетплейсы,2206,True,0,0,30
Маркетплейсы,2207,True,0,0,30
Маркетплейсы,2208,True,0,0,30
Маркетплейсы,2210,True,0,0,30
Маркетплейсы,2211,True,0,0,30
Маркетплейсы,2212,True,0,0,30
Маркетплейсы,2213,True,0,0,30
Маркетплейсы,2215,True,0,0,30
Маркетплейсы,2216,True,0,0,30
Маркетплейсы,2217,True,0,0,30
Маркетплейсы,2218,True,0,0,30
Маркетплейсы,2219,True,0,0,30
Маркетплейсы,2220,True,0,0,30
Маркетплейсы,2221,True,0,0,30
Маркетплейсы,2222,True,0,0,30
Маркетплейсы,2223,True,0,0,30
Маркетплейсы,2224,True,0,0,30
Маркетплейсы,2225,True,0,0,30
Маркетплейсы,2226,True,0,0,30
Маркетплейсы,2227,True,0,0,30
Маркетплейсы,2228,True,0,0,30
Маркетплейсы,2229,True,0,0,30
Маркетплейсы,2230,True,0,0,30
Маркетплейсы,2231,True,0,0,30
Маркетплейсы,2232,True,0,0,30
Маркетплейсы,2233,True,0,0,30
Маркетплейсы,2234,True,0,0,30
Маркетплейсы,2235,True,0,0,30
Маркетплейсы,2236,True,0,0,30
Маркетплейсы,2237,True,0,0,30
Маркетплейсы,2238,True,0,0,30
Маркетплейсы,2241,True,0,0,30
Маркетплейсы,2242,True,0,0,30
Маркетплейсы,2243,True,0,0,30
Маркетплейсы,2244,True,0,0,30
Маркетплейсы,2245,True,0,0,30
Маркетплейсы,2248,True,0,0,30
Маркетплейсы,2249,True,0,0,30
Маркетплейсы,2250,True,0,0,30
Маркетплейсы,2251,True,0,0,30
Маркетплейсы,2252,True,0,0,30
Маркетплейсы,2253,True,0,0,30
Маркетплейсы,2254,True,0,0,30
Маркетплейсы,2255,True,0,0,30
Маркетплейсы,2256,True,0,0,30
Маркетплейсы,2257,True,0,0,30
Маркетплейсы,2258,True,0,0,30
Маркетплейсы,2259,True,0,0,30
Маркетплейсы,2260,True,0,0,30
Маркетплейсы,2262,True,0,0,30
Маркетплейсы,2264,True,0,0,30
Маркетплейсы,2265,True,0,0,30
Маркетплейсы,2266,True,0,0,30
Маркетплейсы,2267,True,0,0,30
Маркетплейсы,2268,True,0,0,30
Маркетплейсы,2269,True,0,0,30
Маркетплейсы,2270,True,0,0,30
Маркетплейсы,2271,True,0,0,30
Маркетплейсы,2272,True,0,0,30
Маркетплейсы,2274,True,0,0,30
Маркетплейсы,2275,True,0,0,30
Маркетплейсы,2276,True,0,0,30
Маркетплейсы,2278,True,0,0,30
Маркетплейсы,2279,True,0,0,30
Маркетплейсы,2280,True,0,0,30
Маркетплейсы,2281,True,0,0,30
Маркетплейсы,2282,True,0,0,30
Маркетплейсы,2286,True,0,0,30
Маркетплейсы,2287,True,0,0,30
Маркетплейсы,2288,True,0,0,30
Маркетплейсы,2289,True,0,0,30
Маркетплейсы,2292,True,0,0,30
Маркетплейсы,2293,True,0,0,30
Маркетплейсы,2294,True,0,0,30
Маркетплейсы,2295,True,0,0,30
Маркетплейсы,2296,True,0,0,30
Маркетплейсы,2297,True,0,0,30
Маркетплейсы,2298,True,0,0,30
Маркетплейсы,2299,True,0,0,30
Маркетплейсы,2300,True,0,0,30
Маркетплейсы,2301,True,0,0,30
Маркетплейсы,2302,True,0,0,30
Маркетплейсы,2303,True,0,0,30
Маркетплейсы,2304,True,0,0,30
Маркетплейсы,2305,True,0,0,30
Маркетплейсы,2307,True,0,0,30
Маркетплейсы,2308,True,0,0,30
Маркетплейсы,2309,True,0,0,30
Маркетплейсы,2310,True,0,0,30
Маркетплейсы,2311,True,0,0,30
Маркетплейсы,2312,True,0,0,30
Маркетплейсы,2314,True,0,0,30
Маркетплейсы,2315,True,0,0,30
Маркетплейсы,2316,True,0,0,30
Маркетплейсы,2317,True,0,0,30
Маркетплейсы,2318,True,0,0,30
Маркетплейсы,2320,True,0,0,30
Маркетплейсы,2321,True,0,0,30
Маркетплейсы,2322,True,0,0,30
Маркетплейсы,2323,True,0,0,30
Маркетплейсы,2324,True,0,0,30
Маркетплейсы,2325,True,0,0,30
Маркетплейсы,2326,True,0,0,30
Маркетплейсы,2327,True,0,0,30
Маркетплейсы,2328,True,0,0,30
Маркетплейсы,2329,True,0,0,30
Маркетплейсы,2330,True,0,0,30
Маркетплейсы,2332,True,0,0,30
Маркетплейсы,2333,True,0,0,30
Маркетплейсы,2334,True,0,0,30
Маркетплейсы,2335,True,0,0,30
Маркетплейсы,2336,True,0,0,30
Маркетплейсы,2337,True,0,0,30
Маркетплейсы,2338,True,0,0,30
Маркетплейсы,2339,True,0,0,30
Маркетплейсы,2340,True,0,0,30
Маркетплейсы,2341,True,0,0,30
Маркетплейсы,2342,True,0,0,30
Маркетплейсы,2343,True,0,0,30
Маркетплейсы,2344,True,0,0,30
Маркетплейсы,2345,True,0,0,30
Маркетплейсы,2347,True,26,4,0
Маркетплейсы,2348,True,0,0,30
Маркетплейсы,2349,True,0,0,30
Маркетплейсы,2351,True,0,0,30
Маркетплейсы,2352,True,0,0,30
Маркетплейсы,2353,True,0,0,30
Маркетплейсы,2354,True,0,0,30
Маркетплейсы,2355,True,0,0,30
Маркетплейсы,2356,True,0,0,30
Маркетплейсы,2357,True,0,0,30
Маркетплейсы,2358,True,0,0,30
Маркетплейсы,2359,True,0,0,30
Маркетплейсы,2360,True,0,0,30
Маркетплейсы,2361,True,0,0,30
Маркетплейсы,2362,True,0,0,30
Маркетплейсы,2363,True,0,0,30
Маркетплейсы,2364,True,0,0,30
Маркетплейсы,2365,True,0,0,30
Маркетплейсы,2366,True,0,0,30
Маркетплейсы,2367,True,0,0,30
Маркетплейсы,2368,True,0,0,30
Маркетплейсы,2369,True,0,0,30
Маркетплейсы,2370,True,0,0,30
Маркетплейсы,2371,True,0,0,30
Маркетплейсы,2372,True,0,0,30
Маркетплейсы,2373,True,0,0,30
Маркетплейсы,2374,True,0,0,30
Маркетплейсы,2375,True,0,0,30
Маркетплейсы,2376,True,0,0,30
Маркетплейсы,2377,True,0,0,30
Маркетплейсы,2378,True,0,0,30
Маркетплейсы,2379,True,0,0,30
Маркетплейсы,2380,True,0,0,30
Маркетплейсы,2381,True,0,0,30
Маркетплейсы,2382,True,0,0,30
Маркетплейсы,2383,True,0,0,30
Маркетплейсы,2384,True,0,0,30
Маркетплейсы,2385,True,0,0,30
Маркетплейсы,2386,True,0,0,30
Маркетплейсы,2387,True,0,0,30
Маркетплейсы,2388,True,0,0,30
Маркетплейсы,2389,True,0,0,30
Маркетплейсы,2390,True,0,0,30
Маркетплейсы,2391,True,0,0,30
Маркетплейсы,2392,True,0,0,30
Маркетплейсы,2393,True,0,0,30
Маркетплейсы,2394,True,17,6,7
Маркетплейсы,2395,True,0,0,30
Маркетплейсы,2398,True,0,0,30
Маркетплейсы,2399,True,0,0,30
Маркетплейсы,2400,True,0,0,30
Маркетплейсы,2401,True,0,0,30
Маркетплейсы,2402,True,0,0,30
Маркетплейсы,2403,True,0,0,30
Маркетплейсы,2404,True,0,0,30
Маркетплейсы,2405,True,0,0,30
Маркетплейсы,2406,True,0,0,30
Маркетплейсы,2407,True,0,0,30
Маркетплейсы,2408,True,0,0,30
Маркетплейсы,2409,True,0,0,30
Маркетплейсы,2410,True,0,0,30
Маркетплейсы,2411,True,0,0,30
Маркетплейсы,2412,True,0,0,30
Маркетплейсы,2416,True,0,0,30
Маркетплейсы,2422,True,0,0,30
Маркетплейсы,2423,True,0,0,30
Маркетплейсы,2424,True,0,0,30
Маркетплейсы,2425,True,0,0,30
Маркетплейсы,2426,True,0,0,30
Маркетплейсы,2427,True,0,0,30
Маркетплейсы,2428,True,0,0,30
Маркетплейсы,2429,True,0,0,30
Маркетплейсы,2430,True,0,0,30
Маркетплейсы,2431,True,0,0,30
Маркетплейсы,2432,True,0,0,30
Маркетплейсы,2433,True,0,0,30
Маркетплейсы,2434,True,0,0,30
Маркетплейсы,2435,True,0,0,30
Маркетплейсы,2436,True,0,0,30
Маркетплейсы,2437,True,0,0,30
Маркетплейсы,2439,True,0,0,30
Маркетплейсы,2440,True,0,0,30
Маркетплейсы,2441,True,0,0,30
Маркетплейсы,2442,True,0,0,30
Маркетплейсы,2443,True,0,0,30
Маркетплейсы,2444,True,0,0,30
Маркетплейсы,2445,True,0,0,30
Маркетплейсы,2446,True,0,0,30
Маркетплейсы,2447,True,0,0,30
Маркетплейсы,2449,True,0,0,30
Маркетплейсы,2450,True,0,0,30
Маркетплейсы,2451,True,0,0,30
Маркетплейсы,2452,True,0,0,30
Маркетплейсы,2453,True,0,0,30
Маркетплейсы,2454,True,0,0,30
Маркетплейсы,2455,True,0,0,30
Маркетплейсы,2456,True,0,0,30
Маркетплейсы,2457,True,0,0,30
Маркетплейсы,2458,True,0,0,30
Маркетплейсы,2459,True,0,0,30
Маркетплейсы,2460,True,0,0,30
Маркетплейсы,2461,True,0,0,30
Маркетплейсы,2462,True,0,0,30
Маркетплейсы,2463,True,0,0,30
Маркетплейсы,2464,True,0,0,30
Маркетплейсы,2465,True,0,0,30
Маркетплейсы,2466,True,0,0,30
Маркетплейсы,2467,True,0,0,30
Маркетплейсы,2468,True,0,0,30
Маркетплейсы,2469,True,0,0,30
Маркетплейсы,2470,True,0,0,30
Маркетплейсы,2471,True,0,0,30
Маркетплейсы,2472,True,0,0,30
Маркетплейсы,2473,True,0,0,30
Маркетплейсы,2474,True,0,0,30
Маркетплейсы,2475,True,0,0,30
Маркетплейсы,2476,True,0,0,30
Маркетплейсы,2477,True,0,0,30
Маркетплейсы,2478,True,0,0,30
Маркетплейсы,2479,True,0,0,30
Маркетплейсы,2480,True,0,0,30
Маркетплейсы,2481,True,0,0,30
Маркетплейсы,2482,True,0,0,30
Маркетплейсы,2483,True,0,0,30
Маркетплейсы,2484,True,0,0,30
Маркетплейсы,2485,True,0,0,30
Маркетплейсы,2486,True,0,0,30
Маркетплейсы,2487,True,0,0,30
Маркетплейсы,2488,True,0,0,30
Маркетплейсы,2489,True,0,0,30
Маркетплейсы,2490,True,0,0,30
Маркетплейсы,2491,True,0,0,30
Маркетплейсы,2492,True,0,0,30
Маркетплейсы,2493,True,0,0,30
Маркетплейсы,2494,True,0,0,30
Маркетплейсы,2495,True,0,0,30
Маркетплейсы,2496,True,0,0,30
Маркетплейсы,2497,True,0,0,30
Маркетплейсы,2498,True,0,0,30
Маркетплейсы,2499,True,0,0,30
Маркетплейсы,2500,True,0,0,30
Маркетплейсы,2501,True,0,0,30
Маркетплейсы,2502,True,0,0,30
Маркетплейсы,2503,True,0,0,30
Маркетплейсы,2504,True,0,0,30
Маркетплейсы,2505,True,0,0,30
Маркетплейсы,2506,True,0,0,30
Маркетплейсы,2507,True,0,0,30
Маркетплейсы,2508,True,0,0,30
Маркетплейсы,2509,True,0,0,30
Маркетплейсы,2510,True,0,0,30
Маркетплейсы,2511,True,0,0,30
Маркетплейсы,2512,True,0,0,30
Маркетплейсы,2513,True,0,0,30
Маркетплейсы,2514,True,0,0,30
Маркетплейсы,2515,True,0,0,30
Маркетплейсы,2516,True,0,0,30
Маркетплейсы,2517,True,0,0,30
Маркетплейсы,2518,True,0,0,30
Маркетплейсы,2519,True,0,0,30
Маркетплейсы,2520,True,0,0,30
Маркетплейсы,2521,True,0,0,30
Маркетплейсы,2522,True,0,0,30
Маркетплейсы,2523,True,0,0,30
Маркетплейсы,2524,True,0,0,30
Маркетплейсы,2525,True,0,0,30
Маркетплейсы,2526,True,0,0,30
Маркетплейсы,2527,True,0,0,30
Маркетплейсы,2528,True,0,0,30
Маркетплейсы,2529,True,0,0,30
Маркетплейсы,2530,True,0,0,30
Маркетплейсы,2531,True,0,0,30
Маркетплейсы,2532,True,0,0,30
Маркетплейсы,2533,True,0,0,30
Маркетплейсы,2534,True,0,0,30
Маркетплейсы,2535,True,0,0,30
Маркетплейсы,2536,True,0,0,30
Маркетплейсы,2537,True,0,0,30
Маркетплейсы,2538,True,0,0,30
Маркетплейсы,2539,True,0,0,30
Маркетплейсы,2540,True,0,0,30
Маркетплейсы,2541,True,0,0,30
Маркетплейсы,2542,True,0,0,30
Маркетплейсы,2543,True,0,0,30
Маркетплейсы,2544,True,0,0,30
Маркетплейсы,2545,True,0,0,30
Маркетплейсы,2546,True,0,0,30
Маркетплейсы,2547,True,0,0,30
Маркетплейсы,2548,True,0,0,30
Маркетплейсы,2549,True,0,0,30
Маркетплейсы,2550,True,0,0,30
Маркетплейсы,2551,True,0,0,30
Маркетплейсы,2552,True,0,0,30
Маркетплейсы,2553,True,0,0,30
Маркетплейсы,2554,True,0,0,30
Маркетплейсы,2555,True,0,0,30
Маркетплейсы,2556,True,0,0,30
Маркетплейсы,2557,True,0,0,30
Маркетплейсы,2558,True,0,0,30
Маркетплейсы,2559,True,0,0,30
Маркетплейсы,2560,True,0,0,30
Маркетплейсы,2561,True,0,0,30
Маркетплейсы,2562,True,0,0,30
Маркетплейсы,2563,True,0,0,30
Маркетплейсы,2564,True,0,0,30
Маркетплейсы,2565,True,0,0,30
Маркетплейсы,2566,True,0,0,30
Маркетплейсы,2567,True,0,0,30
Маркетплейсы,2568,True,0,0,30
Маркетплейсы,2569,True,0,0,30
Маркетплейсы,2570,True,0,0,30
Маркетплейсы,2571,True,0,0,30
Маркетплейсы,2572,True,0,0,30
Маркетплейсы,2573,True,0,0,30
Маркетплейсы,2574,True,0,0,30
Маркетплейсы,2575,True,0,0,30
Маркетплейсы,2576,True,0,0,30
Маркетплейсы,2577,True,0,0,30
Маркетплейсы,2578,True,0,0,30
Маркетплейсы,2579,True,0,0,30
Маркетплейсы,2580,True,0,0,30
Маркетплейсы,2581,True,0,0,30
Маркетплейсы,2582,True,0,0,30
Маркетплейсы,2583,True,0,0,30
Маркетплейсы,2584,True,0,0,30
Маркетплейсы,2585,True,0,0,30
Маркетплейсы,2586,True,0,0,30
Маркетплейсы,2587,True,0,0,30
Маркетплейсы,2588,True,0,0,30
Маркетплейсы,2589,True,0,0,30
Маркетплейсы,2590,True,0,0,30
Маркетплейсы,2591,True,0,0,30
Маркетплейсы,2592,True,0,0,30
Маркетплейсы,2593,True,0,0,30
Маркетплейсы,2595,True,0,0,30
Маркетплейсы,2596,True,0,0,30
Маркетплейсы,2597,True,0,0,30
Маркетплейсы,2598,True,0,0,30
Маркетплейсы,2599,True,0,0,30
Маркетплейсы,2600,True,0,0,30
Маркетплейсы,2601,True,0,0,30
Маркетплейсы,2602,True,0,0,30
Маркетплейсы,2604,True,0,0,30
Маркетплейсы,2605,True,0,0,30
Маркетплейсы,2606,True,0,0,30
Маркетплейсы,2607,True,0,0,30
Маркетплейсы,2618,True,0,0,30
Маркетплейсы,2619,True,0,0,30
Маркетплейсы,2620,True,0,0,30
Маркетплейсы,2621,True,0,0,30
Маркетплейсы,2644,True,0,0,30
Маркетплейсы,2646,True,0,0,30
Маркетплейсы,2647,True,0,0,30
Маркетплейсы,2648,True,0,0,30
Маркетплейсы,2649,True,0,0,30
Маркетплейсы,2651,True,0,0,30
Маркетплейсы,2652,True,0,0,30
Маркетплейсы,2710,True,0,0,30
Маркетплейсы,2808,True,0,0,30
Маркетплейсы,2809,True,0,0,30
Маркетплейсы,2813,True,0,0,30
Маркетплейсы,2814,True,0,0,30
Маркетплейсы,2872,True,0,0,30
Маркетплейсы,2876,True,0,0,30
Маркетплейсы,2879,True,0,0,30
Маркетплейсы,2880,True,0,0,30
Маркетплейсы,2881,True,0,0,30
Маркетплейсы,2882,True,0,0,30
Маркетплейсы,2883,True,0,0,30
Маркетплейсы,2884,True,0,0,30
Маркетплейсы,2885,True,0,0,30
Маркетплейсы,2886,True,0,0,30
Маркетплейсы,2887,True,0,0,30
Маркетплейсы,3005,True,0,0,30
Маркетплейсы,3007,True,0,0,30
Маркетплейсы,3009,True,0,0,30
Маркетплейсы,3010,True,26,4,0
Маркетплейсы,3011,True,0,0,30
Маркетплейсы,3012,True,0,0,30
Маркетплейсы,3013,True,0,0,30
Общественное питание,1,True,0,0,30
Общественное питание,2,True,0,0,30
Общественное питание,3,True,0,0,30
Общественное питание,4,True,0,0,30
Общественное питание,5,True,0,0,30
Общественное питание,6,True,0,0,30
Общественное питание,7,True,0,0,30
Общественное питание,8,True,0,0,30
Общественное питание,9,True,0,0,30
Общественное питание,10,True,0,0,30
Общественное питание,11,True,0,0,30
Общественное питание,12,True,0,0,30
Общественное питание,13,True,0,0,30
Общественное питание,14,True,0,0,30
Общественное питание,15,True,0,0,30
Общественное питание,16,True,0,0,30
Общественное питание,17,True,0,0,30
Общественное питание,18,True,0,0,30
Общественное питание,19,True,0,0,30
Общественное питание,20,True,0,0,30
Общественное питание,21,True,0,0,30
Общественное питание,22,True,0,0,30
Общественное питание,23,True,0,0,30
Общественное питание,25,True,0,0,30
Общественное питание,26,True,0,0,30
Общественное питание,27,True,0,0,30
Общественное питание,28,True,0,0,30
Общественное питание,29,True,0,0,30
Общественное питание,30,True,0,0,30
Общественное питание,31,True,0,0,30
Общественное питание,32,True,0,0,30
Общественное питание,33,True,0,0,30
Общественное питание,34,True,0,0,30
Общественное питание,35,True,0,0,30
Общественное питание,36,True,0,0,30
Общественное питание,37,True,0,0,30
Общественное питание,38,True,0,0,30
Общественное питание,39,True,0,0,30
Общественное питание,40,True,0,0,30
Общественное питание,41,True,0,0,30
Общественное питание,42,True,0,0,30
Общественное питание,43,True,0,0,30
Общественное питание,44,True,0,0,30
Общественное питание,45,True,0,0,30
Общественное питание,46,True,0,0,30
Общественное питание,47,True,0,0,30
Общественное питание,48,True,0,0,30
Общественное питание,49,True,0,0,30
Общественное питание,50,True,0,0,30
Общественное питание,51,True,0,0,30
Общественное питание,52,True,0,0,30
Общественное питание,53,True,0,0,30
Общественное питание,54,True,0,0,30
Общественное питание,55,True,0,0,30
Общественное питание,56,True,0,0,30
Общественное питание,57,True,0,0,30
Общественное питание,58,True,0,0,30
Общественное питание,59,True,0,0,30
Общественное питание,60,True,0,0,30
Общественное питание,61,True,0,0,30
Общественное питание,62,True,0,0,30
Общественное питание,63,True,0,0,30
Общественное питание,65,True,0,0,30
Общественное питание,66,True,0,0,30
Общественное питание,67,True,0,0,30
Общественное питание,68,True,0,0,30
Общественное питание,69,True,0,0,30
Общественное питание,70,True,0,0,30
Общественное питание,71,True,0,0,30
Общественное питание,72,True,0,0,30
Общественное питание,73,True,0,0,30
Общественное питание,74,True,0,0,30
Общественное питание,75,True,0,0,30
Общественное питание,76,True,0,0,30
Общественное питание,77,True,0,0,30
Общественное питание,78,True,0,0,30
Общественное питание,79,True,0,0,30
Общественное питание,80,True,0,0,30
Общественное питание,81,True,0,0,30
Общественное питание,82,True,0,0,30
Общественное питание,83,True,0,0,30
Общественное питание,85,True,26,4,0
Общественное питание,86,True,26,4,0
Общественное питание,87,True,26,4,0
Общественное питание,88,True,26,4,0
Общественное питание,89,True,26,4,0
Общественное питание,90,True,26,4,0
Общественное питание,91,True,26,4,0
Общественное питание,92,True,26,4,0
Общественное питание,93,True,26,4,0
Общественное питание,94,True,26,4,0
Общественное питание,95,True,26,4,0
Общественное питание,96,True,26,4,0
Общественное питание,97,True,26,4,0
Общественное питание,98,True,26,4,0
Общественное питание,99,True,26,4,0
Общественное питание,101,True,26,4,0
Общественное питание,102,True,26,4,0
Общественное питание,103,True,26,4,0
Общественное питание,104,True,26,4,0
Общественное питание,105,True,26,4,0
Общественное питание,106,True,26,4,0
Общественное питание,158,True,26,4,0
Общественное питание,160,True,26,4,0
Общественное питание,167,True,0,0,30
Общественное питание,168,True,0,0,30
Общественное питание,169,True,0,0,30
Общественное питание,173,True,0,0,30
Общественное питание,181,True,0,0,30
Общественное питание,184,True,0,0,30
Общественное питание,185,True,0,0,30
Общественное питание,188,True,0,0,30
Общественное питание,191,True,0,0,30
Общественное питание,194,True,0,0,30
Общественное питание,195,True,0,0,30
Общественное питание,196,True,0,0,30
Общественное питание,198,True,0,0,30
Общественное питание,201,True,0,0,30
Общественное питание,203,True,0,0,30
Общественное питание,204,True,0,0,30
Общественное питание,205,True,0,0,30
Общественное питание,206,True,0,0,30
Общественное питание,207,True,0,0,30
Общественное питание,208,True,0,0,30
Общественное питание,209,True,0,0,30
Общественное питание,210,True,0,0,30
Общественное питание,211,True,0,0,30
Общественное питание,212,True,0,0,30
Общественное питание,213,True,0,0,30
Общественное питание,214,True,0,0,30
Общественное питание,215,True,0,0,30
Общественное питание,216,True,0,0,30
Общественное питание,217,True,0,0,30
Общественное питание,218,True,0,0,30
Общественное питание,219,True,0,0,30
Общественное питание,220,True,0,0,30
Общественное питание,221,True,0,0,30
Общественное питание,222,True,0,0,30
Общественное питание,223,True,0,0,30
Общественное питание,224,True,0,0,30
Общественное питание,225,True,0,0,30
Общественное питание,226,True,0,0,30
Общественное питание,227,True,0,0,30
Общественное питание,228,True,0,0,30
Общественное питание,229,True,0,0,30
Общественное питание,230,True,0,0,30
Общественное питание,231,True,0,0,30
Общественное питание,232,True,0,0,30
Общественное питание,233,True,0,0,30
Общественное питание,234,True,0,0,30
Общественное питание,235,True,0,0,30
Общественное питание,236,True,0,0,30
Общественное питание,237,True,0,0,30
Общественное питание,238,True,0,0,30
Общественное питание,239,True,0,0,30
Общественное питание,240,True,0,0,30
Общественное питание,241,True,0,0,30
Общественное питание,242,True,0,0,30
Общественное питание,243,True,0,0,30
Общественное питание,269,True,0,0,30
Общественное питание,270,True,0,0,30
Общественное питание,271,True,0,0,30
Общественное питание,272,True,0,0,30
Общественное питание,273,True,0,0,30
Общественное питание,274,True,0,0,30
Общественное питание,275,True,0,0,30
Общественное питание,276,True,0,0,30
Общественное питание,277,True,0,0,30
Общественное питание,278,True,0,0,30
Общественное питание,279,True,0,0,30
Общественное питание,280,True,0,0,30
Общественное питание,281,True,0,0,30
Общественное питание,282,True,0,0,30
Общественное питание,283,True,0,0,30
Общественное питание,284,True,0,0,30
Общественное питание,285,True,0,0,30
Общественное питание,287,True,0,0,30
Общественное питание,288,True,0,0,30
Общественное питание,289,True,0,0,30
Общественное питание,290,True,0,0,30
Общественное питание,292,True,0,0,30
Общественное питание,293,True,0,0,30
Общественное питание,294,True,0,0,30
Общественное питание,295,True,0,0,30
Общественное питание,296,True,0,0,30
Общественное питание,297,True,0,0,30
Общественное питание,298,True,0,0,30
Общественное питание,300,True,0,0,30
Общественное питание,301,True,0,0,30
Общественное питание,302,True,0,0,30
Общественное питание,303,True,0,0,30
Общественное питание,304,True,0,0,30
Общественное питание,305,True,0,0,30
Общественное питание,306,True,0,0,30
Общественное питание,307,True,0,0,30
Общественное питание,308,True,0,0,30
Общественное питание,309,True,0,0,30
Общественное питание,311,True,6,3,21
Общественное питание,312,True,0,0,30
Общественное питание,314,True,0,0,30
Общественное питание,315,True,8,5,17
Общественное питание,316,True,0,0,30
Общественное питание,317,True,0,0,30
Общественное питание,318,True,0,0,30
Общественное питание,319,True,0,0,30
Общественное питание,320,True,0,0,30
Общественное питание,321,True,0,0,30
Общественное питание,322,True,6,5,19
Общественное питание,323,True,0,0,30
Общественное питание,324,True,0,0,30
Общественное питание,325,True,0,0,30
Общественное питание,326,True,0,0,30
Общественное питание,327,True,0,0,30
Общественное питание,328,True,6,5,19
Общественное питание,329,True,0,0,30
Общественное питание,330,True,0,0,30
Общественное питание,331,True,0,0,30
Общественное питание,332,True,0,0,30
Общественное питание,333,True,0,0,30
Общественное питание,334,True,0,0,30
Общественное питание,335,True,0,0,30
Общественное питание,336,True,0,0,30
Общественное питание,337,True,0,0,30
Общественное питание,338,True,0,0,30
Общественное питание,339,True,0,0,30
Общественное питание,340,True,0,0,30
Общественное питание,341,True,0,0,30
Общественное питание,342,True,0,0,30
Общественное питание,343,True,0,0,30
Общественное питание,345,True,0,0,30
Общественное питание,346,True,0,0,30
Общественное питание,347,True,0,0,30
Общественное питание,348,True,0,0,30
Общественное питание,349,True,0,0,30
Общественное питание,351,True,0,0,30
Общественное питание,352,True,0,0,30
Общественное питание,354,True,0,0,30
Общественное питание,355,True,0,0,30
Общественное питание,356,True,0,0,30
Общественное питание,357,True,0,0,30
Общественное питание,358,True,0,0,30
Общественное питание,359,True,0,0,30
Общественное питание,360,True,0,0,30
Общественное питание,361,True,0,0,30
Общественное питание,362,True,0,0,30
Общественное питание,363,True,0,0,30
Общественное питание,364,True,0,0,30
Общественное питание,365,True,0,0,30
Общественное питание,366,True,0,0,30
Общественное питание,367,True,0,0,30
Общественное питание,368,True,0,0,30
Общественное питание,369,True,0,0,30
Общественное питание,370,True,0,0,30
Общественное питание,371,True,0,0,30
Общественное питание,372,True,0,0,30
Общественное питание,373,True,0,0,30
Общественное питание,374,True,0,0,30
Общественное питание,375,True,0,0,30
Общественное питание,376,True,0,0,30
Общественное питание,377,True,0,0,30
Общественное питание,378,True,0,0,30
Общественное питание,379,True,0,0,30
Общественное питание,380,True,0,0,30
Общественное питание,381,True,0,0,30
Общественное питание,382,True,0,0,30
Общественное питание,383,True,0,0,30
Общественное питание,384,True,0,0,30
Общественное питание,385,True,0,0,30
Общественное питание,386,True,0,0,30
Общественное питание,387,True,0,0,30
Общественное питание,388,True,0,0,30
Общественное питание,390,True,0,0,30
Общественное питание,391,True,0,0,30
Общественное питание,392,True,0,0,30
Общественное питание,393,True,0,0,30
Общественное питание,395,True,0,0,30
Общественное питание,396,True,0,0,30
Общественное питание,397,True,0,0,30
Общественное питание,398,True,0,0,30
Общественное питание,401,True,0,0,30
Общественное питание,402,True,0,0,30
Общественное питание,403,True,0,0,30
Общественное питание,404,True,0,0,30
Общественное питание,405,True,0,0,30
Общественное питание,408,True,0,0,30
Общественное питание,410,True,0,0,30
Общественное питание,413,True,0,0,30
Общественное питание,414,True,0,0,30
Общественное питание,416,True,0,0,30
Общественное питание,418,True,0,0,30
Общественное питание,419,True,0,0,30
Общественное питание,420,True,0,0,30
Общественное питание,421,True,0,0,30
Общественное питание,422,True,0,0,30
Общественное питание,423,True,0,0,30
Общественное питание,424,True,0,0,30
Общественное питание,425,True,0,0,30
Общественное питание,428,True,0,0,30
Общественное питание,429,True,0,0,30
Общественное питание,430,True,0,0,30
Общественное питание,431,True,0,0,30
Общественное питание,432,True,0,0,30
Общественное питание,433,True,0,0,30
Общественное питание,434,True,0,0,30
Общественное питание,435,True,0,0,30
Общественное питание,436,True,0,0,30
Общественное питание,437,True,0,0,30
Общественное питание,438,True,0,0,30
Общественное питание,440,True,0,0,30
Общественное питание,441,True,0,0,30
Общественное питание,442,True,0,0,30
Общественное питание,443,True,0,0,30
Общественное питание,444,True,0,0,30
Общественное питание,445,True,0,0,30
Общественное питание,446,True,0,0,30
Общественное питание,447,True,0,0,30
Общественное питание,448,True,0,0,30
Общественное питание,449,True,0,0,30
Общественное питание,450,True,0,0,30
Общественное питание,451,True,0,0,30
Общественное питание,452,True,0,0,30
Общественное питание,453,True,0,0,30
Общественное питание,455,True,0,0,30
Общественное питание,456,True,0,0,30
Общественное питание,457,True,0,0,30
Общественное питание,458,True,0,0,30
Общественное питание,459,True,0,0,30
Общественное питание,460,True,0,0,30
Общественное питание,478,True,0,0,30
Общественное питание,479,True,0,0,30
Общественное питание,480,True,0,0,30
Общественное питание,481,True,0,0,30
Общественное питание,482,True,0,0,30
Общественное питание,484,True,0,0,30
Общественное питание,485,True,0,0,30
Общественное питание,486,True,0,0,30
Общественное питание,487,True,0,0,30
Общественное питание,489,True,0,0,30
Общественное питание,490,True,0,0,30
Общественное питание,491,True,0,0,30
Общественное питание,492,True,0,0,30
Общественное питание,493,True,0,0,30
Общественное питание,494,True,0,0,30
Общественное питание,495,True,0,0,30
Общественное питание,496,True,0,0,30
Общественное питание,497,True,0,0,30
Общественное питание,498,True,0,0,30
Общественное питание,499,True,0,0,30
Общественное питание,500,True,17,6,7
Общественное питание,501,True,0,0,30
Общественное питание,502,True,0,0,30
Общественное питание,503,True,0,0,30
Общественное питание,504,True,0,0,30
Общественное питание,505,True,0,0,30
Общественное питание,506,True,0,0,30
Общественное питание,507,True,0,0,30
Общественное питание,508,True,0,0,30
Общественное питание,509,True,0,0,30
Общественное питание,510,True,0,0,30
Общественное питание,511,True,0,0,30
Общественное питание,512,True,0,0,30
Общественное питание,515,True,0,0,30
Общественное питание,516,True,0,0,30
Общественное питание,517,True,0,0,30
Общественное питание,518,True,0,0,30
Общественное питание,519,True,0,0,30
Общественное питание,520,True,0,0,30
Общественное питание,521,True,0,0,30
Общественное питание,522,True,0,0,30
Общественное питание,523,True,0,0,30
Общественное питание,524,True,0,0,30
Общественное питание,525,True,0,0,30
Общественное питание,527,True,0,0,30
Общественное питание,528,True,0,0,30
Общественное питание,529,True,0,0,30
Общественное питание,530,True,0,0,30
Общественное питание,531,True,0,0,30
Общественное питание,532,True,0,0,30
Общественное питание,533,True,0,0,30
Общественное питание,534,True,0,0,30
Общественное питание,535,True,0,0,30
Общественное питание,536,True,0,0,30
Общественное питание,537,True,0,0,30
Общественное питание,538,True,0,0,30
Общественное питание,539,True,0,0,30
Общественное питание,540,True,0,0,30
Общественное питание,541,True,0,0,30
Общественное питание,542,True,0,0,30
Общественное питание,543,True,0,0,30
Общественное питание,544,True,0,0,30
Общественное питание,545,True,0,0,30
Общественное питание,546,True,0,0,30
Общественное питание,547,True,0,0,30
Общественное питание,548,True,0,0,30
Общественное питание,549,True,0,0,30
Общественное питание,550,True,0,0,30
Общественное питание,552,True,0,0,30
Общественное питание,553,True,0,0,30
Общественное питание,554,True,0,0,30
Общественное питание,555,True,0,0,30
Общественное питание,556,True,0,0,30
Общественное питание,557,True,0,0,30
Общественное питание,558,True,0,0,30
Общественное питание,559,True,0,0,30
Общественное питание,560,True,0,0,30
Общественное питание,561,True,0,0,30
Общественное питание,562,True,0,0,30
Общественное питание,563,True,0,0,30
Общественное питание,564,True,0,0,30
Общественное питание,565,True,0,0,30
Общественное питание,566,True,0,0,30
Общественное питание,567,True,0,0,30
Общественное питание,568,True,0,0,30
Общественное питание,569,True,0,0,30
Общественное питание,570,True,0,0,30
Общественное питание,571,True,0,0,30
Общественное питание,572,True,0,0,30
Общественное питание,573,True,26,4,0
Общественное питание,574,True,0,0,30
Общественное питание,576,True,26,4,0
Общественное питание,577,True,26,4,0
Общественное питание,578,True,0,0,30
Общественное питание,579,True,0,0,30
Общественное питание,580,True,0,0,30
Общественное питание,581,True,0,0,30
Общественное питание,582,True,0,0,30
Общественное питание,583,True,0,0,30
Общественное питание,584,True,0,0,30
Общественное питание,585,True,0,0,30
Общественное питание,586,True,0,0,30
Общественное питание,587,True,0,0,30
Общественное питание,588,True,0,0,30
Общественное питание,589,True,0,0,30
Общественное питание,590,True,26,4,0
Общественное питание,591,True,0,0,30
Общественное питание,592,True,0,0,30
Общественное питание,593,True,0,0,30
Общественное питание,594,True,0,0,30
Общественное питание,595,True,0,0,30
Общественное питание,597,True,26,4,0
Общественное питание,598,True,0,0,30
Общественное питание,599,True,0,0,30
Общественное питание,600,True,0,0,30
Общественное питание,601,True,0,0,30
Общественное питание,602,True,0,0,30
Общественное питание,603,True,0,0,30
Общественное питание,604,True,0,0,30
Общественное питание,605,True,0,0,30
Общественное питание,606,True,0,0,30
Общественное питание,607,True,0,0,30
Общественное питание,608,True,0,0,30
Общественное питание,611,True,6,5,19
Общественное питание,612,True,0,0,30
Общественное питание,613,True,0,0,30
Общественное питание,614,True,0,0,30
Общественное питание,615,True,0,0,30
Общественное питание,616,True,0,0,30
Общественное питание,618,True,0,0,30
Общественное питание,619,True,0,0,30
Общественное питание,621,True,0,0,30
Общественное питание,666,True,0,0,30
Общественное питание,667,True,0,0,30
Общественное питание,668,True,0,0,30
Общественное питание,669,True,0,0,30
Общественное питание,670,True,0,0,30
Общественное питание,671,True,0,0,30
Общественное питание,674,True,0,0,30
Общественное питание,675,True,0,0,30
Общественное питание,676,True,0,0,30
Общественное питание,677,True,0,0,30
Общественное питание,678,True,0,0,30
Общественное питание,679,True,0,0,30
Общественное питание,680,True,0,0,30
Общественное питание,683,True,0,0,30
Общественное питание,685,True,0,0,30
Общественное питание,686,True,0,0,30
Общественное питание,687,True,0,0,30
Общественное питание,689,True,0,0,30
Общественное питание,690,True,0,0,30
Общественное питание,691,True,0,0,30
Общественное питание,692,True,0,0,30
Общественное питание,693,True,0,0,30
Общественное питание,694,True,0,0,30
Общественное питание,695,True,0,0,30
Общественное питание,696,True,0,0,30
Общественное питание,697,True,0,0,30
Общественное питание,698,True,0,0,30
Общественное питание,699,True,0,0,30
Общественное питание,701,True,0,0,30
Общественное питание,702,True,0,0,30
Общественное питание,703,True,0,0,30
Общественное питание,704,True,0,0,30
Общественное питание,705,True,0,0,30
Общественное питание,706,True,0,0,30
Общественное питание,708,True,0,0,30
Общественное питание,710,True,0,0,30
Общественное питание,711,True,0,0,30
Общественное питание,712,True,0,0,30
Общественное питание,713,True,0,0,30
Общественное питание,714,True,0,0,30
Общественное питание,715,True,0,0,30
Общественное питание,716,True,0,0,30
Общественное питание,717,True,0,0,30
Общественное питание,718,True,0,0,30
Общественное питание,719,True,0,0,30
Общественное питание,720,True,0,0,30
Общественное питание,721,True,0,0,30
Общественное питание,722,True,0,0,30
Общественное питание,723,True,0,0,30
Общественное питание,725,True,0,0,30
Общественное питание,726,True,0,0,30
Общественное питание,727,True,0,0,30
Общественное питание,731,True,0,0,30
Общественное питание,734,True,0,0,30
Общественное питание,735,True,0,0,30
Общественное питание,736,True,0,0,30
Общественное питание,737,True,0,0,30
Общественное питание,738,True,0,0,30
Общественное питание,739,True,0,0,30
Общественное питание,741,True,0,0,30
Общественное питание,742,True,0,0,30
Общественное питание,743,True,0,0,30
Общественное питание,744,True,0,0,30
Общественное питание,745,True,0,0,30
Общественное питание,746,True,0,0,30
Общественное питание,747,True,0,0,30
Общественное питание,748,True,0,0,30
Общественное питание,749,True,0,0,30
Общественное питание,751,True,0,0,30
Общественное питание,752,True,0,0,30
Общественное питание,753,True,0,0,30
Общественное питание,754,True,0,0,30
Общественное питание,755,True,0,0,30
Общественное питание,756,True,0,0,30
Общественное питание,757,True,0,0,30
Общественное питание,758,True,0,0,30
Общественное питание,760,True,0,0,30
Общественное питание,761,True,0,0,30
Общественное питание,763,True,0,0,30
Общественное питание,764,True,0,0,30
Общественное питание,765,True,0,0,30
Общественное питание,766,True,0,0,30
Общественное питание,767,True,0,0,30
Общественное питание,769,True,0,0,30
Общественное питание,770,True,0,0,30
Общественное питание,771,True,0,0,30
Общественное питание,773,True,0,0,30
Общественное питание,774,True,0,0,30
Общественное питание,775,True,0,0,30
Общественное питание,776,True,0,0,30
Общественное питание,777,True,0,0,30
Общественное питание,778,True,0,0,30
Общественное питание,779,True,0,0,30
Общественное питание,780,True,0,0,30
Общественное питание,781,True,0,0,30
Общественное питание,782,True,0,0,30
Общественное питание,783,True,0,0,30
Общественное питание,784,True,0,0,30
Общественное питание,785,True,0,0,30
Общественное питание,787,True,0,0,30
Общественное питание,788,True,0,0,30
Общественное питание,789,True,0,0,30
Общественное питание,790,True,0,0,30
Общественное питание,791,True,0,0,30
Общественное питание,792,True,0,0,30
Общественное питание,793,True,0,0,30
Общественное питание,794,True,0,0,30
Общественное питание,795,True,0,0,30
Общественное питание,796,True,0,0,30
Общественное питание,797,True,0,0,30
Общественное питание,798,True,0,0,30
Общественное питание,799,True,0,0,30
Общественное питание,800,True,0,0,30
Общественное питание,801,True,0,0,30
Общественное питание,802,True,0,0,30
Общественное питание,803,True,0,0,30
Общественное питание,804,True,0,0,30
Общественное питание,805,True,0,0,30
Общественное питание,806,True,0,0,30
Общественное питание,807,True,0,0,30
Общественное питание,808,True,0,0,30
Общественное питание,809,True,0,0,30
Общественное питание,810,True,0,0,30
Общественное питание,811,True,0,0,30
Общественное питание,812,True,0,0,30
Общественное питание,813,True,0,0,30
Общественное питание,814,True,0,0,30
Общественное питание,815,True,0,0,30
Общественное питание,817,True,0,0,30
Общественное питание,818,True,0,0,30
Общественное питание,819,True,0,0,30
Общественное питание,820,True,0,0,30
Общественное питание,821,True,0,0,30
Общественное питание,822,True,0,0,30
Общественное питание,823,True,0,0,30
Общественное питание,824,True,0,0,30
Общественное питание,825,True,0,0,30
Общественное питание,826,True,0,0,30
Общественное питание,827,True,0,0,30
Общественное питание,828,True,0,0,30
Общественное питание,829,True,0,0,30
Общественное питание,830,True,0,0,30
Общественное питание,831,True,0,0,30
Общественное питание,832,True,0,0,30
Общественное питание,833,True,0,0,30
Общественное питание,834,True,0,0,30
Общественное питание,835,True,0,0,30
Общественное питание,836,True,0,0,30
Общественное питание,838,True,0,0,30
Общественное питание,839,True,0,0,30
Общественное питание,840,True,0,0,30
Общественное питание,841,True,0,0,30
Общественное питание,842,True,0,0,30
Общественное питание,843,True,0,0,30
Общественное питание,844,True,0,0,30
Общественное питание,846,True,0,0,30
Общественное питание,847,True,0,0,30
Общественное питание,848,True,0,0,30
Общественное питание,849,True,0,0,30
Общественное питание,851,True,0,0,30
Общественное питание,852,True,0,0,30
Общественное питание,853,True,0,0,30
Общественное питание,854,True,0,0,30
Общественное питание,855,True,0,0,30
Общественное питание,856,True,0,0,30
Общественное питание,857,True,0,0,30
Общественное питание,859,True,0,0,30
Общественное питание,860,True,0,0,30
Общественное питание,862,True,26,4,0
Общественное питание,863,True,26,4,0
Общественное питание,864,True,26,4,0
Общественное питание,865,True,26,4,0
Общественное питание,866,True,26,4,0
Общественное питание,867,True,26,4,0
Общественное питание,868,True,26,4,0
Общественное питание,870,True,0,0,30
Общественное питание,871,True,0,0,30
Общественное питание,872,True,0,0,30
Общественное питание,873,True,0,0,30
Общественное питание,874,True,0,0,30
Общественное питание,875,True,0,0,30
Общественное питание,876,True,0,0,30
Общественное питание,877,True,0,0,30
Общественное питание,878,True,0,0,30
Общественное питание,879,True,0,0,30
Общественное питание,880,True,0,0,30
Общественное питание,881,True,0,0,30
Общественное питание,882,True,0,0,30
Общественное питание,883,True,0,0,30
Общественное питание,884,True,0,0,30
Общественное питание,885,True,0,0,30
Общественное питание,886,True,0,0,30
Общественное питание,887,True,26,4,0
Общественное питание,888,True,0,0,30
Общественное питание,889,True,0,0,30
Общественное питание,890,True,0,0,30
Общественное питание,891,True,0,0,30
Общественное питание,892,True,0,0,30
Общественное питание,895,True,0,0,30
Общественное питание,896,True,0,0,30
Общественное питание,897,True,0,0,30
Общественное питание,898,True,0,0,30
Общественное питание,899,True,0,0,30
Общественное питание,900,True,0,0,30
Общественное питание,901,True,0,0,30
Общественное питание,902,True,0,0,30
Общественное питание,903,True,0,0,30
Общественное питание,904,True,0,0,30
Общественное питание,905,True,0,0,30
Общественное питание,907,True,0,0,30
Общественное питание,908,True,0,0,30
Общественное питание,909,True,0,0,30
Общественное питание,910,True,26,4,0
Общественное питание,911,True,0,0,30
Общественное питание,912,True,0,0,30
Общественное питание,913,True,0,0,30
Общественное питание,914,True,0,0,30
Общественное питание,915,True,0,0,30
Общественное питание,916,True,0,0,30
Общественное питание,917,True,0,0,30
Общественное питание,918,True,0,0,30
Общественное питание,920,True,0,0,30
Общественное питание,922,True,0,0,30
Общественное питание,923,True,0,0,30
Общественное питание,924,True,0,0,30
Общественное питание,925,True,0,0,30
Общественное питание,926,True,0,0,30
Общественное питание,927,True,0,0,30
Общественное питание,928,True,0,0,30
Общественное питание,929,True,0,0,30
Общественное питание,930,True,0,0,30
Общественное питание,986,True,0,0,30
Общественное питание,987,True,0,0,30
Общественное питание,988,True,0,0,30
Общественное питание,989,True,0,0,30
Общественное питание,991,True,0,0,30
Общественное питание,992,True,0,0,30
Общественное питание,993,True,0,0,30
Общественное питание,994,True,0,0,30
Общественное питание,995,True,0,0,30
Общественное питание,996,True,0,0,30
Общественное питание,998,True,0,0,30
Общественное питание,999,True,0,0,30
Общественное питание,1001,True,0,0,30
Общественное питание,1002,True,0,0,30
Общественное питание,1003,True,0,0,30
Общественное питание,1004,True,0,0,30
Общественное питание,1005,True,0,0,30
Общественное питание,1006,True,0,0,30
Общественное питание,1007,True,0,0,30
Общественное питание,1008,True,0,0,30
Общественное питание,1009,True,0,0,30
Общественное питание,1010,True,0,0,30
Общественное питание,1011,True,0,0,30
Общественное питание,1012,True,0,0,30
Общественное питание,1013,True,0,0,30
Общественное питание,1014,True,0,0,30
Общественное питание,1015,True,0,0,30
Общественное питание,1016,True,0,0,30
Общественное питание,1017,True,0,0,30
Общественное питание,1018,True,0,0,30
Общественное питание,1019,True,0,0,30
Общественное питание,1020,True,0,0,30
Общественное питание,1021,True,0,0,30
Общественное питание,1023,True,0,0,30
Общественное питание,1024,True,0,0,30
Общественное питание,1025,True,0,0,30
Общественное питание,1026,True,0,0,30
Общественное питание,1027,True,0,0,30
Общественное питание,1028,True,0,0,30
Общественное питание,1029,True,0,0,30
Общественное питание,1030,True,0,0,30
Общественное питание,1031,True,0,0,30
Общественное питание,1032,True,0,0,30
Общественное питание,1033,True,0,0,30
Общественное питание,1034,True,0,0,30
Общественное питание,1035,True,0,0,30
Общественное питание,1036,True,0,0,30
Общественное питание,1037,True,0,0,30
Общественное питание,1038,True,0,0,30
Общественное питание,1039,True,0,0,30
Общественное питание,1040,True,0,0,30
Общественное питание,1041,True,0,0,30
Общественное питание,1044,True,0,0,30
Общественное питание,1047,True,0,0,30
Общественное питание,1048,True,0,0,30
Общественное питание,1049,True,0,0,30
Общественное питание,1051,True,0,0,30
Общественное питание,1052,True,0,0,30
Общественное питание,1053,True,0,0,30
Общественное питание,1054,True,0,0,30
Общественное питание,1055,True,0,0,30
Общественное питание,1056,True,0,0,30
Общественное питание,1057,True,0,0,30
Общественное питание,1058,True,0,0,30
Общественное питание,1059,True,0,0,30
Общественное питание,1060,True,0,0,30
Общественное питание,1061,True,0,0,30
Общественное питание,1062,True,0,0,30
Общественное питание,1063,True,0,0,30
Общественное питание,1064,True,0,0,30
Общественное питание,1065,True,0,0,30
Общественное питание,1066,True,0,0,30
Общественное питание,1067,True,0,0,30
Общественное питание,1068,True,0,0,30
Общественное питание,1069,True,0,0,30
Общественное питание,1070,True,0,0,30
Общественное питание,1071,True,0,0,30
Общественное питание,1072,True,0,0,30
Общественное питание,1107,True,0,0,30
Общественное питание,1108,True,0,0,30
Общественное питание,1109,True,0,0,30
Общественное питание,1110,True,0,0,30
Общественное питание,1111,True,0,0,30
Общественное питание,1112,True,0,0,30
Общественное питание,1113,True,0,0,30
Общественное питание,1115,True,0,0,30
Общественное питание,1116,True,0,0,30
Общественное питание,1117,True,0,0,30
Общественное питание,1118,True,0,0,30
Общественное питание,1119,True,0,0,30
Общественное питание,1120,True,0,0,30
Общественное питание,1121,True,0,0,30
Общественное питание,1122,True,0,0,30
Общественное питание,1123,True,0,0,30
Общественное питание,1124,True,0,0,30
Общественное питание,1125,True,0,0,30
Общественное питание,1126,True,0,0,30
Общественное питание,1127,True,0,0,30
Общественное питание,1128,True,0,0,30
Общественное питание,1129,True,0,0,30
Общественное питание,1130,True,0,0,30
Общественное питание,1131,True,0,0,30
Общественное питание,1132,True,0,0,30
Общественное питание,1133,True,0,0,30
Общественное питание,1134,True,0,0,30
Общественное питание,1135,True,0,0,30
Общественное питание,1136,True,0,0,30
Общественное питание,1137,True,0,0,30
Общественное питание,1138,True,0,0,30
Общественное питание,1139,True,0,0,30
Общественное питание,1140,True,0,0,30
Общественное питание,1141,True,0,0,30
Общественное питание,1142,True,0,0,30
Общественное питание,1143,True,0,0,30
Общественное питание,1144,True,0,0,30
Общественное питание,1146,True,0,0,30
Общественное питание,1147,True,0,0,30
Общественное питание,1148,True,0,0,30
Общественное питание,1149,True,0,0,30
Общественное питание,1150,True,0,0,30
Общественное питание,1151,True,0,0,30
Общественное питание,1152,True,0,0,30
Общественное питание,1153,True,0,0,30
Общественное питание,1154,True,0,0,30
Общественное питание,1155,True,0,0,30
Общественное питание,1157,True,0,0,30
Общественное питание,1158,True,0,0,30
Общественное питание,1159,True,0,0,30
Общественное питание,1160,True,0,0,30
Общественное питание,1161,True,0,0,30
Общественное питание,1163,True,0,0,30
Общественное питание,1164,True,0,0,30
Общественное питание,1165,True,0,0,30
Общественное питание,1166,True,0,0,30
Общественное питание,1167,True,0,0,30
Общественное питание,1168,True,0,0,30
Общественное питание,1169,True,0,0,30
Общественное питание,1170,True,0,0,30
Общественное питание,1171,True,0,0,30
Общественное питание,1172,True,0,0,30
Общественное питание,1173,True,0,0,30
Общественное питание,1174,True,0,0,30
Общественное питание,1175,True,0,0,30
Общественное питание,1176,True,0,0,30
Общественное питание,1178,True,0,0,30
Общественное питание,1179,True,0,0,30
Общественное питание,1180,True,0,0,30
Общественное питание,1181,True,0,0,30
Общественное питание,1184,True,0,0,30
Общественное питание,1185,True,0,0,30
Общественное питание,1186,True,0,0,30
Общественное питание,1187,True,0,0,30
Общественное питание,1188,True,0,0,30
Общественное питание,1189,True,0,0,30
Общественное питание,1190,True,0,0,30
Общественное питание,1191,True,0,0,30
Общественное питание,1192,True,0,0,30
Общественное питание,1193,True,0,0,30
Общественное питание,1194,True,0,0,30
Общественное питание,1195,True,0,0,30
Общественное питание,1196,True,0,0,30
Общественное питание,1197,True,0,0,30
Общественное питание,1198,True,0,0,30
Общественное питание,1200,True,0,0,30
Общественное питание,1201,True,0,0,30
Общественное питание,1203,True,0,0,30
Общественное питание,1204,True,0,0,30
Общественное питание,1205,True,0,0,30
Общественное питание,1206,True,0,0,30
Общественное питание,1207,True,0,0,30
Общественное питание,1208,True,0,0,30
Общественное питание,1209,True,0,0,30
Общественное питание,1210,True,0,0,30
Общественное питание,1211,True,0,0,30
Общественное питание,1212,True,0,0,30
Общественное питание,1213,True,0,0,30
Общественное питание,1214,True,0,0,30
Общественное питание,1215,True,0,0,30
Общественное питание,1217,True,0,0,30
Общественное питание,1218,True,0,0,30
Общественное питание,1219,True,0,0,30
Общественное питание,1220,True,0,0,30
Общественное питание,1221,True,0,0,30
Общественное питание,1222,True,0,0,30
Общественное питание,1223,True,0,0,30
Общественное питание,1224,True,0,0,30
Общественное питание,1225,True,0,0,30
Общественное питание,1226,True,0,0,30
Общественное питание,1227,True,0,0,30
Общественное питание,1228,True,0,0,30
Общественное питание,1229,True,0,0,30
Общественное питание,1230,True,0,0,30
Общественное питание,1231,True,0,0,30
Общественное питание,1232,True,0,0,30
Общественное питание,1233,True,0,0,30
Общественное питание,1234,True,0,0,30
Общественное питание,1235,True,0,0,30
Общественное питание,1236,True,0,0,30
Общественное питание,1237,True,0,0,30
Общественное питание,1238,True,0,0,30
Общественное питание,1240,True,0,0,30
Общественное питание,1241,True,0,0,30
Общественное питание,1242,True,0,0,30
Общественное питание,1243,True,0,0,30
Общественное питание,1244,True,0,0,30
Общественное питание,1246,True,0,0,30
Общественное питание,1247,True,26,2,2
Общественное питание,1249,True,0,0,30
Общественное питание,1250,True,0,0,30
Общественное питание,1251,True,0,0,30
Общественное питание,1252,True,0,0,30
Общественное питание,1253,True,0,0,30
Общественное питание,1254,True,0,0,30
Общественное питание,1256,True,0,0,30
Общественное питание,1257,True,0,0,30
Общественное питание,1258,True,0,0,30
Общественное питание,1259,True,0,0,30
Общественное питание,1260,True,0,0,30
Общественное питание,1261,True,0,0,30
Общественное питание,1262,True,0,0,30
Общественное питание,1264,True,0,0,30
Общественное питание,1265,True,0,0,30
Общественное питание,1266,True,0,0,30
Общественное питание,1267,True,0,0,30
Общественное питание,1268,True,0,0,30
Общественное питание,1269,True,0,0,30
Общественное питание,1270,True,0,0,30
Общественное питание,1271,True,0,0,30
Общественное питание,1272,True,0,0,30
Общественное питание,1273,True,0,0,30
Общественное питание,1274,True,0,0,30
Общественное питание,1275,True,0,0,30
Общественное питание,1276,True,0,0,30
Общественное питание,1277,True,0,0,30
Общественное питание,1278,True,0,0,30
Общественное питание,1279,True,0,0,30
Общественное питание,1280,True,0,0,30
Общественное питание,1281,True,0,0,30
Общественное питание,1282,True,0,0,30
Общественное питание,1284,True,0,0,30
Общественное питание,1285,True,0,0,30
Общественное питание,1286,True,0,0,30
Общественное питание,1287,True,0,0,30
Общественное питание,1288,True,0,0,30
Общественное питание,1289,True,0,0,30
Общественное питание,1290,True,0,0,30
Общественное питание,1291,True,0,0,30
Общественное питание,1292,True,0,0,30
Общественное питание,1293,True,0,0,30
Общественное питание,1294,True,0,0,30
Общественное питание,1295,True,0,0,30
Общественное питание,1296,True,0,0,30
Общественное питание,1297,True,0,0,30
Общественное питание,1298,True,0,0,30
Общественное питание,1299,True,0,0,30
Общественное питание,1300,True,0,0,30
Общественное питание,1301,True,0,0,30
Общественное питание,1302,True,0,0,30
Общественное питание,1303,True,0,0,30
Общественное питание,1304,True,0,0,30
Общественное питание,1305,True,0,0,30
Общественное питание,1306,True,0,0,30
Общественное питание,1308,True,0,0,30
Общественное питание,1309,True,0,0,30
Общественное питание,1310,True,0,0,30
Общественное питание,1311,True,0,0,30
Общественное питание,1312,True,0,0,30
Общественное питание,1313,True,0,0,30
Общественное питание,1314,True,0,0,30
Общественное питание,1315,True,0,0,30
Общественное питание,1316,True,0,0,30
Общественное питание,1317,True,0,0,30
Общественное питание,1319,True,0,0,30
Общественное питание,1320,True,0,0,30
Общественное питание,1321,True,0,0,30
Общественное питание,1322,True,0,0,30
Общественное питание,1323,True,0,0,30
Общественное питание,1324,True,0,0,30
Общественное питание,1325,True,0,0,30
Общественное питание,1326,True,0,0,30
Общественное питание,1327,True,0,0,30
Общественное питание,1328,True,0,0,30
Общественное питание,1329,True,0,0,30
Общественное питание,1330,True,0,0,30
Общественное питание,1331,True,0,0,30
Общественное питание,1333,True,0,0,30
Общественное питание,1334,True,0,0,30
Общественное питание,1335,True,0,0,30
Общественное питание,1336,True,0,0,30
Общественное питание,1337,True,0,0,30
Общественное питание,1338,True,0,0,30
Общественное питание,1339,True,0,0,30
Общественное питание,1340,True,0,0,30
Общественное питание,1341,True,0,0,30
Общественное питание,1343,True,0,0,30
Общественное питание,1344,True,0,0,30
Общественное питание,1345,True,0,0,30
Общественное питание,1346,True,0,0,30
Общественное питание,1347,True,0,0,30
Общественное питание,1348,True,0,0,30
Общественное питание,1349,True,0,0,30
Общественное питание,1350,True,0,0,30
Общественное питание,1351,True,0,0,30
Общественное питание,1352,True,0,0,30
Общественное питание,1353,True,0,0,30
Общественное питание,1355,True,0,0,30
Общественное питание,1356,True,0,0,30
Общественное питание,1357,True,0,0,30
Общественное питание,1358,True,0,0,30
Общественное питание,1392,True,0,0,30
Общественное питание,1393,True,0,0,30
Общественное питание,1394,True,0,0,30
Общественное питание,1395,True,0,0,30
Общественное питание,1396,True,0,0,30
Общественное питание,1397,True,0,0,30
Общественное питание,1398,True,0,0,30
Общественное питание,1399,True,0,0,30
Общественное питание,1400,True,0,0,30
Общественное питание,1401,True,0,0,30
Общественное питание,1402,True,0,0,30
Общественное питание,1403,True,0,0,30
Общественное питание,1404,True,0,0,30
Общественное питание,1405,True,0,0,30
Общественное питание,1406,True,0,0,30
Общественное питание,1407,True,0,0,30
Общественное питание,1408,True,0,0,30
Общественное питание,1409,True,0,0,30
Общественное питание,1410,True,0,0,30
Общественное питание,1411,True,0,0,30
Общественное питание,1412,True,0,0,30
Общественное питание,1413,True,0,0,30
Общественное питание,1414,True,0,0,30
Общественное питание,1415,True,0,0,30
Общественное питание,1416,True,0,0,30
Общественное питание,1417,True,0,0,30
Общественное питание,1419,True,0,0,30
Общественное питание,1420,True,0,0,30
Общественное питание,1421,True,0,0,30
Общественное питание,1422,True,0,0,30
Общественное питание,1423,True,0,0,30
Общественное питание,1425,True,0,0,30
Общественное питание,1426,True,0,0,30
Общественное питание,1427,True,0,0,30
Общественное питание,1428,True,0,0,30
Общественное питание,1429,True,0,0,30
Общественное питание,1430,True,0,0,30
Общественное питание,1431,True,0,0,30
Общественное питание,1434,True,6,5,19
Общественное питание,1435,True,0,4,26
Общественное питание,1437,True,2,6,22
Общественное питание,1438,True,0,0,30
Общественное питание,1439,True,0,0,30
Общественное питание,1440,True,0,0,30
Общественное питание,1443,True,0,0,30
Общественное питание,1444,True,0,0,30
Общественное питание,1445,True,0,0,30
Общественное питание,1446,True,0,0,30
Общественное питание,1447,True,0,0,30
Общественное питание,1448,True,0,0,30
Общественное питание,1449,True,0,0,30
Общественное питание,1453,True,0,0,30
Общественное питание,1454,True,0,0,30
Общественное питание,1456,True,0,0,30
Общественное питание,1457,True,0,0,30
Общественное питание,1459,True,0,0,30
Общественное питание,1461,True,0,0,30
Общественное питание,1463,True,0,0,30
Общественное питание,1464,True,0,0,30
Общественное питание,1465,True,0,0,30
Общественное питание,1467,True,0,0,30
Общественное питание,1468,True,0,0,30
Общественное питание,1471,True,26,4,0
Общественное питание,1472,True,0,0,30
Общественное питание,1473,True,0,0,30
Общественное питание,1474,True,0,0,30
Общественное питание,1475,True,0,0,30
Общественное питание,1477,True,0,0,30
Общественное питание,1478,True,0,0,30
Общественное питание,1480,True,0,0,30
Общественное питание,1481,True,0,0,30
Общественное питание,1483,True,0,0,30
Общественное питание,1484,True,0,0,30
Общественное питание,1486,True,0,0,30
Общественное питание,1487,True,26,4,0
Общественное питание,1488,True,0,0,30
Общественное питание,1489,True,0,0,30
Общественное питание,1490,True,0,0,30
Общественное питание,1491,True,0,0,30
Общественное питание,1492,True,0,0,30
Общественное питание,1493,True,0,0,30
Общественное питание,1494,True,0,0,30
Общественное питание,1495,True,0,0,30
Общественное питание,1496,True,0,0,30
Общественное питание,1500,True,0,0,30
Общественное питание,1501,True,0,0,30
Общественное питание,1504,True,0,0,30
Общественное питание,1506,True,0,0,30
Общественное питание,1507,True,0,0,30
Общественное питание,1508,True,0,0,30
Общественное питание,1509,True,0,0,30
Общественное питание,1510,True,0,0,30
Общественное питание,1511,True,0,0,30
Общественное питание,1512,True,0,0,30
Общественное питание,1518,True,0,0,30
Общественное питание,1519,True,0,0,30
Общественное питание,1520,True,0,0,30
Общественное питание,1521,True,0,0,30
Общественное питание,1522,True,0,0,30
Общественное питание,1523,True,0,0,30
Общественное питание,1525,True,0,0,30
Общественное питание,1526,True,0,0,30
Общественное питание,1527,True,0,0,30
Общественное питание,1528,True,0,0,30
Общественное питание,1529,True,0,0,30
Общественное питание,1530,True,0,0,30
Общественное питание,1532,True,0,0,30
Общественное питание,1533,True,0,0,30
Общественное питание,1534,True,0,0,30
Общественное питание,1535,True,0,0,30
Общественное питание,1536,True,0,0,30
Общественное питание,1537,True,0,0,30
Общественное питание,1539,True,0,0,30
Общественное питание,1540,True,0,0,30
Общественное питание,1541,True,0,0,30
Общественное питание,1542,True,0,0,30
Общественное питание,1543,True,0,0,30
Общественное питание,1544,True,0,0,30
Общественное питание,1545,True,0,0,30
Общественное питание,1546,True,0,0,30
Общественное питание,1547,True,0,0,30
Общественное питание,1548,True,0,0,30
Общественное питание,1549,True,0,0,30
Общественное питание,1550,True,0,0,30
Общественное питание,1551,True,0,0,30
Общественное питание,1552,True,0,0,30
Общественное питание,1553,True,0,0,30
Общественное питание,1554,True,0,0,30
Общественное питание,1555,True,0,0,30
Общественное питание,1556,True,0,0,30
Общественное питание,1557,True,0,0,30
Общественное питание,1558,True,0,0,30
Общественное питание,1559,True,0,0,30
Общественное питание,1560,True,0,0,30
Общественное питание,1561,True,0,0,30
Общественное питание,1562,True,0,0,30
Общественное питание,1563,True,0,0,30
Общественное питание,1564,True,0,0,30
Общественное питание,1565,True,0,0,30
Общественное питание,1566,True,0,0,30
Общественное питание,1567,True,0,0,30
Общественное питание,1568,True,0,0,30
Общественное питание,1569,True,0,0,30
Общественное питание,1570,True,0,0,30
Общественное питание,1571,True,0,0,30
Общественное питание,1572,True,0,0,30
Общественное питание,1573,True,0,0,30
Общественное питание,1574,True,0,0,30
Общественное питание,1575,True,0,0,30
Общественное питание,1577,True,0,0,30
Общественное питание,1578,True,0,0,30
Общественное питание,1579,True,0,0,30
Общественное питание,1580,True,0,0,30
Общественное питание,1581,True,0,0,30
Общественное питание,1582,True,0,0,30
Общественное питание,1583,True,0,0,30
Общественное питание,1584,True,0,0,30
Общественное питание,1585,True,0,0,30
Общественное питание,1586,True,0,0,30
Общественное питание,1587,True,0,0,30
Общественное питание,1588,True,0,0,30
Общественное питание,1589,True,0,0,30
Общественное питание,1590,True,0,0,30
Общественное питание,1591,True,0,0,30
Общественное питание,1592,True,0,0,30
Общественное питание,1593,True,0,0,30
Общественное питание,1594,True,0,0,30
Общественное питание,1595,True,0,0,30
Общественное питание,1596,True,0,0,30
Общественное питание,1597,True,0,0,30
Общественное питание,1598,True,0,0,30
Общественное питание,1599,True,0,0,30
Общественное питание,1600,True,0,0,30
Общественное питание,1601,True,0,0,30
Общественное питание,1602,True,0,0,30
Общественное питание,1603,True,0,0,30
Общественное питание,1604,True,0,0,30
Общественное питание,1605,True,0,0,30
Общественное питание,1606,True,0,0,30
Общественное питание,1607,True,0,0,30
Общественное питание,1608,True,0,0,30
Общественное питание,1609,True,0,0,30
Общественное питание,1610,True,0,0,30
Общественное питание,1611,True,0,0,30
Общественное питание,1612,True,0,0,30
Общественное питание,1613,True,0,0,30
Общественное питание,1614,True,0,0,30
Общественное питание,1615,True,0,0,30
Общественное питание,1616,True,0,0,30
Общественное питание,1617,True,0,0,30
Общественное питание,1618,True,0,0,30
Общественное питание,1619,True,0,0,30
Общественное питание,1620,True,0,0,30
Общественное питание,1621,True,0,0,30
Общественное питание,1622,True,0,0,30
Общественное питание,1623,True,0,0,30
Общественное питание,1624,True,0,0,30
Общественное питание,1625,True,0,0,30
Общественное питание,1626,True,0,0,30
Общественное питание,1627,True,0,0,30
Общественное питание,1628,True,0,0,30
Общественное питание,1629,True,0,0,30
Общественное питание,1630,True,0,0,30
Общественное питание,1631,True,0,0,30
Общественное питание,1632,True,0,0,30
Общественное питание,1633,True,0,0,30
Общественное питание,1634,True,0,0,30
Общественное питание,1635,True,0,0,30
Общественное питание,1636,True,0,0,30
Общественное питание,1637,True,0,0,30
Общественное питание,1638,True,0,0,30
Общественное питание,1639,True,0,0,30
Общественное питание,1640,True,0,0,30
Общественное питание,1641,True,0,0,30
Общественное питание,1642,True,0,0,30
Общественное питание,1643,True,0,0,30
Общественное питание,1644,True,0,0,30
Общественное питание,1645,True,0,0,30
Общественное питание,1646,True,0,0,30
Общественное питание,1647,True,0,0,30
Общественное питание,1648,True,0,0,30
Общественное питание,1649,True,0,0,30
Общественное питание,1650,True,0,0,30
Общественное питание,1651,True,0,0,30
Общественное питание,1652,True,0,0,30
Общественное питание,1653,True,0,0,30
Общественное питание,1654,True,0,0,30
Общественное питание,1655,True,0,0,30
Общественное питание,1656,True,0,0,30
Общественное питание,1657,True,0,0,30
Общественное питание,1658,True,0,0,30
Общественное питание,1659,True,0,0,30
Общественное питание,1660,True,0,0,30
Общественное питание,1661,True,0,0,30
Общественное питание,1662,True,0,0,30
Общественное питание,1663,True,0,0,30
Общественное питание,1664,True,0,0,30
Общественное питание,1665,True,0,0,30
Общественное питание,1666,True,0,0,30
Общественное питание,1667,True,0,0,30
Общественное питание,1668,True,0,0,30
Общественное питание,1669,True,0,0,30
Общественное питание,1670,True,0,0,30
Общественное питание,1671,True,0,0,30
Общественное питание,1672,True,0,0,30
Общественное питание,1673,True,0,0,30
Общественное питание,1674,True,0,0,30
Общественное питание,1675,True,0,0,30
Общественное питание,1676,True,0,0,30
Общественное питание,1678,True,0,0,30
Общественное питание,1679,True,0,0,30
Общественное питание,1680,True,0,0,30
Общественное питание,1681,True,0,0,30
Общественное питание,1682,True,0,0,30
Общественное питание,1683,True,0,0,30
Общественное питание,1685,True,0,0,30
Общественное питание,1686,True,0,0,30
Общественное питание,1687,True,0,0,30
Общественное питание,1688,True,0,0,30
Общественное питание,1689,True,0,0,30
Общественное питание,1690,True,0,0,30
Общественное питание,1691,True,0,0,30
Общественное питание,1692,True,0,0,30
Общественное питание,1693,True,0,0,30
Общественное питание,1694,True,0,0,30
Общественное питание,1696,True,0,0,30
Общественное питание,1697,True,0,0,30
Общественное питание,1698,True,0,0,30
Общественное питание,1699,True,0,0,30
Общественное питание,1700,True,0,0,30
Общественное питание,1701,True,0,0,30
Общественное питание,1702,True,0,0,30
Общественное питание,1703,True,0,0,30
Общественное питание,1704,True,0,0,30
Общественное питание,1705,True,0,0,30
Общественное питание,1706,True,0,0,30
Общественное питание,1707,True,0,0,30
Общественное питание,1708,True,0,0,30
Общественное питание,1709,True,0,0,30
Общественное питание,1710,True,0,0,30
Общественное питание,1711,True,0,0,30
Общественное питание,1712,True,0,0,30
Общественное питание,1713,True,14,8,8
Общественное питание,1714,True,0,0,30
Общественное питание,1715,True,0,0,30
Общественное питание,1717,True,0,0,30
Общественное питание,1718,True,0,0,30
Общественное питание,1719,True,0,0,30
Общественное питание,1722,True,0,0,30
Общественное питание,1724,True,0,0,30
Общественное питание,1725,True,0,0,30
Общественное питание,1726,True,0,0,30
Общественное питание,1727,True,0,0,30
Общественное питание,1728,True,0,0,30
Общественное питание,1730,True,0,0,30
Общественное питание,1731,True,0,0,30
Общественное питание,1732,True,0,0,30
Общественное питание,1733,True,0,0,30
Общественное питание,1737,True,0,0,30
Общественное питание,1738,True,0,0,30
Общественное питание,1739,True,0,0,30
Общественное питание,1740,True,0,0,30
Общественное питание,1741,True,0,0,30
Общественное питание,1742,True,0,0,30
Общественное питание,1743,True,0,0,30
Общественное питание,1744,True,0,0,30
Общественное питание,1745,True,0,0,30
Общественное питание,1746,True,0,0,30
Общественное питание,1747,True,0,0,30
Общественное питание,1749,True,0,0,30
Общественное питание,1750,True,0,0,30
Общественное питание,1751,True,0,0,30
Общественное питание,1752,True,0,0,30
Общественное питание,1753,True,0,0,30
Общественное питание,1754,True,0,0,30
Общественное питание,1755,True,0,0,30
Общественное питание,1756,True,0,0,30
Общественное питание,1757,True,0,0,30
Общественное питание,1758,True,0,0,30
Общественное питание,1759,True,0,0,30
Общественное питание,1760,True,0,0,30
Общественное питание,1761,True,0,0,30
Общественное питание,1762,True,0,0,30
Общественное питание,1763,True,11,8,11
Общественное питание,1764,True,0,0,30
Общественное питание,1765,True,0,0,30
Общественное питание,1766,True,0,0,30
Общественное питание,1768,True,0,0,30
Общественное питание,1769,True,0,0,30
Общественное питание,1770,True,0,0,30
Общественное питание,1771,True,0,0,30
Общественное питание,1773,True,0,0,30
Общественное питание,1774,True,0,0,30
Общественное питание,1775,True,0,0,30
Общественное питание,1776,True,0,0,30
Общественное питание,1777,True,0,0,30
Общественное питание,1778,True,0,0,30
Общественное питание,1780,True,0,0,30
Общественное питание,1781,True,0,0,30
Общественное питание,1782,True,0,0,30
Общественное питание,1783,True,0,0,30
Общественное питание,1784,True,0,0,30
Общественное питание,1785,True,0,0,30
Общественное питание,1786,True,0,0,30
Общественное питание,1787,True,0,0,30
Общественное питание,1788,True,0,0,30
Общественное питание,1845,True,0,0,30
Общественное питание,1846,True,0,0,30
Общественное питание,1847,True,26,4,0
Общественное питание,1848,True,0,0,30
Общественное питание,1849,True,0,0,30
Общественное питание,1850,True,0,0,30
Общественное питание,1851,True,0,0,30
Общественное питание,1852,True,0,0,30
Общественное питание,1853,True,0,0,30
Общественное питание,1854,True,0,0,30
Общественное питание,1855,True,0,0,30
Общественное питание,1856,True,0,0,30
Общественное питание,1857,True,0,0,30
Общественное питание,1858,True,0,0,30
Общественное питание,1859,True,0,0,30
Общественное питание,1860,True,0,0,30
Общественное питание,1861,True,0,0,30
Общественное питание,1862,True,0,0,30
Общественное питание,1863,True,0,0,30
Общественное питание,1864,True,0,0,30
Общественное питание,1865,True,0,0,30
Общественное питание,1868,True,0,0,30
Общественное питание,1869,True,0,0,30
Общественное питание,1870,True,0,0,30
Общественное питание,1871,True,0,0,30
Общественное питание,1872,True,0,0,30
Общественное питание,1873,True,0,0,30
Общественное питание,1874,True,0,0,30
Общественное питание,1875,True,0,0,30
Общественное питание,1876,True,0,0,30
Общественное питание,1877,True,0,0,30
Общественное питание,1878,True,0,0,30
Общественное питание,1879,True,0,0,30
Общественное питание,1880,True,0,0,30
Общественное питание,1881,True,0,0,30
Общественное питание,1882,True,26,4,0
Общественное питание,1883,True,0,0,30
Общественное питание,1884,True,0,0,30
Общественное питание,1885,True,0,0,30
Общественное питание,1886,True,0,0,30
Общественное питание,1887,True,0,0,30
Общественное питание,1888,True,0,0,30
Общественное питание,1889,True,0,0,30
Общественное питание,1890,True,0,0,30
Общественное питание,1891,True,0,0,30
Общественное питание,1892,True,0,0,30
Общественное питание,1893,True,0,0,30
Общественное питание,1894,True,0,0,30
Общественное питание,1895,True,0,0,30
Общественное питание,1896,True,0,0,30
Общественное питание,1897,True,0,0,30
Общественное питание,1898,True,0,0,30
Общественное питание,1899,True,0,0,30
Общественное питание,1900,True,0,0,30
Общественное питание,1901,True,0,0,30
Общественное питание,1902,True,0,0,30
Общественное питание,1903,True,0,0,30
Общественное питание,1904,True,0,0,30
Общественное питание,1905,True,0,0,30
Общественное питание,1906,True,0,0,30
Общественное питание,1907,True,0,0,30
Общественное питание,1908,True,0,0,30
Общественное питание,1909,True,0,0,30
Общественное питание,1910,True,0,0,30
Общественное питание,1912,True,0,0,30
Общественное питание,1915,True,0,0,30
Общественное питание,1916,True,0,0,30
Общественное питание,1917,True,0,0,30
Общественное питание,1918,True,0,0,30
Общественное питание,1919,True,0,0,30
Общественное питание,1920,True,0,0,30
Общественное питание,1921,True,0,0,30
Общественное питание,1922,True,0,0,30
Общественное питание,1923,True,0,0,30
Общественное питание,1924,True,0,0,30
Общественное питание,1925,True,0,0,30
Общественное питание,1926,True,0,0,30
Общественное питание,1927,True,0,0,30
Общественное питание,1928,True,0,0,30
Общественное питание,1929,True,0,0,30
Общественное питание,1930,True,0,0,30
Общественное питание,1931,True,0,0,30
Общественное питание,1932,True,0,0,30
Общественное питание,1933,True,0,0,30
Общественное питание,1934,True,0,0,30
Общественное питание,1935,True,0,0,30
Общественное питание,1936,True,0,0,30
Общественное питание,1937,True,0,0,30
Общественное питание,1938,True,0,0,30
Общественное питание,1939,True,0,0,30
Общественное питание,1940,True,0,0,30
Общественное питание,1941,True,0,0,30
Общественное питание,1942,True,0,0,30
Общественное питание,1943,True,0,0,30
Общественное питание,1944,True,0,0,30
Общественное питание,1945,True,0,0,30
Общественное питание,1947,True,0,0,30
Общественное питание,1948,True,0,0,30
Общественное питание,1949,True,0,0,30
Общественное питание,1950,True,0,0,30
Общественное питание,1951,True,0,0,30
Общественное питание,1952,True,0,0,30
Общественное питание,1954,True,0,0,30
Общественное питание,1955,True,0,0,30
Общественное питание,1956,True,0,0,30
Общественное питание,1957,True,0,0,30
Общественное питание,1958,True,0,0,30
Общественное питание,1959,True,0,0,30
Общественное питание,1960,True,0,0,30
Общественное питание,1961,True,0,0,30
Общественное питание,1962,True,0,0,30
Общественное питание,1963,True,0,0,30
Общественное питание,1964,True,11,11,8
Общественное питание,1965,True,0,0,30
Общественное питание,1966,True,0,0,30
Общественное питание,1967,True,0,0,30
Общественное питание,1968,True,0,0,30
Общественное питание,1969,True,0,0,30
Общественное питание,1970,True,0,0,30
Общественное питание,1971,True,0,0,30
Общественное питание,1972,True,0,0,30
Общественное питание,1973,True,0,0,30
Общественное питание,1974,True,0,0,30
Общественное питание,1975,True,0,0,30
Общественное питание,1976,True,0,0,30
Общественное питание,1977,True,0,0,30
Общественное питание,1978,True,0,0,30
Общественное питание,1979,True,0,0,30
Общественное питание,1980,True,0,0,30
Общественное питание,1981,True,0,0,30
Общественное питание,1982,True,0,0,30
Общественное питание,1983,True,0,0,30
Общественное питание,1984,True,0,0,30
Общественное питание,1985,True,0,0,30
Общественное питание,1986,True,0,0,30
Общественное питание,1987,True,0,0,30
Общественное питание,1988,True,0,0,30
Общественное питание,1989,True,0,0,30
Общественное питание,1990,True,0,0,30
Общественное питание,1991,True,0,0,30
Общественное питание,1992,True,0,0,30
Общественное питание,1993,True,0,0,30
Общественное питание,1994,True,0,0,30
Общественное питание,1995,True,0,0,30
Общественное питание,1996,True,0,0,30
Общественное питание,1997,True,0,0,30
Общественное питание,1999,True,0,0,30
Общественное питание,2000,True,0,0,30
Общественное питание,2001,True,0,0,30
Общественное питание,2002,True,0,0,30
Общественное питание,2004,True,0,0,30
Общественное питание,2005,True,0,0,30
Общественное питание,2006,True,0,0,30
Общественное питание,2007,True,0,0,30
Общественное питание,2008,True,0,0,30
Общественное питание,2009,True,0,0,30
Общественное питание,2010,True,0,0,30
Общественное питание,2011,True,0,0,30
Общественное питание,2012,True,0,0,30
Общественное питание,2015,True,0,0,30
Общественное питание,2016,True,14,10,6
Общественное питание,2017,True,0,0,30
Общественное питание,2018,True,0,0,30
Общественное питание,2019,True,0,0,30
Общественное питание,2020,True,11,10,9
Общественное питание,2021,True,0,0,30
Общественное питание,2022,True,0,0,30
Общественное питание,2023,True,0,0,30
Общественное питание,2024,True,0,0,30
Общественное питание,2025,True,0,0,30
Общественное питание,2027,True,0,0,30
Общественное питание,2028,True,0,0,30
Общественное питание,2030,True,0,0,30
Общественное питание,2031,True,0,0,30
Общественное питание,2032,True,0,0,30
Общественное питание,2033,True,0,0,30
Общественное питание,2034,True,0,0,30
Общественное питание,2035,True,0,0,30
Общественное питание,2036,True,0,0,30
Общественное питание,2037,True,0,0,30
Общественное питание,2039,True,0,0,30
Общественное питание,2040,True,0,0,30
Общественное питание,2041,True,0,0,30
Общественное питание,2042,True,0,0,30
Общественное питание,2043,True,0,0,30
Общественное питание,2044,True,0,0,30
Общественное питание,2045,True,0,0,30
Общественное питание,2046,True,0,0,30
Общественное питание,2047,True,0,0,30
Общественное питание,2048,True,0,0,30
Общественное питание,2049,True,0,0,30
Общественное питание,2050,True,0,0,30
Общественное питание,2051,True,0,0,30
Общественное питание,2052,True,0,0,30
Общественное питание,2053,True,0,0,30
Общественное питание,2054,True,0,0,30
Общественное питание,2055,True,0,0,30
Общественное питание,2056,True,0,0,30
Общественное питание,2057,True,0,0,30
Общественное питание,2058,True,0,0,30
Общественное питание,2059,True,0,0,30
Общественное питание,2060,True,0,0,30
Общественное питание,2061,True,0,0,30
Общественное питание,2062,True,0,0,30
Общественное питание,2063,True,0,0,30
Общественное питание,2064,True,0,0,30
Общественное питание,2065,True,0,0,30
Общественное питание,2066,True,0,0,30
Общественное питание,2067,True,0,0,30
Общественное питание,2068,True,0,0,30
Общественное питание,2069,True,0,0,30
Общественное питание,2070,True,0,0,30
Общественное питание,2072,True,0,0,30
Общественное питание,2073,True,0,0,30
Общественное питание,2074,True,0,0,30
Общественное питание,2075,True,0,0,30
Общественное питание,2076,True,0,0,30
Общественное питание,2077,True,0,0,30
Общественное питание,2078,True,0,0,30
Общественное питание,2079,True,0,0,30
Общественное питание,2080,True,0,0,30
Общественное питание,2081,True,0,0,30
Общественное питание,2082,True,0,0,30
Общественное питание,2085,True,0,0,30
Общественное питание,2087,True,0,0,30
Общественное питание,2088,True,0,0,30
Общественное питание,2089,True,0,0,30
Общественное питание,2090,True,0,0,30
Общественное питание,2091,True,0,0,30
Общественное питание,2093,True,0,0,30
Общественное питание,2094,True,0,0,30
Общественное питание,2095,True,0,0,30
Общественное питание,2096,True,0,0,30
Общественное питание,2098,True,0,0,30
Общественное питание,2100,True,0,0,30
Общественное питание,2101,True,0,0,30
Общественное питание,2105,True,0,0,30
Общественное питание,2108,True,0,0,30
Общественное питание,2109,True,0,0,30
Общественное питание,2110,True,0,0,30
Общественное питание,2111,True,0,0,30
Общественное питание,2112,True,0,0,30
Общественное питание,2113,True,0,0,30
Общественное питание,2114,True,0,0,30
Общественное питание,2116,True,0,0,30
Общественное питание,2117,True,0,0,30
Общественное питание,2118,True,0,0,30
Общественное питание,2119,True,0,0,30
Общественное питание,2120,True,0,0,30
Общественное питание,2121,True,0,0,30
Общественное питание,2122,True,0,0,30
Общественное питание,2124,True,0,0,30
Общественное питание,2125,True,0,0,30
Общественное питание,2126,True,0,0,30
Общественное питание,2127,True,0,0,30
Общественное питание,2128,True,0,0,30
Общественное питание,2129,True,0,0,30
Общественное питание,2130,True,0,0,30
Общественное питание,2131,True,0,0,30
Общественное питание,2132,True,0,0,30
Общественное питание,2133,True,0,0,30
Общественное питание,2134,True,0,0,30
Общественное питание,2136,True,0,0,30
Общественное питание,2137,True,0,0,30
Общественное питание,2138,True,0,0,30
Общественное питание,2139,True,0,0,30
Общественное питание,2140,True,0,0,30
Общественное питание,2142,True,0,0,30
Общественное питание,2143,True,0,0,30
Общественное питание,2144,True,0,0,30
Общественное питание,2145,True,0,0,30
Общественное питание,2146,True,0,0,30
Общественное питание,2148,True,0,0,30
Общественное питание,2149,True,0,0,30
Общественное питание,2150,True,0,0,30
Общественное питание,2151,True,0,0,30
Общественное питание,2152,True,0,0,30
Общественное питание,2153,True,0,0,30
Общественное питание,2154,True,0,0,30
Общественное питание,2155,True,0,0,30
Общественное питание,2156,True,0,0,30
Общественное питание,2157,True,0,0,30
Общественное питание,2158,True,0,0,30
Общественное питание,2159,True,0,0,30
Общественное питание,2160,True,0,0,30
Общественное питание,2161,True,0,0,30
Общественное питание,2162,True,0,0,30
Общественное питание,2163,True,0,0,30
Общественное питание,2164,True,0,0,30
Общественное питание,2165,True,0,0,30
Общественное питание,2167,True,0,0,30
Общественное питание,2168,True,0,0,30
Общественное питание,2169,True,0,0,30
Общественное питание,2171,True,0,0,30
Общественное питание,2172,True,0,0,30
Общественное питание,2173,True,0,0,30
Общественное питание,2174,True,0,0,30
Общественное питание,2175,True,0,0,30
Общественное питание,2176,True,0,0,30
Общественное питание,2177,True,0,0,30
Общественное питание,2178,True,0,0,30
Общественное питание,2179,True,0,0,30
Общественное питание,2180,True,0,0,30
Общественное питание,2181,True,0,0,30
Общественное питание,2182,True,0,0,30
Общественное питание,2183,True,0,0,30
Общественное питание,2184,True,0,0,30
Общественное питание,2185,True,0,0,30
Общественное питание,2186,True,0,0,30
Общественное питание,2187,True,0,0,30
Общественное питание,2188,True,0,0,30
Общественное питание,2189,True,0,0,30
Общественное питание,2190,True,0,0,30
Общественное питание,2191,True,0,0,30
Общественное питание,2192,True,0,0,30
Общественное питание,2193,True,0,0,30
Общественное питание,2194,True,0,0,30
Общественное питание,2195,True,0,0,30
Общественное питание,2196,True,0,0,30
Общественное питание,2197,True,0,0,30
Общественное питание,2198,True,0,0,30
Общественное питание,2199,True,0,0,30
Общественное питание,2200,True,0,0,30
Общественное питание,2201,True,0,0,30
Общественное питание,2202,True,0,0,30
Общественное питание,2203,True,0,0,30
Общественное питание,2204,True,0,0,30
Общественное питание,2205,True,0,0,30
Общественное питание,2206,True,0,0,30
Общественное питание,2207,True,0,0,30
Общественное питание,2208,True,0,0,30
Общественное питание,2210,True,0,0,30
Общественное питание,2211,True,0,0,30
Общественное питание,2212,True,0,0,30
Общественное питание,2213,True,0,0,30
Общественное питание,2215,True,0,0,30
Общественное питание,2216,True,0,0,30
Общественное питание,2217,True,0,0,30
Общественное питание,2218,True,0,0,30
Общественное питание,2219,True,0,0,30
Общественное питание,2220,True,0,0,30
Общественное питание,2221,True,0,0,30
Общественное питание,2222,True,0,0,30
Общественное питание,2223,True,0,0,30
Общественное питание,2224,True,0,0,30
Общественное питание,2225,True,0,0,30
Общественное питание,2226,True,0,0,30
Общественное питание,2227,True,0,0,30
Общественное питание,2228,True,0,0,30
Общественное питание,2229,True,0,0,30
Общественное питание,2230,True,0,0,30
Общественное питание,2231,True,0,0,30
Общественное питание,2232,True,0,0,30
Общественное питание,2233,True,0,0,30
Общественное питание,2234,True,0,0,30
Общественное питание,2235,True,0,0,30
Общественное питание,2236,True,0,0,30
Общественное питание,2237,True,0,0,30
Общественное питание,2238,True,0,0,30
Общественное питание,2241,True,0,0,30
Общественное питание,2242,True,0,0,30
Общественное питание,2243,True,0,0,30
Общественное питание,2244,True,0,0,30
Общественное питание,2245,True,0,0,30
Общественное питание,2248,True,0,0,30
Общественное питание,2249,True,0,0,30
Общественное питание,2250,True,0,0,30
Общественное питание,2251,True,0,0,30
Общественное питание,2252,True,0,0,30
Общественное питание,2253,True,0,0,30
Общественное питание,2254,True,0,0,30
Общественное питание,2255,True,0,0,30
Общественное питание,2256,True,0,0,30
Общественное питание,2257,True,0,0,30
Общественное питание,2258,True,0,0,30
Общественное питание,2259,True,0,0,30
Общественное питание,2260,True,0,0,30
Общественное питание,2262,True,0,0,30
Общественное питание,2264,True,0,0,30
Общественное питание,2265,True,0,0,30
Общественное питание,2266,True,0,0,30
Общественное питание,2267,True,0,0,30
Общественное питание,2268,True,0,0,30
Общественное питание,2269,True,0,0,30
Общественное питание,2270,True,0,0,30
Общественное питание,2271,True,0,0,30
Общественное питание,2272,True,0,0,30
Общественное питание,2274,True,0,0,30
Общественное питание,2275,True,0,0,30
Общественное питание,2276,True,0,0,30
Общественное питание,2278,True,0,0,30
Общественное питание,2279,True,0,0,30
Общественное питание,2280,True,0,0,30
Общественное питание,2281,True,0,0,30
Общественное питание,2282,True,0,0,30
Общественное питание,2286,True,0,0,30
Общественное питание,2287,True,0,0,30
Общественное питание,2288,True,0,0,30
Общественное питание,2289,True,0,0,30
Общественное питание,2292,True,0,0,30
Общественное питание,2293,True,0,0,30
Общественное питание,2294,True,0,0,30
Общественное питание,2295,True,0,0,30
Общественное питание,2296,True,0,0,30
Общественное питание,2297,True,0,0,30
Общественное питание,2298,True,0,0,30
Общественное питание,2299,True,0,0,30
Общественное питание,2300,True,0,0,30
Общественное питание,2301,True,0,0,30
Общественное питание,2302,True,0,0,30
Общественное питание,2303,True,0,0,30
Общественное питание,2304,True,0,0,30
Общественное питание,2305,True,0,0,30
Общественное питание,2307,True,0,0,30
Общественное питание,2308,True,0,0,30
Общественное питание,2309,True,0,0,30
Общественное питание,2310,True,0,0,30
Общественное питание,2311,True,0,0,30
Общественное питание,2312,True,0,0,30
Общественное питание,2314,True,0,0,30
Общественное питание,2315,True,0,0,30
Общественное питание,2316,True,0,0,30
Общественное питание,2317,True,0,0,30
Общественное питание,2318,True,0,0,30
Общественное питание,2320,True,0,0,30
Общественное питание,2321,True,0,0,30
Общественное питание,2322,True,0,0,30
Общественное питание,2323,True,0,0,30
Общественное питание,2324,True,0,0,30
Общественное питание,2325,True,0,0,30
Общественное питание,2326,True,0,0,30
Общественное питание,2327,True,0,0,30
Общественное питание,2328,True,0,0,30
Общественное питание,2329,True,0,0,30
Общественное питание,2330,True,0,0,30
Общественное питание,2332,True,0,0,30
Общественное питание,2333,True,0,0,30
Общественное питание,2334,True,0,0,30
Общественное питание,2335,True,0,0,30
Общественное питание,2336,True,0,0,30
Общественное питание,2337,True,0,0,30
Общественное питание,2338,True,0,0,30
Общественное питание,2339,True,0,0,30
Общественное питание,2340,True,0,0,30
Общественное питание,2341,True,0,0,30
Общественное питание,2342,True,0,0,30
Общественное питание,2343,True,0,0,30
Общественное питание,2344,True,0,0,30
Общественное питание,2345,True,0,0,30
Общественное питание,2347,True,26,4,0
Общественное питание,2348,True,0,0,30
Общественное питание,2349,True,0,0,30
Общественное питание,2351,True,0,0,30
Общественное питание,2352,True,0,0,30
Общественное питание,2353,True,0,0,30
Общественное питание,2354,True,0,0,30
Общественное питание,2355,True,0,0,30
Общественное питание,2356,True,0,0,30
Общественное питание,2357,True,0,0,30
Общественное питание,2358,True,0,0,30
Общественное питание,2359,True,0,0,30
Общественное питание,2360,True,0,0,30
Общественное питание,2361,True,0,0,30
Общественное питание,2362,True,0,0,30
Общественное питание,2363,True,0,0,30
Общественное питание,2364,True,0,0,30
Общественное питание,2365,True,0,0,30
Общественное питание,2366,True,0,0,30
Общественное питание,2367,True,0,0,30
Общественное питание,2368,True,0,0,30
Общественное питание,2369,True,0,0,30
Общественное питание,2370,True,0,0,30
Общественное питание,2371,True,0,0,30
Общественное питание,2372,True,0,0,30
Общественное питание,2373,True,0,0,30
Общественное питание,2374,True,0,0,30
Общественное питание,2375,True,0,0,30
Общественное питание,2376,True,0,0,30
Общественное питание,2377,True,0,0,30
Общественное питание,2378,True,0,0,30
Общественное питание,2379,True,0,0,30
Общественное питание,2380,True,0,0,30
Общественное питание,2381,True,0,0,30
Общественное питание,2382,True,0,0,30
Общественное питание,2383,True,0,0,30
Общественное питание,2384,True,0,0,30
Общественное питание,2385,True,0,0,30
Общественное питание,2386,True,0,0,30
Общественное питание,2387,True,0,0,30
Общественное питание,2388,True,0,0,30
Общественное питание,2389,True,0,0,30
Общественное питание,2390,True,0,0,30
Общественное питание,2391,True,0,0,30
Общественное питание,2392,True,0,0,30
Общественное питание,2393,True,0,0,30
Общественное питание,2394,True,17,6,7
Общественное питание,2395,True,0,0,30
Общественное питание,2398,True,0,0,30
Общественное питание,2399,True,0,0,30
Общественное питание,2400,True,0,0,30
Общественное питание,2401,True,0,0,30
Общественное питание,2402,True,0,0,30
Общественное питание,2403,True,0,0,30
Общественное питание,2404,True,0,0,30
Общественное питание,2405,True,0,0,30
Общественное питание,2406,True,0,0,30
Общественное питание,2407,True,0,0,30
Общественное питание,2408,True,0,0,30
Общественное питание,2409,True,0,0,30
Общественное питание,2410,True,0,0,30
Общественное питание,2411,True,0,0,30
Общественное питание,2412,True,0,0,30
Общественное питание,2416,True,0,0,30
Общественное питание,2422,True,0,0,30
Общественное питание,2423,True,0,0,30
Общественное питание,2424,True,0,0,30
Общественное питание,2425,True,0,0,30
Общественное питание,2426,True,0,0,30
Общественное питание,2427,True,0,0,30
Общественное питание,2428,True,0,0,30
Общественное питание,2429,True,0,0,30
Общественное питание,2430,True,0,0,30
Общественное питание,2431,True,0,0,30
Общественное питание,2432,True,0,0,30
Общественное питание,2433,True,0,0,30
Общественное питание,2434,True,0,0,30
Общественное питание,2435,True,0,0,30
Общественное питание,2436,True,0,0,30
Общественное питание,2437,True,0,0,30
Общественное питание,2439,True,0,0,30
Общественное питание,2440,True,0,0,30
Общественное питание,2441,True,0,0,30
Общественное питание,2442,True,0,0,30
Общественное питание,2443,True,0,0,30
Общественное питание,2444,True,0,0,30
Общественное питание,2445,True,0,0,30
Общественное питание,2446,True,0,0,30
Общественное питание,2447,True,0,0,30
Общественное питание,2449,True,0,0,30
Общественное питание,2450,True,0,0,30
Общественное питание,2451,True,0,0,30
Общественное питание,2452,True,0,0,30
Общественное питание,2453,True,0,0,30
Общественное питание,2454,True,0,0,30
Общественное питание,2455,True,0,0,30
Общественное питание,2456,True,0,0,30
Общественное питание,2457,True,0,0,30
Общественное питание,2458,True,0,0,30
Общественное питание,2459,True,0,0,30
Общественное питание,2460,True,0,0,30
Общественное питание,2461,True,0,0,30
Общественное питание,2462,True,0,0,30
Общественное питание,2463,True,0,0,30
Общественное питание,2464,True,0,0,30
Общественное питание,2465,True,0,0,30
Общественное питание,2466,True,0,0,30
Общественное питание,2467,True,0,0,30
Общественное питание,2468,True,0,0,30
Общественное питание,2469,True,0,0,30
Общественное питание,2470,True,0,0,30
Общественное питание,2471,True,0,0,30
Общественное питание,2472,True,0,0,30
Общественное питание,2473,True,0,0,30
Общественное питание,2474,True,0,0,30
Общественное питание,2475,True,0,0,30
Общественное питание,2476,True,0,0,30
Общественное питание,2477,True,0,0,30
Общественное питание,2478,True,0,0,30
Общественное питание,2479,True,0,0,30
Общественное питание,2480,True,0,0,30
Общественное питание,2481,True,0,0,30
Общественное питание,2482,True,0,0,30
Общественное питание,2483,True,0,0,30
Общественное питание,2484,True,0,0,30
Общественное питание,2485,True,0,0,30
Общественное питание,2486,True,0,0,30
Общественное питание,2487,True,0,0,30
Общественное питание,2488,True,0,0,30
Общественное питание,2489,True,0,0,30
Общественное питание,2490,True,0,0,30
Общественное питание,2491,True,0,0,30
Общественное питание,2492,True,0,0,30
Общественное питание,2493,True,0,0,30
Общественное питание,2494,True,0,0,30
Общественное питание,2495,True,0,0,30
Общественное питание,2496,True,0,0,30
Общественное питание,2497,True,0,0,30
Общественное питание,2498,True,0,0,30
Общественное питание,2499,True,0,0,30
Общественное питание,2500,True,0,0,30
Общественное питание,2501,True,0,0,30
Общественное питание,2502,True,0,0,30
Общественное питание,2503,True,0,0,30
Общественное питание,2504,True,0,0,30
Общественное питание,2505,True,0,0,30
Общественное питание,2506,True,0,0,30
Общественное питание,2507,True,0,0,30
Общественное питание,2508,True,0,0,30
Общественное питание,2509,True,0,0,30
Общественное питание,2510,True,0,0,30
Общественное питание,2511,True,0,0,30
Общественное питание,2512,True,0,0,30
Общественное питание,2513,True,0,0,30
Общественное питание,2514,True,0,0,30
Общественное питание,2515,True,0,0,30
Общественное питание,2516,True,0,0,30
Общественное питание,2517,True,0,0,30
Общественное питание,2518,True,0,0,30
Общественное питание,2519,True,0,0,30
Общественное питание,2520,True,0,0,30
Общественное питание,2521,True,0,0,30
Общественное питание,2522,True,0,0,30
Общественное питание,2523,True,0,0,30
Общественное питание,2524,True,0,0,30
Общественное питание,2525,True,0,0,30
Общественное питание,2526,True,0,0,30
Общественное питание,2527,True,0,0,30
Общественное питание,2528,True,0,0,30
Общественное питание,2529,True,0,0,30
Общественное питание,2530,True,0,0,30
Общественное питание,2531,True,0,0,30
Общественное питание,2532,True,0,0,30
Общественное питание,2533,True,0,0,30
Общественное питание,2534,True,0,0,30
Общественное питание,2535,True,0,0,30
Общественное питание,2536,True,0,0,30
Общественное питание,2537,True,0,0,30
Общественное питание,2538,True,0,0,30
Общественное питание,2539,True,0,0,30
Общественное питание,2540,True,0,0,30
Общественное питание,2541,True,0,0,30
Общественное питание,2542,True,0,0,30
Общественное питание,2543,True,0,0,30
Общественное питание,2544,True,0,0,30
Общественное питание,2545,True,0,0,30
Общественное питание,2546,True,0,0,30
Общественное питание,2547,True,0,0,30
Общественное питание,2548,True,0,0,30
Общественное питание,2549,True,0,0,30
Общественное питание,2550,True,0,0,30
Общественное питание,2551,True,0,0,30
Общественное питание,2552,True,0,0,30
Общественное питание,2553,True,0,0,30
Общественное питание,2554,True,0,0,30
Общественное питание,2555,True,0,0,30
Общественное питание,2556,True,0,0,30
Общественное питание,2557,True,0,0,30
Общественное питание,2558,True,0,0,30
Общественное питание,2559,True,0,0,30
Общественное питание,2560,True,0,0,30
Общественное питание,2561,True,0,0,30
Общественное питание,2562,True,0,0,30
Общественное питание,2563,True,0,0,30
Общественное питание,2564,True,0,0,30
Общественное питание,2565,True,0,0,30
Общественное питание,2566,True,0,0,30
Общественное питание,2567,True,0,0,30
Общественное питание,2568,True,0,0,30
Общественное питание,2569,True,0,0,30
Общественное питание,2570,True,0,0,30
Общественное питание,2571,True,0,0,30
Общественное питание,2572,True,0,0,30
Общественное питание,2573,True,0,0,30
Общественное питание,2574,True,0,0,30
Общественное питание,2575,True,0,0,30
Общественное питание,2576,True,0,0,30
Общественное питание,2577,True,0,0,30
Общественное питание,2578,True,0,0,30
Общественное питание,2579,True,0,0,30
Общественное питание,2580,True,0,0,30
Общественное питание,2581,True,0,0,30
Общественное питание,2582,True,0,0,30
Общественное питание,2583,True,0,0,30
Общественное питание,2584,True,0,0,30
Общественное питание,2585,True,0,0,30
Общественное питание,2586,True,0,0,30
Общественное питание,2587,True,0,0,30
Общественное питание,2588,True,0,0,30
Общественное питание,2589,True,0,0,30
Общественное питание,2590,True,0,0,30
Общественное питание,2591,True,0,0,30
Общественное питание,2592,True,0,0,30
Общественное питание,2593,True,0,0,30
Общественное питание,2595,True,0,0,30
Общественное питание,2596,True,0,0,30
Общественное питание,2597,True,0,0,30
Общественное питание,2598,True,0,0,30
Общественное питание,2599,True,0,0,30
Общественное питание,2600,True,0,0,30
Общественное питание,2601,True,0,0,30
Общественное питание,2602,True,0,0,30
Общественное питание,2604,True,0,0,30
Общественное питание,2605,True,0,0,30
Общественное питание,2606,True,0,0,30
Общественное питание,2607,True,0,0,30
Общественное питание,2618,True,0,0,30
Общественное питание,2619,True,0,0,30
Общественное питание,2620,True,0,0,30
Общественное питание,2621,True,0,0,30
Общественное питание,2644,True,0,0,30
Общественное питание,2646,True,0,0,30
Общественное питание,2647,True,0,0,30
Общественное питание,2648,True,0,0,30
Общественное питание,2649,True,0,0,30
Общественное питание,2651,True,0,0,30
Общественное питание,2652,True,0,0,30
Общественное питание,2710,True,0,0,30
Общественное питание,2808,True,0,0,30
Общественное питание,2809,True,0,0,30
Общественное питание,2813,True,0,0,30
Общественное питание,2814,True,0,0,30
Общественное питание,2872,True,0,0,30
Общественное питание,2876,True,0,0,30
Общественное питание,2879,True,0,0,30
Общественное питание,2880,True,0,0,30
Общественное питание,2881,True,0,0,30
Общественное питание,2882,True,0,0,30
Общественное питание,2883,True,0,0,30
Общественное питание,2884,True,0,0,30
Общественное питание,2885,True,0,0,30
Общественное питание,2886,True,0,0,30
Общественное питание,2887,True,0,0,30
Общественное питание,3005,True,0,0,30
Общественное питание,3007,True,0,0,30
Общественное питание,3009,True,0,0,30
Общественное питание,3010,True,26,4,0
Общественное питание,3011,True,0,0,30
Общественное питание,3012,True,0,0,30
Общественное питание,3013,True,0,0,30
Продовольствие,1,True,0,0,30
Продовольствие,2,True,0,0,30
Продовольствие,3,True,0,0,30
Продовольствие,4,True,0,0,30
Продовольствие,5,True,0,0,30
Продовольствие,6,True,0,0,30
Продовольствие,7,True,0,0,30
Продовольствие,8,True,0,0,30
Продовольствие,9,True,0,0,30
Продовольствие,10,True,0,0,30
Продовольствие,11,True,0,0,30
Продовольствие,12,True,0,0,30
Продовольствие,13,True,0,0,30
Продовольствие,14,True,0,0,30
Продовольствие,15,True,0,0,30
Продовольствие,16,True,0,0,30
Продовольствие,17,True,0,0,30
Продовольствие,18,True,0,0,30
Продовольствие,19,True,0,0,30
Продовольствие,20,True,0,0,30
Продовольствие,21,True,0,0,30
Продовольствие,22,True,0,0,30
Продовольствие,23,True,0,0,30
Продовольствие,25,True,0,0,30
Продовольствие,26,True,0,0,30
Продовольствие,27,True,0,0,30
Продовольствие,28,True,0,0,30
Продовольствие,29,True,0,0,30
Продовольствие,30,True,0,0,30
Продовольствие,31,True,0,0,30
Продовольствие,32,True,0,0,30
Продовольствие,33,True,0,0,30
Продовольствие,34,True,0,0,30
Продовольствие,35,True,0,0,30
Продовольствие,36,True,0,0,30
Продовольствие,37,True,0,0,30
Продовольствие,38,True,0,0,30
Продовольствие,39,True,0,0,30
Продовольствие,40,True,0,0,30
Продовольствие,41,True,0,0,30
Продовольствие,42,True,0,0,30
Продовольствие,43,True,0,0,30
Продовольствие,44,True,0,0,30
Продовольствие,45,True,0,0,30
Продовольствие,46,True,0,0,30
Продовольствие,47,True,0,0,30
Продовольствие,48,True,0,0,30
Продовольствие,49,True,0,0,30
Продовольствие,50,True,0,0,30
Продовольствие,51,True,0,0,30
Продовольствие,52,True,0,0,30
Продовольствие,53,True,0,0,30
Продовольствие,54,True,0,0,30
Продовольствие,55,True,0,0,30
Продовольствие,56,True,0,0,30
Продовольствие,57,True,0,0,30
Продовольствие,58,True,0,0,30
Продовольствие,59,True,0,0,30
Продовольствие,60,True,0,0,30
Продовольствие,61,True,0,0,30
Продовольствие,62,True,0,0,30
Продовольствие,63,True,0,0,30
Продовольствие,65,True,0,0,30
Продовольствие,66,True,0,0,30
Продовольствие,67,True,0,0,30
Продовольствие,68,True,0,0,30
Продовольствие,69,True,0,0,30
Продовольствие,70,True,0,0,30
Продовольствие,71,True,0,0,30
Продовольствие,72,True,0,0,30
Продовольствие,73,True,0,0,30
Продовольствие,74,True,0,0,30
Продовольствие,75,True,0,0,30
Продовольствие,76,True,0,0,30
Продовольствие,77,True,0,0,30
Продовольствие,78,True,0,0,30
Продовольствие,79,True,0,0,30
Продовольствие,80,True,0,0,30
Продовольствие,81,True,0,0,30
Продовольствие,82,True,0,0,30
Продовольствие,83,True,0,0,30
Продовольствие,85,True,26,4,0
Продовольствие,86,True,26,4,0
Продовольствие,87,True,26,4,0
Продовольствие,88,True,26,4,0
Продовольствие,89,True,26,4,0
Продовольствие,90,True,26,4,0
Продовольствие,91,True,26,4,0
Продовольствие,92,True,26,4,0
Продовольствие,93,True,26,4,0
Продовольствие,94,True,26,4,0
Продовольствие,95,True,26,4,0
Продовольствие,96,True,26,4,0
Продовольствие,97,True,26,4,0
Продовольствие,98,True,26,4,0
Продовольствие,99,True,26,4,0
Продовольствие,101,True,26,4,0
Продовольствие,102,True,26,4,0
Продовольствие,103,True,26,4,0
Продовольствие,104,True,26,4,0
Продовольствие,105,True,26,4,0
Продовольствие,106,True,26,4,0
Продовольствие,158,True,26,4,0
Продовольствие,160,True,26,4,0
Продовольствие,167,True,0,0,30
Продовольствие,168,True,0,0,30
Продовольствие,169,True,0,0,30
Продовольствие,173,True,0,0,30
Продовольствие,181,True,0,0,30
Продовольствие,184,True,0,0,30
Продовольствие,185,True,0,0,30
Продовольствие,188,True,0,0,30
Продовольствие,191,True,0,0,30
Продовольствие,194,True,0,0,30
Продовольствие,195,True,0,0,30
Продовольствие,196,True,0,0,30
Продовольствие,198,True,0,0,30
Продовольствие,201,True,0,0,30
Продовольствие,203,True,0,0,30
Продовольствие,204,True,0,0,30
Продовольствие,205,True,0,0,30
Продовольствие,206,True,0,0,30
Продовольствие,207,True,0,0,30
Продовольствие,208,True,0,0,30
Продовольствие,209,True,0,0,30
Продовольствие,210,True,0,0,30
Продовольствие,211,True,0,0,30
Продовольствие,212,True,0,0,30
Продовольствие,213,True,0,0,30
Продовольствие,214,True,0,0,30
Продовольствие,215,True,0,0,30
Продовольствие,216,True,0,0,30
Продовольствие,217,True,0,0,30
Продовольствие,218,True,0,0,30
Продовольствие,219,True,0,0,30
Продовольствие,220,True,0,0,30
Продовольствие,221,True,0,0,30
Продовольствие,222,True,0,0,30
Продовольствие,223,True,0,0,30
Продовольствие,224,True,0,0,30
Продовольствие,225,True,0,0,30
Продовольствие,226,True,0,0,30
Продовольствие,227,True,0,0,30
Продовольствие,228,True,0,0,30
Продовольствие,229,True,0,0,30
Продовольствие,230,True,0,0,30
Продовольствие,231,True,0,0,30
Продовольствие,232,True,0,0,30
Продовольствие,233,True,0,0,30
Продовольствие,234,True,0,0,30
Продовольствие,235,True,0,0,30
Продовольствие,236,True,0,0,30
Продовольствие,237,True,0,0,30
Продовольствие,238,True,0,0,30
Продовольствие,239,True,0,0,30
Продовольствие,240,True,0,0,30
Продовольствие,241,True,0,0,30
Продовольствие,242,True,0,0,30
Продовольствие,243,True,0,0,30
Продовольствие,269,True,0,0,30
Продовольствие,270,True,0,0,30
Продовольствие,271,True,0,0,30
Продовольствие,272,True,0,0,30
Продовольствие,273,True,0,0,30
Продовольствие,274,True,0,0,30
Продовольствие,275,True,0,0,30
Продовольствие,276,True,0,0,30
Продовольствие,277,True,0,0,30
Продовольствие,278,True,0,0,30
Продовольствие,279,True,0,0,30
Продовольствие,280,True,0,0,30
Продовольствие,281,True,0,0,30
Продовольствие,282,True,0,0,30
Продовольствие,283,True,0,0,30
Продовольствие,284,True,0,0,30
Продовольствие,285,True,0,0,30
Продовольствие,287,True,0,0,30
Продовольствие,288,True,0,0,30
Продовольствие,289,True,0,0,30
Продовольствие,290,True,0,0,30
Продовольствие,292,True,0,0,30
Продовольствие,293,True,0,0,30
Продовольствие,294,True,0,0,30
Продовольствие,295,True,0,0,30
Продовольствие,296,True,0,0,30
Продовольствие,297,True,0,0,30
Продовольствие,298,True,0,0,30
Продовольствие,300,True,0,0,30
Продовольствие,301,True,0,0,30
Продовольствие,302,True,0,0,30
Продовольствие,303,True,0,0,30
Продовольствие,304,True,0,0,30
Продовольствие,305,True,0,0,30
Продовольствие,306,True,0,0,30
Продовольствие,307,True,0,0,30
Продовольствие,308,True,0,0,30
Продовольствие,309,True,0,0,30
Продовольствие,311,True,6,3,21
Продовольствие,312,True,0,0,30
Продовольствие,314,True,0,0,30
Продовольствие,315,True,8,5,17
Продовольствие,316,True,0,0,30
Продовольствие,317,True,0,0,30
Продовольствие,318,True,0,0,30
Продовольствие,319,True,0,0,30
Продовольствие,320,True,0,0,30
Продовольствие,321,True,0,0,30
Продовольствие,322,True,6,5,19
Продовольствие,323,True,0,0,30
Продовольствие,324,True,0,0,30
Продовольствие,325,True,0,0,30
Продовольствие,326,True,0,0,30
Продовольствие,327,True,0,0,30
Продовольствие,328,True,6,5,19
Продовольствие,329,True,0,0,30
Продовольствие,330,True,0,0,30
Продовольствие,331,True,0,0,30
Продовольствие,332,True,0,0,30
Продовольствие,333,True,0,0,30
Продовольствие,334,True,0,0,30
Продовольствие,335,True,0,0,30
Продовольствие,336,True,0,0,30
Продовольствие,337,True,0,0,30
Продовольствие,338,True,0,0,30
Продовольствие,339,True,0,0,30
Продовольствие,340,True,0,0,30
Продовольствие,341,True,0,0,30
Продовольствие,342,True,0,0,30
Продовольствие,343,True,0,0,30
Продовольствие,345,True,0,0,30
Продовольствие,346,True,0,0,30
Продовольствие,347,True,0,0,30
Продовольствие,348,True,0,0,30
Продовольствие,349,True,0,0,30
Продовольствие,351,True,0,0,30
Продовольствие,352,True,0,0,30
Продовольствие,354,True,0,0,30
Продовольствие,355,True,0,0,30
Продовольствие,356,True,0,0,30
Продовольствие,357,True,0,0,30
Продовольствие,358,True,0,0,30
Продовольствие,359,True,0,0,30
Продовольствие,360,True,0,0,30
Продовольствие,361,True,0,0,30
Продовольствие,362,True,0,0,30
Продовольствие,363,True,0,0,30
Продовольствие,364,True,0,0,30
Продовольствие,365,True,0,0,30
Продовольствие,366,True,0,0,30
Продовольствие,367,True,0,0,30
Продовольствие,368,True,0,0,30
Продовольствие,369,True,0,0,30
Продовольствие,370,True,0,0,30
Продовольствие,371,True,0,0,30
Продовольствие,372,True,0,0,30
Продовольствие,373,True,0,0,30
Продовольствие,374,True,0,0,30
Продовольствие,375,True,0,0,30
Продовольствие,376,True,0,0,30
Продовольствие,377,True,0,0,30
Продовольствие,378,True,0,0,30
Продовольствие,379,True,0,0,30
Продовольствие,380,True,0,0,30
Продовольствие,381,True,0,0,30
Продовольствие,382,True,0,0,30
Продовольствие,383,True,0,0,30
Продовольствие,384,True,0,0,30
Продовольствие,385,True,0,0,30
Продовольствие,386,True,0,0,30
Продовольствие,387,True,0,0,30
Продовольствие,388,True,0,0,30
Продовольствие,390,True,0,0,30
Продовольствие,391,True,0,0,30
Продовольствие,392,True,0,0,30
Продовольствие,393,True,0,0,30
Продовольствие,395,True,0,0,30
Продовольствие,396,True,0,0,30
Продовольствие,397,True,0,0,30
Продовольствие,398,True,0,0,30
Продовольствие,401,True,0,0,30
Продовольствие,402,True,0,0,30
Продовольствие,403,True,0,0,30
Продовольствие,404,True,0,0,30
Продовольствие,405,True,0,0,30
Продовольствие,408,True,0,0,30
Продовольствие,410,True,0,0,30
Продовольствие,413,True,0,0,30
Продовольствие,414,True,0,0,30
Продовольствие,416,True,0,0,30
Продовольствие,418,True,0,0,30
Продовольствие,419,True,0,0,30
Продовольствие,420,True,0,0,30
Продовольствие,421,True,0,0,30
Продовольствие,422,True,0,0,30
Продовольствие,423,True,0,0,30
Продовольствие,424,True,0,0,30
Продовольствие,425,True,0,0,30
Продовольствие,428,True,0,0,30
Продовольствие,429,True,0,0,30
Продовольствие,430,True,0,0,30
Продовольствие,431,True,0,0,30
Продовольствие,432,True,0,0,30
Продовольствие,433,True,0,0,30
Продовольствие,434,True,0,0,30
Продовольствие,435,True,0,0,30
Продовольствие,436,True,0,0,30
Продовольствие,437,True,0,0,30
Продовольствие,438,True,0,0,30
Продовольствие,440,True,0,0,30
Продовольствие,441,True,0,0,30
Продовольствие,442,True,0,0,30
Продовольствие,443,True,0,0,30
Продовольствие,444,True,0,0,30
Продовольствие,445,True,0,0,30
Продовольствие,446,True,0,0,30
Продовольствие,447,True,0,0,30
Продовольствие,448,True,0,0,30
Продовольствие,449,True,0,0,30
Продовольствие,450,True,0,0,30
Продовольствие,451,True,0,0,30
Продовольствие,452,True,0,0,30
Продовольствие,453,True,0,0,30
Продовольствие,455,True,0,0,30
Продовольствие,456,True,0,0,30
Продовольствие,457,True,0,0,30
Продовольствие,458,True,0,0,30
Продовольствие,459,True,0,0,30
Продовольствие,460,True,0,0,30
Продовольствие,478,True,0,0,30
Продовольствие,479,True,0,0,30
Продовольствие,480,True,0,0,30
Продовольствие,481,True,0,0,30
Продовольствие,482,True,0,0,30
Продовольствие,484,True,0,0,30
Продовольствие,485,True,0,0,30
Продовольствие,486,True,0,0,30
Продовольствие,487,True,0,0,30
Продовольствие,489,True,0,0,30
Продовольствие,490,True,0,0,30
Продовольствие,491,True,0,0,30
Продовольствие,492,True,0,0,30
Продовольствие,493,True,0,0,30
Продовольствие,494,True,0,0,30
Продовольствие,495,True,0,0,30
Продовольствие,496,True,0,0,30
Продовольствие,497,True,0,0,30
Продовольствие,498,True,0,0,30
Продовольствие,499,True,0,0,30
Продовольствие,500,True,17,6,7
Продовольствие,501,True,0,0,30
Продовольствие,502,True,0,0,30
Продовольствие,503,True,0,0,30
Продовольствие,504,True,0,0,30
Продовольствие,505,True,0,0,30
Продовольствие,506,True,0,0,30
Продовольствие,507,True,0,0,30
Продовольствие,508,True,0,0,30
Продовольствие,509,True,0,0,30
Продовольствие,510,True,0,0,30
Продовольствие,511,True,0,0,30
Продовольствие,512,True,0,0,30
Продовольствие,515,True,0,0,30
Продовольствие,516,True,0,0,30
Продовольствие,517,True,0,0,30
Продовольствие,518,True,0,0,30
Продовольствие,519,True,0,0,30
Продовольствие,520,True,0,0,30
Продовольствие,521,True,0,0,30
Продовольствие,522,True,0,0,30
Продовольствие,523,True,0,0,30
Продовольствие,524,True,0,0,30
Продовольствие,525,True,0,0,30
Продовольствие,527,True,0,0,30
Продовольствие,528,True,0,0,30
Продовольствие,529,True,0,0,30
Продовольствие,530,True,0,0,30
Продовольствие,531,True,0,0,30
Продовольствие,532,True,0,0,30
Продовольствие,533,True,0,0,30
Продовольствие,534,True,0,0,30
Продовольствие,535,True,0,0,30
Продовольствие,536,True,0,0,30
Продовольствие,537,True,0,0,30
Продовольствие,538,True,0,0,30
Продовольствие,539,True,0,0,30
Продовольствие,540,True,0,0,30
Продовольствие,541,True,0,0,30
Продовольствие,542,True,0,0,30
Продовольствие,543,True,0,0,30
Продовольствие,544,True,0,0,30
Продовольствие,545,True,0,0,30
Продовольствие,546,True,0,0,30
Продовольствие,547,True,0,0,30
Продовольствие,548,True,0,0,30
Продовольствие,549,True,0,0,30
Продовольствие,550,True,0,0,30
Продовольствие,552,True,0,0,30
Продовольствие,553,True,0,0,30
Продовольствие,554,True,0,0,30
Продовольствие,555,True,0,0,30
Продовольствие,556,True,0,0,30
Продовольствие,557,True,0,0,30
Продовольствие,558,True,0,0,30
Продовольствие,559,True,0,0,30
Продовольствие,560,True,0,0,30
Продовольствие,561,True,0,0,30
Продовольствие,562,True,0,0,30
Продовольствие,563,True,0,0,30
Продовольствие,564,True,0,0,30
Продовольствие,565,True,0,0,30
Продовольствие,566,True,0,0,30
Продовольствие,567,True,0,0,30
Продовольствие,568,True,0,0,30
Продовольствие,569,True,0,0,30
Продовольствие,570,True,0,0,30
Продовольствие,571,True,0,0,30
Продовольствие,572,True,0,0,30
Продовольствие,573,True,26,4,0
Продовольствие,574,True,0,0,30
Продовольствие,576,True,26,4,0
Продовольствие,577,True,26,4,0
Продовольствие,578,True,0,0,30
Продовольствие,579,True,0,0,30
Продовольствие,580,True,0,0,30
Продовольствие,581,True,0,0,30
Продовольствие,582,True,0,0,30
Продовольствие,583,True,0,0,30
Продовольствие,584,True,0,0,30
Продовольствие,585,True,0,0,30
Продовольствие,586,True,0,0,30
Продовольствие,587,True,0,0,30
Продовольствие,588,True,0,0,30
Продовольствие,589,True,0,0,30
Продовольствие,590,True,26,4,0
Продовольствие,591,True,0,0,30
Продовольствие,592,True,0,0,30
Продовольствие,593,True,0,0,30
Продовольствие,594,True,0,0,30
Продовольствие,595,True,0,0,30
Продовольствие,597,True,26,4,0
Продовольствие,598,True,0,0,30
Продовольствие,599,True,0,0,30
Продовольствие,600,True,0,0,30
Продовольствие,601,True,0,0,30
Продовольствие,602,True,0,0,30
Продовольствие,603,True,0,0,30
Продовольствие,604,True,0,0,30
Продовольствие,605,True,0,0,30
Продовольствие,606,True,0,0,30
Продовольствие,607,True,0,0,30
Продовольствие,608,True,0,0,30
Продовольствие,611,True,6,5,19
Продовольствие,612,True,0,0,30
Продовольствие,613,True,0,0,30
Продовольствие,614,True,0,0,30
Продовольствие,615,True,0,0,30
Продовольствие,616,True,0,0,30
Продовольствие,618,True,0,0,30
Продовольствие,619,True,0,0,30
Продовольствие,621,True,0,0,30
Продовольствие,666,True,0,0,30
Продовольствие,667,True,0,0,30
Продовольствие,668,True,0,0,30
Продовольствие,669,True,0,0,30
Продовольствие,670,True,0,0,30
Продовольствие,671,True,0,0,30
Продовольствие,674,True,0,0,30
Продовольствие,675,True,0,0,30
Продовольствие,676,True,0,0,30
Продовольствие,677,True,0,0,30
Продовольствие,678,True,0,0,30
Продовольствие,679,True,0,0,30
Продовольствие,680,True,0,0,30
Продовольствие,683,True,0,0,30
Продовольствие,685,True,0,0,30
Продовольствие,686,True,0,0,30
Продовольствие,687,True,0,0,30
Продовольствие,689,True,0,0,30
Продовольствие,690,True,0,0,30
Продовольствие,691,True,0,0,30
Продовольствие,692,True,0,0,30
Продовольствие,693,True,0,0,30
Продовольствие,694,True,0,0,30
Продовольствие,695,True,0,0,30
Продовольствие,696,True,0,0,30
Продовольствие,697,True,0,0,30
Продовольствие,698,True,0,0,30
Продовольствие,699,True,0,0,30
Продовольствие,701,True,0,0,30
Продовольствие,702,True,0,0,30
Продовольствие,703,True,0,0,30
Продовольствие,704,True,0,0,30
Продовольствие,705,True,0,0,30
Продовольствие,706,True,0,0,30
Продовольствие,708,True,0,0,30
Продовольствие,710,True,0,0,30
Продовольствие,711,True,0,0,30
Продовольствие,712,True,0,0,30
Продовольствие,713,True,0,0,30
Продовольствие,714,True,0,0,30
Продовольствие,715,True,0,0,30
Продовольствие,716,True,0,0,30
Продовольствие,717,True,0,0,30
Продовольствие,718,True,0,0,30
Продовольствие,719,True,0,0,30
Продовольствие,720,True,0,0,30
Продовольствие,721,True,0,0,30
Продовольствие,722,True,0,0,30
Продовольствие,723,True,0,0,30
Продовольствие,725,True,0,0,30
Продовольствие,726,True,0,0,30
Продовольствие,727,True,0,0,30
Продовольствие,731,True,0,0,30
Продовольствие,734,True,0,0,30
Продовольствие,735,True,0,0,30
Продовольствие,736,True,0,0,30
Продовольствие,737,True,0,0,30
Продовольствие,738,True,0,0,30
Продовольствие,739,True,0,0,30
Продовольствие,741,True,0,0,30
Продовольствие,742,True,0,0,30
Продовольствие,743,True,0,0,30
Продовольствие,744,True,0,0,30
Продовольствие,745,True,0,0,30
Продовольствие,746,True,0,0,30
Продовольствие,747,True,0,0,30
Продовольствие,748,True,0,0,30
Продовольствие,749,True,0,0,30
Продовольствие,751,True,0,0,30
Продовольствие,752,True,0,0,30
Продовольствие,753,True,0,0,30
Продовольствие,754,True,0,0,30
Продовольствие,755,True,0,0,30
Продовольствие,756,True,0,0,30
Продовольствие,757,True,0,0,30
Продовольствие,758,True,0,0,30
Продовольствие,760,True,0,0,30
Продовольствие,761,True,0,0,30
Продовольствие,763,True,0,0,30
Продовольствие,764,True,0,0,30
Продовольствие,765,True,0,0,30
Продовольствие,766,True,0,0,30
Продовольствие,767,True,0,0,30
Продовольствие,769,True,0,0,30
Продовольствие,770,True,0,0,30
Продовольствие,771,True,0,0,30
Продовольствие,773,True,0,0,30
Продовольствие,774,True,0,0,30
Продовольствие,775,True,0,0,30
Продовольствие,776,True,0,0,30
Продовольствие,777,True,0,0,30
Продовольствие,778,True,0,0,30
Продовольствие,779,True,0,0,30
Продовольствие,780,True,0,0,30
Продовольствие,781,True,0,0,30
Продовольствие,782,True,0,0,30
Продовольствие,783,True,0,0,30
Продовольствие,784,True,0,0,30
Продовольствие,785,True,0,0,30
Продовольствие,787,True,0,0,30
Продовольствие,788,True,0,0,30
Продовольствие,789,True,0,0,30
Продовольствие,790,True,0,0,30
Продовольствие,791,True,0,0,30
Продовольствие,792,True,0,0,30
Продовольствие,793,True,0,0,30
Продовольствие,794,True,0,0,30
Продовольствие,795,True,0,0,30
Продовольствие,796,True,0,0,30
Продовольствие,797,True,0,0,30
Продовольствие,798,True,0,0,30
Продовольствие,799,True,0,0,30
Продовольствие,800,True,0,0,30
Продовольствие,801,True,0,0,30
Продовольствие,802,True,0,0,30
Продовольствие,803,True,0,0,30
Продовольствие,804,True,0,0,30
Продовольствие,805,True,0,0,30
Продовольствие,806,True,0,0,30
Продовольствие,807,True,0,0,30
Продовольствие,808,True,0,0,30
Продовольствие,809,True,0,0,30
Продовольствие,810,True,0,0,30
Продовольствие,811,True,0,0,30
Продовольствие,812,True,0,0,30
Продовольствие,813,True,0,0,30
Продовольствие,814,True,0,0,30
Продовольствие,815,True,0,0,30
Продовольствие,817,True,0,0,30
Продовольствие,818,True,0,0,30
Продовольствие,819,True,0,0,30
Продовольствие,820,True,0,0,30
Продовольствие,821,True,0,0,30
Продовольствие,822,True,0,0,30
Продовольствие,823,True,0,0,30
Продовольствие,824,True,0,0,30
Продовольствие,825,True,0,0,30
Продовольствие,826,True,0,0,30
Продовольствие,827,True,0,0,30
Продовольствие,828,True,0,0,30
Продовольствие,829,True,0,0,30
Продовольствие,830,True,0,0,30
Продовольствие,831,True,0,0,30
Продовольствие,832,True,0,0,30
Продовольствие,833,True,0,0,30
Продовольствие,834,True,0,0,30
Продовольствие,835,True,0,0,30
Продовольствие,836,True,0,0,30
Продовольствие,838,True,0,0,30
Продовольствие,839,True,0,0,30
Продовольствие,840,True,0,0,30
Продовольствие,841,True,0,0,30
Продовольствие,842,True,0,0,30
Продовольствие,843,True,0,0,30
Продовольствие,844,True,0,0,30
Продовольствие,846,True,0,0,30
Продовольствие,847,True,0,0,30
Продовольствие,848,True,0,0,30
Продовольствие,849,True,0,0,30
Продовольствие,851,True,0,0,30
Продовольствие,852,True,0,0,30
Продовольствие,853,True,0,0,30
Продовольствие,854,True,0,0,30
Продовольствие,855,True,0,0,30
Продовольствие,856,True,0,0,30
Продовольствие,857,True,0,0,30
Продовольствие,859,True,0,0,30
Продовольствие,860,True,0,0,30
Продовольствие,862,True,26,4,0
Продовольствие,863,True,26,4,0
Продовольствие,864,True,26,4,0
Продовольствие,865,True,26,4,0
Продовольствие,866,True,26,4,0
Продовольствие,867,True,26,4,0
Продовольствие,868,True,26,4,0
Продовольствие,870,True,0,0,30
Продовольствие,871,True,0,0,30
Продовольствие,872,True,0,0,30
Продовольствие,873,True,0,0,30
Продовольствие,874,True,0,0,30
Продовольствие,875,True,0,0,30
Продовольствие,876,True,0,0,30
Продовольствие,877,True,0,0,30
Продовольствие,878,True,0,0,30
Продовольствие,879,True,0,0,30
Продовольствие,880,True,0,0,30
Продовольствие,881,True,0,0,30
Продовольствие,882,True,0,0,30
Продовольствие,883,True,0,0,30
Продовольствие,884,True,0,0,30
Продовольствие,885,True,0,0,30
Продовольствие,886,True,0,0,30
Продовольствие,887,True,26,4,0
Продовольствие,888,True,0,0,30
Продовольствие,889,True,0,0,30
Продовольствие,890,True,0,0,30
Продовольствие,891,True,0,0,30
Продовольствие,892,True,0,0,30
Продовольствие,895,True,0,0,30
Продовольствие,896,True,0,0,30
Продовольствие,897,True,0,0,30
Продовольствие,898,True,0,0,30
Продовольствие,899,True,0,0,30
Продовольствие,900,True,0,0,30
Продовольствие,901,True,0,0,30
Продовольствие,902,True,0,0,30
Продовольствие,903,True,0,0,30
Продовольствие,904,True,0,0,30
Продовольствие,905,True,0,0,30
Продовольствие,907,True,0,0,30
Продовольствие,908,True,0,0,30
Продовольствие,909,True,0,0,30
Продовольствие,910,True,26,4,0
Продовольствие,911,True,0,0,30
Продовольствие,912,True,0,0,30
Продовольствие,913,True,0,0,30
Продовольствие,914,True,0,0,30
Продовольствие,915,True,0,0,30
Продовольствие,916,True,0,0,30
Продовольствие,917,True,0,0,30
Продовольствие,918,True,0,0,30
Продовольствие,920,True,0,0,30
Продовольствие,922,True,0,0,30
Продовольствие,923,True,0,0,30
Продовольствие,924,True,0,0,30
Продовольствие,925,True,0,0,30
Продовольствие,926,True,0,0,30
Продовольствие,927,True,0,0,30
Продовольствие,928,True,0,0,30
Продовольствие,929,True,0,0,30
Продовольствие,930,True,0,0,30
Продовольствие,986,True,0,0,30
Продовольствие,987,True,0,0,30
Продовольствие,988,True,0,0,30
Продовольствие,989,True,0,0,30
Продовольствие,991,True,0,0,30
Продовольствие,992,True,0,0,30
Продовольствие,993,True,0,0,30
Продовольствие,994,True,0,0,30
Продовольствие,995,True,0,0,30
Продовольствие,996,True,0,0,30
Продовольствие,998,True,0,0,30
Продовольствие,999,True,0,0,30
Продовольствие,1001,True,0,0,30
Продовольствие,1002,True,0,0,30
Продовольствие,1003,True,0,0,30
Продовольствие,1004,True,0,0,30
Продовольствие,1005,True,0,0,30
Продовольствие,1006,True,0,0,30
Продовольствие,1007,True,0,0,30
Продовольствие,1008,True,0,0,30
Продовольствие,1009,True,0,0,30
Продовольствие,1010,True,0,0,30
Продовольствие,1011,True,0,0,30
Продовольствие,1012,True,0,0,30
Продовольствие,1013,True,0,0,30
Продовольствие,1014,True,0,0,30
Продовольствие,1015,True,0,0,30
Продовольствие,1016,True,0,0,30
Продовольствие,1017,True,0,0,30
Продовольствие,1018,True,0,0,30
Продовольствие,1019,True,0,0,30
Продовольствие,1020,True,0,0,30
Продовольствие,1021,True,0,0,30
Продовольствие,1023,True,0,0,30
Продовольствие,1024,True,0,0,30
Продовольствие,1025,True,0,0,30
Продовольствие,1026,True,0,0,30
Продовольствие,1027,True,0,0,30
Продовольствие,1028,True,0,0,30
Продовольствие,1029,True,0,0,30
Продовольствие,1030,True,0,0,30
Продовольствие,1031,True,0,0,30
Продовольствие,1032,True,0,0,30
Продовольствие,1033,True,0,0,30
Продовольствие,1034,True,0,0,30
Продовольствие,1035,True,0,0,30
Продовольствие,1036,True,0,0,30
Продовольствие,1037,True,0,0,30
Продовольствие,1038,True,0,0,30
Продовольствие,1039,True,0,0,30
Продовольствие,1040,True,0,0,30
Продовольствие,1041,True,0,0,30
Продовольствие,1044,True,0,0,30
Продовольствие,1047,True,0,0,30
Продовольствие,1048,True,0,0,30
Продовольствие,1049,True,0,0,30
Продовольствие,1051,True,0,0,30
Продовольствие,1052,True,0,0,30
Продовольствие,1053,True,0,0,30
Продовольствие,1054,True,0,0,30
Продовольствие,1055,True,0,0,30
Продовольствие,1056,True,0,0,30
Продовольствие,1057,True,0,0,30
Продовольствие,1058,True,0,0,30
Продовольствие,1059,True,0,0,30
Продовольствие,1060,True,0,0,30
Продовольствие,1061,True,0,0,30
Продовольствие,1062,True,0,0,30
Продовольствие,1063,True,0,0,30
Продовольствие,1064,True,0,0,30
Продовольствие,1065,True,0,0,30
Продовольствие,1066,True,0,0,30
Продовольствие,1067,True,0,0,30
Продовольствие,1068,True,0,0,30
Продовольствие,1069,True,0,0,30
Продовольствие,1070,True,0,0,30
Продовольствие,1071,True,0,0,30
Продовольствие,1072,True,0,0,30
Продовольствие,1107,True,0,0,30
Продовольствие,1108,True,0,0,30
Продовольствие,1109,True,0,0,30
Продовольствие,1110,True,0,0,30
Продовольствие,1111,True,0,0,30
Продовольствие,1112,True,0,0,30
Продовольствие,1113,True,0,0,30
Продовольствие,1115,True,0,0,30
Продовольствие,1116,True,0,0,30
Продовольствие,1117,True,0,0,30
Продовольствие,1118,True,0,0,30
Продовольствие,1119,True,0,0,30
Продовольствие,1120,True,0,0,30
Продовольствие,1121,True,0,0,30
Продовольствие,1122,True,0,0,30
Продовольствие,1123,True,0,0,30
Продовольствие,1124,True,0,0,30
Продовольствие,1125,True,0,0,30
Продовольствие,1126,True,0,0,30
Продовольствие,1127,True,0,0,30
Продовольствие,1128,True,0,0,30
Продовольствие,1129,True,0,0,30
Продовольствие,1130,True,0,0,30
Продовольствие,1131,True,0,0,30
Продовольствие,1132,True,0,0,30
Продовольствие,1133,True,0,0,30
Продовольствие,1134,True,0,0,30
Продовольствие,1135,True,0,0,30
Продовольствие,1136,True,0,0,30
Продовольствие,1137,True,0,0,30
Продовольствие,1138,True,0,0,30
Продовольствие,1139,True,0,0,30
Продовольствие,1140,True,0,0,30
Продовольствие,1141,True,0,0,30
Продовольствие,1142,True,0,0,30
Продовольствие,1143,True,0,0,30
Продовольствие,1144,True,0,0,30
Продовольствие,1146,True,0,0,30
Продовольствие,1147,True,0,0,30
Продовольствие,1148,True,0,0,30
Продовольствие,1149,True,0,0,30
Продовольствие,1150,True,0,0,30
Продовольствие,1151,True,0,0,30
Продовольствие,1152,True,0,0,30
Продовольствие,1153,True,0,0,30
Продовольствие,1154,True,0,0,30
Продовольствие,1155,True,0,0,30
Продовольствие,1157,True,0,0,30
Продовольствие,1158,True,0,0,30
Продовольствие,1159,True,0,0,30
Продовольствие,1160,True,0,0,30
Продовольствие,1161,True,0,0,30
Продовольствие,1163,True,0,0,30
Продовольствие,1164,True,0,0,30
Продовольствие,1165,True,0,0,30
Продовольствие,1166,True,0,0,30
Продовольствие,1167,True,0,0,30
Продовольствие,1168,True,0,0,30
Продовольствие,1169,True,0,0,30
Продовольствие,1170,True,0,0,30
Продовольствие,1171,True,0,0,30
Продовольствие,1172,True,0,0,30
Продовольствие,1173,True,0,0,30
Продовольствие,1174,True,0,0,30
Продовольствие,1175,True,0,0,30
Продовольствие,1176,True,0,0,30
Продовольствие,1178,True,0,0,30
Продовольствие,1179,True,0,0,30
Продовольствие,1180,True,0,0,30
Продовольствие,1181,True,0,0,30
Продовольствие,1184,True,0,0,30
Продовольствие,1185,True,0,0,30
Продовольствие,1186,True,0,0,30
Продовольствие,1187,True,0,0,30
Продовольствие,1188,True,0,0,30
Продовольствие,1189,True,0,0,30
Продовольствие,1190,True,0,0,30
Продовольствие,1191,True,0,0,30
Продовольствие,1192,True,0,0,30
Продовольствие,1193,True,0,0,30
Продовольствие,1194,True,0,0,30
Продовольствие,1195,True,0,0,30
Продовольствие,1196,True,0,0,30
Продовольствие,1197,True,0,0,30
Продовольствие,1198,True,0,0,30
Продовольствие,1200,True,0,0,30
Продовольствие,1201,True,0,0,30
Продовольствие,1203,True,0,0,30
Продовольствие,1204,True,0,0,30
Продовольствие,1205,True,0,0,30
Продовольствие,1206,True,0,0,30
Продовольствие,1207,True,0,0,30
Продовольствие,1208,True,0,0,30
Продовольствие,1209,True,0,0,30
Продовольствие,1210,True,0,0,30
Продовольствие,1211,True,0,0,30
Продовольствие,1212,True,0,0,30
Продовольствие,1213,True,0,0,30
Продовольствие,1214,True,0,0,30
Продовольствие,1215,True,0,0,30
Продовольствие,1217,True,0,0,30
Продовольствие,1218,True,0,0,30
Продовольствие,1219,True,0,0,30
Продовольствие,1220,True,0,0,30
Продовольствие,1221,True,0,0,30
Продовольствие,1222,True,0,0,30
Продовольствие,1223,True,0,0,30
Продовольствие,1224,True,0,0,30
Продовольствие,1225,True,0,0,30
Продовольствие,1226,True,0,0,30
Продовольствие,1227,True,0,0,30
Продовольствие,1228,True,0,0,30
Продовольствие,1229,True,0,0,30
Продовольствие,1230,True,0,0,30
Продовольствие,1231,True,0,0,30
Продовольствие,1232,True,0,0,30
Продовольствие,1233,True,0,0,30
Продовольствие,1234,True,0,0,30
Продовольствие,1235,True,0,0,30
Продовольствие,1236,True,0,0,30
Продовольствие,1237,True,0,0,30
Продовольствие,1238,True,0,0,30
Продовольствие,1240,True,0,0,30
Продовольствие,1241,True,0,0,30
Продовольствие,1242,True,0,0,30
Продовольствие,1243,True,0,0,30
Продовольствие,1244,True,0,0,30
Продовольствие,1246,True,0,0,30
Продовольствие,1247,True,26,2,2
Продовольствие,1249,True,0,0,30
Продовольствие,1250,True,0,0,30
Продовольствие,1251,True,0,0,30
Продовольствие,1252,True,0,0,30
Продовольствие,1253,True,0,0,30
Продовольствие,1254,True,0,0,30
Продовольствие,1256,True,0,0,30
Продовольствие,1257,True,0,0,30
Продовольствие,1258,True,0,0,30
Продовольствие,1259,True,0,0,30
Продовольствие,1260,True,0,0,30
Продовольствие,1261,True,0,0,30
Продовольствие,1262,True,0,0,30
Продовольствие,1264,True,0,0,30
Продовольствие,1265,True,0,0,30
Продовольствие,1266,True,0,0,30
Продовольствие,1267,True,0,0,30
Продовольствие,1268,True,0,0,30
Продовольствие,1269,True,0,0,30
Продовольствие,1270,True,0,0,30
Продовольствие,1271,True,0,0,30
Продовольствие,1272,True,0,0,30
Продовольствие,1273,True,0,0,30
Продовольствие,1274,True,0,0,30
Продовольствие,1275,True,0,0,30
Продовольствие,1276,True,0,0,30
Продовольствие,1277,True,0,0,30
Продовольствие,1278,True,0,0,30
Продовольствие,1279,True,0,0,30
Продовольствие,1280,True,0,0,30
Продовольствие,1281,True,0,0,30
Продовольствие,1282,True,0,0,30
Продовольствие,1284,True,0,0,30
Продовольствие,1285,True,0,0,30
Продовольствие,1286,True,0,0,30
Продовольствие,1287,True,0,0,30
Продовольствие,1288,True,0,0,30
Продовольствие,1289,True,0,0,30
Продовольствие,1290,True,0,0,30
Продовольствие,1291,True,0,0,30
Продовольствие,1292,True,0,0,30
Продовольствие,1293,True,0,0,30
Продовольствие,1294,True,0,0,30
Продовольствие,1295,True,0,0,30
Продовольствие,1296,True,0,0,30
Продовольствие,1297,True,0,0,30
Продовольствие,1298,True,0,0,30
Продовольствие,1299,True,0,0,30
Продовольствие,1300,True,0,0,30
Продовольствие,1301,True,0,0,30
Продовольствие,1302,True,0,0,30
Продовольствие,1303,True,0,0,30
Продовольствие,1304,True,0,0,30
Продовольствие,1305,True,0,0,30
Продовольствие,1306,True,0,0,30
Продовольствие,1308,True,0,0,30
Продовольствие,1309,True,0,0,30
Продовольствие,1310,True,0,0,30
Продовольствие,1311,True,0,0,30
Продовольствие,1312,True,0,0,30
Продовольствие,1313,True,0,0,30
Продовольствие,1314,True,0,0,30
Продовольствие,1315,True,0,0,30
Продовольствие,1316,True,0,0,30
Продовольствие,1317,True,0,0,30
Продовольствие,1319,True,0,0,30
Продовольствие,1320,True,0,0,30
Продовольствие,1321,True,0,0,30
Продовольствие,1322,True,0,0,30
Продовольствие,1323,True,0,0,30
Продовольствие,1324,True,0,0,30
Продовольствие,1325,True,0,0,30
Продовольствие,1326,True,0,0,30
Продовольствие,1327,True,0,0,30
Продовольствие,1328,True,0,0,30
Продовольствие,1329,True,0,0,30
Продовольствие,1330,True,0,0,30
Продовольствие,1331,True,0,0,30
Продовольствие,1333,True,0,0,30
Продовольствие,1334,True,0,0,30
Продовольствие,1335,True,0,0,30
Продовольствие,1336,True,0,0,30
Продовольствие,1337,True,0,0,30
Продовольствие,1338,True,0,0,30
Продовольствие,1339,True,0,0,30
Продовольствие,1340,True,0,0,30
Продовольствие,1341,True,0,0,30
Продовольствие,1343,True,0,0,30
Продовольствие,1344,True,0,0,30
Продовольствие,1345,True,0,0,30
Продовольствие,1346,True,0,0,30
Продовольствие,1347,True,0,0,30
Продовольствие,1348,True,0,0,30
Продовольствие,1349,True,0,0,30
Продовольствие,1350,True,0,0,30
Продовольствие,1351,True,0,0,30
Продовольствие,1352,True,0,0,30
Продовольствие,1353,True,0,0,30
Продовольствие,1355,True,0,0,30
Продовольствие,1356,True,0,0,30
Продовольствие,1357,True,0,0,30
Продовольствие,1358,True,0,0,30
Продовольствие,1392,True,0,0,30
Продовольствие,1393,True,0,0,30
Продовольствие,1394,True,0,0,30
Продовольствие,1395,True,0,0,30
Продовольствие,1396,True,0,0,30
Продовольствие,1397,True,0,0,30
Продовольствие,1398,True,0,0,30
Продовольствие,1399,True,0,0,30
Продовольствие,1400,True,0,0,30
Продовольствие,1401,True,0,0,30
Продовольствие,1402,True,0,0,30
Продовольствие,1403,True,0,0,30
Продовольствие,1404,True,0,0,30
Продовольствие,1405,True,0,0,30
Продовольствие,1406,True,0,0,30
Продовольствие,1407,True,0,0,30
Продовольствие,1408,True,0,0,30
Продовольствие,1409,True,0,0,30
Продовольствие,1410,True,0,0,30
Продовольствие,1411,True,0,0,30
Продовольствие,1412,True,0,0,30
Продовольствие,1413,True,0,0,30
Продовольствие,1414,True,0,0,30
Продовольствие,1415,True,0,0,30
Продовольствие,1416,True,0,0,30
Продовольствие,1417,True,0,0,30
Продовольствие,1419,True,0,0,30
Продовольствие,1420,True,0,0,30
Продовольствие,1421,True,0,0,30
Продовольствие,1422,True,0,0,30
Продовольствие,1423,True,0,0,30
Продовольствие,1425,True,0,0,30
Продовольствие,1426,True,0,0,30
Продовольствие,1427,True,0,0,30
Продовольствие,1428,True,0,0,30
Продовольствие,1429,True,0,0,30
Продовольствие,1430,True,0,0,30
Продовольствие,1431,True,0,0,30
Продовольствие,1434,True,6,5,19
Продовольствие,1435,True,0,4,26
Продовольствие,1437,True,2,6,22
Продовольствие,1438,True,0,0,30
Продовольствие,1439,True,0,0,30
Продовольствие,1440,True,0,0,30
Продовольствие,1443,True,0,0,30
Продовольствие,1444,True,0,0,30
Продовольствие,1445,True,0,0,30
Продовольствие,1446,True,0,0,30
Продовольствие,1447,True,0,0,30
Продовольствие,1448,True,0,0,30
Продовольствие,1449,True,0,0,30
Продовольствие,1453,True,0,0,30
Продовольствие,1454,True,0,0,30
Продовольствие,1456,True,0,0,30
Продовольствие,1457,True,0,0,30
Продовольствие,1459,True,0,0,30
Продовольствие,1461,True,0,0,30
Продовольствие,1463,True,0,0,30
Продовольствие,1464,True,0,0,30
Продовольствие,1465,True,0,0,30
Продовольствие,1467,True,0,0,30
Продовольствие,1468,True,0,0,30
Продовольствие,1471,True,26,4,0
Продовольствие,1472,True,0,0,30
Продовольствие,1473,True,0,0,30
Продовольствие,1474,True,0,0,30
Продовольствие,1475,True,0,0,30
Продовольствие,1477,True,0,0,30
Продовольствие,1478,True,0,0,30
Продовольствие,1480,True,0,0,30
Продовольствие,1481,True,0,0,30
Продовольствие,1483,True,0,0,30
Продовольствие,1484,True,0,0,30
Продовольствие,1486,True,0,0,30
Продовольствие,1487,True,26,4,0
Продовольствие,1488,True,0,0,30
Продовольствие,1489,True,0,0,30
Продовольствие,1490,True,0,0,30
Продовольствие,1491,True,0,0,30
Продовольствие,1492,True,0,0,30
Продовольствие,1493,True,0,0,30
Продовольствие,1494,True,0,0,30
Продовольствие,1495,True,0,0,30
Продовольствие,1496,True,0,0,30
Продовольствие,1500,True,0,0,30
Продовольствие,1501,True,0,0,30
Продовольствие,1504,True,0,0,30
Продовольствие,1506,True,0,0,30
Продовольствие,1507,True,0,0,30
Продовольствие,1508,True,0,0,30
Продовольствие,1509,True,0,0,30
Продовольствие,1510,True,0,0,30
Продовольствие,1511,True,0,0,30
Продовольствие,1512,True,0,0,30
Продовольствие,1518,True,0,0,30
Продовольствие,1519,True,0,0,30
Продовольствие,1520,True,0,0,30
Продовольствие,1521,True,0,0,30
Продовольствие,1522,True,0,0,30
Продовольствие,1523,True,0,0,30
Продовольствие,1525,True,0,0,30
Продовольствие,1526,True,0,0,30
Продовольствие,1527,True,0,0,30
Продовольствие,1528,True,0,0,30
Продовольствие,1529,True,0,0,30
Продовольствие,1530,True,0,0,30
Продовольствие,1532,True,0,0,30
Продовольствие,1533,True,0,0,30
Продовольствие,1534,True,0,0,30
Продовольствие,1535,True,0,0,30
Продовольствие,1536,True,0,0,30
Продовольствие,1537,True,0,0,30
Продовольствие,1539,True,0,0,30
Продовольствие,1540,True,0,0,30
Продовольствие,1541,True,0,0,30
Продовольствие,1542,True,0,0,30
Продовольствие,1543,True,0,0,30
Продовольствие,1544,True,0,0,30
Продовольствие,1545,True,0,0,30
Продовольствие,1546,True,0,0,30
Продовольствие,1547,True,0,0,30
Продовольствие,1548,True,0,0,30
Продовольствие,1549,True,0,0,30
Продовольствие,1550,True,0,0,30
Продовольствие,1551,True,0,0,30
Продовольствие,1552,True,0,0,30
Продовольствие,1553,True,0,0,30
Продовольствие,1554,True,0,0,30
Продовольствие,1555,True,0,0,30
Продовольствие,1556,True,0,0,30
Продовольствие,1557,True,0,0,30
Продовольствие,1558,True,0,0,30
Продовольствие,1559,True,0,0,30
Продовольствие,1560,True,0,0,30
Продовольствие,1561,True,0,0,30
Продовольствие,1562,True,0,0,30
Продовольствие,1563,True,0,0,30
Продовольствие,1564,True,0,0,30
Продовольствие,1565,True,0,0,30
Продовольствие,1566,True,0,0,30
Продовольствие,1567,True,0,0,30
Продовольствие,1568,True,0,0,30
Продовольствие,1569,True,0,0,30
Продовольствие,1570,True,0,0,30
Продовольствие,1571,True,0,0,30
Продовольствие,1572,True,0,0,30
Продовольствие,1573,True,0,0,30
Продовольствие,1574,True,0,0,30
Продовольствие,1575,True,0,0,30
Продовольствие,1577,True,0,0,30
Продовольствие,1578,True,0,0,30
Продовольствие,1579,True,0,0,30
Продовольствие,1580,True,0,0,30
Продовольствие,1581,True,0,0,30
Продовольствие,1582,True,0,0,30
Продовольствие,1583,True,0,0,30
Продовольствие,1584,True,0,0,30
Продовольствие,1585,True,0,0,30
Продовольствие,1586,True,0,0,30
Продовольствие,1587,True,0,0,30
Продовольствие,1588,True,0,0,30
Продовольствие,1589,True,0,0,30
Продовольствие,1590,True,0,0,30
Продовольствие,1591,True,0,0,30
Продовольствие,1592,True,0,0,30
Продовольствие,1593,True,0,0,30
Продовольствие,1594,True,0,0,30
Продовольствие,1595,True,0,0,30
Продовольствие,1596,True,0,0,30
Продовольствие,1597,True,0,0,30
Продовольствие,1598,True,0,0,30
Продовольствие,1599,True,0,0,30
Продовольствие,1600,True,0,0,30
Продовольствие,1601,True,0,0,30
Продовольствие,1602,True,0,0,30
Продовольствие,1603,True,0,0,30
Продовольствие,1604,True,0,0,30
Продовольствие,1605,True,0,0,30
Продовольствие,1606,True,0,0,30
Продовольствие,1607,True,0,0,30
Продовольствие,1608,True,0,0,30
Продовольствие,1609,True,0,0,30
Продовольствие,1610,True,0,0,30
Продовольствие,1611,True,0,0,30
Продовольствие,1612,True,0,0,30
Продовольствие,1613,True,0,0,30
Продовольствие,1614,True,0,0,30
Продовольствие,1615,True,0,0,30
Продовольствие,1616,True,0,0,30
Продовольствие,1617,True,0,0,30
Продовольствие,1618,True,0,0,30
Продовольствие,1619,True,0,0,30
Продовольствие,1620,True,0,0,30
Продовольствие,1621,True,0,0,30
Продовольствие,1622,True,0,0,30
Продовольствие,1623,True,0,0,30
Продовольствие,1624,True,0,0,30
Продовольствие,1625,True,0,0,30
Продовольствие,1626,True,0,0,30
Продовольствие,1627,True,0,0,30
Продовольствие,1628,True,0,0,30
Продовольствие,1629,True,0,0,30
Продовольствие,1630,True,0,0,30
Продовольствие,1631,True,0,0,30
Продовольствие,1632,True,0,0,30
Продовольствие,1633,True,0,0,30
Продовольствие,1634,True,0,0,30
Продовольствие,1635,True,0,0,30
Продовольствие,1636,True,0,0,30
Продовольствие,1637,True,0,0,30
Продовольствие,1638,True,0,0,30
Продовольствие,1639,True,0,0,30
Продовольствие,1640,True,0,0,30
Продовольствие,1641,True,0,0,30
Продовольствие,1642,True,0,0,30
Продовольствие,1643,True,0,0,30
Продовольствие,1644,True,0,0,30
Продовольствие,1645,True,0,0,30
Продовольствие,1646,True,0,0,30
Продовольствие,1647,True,0,0,30
Продовольствие,1648,True,0,0,30
Продовольствие,1649,True,0,0,30
Продовольствие,1650,True,0,0,30
Продовольствие,1651,True,0,0,30
Продовольствие,1652,True,0,0,30
Продовольствие,1653,True,0,0,30
Продовольствие,1654,True,0,0,30
Продовольствие,1655,True,0,0,30
Продовольствие,1656,True,0,0,30
Продовольствие,1657,True,0,0,30
Продовольствие,1658,True,0,0,30
Продовольствие,1659,True,0,0,30
Продовольствие,1660,True,0,0,30
Продовольствие,1661,True,0,0,30
Продовольствие,1662,True,0,0,30
Продовольствие,1663,True,0,0,30
Продовольствие,1664,True,0,0,30
Продовольствие,1665,True,0,0,30
Продовольствие,1666,True,0,0,30
Продовольствие,1667,True,0,0,30
Продовольствие,1668,True,0,0,30
Продовольствие,1669,True,0,0,30
Продовольствие,1670,True,0,0,30
Продовольствие,1671,True,0,0,30
Продовольствие,1672,True,0,0,30
Продовольствие,1673,True,0,0,30
Продовольствие,1674,True,0,0,30
Продовольствие,1675,True,0,0,30
Продовольствие,1676,True,0,0,30
Продовольствие,1678,True,0,0,30
Продовольствие,1679,True,0,0,30
Продовольствие,1680,True,0,0,30
Продовольствие,1681,True,0,0,30
Продовольствие,1682,True,0,0,30
Продовольствие,1683,True,0,0,30
Продовольствие,1685,True,0,0,30
Продовольствие,1686,True,0,0,30
Продовольствие,1687,True,0,0,30
Продовольствие,1688,True,0,0,30
Продовольствие,1689,True,0,0,30
Продовольствие,1690,True,0,0,30
Продовольствие,1691,True,0,0,30
Продовольствие,1692,True,0,0,30
Продовольствие,1693,True,0,0,30
Продовольствие,1694,True,0,0,30
Продовольствие,1696,True,0,0,30
Продовольствие,1697,True,0,0,30
Продовольствие,1698,True,0,0,30
Продовольствие,1699,True,0,0,30
Продовольствие,1700,True,0,0,30
Продовольствие,1701,True,0,0,30
Продовольствие,1702,True,0,0,30
Продовольствие,1703,True,0,0,30
Продовольствие,1704,True,0,0,30
Продовольствие,1705,True,0,0,30
Продовольствие,1706,True,0,0,30
Продовольствие,1707,True,0,0,30
Продовольствие,1708,True,0,0,30
Продовольствие,1709,True,0,0,30
Продовольствие,1710,True,0,0,30
Продовольствие,1711,True,0,0,30
Продовольствие,1712,True,0,0,30
Продовольствие,1713,True,14,8,8
Продовольствие,1714,True,0,0,30
Продовольствие,1715,True,0,0,30
Продовольствие,1717,True,0,0,30
Продовольствие,1718,True,0,0,30
Продовольствие,1719,True,0,0,30
Продовольствие,1722,True,0,0,30
Продовольствие,1724,True,0,0,30
Продовольствие,1725,True,0,0,30
Продовольствие,1726,True,0,0,30
Продовольствие,1727,True,0,0,30
Продовольствие,1728,True,0,0,30
Продовольствие,1730,True,0,0,30
Продовольствие,1731,True,0,0,30
Продовольствие,1732,True,0,0,30
Продовольствие,1733,True,0,0,30
Продовольствие,1737,True,0,0,30
Продовольствие,1738,True,0,0,30
Продовольствие,1739,True,0,0,30
Продовольствие,1740,True,0,0,30
Продовольствие,1741,True,0,0,30
Продовольствие,1742,True,0,0,30
Продовольствие,1743,True,0,0,30
Продовольствие,1744,True,0,0,30
Продовольствие,1745,True,0,0,30
Продовольствие,1746,True,0,0,30
Продовольствие,1747,True,0,0,30
Продовольствие,1749,True,0,0,30
Продовольствие,1750,True,0,0,30
Продовольствие,1751,True,0,0,30
Продовольствие,1752,True,0,0,30
Продовольствие,1753,True,0,0,30
Продовольствие,1754,True,0,0,30
Продовольствие,1755,True,0,0,30
Продовольствие,1756,True,0,0,30
Продовольствие,1757,True,0,0,30
Продовольствие,1758,True,0,0,30
Продовольствие,1759,True,0,0,30
Продовольствие,1760,True,0,0,30
Продовольствие,1761,True,0,0,30
Продовольствие,1762,True,0,0,30
Продовольствие,1763,True,11,8,11
Продовольствие,1764,True,0,0,30
Продовольствие,1765,True,0,0,30
Продовольствие,1766,True,0,0,30
Продовольствие,1768,True,0,0,30
Продовольствие,1769,True,0,0,30
Продовольствие,1770,True,0,0,30
Продовольствие,1771,True,0,0,30
Продовольствие,1773,True,0,0,30
Продовольствие,1774,True,0,0,30
Продовольствие,1775,True,0,0,30
Продовольствие,1776,True,0,0,30
Продовольствие,1777,True,0,0,30
Продовольствие,1778,True,0,0,30
Продовольствие,1780,True,0,0,30
Продовольствие,1781,True,0,0,30
Продовольствие,1782,True,0,0,30
Продовольствие,1783,True,0,0,30
Продовольствие,1784,True,0,0,30
Продовольствие,1785,True,0,0,30
Продовольствие,1786,True,0,0,30
Продовольствие,1787,True,0,0,30
Продовольствие,1788,True,0,0,30
Продовольствие,1845,True,0,0,30
Продовольствие,1846,True,0,0,30
Продовольствие,1847,True,26,4,0
Продовольствие,1848,True,0,0,30
Продовольствие,1849,True,0,0,30
Продовольствие,1850,True,0,0,30
Продовольствие,1851,True,0,0,30
Продовольствие,1852,True,0,0,30
Продовольствие,1853,True,0,0,30
Продовольствие,1854,True,0,0,30
Продовольствие,1855,True,0,0,30
Продовольствие,1856,True,0,0,30
Продовольствие,1857,True,0,0,30
Продовольствие,1858,True,0,0,30
Продовольствие,1859,True,0,0,30
Продовольствие,1860,True,0,0,30
Продовольствие,1861,True,0,0,30
Продовольствие,1862,True,0,0,30
Продовольствие,1863,True,0,0,30
Продовольствие,1864,True,0,0,30
Продовольствие,1865,True,0,0,30
Продовольствие,1868,True,0,0,30
Продовольствие,1869,True,0,0,30
Продовольствие,1870,True,0,0,30
Продовольствие,1871,True,0,0,30
Продовольствие,1872,True,0,0,30
Продовольствие,1873,True,0,0,30
Продовольствие,1874,True,0,0,30
Продовольствие,1875,True,0,0,30
Продовольствие,1876,True,0,0,30
Продовольствие,1877,True,0,0,30
Продовольствие,1878,True,0,0,30
Продовольствие,1879,True,0,0,30
Продовольствие,1880,True,0,0,30
Продовольствие,1881,True,0,0,30
Продовольствие,1882,True,26,4,0
Продовольствие,1883,True,0,0,30
Продовольствие,1884,True,0,0,30
Продовольствие,1885,True,0,0,30
Продовольствие,1886,True,0,0,30
Продовольствие,1887,True,0,0,30
Продовольствие,1888,True,0,0,30
Продовольствие,1889,True,0,0,30
Продовольствие,1890,True,0,0,30
Продовольствие,1891,True,0,0,30
Продовольствие,1892,True,0,0,30
Продовольствие,1893,True,0,0,30
Продовольствие,1894,True,0,0,30
Продовольствие,1895,True,0,0,30
Продовольствие,1896,True,0,0,30
Продовольствие,1897,True,0,0,30
Продовольствие,1898,True,0,0,30
Продовольствие,1899,True,0,0,30
Продовольствие,1900,True,0,0,30
Продовольствие,1901,True,0,0,30
Продовольствие,1902,True,0,0,30
Продовольствие,1903,True,0,0,30
Продовольствие,1904,True,0,0,30
Продовольствие,1905,True,0,0,30
Продовольствие,1906,True,0,0,30
Продовольствие,1907,True,0,0,30
Продовольствие,1908,True,0,0,30
Продовольствие,1909,True,0,0,30
Продовольствие,1910,True,0,0,30
Продовольствие,1912,True,0,0,30
Продовольствие,1915,True,0,0,30
Продовольствие,1916,True,0,0,30
Продовольствие,1917,True,0,0,30
Продовольствие,1918,True,0,0,30
Продовольствие,1919,True,0,0,30
Продовольствие,1920,True,0,0,30
Продовольствие,1921,True,0,0,30
Продовольствие,1922,True,0,0,30
Продовольствие,1923,True,0,0,30
Продовольствие,1924,True,0,0,30
Продовольствие,1925,True,0,0,30
Продовольствие,1926,True,0,0,30
Продовольствие,1927,True,0,0,30
Продовольствие,1928,True,0,0,30
Продовольствие,1929,True,0,0,30
Продовольствие,1930,True,0,0,30
Продовольствие,1931,True,0,0,30
Продовольствие,1932,True,0,0,30
Продовольствие,1933,True,0,0,30
Продовольствие,1934,True,0,0,30
Продовольствие,1935,True,0,0,30
Продовольствие,1936,True,0,0,30
Продовольствие,1937,True,0,0,30
Продовольствие,1938,True,0,0,30
Продовольствие,1939,True,0,0,30
Продовольствие,1940,True,0,0,30
Продовольствие,1941,True,0,0,30
Продовольствие,1942,True,0,0,30
Продовольствие,1943,True,0,0,30
Продовольствие,1944,True,0,0,30
Продовольствие,1945,True,0,0,30
Продовольствие,1947,True,0,0,30
Продовольствие,1948,True,0,0,30
Продовольствие,1949,True,0,0,30
Продовольствие,1950,True,0,0,30
Продовольствие,1951,True,0,0,30
Продовольствие,1952,True,0,0,30
Продовольствие,1954,True,0,0,30
Продовольствие,1955,True,0,0,30
Продовольствие,1956,True,0,0,30
Продовольствие,1957,True,0,0,30
Продовольствие,1958,True,0,0,30
Продовольствие,1959,True,0,0,30
Продовольствие,1960,True,0,0,30
Продовольствие,1961,True,0,0,30
Продовольствие,1962,True,0,0,30
Продовольствие,1963,True,0,0,30
Продовольствие,1964,True,11,11,8
Продовольствие,1965,True,0,0,30
Продовольствие,1966,True,0,0,30
Продовольствие,1967,True,0,0,30
Продовольствие,1968,True,0,0,30
Продовольствие,1969,True,0,0,30
Продовольствие,1970,True,0,0,30
Продовольствие,1971,True,0,0,30
Продовольствие,1972,True,0,0,30
Продовольствие,1973,True,0,0,30
Продовольствие,1974,True,0,0,30
Продовольствие,1975,True,0,0,30
Продовольствие,1976,True,0,0,30
Продовольствие,1977,True,0,0,30
Продовольствие,1978,True,0,0,30
Продовольствие,1979,True,0,0,30
Продовольствие,1980,True,0,0,30
Продовольствие,1981,True,0,0,30
Продовольствие,1982,True,0,0,30
Продовольствие,1983,True,0,0,30
Продовольствие,1984,True,0,0,30
Продовольствие,1985,True,0,0,30
Продовольствие,1986,True,0,0,30
Продовольствие,1987,True,0,0,30
Продовольствие,1988,True,0,0,30
Продовольствие,1989,True,0,0,30
Продовольствие,1990,True,0,0,30
Продовольствие,1991,True,0,0,30
Продовольствие,1992,True,0,0,30
Продовольствие,1993,True,0,0,30
Продовольствие,1994,True,0,0,30
Продовольствие,1995,True,0,0,30
Продовольствие,1996,True,0,0,30
Продовольствие,1997,True,0,0,30
Продовольствие,1999,True,0,0,30
Продовольствие,2000,True,0,0,30
Продовольствие,2001,True,0,0,30
Продовольствие,2002,True,0,0,30
Продовольствие,2004,True,0,0,30
Продовольствие,2005,True,0,0,30
Продовольствие,2006,True,0,0,30
Продовольствие,2007,True,0,0,30
Продовольствие,2008,True,0,0,30
Продовольствие,2009,True,0,0,30
Продовольствие,2010,True,0,0,30
Продовольствие,2011,True,0,0,30
Продовольствие,2012,True,0,0,30
Продовольствие,2015,True,0,0,30
Продовольствие,2016,True,14,10,6
Продовольствие,2017,True,0,0,30
Продовольствие,2018,True,0,0,30
Продовольствие,2019,True,0,0,30
Продовольствие,2020,True,11,10,9
Продовольствие,2021,True,0,0,30
Продовольствие,2022,True,0,0,30
Продовольствие,2023,True,0,0,30
Продовольствие,2024,True,0,0,30
Продовольствие,2025,True,0,0,30
Продовольствие,2027,True,0,0,30
Продовольствие,2028,True,0,0,30
Продовольствие,2030,True,0,0,30
Продовольствие,2031,True,0,0,30
Продовольствие,2032,True,0,0,30
Продовольствие,2033,True,0,0,30
Продовольствие,2034,True,0,0,30
Продовольствие,2035,True,0,0,30
Продовольствие,2036,True,0,0,30
Продовольствие,2037,True,0,0,30
Продовольствие,2039,True,0,0,30
Продовольствие,2040,True,0,0,30
Продовольствие,2041,True,0,0,30
Продовольствие,2042,True,0,0,30
Продовольствие,2043,True,0,0,30
Продовольствие,2044,True,0,0,30
Продовольствие,2045,True,0,0,30
Продовольствие,2046,True,0,0,30
Продовольствие,2047,True,0,0,30
Продовольствие,2048,True,0,0,30
Продовольствие,2049,True,0,0,30
Продовольствие,2050,True,0,0,30
Продовольствие,2051,True,0,0,30
Продовольствие,2052,True,0,0,30
Продовольствие,2053,True,0,0,30
Продовольствие,2054,True,0,0,30
Продовольствие,2055,True,0,0,30
Продовольствие,2056,True,0,0,30
Продовольствие,2057,True,0,0,30
Продовольствие,2058,True,0,0,30
Продовольствие,2059,True,0,0,30
Продовольствие,2060,True,0,0,30
Продовольствие,2061,True,0,0,30
Продовольствие,2062,True,0,0,30
Продовольствие,2063,True,0,0,30
Продовольствие,2064,True,0,0,30
Продовольствие,2065,True,0,0,30
Продовольствие,2066,True,0,0,30
Продовольствие,2067,True,0,0,30
Продовольствие,2068,True,0,0,30
Продовольствие,2069,True,0,0,30
Продовольствие,2070,True,0,0,30
Продовольствие,2072,True,0,0,30
Продовольствие,2073,True,0,0,30
Продовольствие,2074,True,0,0,30
Продовольствие,2075,True,0,0,30
Продовольствие,2076,True,0,0,30
Продовольствие,2077,True,0,0,30
Продовольствие,2078,True,0,0,30
Продовольствие,2079,True,0,0,30
Продовольствие,2080,True,0,0,30
Продовольствие,2081,True,0,0,30
Продовольствие,2082,True,0,0,30
Продовольствие,2085,True,0,0,30
Продовольствие,2087,True,0,0,30
Продовольствие,2088,True,0,0,30
Продовольствие,2089,True,0,0,30
Продовольствие,2090,True,0,0,30
Продовольствие,2091,True,0,0,30
Продовольствие,2093,True,0,0,30
Продовольствие,2094,True,0,0,30
Продовольствие,2095,True,0,0,30
Продовольствие,2096,True,0,0,30
Продовольствие,2098,True,0,0,30
Продовольствие,2100,True,0,0,30
Продовольствие,2101,True,0,0,30
Продовольствие,2105,True,0,0,30
Продовольствие,2108,True,0,0,30
Продовольствие,2109,True,0,0,30
Продовольствие,2110,True,0,0,30
Продовольствие,2111,True,0,0,30
Продовольствие,2112,True,0,0,30
Продовольствие,2113,True,0,0,30
Продовольствие,2114,True,0,0,30
Продовольствие,2116,True,0,0,30
Продовольствие,2117,True,0,0,30
Продовольствие,2118,True,0,0,30
Продовольствие,2119,True,0,0,30
Продовольствие,2120,True,0,0,30
Продовольствие,2121,True,0,0,30
Продовольствие,2122,True,0,0,30
Продовольствие,2124,True,0,0,30
Продовольствие,2125,True,0,0,30
Продовольствие,2126,True,0,0,30
Продовольствие,2127,True,0,0,30
Продовольствие,2128,True,0,0,30
Продовольствие,2129,True,0,0,30
Продовольствие,2130,True,0,0,30
Продовольствие,2131,True,0,0,30
Продовольствие,2132,True,0,0,30
Продовольствие,2133,True,0,0,30
Продовольствие,2134,True,0,0,30
Продовольствие,2136,True,0,0,30
Продовольствие,2137,True,0,0,30
Продовольствие,2138,True,0,0,30
Продовольствие,2139,True,0,0,30
Продовольствие,2140,True,0,0,30
Продовольствие,2142,True,0,0,30
Продовольствие,2143,True,0,0,30
Продовольствие,2144,True,0,0,30
Продовольствие,2145,True,0,0,30
Продовольствие,2146,True,0,0,30
Продовольствие,2148,True,0,0,30
Продовольствие,2149,True,0,0,30
Продовольствие,2150,True,0,0,30
Продовольствие,2151,True,0,0,30
Продовольствие,2152,True,0,0,30
Продовольствие,2153,True,0,0,30
Продовольствие,2154,True,0,0,30
Продовольствие,2155,True,0,0,30
Продовольствие,2156,True,0,0,30
Продовольствие,2157,True,0,0,30
Продовольствие,2158,True,0,0,30
Продовольствие,2159,True,0,0,30
Продовольствие,2160,True,0,0,30
Продовольствие,2161,True,0,0,30
Продовольствие,2162,True,0,0,30
Продовольствие,2163,True,0,0,30
Продовольствие,2164,True,0,0,30
Продовольствие,2165,True,0,0,30
Продовольствие,2167,True,0,0,30
Продовольствие,2168,True,0,0,30
Продовольствие,2169,True,0,0,30
Продовольствие,2171,True,0,0,30
Продовольствие,2172,True,0,0,30
Продовольствие,2173,True,0,0,30
Продовольствие,2174,True,0,0,30
Продовольствие,2175,True,0,0,30
Продовольствие,2176,True,0,0,30
Продовольствие,2177,True,0,0,30
Продовольствие,2178,True,0,0,30
Продовольствие,2179,True,0,0,30
Продовольствие,2180,True,0,0,30
Продовольствие,2181,True,0,0,30
Продовольствие,2182,True,0,0,30
Продовольствие,2183,True,0,0,30
Продовольствие,2184,True,0,0,30
Продовольствие,2185,True,0,0,30
Продовольствие,2186,True,0,0,30
Продовольствие,2187,True,0,0,30
Продовольствие,2188,True,0,0,30
Продовольствие,2189,True,0,0,30
Продовольствие,2190,True,0,0,30
Продовольствие,2191,True,0,0,30
Продовольствие,2192,True,0,0,30
Продовольствие,2193,True,0,0,30
Продовольствие,2194,True,0,0,30
Продовольствие,2195,True,0,0,30
Продовольствие,2196,True,0,0,30
Продовольствие,2197,True,0,0,30
Продовольствие,2198,True,0,0,30
Продовольствие,2199,True,0,0,30
Продовольствие,2200,True,0,0,30
Продовольствие,2201,True,0,0,30
Продовольствие,2202,True,0,0,30
Продовольствие,2203,True,0,0,30
Продовольствие,2204,True,0,0,30
Продовольствие,2205,True,0,0,30
Продовольствие,2206,True,0,0,30
Продовольствие,2207,True,0,0,30
Продовольствие,2208,True,0,0,30
Продовольствие,2210,True,0,0,30
Продовольствие,2211,True,0,0,30
Продовольствие,2212,True,0,0,30
Продовольствие,2213,True,0,0,30
Продовольствие,2215,True,0,0,30
Продовольствие,2216,True,0,0,30
Продовольствие,2217,True,0,0,30
Продовольствие,2218,True,0,0,30
Продовольствие,2219,True,0,0,30
Продовольствие,2220,True,0,0,30
Продовольствие,2221,True,0,0,30
Продовольствие,2222,True,0,0,30
Продовольствие,2223,True,0,0,30
Продовольствие,2224,True,0,0,30
Продовольствие,2225,True,0,0,30
Продовольствие,2226,True,0,0,30
Продовольствие,2227,True,0,0,30
Продовольствие,2228,True,0,0,30
Продовольствие,2229,True,0,0,30
Продовольствие,2230,True,0,0,30
Продовольствие,2231,True,0,0,30
Продовольствие,2232,True,0,0,30
Продовольствие,2233,True,0,0,30
Продовольствие,2234,True,0,0,30
Продовольствие,2235,True,0,0,30
Продовольствие,2236,True,0,0,30
Продовольствие,2237,True,0,0,30
Продовольствие,2238,True,0,0,30
Продовольствие,2241,True,0,0,30
Продовольствие,2242,True,0,0,30
Продовольствие,2243,True,0,0,30
Продовольствие,2244,True,0,0,30
Продовольствие,2245,True,0,0,30
Продовольствие,2248,True,0,0,30
Продовольствие,2249,True,0,0,30
Продовольствие,2250,True,0,0,30
Продовольствие,2251,True,0,0,30
Продовольствие,2252,True,0,0,30
Продовольствие,2253,True,0,0,30
Продовольствие,2254,True,0,0,30
Продовольствие,2255,True,0,0,30
Продовольствие,2256,True,0,0,30
Продовольствие,2257,True,0,0,30
Продовольствие,2258,True,0,0,30
Продовольствие,2259,True,0,0,30
Продовольствие,2260,True,0,0,30
Продовольствие,2262,True,0,0,30
Продовольствие,2264,True,0,0,30
Продовольствие,2265,True,0,0,30
Продовольствие,2266,True,0,0,30
Продовольствие,2267,True,0,0,30
Продовольствие,2268,True,0,0,30
Продовольствие,2269,True,0,0,30
Продовольствие,2270,True,0,0,30
Продовольствие,2271,True,0,0,30
Продовольствие,2272,True,0,0,30
Продовольствие,2274,True,0,0,30
Продовольствие,2275,True,0,0,30
Продовольствие,2276,True,0,0,30
Продовольствие,2278,True,0,0,30
Продовольствие,2279,True,0,0,30
Продовольствие,2280,True,0,0,30
Продовольствие,2281,True,0,0,30
Продовольствие,2282,True,0,0,30
Продовольствие,2286,True,0,0,30
Продовольствие,2287,True,0,0,30
Продовольствие,2288,True,0,0,30
Продовольствие,2289,True,0,0,30
Продовольствие,2292,True,0,0,30
Продовольствие,2293,True,0,0,30
Продовольствие,2294,True,0,0,30
Продовольствие,2295,True,0,0,30
Продовольствие,2296,True,0,0,30
Продовольствие,2297,True,0,0,30
Продовольствие,2298,True,0,0,30
Продовольствие,2299,True,0,0,30
Продовольствие,2300,True,0,0,30
Продовольствие,2301,True,0,0,30
Продовольствие,2302,True,0,0,30
Продовольствие,2303,True,0,0,30
Продовольствие,2304,True,0,0,30
Продовольствие,2305,True,0,0,30
Продовольствие,2307,True,0,0,30
Продовольствие,2308,True,0,0,30
Продовольствие,2309,True,0,0,30
Продовольствие,2310,True,0,0,30
Продовольствие,2311,True,0,0,30
Продовольствие,2312,True,0,0,30
Продовольствие,2314,True,0,0,30
Продовольствие,2315,True,0,0,30
Продовольствие,2316,True,0,0,30
Продовольствие,2317,True,0,0,30
Продовольствие,2318,True,0,0,30
Продовольствие,2320,True,0,0,30
Продовольствие,2321,True,0,0,30
Продовольствие,2322,True,0,0,30
Продовольствие,2323,True,0,0,30
Продовольствие,2324,True,0,0,30
Продовольствие,2325,True,0,0,30
Продовольствие,2326,True,0,0,30
Продовольствие,2327,True,0,0,30
Продовольствие,2328,True,0,0,30
Продовольствие,2329,True,0,0,30
Продовольствие,2330,True,0,0,30
Продовольствие,2332,True,0,0,30
Продовольствие,2333,True,0,0,30
Продовольствие,2334,True,0,0,30
Продовольствие,2335,True,0,0,30
Продовольствие,2336,True,0,0,30
Продовольствие,2337,True,0,0,30
Продовольствие,2338,True,0,0,30
Продовольствие,2339,True,0,0,30
Продовольствие,2340,True,0,0,30
Продовольствие,2341,True,0,0,30
Продовольствие,2342,True,0,0,30
Продовольствие,2343,True,0,0,30
Продовольствие,2344,True,0,0,30
Продовольствие,2345,True,0,0,30
Продовольствие,2347,True,26,4,0
Продовольствие,2348,True,0,0,30
Продовольствие,2349,True,0,0,30
Продовольствие,2351,True,0,0,30
Продовольствие,2352,True,0,0,30
Продовольствие,2353,True,0,0,30
Продовольствие,2354,True,0,0,30
Продовольствие,2355,True,0,0,30
Продовольствие,2356,True,0,0,30
Продовольствие,2357,True,0,0,30
Продовольствие,2358,True,0,0,30
Продовольствие,2359,True,0,0,30
Продовольствие,2360,True,0,0,30
Продовольствие,2361,True,0,0,30
Продовольствие,2362,True,0,0,30
Продовольствие,2363,True,0,0,30
Продовольствие,2364,True,0,0,30
Продовольствие,2365,True,0,0,30
Продовольствие,2366,True,0,0,30
Продовольствие,2367,True,0,0,30
Продовольствие,2368,True,0,0,30
Продовольствие,2369,True,0,0,30
Продовольствие,2370,True,0,0,30
Продовольствие,2371,True,0,0,30
Продовольствие,2372,True,0,0,30
Продовольствие,2373,True,0,0,30
Продовольствие,2374,True,0,0,30
Продовольствие,2375,True,0,0,30
Продовольствие,2376,True,0,0,30
Продовольствие,2377,True,0,0,30
Продовольствие,2378,True,0,0,30
Продовольствие,2379,True,0,0,30
Продовольствие,2380,True,0,0,30
Продовольствие,2381,True,0,0,30
Продовольствие,2382,True,0,0,30
Продовольствие,2383,True,0,0,30
Продовольствие,2384,True,0,0,30
Продовольствие,2385,True,0,0,30
Продовольствие,2386,True,0,0,30
Продовольствие,2387,True,0,0,30
Продовольствие,2388,True,0,0,30
Продовольствие,2389,True,0,0,30
Продовольствие,2390,True,0,0,30
Продовольствие,2391,True,0,0,30
Продовольствие,2392,True,0,0,30
Продовольствие,2393,True,0,0,30
Продовольствие,2394,True,17,6,7
Продовольствие,2395,True,0,0,30
Продовольствие,2398,True,0,0,30
Продовольствие,2399,True,0,0,30
Продовольствие,2400,True,0,0,30
Продовольствие,2401,True,0,0,30
Продовольствие,2402,True,0,0,30
Продовольствие,2403,True,0,0,30
Продовольствие,2404,True,0,0,30
Продовольствие,2405,True,0,0,30
Продовольствие,2406,True,0,0,30
Продовольствие,2407,True,0,0,30
Продовольствие,2408,True,0,0,30
Продовольствие,2409,True,0,0,30
Продовольствие,2410,True,0,0,30
Продовольствие,2411,True,0,0,30
Продовольствие,2412,True,0,0,30
Продовольствие,2416,True,0,0,30
Продовольствие,2422,True,0,0,30
Продовольствие,2423,True,0,0,30
Продовольствие,2424,True,0,0,30
Продовольствие,2425,True,0,0,30
Продовольствие,2426,True,0,0,30
Продовольствие,2427,True,0,0,30
Продовольствие,2428,True,0,0,30
Продовольствие,2429,True,0,0,30
Продовольствие,2430,True,0,0,30
Продовольствие,2431,True,0,0,30
Продовольствие,2432,True,0,0,30
Продовольствие,2433,True,0,0,30
Продовольствие,2434,True,0,0,30
Продовольствие,2435,True,0,0,30
Продовольствие,2436,True,0,0,30
Продовольствие,2437,True,0,0,30
Продовольствие,2439,True,0,0,30
Продовольствие,2440,True,0,0,30
Продовольствие,2441,True,0,0,30
Продовольствие,2442,True,0,0,30
Продовольствие,2443,True,0,0,30
Продовольствие,2444,True,0,0,30
Продовольствие,2445,True,0,0,30
Продовольствие,2446,True,0,0,30
Продовольствие,2447,True,0,0,30
Продовольствие,2449,True,0,0,30
Продовольствие,2450,True,0,0,30
Продовольствие,2451,True,0,0,30
Продовольствие,2452,True,0,0,30
Продовольствие,2453,True,0,0,30
Продовольствие,2454,True,0,0,30
Продовольствие,2455,True,0,0,30
Продовольствие,2456,True,0,0,30
Продовольствие,2457,True,0,0,30
Продовольствие,2458,True,0,0,30
Продовольствие,2459,True,0,0,30
Продовольствие,2460,True,0,0,30
Продовольствие,2461,True,0,0,30
Продовольствие,2462,True,0,0,30
Продовольствие,2463,True,0,0,30
Продовольствие,2464,True,0,0,30
Продовольствие,2465,True,0,0,30
Продовольствие,2466,True,0,0,30
Продовольствие,2467,True,0,0,30
Продовольствие,2468,True,0,0,30
Продовольствие,2469,True,0,0,30
Продовольствие,2470,True,0,0,30
Продовольствие,2471,True,0,0,30
Продовольствие,2472,True,0,0,30
Продовольствие,2473,True,0,0,30
Продовольствие,2474,True,0,0,30
Продовольствие,2475,True,0,0,30
Продовольствие,2476,True,0,0,30
Продовольствие,2477,True,0,0,30
Продовольствие,2478,True,0,0,30
Продовольствие,2479,True,0,0,30
Продовольствие,2480,True,0,0,30
Продовольствие,2481,True,0,0,30
Продовольствие,2482,True,0,0,30
Продовольствие,2483,True,0,0,30
Продовольствие,2484,True,0,0,30
Продовольствие,2485,True,0,0,30
Продовольствие,2486,True,0,0,30
Продовольствие,2487,True,0,0,30
Продовольствие,2488,True,0,0,30
Продовольствие,2489,True,0,0,30
Продовольствие,2490,True,0,0,30
Продовольствие,2491,True,0,0,30
Продовольствие,2492,True,0,0,30
Продовольствие,2493,True,0,0,30
Продовольствие,2494,True,0,0,30
Продовольствие,2495,True,0,0,30
Продовольствие,2496,True,0,0,30
Продовольствие,2497,True,0,0,30
Продовольствие,2498,True,0,0,30
Продовольствие,2499,True,0,0,30
Продовольствие,2500,True,0,0,30
Продовольствие,2501,True,0,0,30
Продовольствие,2502,True,0,0,30
Продовольствие,2503,True,0,0,30
Продовольствие,2504,True,0,0,30
Продовольствие,2505,True,0,0,30
Продовольствие,2506,True,0,0,30
Продовольствие,2507,True,0,0,30
Продовольствие,2508,True,0,0,30
Продовольствие,2509,True,0,0,30
Продовольствие,2510,True,0,0,30
Продовольствие,2511,True,0,0,30
Продовольствие,2512,True,0,0,30
Продовольствие,2513,True,0,0,30
Продовольствие,2514,True,0,0,30
Продовольствие,2515,True,0,0,30
Продовольствие,2516,True,0,0,30
Продовольствие,2517,True,0,0,30
Продовольствие,2518,True,0,0,30
Продовольствие,2519,True,0,0,30
Продовольствие,2520,True,0,0,30
Продовольствие,2521,True,0,0,30
Продовольствие,2522,True,0,0,30
Продовольствие,2523,True,0,0,30
Продовольствие,2524,True,0,0,30
Продовольствие,2525,True,0,0,30
Продовольствие,2526,True,0,0,30
Продовольствие,2527,True,0,0,30
Продовольствие,2528,True,0,0,30
Продовольствие,2529,True,0,0,30
Продовольствие,2530,True,0,0,30
Продовольствие,2531,True,0,0,30
Продовольствие,2532,True,0,0,30
Продовольствие,2533,True,0,0,30
Продовольствие,2534,True,0,0,30
Продовольствие,2535,True,0,0,30
Продовольствие,2536,True,0,0,30
Продовольствие,2537,True,0,0,30
Продовольствие,2538,True,0,0,30
Продовольствие,2539,True,0,0,30
Продовольствие,2540,True,0,0,30
Продовольствие,2541,True,0,0,30
Продовольствие,2542,True,0,0,30
Продовольствие,2543,True,0,0,30
Продовольствие,2544,True,0,0,30
Продовольствие,2545,True,0,0,30
Продовольствие,2546,True,0,0,30
Продовольствие,2547,True,0,0,30
Продовольствие,2548,True,0,0,30
Продовольствие,2549,True,0,0,30
Продовольствие,2550,True,0,0,30
Продовольствие,2551,True,0,0,30
Продовольствие,2552,True,0,0,30
Продовольствие,2553,True,0,0,30
Продовольствие,2554,True,0,0,30
Продовольствие,2555,True,0,0,30
Продовольствие,2556,True,0,0,30
Продовольствие,2557,True,0,0,30
Продовольствие,2558,True,0,0,30
Продовольствие,2559,True,0,0,30
Продовольствие,2560,True,0,0,30
Продовольствие,2561,True,0,0,30
Продовольствие,2562,True,0,0,30
Продовольствие,2563,True,0,0,30
Продовольствие,2564,True,0,0,30
Продовольствие,2565,True,0,0,30
Продовольствие,2566,True,0,0,30
Продовольствие,2567,True,0,0,30
Продовольствие,2568,True,0,0,30
Продовольствие,2569,True,0,0,30
Продовольствие,2570,True,0,0,30
Продовольствие,2571,True,0,0,30
Продовольствие,2572,True,0,0,30
Продовольствие,2573,True,0,0,30
Продовольствие,2574,True,0,0,30
Продовольствие,2575,True,0,0,30
Продовольствие,2576,True,0,0,30
Продовольствие,2577,True,0,0,30
Продовольствие,2578,True,0,0,30
Продовольствие,2579,True,0,0,30
Продовольствие,2580,True,0,0,30
Продовольствие,2581,True,0,0,30
Продовольствие,2582,True,0,0,30
Продовольствие,2583,True,0,0,30
Продовольствие,2584,True,0,0,30
Продовольствие,2585,True,0,0,30
Продовольствие,2586,True,0,0,30
Продовольствие,2587,True,0,0,30
Продовольствие,2588,True,0,0,30
Продовольствие,2589,True,0,0,30
Продовольствие,2590,True,0,0,30
Продовольствие,2591,True,0,0,30
Продовольствие,2592,True,0,0,30
Продовольствие,2593,True,0,0,30
Продовольствие,2595,True,0,0,30
Продовольствие,2596,True,0,0,30
Продовольствие,2597,True,0,0,30
Продовольствие,2598,True,0,0,30
Продовольствие,2599,True,0,0,30
Продовольствие,2600,True,0,0,30
Продовольствие,2601,True,0,0,30
Продовольствие,2602,True,0,0,30
Продовольствие,2604,True,0,0,30
Продовольствие,2605,True,0,0,30
Продовольствие,2606,True,0,0,30
Продовольствие,2607,True,0,0,30
Продовольствие,2618,True,0,0,30
Продовольствие,2619,True,0,0,30
Продовольствие,2620,True,0,0,30
Продовольствие,2621,True,0,0,30
Продовольствие,2644,True,0,0,30
Продовольствие,2646,True,0,0,30
Продовольствие,2647,True,0,0,30
Продовольствие,2648,True,0,0,30
Продовольствие,2649,True,0,0,30
Продовольствие,2651,True,0,0,30
Продовольствие,2652,True,0,0,30
Продовольствие,2710,True,0,0,30
Продовольствие,2808,True,0,0,30
Продовольствие,2809,True,0,0,30
Продовольствие,2813,True,0,0,30
Продовольствие,2814,True,0,0,30
Продовольствие,2872,True,0,0,30
Продовольствие,2876,True,0,0,30
Продовольствие,2879,True,0,0,30
Продовольствие,2880,True,0,0,30
Продовольствие,2881,True,0,0,30
Продовольствие,2882,True,0,0,30
Продовольствие,2883,True,0,0,30
Продовольствие,2884,True,0,0,30
Продовольствие,2885,True,0,0,30
Продовольствие,2886,True,0,0,30
Продовольствие,2887,True,0,0,30
Продовольствие,3005,True,0,0,30
Продовольствие,3007,True,0,0,30
Продовольствие,3009,True,0,0,30
Продовольствие,3010,True,26,4,0
Продовольствие,3011,True,0,0,30
Продовольствие,3012,True,0,0,30
Продовольствие,3013,True,0,0,30
Транспорт,1,True,0,0,30
Транспорт,2,True,0,0,30
Транспорт,3,True,0,0,30
Транспорт,4,True,0,0,30
Транспорт,5,True,0,0,30
Транспорт,6,True,0,0,30
Транспорт,7,True,0,0,30
Транспорт,8,True,0,0,30
Транспорт,9,True,0,0,30
Транспорт,10,True,0,0,30
Транспорт,11,True,0,0,30
Транспорт,12,True,0,0,30
Транспорт,13,True,0,0,30
Транспорт,14,True,0,0,30
Транспорт,15,True,0,0,30
Транспорт,16,True,0,0,30
Транспорт,17,True,0,0,30
Транспорт,18,True,0,0,30
Транспорт,19,True,0,0,30
Транспорт,20,True,0,0,30
Транспорт,21,True,0,0,30
Транспорт,22,True,0,0,30
Транспорт,23,True,0,0,30
Транспорт,25,True,0,0,30
Транспорт,26,True,0,0,30
Транспорт,27,True,0,0,30
Транспорт,28,True,0,0,30
Транспорт,29,True,0,0,30
Транспорт,30,True,0,0,30
Транспорт,31,True,0,0,30
Транспорт,32,True,0,0,30
Транспорт,33,True,0,0,30
Транспорт,34,True,0,0,30
Транспорт,35,True,0,0,30
Транспорт,36,True,0,0,30
Транспорт,37,True,0,0,30
Транспорт,38,True,0,0,30
Транспорт,39,True,0,0,30
Транспорт,40,True,0,0,30
Транспорт,41,True,0,0,30
Транспорт,42,True,0,0,30
Транспорт,43,True,0,0,30
Транспорт,44,True,0,0,30
Транспорт,45,True,0,0,30
Транспорт,46,True,0,0,30
Транспорт,47,True,0,0,30
Транспорт,48,True,0,0,30
Транспорт,49,True,0,0,30
Транспорт,50,True,0,0,30
Транспорт,51,True,0,0,30
Транспорт,52,True,0,0,30
Транспорт,53,True,0,0,30
Транспорт,54,True,0,0,30
Транспорт,55,True,0,0,30
Транспорт,56,True,0,0,30
Транспорт,57,True,0,0,30
Транспорт,58,True,0,0,30
Транспорт,59,True,0,0,30
Транспорт,60,True,0,0,30
Транспорт,61,True,0,0,30
Транспорт,62,True,0,0,30
Транспорт,63,True,0,0,30
Транспорт,65,True,0,0,30
Транспорт,66,True,0,0,30
Транспорт,67,True,0,0,30
Транспорт,68,True,0,0,30
Транспорт,69,True,0,0,30
Транспорт,70,True,0,0,30
Транспорт,71,True,0,0,30
Транспорт,72,True,0,0,30
Транспорт,73,True,0,0,30
Транспорт,74,True,0,0,30
Транспорт,75,True,0,0,30
Транспорт,76,True,0,0,30
Транспорт,77,True,0,0,30
Транспорт,78,True,0,0,30
Транспорт,79,True,0,0,30
Транспорт,80,True,0,0,30
Транспорт,81,True,0,0,30
Транспорт,82,True,0,0,30
Транспорт,83,True,0,0,30
Транспорт,85,True,26,4,0
Транспорт,86,True,26,4,0
Транспорт,87,True,26,4,0
Транспорт,88,True,26,4,0
Транспорт,89,True,26,4,0
Транспорт,90,True,26,4,0
Транспорт,91,True,26,4,0
Транспорт,92,True,26,4,0
Транспорт,93,True,26,4,0
Транспорт,94,True,26,4,0
Транспорт,95,True,26,4,0
Транспорт,96,True,26,4,0
Транспорт,97,True,26,4,0
Транспорт,98,True,26,4,0
Транспорт,99,True,26,4,0
Транспорт,101,True,26,4,0
Транспорт,102,True,26,4,0
Транспорт,103,True,26,4,0
Транспорт,104,True,26,4,0
Транспорт,105,True,26,4,0
Транспорт,106,True,26,4,0
Транспорт,158,True,26,4,0
Транспорт,160,True,26,4,0
Транспорт,167,True,0,0,30
Транспорт,168,True,0,0,30
Транспорт,169,True,0,0,30
Транспорт,173,True,0,0,30
Транспорт,181,True,0,0,30
Транспорт,184,True,0,0,30
Транспорт,185,True,0,0,30
Транспорт,188,True,0,0,30
Транспорт,191,True,0,0,30
Транспорт,194,True,0,0,30
Транспорт,195,True,0,0,30
Транспорт,196,True,0,0,30
Транспорт,198,True,0,0,30
Транспорт,201,True,0,0,30
Транспорт,203,True,0,0,30
Транспорт,204,True,0,0,30
Транспорт,205,True,0,0,30
Транспорт,206,True,0,0,30
Транспорт,207,True,0,0,30
Транспорт,208,True,0,0,30
Транспорт,209,True,0,0,30
Транспорт,210,True,0,0,30
Транспорт,211,True,0,0,30
Транспорт,212,True,0,0,30
Транспорт,213,True,0,0,30
Транспорт,214,True,0,0,30
Транспорт,215,True,0,0,30
Транспорт,216,True,0,0,30
Транспорт,217,True,0,0,30
Транспорт,218,True,0,0,30
Транспорт,219,True,0,0,30
Транспорт,220,True,0,0,30
Транспорт,221,True,0,0,30
Транспорт,222,True,0,0,30
Транспорт,223,True,0,0,30
Транспорт,224,True,0,0,30
Транспорт,225,True,0,0,30
Транспорт,226,True,0,0,30
Транспорт,227,True,0,0,30
Транспорт,228,True,0,0,30
Транспорт,229,True,0,0,30
Транспорт,230,True,0,0,30
Транспорт,231,True,0,0,30
Транспорт,232,True,0,0,30
Транспорт,233,True,0,0,30
Транспорт,234,True,0,0,30
Транспорт,235,True,0,0,30
Транспорт,236,True,0,0,30
Транспорт,237,True,0,0,30
Транспорт,238,True,0,0,30
Транспорт,239,True,0,0,30
Транспорт,240,True,0,0,30
Транспорт,241,True,0,0,30
Транспорт,242,True,0,0,30
Транспорт,243,True,0,0,30
Транспорт,269,True,0,0,30
Транспорт,270,True,0,0,30
Транспорт,271,True,0,0,30
Транспорт,272,True,0,0,30
Транспорт,273,True,0,0,30
Транспорт,274,True,0,0,30
Транспорт,275,True,0,0,30
Транспорт,276,True,0,0,30
Транспорт,277,True,0,0,30
Транспорт,278,True,0,0,30
Транспорт,279,True,0,0,30
Транспорт,280,True,0,0,30
Транспорт,281,True,0,0,30
Транспорт,282,True,0,0,30
Транспорт,283,True,0,0,30
Транспорт,284,True,0,0,30
Транспорт,285,True,0,0,30
Транспорт,287,True,0,0,30
Транспорт,288,True,0,0,30
Транспорт,289,True,0,0,30
Транспорт,290,True,0,0,30
Транспорт,292,True,0,0,30
Транспорт,293,True,0,0,30
Транспорт,294,True,0,0,30
Транспорт,295,True,0,0,30
Транспорт,296,True,0,0,30
Транспорт,297,True,0,0,30
Транспорт,298,True,0,0,30
Транспорт,300,True,0,0,30
Транспорт,301,True,0,0,30
Транспорт,302,True,0,0,30
Транспорт,303,True,0,0,30
Транспорт,304,True,0,0,30
Транспорт,305,True,0,0,30
Транспорт,306,True,0,0,30
Транспорт,307,True,0,0,30
Транспорт,308,True,0,0,30
Транспорт,309,True,0,0,30
Транспорт,311,True,6,3,21
Транспорт,312,True,0,0,30
Транспорт,314,True,0,0,30
Транспорт,315,True,8,5,17
Транспорт,316,True,0,0,30
Транспорт,317,True,0,0,30
Транспорт,318,True,0,0,30
Транспорт,319,True,0,0,30
Транспорт,320,True,0,0,30
Транспорт,321,True,0,0,30
Транспорт,322,True,6,5,19
Транспорт,323,True,0,0,30
Транспорт,324,True,0,0,30
Транспорт,325,True,0,0,30
Транспорт,326,True,0,0,30
Транспорт,327,True,0,0,30
Транспорт,328,True,6,5,19
Транспорт,329,True,0,0,30
Транспорт,330,True,0,0,30
Транспорт,331,True,0,0,30
Транспорт,332,True,0,0,30
Транспорт,333,True,0,0,30
Транспорт,334,True,0,0,30
Транспорт,335,True,0,0,30
Транспорт,336,True,0,0,30
Транспорт,337,True,0,0,30
Транспорт,338,True,0,0,30
Транспорт,339,True,0,0,30
Транспорт,340,True,0,0,30
Транспорт,341,True,0,0,30
Транспорт,342,True,0,0,30
Транспорт,343,True,0,0,30
Транспорт,345,True,0,0,30
Транспорт,346,True,0,0,30
Транспорт,347,True,0,0,30
Транспорт,348,True,0,0,30
Транспорт,349,True,0,0,30
Транспорт,351,True,0,0,30
Транспорт,352,True,0,0,30
Транспорт,354,True,0,0,30
Транспорт,355,True,0,0,30
Транспорт,356,True,0,0,30
Транспорт,357,True,0,0,30
Транспорт,358,True,0,0,30
Транспорт,359,True,0,0,30
Транспорт,360,True,0,0,30
Транспорт,361,True,0,0,30
Транспорт,362,True,0,0,30
Транспорт,363,True,0,0,30
Транспорт,364,True,0,0,30
Транспорт,365,True,0,0,30
Транспорт,366,True,0,0,30
Транспорт,367,True,0,0,30
Транспорт,368,True,0,0,30
Транспорт,369,True,0,0,30
Транспорт,370,True,0,0,30
Транспорт,371,True,0,0,30
Транспорт,372,True,0,0,30
Транспорт,373,True,0,0,30
Транспорт,374,True,0,0,30
Транспорт,375,True,0,0,30
Транспорт,376,True,0,0,30
Транспорт,377,True,0,0,30
Транспорт,378,True,0,0,30
Транспорт,379,True,0,0,30
Транспорт,380,True,0,0,30
Транспорт,381,True,0,0,30
Транспорт,382,True,0,0,30
Транспорт,383,True,0,0,30
Транспорт,384,True,0,0,30
Транспорт,385,True,0,0,30
Транспорт,386,True,0,0,30
Транспорт,387,True,0,0,30
Транспорт,388,True,0,0,30
Транспорт,390,True,0,0,30
Транспорт,391,True,0,0,30
Транспорт,392,True,0,0,30
Транспорт,393,True,0,0,30
Транспорт,395,True,0,0,30
Транспорт,396,True,0,0,30
Транспорт,397,True,0,0,30
Транспорт,398,True,0,0,30
Транспорт,401,True,0,0,30
Транспорт,402,True,0,0,30
Транспорт,403,True,0,0,30
Транспорт,404,True,0,0,30
Транспорт,405,True,0,0,30
Транспорт,408,True,0,0,30
Транспорт,410,True,0,0,30
Транспорт,413,True,0,0,30
Транспорт,414,True,0,0,30
Транспорт,416,True,0,0,30
Транспорт,418,True,0,0,30
Транспорт,419,True,0,0,30
Транспорт,420,True,0,0,30
Транспорт,421,True,0,0,30
Транспорт,422,True,0,0,30
Транспорт,423,True,0,0,30
Транспорт,424,True,0,0,30
Транспорт,425,True,0,0,30
Транспорт,428,True,0,0,30
Транспорт,429,True,0,0,30
Транспорт,430,True,0,0,30
Транспорт,431,True,0,0,30
Транспорт,432,True,0,0,30
Транспорт,433,True,0,0,30
Транспорт,434,True,0,0,30
Транспорт,435,True,0,0,30
Транспорт,436,True,0,0,30
Транспорт,437,True,0,0,30
Транспорт,438,True,0,0,30
Транспорт,440,True,0,0,30
Транспорт,441,True,0,0,30
Транспорт,442,True,0,0,30
Транспорт,443,True,0,0,30
Транспорт,444,True,0,0,30
Транспорт,445,True,0,0,30
Транспорт,446,True,0,0,30
Транспорт,447,True,0,0,30
Транспорт,448,True,0,0,30
Транспорт,449,True,0,0,30
Транспорт,450,True,0,0,30
Транспорт,451,True,0,0,30
Транспорт,452,True,0,0,30
Транспорт,453,True,0,0,30
Транспорт,455,True,0,0,30
Транспорт,456,True,0,0,30
Транспорт,457,True,0,0,30
Транспорт,458,True,0,0,30
Транспорт,459,True,0,0,30
Транспорт,460,True,0,0,30
Транспорт,478,True,0,0,30
Транспорт,479,True,0,0,30
Транспорт,480,True,0,0,30
Транспорт,481,True,0,0,30
Транспорт,482,True,0,0,30
Транспорт,484,True,0,0,30
Транспорт,485,True,0,0,30
Транспорт,486,True,0,0,30
Транспорт,487,True,0,0,30
Транспорт,489,True,0,0,30
Транспорт,490,True,0,0,30
Транспорт,491,True,0,0,30
Транспорт,492,True,0,0,30
Транспорт,493,True,0,0,30
Транспорт,494,True,0,0,30
Транспорт,495,True,0,0,30
Транспорт,496,True,0,0,30
Транспорт,497,True,0,0,30
Транспорт,498,True,0,0,30
Транспорт,499,True,0,0,30
Транспорт,500,True,17,6,7
Транспорт,501,True,0,0,30
Транспорт,502,True,0,0,30
Транспорт,503,True,0,0,30
Транспорт,504,True,0,0,30
Транспорт,505,True,0,0,30
Транспорт,506,True,0,0,30
Транспорт,507,True,0,0,30
Транспорт,508,True,0,0,30
Транспорт,509,True,0,0,30
Транспорт,510,True,0,0,30
Транспорт,511,True,0,0,30
Транспорт,512,True,0,0,30
Транспорт,515,True,0,0,30
Транспорт,516,True,0,0,30
Транспорт,517,True,0,0,30
Транспорт,518,True,0,0,30
Транспорт,519,True,0,0,30
Транспорт,520,True,0,0,30
Транспорт,521,True,0,0,30
Транспорт,522,True,0,0,30
Транспорт,523,True,0,0,30
Транспорт,524,True,0,0,30
Транспорт,525,True,0,0,30
Транспорт,527,True,0,0,30
Транспорт,528,True,0,0,30
Транспорт,529,True,0,0,30
Транспорт,530,True,0,0,30
Транспорт,531,True,0,0,30
Транспорт,532,True,0,0,30
Транспорт,533,True,0,0,30
Транспорт,534,True,0,0,30
Транспорт,535,True,0,0,30
Транспорт,536,True,0,0,30
Транспорт,537,True,0,0,30
Транспорт,538,True,0,0,30
Транспорт,539,True,0,0,30
Транспорт,540,True,0,0,30
Транспорт,541,True,0,0,30
Транспорт,542,True,0,0,30
Транспорт,543,True,0,0,30
Транспорт,544,True,0,0,30
Транспорт,545,True,0,0,30
Транспорт,546,True,0,0,30
Транспорт,547,True,0,0,30
Транспорт,548,True,0,0,30
Транспорт,549,True,0,0,30
Транспорт,550,True,0,0,30
Транспорт,552,True,0,0,30
Транспорт,553,True,0,0,30
Транспорт,554,True,0,0,30
Транспорт,555,True,0,0,30
Транспорт,556,True,0,0,30
Транспорт,557,True,0,0,30
Транспорт,558,True,0,0,30
Транспорт,559,True,0,0,30
Транспорт,560,True,0,0,30
Транспорт,561,True,0,0,30
Транспорт,562,True,0,0,30
Транспорт,563,True,0,0,30
Транспорт,564,True,0,0,30
Транспорт,565,True,0,0,30
Транспорт,566,True,0,0,30
Транспорт,567,True,0,0,30
Транспорт,568,True,0,0,30
Транспорт,569,True,0,0,30
Транспорт,570,True,0,0,30
Транспорт,571,True,0,0,30
Транспорт,572,True,0,0,30
Транспорт,573,True,26,4,0
Транспорт,574,True,0,0,30
Транспорт,576,True,26,4,0
Транспорт,577,True,26,4,0
Транспорт,578,True,0,0,30
Транспорт,579,True,0,0,30
Транспорт,580,True,0,0,30
Транспорт,581,True,0,0,30
Транспорт,582,True,0,0,30
Транспорт,583,True,0,0,30
Транспорт,584,True,0,0,30
Транспорт,585,True,0,0,30
Транспорт,586,True,0,0,30
Транспорт,587,True,0,0,30
Транспорт,588,True,0,0,30
Транспорт,589,True,0,0,30
Транспорт,590,True,26,4,0
Транспорт,591,True,0,0,30
Транспорт,592,True,0,0,30
Транспорт,593,True,0,0,30
Транспорт,594,True,0,0,30
Транспорт,595,True,0,0,30
Транспорт,597,True,26,4,0
Транспорт,598,True,0,0,30
Транспорт,599,True,0,0,30
Транспорт,600,True,0,0,30
Транспорт,601,True,0,0,30
Транспорт,602,True,0,0,30
Транспорт,603,True,0,0,30
Транспорт,604,True,0,0,30
Транспорт,605,True,0,0,30
Транспорт,606,True,0,0,30
Транспорт,607,True,0,0,30
Транспорт,608,True,0,0,30
Транспорт,611,True,6,5,19
Транспорт,612,True,0,0,30
Транспорт,613,True,0,0,30
Транспорт,614,True,0,0,30
Транспорт,615,True,0,0,30
Транспорт,616,True,0,0,30
Транспорт,618,True,0,0,30
Транспорт,619,True,0,0,30
Транспорт,621,True,0,0,30
Транспорт,666,True,0,0,30
Транспорт,667,True,0,0,30
Транспорт,668,True,0,0,30
Транспорт,669,True,0,0,30
Транспорт,670,True,0,0,30
Транспорт,671,True,0,0,30
Транспорт,674,True,0,0,30
Транспорт,675,True,0,0,30
Транспорт,676,True,0,0,30
Транспорт,677,True,0,0,30
Транспорт,678,True,0,0,30
Транспорт,679,True,0,0,30
Транспорт,680,True,0,0,30
Транспорт,683,True,0,0,30
Транспорт,685,True,0,0,30
Транспорт,686,True,0,0,30
Транспорт,687,True,0,0,30
Транспорт,689,True,0,0,30
Транспорт,690,True,0,0,30
Транспорт,691,True,0,0,30
Транспорт,692,True,0,0,30
Транспорт,693,True,0,0,30
Транспорт,694,True,0,0,30
Транспорт,695,True,0,0,30
Транспорт,696,True,0,0,30
Транспорт,697,True,0,0,30
Транспорт,698,True,0,0,30
Транспорт,699,True,0,0,30
Транспорт,701,True,0,0,30
Транспорт,702,True,0,0,30
Транспорт,703,True,0,0,30
Транспорт,704,True,0,0,30
Транспорт,705,True,0,0,30
Транспорт,706,True,0,0,30
Транспорт,708,True,0,0,30
Транспорт,710,True,0,0,30
Транспорт,711,True,0,0,30
Транспорт,712,True,0,0,30
Транспорт,713,True,0,0,30
Транспорт,714,True,0,0,30
Транспорт,715,True,0,0,30
Транспорт,716,True,0,0,30
Транспорт,717,True,0,0,30
Транспорт,718,True,0,0,30
Транспорт,719,True,0,0,30
Транспорт,720,True,0,0,30
Транспорт,721,True,0,0,30
Транспорт,722,True,0,0,30
Транспорт,723,True,0,0,30
Транспорт,725,True,0,0,30
Транспорт,726,True,0,0,30
Транспорт,727,True,0,0,30
Транспорт,731,True,0,0,30
Транспорт,734,True,0,0,30
Транспорт,735,True,0,0,30
Транспорт,736,True,0,0,30
Транспорт,737,True,0,0,30
Транспорт,738,True,0,0,30
Транспорт,739,True,0,0,30
Транспорт,741,True,0,0,30
Транспорт,742,True,0,0,30
Транспорт,743,True,0,0,30
Транспорт,744,True,0,0,30
Транспорт,745,True,0,0,30
Транспорт,746,True,0,0,30
Транспорт,747,True,0,0,30
Транспорт,748,True,0,0,30
Транспорт,749,True,0,0,30
Транспорт,751,True,0,0,30
Транспорт,752,True,0,0,30
Транспорт,753,True,0,0,30
Транспорт,754,True,0,0,30
Транспорт,755,True,0,0,30
Транспорт,756,True,0,0,30
Транспорт,757,True,0,0,30
Транспорт,758,True,0,0,30
Транспорт,760,True,0,0,30
Транспорт,761,True,0,0,30
Транспорт,763,True,0,0,30
Транспорт,764,True,0,0,30
Транспорт,765,True,0,0,30
Транспорт,766,True,0,0,30
Транспорт,767,True,0,0,30
Транспорт,769,True,0,0,30
Транспорт,770,True,0,0,30
Транспорт,771,True,0,0,30
Транспорт,773,True,0,0,30
Транспорт,774,True,0,0,30
Транспорт,775,True,0,0,30
Транспорт,776,True,0,0,30
Транспорт,777,True,0,0,30
Транспорт,778,True,0,0,30
Транспорт,779,True,0,0,30
Транспорт,780,True,0,0,30
Транспорт,781,True,0,0,30
Транспорт,782,True,0,0,30
Транспорт,783,True,0,0,30
Транспорт,784,True,0,0,30
Транспорт,785,True,0,0,30
Транспорт,787,True,0,0,30
Транспорт,788,True,0,0,30
Транспорт,789,True,0,0,30
Транспорт,790,True,0,0,30
Транспорт,791,True,0,0,30
Транспорт,792,True,0,0,30
Транспорт,793,True,0,0,30
Транспорт,794,True,0,0,30
Транспорт,795,True,0,0,30
Транспорт,796,True,0,0,30
Транспорт,797,True,0,0,30
Транспорт,798,True,0,0,30
Транспорт,799,True,0,0,30
Транспорт,800,True,0,0,30
Транспорт,801,True,0,0,30
Транспорт,802,True,0,0,30
Транспорт,803,True,0,0,30
Транспорт,804,True,0,0,30
Транспорт,805,True,0,0,30
Транспорт,806,True,0,0,30
Транспорт,807,True,0,0,30
Транспорт,808,True,0,0,30
Транспорт,809,True,0,0,30
Транспорт,810,True,0,0,30
Транспорт,811,True,0,0,30
Транспорт,812,True,0,0,30
Транспорт,813,True,0,0,30
Транспорт,814,True,0,0,30
Транспорт,815,True,0,0,30
Транспорт,817,True,0,0,30
Транспорт,818,True,0,0,30
Транспорт,819,True,0,0,30
Транспорт,820,True,0,0,30
Транспорт,821,True,0,0,30
Транспорт,822,True,0,0,30
Транспорт,823,True,0,0,30
Транспорт,824,True,0,0,30
Транспорт,825,True,0,0,30
Транспорт,826,True,0,0,30
Транспорт,827,True,0,0,30
Транспорт,828,True,0,0,30
Транспорт,829,True,0,0,30
Транспорт,830,True,0,0,30
Транспорт,831,True,0,0,30
Транспорт,832,True,0,0,30
Транспорт,833,True,0,0,30
Транспорт,834,True,0,0,30
Транспорт,835,True,0,0,30
Транспорт,836,True,0,0,30
Транспорт,838,True,0,0,30
Транспорт,839,True,0,0,30
Транспорт,840,True,0,0,30
Транспорт,841,True,0,0,30
Транспорт,842,True,0,0,30
Транспорт,843,True,0,0,30
Транспорт,844,True,0,0,30
Транспорт,846,True,0,0,30
Транспорт,847,True,0,0,30
Транспорт,848,True,0,0,30
Транспорт,849,True,0,0,30
Транспорт,851,True,0,0,30
Транспорт,852,True,0,0,30
Транспорт,853,True,0,0,30
Транспорт,854,True,0,0,30
Транспорт,855,True,0,0,30
Транспорт,856,True,0,0,30
Транспорт,857,True,0,0,30
Транспорт,859,True,0,0,30
Транспорт,860,True,0,0,30
Транспорт,862,True,26,4,0
Транспорт,863,True,26,4,0
Транспорт,864,True,26,4,0
Транспорт,865,True,26,4,0
Транспорт,866,True,26,4,0
Транспорт,867,True,26,4,0
Транспорт,868,True,26,4,0
Транспорт,870,True,0,0,30
Транспорт,871,True,0,0,30
Транспорт,872,True,0,0,30
Транспорт,873,True,0,0,30
Транспорт,874,True,0,0,30
Транспорт,875,True,0,0,30
Транспорт,876,True,0,0,30
Транспорт,877,True,0,0,30
Транспорт,878,True,0,0,30
Транспорт,879,True,0,0,30
Транспорт,880,True,0,0,30
Транспорт,881,True,0,0,30
Транспорт,882,True,0,0,30
Транспорт,883,True,0,0,30
Транспорт,884,True,0,0,30
Транспорт,885,True,0,0,30
Транспорт,886,True,0,0,30
Транспорт,887,True,26,4,0
Транспорт,888,True,0,0,30
Транспорт,889,True,0,0,30
Транспорт,890,True,0,0,30
Транспорт,891,True,0,0,30
Транспорт,892,True,0,0,30
Транспорт,895,True,0,0,30
Транспорт,896,True,0,0,30
Транспорт,897,True,0,0,30
Транспорт,898,True,0,0,30
Транспорт,899,True,0,0,30
Транспорт,900,True,0,0,30
Транспорт,901,True,0,0,30
Транспорт,902,True,0,0,30
Транспорт,903,True,0,0,30
Транспорт,904,True,0,0,30
Транспорт,905,True,0,0,30
Транспорт,907,True,0,0,30
Транспорт,908,True,0,0,30
Транспорт,909,True,0,0,30
Транспорт,910,True,26,4,0
Транспорт,911,True,0,0,30
Транспорт,912,True,0,0,30
Транспорт,913,True,0,0,30
Транспорт,914,True,0,0,30
Транспорт,915,True,0,0,30
Транспорт,916,True,0,0,30
Транспорт,917,True,0,0,30
Транспорт,918,True,0,0,30
Транспорт,920,True,0,0,30
Транспорт,922,True,0,0,30
Транспорт,923,True,0,0,30
Транспорт,924,True,0,0,30
Транспорт,925,True,0,0,30
Транспорт,926,True,0,0,30
Транспорт,927,True,0,0,30
Транспорт,928,True,0,0,30
Транспорт,929,True,0,0,30
Транспорт,930,True,0,0,30
Транспорт,986,True,0,0,30
Транспорт,987,True,0,0,30
Транспорт,988,True,0,0,30
Транспорт,989,True,0,0,30
Транспорт,991,True,0,0,30
Транспорт,992,True,0,0,30
Транспорт,993,True,0,0,30
Транспорт,994,True,0,0,30
Транспорт,995,True,0,0,30
Транспорт,996,True,0,0,30
Транспорт,998,True,0,0,30
Транспорт,999,True,0,0,30
Транспорт,1001,True,0,0,30
Транспорт,1002,True,0,0,30
Транспорт,1003,True,0,0,30
Транспорт,1004,True,0,0,30
Транспорт,1005,True,0,0,30
Транспорт,1006,True,0,0,30
Транспорт,1007,True,0,0,30
Транспорт,1008,True,0,0,30
Транспорт,1009,True,0,0,30
Транспорт,1010,True,0,0,30
Транспорт,1011,True,0,0,30
Транспорт,1012,True,0,0,30
Транспорт,1013,True,0,0,30
Транспорт,1014,True,0,0,30
Транспорт,1015,True,0,0,30
Транспорт,1016,True,0,0,30
Транспорт,1017,True,0,0,30
Транспорт,1018,True,0,0,30
Транспорт,1019,True,0,0,30
Транспорт,1020,True,0,0,30
Транспорт,1021,True,0,0,30
Транспорт,1023,True,0,0,30
Транспорт,1024,True,0,0,30
Транспорт,1025,True,0,0,30
Транспорт,1026,True,0,0,30
Транспорт,1027,True,0,0,30
Транспорт,1028,True,0,0,30
Транспорт,1029,True,0,0,30
Транспорт,1030,True,0,0,30
Транспорт,1031,True,0,0,30
Транспорт,1032,True,0,0,30
Транспорт,1033,True,0,0,30
Транспорт,1034,True,0,0,30
Транспорт,1035,True,0,0,30
Транспорт,1036,True,0,0,30
Транспорт,1037,True,0,0,30
Транспорт,1038,True,0,0,30
Транспорт,1039,True,0,0,30
Транспорт,1040,True,0,0,30
Транспорт,1041,True,0,0,30
Транспорт,1044,True,0,0,30
Транспорт,1047,True,0,0,30
Транспорт,1048,True,0,0,30
Транспорт,1049,True,0,0,30
Транспорт,1051,True,0,0,30
Транспорт,1052,True,0,0,30
Транспорт,1053,True,0,0,30
Транспорт,1054,True,0,0,30
Транспорт,1055,True,0,0,30
Транспорт,1056,True,0,0,30
Транспорт,1057,True,0,0,30
Транспорт,1058,True,0,0,30
Транспорт,1059,True,0,0,30
Транспорт,1060,True,0,0,30
Транспорт,1061,True,0,0,30
Транспорт,1062,True,0,0,30
Транспорт,1063,True,0,0,30
Транспорт,1064,True,0,0,30
Транспорт,1065,True,0,0,30
Транспорт,1066,True,0,0,30
Транспорт,1067,True,0,0,30
Транспорт,1068,True,0,0,30
Транспорт,1069,True,0,0,30
Транспорт,1070,True,0,0,30
Транспорт,1071,True,0,0,30
Транспорт,1072,True,0,0,30
Транспорт,1107,True,0,0,30
Транспорт,1108,True,0,0,30
Транспорт,1109,True,0,0,30
Транспорт,1110,True,0,0,30
Транспорт,1111,True,0,0,30
Транспорт,1112,True,0,0,30
Транспорт,1113,True,0,0,30
Транспорт,1115,True,0,0,30
Транспорт,1116,True,0,0,30
Транспорт,1117,True,0,0,30
Транспорт,1118,True,0,0,30
Транспорт,1119,True,0,0,30
Транспорт,1120,True,0,0,30
Транспорт,1121,True,0,0,30
Транспорт,1122,True,0,0,30
Транспорт,1123,True,0,0,30
Транспорт,1124,True,0,0,30
Транспорт,1125,True,0,0,30
Транспорт,1126,True,0,0,30
Транспорт,1127,True,0,0,30
Транспорт,1128,True,0,0,30
Транспорт,1129,True,0,0,30
Транспорт,1130,True,0,0,30
Транспорт,1131,True,0,0,30
Транспорт,1132,True,0,0,30
Транспорт,1133,True,0,0,30
Транспорт,1134,True,0,0,30
Транспорт,1135,True,0,0,30
Транспорт,1136,True,0,0,30
Транспорт,1137,True,0,0,30
Транспорт,1138,True,0,0,30
Транспорт,1139,True,0,0,30
Транспорт,1140,True,0,0,30
Транспорт,1141,True,0,0,30
Транспорт,1142,True,0,0,30
Транспорт,1143,True,0,0,30
Транспорт,1144,True,0,0,30
Транспорт,1146,True,0,0,30
Транспорт,1147,True,0,0,30
Транспорт,1148,True,0,0,30
Транспорт,1149,True,0,0,30
Транспорт,1150,True,0,0,30
Транспорт,1151,True,0,0,30
Транспорт,1152,True,0,0,30
Транспорт,1153,True,0,0,30
Транспорт,1154,True,0,0,30
Транспорт,1155,True,0,0,30
Транспорт,1157,True,0,0,30
Транспорт,1158,True,0,0,30
Транспорт,1159,True,0,0,30
Транспорт,1160,True,0,0,30
Транспорт,1161,True,0,0,30
Транспорт,1163,True,0,0,30
Транспорт,1164,True,0,0,30
Транспорт,1165,True,0,0,30
Транспорт,1166,True,0,0,30
Транспорт,1167,True,0,0,30
Транспорт,1168,True,0,0,30
Транспорт,1169,True,0,0,30
Транспорт,1170,True,0,0,30
Транспорт,1171,True,0,0,30
Транспорт,1172,True,0,0,30
Транспорт,1173,True,0,0,30
Транспорт,1174,True,0,0,30
Транспорт,1175,True,0,0,30
Транспорт,1176,True,0,0,30
Транспорт,1178,True,0,0,30
Транспорт,1179,True,0,0,30
Транспорт,1180,True,0,0,30
Транспорт,1181,True,0,0,30
Транспорт,1184,True,0,0,30
Транспорт,1185,True,0,0,30
Транспорт,1186,True,0,0,30
Транспорт,1187,True,0,0,30
Транспорт,1188,True,0,0,30
Транспорт,1189,True,0,0,30
Транспорт,1190,True,0,0,30
Транспорт,1191,True,0,0,30
Транспорт,1192,True,0,0,30
Транспорт,1193,True,0,0,30
Транспорт,1194,True,0,0,30
Транспорт,1195,True,0,0,30
Транспорт,1196,True,0,0,30
Транспорт,1197,True,0,0,30
Транспорт,1198,True,0,0,30
Транспорт,1200,True,0,0,30
Транспорт,1201,True,0,0,30
Транспорт,1203,True,0,0,30
Транспорт,1204,True,0,0,30
Транспорт,1205,True,0,0,30
Транспорт,1206,True,0,0,30
Транспорт,1207,True,0,0,30
Транспорт,1208,True,0,0,30
Транспорт,1209,True,0,0,30
Транспорт,1210,True,0,0,30
Транспорт,1211,True,0,0,30
Транспорт,1212,True,0,0,30
Транспорт,1213,True,0,0,30
Транспорт,1214,True,0,0,30
Транспорт,1215,True,0,0,30
Транспорт,1217,True,0,0,30
Транспорт,1218,True,0,0,30
Транспорт,1219,True,0,0,30
Транспорт,1220,True,0,0,30
Транспорт,1221,True,0,0,30
Транспорт,1222,True,0,0,30
Транспорт,1223,True,0,0,30
Транспорт,1224,True,0,0,30
Транспорт,1225,True,0,0,30
Транспорт,1226,True,0,0,30
Транспорт,1227,True,0,0,30
Транспорт,1228,True,0,0,30
Транспорт,1229,True,0,0,30
Транспорт,1230,True,0,0,30
Транспорт,1231,True,0,0,30
Транспорт,1232,True,0,0,30
Транспорт,1233,True,0,0,30
Транспорт,1234,True,0,0,30
Транспорт,1235,True,0,0,30
Транспорт,1236,True,0,0,30
Транспорт,1237,True,0,0,30
Транспорт,1238,True,0,0,30
Транспорт,1240,True,0,0,30
Транспорт,1241,True,0,0,30
Транспорт,1242,True,0,0,30
Транспорт,1243,True,0,0,30
Транспорт,1244,True,0,0,30
Транспорт,1246,True,0,0,30
Транспорт,1247,True,26,2,2
Транспорт,1249,True,0,0,30
Транспорт,1250,True,0,0,30
Транспорт,1251,True,0,0,30
Транспорт,1252,True,0,0,30
Транспорт,1253,True,0,0,30
Транспорт,1254,True,0,0,30
Транспорт,1256,True,0,0,30
Транспорт,1257,True,0,0,30
Транспорт,1258,True,0,0,30
Транспорт,1259,True,0,0,30
Транспорт,1260,True,0,0,30
Транспорт,1261,True,0,0,30
Транспорт,1262,True,0,0,30
Транспорт,1264,True,0,0,30
Транспорт,1265,True,0,0,30
Транспорт,1266,True,0,0,30
Транспорт,1267,True,0,0,30
Транспорт,1268,True,0,0,30
Транспорт,1269,True,0,0,30
Транспорт,1270,True,0,0,30
Транспорт,1271,True,0,0,30
Транспорт,1272,True,0,0,30
Транспорт,1273,True,0,0,30
Транспорт,1274,True,0,0,30
Транспорт,1275,True,0,0,30
Транспорт,1276,True,0,0,30
Транспорт,1277,True,0,0,30
Транспорт,1278,True,0,0,30
Транспорт,1279,True,0,0,30
Транспорт,1280,True,0,0,30
Транспорт,1281,True,0,0,30
Транспорт,1282,True,0,0,30
Транспорт,1284,True,0,0,30
Транспорт,1285,True,0,0,30
Транспорт,1286,True,0,0,30
Транспорт,1287,True,0,0,30
Транспорт,1288,True,0,0,30
Транспорт,1289,True,0,0,30
Транспорт,1290,True,0,0,30
Транспорт,1291,True,0,0,30
Транспорт,1292,True,0,0,30
Транспорт,1293,True,0,0,30
Транспорт,1294,True,0,0,30
Транспорт,1295,True,0,0,30
Транспорт,1296,True,0,0,30
Транспорт,1297,True,0,0,30
Транспорт,1298,True,0,0,30
Транспорт,1299,True,0,0,30
Транспорт,1300,True,0,0,30
Транспорт,1301,True,0,0,30
Транспорт,1302,True,0,0,30
Транспорт,1303,True,0,0,30
Транспорт,1304,True,0,0,30
Транспорт,1305,True,0,0,30
Транспорт,1306,True,0,0,30
Транспорт,1308,True,0,0,30
Транспорт,1309,True,0,0,30
Транспорт,1310,True,0,0,30
Транспорт,1311,True,0,0,30
Транспорт,1312,True,0,0,30
Транспорт,1313,True,0,0,30
Транспорт,1314,True,0,0,30
Транспорт,1315,True,0,0,30
Транспорт,1316,True,0,0,30
Транспорт,1317,True,0,0,30
Транспорт,1319,True,0,0,30
Транспорт,1320,True,0,0,30
Транспорт,1321,True,0,0,30
Транспорт,1322,True,0,0,30
Транспорт,1323,True,0,0,30
Транспорт,1324,True,0,0,30
Транспорт,1325,True,0,0,30
Транспорт,1326,True,0,0,30
Транспорт,1327,True,0,0,30
Транспорт,1328,True,0,0,30
Транспорт,1329,True,0,0,30
Транспорт,1330,True,0,0,30
Транспорт,1331,True,0,0,30
Транспорт,1333,True,0,0,30
Транспорт,1334,True,0,0,30
Транспорт,1335,True,0,0,30
Транспорт,1336,True,0,0,30
Транспорт,1337,True,0,0,30
Транспорт,1338,True,0,0,30
Транспорт,1339,True,0,0,30
Транспорт,1340,True,0,0,30
Транспорт,1341,True,0,0,30
Транспорт,1343,True,0,0,30
Транспорт,1344,True,0,0,30
Транспорт,1345,True,0,0,30
Транспорт,1346,True,0,0,30
Транспорт,1347,True,0,0,30
Транспорт,1348,True,0,0,30
Транспорт,1349,True,0,0,30
Транспорт,1350,True,0,0,30
Транспорт,1351,True,0,0,30
Транспорт,1352,True,0,0,30
Транспорт,1353,True,0,0,30
Транспорт,1355,True,0,0,30
Транспорт,1356,True,0,0,30
Транспорт,1357,True,0,0,30
Транспорт,1358,True,0,0,30
Транспорт,1392,True,0,0,30
Транспорт,1393,True,0,0,30
Транспорт,1394,True,0,0,30
Транспорт,1395,True,0,0,30
Транспорт,1396,True,0,0,30
Транспорт,1397,True,0,0,30
Транспорт,1398,True,0,0,30
Транспорт,1399,True,0,0,30
Транспорт,1400,True,0,0,30
Транспорт,1401,True,0,0,30
Транспорт,1402,True,0,0,30
Транспорт,1403,True,0,0,30
Транспорт,1404,True,0,0,30
Транспорт,1405,True,0,0,30
Транспорт,1406,True,0,0,30
Транспорт,1407,True,0,0,30
Транспорт,1408,True,0,0,30
Транспорт,1409,True,0,0,30
Транспорт,1410,True,0,0,30
Транспорт,1411,True,0,0,30
Транспорт,1412,True,0,0,30
Транспорт,1413,True,0,0,30
Транспорт,1414,True,0,0,30
Транспорт,1415,True,0,0,30
Транспорт,1416,True,0,0,30
Транспорт,1417,True,0,0,30
Транспорт,1419,True,0,0,30
Транспорт,1420,True,0,0,30
Транспорт,1421,True,0,0,30
Транспорт,1422,True,0,0,30
Транспорт,1423,True,0,0,30
Транспорт,1425,True,0,0,30
Транспорт,1426,True,0,0,30
Транспорт,1427,True,0,0,30
Транспорт,1428,True,0,0,30
Транспорт,1429,True,0,0,30
Транспорт,1430,True,0,0,30
Транспорт,1431,True,0,0,30
Транспорт,1434,True,6,5,19
Транспорт,1435,True,0,4,26
Транспорт,1437,True,2,6,22
Транспорт,1438,True,0,0,30
Транспорт,1439,True,0,0,30
Транспорт,1440,True,0,0,30
Транспорт,1443,True,0,0,30
Транспорт,1444,True,0,0,30
Транспорт,1445,True,0,0,30
Транспорт,1446,True,0,0,30
Транспорт,1447,True,0,0,30
Транспорт,1448,True,0,0,30
Транспорт,1449,True,0,0,30
Транспорт,1453,True,0,0,30
Транспорт,1454,True,0,0,30
Транспорт,1456,True,0,0,30
Транспорт,1457,True,0,0,30
Транспорт,1459,True,0,0,30
Транспорт,1461,True,0,0,30
Транспорт,1463,True,0,0,30
Транспорт,1464,True,0,0,30
Транспорт,1465,True,0,0,30
Транспорт,1467,True,0,0,30
Транспорт,1468,True,0,0,30
Транспорт,1471,True,26,4,0
Транспорт,1472,True,0,0,30
Транспорт,1473,True,0,0,30
Транспорт,1474,True,0,0,30
Транспорт,1475,True,0,0,30
Транспорт,1477,True,0,0,30
Транспорт,1478,True,0,0,30
Транспорт,1480,True,0,0,30
Транспорт,1481,True,0,0,30
Транспорт,1483,True,0,0,30
Транспорт,1484,True,0,0,30
Транспорт,1486,True,0,0,30
Транспорт,1487,True,26,4,0
Транспорт,1488,True,0,0,30
Транспорт,1489,True,0,0,30
Транспорт,1490,True,0,0,30
Транспорт,1491,True,0,0,30
Транспорт,1492,True,0,0,30
Транспорт,1493,True,0,0,30
Транспорт,1494,True,0,0,30
Транспорт,1495,True,0,0,30
Транспорт,1496,True,0,0,30
Транспорт,1500,True,0,0,30
Транспорт,1501,True,0,0,30
Транспорт,1504,True,0,0,30
Транспорт,1506,True,0,0,30
Транспорт,1507,True,0,0,30
Транспорт,1508,True,0,0,30
Транспорт,1509,True,0,0,30
Транспорт,1510,True,0,0,30
Транспорт,1511,True,0,0,30
Транспорт,1512,True,0,0,30
Транспорт,1518,True,0,0,30
Транспорт,1519,True,0,0,30
Транспорт,1520,True,0,0,30
Транспорт,1521,True,0,0,30
Транспорт,1522,True,0,0,30
Транспорт,1523,True,0,0,30
Транспорт,1525,True,0,0,30
Транспорт,1526,True,0,0,30
Транспорт,1527,True,0,0,30
Транспорт,1528,True,0,0,30
Транспорт,1529,True,0,0,30
Транспорт,1530,True,0,0,30
Транспорт,1532,True,0,0,30
Транспорт,1533,True,0,0,30
Транспорт,1534,True,0,0,30
Транспорт,1535,True,0,0,30
Транспорт,1536,True,0,0,30
Транспорт,1537,True,0,0,30
Транспорт,1539,True,0,0,30
Транспорт,1540,True,0,0,30
Транспорт,1541,True,0,0,30
Транспорт,1542,True,0,0,30
Транспорт,1543,True,0,0,30
Транспорт,1544,True,0,0,30
Транспорт,1545,True,0,0,30
Транспорт,1546,True,0,0,30
Транспорт,1547,True,0,0,30
Транспорт,1548,True,0,0,30
Транспорт,1549,True,0,0,30
Транспорт,1550,True,0,0,30
Транспорт,1551,True,0,0,30
Транспорт,1552,True,0,0,30
Транспорт,1553,True,0,0,30
Транспорт,1554,True,0,0,30
Транспорт,1555,True,0,0,30
Транспорт,1556,True,0,0,30
Транспорт,1557,True,0,0,30
Транспорт,1558,True,0,0,30
Транспорт,1559,True,0,0,30
Транспорт,1560,True,0,0,30
Транспорт,1561,True,0,0,30
Транспорт,1562,True,0,0,30
Транспорт,1563,True,0,0,30
Транспорт,1564,True,0,0,30
Транспорт,1565,True,0,0,30
Транспорт,1566,True,0,0,30
Транспорт,1567,True,0,0,30
Транспорт,1568,True,0,0,30
Транспорт,1569,True,0,0,30
Транспорт,1570,True,0,0,30
Транспорт,1571,True,0,0,30
Транспорт,1572,True,0,0,30
Транспорт,1573,True,0,0,30
Транспорт,1574,True,0,0,30
Транспорт,1575,True,0,0,30
Транспорт,1577,True,0,0,30
Транспорт,1578,True,0,0,30
Транспорт,1579,True,0,0,30
Транспорт,1580,True,0,0,30
Транспорт,1581,True,0,0,30
Транспорт,1582,True,0,0,30
Транспорт,1583,True,0,0,30
Транспорт,1584,True,0,0,30
Транспорт,1585,True,0,0,30
Транспорт,1586,True,0,0,30
Транспорт,1587,True,0,0,30
Транспорт,1588,True,0,0,30
Транспорт,1589,True,0,0,30
Транспорт,1590,True,0,0,30
Транспорт,1591,True,0,0,30
Транспорт,1592,True,0,0,30
Транспорт,1593,True,0,0,30
Транспорт,1594,True,0,0,30
Транспорт,1595,True,0,0,30
Транспорт,1596,True,0,0,30
Транспорт,1597,True,0,0,30
Транспорт,1598,True,0,0,30
Транспорт,1599,True,0,0,30
Транспорт,1600,True,0,0,30
Транспорт,1601,True,0,0,30
Транспорт,1602,True,0,0,30
Транспорт,1603,True,0,0,30
Транспорт,1604,True,0,0,30
Транспорт,1605,True,0,0,30
Транспорт,1606,True,0,0,30
Транспорт,1607,True,0,0,30
Транспорт,1608,True,0,0,30
Транспорт,1609,True,0,0,30
Транспорт,1610,True,0,0,30
Транспорт,1611,True,0,0,30
Транспорт,1612,True,0,0,30
Транспорт,1613,True,0,0,30
Транспорт,1614,True,0,0,30
Транспорт,1615,True,0,0,30
Транспорт,1616,True,0,0,30
Транспорт,1617,True,0,0,30
Транспорт,1618,True,0,0,30
Транспорт,1619,True,0,0,30
Транспорт,1620,True,0,0,30
Транспорт,1621,True,0,0,30
Транспорт,1622,True,0,0,30
Транспорт,1623,True,0,0,30
Транспорт,1624,True,0,0,30
Транспорт,1625,True,0,0,30
Транспорт,1626,True,0,0,30
Транспорт,1627,True,0,0,30
Транспорт,1628,True,0,0,30
Транспорт,1629,True,0,0,30
Транспорт,1630,True,0,0,30
Транспорт,1631,True,0,0,30
Транспорт,1632,True,0,0,30
Транспорт,1633,True,0,0,30
Транспорт,1634,True,0,0,30
Транспорт,1635,True,0,0,30
Транспорт,1636,True,0,0,30
Транспорт,1637,True,0,0,30
Транспорт,1638,True,0,0,30
Транспорт,1639,True,0,0,30
Транспорт,1640,True,0,0,30
Транспорт,1641,True,0,0,30
Транспорт,1642,True,0,0,30
Транспорт,1643,True,0,0,30
Транспорт,1644,True,0,0,30
Транспорт,1645,True,0,0,30
Транспорт,1646,True,0,0,30
Транспорт,1647,True,0,0,30
Транспорт,1648,True,0,0,30
Транспорт,1649,True,0,0,30
Транспорт,1650,True,0,0,30
Транспорт,1651,True,0,0,30
Транспорт,1652,True,0,0,30
Транспорт,1653,True,0,0,30
Транспорт,1654,True,0,0,30
Транспорт,1655,True,0,0,30
Транспорт,1656,True,0,0,30
Транспорт,1657,True,0,0,30
Транспорт,1658,True,0,0,30
Транспорт,1659,True,0,0,30
Транспорт,1660,True,0,0,30
Транспорт,1661,True,0,0,30
Транспорт,1662,True,0,0,30
Транспорт,1663,True,0,0,30
Транспорт,1664,True,0,0,30
Транспорт,1665,True,0,0,30
Транспорт,1666,True,0,0,30
Транспорт,1667,True,0,0,30
Транспорт,1668,True,0,0,30
Транспорт,1669,True,0,0,30
Транспорт,1670,True,0,0,30
Транспорт,1671,True,0,0,30
Транспорт,1672,True,0,0,30
Транспорт,1673,True,0,0,30
Транспорт,1674,True,0,0,30
Транспорт,1675,True,0,0,30
Транспорт,1676,True,0,0,30
Транспорт,1678,True,0,0,30
Транспорт,1679,True,0,0,30
Транспорт,1680,True,0,0,30
Транспорт,1681,True,0,0,30
Транспорт,1682,True,0,0,30
Транспорт,1683,True,0,0,30
Транспорт,1685,True,0,0,30
Транспорт,1686,True,0,0,30
Транспорт,1687,True,0,0,30
Транспорт,1688,True,0,0,30
Транспорт,1689,True,0,0,30
Транспорт,1690,True,0,0,30
Транспорт,1691,True,0,0,30
Транспорт,1692,True,0,0,30
Транспорт,1693,True,0,0,30
Транспорт,1694,True,0,0,30
Транспорт,1696,True,0,0,30
Транспорт,1697,True,0,0,30
Транспорт,1698,True,0,0,30
Транспорт,1699,True,0,0,30
Транспорт,1700,True,0,0,30
Транспорт,1701,True,0,0,30
Транспорт,1702,True,0,0,30
Транспорт,1703,True,0,0,30
Транспорт,1704,True,0,0,30
Транспорт,1705,True,0,0,30
Транспорт,1706,True,0,0,30
Транспорт,1707,True,0,0,30
Транспорт,1708,True,0,0,30
Транспорт,1709,True,0,0,30
Транспорт,1710,True,0,0,30
Транспорт,1711,True,0,0,30
Транспорт,1712,True,0,0,30
Транспорт,1713,True,14,8,8
Транспорт,1714,True,0,0,30
Транспорт,1715,True,0,0,30
Транспорт,1717,True,0,0,30
Транспорт,1718,True,0,0,30
Транспорт,1719,True,0,0,30
Транспорт,1722,True,0,0,30
Транспорт,1724,True,0,0,30
Транспорт,1725,True,0,0,30
Транспорт,1726,True,0,0,30
Транспорт,1727,True,0,0,30
Транспорт,1728,True,0,0,30
Транспорт,1730,True,0,0,30
Транспорт,1731,True,0,0,30
Транспорт,1732,True,0,0,30
Транспорт,1733,True,0,0,30
Транспорт,1737,True,0,0,30
Транспорт,1738,True,0,0,30
Транспорт,1739,True,0,0,30
Транспорт,1740,True,0,0,30
Транспорт,1741,True,0,0,30
Транспорт,1742,True,0,0,30
Транспорт,1743,True,0,0,30
Транспорт,1744,True,0,0,30
Транспорт,1745,True,0,0,30
Транспорт,1746,True,0,0,30
Транспорт,1747,True,0,0,30
Транспорт,1749,True,0,0,30
Транспорт,1750,True,0,0,30
Транспорт,1751,True,0,0,30
Транспорт,1752,True,0,0,30
Транспорт,1753,True,0,0,30
Транспорт,1754,True,0,0,30
Транспорт,1755,True,0,0,30
Транспорт,1756,True,0,0,30
Транспорт,1757,True,0,0,30
Транспорт,1758,True,0,0,30
Транспорт,1759,True,0,0,30
Транспорт,1760,True,0,0,30
Транспорт,1761,True,0,0,30
Транспорт,1762,True,0,0,30
Транспорт,1763,True,11,8,11
Транспорт,1764,True,0,0,30
Транспорт,1765,True,0,0,30
Транспорт,1766,True,0,0,30
Транспорт,1768,True,0,0,30
Транспорт,1769,True,0,0,30
Транспорт,1770,True,0,0,30
Транспорт,1771,True,0,0,30
Транспорт,1773,True,0,0,30
Транспорт,1774,True,0,0,30
Транспорт,1775,True,0,0,30
Транспорт,1776,True,0,0,30
Транспорт,1777,True,0,0,30
Транспорт,1778,True,0,0,30
Транспорт,1780,True,0,0,30
Транспорт,1781,True,0,0,30
Транспорт,1782,True,0,0,30
Транспорт,1783,True,0,0,30
Транспорт,1784,True,0,0,30
Транспорт,1785,True,0,0,30
Транспорт,1786,True,0,0,30
Транспорт,1787,True,0,0,30
Транспорт,1788,True,0,0,30
Транспорт,1845,True,0,0,30
Транспорт,1846,True,0,0,30
Транспорт,1847,True,26,4,0
Транспорт,1848,True,0,0,30
Транспорт,1849,True,0,0,30
Транспорт,1850,True,0,0,30
Транспорт,1851,True,0,0,30
Транспорт,1852,True,0,0,30
Транспорт,1853,True,0,0,30
Транспорт,1854,True,0,0,30
Транспорт,1855,True,0,0,30
Транспорт,1856,True,0,0,30
Транспорт,1857,True,0,0,30
Транспорт,1858,True,0,0,30
Транспорт,1859,True,0,0,30
Транспорт,1860,True,0,0,30
Транспорт,1861,True,0,0,30
Транспорт,1862,True,0,0,30
Транспорт,1863,True,0,0,30
Транспорт,1864,True,0,0,30
Транспорт,1865,True,0,0,30
Транспорт,1868,True,0,0,30
Транспорт,1869,True,0,0,30
Транспорт,1870,True,0,0,30
Транспорт,1871,True,0,0,30
Транспорт,1872,True,0,0,30
Транспорт,1873,True,0,0,30
Транспорт,1874,True,0,0,30
Транспорт,1875,True,0,0,30
Транспорт,1876,True,0,0,30
Транспорт,1877,True,0,0,30
Транспорт,1878,True,0,0,30
Транспорт,1879,True,0,0,30
Транспорт,1880,True,0,0,30
Транспорт,1881,True,0,0,30
Транспорт,1882,True,26,4,0
Транспорт,1883,True,0,0,30
Транспорт,1884,True,0,0,30
Транспорт,1885,True,0,0,30
Транспорт,1886,True,0,0,30
Транспорт,1887,True,0,0,30
Транспорт,1888,True,0,0,30
Транспорт,1889,True,0,0,30
Транспорт,1890,True,0,0,30
Транспорт,1891,True,0,0,30
Транспорт,1892,True,0,0,30
Транспорт,1893,True,0,0,30
Транспорт,1894,True,0,0,30
Транспорт,1895,True,0,0,30
Транспорт,1896,True,0,0,30
Транспорт,1897,True,0,0,30
Транспорт,1898,True,0,0,30
Транспорт,1899,True,0,0,30
Транспорт,1900,True,0,0,30
Транспорт,1901,True,0,0,30
Транспорт,1902,True,0,0,30
Транспорт,1903,True,0,0,30
Транспорт,1904,True,0,0,30
Транспорт,1905,True,0,0,30
Транспорт,1906,True,0,0,30
Транспорт,1907,True,0,0,30
Транспорт,1908,True,0,0,30
Транспорт,1909,True,0,0,30
Транспорт,1910,True,0,0,30
Транспорт,1912,True,0,0,30
Транспорт,1915,True,0,0,30
Транспорт,1916,True,0,0,30
Транспорт,1917,True,0,0,30
Транспорт,1918,True,0,0,30
Транспорт,1919,True,0,0,30
Транспорт,1920,True,0,0,30
Транспорт,1921,True,0,0,30
Транспорт,1922,True,0,0,30
Транспорт,1923,True,0,0,30
Транспорт,1924,True,0,0,30
Транспорт,1925,True,0,0,30
Транспорт,1926,True,0,0,30
Транспорт,1927,True,0,0,30
Транспорт,1928,True,0,0,30
Транспорт,1929,True,0,0,30
Транспорт,1930,True,0,0,30
Транспорт,1931,True,0,0,30
Транспорт,1932,True,0,0,30
Транспорт,1933,True,0,0,30
Транспорт,1934,True,0,0,30
Транспорт,1935,True,0,0,30
Транспорт,1936,True,0,0,30
Транспорт,1937,True,0,0,30
Транспорт,1938,True,0,0,30
Транспорт,1939,True,0,0,30
Транспорт,1940,True,0,0,30
Транспорт,1941,True,0,0,30
Транспорт,1942,True,0,0,30
Транспорт,1943,True,0,0,30
Транспорт,1944,True,0,0,30
Транспорт,1945,True,0,0,30
Транспорт,1947,True,0,0,30
Транспорт,1948,True,0,0,30
Транспорт,1949,True,0,0,30
Транспорт,1950,True,0,0,30
Транспорт,1951,True,0,0,30
Транспорт,1952,True,0,0,30
Транспорт,1954,True,0,0,30
Транспорт,1955,True,0,0,30
Транспорт,1956,True,0,0,30
Транспорт,1957,True,0,0,30
Транспорт,1958,True,0,0,30
Транспорт,1959,True,0,0,30
Транспорт,1960,True,0,0,30
Транспорт,1961,True,0,0,30
Транспорт,1962,True,0,0,30
Транспорт,1963,True,0,0,30
Транспорт,1964,True,11,11,8
Транспорт,1965,True,0,0,30
Транспорт,1966,True,0,0,30
Транспорт,1967,True,0,0,30
Транспорт,1968,True,0,0,30
Транспорт,1969,True,0,0,30
Транспорт,1970,True,0,0,30
Транспорт,1971,True,0,0,30
Транспорт,1972,True,0,0,30
Транспорт,1973,True,0,0,30
Транспорт,1974,True,0,0,30
Транспорт,1975,True,0,0,30
Транспорт,1976,True,0,0,30
Транспорт,1977,True,0,0,30
Транспорт,1978,True,0,0,30
Транспорт,1979,True,0,0,30
Транспорт,1980,True,0,0,30
Транспорт,1981,True,0,0,30
Транспорт,1982,True,0,0,30
Транспорт,1983,True,0,0,30
Транспорт,1984,True,0,0,30
Транспорт,1985,True,0,0,30
Транспорт,1986,True,0,0,30
Транспорт,1987,True,0,0,30
Транспорт,1988,True,0,0,30
Транспорт,1989,True,0,0,30
Транспорт,1990,True,0,0,30
Транспорт,1991,True,0,0,30
Транспорт,1992,True,0,0,30
Транспорт,1993,True,0,0,30
Транспорт,1994,True,0,0,30
Транспорт,1995,True,0,0,30
Транспорт,1996,True,0,0,30
Транспорт,1997,True,0,0,30
Транспорт,1999,True,0,0,30
Транспорт,2000,True,0,0,30
Транспорт,2001,True,0,0,30
Транспорт,2002,True,0,0,30
Транспорт,2004,True,0,0,30
Транспорт,2005,True,0,0,30
Транспорт,2006,True,0,0,30
Транспорт,2007,True,0,0,30
Транспорт,2008,True,0,0,30
Транспорт,2009,True,0,0,30
Транспорт,2010,True,0,0,30
Транспорт,2011,True,0,0,30
Транспорт,2012,True,0,0,30
Транспорт,2015,True,0,0,30
Транспорт,2016,True,14,10,6
Транспорт,2017,True,0,0,30
Транспорт,2018,True,0,0,30
Транспорт,2019,True,0,0,30
Транспорт,2020,True,11,10,9
Транспорт,2021,True,0,0,30
Транспорт,2022,True,0,0,30
Транспорт,2023,True,0,0,30
Транспорт,2024,True,0,0,30
Транспорт,2025,True,0,0,30
Транспорт,2027,True,0,0,30
Транспорт,2028,True,0,0,30
Транспорт,2030,True,0,0,30
Транспорт,2031,True,0,0,30
Транспорт,2032,True,0,0,30
Транспорт,2033,True,0,0,30
Транспорт,2034,True,0,0,30
Транспорт,2035,True,0,0,30
Транспорт,2036,True,0,0,30
Транспорт,2037,True,0,0,30
Транспорт,2039,True,0,0,30
Транспорт,2040,True,0,0,30
Транспорт,2041,True,0,0,30
Транспорт,2042,True,0,0,30
Транспорт,2043,True,0,0,30
Транспорт,2044,True,0,0,30
Транспорт,2045,True,0,0,30
Транспорт,2046,True,0,0,30
Транспорт,2047,True,0,0,30
Транспорт,2048,True,0,0,30
Транспорт,2049,True,0,0,30
Транспорт,2050,True,0,0,30
Транспорт,2051,True,0,0,30
Транспорт,2052,True,0,0,30
Транспорт,2053,True,0,0,30
Транспорт,2054,True,0,0,30
Транспорт,2055,True,0,0,30
Транспорт,2056,True,0,0,30
Транспорт,2057,True,0,0,30
Транспорт,2058,True,0,0,30
Транспорт,2059,True,0,0,30
Транспорт,2060,True,0,0,30
Транспорт,2061,True,0,0,30
Транспорт,2062,True,0,0,30
Транспорт,2063,True,0,0,30
Транспорт,2064,True,0,0,30
Транспорт,2065,True,0,0,30
Транспорт,2066,True,0,0,30
Транспорт,2067,True,0,0,30
Транспорт,2068,True,0,0,30
Транспорт,2069,True,0,0,30
Транспорт,2070,True,0,0,30
Транспорт,2072,True,0,0,30
Транспорт,2073,True,0,0,30
Транспорт,2074,True,0,0,30
Транспорт,2075,True,0,0,30
Транспорт,2076,True,0,0,30
Транспорт,2077,True,0,0,30
Транспорт,2078,True,0,0,30
Транспорт,2079,True,0,0,30
Транспорт,2080,True,0,0,30
Транспорт,2081,True,0,0,30
Транспорт,2082,True,0,0,30
Транспорт,2085,True,0,0,30
Транспорт,2087,True,0,0,30
Транспорт,2088,True,0,0,30
Транспорт,2089,True,0,0,30
Транспорт,2090,True,0,0,30
Транспорт,2091,True,0,0,30
Транспорт,2093,True,0,0,30
Транспорт,2094,True,0,0,30
Транспорт,2095,True,0,0,30
Транспорт,2096,True,0,0,30
Транспорт,2098,True,0,0,30
Транспорт,2100,True,0,0,30
Транспорт,2101,True,0,0,30
Транспорт,2105,True,0,0,30
Транспорт,2108,True,0,0,30
Транспорт,2109,True,0,0,30
Транспорт,2110,True,0,0,30
Транспорт,2111,True,0,0,30
Транспорт,2112,True,0,0,30
Транспорт,2113,True,0,0,30
Транспорт,2114,True,0,0,30
Транспорт,2116,True,0,0,30
Транспорт,2117,True,0,0,30
Транспорт,2118,True,0,0,30
Транспорт,2119,True,0,0,30
Транспорт,2120,True,0,0,30
Транспорт,2121,True,0,0,30
Транспорт,2122,True,0,0,30
Транспорт,2124,True,0,0,30
Транспорт,2125,True,0,0,30
Транспорт,2126,True,0,0,30
Транспорт,2127,True,0,0,30
Транспорт,2128,True,0,0,30
Транспорт,2129,True,0,0,30
Транспорт,2130,True,0,0,30
Транспорт,2131,True,0,0,30
Транспорт,2132,True,0,0,30
Транспорт,2133,True,0,0,30
Транспорт,2134,True,0,0,30
Транспорт,2136,True,0,0,30
Транспорт,2137,True,0,0,30
Транспорт,2138,True,0,0,30
Транспорт,2139,True,0,0,30
Транспорт,2140,True,0,0,30
Транспорт,2142,True,0,0,30
Транспорт,2143,True,0,0,30
Транспорт,2144,True,0,0,30
Транспорт,2145,True,0,0,30
Транспорт,2146,True,0,0,30
Транспорт,2148,True,0,0,30
Транспорт,2149,True,0,0,30
Транспорт,2150,True,0,0,30
Транспорт,2151,True,0,0,30
Транспорт,2152,True,0,0,30
Транспорт,2153,True,0,0,30
Транспорт,2154,True,0,0,30
Транспорт,2155,True,0,0,30
Транспорт,2156,True,0,0,30
Транспорт,2157,True,0,0,30
Транспорт,2158,True,0,0,30
Транспорт,2159,True,0,0,30
Транспорт,2160,True,0,0,30
Транспорт,2161,True,0,0,30
Транспорт,2162,True,0,0,30
Транспорт,2163,True,0,0,30
Транспорт,2164,True,0,0,30
Транспорт,2165,True,0,0,30
Транспорт,2167,True,0,0,30
Транспорт,2168,True,0,0,30
Транспорт,2169,True,0,0,30
Транспорт,2171,True,0,0,30
Транспорт,2172,True,0,0,30
Транспорт,2173,True,0,0,30
Транспорт,2174,True,0,0,30
Транспорт,2175,True,0,0,30
Транспорт,2176,True,0,0,30
Транспорт,2177,True,0,0,30
Транспорт,2178,True,0,0,30
Транспорт,2179,True,0,0,30
Транспорт,2180,True,0,0,30
Транспорт,2181,True,0,0,30
Транспорт,2182,True,0,0,30
Транспорт,2183,True,0,0,30
Транспорт,2184,True,0,0,30
Транспорт,2185,True,0,0,30
Транспорт,2186,True,0,0,30
Транспорт,2187,True,0,0,30
Транспорт,2188,True,0,0,30
Транспорт,2189,True,0,0,30
Транспорт,2190,True,0,0,30
Транспорт,2191,True,0,0,30
Транспорт,2192,True,0,0,30
Транспорт,2193,True,0,0,30
Транспорт,2194,True,0,0,30
Транспорт,2195,True,0,0,30
Транспорт,2196,True,0,0,30
Транспорт,2197,True,0,0,30
Транспорт,2198,True,0,0,30
Транспорт,2199,True,0,0,30
Транспорт,2200,True,0,0,30
Транспорт,2201,True,0,0,30
Транспорт,2202,True,0,0,30
Транспорт,2203,True,0,0,30
Транспорт,2204,True,0,0,30
Транспорт,2205,True,0,0,30
Транспорт,2206,True,0,0,30
Транспорт,2207,True,0,0,30
Транспорт,2208,True,0,0,30
Транспорт,2210,True,0,0,30
Транспорт,2211,True,0,0,30
Транспорт,2212,True,0,0,30
Транспорт,2213,True,0,0,30
Транспорт,2215,True,0,0,30
Транспорт,2216,True,0,0,30
Транспорт,2217,True,0,0,30
Транспорт,2218,True,0,0,30
Транспорт,2219,True,0,0,30
Транспорт,2220,True,0,0,30
Транспорт,2221,True,0,0,30
Транспорт,2222,True,0,0,30
Транспорт,2223,True,0,0,30
Транспорт,2224,True,0,0,30
Транспорт,2225,True,0,0,30
Транспорт,2226,True,0,0,30
Транспорт,2227,True,0,0,30
Транспорт,2228,True,0,0,30
Транспорт,2229,True,0,0,30
Транспорт,2230,True,0,0,30
Транспорт,2231,True,0,0,30
Транспорт,2232,True,0,0,30
Транспорт,2233,True,0,0,30
Транспорт,2234,True,0,0,30
Транспорт,2235,True,0,0,30
Транспорт,2236,True,0,0,30
Транспорт,2237,True,0,0,30
Транспорт,2238,True,0,0,30
Транспорт,2241,True,0,0,30
Транспорт,2242,True,0,0,30
Транспорт,2243,True,0,0,30
Транспорт,2244,True,0,0,30
Транспорт,2245,True,0,0,30
Транспорт,2248,True,0,0,30
Транспорт,2249,True,0,0,30
Транспорт,2250,True,0,0,30
Транспорт,2251,True,0,0,30
Транспорт,2252,True,0,0,30
Транспорт,2253,True,0,0,30
Транспорт,2254,True,0,0,30
Транспорт,2255,True,0,0,30
Транспорт,2256,True,0,0,30
Транспорт,2257,True,0,0,30
Транспорт,2258,True,0,0,30
Транспорт,2259,True,0,0,30
Транспорт,2260,True,0,0,30
Транспорт,2262,True,0,0,30
Транспорт,2264,True,0,0,30
Транспорт,2265,True,0,0,30
Транспорт,2266,True,0,0,30
Транспорт,2267,True,0,0,30
Транспорт,2268,True,0,0,30
Транспорт,2269,True,0,0,30
Транспорт,2270,True,0,0,30
Транспорт,2271,True,0,0,30
Транспорт,2272,True,0,0,30
Транспорт,2274,True,0,0,30
Транспорт,2275,True,0,0,30
Транспорт,2276,True,0,0,30
Транспорт,2278,True,0,0,30
Транспорт,2279,True,0,0,30
Транспорт,2280,True,0,0,30
Транспорт,2281,True,0,0,30
Транспорт,2282,True,0,0,30
Транспорт,2286,True,0,0,30
Транспорт,2287,True,0,0,30
Транспорт,2288,True,0,0,30
Транспорт,2289,True,0,0,30
Транспорт,2292,True,0,0,30
Транспорт,2293,True,0,0,30
Транспорт,2294,True,0,0,30
Транспорт,2295,True,0,0,30
Транспорт,2296,True,0,0,30
Транспорт,2297,True,0,0,30
Транспорт,2298,True,0,0,30
Транспорт,2299,True,0,0,30
Транспорт,2300,True,0,0,30
Транспорт,2301,True,0,0,30
Транспорт,2302,True,0,0,30
Транспорт,2303,True,0,0,30
Транспорт,2304,True,0,0,30
Транспорт,2305,True,0,0,30
Транспорт,2307,True,0,0,30
Транспорт,2308,True,0,0,30
Транспорт,2309,True,0,0,30
Транспорт,2310,True,0,0,30
Транспорт,2311,True,0,0,30
Транспорт,2312,True,0,0,30
Транспорт,2314,True,0,0,30
Транспорт,2315,True,0,0,30
Транспорт,2316,True,0,0,30
Транспорт,2317,True,0,0,30
Транспорт,2318,True,0,0,30
Транспорт,2320,True,0,0,30
Транспорт,2321,True,0,0,30
Транспорт,2322,True,0,0,30
Транспорт,2323,True,0,0,30
Транспорт,2324,True,0,0,30
Транспорт,2325,True,0,0,30
Транспорт,2326,True,0,0,30
Транспорт,2327,True,0,0,30
Транспорт,2328,True,0,0,30
Транспорт,2329,True,0,0,30
Транспорт,2330,True,0,0,30
Транспорт,2332,True,0,0,30
Транспорт,2333,True,0,0,30
Транспорт,2334,True,0,0,30
Транспорт,2335,True,0,0,30
Транспорт,2336,True,0,0,30
Транспорт,2337,True,0,0,30
Транспорт,2338,True,0,0,30
Транспорт,2339,True,0,0,30
Транспорт,2340,True,0,0,30
Транспорт,2341,True,0,0,30
Транспорт,2342,True,0,0,30
Транспорт,2343,True,0,0,30
Транспорт,2344,True,0,0,30
Транспорт,2345,True,0,0,30
Транспорт,2347,True,26,4,0
Транспорт,2348,True,0,0,30
Транспорт,2349,True,0,0,30
Транспорт,2351,True,0,0,30
Транспорт,2352,True,0,0,30
Транспорт,2353,True,0,0,30
Транспорт,2354,True,0,0,30
Транспорт,2355,True,0,0,30
Транспорт,2356,True,0,0,30
Транспорт,2357,True,0,0,30
Транспорт,2358,True,0,0,30
Транспорт,2359,True,0,0,30
Транспорт,2360,True,0,0,30
Транспорт,2361,True,0,0,30
Транспорт,2362,True,0,0,30
Транспорт,2363,True,0,0,30
Транспорт,2364,True,0,0,30
Транспорт,2365,True,0,0,30
Транспорт,2366,True,0,0,30
Транспорт,2367,True,0,0,30
Транспорт,2368,True,0,0,30
Транспорт,2369,True,0,0,30
Транспорт,2370,True,0,0,30
Транспорт,2371,True,0,0,30
Транспорт,2372,True,0,0,30
Транспорт,2373,True,0,0,30
Транспорт,2374,True,0,0,30
Транспорт,2375,True,0,0,30
Транспорт,2376,True,0,0,30
Транспорт,2377,True,0,0,30
Транспорт,2378,True,0,0,30
Транспорт,2379,True,0,0,30
Транспорт,2380,True,0,0,30
Транспорт,2381,True,0,0,30
Транспорт,2382,True,0,0,30
Транспорт,2383,True,0,0,30
Транспорт,2384,True,0,0,30
Транспорт,2385,True,0,0,30
Транспорт,2386,True,0,0,30
Транспорт,2387,True,0,0,30
Транспорт,2388,True,0,0,30
Транспорт,2389,True,0,0,30
Транспорт,2390,True,0,0,30
Транспорт,2391,True,0,0,30
Транспорт,2392,True,0,0,30
Транспорт,2393,True,0,0,30
Транспорт,2394,True,17,6,7
Транспорт,2395,True,0,0,30
Транспорт,2398,True,0,0,30
Транспорт,2399,True,0,0,30
Транспорт,2400,True,0,0,30
Транспорт,2401,True,0,0,30
Транспорт,2402,True,0,0,30
Транспорт,2403,True,0,0,30
Транспорт,2404,True,0,0,30
Транспорт,2405,True,0,0,30
Транспорт,2406,True,0,0,30
Транспорт,2407,True,0,0,30
Транспорт,2408,True,0,0,30
Транспорт,2409,True,0,0,30
Транспорт,2410,True,0,0,30
Транспорт,2411,True,0,0,30
Транспорт,2412,True,0,0,30
Транспорт,2416,True,0,0,30
Транспорт,2422,True,0,0,30
Транспорт,2423,True,0,0,30
Транспорт,2424,True,0,0,30
Транспорт,2425,True,0,0,30
Транспорт,2426,True,0,0,30
Транспорт,2427,True,0,0,30
Транспорт,2428,True,0,0,30
Транспорт,2429,True,0,0,30
Транспорт,2430,True,0,0,30
Транспорт,2431,True,0,0,30
Транспорт,2432,True,0,0,30
Транспорт,2433,True,0,0,30
Транспорт,2434,True,0,0,30
Транспорт,2435,True,0,0,30
Транспорт,2436,True,0,0,30
Транспорт,2437,True,0,0,30
Транспорт,2439,True,0,0,30
Транспорт,2440,True,0,0,30
Транспорт,2441,True,0,0,30
Транспорт,2442,True,0,0,30
Транспорт,2443,True,0,0,30
Транспорт,2444,True,0,0,30
Транспорт,2445,True,0,0,30
Транспорт,2446,True,0,0,30
Транспорт,2447,True,0,0,30
Транспорт,2449,True,0,0,30
Транспорт,2450,True,0,0,30
Транспорт,2451,True,0,0,30
Транспорт,2452,True,0,0,30
Транспорт,2453,True,0,0,30
Транспорт,2454,True,0,0,30
Транспорт,2455,True,0,0,30
Транспорт,2456,True,0,0,30
Транспорт,2457,True,0,0,30
Транспорт,2458,True,0,0,30
Транспорт,2459,True,0,0,30
Транспорт,2460,True,0,0,30
Транспорт,2461,True,0,0,30
Транспорт,2462,True,0,0,30
Транспорт,2463,True,0,0,30
Транспорт,2464,True,0,0,30
Транспорт,2465,True,0,0,30
Транспорт,2466,True,0,0,30
Транспорт,2467,True,0,0,30
Транспорт,2468,True,0,0,30
Транспорт,2469,True,0,0,30
Транспорт,2470,True,0,0,30
Транспорт,2471,True,0,0,30
Транспорт,2472,True,0,0,30
Транспорт,2473,True,0,0,30
Транспорт,2474,True,0,0,30
Транспорт,2475,True,0,0,30
Транспорт,2476,True,0,0,30
Транспорт,2477,True,0,0,30
Транспорт,2478,True,0,0,30
Транспорт,2479,True,0,0,30
Транспорт,2480,True,0,0,30
Транспорт,2481,True,0,0,30
Транспорт,2482,True,0,0,30
Транспорт,2483,True,0,0,30
Транспорт,2484,True,0,0,30
Транспорт,2485,True,0,0,30
Транспорт,2486,True,0,0,30
Транспорт,2487,True,0,0,30
Транспорт,2488,True,0,0,30
Транспорт,2489,True,0,0,30
Транспорт,2490,True,0,0,30
Транспорт,2491,True,0,0,30
Транспорт,2492,True,0,0,30
Транспорт,2493,True,0,0,30
Транспорт,2494,True,0,0,30
Транспорт,2495,True,0,0,30
Транспорт,2496,True,0,0,30
Транспорт,2497,True,0,0,30
Транспорт,2498,True,0,0,30
Транспорт,2499,True,0,0,30
Транспорт,2500,True,0,0,30
Транспорт,2501,True,0,0,30
Транспорт,2502,True,0,0,30
Транспорт,2503,True,0,0,30
Транспорт,2504,True,0,0,30
Транспорт,2505,True,0,0,30
Транспорт,2506,True,0,0,30
Транспорт,2507,True,0,0,30
Транспорт,2508,True,0,0,30
Транспорт,2509,True,0,0,30
Транспорт,2510,True,0,0,30
Транспорт,2511,True,0,0,30
Транспорт,2512,True,0,0,30
Транспорт,2513,True,0,0,30
Транспорт,2514,True,0,0,30
Транспорт,2515,True,0,0,30
Транспорт,2516,True,0,0,30
Транспорт,2517,True,0,0,30
Транспорт,2518,True,0,0,30
Транспорт,2519,True,0,0,30
Транспорт,2520,True,0,0,30
Транспорт,2521,True,0,0,30
Транспорт,2522,True,0,0,30
Транспорт,2523,True,0,0,30
Транспорт,2524,True,0,0,30
Транспорт,2525,True,0,0,30
Транспорт,2526,True,0,0,30
Транспорт,2527,True,0,0,30
Транспорт,2528,True,0,0,30
Транспорт,2529,True,0,0,30
Транспорт,2530,True,0,0,30
Транспорт,2531,True,0,0,30
Транспорт,2532,True,0,0,30
Транспорт,2533,True,0,0,30
Транспорт,2534,True,0,0,30
Транспорт,2535,True,0,0,30
Транспорт,2536,True,0,0,30
Транспорт,2537,True,0,0,30
Транспорт,2538,True,0,0,30
Транспорт,2539,True,0,0,30
Транспорт,2540,True,0,0,30
Транспорт,2541,True,0,0,30
Транспорт,2542,True,0,0,30
Транспорт,2543,True,0,0,30
Транспорт,2544,True,0,0,30
Транспорт,2545,True,0,0,30
Транспорт,2546,True,0,0,30
Транспорт,2547,True,0,0,30
Транспорт,2548,True,0,0,30
Транспорт,2549,True,0,0,30
Транспорт,2550,True,0,0,30
Транспорт,2551,True,0,0,30
Транспорт,2552,True,0,0,30
Транспорт,2553,True,0,0,30
Транспорт,2554,True,0,0,30
Транспорт,2555,True,0,0,30
Транспорт,2556,True,0,0,30
Транспорт,2557,True,0,0,30
Транспорт,2558,True,0,0,30
Транспорт,2559,True,0,0,30
Транспорт,2560,True,0,0,30
Транспорт,2561,True,0,0,30
Транспорт,2562,True,0,0,30
Транспорт,2563,True,0,0,30
Транспорт,2564,True,0,0,30
Транспорт,2565,True,0,0,30
Транспорт,2566,True,0,0,30
Транспорт,2567,True,0,0,30
Транспорт,2568,True,0,0,30
Транспорт,2569,True,0,0,30
Транспорт,2570,True,0,0,30
Транспорт,2571,True,0,0,30
Транспорт,2572,True,0,0,30
Транспорт,2573,True,0,0,30
Транспорт,2574,True,0,0,30
Транспорт,2575,True,0,0,30
Транспорт,2576,True,0,0,30
Транспорт,2577,True,0,0,30
Транспорт,2578,True,0,0,30
Транспорт,2579,True,0,0,30
Транспорт,2580,True,0,0,30
Транспорт,2581,True,0,0,30
Транспорт,2582,True,0,0,30
Транспорт,2583,True,0,0,30
Транспорт,2584,True,0,0,30
Транспорт,2585,True,0,0,30
Транспорт,2586,True,0,0,30
Транспорт,2587,True,0,0,30
Транспорт,2588,True,0,0,30
Транспорт,2589,True,0,0,30
Транспорт,2590,True,0,0,30
Транспорт,2591,True,0,0,30
Транспорт,2592,True,0,0,30
Транспорт,2593,True,0,0,30
Транспорт,2595,True,0,0,30
Транспорт,2596,True,0,0,30
Транспорт,2597,True,0,0,30
Транспорт,2598,True,0,0,30
Транспорт,2599,True,0,0,30
Транспорт,2600,True,0,0,30
Транспорт,2601,True,0,0,30
Транспорт,2602,True,0,0,30
Транспорт,2604,True,0,0,30
Транспорт,2605,True,0,0,30
Транспорт,2606,True,0,0,30
Транспорт,2607,True,0,0,30
Транспорт,2618,True,0,0,30
Транспорт,2619,True,0,0,30
Транспорт,2620,True,0,0,30
Транспорт,2621,True,0,0,30
Транспорт,2644,True,0,0,30
Транспорт,2646,True,0,0,30
Транспорт,2647,True,0,0,30
Транспорт,2648,True,0,0,30
Транспорт,2649,True,0,0,30
Транспорт,2651,True,0,0,30
Транспорт,2652,True,0,0,30
Транспорт,2710,True,0,0,30
Транспорт,2808,True,0,0,30
Транспорт,2809,True,0,0,30
Транспорт,2813,True,0,0,30
Транспорт,2814,True,0,0,30
Транспорт,2872,True,0,0,30
Транспорт,2876,True,0,0,30
Транспорт,2879,True,0,0,30
Транспорт,2880,True,0,0,30
Транспорт,2881,True,0,0,30
Транспорт,2882,True,0,0,30
Транспорт,2883,True,0,0,30
Транспорт,2884,True,0,0,30
Транспорт,2885,True,0,0,30
Транспорт,2886,True,0,0,30
Транспорт,2887,True,0,0,30
Транспорт,3005,True,0,0,30
Транспорт,3007,True,0,0,30
Транспорт,3009,True,0,0,30
Транспорт,3010,True,26,4,0
Транспорт,3011,True,0,0,30
Транспорт,3012,True,0,0,30
Транспорт,3013,True,0,0,30
