territory_id_x,territory_id_y,distance,rank
1,6,13.7,1
1,3,36.1,2
1,9,59.1,3
1,4,59.9,4
1,5,77.9,5
2,8,18.8,1
2,7,23.8,2
2,5,71.9,3
2,3,85.0,4
2,1,100.9,5
3,9,24.8,1
3,1,36.1,2
3,4,44.4,3
3,6,46.9,4
3,5,54.6,5
4,9,27.5,1
4,3,44.4,2
4,1,59.9,3
4,6,69.1,4
4,5,88.1,5
5,8,53.1,1
5,3,54.6,2
5,9,60.6,3
5,2,71.9,4
5,1,77.9,5
6,1,13.7,1
6,3,46.9,2
6,4,69.1,3
6,9,70.0,4
6,5,91.6,5
7,2,23.8,1
7,8,40.1,2
7,5,82.1,3
7,3,106.2,4
7,1,122.1,5
8,2,18.8,1
8,7,40.1,2
8,5,53.1,3
8,3,66.1,4
8,1,82.0,5
9,3,24.8,1
9,4,27.5,2
9,1,59.1,3
9,5,60.6,4
9,6,70.0,5
10,12,9.2,1
10,19,65.3,2
10,532,71.5,3
10,554,75.9,4
10,515,76.5,5
11,15,156.8,1
11,13,256.9,2
11,20,342.4,3
11,16,378.1,4
11,18,432.4,5
12,10,9.2,1
12,532,63.0,2
12,554,67.4,3
12,515,71.1,4
12,19,74.2,5
13,20,86.1,1
13,16,121.8,2
13,18,176.1,3
13,515,182.3,4
13,12,195.7,5
14,19,76.1,1
14,1250,98.8,2
14,556,110.0,3
14,10,138.7,4
14,12,147.7,5
15,11,156.8,1
15,13,209.4,2
15,20,294.8,3
15,16,330.6,4
15,18,384.9,5
16,555,107.4,1
16,17,116.7,2
16,13,121.8,3
16,20,156.6,4
16,515,173.5,5
17,16,116.7,1
17,555,224.2,2
17,13,238.5,3
17,20,273.3,4
17,515,290.2,5
18,20,90.1,1
18,12,93.5,2
18,10,98.8,3
18,515,117.2,4
18,554,155.6,5
19,10,65.3,1
19,12,74.2,2
19,14,76.1,3
19,532,136.5,4
19,554,140.9,5
20,13,86.1,1
20,18,90.1,2
20,515,96.2,3
20,12,109.6,4
20,10,115.0,5
21,76,0.0,1
21,55,38.8,2
21,44,47.2,3
21,60,51.7,4
21,81,52.0,5
22,25,38.1,1
22,62,45.4,2
22,432,61.7,3
22,58,74.9,4
22,83,86.3,5
23,66,28.5,1
23,1694,65.7,2
23,63,68.7,3
23,1705,74.8,4
23,27,75.3,5
25,62,7.3,1
25,432,25.3,2
25,22,38.1,3
25,58,41.1,4
25,83,50.2,5
26,398,15.3,1
26,75,20.7,2
26,366,23.2,3
26,368,51.0,4
26,82,54.7,5
27,57,16.4,1
27,29,32.2,2
27,73,32.2,3
27,66,47.2,4
27,78,67.3,5
28,2302,17.4,1
28,35,36.9,2
28,30,83.6,3
28,2281,95.0,4
28,79,107.5,5
29,73,0.0,1
29,57,31.4,2
29,27,32.2,3
29,34,44.5,4
29,72,56.5,5
30,2281,40.7,1
30,28,83.6,2
30,40,98.9,3
30,2302,99.1,4
30,2296,99.5,5
31,49,25.8,1
31,81,67.8,2
31,69,73.8,3
31,45,76.7,4
31,38,79.7,5
32,60,44.3,1
32,48,79.5,2
32,21,86.9,3
32,76,86.9,4
32,34,98.7,5
33,37,51.1,1
33,59,67.4,2
33,74,68.9,3
33,68,81.7,4
33,752,84.5,5
34,29,44.5,1
34,73,44.5,2
34,48,54.7,3
34,60,54.7,4
34,49,64.3,5
35,28,36.9,1
35,2302,53.8,2
35,54,79.4,3
35,79,89.3,4
35,30,103.1,5
36,384,51.1,1
36,56,53.9,2
36,80,61.7,3
36,82,64.8,4
36,357,69.8,5
37,74,37.1,1
37,46,45.8,2
37,33,51.1,3
37,749,63.6,4
37,42,86.7,5
38,52,32.7,1
38,41,59.6,2
38,75,67.7,3
38,45,70.2,4
38,26,78.4,5
39,61,47.2,1
39,67,65.1,2
39,2308,73.4,3
39,2311,96.1,4
39,50,101.3,5
40,2281,84.2,1
40,77,88.0,2
40,30,98.9,3
40,2296,109.7,4
40,47,134.2,5
41,69,43.0,1
41,1698,50.7,2
41,38,59.6,3
41,52,67.1,4
41,31,86.0,5
42,68,39.5,1
42,46,56.0,2
42,51,57.3,3
42,65,58.3,4
42,44,60.7,5
43,81,29.0,1
43,45,65.5,2
43,21,71.5,3
43,76,71.5,4
43,65,76.9,5
44,21,47.2,1
44,76,47.2,2
44,55,57.3,3
44,42,60.7,4
44,65,80.6,5
45,43,65.5,1
45,49,65.8,2
45,82,67.2,3
45,80,68.3,4
45,38,70.2,5
46,37,45.8,1
46,42,56.0,2
46,58,56.7,3
46,83,62.0,4
46,51,70.4,5
47,63,107.4,1
47,35,112.8,2
47,30,116.6,3
47,40,134.2,4
47,54,135.6,5
48,34,54.7,1
48,29,61.9,2
48,73,61.9,3
48,57,76.5,4
48,32,79.5,5
49,31,25.8,1
49,81,48.2,2
49,34,64.3,3
49,45,65.8,4
49,43,77.2,5
50,71,47.7,1
50,61,54.1,2
50,67,94.3,3
50,2287,97.5,4
50,39,101.3,5
51,56,44.8,1
51,80,47.8,2
51,42,57.3,3
51,65,60.2,4
51,46,70.4,5
52,38,32.7,1
52,1666,49.3,2
52,26,61.4,3
52,41,67.1,4
52,75,69.4,5
53,1705,46.3,1
53,1700,61.5,2
53,63,63.0,3
53,54,74.0,4
53,1694,100.6,5
54,53,74.0,1
54,35,79.4,2
54,79,104.3,3
54,28,111.8,4
54,1705,118.1,5
55,21,38.8,1
55,76,38.8,2
55,70,49.2,3
55,44,57.3,4
55,2293,76.5,5
56,51,44.8,1
56,80,51.6,2
56,36,53.9,3
56,359,61.1,4
56,82,85.8,5
57,27,16.4,1
57,29,31.4,2
57,73,31.4,3
57,66,63.4,4
57,34,70.3,5
58,25,41.1,1
58,62,46.4,2
58,46,56.7,3
58,83,56.7,4
58,432,61.0,5
59,33,67.4,1
59,68,75.8,2
59,42,110.1,3
59,37,113.3,4
59,67,120.6,5
60,32,44.3,1
60,21,51.7,2
60,76,51.7,3
60,34,54.7,4
60,81,77.2,5
61,39,47.2,1
61,50,54.1,2
61,71,54.9,3
61,2311,55.9,4
61,67,80.0,5
62,25,7.3,1
62,432,30.7,2
62,22,45.4,3
62,58,46.4,4
62,83,55.6,5
63,53,63.0,1
63,66,67.3,2
63,23,68.7,3
63,1705,77.9,4
63,47,107.4,5
65,80,49.9,1
65,42,58.3,2
65,51,60.2,3
65,21,66.7,4
65,76,66.7,5
66,23,28.5,1
66,27,47.2,2
66,78,60.2,3
66,57,63.4,4
66,63,67.3,5
67,39,65.1,1
67,61,80.0,2
67,1995,88.4,3
67,2025,88.4,4
67,2017,89.3,5
68,42,39.5,1
68,46,72.0,2
68,59,75.8,3
68,33,81.7,4
68,44,92.8,5
69,41,43.0,1
69,72,47.3,2
69,31,73.8,3
69,1698,79.0,4
69,78,81.1,5
70,55,49.2,1
70,21,86.4,2
70,76,86.4,3
70,44,105.0,4
70,2293,111.0,5
71,50,47.7,1
71,2287,49.8,2
71,61,54.9,3
71,2301,67.2,4
71,2311,90.3,5
72,78,34.2,1
72,69,47.3,2
72,29,56.5,3
72,73,56.5,4
72,27,70.3,5
73,29,0.0,1
73,57,31.4,2
73,27,32.2,3
73,34,44.5,4
73,72,56.5,5
74,749,26.7,1
74,37,37.1,2
74,766,61.5,3
74,83,63.4,4
74,33,68.9,5
75,26,20.7,1
75,398,27.1,2
75,82,34.0,3
75,366,43.8,4
75,38,67.7,5
76,21,0.0,1
76,55,38.8,2
76,44,47.2,3
76,60,51.7,4
76,81,52.0,5
77,2296,65.1,1
77,2315,83.6,2
77,40,88.0,3
77,2282,103.7,4
77,2288,110.3,5
78,72,34.2,1
78,1706,47.9,2
78,66,60.2,3
78,27,67.3,4
78,23,77.1,5
79,1669,63.9,1
79,1671,79.3,2
79,35,89.3,3
79,1670,93.2,4
79,1673,94.4,5
80,51,47.8,1
80,65,49.9,2
80,56,51.6,3
80,36,61.7,4
80,82,62.2,5
81,43,29.0,1
81,49,48.2,2
81,21,52.0,3
81,76,52.0,4
81,31,67.8,5
82,75,34.0,1
82,26,54.7,2
82,398,59.7,3
82,80,62.2,4
82,36,64.8,5
83,25,50.2,1
83,749,52.8,2
83,62,55.6,3
83,58,56.7,4
83,46,62.0,5
85,102,25.1,1
85,1151,188.2,2
85,1165,348.0,3
85,1154,409.8,4
85,98,416.0,5
86,96,99.0,1
86,101,262.2,2
86,93,343.5,3
86,104,363.2,4
86,91,366.9,5
87,90,296.8,1
87,573,330.5,2
87,601,330.5,3
87,584,424.8,4
87,106,429.5,5
88,99,80.6,1
88,97,144.6,2
88,104,144.7,3
88,586,148.7,4
88,574,149.8,5
89,103,131.2,1
89,92,173.3,2
89,93,210.4,3
89,97,212.1,4
89,104,257.1,5
90,106,132.8,1
90,95,175.9,2
90,91,264.3,3
90,573,283.2,4
90,601,283.2,5
91,93,88.1,1
91,104,102.3,2
91,101,108.3,3
91,106,131.6,4
91,95,133.6,5
92,89,173.3,1
92,103,304.5,2
92,93,383.7,3
92,97,385.4,4
92,104,430.5,5
93,104,48.5,1
93,103,81.5,2
93,101,84.9,3
93,91,88.1,4
93,99,114.7,5
94,101,106.3,1
94,93,125.6,2
94,104,148.3,3
94,91,168.8,4
94,103,205.4,5
95,106,43.2,1
95,599,116.0,2
95,91,133.6,3
95,574,159.6,4
95,593,159.6,5
96,86,99.0,1
96,101,359.2,2
96,93,440.5,3
96,104,460.2,4
96,91,463.9,5
97,103,122.4,1
97,88,144.6,2
97,93,201.6,3
97,89,212.1,4
97,104,221.1,5
98,582,254.3,1
98,102,390.9,2
98,85,416.0,3
98,1151,602.6,4
98,1165,762.4,5
99,104,66.8,1
99,88,80.6,2
99,574,87.2,3
99,593,87.2,4
99,93,114.7,5
101,93,84.9,1
101,104,104.6,2
101,94,106.3,3
101,91,108.3,4
101,103,164.7,5
102,85,25.1,1
102,1151,211.7,2
102,1165,371.5,3
102,98,390.9,4
102,1154,433.3,5
103,93,81.5,1
103,97,122.4,2
103,104,128.3,3
103,89,131.2,4
103,101,164.7,5
104,93,48.5,1
104,99,66.8,2
104,91,102.3,3
104,101,104.6,4
104,103,128.3,5
105,1160,129.9,1
105,1169,196.0,2
105,1134,213.4,3
105,1150,213.4,4
105,1135,238.7,5
106,95,43.2,1
106,91,131.6,2
106,90,132.8,3
106,599,159.2,4
106,93,194.3,5
158,160,10.4,1
158,352,25.4,2
158,345,26.9,3
158,347,55.4,4
158,348,65.6,5
160,158,10.4,1
160,352,24.3,2
160,345,25.8,3
160,347,54.4,4
160,348,64.6,5
167,168,24.9,1
167,173,45.9,2
167,169,61.6,3
167,349,62.4,4
167,347,81.1,5
168,167,24.9,1
168,169,42.4,2
168,173,56.6,3
168,817,58.8,4
168,824,59.8,5
169,173,20.2,1
169,168,42.4,2
169,817,44.6,3
169,351,57.2,4
169,167,61.6,5
173,169,20.2,1
173,167,45.9,2
173,168,56.6,3
173,349,62.1,4
173,347,64.2,5
181,833,65.3,1
181,839,84.8,2
181,814,104.9,3
181,815,104.9,4
181,822,110.4,5
184,926,63.2,1
184,923,124.5,2
184,918,165.7,3
184,928,178.5,4
184,924,190.4,5
185,188,26.4,1
185,1037,96.4,2
185,1007,98.2,3
185,1015,110.0,4
185,1033,121.2,5
188,185,26.4,1
188,1033,106.2,2
188,1037,121.2,3
188,1007,123.0,4
188,1025,125.9,5
191,922,46.4,1
191,930,83.1,2
191,927,141.0,3
191,918,184.4,4
191,928,195.6,5
194,204,16.6,1
194,196,35.3,2
194,205,35.3,3
194,195,55.3,4
194,820,55.6,5
195,204,38.7,1
195,198,41.6,2
195,194,55.3,3
195,196,56.8,4
195,205,56.8,5
196,205,0.0,1
196,198,29.8,2
196,194,35.3,3
196,204,48.5,4
196,195,56.8,5
198,196,29.8,1
198,205,29.8,2
198,195,41.6,3
198,203,42.1,4
198,204,49.2,5
201,820,40.4,1
201,832,44.7,2
201,194,63.7,3
201,204,78.8,4
201,196,80.5,5
203,198,42.1,1
203,196,71.8,2
203,205,71.8,3
203,195,83.7,4
203,204,91.3,5
204,194,16.6,1
204,195,38.7,2
204,196,48.5,3
204,205,48.5,4
204,198,49.2,5
205,196,0.0,1
205,198,29.8,2
205,194,35.3,3
205,204,48.5,4
205,195,56.8,5
206,218,0.0,1
206,219,49.9,2
206,211,57.0,3
206,223,134.7,4
206,216,147.6,5
207,215,166.8,1
207,221,243.9,2
207,208,284.6,3
207,210,323.0,4
207,214,341.5,5
208,210,112.6,1
208,221,123.3,2
208,214,220.9,3
208,215,230.4,4
208,209,256.3,5
209,213,172.9,1
209,210,177.7,2
209,208,256.3,3
209,221,305.4,4
209,1518,319.5,5
210,208,112.6,1
210,221,161.7,2
210,209,177.7,3
210,213,180.4,4
210,214,259.3,5
211,206,57.0,1
211,218,57.0,2
211,219,85.1,3
211,214,110.0,4
211,223,166.4,5
212,222,41.4,1
212,1405,77.5,2
212,217,111.1,3
212,1396,165.6,4
212,223,182.1,5
213,1518,162.1,1
213,209,172.9,2
213,210,180.4,3
213,1511,186.4,4
213,208,258.9,5
214,221,108.5,1
214,211,110.0,2
214,206,162.4,3
214,218,162.4,4
214,219,190.6,5
215,207,166.8,1
215,221,189.7,2
215,208,230.4,3
215,210,268.9,4
215,223,273.7,5
216,1401,54.2,1
216,1404,86.3,2
216,219,97.7,3
216,217,125.7,4
216,206,147.6,5
217,222,69.8,1
217,223,97.1,2
217,212,111.1,3
217,216,125.7,4
217,219,148.9,5
218,206,0.0,1
218,219,49.9,2
218,211,57.0,3
218,223,134.7,4
218,216,147.6,5
219,206,49.9,1
219,218,49.9,2
219,211,85.1,3
219,216,97.7,4
219,223,116.4,5
220,1055,102.8,1
220,901,155.0,2
220,214,195.5,3
220,908,234.0,4
220,1404,248.6,5
221,214,108.5,1
221,208,123.3,2
221,210,161.7,3
221,215,189.7,4
221,211,208.8,5
222,212,41.4,1
222,217,69.8,2
222,1405,117.3,3
222,223,140.7,4
222,219,194.5,5
223,217,97.1,1
223,219,116.4,2
223,206,134.7,3
223,218,134.7,4
223,222,140.7,5
224,237,7.6,1
224,233,46.8,2
224,238,84.7,3
224,241,94.2,4
224,231,128.5,5
225,227,314.8,1
225,234,515.5,2
225,228,745.3,3
225,230,747.4,4
225,236,776.8,5
226,236,197.2,1
226,229,209.2,2
226,239,372.5,3
226,230,385.9,4
226,231,414.9,5
227,234,229.5,1
227,225,314.8,2
227,228,459.3,3
227,230,461.4,4
227,236,490.9,5
228,234,229.8,1
228,917,351.6,2
228,916,357.2,3
228,230,435.9,4
228,227,459.3,5
229,236,17.9,1
229,239,180.6,2
229,231,205.7,3
229,226,209.2,4
229,230,240.1,5
230,243,123.1,1
230,236,228.2,2
230,234,231.9,3
230,229,240.1,4
230,226,385.9,5
231,241,85.5,1
231,224,128.5,2
231,237,135.8,3
231,905,150.8,4
231,233,175.1,5
232,238,105.6,1
232,237,178.8,2
232,224,186.3,3
232,235,203.3,4
232,769,218.7,5
233,224,46.8,1
233,237,50.4,2
233,238,127.5,3
233,242,136.4,4
233,241,140.7,5
234,227,229.5,1
234,228,229.8,2
234,230,231.9,3
234,236,261.3,4
234,229,273.3,5
235,238,101.6,1
235,1281,125.8,2
235,237,174.7,3
235,1301,176.4,4
235,224,182.3,5
236,229,17.9,1
236,239,181.2,2
236,226,197.2,3
236,231,223.6,4
236,230,228.2,5
237,224,7.6,1
237,233,50.4,2
237,238,77.1,3
237,241,101.4,4
237,231,135.8,5
238,237,77.1,1
238,224,84.7,2
238,235,101.6,3
238,232,105.6,4
238,233,127.5,5
239,229,180.6,1
239,236,181.2,2
239,242,281.1,3
239,226,372.5,4
239,231,386.4,5
240,241,190.4,1
240,905,236.4,2
240,231,275.9,3
240,224,284.6,4
240,237,291.8,5
241,905,65.3,1
241,231,85.5,2
241,224,94.2,3
241,237,101.4,4
241,233,140.7,5
242,233,136.4,1
242,224,182.4,2
242,237,186.0,3
242,238,263.1,4
242,241,276.3,5
243,230,123.1,1
243,236,351.2,2
243,234,355.0,3
243,229,363.1,4
243,226,509.0,5
269,278,7.2,1
269,281,33.5,2
269,284,40.8,3
269,1291,57.8,4
269,276,70.6,5
270,272,0.0,1
270,375,16.4,2
270,274,38.0,3
270,489,52.4,4
270,354,57.7,5
271,273,0.0,1
271,494,52.3,2
271,501,67.6,3
271,478,72.0,4
271,498,75.2,5
272,270,0.0,1
272,375,16.4,2
272,274,38.0,3
272,489,52.4,4
272,354,57.7,5
273,271,0.0,1
273,494,52.3,2
273,501,67.6,3
273,478,72.0,4
273,498,75.2,5
274,270,38.0,1
274,272,38.0,2
274,375,50.1,3
274,481,73.8,4
274,478,82.4,5
275,1291,36.9,1
275,1573,57.9,2
275,278,76.4,3
275,1570,81.9,4
275,269,82.3,5
276,283,22.9,1
276,284,32.2,2
276,280,35.2,3
276,282,40.8,4
276,277,58.2,5
277,282,28.0,1
277,283,37.4,2
277,276,58.2,3
277,280,65.3,4
277,1298,69.3,5
278,269,7.2,1
278,281,38.3,2
278,284,47.0,3
278,1291,56.5,4
278,275,76.4,5
279,365,52.7,1
279,284,60.2,2
279,276,84.4,3
279,364,88.8,4
279,280,92.1,5
280,283,28.4,1
280,276,35.2,2
280,284,39.8,3
280,281,61.1,4
280,282,62.4,5
281,269,33.5,1
281,278,38.3,2
281,1302,49.6,3
281,280,61.1,4
281,284,62.6,5
282,277,28.0,1
282,283,34.4,2
282,276,40.8,3
282,280,62.4,4
282,284,71.1,5
283,276,22.9,1
283,280,28.4,2
283,282,34.4,3
283,277,37.4,4
283,284,55.0,5
284,276,32.2,1
284,280,39.8,2
284,269,40.8,3
284,278,47.0,4
284,283,55.0,5
285,1551,93.6,1
285,1558,140.8,2
285,1532,160.9,3
285,1545,182.3,4
285,275,187.0,5
287,479,23.2,1
287,289,35.9,2
287,495,55.0,3
287,292,57.9,4
287,308,65.1,5
288,307,29.4,1
288,300,35.1,2
288,305,45.1,3
288,1761,62.1,4
288,293,68.4,5
289,292,26.8,1
289,308,29.2,2
289,287,35.9,3
289,479,57.0,4
289,2270,59.2,5
290,308,30.9,1
290,292,39.8,2
290,2257,54.6,3
290,289,60.1,4
290,302,67.1,5
292,289,26.8,1
292,2270,32.4,2
292,308,36.8,3
292,290,39.8,4
292,287,57.9,5
293,1534,34.9,1
293,300,36.5,2
293,305,62.3,3
293,288,68.4,4
293,304,86.3,5
294,1761,31.9,1
294,307,41.7,2
294,1741,53.0,3
294,288,68.7,4
294,1743,74.2,5
295,297,21.5,1
295,298,39.2,2
295,303,50.7,3
295,1744,54.8,4
295,1753,61.4,5
296,1565,28.3,1
296,302,36.8,2
296,1541,54.2,3
296,301,66.8,4
296,289,79.1,5
297,295,21.5,1
297,298,45.9,2
297,303,50.3,3
297,1744,54.4,4
297,1753,68.0,5
298,1753,23.0,1
298,295,39.2,2
298,297,45.9,3
298,300,52.8,4
298,307,55.0,5
300,288,35.1,1
300,293,36.5,2
300,304,52.7,3
300,298,52.8,4
300,307,61.9,5
301,302,33.6,1
301,303,36.4,2
301,1565,52.2,3
301,308,56.6,4
301,304,59.7,5
302,301,33.6,1
302,296,36.8,2
302,308,42.8,3
302,303,54.4,4
302,1565,65.2,5
303,1744,27.6,1
303,301,36.4,2
303,297,50.3,3
303,295,50.7,4
303,302,54.4,5
304,300,52.7,1
304,301,59.7,2
304,303,69.5,3
304,302,82.3,4
304,288,82.6,5
305,288,45.1,1
305,306,61.6,2
305,300,62.0,3
305,293,62.3,4
305,1555,63.0,5
306,1548,18.8,1
306,1849,35.3,2
306,1851,61.3,3
306,305,61.6,4
306,1555,69.1,5
307,288,29.4,1
307,1761,35.1,2
307,294,41.7,3
307,1753,54.0,4
307,298,55.0,5
308,289,29.2,1
308,290,30.9,2
308,292,36.8,3
308,302,42.8,4
308,301,56.6,5
309,326,21.0,1
309,342,79.9,2
309,329,83.5,3
309,339,126.4,4
309,343,180.4,5
312,330,269.7,1
312,866,463.8,2
312,888,463.8,3
312,326,511.6,4
312,309,532.6,5
314,340,176.5,1
314,326,177.5,2
314,343,182.6,3
314,309,198.4,4
314,337,258.7,5
315,334,594.8,1
315,327,1399.5,2
315,336,1617.7,3
315,325,1632.3,4
315,333,2043.2,5
316,341,806.2,1
316,319,952.2,2
316,328,1590.5,3
316,338,1805.5,4
316,337,1961.6,5
317,320,82.7,1
317,321,474.1,2
317,322,557.5,3
317,309,657.7,4
317,326,677.5,5
318,335,358.2,1
318,332,575.6,2
318,1435,795.0,3
318,1438,899.6,4
318,338,1137.6,5
319,341,602.1,1
319,338,853.4,2
319,316,952.2,3
319,337,1009.5,4
319,343,1087.3,5
320,317,82.7,1
320,321,391.4,2
320,322,474.8,3
320,309,575.0,4
320,326,594.8,5
321,309,183.6,1
321,326,203.4,2
321,342,259.7,3
321,329,264.0,4
321,339,306.9,5
322,320,474.8,1
322,317,557.5,2
322,321,863.9,3
322,309,1047.5,4
322,326,1067.3,5
325,327,233.4,1
325,336,418.8,2
325,333,420.8,3
325,1152,855.8,4
325,334,1037.6,5
326,309,21.0,1
326,342,91.5,2
326,329,96.6,3
326,339,139.5,4
326,343,159.3,5
327,336,218.7,1
327,325,233.4,2
327,333,644.3,3
327,334,804.7,4
327,1152,813.4,5
328,341,794.1,1
328,319,1386.3,2
328,316,1590.5,3
328,338,2239.7,4
328,337,2395.8,5
329,309,83.5,1
329,326,96.6,2
329,339,155.8,3
329,342,162.9,4
329,343,256.0,5
330,866,204.2,1
330,888,204.2,2
330,312,269.7,3
330,886,381.3,4
330,878,506.5,5
331,2349,274.4,1
331,2347,635.8,2
331,335,784.3,3
331,318,1142.6,4
331,332,1712.6,5
332,1435,389.6,1
332,1438,494.2,2
332,338,563.3,3
332,318,575.6,4
332,337,719.4,5
333,325,420.8,1
333,327,644.3,2
333,336,829.7,3
333,1152,1266.7,4
333,334,1448.5,5
334,315,594.8,1
334,327,804.7,2
334,336,1022.9,3
334,325,1037.6,4
334,333,1448.5,5
335,318,358.2,1
335,331,784.3,2
335,332,928.3,3
335,2349,973.2,4
335,1435,1147.7,5
336,327,218.7,1
336,325,418.8,2
336,333,829.7,3
336,1152,998.9,4
336,334,1022.9,5
337,343,80.1,1
337,338,156.1,2
337,326,235.4,3
337,309,256.4,4
337,314,258.7,5
338,337,156.1,1
338,343,233.9,2
338,326,389.2,3
338,309,410.2,4
338,314,412.5,5
339,309,126.4,1
339,326,139.5,2
339,329,155.8,3
339,343,194.4,4
339,342,205.8,5
340,314,176.5,1
340,343,334.4,2
340,326,354.0,3
340,309,374.9,4
340,337,410.5,5
341,319,602.1,1
341,328,794.1,2
341,316,806.2,3
341,338,1455.4,4
341,337,1611.5,5
342,309,79.9,1
342,326,91.5,2
342,329,162.9,3
342,339,205.8,4
342,343,250.8,5
343,337,80.1,1
343,326,159.3,2
343,309,180.4,3
343,314,182.6,4
343,339,194.4,5
345,352,24.9,1
345,160,25.8,2
345,158,26.9,3
345,346,41.7,4
345,347,42.3,5
346,347,17.6,1
346,348,27.8,2
346,345,41.7,3
346,352,43.5,4
346,349,48.9,5
347,348,10.2,1
347,346,17.6,2
347,349,31.3,3
347,352,32.0,4
347,345,42.3,5
348,347,10.2,1
348,349,21.0,2
348,346,27.8,3
348,352,42.3,4
348,345,52.6,5
349,348,21.0,1
349,347,31.3,2
349,346,48.9,3
349,173,62.1,4
349,167,62.4,5
351,834,52.6,1
351,169,57.2,2
351,173,66.5,3
351,352,83.5,4
351,347,93.8,5
352,160,24.3,1
352,345,24.9,2
352,158,25.4,3
352,347,32.0,4
352,348,42.3,5
354,371,20.6,1
354,388,40.3,2
354,375,41.9,3
354,370,52.1,4
354,379,56.5,5
355,373,34.2,1
355,382,37.8,2
355,385,47.6,3
355,383,52.6,4
355,374,62.1,5
356,438,2.5,1
356,418,41.6,2
356,430,42.8,3
356,436,43.0,4
356,421,58.2,5
357,368,42.4,1
357,398,52.4,2
357,362,57.9,3
357,380,58.1,4
357,26,59.5,5
358,387,55.8,1
358,397,64.7,2
358,386,64.8,3
358,396,66.3,4
358,1908,89.5,5
359,56,61.1,1
359,36,70.6,2
359,51,75.5,3
359,383,83.7,4
359,384,92.4,5
360,397,35.6,1
360,379,49.4,2
360,361,56.0,3
360,388,79.3,4
360,386,90.4,5
361,360,56.0,1
361,392,65.9,2
361,397,89.4,3
361,358,91.7,4
361,387,94.1,5
362,380,48.5,1
362,391,50.0,2
362,374,50.3,3
362,368,56.3,4
362,357,57.9,5
363,369,31.8,1
363,376,36.1,2
363,393,40.6,3
363,377,65.8,4
363,502,68.0,5
364,367,37.0,1
364,365,37.5,2
364,395,40.5,3
364,371,45.2,4
364,390,59.6,5
365,364,37.5,1
365,371,46.0,2
365,279,52.7,3
365,367,63.9,4
365,354,66.5,5
366,26,23.2,1
366,368,35.2,2
366,398,36.0,3
366,75,43.8,4
366,380,61.7,5
367,364,37.0,1
367,1280,39.0,2
367,390,51.1,3
367,378,55.3,4
367,365,63.9,5
368,380,27.2,1
368,366,35.2,2
368,357,42.4,3
368,26,51.0,4
368,362,56.3,5
369,363,31.8,1
369,502,36.2,2
369,393,39.7,3
369,485,56.4,4
369,376,67.9,5
370,375,51.5,1
370,354,52.1,2
370,270,60.1,3
370,272,60.1,4
370,371,65.8,5
371,354,20.6,1
371,388,41.2,2
371,364,45.2,3
371,365,46.0,4
371,375,55.1,5
372,499,26.5,1
372,485,47.1,2
372,490,70.1,3
372,369,73.3,4
372,502,80.5,5
373,382,26.9,1
373,355,34.2,2
373,428,46.7,3
373,423,57.9,4
373,385,59.8,5
374,391,48.5,1
374,362,50.3,2
374,385,59.9,3
374,355,62.1,4
374,373,74.3,5
375,270,16.4,1
375,272,16.4,2
375,354,41.9,3
375,489,43.8,4
375,274,50.1,5
376,363,36.1,1
376,503,45.1,2
376,490,49.2,3
376,480,64.4,4
376,369,67.9,5
377,393,44.0,1
377,363,65.8,2
377,369,82.3,3
377,370,83.6,4
377,376,101.9,5
378,1259,13.7,1
378,1270,13.7,2
378,390,50.2,3
378,367,55.3,4
378,1280,56.9,5
379,360,49.4,1
379,354,56.5,2
379,388,62.4,3
379,371,73.0,4
379,397,84.5,5
380,368,27.2,1
380,362,48.5,2
380,357,58.1,3
380,366,61.7,4
380,26,77.5,5
381,373,60.0,1
381,378,70.8,2
381,382,79.7,3
381,1259,82.1,4
381,1270,82.1,5
382,373,26.9,1
382,355,37.8,2
382,423,40.7,3
382,428,42.5,4
382,385,63.5,5
383,355,52.6,1
383,391,71.7,2
383,384,80.3,3
383,373,83.3,4
383,359,83.7,5
384,36,51.1,1
384,391,57.4,2
384,357,64.0,3
384,362,75.0,4
384,383,80.3,5
385,355,47.6,1
385,373,59.8,2
385,374,59.9,3
385,382,63.5,4
385,386,83.5,5
386,396,54.2,1
386,397,58.3,2
386,358,64.8,3
386,374,77.9,4
386,1909,81.9,5
387,1908,34.9,1
387,1897,43.5,2
387,358,55.8,3
387,1909,60.9,4
387,396,70.3,5
388,354,40.3,1
388,371,41.2,2
388,395,47.3,3
388,379,62.4,4
388,390,70.9,5
390,395,23.8,1
390,378,50.2,2
390,367,51.1,3
390,364,59.6,4
390,1259,61.5,5
391,374,48.5,1
391,362,50.0,2
391,384,57.4,3
391,355,62.8,4
391,357,69.1,5
392,361,65.9,1
392,2269,66.5,2
392,2274,93.0,3
392,360,100.5,4
392,2252,119.7,5
393,369,39.7,1
393,363,40.6,2
393,377,44.0,3
393,502,75.9,4
393,2272,76.6,5
395,390,23.8,1
395,364,40.5,2
395,388,47.3,3
395,367,71.1,4
395,378,72.6,5
396,1909,27.6,1
396,1908,52.8,2
396,386,54.2,3
396,1892,62.5,4
396,358,66.3,5
397,360,35.6,1
397,386,58.3,2
397,358,64.7,3
397,379,84.5,4
397,361,89.4,5
398,26,15.3,1
398,75,27.1,2
398,366,36.0,3
398,357,52.4,4
398,82,59.7,5
401,402,43.7,1
401,403,119.2,2
401,414,233.1,3
401,449,275.7,4
401,458,300.6,5
402,401,43.7,1
402,403,75.6,2
402,414,189.5,3
402,449,239.0,4
402,458,263.9,5
403,402,75.6,1
403,414,114.5,2
403,401,119.2,3
403,405,234.8,4
403,416,244.2,5
404,405,80.9,1
404,408,158.8,2
404,410,163.6,3
404,413,175.3,4
404,416,195.7,5
405,408,80.1,1
405,404,80.9,2
405,410,85.7,3
405,416,117.0,4
405,414,122.7,5
408,405,80.1,1
408,410,149.1,2
408,404,158.8,3
408,416,174.1,4
408,414,179.7,5
410,416,82.6,1
410,405,85.7,2
410,414,145.4,3
410,408,149.1,4
410,404,163.6,5
413,404,175.3,1
413,405,224.6,2
413,408,302.5,3
413,410,307.3,4
413,416,339.4,5
414,403,114.5,1
414,405,122.7,2
414,416,132.1,3
414,410,145.4,4
414,408,179.7,5
416,410,82.6,1
416,405,117.0,2
416,414,132.1,3
416,408,174.1,4
416,404,195.7,5
418,430,18.6,1
418,438,39.1,2
418,446,40.9,3
418,356,41.6,4
418,419,51.5,5
419,444,35.5,1
419,763,37.9,2
419,418,51.5,3
419,430,53.0,4
419,422,81.3,5
420,424,32.4,1
420,447,36.4,2
420,445,40.8,3
420,437,58.0,4
420,431,82.8,5
421,423,38.9,1
421,425,45.2,2
421,438,55.7,3
421,428,57.7,4
421,356,58.2,5
422,440,8.2,1
422,432,52.1,2
422,430,56.1,3
422,436,56.3,4
422,433,59.3,5
423,421,38.9,1
423,382,40.7,2
423,428,43.6,3
423,373,57.9,4
423,356,60.0,5
424,420,32.4,1
424,437,50.7,2
424,434,54.5,3
424,431,54.6,4
424,445,67.1,5
425,443,35.6,1
425,421,45.2,2
425,441,70.0,3
425,442,72.9,4
425,423,82.3,5
428,382,42.5,1
428,435,43.2,2
428,423,43.6,3
428,373,46.7,4
428,421,57.7,5
429,434,31.1,1
429,431,49.1,2
429,444,49.3,3
429,737,57.7,4
429,756,76.0,5
430,418,18.6,1
430,438,40.3,2
430,356,42.8,3
430,419,53.0,4
430,422,56.1,5
431,437,47.2,1
431,429,49.1,2
431,446,51.8,3
431,424,54.6,4
431,441,66.3,5
432,25,25.3,1
432,62,30.7,2
432,440,43.9,3
432,422,52.1,4
432,433,59.7,5
433,440,51.1,1
433,422,59.3,2
433,432,59.7,3
433,25,80.9,4
433,436,83.6,5
434,429,31.1,1
434,424,54.5,2
434,431,80.3,3
434,444,80.5,4
434,420,86.9,5
435,428,43.2,1
435,1259,49.2,2
435,1270,49.2,3
435,378,62.9,4
435,421,70.6,5
436,438,40.6,1
436,356,43.0,2
436,440,48.1,3
436,422,56.3,4
436,430,58.8,5
437,445,36.9,1
437,431,47.2,2
437,424,50.7,3
437,420,58.0,4
437,441,64.9,5
438,356,2.5,1
438,418,39.1,2
438,430,40.3,3
438,436,40.6,4
438,421,55.7,5
440,422,8.2,1
440,432,43.9,2
440,436,48.1,3
440,433,51.1,4
440,430,61.1,5
441,443,41.3,1
441,442,43.7,2
441,437,64.9,3
441,431,66.3,4
441,425,70.0,5
442,441,43.7,1
442,443,44.2,2
442,1274,49.0,3
442,425,72.9,4
442,437,107.9,5
443,425,35.6,1
443,441,41.3,2
443,442,44.2,3
443,421,72.8,4
443,1274,91.0,5
444,419,35.5,1
444,429,49.3,2
444,446,52.6,3
444,763,73.4,4
444,431,78.0,5
445,437,36.9,1
445,420,40.8,2
445,424,67.1,3
445,447,72.3,4
445,1297,78.5,5
446,418,40.9,1
446,431,51.8,2
446,444,52.6,3
446,430,59.4,4
446,438,80.0,5
447,420,36.4,1
447,1299,51.7,2
447,424,68.3,3
447,445,72.3,4
447,1272,85.9,5
448,459,13.9,1
448,452,16.1,2
448,676,20.8,3
448,453,22.3,4
448,725,76.0,5
449,458,31.7,1
449,455,131.8,2
449,450,168.9,3
449,448,186.6,4
449,453,195.9,5
450,455,39.9,1
450,453,69.8,2
450,725,75.8,3
450,448,83.1,4
450,676,87.6,5
451,452,94.1,1
451,459,98.7,2
451,448,110.1,3
451,676,130.9,4
451,453,132.1,5
452,459,7.4,1
452,448,16.1,2
452,676,36.9,3
452,453,38.1,4
452,456,74.4,5
453,448,22.3,1
453,676,26.8,2
453,459,35.9,3
453,452,38.1,4
453,450,69.8,5
455,450,39.9,1
455,453,78.2,2
455,458,100.1,3
455,448,100.6,4
455,676,105.1,5
456,452,74.4,1
456,460,76.0,2
456,459,78.9,3
456,448,90.4,4
456,711,106.5,5
457,722,40.9,1
457,460,73.4,2
457,680,109.7,3
457,711,118.4,4
457,677,136.1,5
458,449,31.7,1
458,455,100.1,2
458,450,137.2,3
458,448,154.9,4
458,453,164.2,5
459,452,7.4,1
459,448,13.9,2
459,676,34.7,3
459,453,35.9,4
459,456,78.9,5
460,457,73.4,1
460,456,76.0,2
460,711,97.2,3
460,722,106.9,4
460,452,148.9,5
478,498,12.0,1
478,481,16.5,2
478,497,35.6,3
478,494,47.5,4
478,493,49.1,5
479,287,23.2,1
479,495,48.9,2
479,2270,52.7,3
479,289,57.0,4
479,487,77.0,5
480,503,19.3,1
480,490,32.4,2
480,487,37.9,3
480,496,45.3,4
480,497,46.6,5
481,478,16.5,1
481,498,18.6,2
481,493,33.1,3
481,497,40.4,4
481,491,61.6,5
482,500,0.0,1
482,492,29.6,2
482,495,41.2,3
482,484,47.7,4
482,486,51.8,5
484,486,33.5,1
484,491,39.7,2
484,494,40.4,3
484,501,46.5,4
484,492,46.7,5
485,499,22.6,1
485,490,27.1,2
485,502,33.4,3
485,372,47.1,4
485,369,56.4,5
486,487,24.7,1
486,484,33.5,2
486,491,41.8,3
486,480,46.7,4
486,482,51.8,5
487,486,24.7,1
487,480,37.9,2
487,490,43.0,3
487,503,57.1,4
487,485,57.6,5
489,375,43.8,1
489,496,46.6,2
489,270,52.4,3
489,272,52.4,4
489,497,55.7,5
490,485,27.1,1
490,480,32.4,2
490,502,39.7,3
490,487,43.0,4
490,499,45.6,5
491,497,24.1,1
491,484,39.7,2
491,486,41.8,3
491,498,44.8,4
491,480,48.4,5
492,482,29.6,1
492,500,29.6,2
492,501,31.3,3
492,484,46.7,4
492,1550,62.9,5
493,481,33.1,1
493,498,38.8,2
493,497,41.6,3
493,478,49.1,4
493,491,63.0,5
494,484,40.4,1
494,501,46.3,2
494,478,47.5,3
494,491,49.9,4
494,498,50.6,5
495,1567,37.8,1
495,482,41.2,2
495,500,41.2,3
495,479,48.9,4
495,287,55.0,5
496,503,27.4,1
496,497,42.2,2
496,480,45.3,3
496,489,46.6,4
496,491,63.6,5
497,498,23.6,1
497,491,24.1,2
497,478,35.6,3
497,481,40.4,4
497,493,41.6,5
498,478,12.0,1
498,481,18.6,2
498,497,23.6,3
498,493,38.8,4
498,491,44.8,5
499,485,22.6,1
499,372,26.5,2
499,490,45.6,3
499,502,56.0,4
499,369,71.4,5
500,482,0.0,1
500,492,29.6,2
500,495,41.2,3
500,484,47.7,4
500,486,51.8,5
501,492,31.3,1
501,1550,31.7,2
501,494,46.3,3
501,484,46.5,4
501,1569,55.5,5
502,485,33.4,1
502,369,36.2,2
502,490,39.7,3
502,499,56.0,4
502,363,68.0,5
503,480,19.3,1
503,496,27.4,2
503,376,45.1,3
503,490,48.2,4
503,487,57.1,5
504,509,21.9,1
504,545,21.9,2
504,528,55.6,3
504,543,57.8,4
504,531,78.7,5
505,571,52.4,1
505,561,59.6,2
505,566,65.9,3
505,567,70.9,4
505,528,78.5,5
506,552,38.0,1
506,515,45.9,2
506,554,57.9,3
506,507,67.3,4
506,517,67.3,5
507,517,0.0,1
507,542,27.1,2
507,552,32.0,3
507,554,49.0,4
507,563,64.2,5
508,525,39.0,1
508,537,51.0,2
508,560,88.3,3
508,509,98.6,4
508,545,98.6,5
509,545,0.0,1
509,504,21.9,2
509,559,66.6,3
509,531,68.3,4
509,528,76.5,5
510,522,38.8,1
510,538,78.2,2
510,547,78.5,3
510,521,87.1,4
510,565,91.5,5
511,512,12.8,1
511,558,29.2,2
511,572,38.3,3
511,519,51.4,4
511,535,58.8,5
512,511,12.8,1
512,558,38.3,2
512,572,50.1,3
512,519,61.7,4
512,535,68.0,5
515,554,38.5,1
515,506,45.9,2
515,552,70.6,3
515,12,71.1,4
515,10,76.5,5
516,524,52.2,1
516,553,59.4,2
516,564,79.8,3
516,529,80.6,4
516,550,86.5,5
517,507,0.0,1
517,542,27.1,2
517,552,32.0,3
517,554,49.0,4
517,563,64.2,5
518,549,48.9,1
518,553,69.9,2
518,535,79.1,3
518,524,84.2,4
518,530,101.5,5
519,511,51.4,1
519,1609,59.8,2
519,512,61.7,3
519,558,80.1,4
519,572,82.0,5
520,546,59.4,1
520,552,60.5,2
520,507,89.6,3
520,517,89.6,4
520,554,93.5,5
521,522,50.7,1
521,540,52.5,2
521,549,67.8,3
521,510,87.1,4
521,541,97.8,5
522,510,38.8,1
522,521,50.7,2
522,541,65.3,3
522,565,96.1,4
522,540,102.4,5
523,560,53.2,1
523,569,55.0,2
523,537,90.5,3
523,1228,104.2,4
523,1234,115.8,5
524,550,35.8,1
524,516,52.2,2
524,539,65.2,3
524,549,66.3,4
524,518,84.2,5
525,508,39.0,1
525,537,89.5,2
525,559,92.6,3
525,1241,113.9,4
525,509,116.4,5
527,562,24.9,1
527,536,53.8,2
527,538,66.7,3
527,533,86.9,4
527,510,91.9,5
528,561,51.2,1
528,504,55.6,2
528,509,76.5,3
528,545,76.5,4
528,505,78.5,5
529,534,24.3,1
529,564,62.9,2
529,516,80.6,3
529,544,85.1,4
529,1621,95.1,5
530,535,39.6,1
530,558,68.8,2
530,540,69.1,3
530,549,91.3,4
530,511,97.9,5
531,563,48.5,1
531,509,68.3,2
531,545,68.3,3
531,537,69.6,4
531,504,78.7,5
532,12,63.0,1
532,10,71.5,2
532,507,83.4,3
532,517,83.4,4
532,542,110.4,5
533,536,34.8,1
533,566,83.9,2
533,527,86.9,3
533,547,92.6,4
533,571,108.0,5
534,529,24.3,1
534,544,62.3,2
534,1621,72.2,3
534,564,86.2,4
534,516,104.9,5
535,558,29.7,1
535,530,39.6,2
535,511,58.8,3
535,512,68.0,4
535,518,79.1,5
536,533,34.8,1
536,527,53.8,2
536,547,57.8,3
536,562,76.7,4
536,510,95.3,5
537,560,37.3,1
537,508,51.0,2
537,531,69.6,3
537,569,88.6,4
537,525,89.5,5
538,562,41.8,1
538,527,66.7,2
538,510,78.2,3
538,522,114.6,4
538,536,118.5,5
539,550,33.5,1
539,524,65.2,2
539,548,66.9,3
539,564,83.7,4
539,505,94.6,5
540,521,52.5,1
540,530,69.1,2
540,565,72.8,3
540,522,102.4,4
540,535,108.7,5
541,547,46.3,1
541,522,65.3,2
541,571,79.6,3
541,521,97.8,4
541,536,100.8,5
542,507,27.1,1
542,517,27.1,2
542,563,47.2,3
542,552,53.3,4
542,554,70.3,5
543,557,32.1,1
543,548,54.9,2
543,504,57.8,3
543,561,76.4,4
543,509,77.6,5
544,568,60.1,1
544,534,62.3,2
544,529,85.1,3
544,1614,113.9,4
544,572,121.6,5
545,509,0.0,1
545,504,21.9,2
545,559,66.6,3
545,531,68.3,4
545,528,76.5,5
546,520,59.4,1
546,555,67.9,2
546,566,82.7,3
546,506,86.8,4
546,552,95.8,5
547,541,46.3,1
547,571,50.0,2
547,536,57.8,3
547,510,78.5,4
547,533,92.6,5
548,543,54.9,1
548,539,66.9,2
548,564,72.1,3
548,557,79.2,4
548,550,96.5,5
549,518,48.9,1
549,524,66.3,2
549,521,67.8,3
549,550,76.6,4
549,530,91.3,5
550,539,33.5,1
550,524,35.8,2
550,549,76.6,3
550,516,86.5,4
550,548,96.5,5
552,507,32.0,1
552,517,32.0,2
552,554,35.9,3
552,506,38.0,4
552,542,53.3,5
553,516,59.4,1
553,518,69.9,2
553,568,79.5,3
553,511,110.2,4
553,524,111.6,5
554,552,35.9,1
554,515,38.5,2
554,507,49.0,3
554,517,49.0,4
554,506,57.9,5
555,546,67.9,1
555,570,76.3,2
555,506,103.3,3
555,16,107.4,4
555,552,124.1,5
556,507,104.6,1
556,517,104.6,2
556,14,110.0,3
556,542,129.5,4
556,552,136.5,5
557,543,32.1,1
557,548,79.2,2
557,564,81.9,3
557,504,89.9,4
557,561,108.5,5
558,511,29.2,1
558,535,29.7,2
558,512,38.3,3
558,572,67.3,4
558,530,68.8,5
559,1629,55.2,1
559,509,66.6,2
559,545,66.6,3
559,504,79.6,4
559,525,92.6,5
560,537,37.3,1
560,569,51.2,2
560,523,53.2,3
560,508,88.3,4
560,531,106.9,5
561,528,51.2,1
561,505,59.6,2
561,543,76.4,3
561,567,89.3,4
561,504,102.5,5
562,527,24.9,1
562,538,41.8,2
562,536,76.7,3
562,533,109.8,4
562,510,114.6,5
563,542,47.2,1
563,531,48.5,2
563,507,64.2,3
563,517,64.2,4
563,569,74.6,5
564,529,62.9,1
564,548,72.1,2
564,516,79.8,3
564,557,81.9,4
564,539,83.7,5
565,540,72.8,1
565,510,91.5,2
565,522,96.1,3
565,521,125.1,4
565,530,139.4,5
566,567,48.4,1
566,505,65.9,2
566,546,82.7,3
566,533,83.9,4
566,570,110.3,5
567,566,48.4,1
567,505,70.9,2
567,561,89.3,3
567,528,108.1,4
567,571,116.7,5
568,1614,53.7,1
568,544,60.1,2
568,572,61.5,3
568,553,79.5,4
568,511,98.9,5
569,560,51.2,1
569,523,55.0,2
569,507,72.5,3
569,517,72.5,4
569,563,74.6,5
570,555,76.3,1
570,566,110.3,2
570,533,132.9,3
570,546,143.4,4
570,567,158.8,5
571,547,50.0,1
571,505,52.4,2
571,541,79.6,3
571,536,100.4,4
571,533,108.0,5
572,511,38.3,1
572,512,50.1,2
572,568,61.5,3
572,558,67.3,4
572,519,82.0,5
573,601,0.0,1
573,584,94.8,2
573,598,115.4,3
573,604,151.9,4
573,605,151.9,5
574,593,0.0,1
574,99,87.2,2
574,586,141.1,3
574,88,149.8,4
574,104,151.6,5
576,606,74.5,1
576,604,165.3,2
576,605,165.3,3
576,587,165.4,4
576,592,169.1,5
577,580,104.8,1
577,583,113.8,2
577,585,122.6,3
577,594,125.4,4
577,579,132.9,5
578,589,69.9,1
578,602,84.9,2
578,603,110.2,3
578,591,144.1,4
578,600,158.4,5
579,581,109.6,1
579,591,125.8,2
579,577,132.9,3
579,592,138.2,4
579,585,151.0,5
580,602,93.4,1
580,577,104.8,2
580,590,114.3,3
580,583,164.8,4
580,595,171.0,5
581,585,93.3,1
581,579,109.6,2
581,594,178.0,3
581,577,215.4,4
581,591,234.4,5
582,98,254.3,1
582,102,645.2,2
582,866,649.1,3
582,888,649.1,4
582,85,670.3,5
583,590,77.7,1
583,594,79.4,2
583,577,113.8,3
583,585,143.2,4
583,580,164.8,5
584,573,94.8,1
584,601,94.8,2
584,604,110.7,3
584,605,110.7,4
584,607,148.8,5
585,581,93.3,1
585,594,109.9,2
585,577,122.6,3
585,583,143.2,4
585,579,151.0,5
586,574,141.1,1
586,593,141.1,2
586,88,148.7,3
586,99,154.2,4
586,104,218.3,5
587,576,165.4,1
587,606,218.4,2
587,604,309.2,3
587,605,309.2,4
587,592,332.6,5
588,600,293.9,1
588,886,348.7,2
588,589,377.1,3
588,603,411.2,4
588,578,442.4,5
589,603,51.3,1
589,578,69.9,2
589,600,93.1,3
589,595,101.3,4
589,602,119.7,5
590,583,77.7,1
590,580,114.3,2
590,594,153.6,3
590,577,185.8,4
590,602,207.0,5
591,607,65.7,1
591,604,100.7,2
591,605,100.7,3
591,592,117.9,4
591,579,125.8,5
592,604,88.6,1
592,605,88.6,2
592,591,117.9,3
592,607,126.7,4
592,579,138.2,5
593,574,0.0,1
593,99,87.2,2
593,586,141.1,3
593,88,149.8,4
593,104,151.6,5
594,583,79.4,1
594,585,109.9,2
594,577,125.4,3
594,590,153.6,4
594,581,178.0,5
595,602,77.6,1
595,589,101.3,2
595,603,147.3,3
595,578,159.7,4
595,580,171.0,5
597,603,127.6,1
597,589,169.1,2
597,600,201.5,3
597,578,228.0,4
597,607,243.6,5
598,573,115.4,1
598,601,115.4,2
598,599,204.1,3
598,584,209.9,4
598,604,267.0,5
599,95,116.0,1
599,574,155.0,2
599,593,155.0,3
599,106,159.2,4
599,598,204.1,5
600,589,93.1,1
600,603,127.2,2
600,578,158.4,3
600,595,189.8,4
600,597,201.5,5
601,573,0.0,1
601,584,94.8,2
601,598,115.4,3
601,604,151.9,4
601,605,151.9,5
602,595,77.6,1
602,578,84.9,2
602,580,93.4,3
602,589,119.7,4
602,577,146.0,5
603,589,51.3,1
603,578,110.2,2
603,607,120.5,3
603,600,127.2,4
603,597,127.6,5
604,605,0.0,1
604,607,38.1,2
604,592,88.6,3
604,606,90.8,4
604,591,100.7,5
605,604,0.0,1
605,607,38.1,2
605,592,88.6,3
605,606,90.8,4
605,591,100.7,5
606,576,74.5,1
606,604,90.8,2
606,605,90.8,3
606,607,128.9,4
606,584,150.8,5
607,604,38.1,1
607,605,38.1,2
607,591,65.7,3
607,603,120.5,4
607,592,126.7,5
608,1964,2.0,1
608,775,4.0,2
608,612,29.5,3
608,794,39.3,4
608,777,47.4,5
611,613,223.1,1
611,621,258.6,2
611,616,324.5,3
611,612,500.8,4
611,608,530.2,5
612,608,29.5,1
612,1964,31.5,2
612,775,33.6,3
612,794,68.8,4
612,777,76.9,5
613,611,223.1,1
613,612,277.9,2
613,608,307.2,3
613,615,308.0,4
613,1964,309.2,5
614,615,240.8,1
614,612,376.9,2
614,608,406.2,3
614,1964,408.2,4
614,775,410.2,5
615,612,188.2,1
615,608,217.5,2
615,1964,219.5,3
615,775,221.6,4
615,614,240.8,5
616,611,324.5,1
616,613,413.5,2
616,621,539.9,3
616,612,691.2,4
616,608,720.5,5
621,611,258.6,1
621,613,438.6,2
621,616,539.9,3
621,612,716.3,4
621,608,745.6,5
666,686,19.7,1
666,693,24.0,2
666,679,37.7,3
666,670,38.2,4
666,717,71.0,5
667,677,36.3,1
667,691,47.5,2
667,703,64.9,3
667,668,66.7,4
667,687,84.2,5
668,721,42.9,1
668,667,66.7,2
668,1253,82.3,3
668,677,99.9,4
668,691,112.8,5
669,714,14.9,1
669,723,50.9,2
669,698,66.0,3
669,674,75.2,4
669,712,86.2,5
670,666,38.2,1
670,686,53.0,2
670,693,55.8,3
670,679,71.0,4
670,717,108.9,5
671,694,0.0,1
671,675,43.3,2
671,713,130.2,3
671,699,138.2,4
671,690,230.1,5
674,697,30.3,1
674,710,57.4,2
674,683,62.6,3
674,669,75.2,4
674,692,82.2,5
675,671,43.3,1
675,694,43.3,2
675,699,94.8,3
675,713,162.1,4
675,690,186.7,5
676,448,20.8,1
676,453,26.8,2
676,459,34.7,3
676,452,36.9,4
676,725,55.2,5
677,667,36.3,1
677,691,83.5,2
677,722,97.1,3
677,703,99.1,4
677,668,99.9,5
678,718,92.1,1
679,686,18.0,1
679,666,37.7,2
679,693,52.2,3
679,670,71.0,4
679,706,74.1,5
680,722,71.0,1
680,1251,89.8,2
680,457,109.7,3
680,677,113.3,4
680,1253,134.6,5
683,697,59.1,1
683,674,62.6,2
683,692,69.3,3
683,710,90.4,4
683,719,121.9,5
685,711,78.3,1
685,722,122.1,2
685,670,130.5,3
685,457,150.2,4
685,703,160.7,5
686,679,18.0,1
686,666,19.7,2
686,693,40.6,3
686,670,53.0,4
686,706,66.6,5
687,691,37.4,1
687,667,84.2,2
687,677,120.2,3
687,703,143.0,4
687,668,149.5,5
689,702,152.0,1
689,708,245.7,2
689,683,276.1,3
689,697,334.0,4
689,674,337.5,5
690,717,81.7,1
690,699,97.3,2
690,693,107.0,3
690,666,107.8,4
690,686,112.7,5
691,687,37.4,1
691,667,47.5,2
691,677,83.5,3
691,703,106.3,4
691,668,112.8,5
692,719,53.3,1
692,683,69.3,2
692,674,82.2,3
692,697,101.8,4
692,710,133.1,5
693,666,24.0,1
693,686,40.6,2
693,679,52.2,3
693,670,55.8,4
693,717,70.1,5
694,671,0.0,1
694,675,43.3,2
694,713,130.2,3
694,699,138.2,4
694,690,230.1,5
695,725,43.0,1
695,676,78.7,2
695,448,99.5,3
695,453,105.5,4
695,459,113.4,5
696,704,48.7,1
696,705,88.5,2
696,676,100.5,3
696,448,121.3,4
696,453,127.3,5
697,674,30.3,1
697,710,31.5,2
697,683,59.1,3
697,692,101.8,4
697,669,104.6,5
698,715,63.9,1
698,669,66.0,2
698,714,74.6,3
698,723,89.7,4
698,674,90.1,5
699,713,72.7,1
699,675,94.8,2
699,690,97.3,3
699,671,138.2,4
699,694,138.2,5
701,705,59.3,1
701,725,92.3,2
701,676,100.2,3
701,695,115.8,4
701,448,121.0,5
702,689,152.0,1
702,1136,343.8,2
702,1146,343.8,3
702,708,390.6,4
702,683,405.0,5
703,667,64.9,1
703,693,88.4,2
703,677,99.1,3
703,691,106.3,4
703,666,112.2,5
704,696,48.7,1
704,676,98.3,2
704,705,117.3,3
704,448,119.1,4
704,453,125.2,5
705,701,59.3,1
705,676,80.6,2
705,696,88.5,3
705,448,101.4,4
705,453,107.4,5
706,712,65.8,1
706,686,66.6,2
706,723,70.0,3
706,679,74.1,4
706,666,83.0,5
708,689,245.7,1
708,702,390.6,2
708,683,514.8,3
708,697,572.7,4
708,674,576.1,5
710,697,31.5,1
710,674,57.4,2
710,683,90.4,3
710,1161,108.1,4
710,669,131.7,5
711,685,78.3,1
711,722,90.4,2
711,460,97.2,3
711,456,106.5,4
711,457,118.4,5
712,723,42.4,1
712,715,62.3,2
712,706,65.8,3
712,714,76.8,4
712,669,86.2,5
713,699,72.7,1
713,671,130.2,2
713,694,130.2,3
713,690,152.0,4
713,675,162.1,5
714,669,14.9,1
714,723,38.5,2
714,698,74.6,3
714,712,76.8,4
714,715,87.5,5
715,712,62.3,1
715,698,63.9,2
715,714,87.5,3
715,669,96.0,4
715,723,100.4,5
716,671,299.6,1
716,694,299.6,2
716,675,336.3,3
716,713,429.8,4
716,699,431.1,5
717,693,70.1,1
717,666,71.0,2
717,686,75.9,3
717,690,81.7,4
717,679,83.6,5
718,678,92.1,1
719,692,53.3,1
719,683,121.9,2
719,674,133.3,3
719,697,152.9,4
719,710,184.2,5
721,668,42.9,1
721,667,108.5,2
721,1253,125.1,3
721,677,141.7,4
721,691,154.5,5
722,457,40.9,1
722,680,71.0,2
722,711,90.4,3
722,677,97.1,4
722,460,106.9,5
723,714,38.5,1
723,712,42.4,2
723,669,50.9,3
723,706,70.0,4
723,698,89.7,5
725,695,43.0,1
725,676,55.2,2
725,450,75.8,3
725,448,76.0,4
725,453,82.0,5
727,757,0.0,1
727,748,33.8,2
727,741,63.5,3
727,751,65.7,4
727,743,90.5,5
731,767,22.3,1
731,739,65.6,2
731,736,74.4,3
731,2886,97.9,4
731,2809,105.1,5
734,745,15.8,1
734,2886,42.1,2
734,2621,63.4,3
734,2620,87.3,4
734,767,118.7,5
735,754,41.6,1
735,749,63.8,2
735,742,71.1,3
735,766,73.8,4
735,761,76.1,5
736,2809,32.2,1
736,753,60.8,2
736,746,66.3,3
736,731,74.4,4
736,760,81.6,5
737,756,26.9,1
737,738,53.3,2
737,755,55.2,3
737,429,57.7,4
737,764,58.5,5
738,756,26.5,1
738,744,35.8,2
738,758,41.8,3
738,737,53.3,4
738,751,68.1,5
739,767,44.9,1
739,731,65.6,2
739,2886,89.4,3
739,1990,96.7,4
739,745,115.1,5
741,727,63.5,1
741,757,63.5,2
741,748,93.1,3
741,767,118.2,4
741,751,125.0,5
742,754,54.8,1
742,735,71.1,2
742,749,92.7,3
742,763,93.4,4
742,74,118.7,5
743,744,72.4,1
743,727,90.5,2
743,757,90.5,3
743,751,92.0,4
743,748,102.1,5
744,738,35.8,1
744,758,43.0,2
744,751,50.4,3
744,756,58.0,4
744,743,72.4,5
745,734,15.8,1
745,2886,26.3,2
745,2621,78.1,3
745,2620,102.0,4
745,767,102.8,5
746,753,32.4,1
746,760,35.0,2
746,2809,38.1,3
746,736,66.3,4
746,2018,89.8,5
747,765,62.5,1
747,2620,98.2,2
747,2621,127.2,3
747,734,184.7,4
747,745,199.4,5
748,751,32.6,1
748,727,33.8,2
748,757,33.8,3
748,744,72.4,4
748,756,72.4,5
749,74,26.7,1
749,766,35.0,2
749,83,52.8,3
749,37,63.6,4
749,735,63.8,5
751,748,32.6,1
751,756,43.1,2
751,744,50.4,3
751,755,52.4,4
751,727,65.7,5
752,1995,55.2,1
752,2025,55.2,2
752,2018,77.5,3
752,761,79.0,4
752,33,84.5,5
753,746,32.4,1
753,2809,32.6,2
753,760,42.0,3
753,761,57.7,4
753,736,60.8,5
754,735,41.6,1
754,742,54.8,2
754,749,105.4,3
754,766,112.8,4
754,761,115.1,5
755,751,52.4,1
755,737,55.2,2
755,756,57.4,3
755,764,71.0,4
755,738,82.4,5
756,738,26.5,1
756,737,26.9,2
756,751,43.1,3
756,755,57.4,4
756,744,58.0,5
757,727,0.0,1
757,748,33.8,2
757,741,63.5,3
757,751,65.7,4
757,743,90.5,5
758,738,41.8,1
758,744,43.0,2
758,756,64.0,3
758,2885,84.0,4
758,737,90.9,5
760,746,35.0,1
760,753,42.0,2
760,2809,53.5,3
760,2018,54.8,4
760,1995,72.2,5
761,753,57.7,1
761,766,66.4,2
761,735,76.1,3
761,752,79.0,4
761,746,90.1,5
763,419,37.9,1
763,430,72.6,2
763,444,73.4,3
763,432,78.5,4
763,418,88.3,5
764,737,58.5,1
764,755,71.0,2
764,756,85.4,3
764,419,96.0,4
764,751,106.6,5
765,747,62.5,1
765,2620,93.2,2
765,2621,122.2,3
765,734,179.7,4
765,745,194.4,5
766,749,35.0,1
766,74,61.5,2
766,761,66.4,3
766,735,73.8,4
766,752,84.8,5
767,731,22.3,1
767,739,44.9,2
767,2886,77.1,3
767,736,89.5,4
767,745,102.8,5
769,771,81.8,1
769,770,92.3,2
769,773,115.0,3
769,2885,158.8,4
769,774,178.4,5
770,771,71.2,1
770,769,92.3,2
770,773,104.4,3
770,2885,148.2,4
770,2621,161.1,5
771,773,33.2,1
771,770,71.2,2
771,2885,77.0,3
771,769,81.8,4
771,774,96.6,5
773,771,33.2,1
773,2885,46.5,2
773,774,66.1,3
773,770,104.4,4
773,769,115.0,5
774,2885,21.6,1
774,773,66.1,2
774,758,95.2,3
774,771,96.6,4
774,744,100.5,5
775,608,4.0,1
775,1964,4.7,2
775,612,33.6,3
775,794,36.2,4
775,777,44.3,5
776,787,36.4,1
776,808,47.6,2
776,806,76.3,3
776,805,80.9,4
776,784,109.1,5
777,794,20.2,1
777,807,34.3,2
777,775,44.3,3
777,608,47.4,4
777,1964,48.1,5
778,807,33.9,1
778,777,61.6,2
778,782,79.0,3
778,794,81.5,4
778,797,94.1,5
779,789,68.1,1
779,796,141.3,2
779,801,171.4,3
779,806,195.5,4
779,808,248.6,5
780,788,0.0,1
780,781,71.7,2
780,791,75.1,3
780,799,83.7,4
780,790,103.8,5
781,790,46.1,1
781,780,71.7,2
781,788,71.7,3
781,784,133.7,4
781,800,133.7,5
782,797,22.0,1
782,783,54.8,2
782,778,79.0,3
782,807,103.5,4
782,777,131.2,5
783,797,35.5,1
783,782,54.8,2
783,792,98.1,3
783,807,98.2,4
783,777,119.9,5
784,800,0.0,1
784,805,39.6,2
784,808,69.5,3
784,804,85.6,4
784,790,89.5,5
785,793,17.6,1
785,795,33.2,2
785,794,58.6,3
785,804,73.2,4
785,777,77.7,5
787,776,36.4,1
787,808,82.2,2
787,793,93.6,3
787,805,101.4,4
787,806,110.8,5
788,780,0.0,1
788,781,71.7,2
788,791,75.1,3
788,799,83.7,4
788,790,103.8,5
789,779,68.1,1
789,796,82.8,2
789,806,129.7,3
789,808,182.9,4
789,776,188.5,5
790,781,46.1,1
790,784,89.5,2
790,800,89.5,3
790,780,103.8,4
790,788,103.8,5
791,780,75.1,1
791,788,75.1,2
791,781,140.2,3
791,799,145.9,4
791,790,172.3,5
792,783,98.1,1
792,797,125.0,2
792,782,144.3,3
792,807,176.5,4
792,796,194.4,5
793,785,17.6,1
793,795,46.1,2
793,804,55.6,3
793,794,76.2,4
793,805,76.6,5
794,777,20.2,1
794,775,36.2,2
794,608,39.3,3
794,1964,40.0,4
794,807,54.1,5
795,785,33.2,1
795,793,46.1,2
795,798,76.6,3
795,794,91.2,4
795,804,91.6,5
796,789,82.8,1
796,779,141.3,2
796,806,186.4,3
796,792,194.4,4
796,808,254.4,5
797,782,22.0,1
797,783,35.5,2
797,778,94.1,3
797,807,118.6,4
797,792,125.0,5
798,802,74.6,1
798,795,76.6,2
798,804,81.9,3
798,793,92.2,4
798,785,94.4,5
799,846,51.5,1
799,780,83.7,2
799,788,83.7,3
799,791,145.9,4
799,781,148.8,5
800,784,0.0,1
800,805,39.6,2
800,808,69.5,3
800,804,85.6,4
800,790,89.5,5
801,779,171.4,1
801,789,239.5,2
801,791,298.5,3
801,796,312.7,4
801,806,366.9,5
802,804,35.8,1
802,798,74.6,2
802,805,78.9,3
802,793,91.4,4
802,785,109.0,5
803,794,140.7,1
803,785,145.9,2
803,777,159.8,3
803,793,163.4,4
803,775,176.9,5
804,802,35.8,1
804,805,46.0,2
804,793,55.6,3
804,785,73.2,4
804,798,81.9,5
805,784,39.6,1
805,800,39.6,2
805,804,46.0,3
805,793,76.6,4
805,802,78.9,5
806,808,70.6,1
806,776,76.3,2
806,787,110.8,3
806,789,129.7,4
806,784,138.1,5
807,778,33.9,1
807,777,34.3,2
807,794,54.1,3
807,775,75.6,4
807,608,78.3,5
808,776,47.6,1
808,784,69.5,2
808,800,69.5,3
808,806,70.6,4
808,787,82.2,5
809,841,16.1,1
809,831,39.8,2
809,839,49.7,3
809,814,53.7,4
809,832,54.7,5
810,840,54.3,1
810,836,56.9,2
810,826,68.6,3
810,823,69.7,4
810,830,84.3,5
811,817,26.7,1
811,824,38.7,2
811,819,41.0,3
811,825,49.3,4
811,813,51.5,5
812,2881,3.9,1
812,818,16.6,2
812,824,20.0,3
812,2876,20.5,4
812,813,24.8,5
813,824,19.0,1
813,819,20.0,2
813,818,23.0,3
813,812,24.8,4
813,2881,28.0,5
814,839,23.6,1
814,841,46.7,2
814,822,50.2,3
814,809,53.7,4
814,831,87.8,5
815,828,41.4,1
815,823,52.4,2
815,831,85.9,3
815,840,104.1,4
815,181,104.9,5
817,811,26.7,1
817,169,44.6,2
817,168,58.8,3
817,824,63.1,4
817,173,64.4,5
818,824,15.4,1
818,812,16.6,2
818,2881,17.8,3
818,813,23.0,4
818,819,30.6,5
819,813,20.0,1
819,824,21.0,2
819,818,30.6,3
819,812,36.4,4
819,2881,37.6,5
820,832,23.4,1
820,201,40.4,2
820,194,55.6,3
820,827,55.6,4
820,809,57.8,5
821,835,30.8,1
821,838,69.8,2
821,830,73.9,3
821,829,115.4,4
821,834,115.4,5
822,833,46.8,1
822,814,50.2,2
822,839,73.1,3
822,841,91.9,4
822,809,98.9,5
823,831,40.6,1
823,840,52.0,2
823,815,52.4,3
823,810,69.7,4
823,809,80.4,5
824,818,15.4,1
824,813,19.0,2
824,812,20.0,3
824,819,21.0,4
824,2881,21.2,5
825,811,49.3,1
825,830,53.6,2
825,817,69.4,3
825,838,71.8,4
825,819,76.5,5
826,836,41.5,1
826,819,64.7,2
826,827,66.6,3
826,810,68.6,4
826,813,80.5,5
827,820,55.6,1
827,826,66.6,2
827,819,66.9,3
827,194,70.1,4
827,813,74.9,5
828,815,41.4,1
828,823,93.5,2
828,840,95.8,3
828,829,106.6,4
828,831,127.0,5
829,830,80.3,1
829,835,84.6,2
829,840,87.4,3
829,810,88.2,4
829,828,106.6,5
830,835,43.2,1
830,825,53.6,2
830,836,64.7,3
830,821,73.9,4
830,829,80.3,5
831,809,39.8,1
831,823,40.6,2
831,841,45.2,3
831,839,66.9,4
831,815,85.9,5
832,820,23.4,1
832,201,44.7,2
832,809,54.7,3
832,194,59.9,4
832,841,70.8,5
833,822,46.8,1
833,181,65.3,2
833,839,69.2,3
833,814,89.2,4
833,841,108.5,5
834,838,45.6,1
834,351,52.6,2
834,169,67.7,3
834,817,72.5,4
834,825,78.1,5
835,821,30.8,1
835,830,43.2,2
835,829,84.6,3
835,825,94.5,4
835,838,100.5,5
836,826,41.5,1
836,810,56.9,2
836,830,64.7,3
836,819,71.5,4
836,813,87.3,5
838,834,45.6,1
838,821,69.8,2
838,825,71.8,3
838,351,97.2,4
838,835,100.5,5
839,814,23.6,1
839,841,42.7,2
839,809,49.7,3
839,831,66.9,4
839,833,69.2,5
840,823,52.0,1
840,810,54.3,2
840,829,87.4,3
840,831,92.3,4
840,828,95.8,5
841,809,16.1,1
841,839,42.7,2
841,831,45.2,3
841,814,46.7,4
841,832,70.8,5
842,860,0.0,1
842,851,64.4,2
842,2343,109.1,3
842,849,124.7,4
842,2338,186.2,5
843,857,38.3,1
843,844,54.9,2
843,852,220.4,3
843,855,333.7,4
843,842,401.6,5
844,843,54.9,1
844,857,89.3,2
844,852,254.8,3
844,855,384.7,4
844,842,436.1,5
846,799,51.5,1
846,849,102.0,2
846,780,134.0,3
846,788,134.0,4
846,851,163.3,5
847,1969,5.6,1
847,856,38.9,2
847,1960,51.0,3
847,1955,76.0,4
847,1966,96.0,5
848,855,484.1,1
848,879,505.4,2
848,884,516.5,3
848,843,528.8,4
848,857,536.5,5
849,851,66.1,1
849,846,102.0,2
849,842,124.7,3
849,860,124.7,4
849,799,150.1,5
851,842,64.4,1
851,860,64.4,2
851,849,66.1,3
851,846,163.3,4
851,2343,173.4,5
852,842,197.9,1
852,860,197.9,2
852,843,220.4,3
852,851,247.3,4
852,844,254.8,5
853,859,145.6,1
853,843,631.6,2
853,844,666.1,3
853,857,669.8,4
853,852,738.7,5
855,843,333.7,1
855,857,341.4,2
855,844,384.7,3
855,848,484.1,4
855,852,553.9,5
856,847,38.9,1
856,1969,43.8,2
856,1960,89.2,3
856,1955,114.2,4
856,1966,134.1,5
857,843,38.3,1
857,844,89.3,2
857,852,258.5,3
857,855,341.4,4
857,842,439.8,5
859,853,145.6,1
859,843,486.0,2
859,844,520.5,3
859,857,524.1,4
859,852,593.1,5
860,842,0.0,1
860,851,64.4,2
860,2343,109.1,3
860,849,124.7,4
860,2338,186.2,5
862,871,0.0,1
862,885,23.3,2
862,882,72.4,3
862,881,87.9,4
862,876,97.9,5
863,875,0.0,1
863,878,155.6,2
863,867,270.1,3
863,889,270.1,4
863,886,311.5,5
864,868,25.6,1
864,874,43.3,2
864,873,44.2,3
864,880,84.1,4
864,881,93.4,5
865,883,0.0,1
865,885,87.3,2
865,879,89.7,3
865,867,98.1,4
865,889,98.1,5
866,888,0.0,1
866,886,178.5,2
866,330,204.2,3
866,878,303.7,4
866,863,444.1,5
867,889,0.0,1
867,865,98.1,2
867,883,98.1,3
867,885,140.6,4
867,879,143.0,5
868,873,19.7,1
868,864,25.6,2
868,874,68.8,3
868,870,80.1,4
868,880,100.5,5
870,873,60.4,1
870,868,80.1,2
870,864,104.6,3
870,2341,105.3,4
870,874,120.5,5
871,862,0.0,1
871,885,23.3,2
871,882,72.4,3
871,881,87.9,4
871,876,97.9,5
872,876,42.5,1
872,887,49.8,2
872,877,105.6,3
872,862,130.9,4
872,871,130.9,5
873,868,19.7,1
873,864,44.2,2
873,870,60.4,3
873,874,65.3,4
873,881,100.8,5
874,864,43.3,1
874,881,54.3,2
874,873,65.3,3
874,868,68.8,4
874,880,86.9,5
875,863,0.0,1
875,878,155.6,2
875,867,270.1,3
875,889,270.1,4
875,886,311.5,5
876,887,35.5,1
876,872,42.5,2
876,877,91.2,3
876,881,95.1,4
876,862,97.9,5
877,887,57.6,1
877,880,62.9,2
877,876,91.2,3
877,872,105.6,4
877,864,144.1,5
878,863,155.6,1
878,875,155.6,2
878,886,171.1,3
878,867,237.1,4
878,889,237.1,5
879,865,89.7,1
879,883,89.7,2
879,885,92.9,3
879,862,113.9,4
879,871,113.9,5
880,877,62.9,1
880,864,84.1,2
880,874,86.9,3
880,887,88.1,4
880,868,100.5,5
881,874,54.3,1
881,882,59.6,2
881,862,87.9,3
881,871,87.9,4
881,887,90.2,5
882,881,59.6,1
882,862,72.4,2
882,871,72.4,3
882,885,94.1,4
882,874,106.4,5
883,865,0.0,1
883,885,87.3,2
883,879,89.7,3
883,867,98.1,4
883,889,98.1,5
884,879,418.1,1
884,885,504.1,2
884,865,504.5,3
884,883,504.5,4
884,848,516.5,5
885,862,23.3,1
885,871,23.3,2
885,865,87.3,3
885,883,87.3,4
885,879,92.9,5
886,878,171.1,1
886,866,178.5,2
886,888,178.5,3
886,863,311.5,4
886,875,311.5,5
887,876,35.5,1
887,872,49.8,2
887,877,57.6,3
887,880,88.1,4
887,881,90.2,5
888,866,0.0,1
888,886,178.5,2
888,330,204.2,3
888,878,303.7,4
888,863,444.1,5
889,867,0.0,1
889,865,98.1,2
889,883,98.1,3
889,885,140.6,4
889,879,143.0,5
890,912,0.0,1
890,895,25.4,2
890,896,43.9,3
890,914,77.8,4
890,909,201.8,5
891,892,33.7,1
891,903,33.7,2
891,899,66.9,3
891,904,98.7,4
891,1051,101.4,5
892,903,0.0,1
892,891,33.7,2
892,904,67.0,3
892,1051,69.7,4
892,899,99.3,5
895,890,25.4,1
895,912,25.4,2
895,914,52.6,3
895,896,59.5,4
895,909,217.4,5
896,890,43.9,1
896,912,43.9,2
896,895,59.5,3
896,914,111.9,4
896,909,160.4,5
897,1052,43.0,1
897,913,71.5,2
897,902,121.6,3
897,915,141.4,4
897,1064,142.6,5
898,904,109.5,1
898,900,169.5,2
898,892,175.7,3
898,903,175.7,4
898,891,207.3,5
899,891,66.9,1
899,892,99.3,2
899,903,99.3,3
899,238,153.4,4
899,904,164.3,5
900,915,113.8,1
900,898,169.5,2
900,914,203.6,3
900,897,240.2,4
900,895,256.1,5
901,908,78.9,1
901,220,155.0,2
901,911,170.4,3
901,902,182.7,4
901,1055,219.9,5
902,1053,72.9,1
902,908,104.7,2
902,897,121.6,3
902,1069,142.2,4
902,1052,146.8,5
903,892,0.0,1
903,891,33.7,2
903,904,67.0,3
903,1051,69.7,4
903,899,99.3,5
904,892,67.0,1
904,903,67.0,2
904,891,98.7,3
904,898,109.5,4
904,1051,113.9,5
905,241,65.3,1
905,231,150.8,2
905,224,159.5,3
905,237,166.7,4
905,891,177.2,5
907,914,325.9,1
907,895,378.4,2
907,890,386.3,3
907,912,386.3,4
907,896,425.8,5
908,901,78.9,1
908,902,104.7,2
908,1053,177.6,3
908,897,200.6,4
908,915,210.6,5
909,896,160.4,1
909,890,201.8,2
909,912,201.8,3
909,895,217.4,4
909,911,250.8,5
910,914,197.2,1
910,895,249.7,2
910,890,262.4,3
910,912,262.4,4
910,240,294.2,5
911,901,170.4,1
911,914,236.3,2
911,908,248.2,3
911,909,250.8,4
911,895,288.8,5
912,890,0.0,1
912,895,25.4,2
912,896,43.9,3
912,914,77.8,4
912,909,201.8,5
913,897,71.5,1
913,1065,92.4,2
913,1052,109.9,3
913,1062,137.5,4
913,902,190.0,5
914,895,52.6,1
914,890,77.8,2
914,912,77.8,3
914,896,111.9,4
914,910,197.2,5
915,900,113.8,1
915,897,141.4,2
915,1052,184.3,3
915,908,210.6,4
915,913,212.8,5
916,917,8.1,1
916,228,357.2,2
916,234,512.1,3
916,230,718.2,4
916,227,741.6,5
917,916,8.1,1
917,228,351.6,2
917,234,506.5,3
917,230,712.6,4
917,227,736.0,5
918,928,13.7,1
918,924,32.0,2
918,925,34.7,3
918,923,41.2,4
918,927,43.4,5
920,1028,96.9,1
920,1039,125.0,2
920,1008,135.6,3
920,929,148.2,4
920,1007,154.1,5
922,191,46.4,1
922,927,99.7,2
922,930,129.4,3
922,918,143.1,4
922,928,154.3,5
923,918,41.2,1
923,928,54.0,2
923,926,64.0,3
923,924,65.9,4
923,927,74.5,5
924,918,32.0,1
924,928,44.2,2
924,925,65.8,3
924,923,65.9,4
924,927,72.2,5
925,918,34.7,1
925,928,37.0,2
925,924,65.8,3
925,927,74.1,4
925,923,75.0,5
926,184,63.2,1
926,923,64.0,2
926,918,105.3,3
926,928,118.0,4
926,924,129.9,5
927,918,43.4,1
927,928,54.6,2
927,924,72.2,3
927,925,74.1,4
927,923,74.5,5
928,918,13.7,1
928,925,37.0,2
928,924,44.2,3
928,923,54.0,4
928,927,54.6,5
929,920,148.2,1
929,925,151.2,2
929,918,162.7,3
929,928,170.6,4
929,924,193.6,5
930,191,83.1,1
930,1037,119.8,2
930,922,129.4,3
930,1007,171.9,4
930,1015,183.7,5
986,1003,32.6,1
986,1005,35.3,2
986,1004,39.6,3
986,995,46.8,4
986,1001,63.5,5
987,994,0.0,1
987,1004,48.8,2
987,986,69.6,3
987,1853,86.8,4
987,999,96.1,5
988,995,27.2,1
988,1128,53.5,2
988,992,64.8,3
988,1005,66.7,4
988,1112,68.3,5
989,1529,23.1,1
989,999,41.9,2
989,1002,47.1,3
989,1526,56.2,4
989,1528,56.9,5
991,996,33.4,1
991,998,47.9,2
991,1501,48.2,3
991,2619,59.4,4
991,1006,74.4,5
992,993,39.4,1
992,988,64.8,2
992,1549,73.3,3
992,1563,84.5,4
992,1002,84.9,5
993,1549,37.4,1
993,992,39.4,2
993,1563,52.8,3
993,1527,56.5,4
993,1568,74.1,5
994,987,0.0,1
994,1004,48.8,2
994,986,69.6,3
994,1853,86.8,4
994,999,96.1,5
995,988,27.2,1
995,1005,40.1,2
995,986,46.8,3
995,1004,61.2,4
995,1115,69.1,5
996,991,33.4,1
996,998,36.1,2
996,1483,45.3,3
996,1496,53.5,4
996,1001,56.8,5
998,1006,30.3,1
998,996,36.1,2
998,991,47.9,3
998,1003,66.4,4
998,1115,72.3,5
999,989,41.9,1
999,1846,50.2,2
999,1852,50.2,3
999,1529,63.6,4
999,1002,79.7,5
1001,1003,40.6,1
1001,2652,40.9,2
1001,996,56.8,3
1001,986,63.5,4
1001,1496,65.7,5
1002,989,47.1,1
1002,1529,59.3,2
1002,999,79.7,3
1002,988,80.6,4
1002,1004,81.2,5
1003,986,32.6,1
1003,1001,40.6,2
1003,998,66.4,3
1003,1005,67.2,4
1003,1004,68.5,5
1004,986,39.6,1
1004,987,48.8,2
1004,994,48.8,3
1004,995,61.2,4
1004,1003,68.5,5
1005,1115,29.0,1
1005,986,35.3,2
1005,995,40.1,3
1005,1121,52.8,4
1005,1111,54.6,5
1006,998,30.3,1
1006,1115,42.0,2
1006,996,65.9,3
1006,1005,66.8,4
1006,1118,67.7,5
1007,1015,13.2,1
1007,1008,27.2,2
1007,1039,29.1,3
1007,1017,48.3,4
1007,1028,58.7,5
1008,1039,12.9,1
1008,1007,27.2,2
1008,1015,31.0,3
1008,1028,40.2,4
1008,1017,44.6,5
1009,1026,59.6,1
1009,1034,74.8,2
1009,1930,117.5,3
1009,1016,119.9,4
1009,1017,137.8,5
1010,1027,57.5,1
1010,1012,57.8,2
1010,1031,72.7,3
1010,1038,78.4,4
1010,1016,79.2,5
1011,1032,33.5,1
1011,1013,64.3,2
1011,1029,66.2,3
1011,1031,87.8,4
1011,1023,126.8,5
1012,1010,57.8,1
1012,1020,66.0,2
1012,1034,72.1,3
1012,1016,88.6,4
1012,1027,100.9,5
1013,1031,46.7,1
1013,1011,64.3,2
1013,1029,71.1,3
1013,1023,85.7,4
1013,1032,97.8,5
1014,1030,35.3,1
1014,1008,123.8,2
1014,1039,136.7,3
1014,1035,141.0,4
1014,1007,144.2,5
1015,1007,13.2,1
1015,1008,31.0,2
1015,1039,38.2,3
1015,1017,45.5,4
1015,1028,67.8,5
1016,1026,60.9,1
1016,1036,68.0,2
1016,1010,79.2,3
1016,1012,88.6,4
1016,1019,101.8,5
1017,1008,44.6,1
1017,1015,45.5,2
1017,1007,48.3,3
1017,1039,57.5,4
1017,1028,84.7,5
1018,1945,30.9,1
1018,1023,59.5,2
1018,1036,68.6,3
1018,1019,94.1,4
1018,1031,100.3,5
1019,1036,34.0,1
1019,1929,85.0,2
1019,1026,86.1,3
1019,1018,94.1,4
1019,1930,99.9,5
1020,1012,66.0,1
1020,1015,77.4,2
1020,1034,83.0,3
1020,1007,87.1,4
1020,1008,108.4,5
1021,1041,57.5,1
1021,1007,78.1,2
1021,1015,84.8,3
1021,1024,98.7,4
1021,1008,104.1,5
1023,1031,42.8,1
1023,1018,59.5,2
1023,1013,85.7,3
1023,1945,88.6,4
1023,1032,103.8,5
1024,1038,50.9,1
1024,1041,92.6,2
1024,1021,98.7,3
1024,1010,129.0,4
1024,1044,145.5,5
1025,1033,56.2,1
1025,188,125.9,2
1025,185,150.2,3
1025,1007,202.6,4
1025,1037,203.8,5
1026,1009,59.6,1
1026,1016,60.9,2
1026,1019,86.1,3
1026,1034,111.6,4
1026,1036,116.4,5
1027,1010,57.5,1
1027,1012,100.9,2
1027,1038,102.3,3
1027,1031,120.7,4
1027,1016,132.6,5
1028,1039,29.6,1
1028,1008,40.2,2
1028,1007,58.7,3
1028,1015,67.8,4
1028,1017,84.7,5
1029,1011,66.2,1
1029,1013,71.1,2
1029,1032,96.0,3
1029,1031,115.5,4
1029,1023,154.6,5
1030,1014,35.3,1
1030,1035,112.6,2
1030,1008,153.2,3
1030,1039,166.1,4
1030,1007,173.6,5
1031,1023,42.8,1
1031,1013,46.7,2
1031,1032,64.7,3
1031,1010,72.7,4
1031,1011,87.8,5
1032,1011,33.5,1
1032,1031,64.7,2
1032,1029,96.0,3
1032,1013,97.8,4
1032,1023,103.8,5
1033,1025,56.2,1
1033,188,106.2,2
1033,185,121.2,3
1033,1007,153.8,4
1033,1037,155.0,5
1034,1012,72.1,1
1034,1009,74.8,2
1034,1020,83.0,3
1034,1026,111.6,4
1034,1010,128.7,5
1035,1040,75.8,1
1035,1030,112.6,2
1035,1942,126.6,3
1035,1014,141.0,4
1035,1931,195.7,5
1036,1019,34.0,1
1036,1016,68.0,2
1036,1018,68.6,3
1036,1945,92.8,4
1036,1929,106.0,5
1037,1007,72.8,1
1037,1015,84.6,2
1037,185,96.4,3
1037,1008,99.6,4
1037,1039,101.5,5
1038,1024,50.9,1
1038,1010,78.4,2
1038,1027,102.3,3
1038,1041,120.6,4
1038,1012,121.8,5
1039,1008,12.9,1
1039,1007,29.1,2
1039,1028,29.6,3
1039,1015,38.2,4
1039,1017,57.5,5
1040,1942,57.1,1
1040,1035,75.8,2
1040,1931,126.2,3
1040,1952,150.6,4
1040,2887,156.7,5
1041,1044,55.1,1
1041,1021,57.5,2
1041,1024,92.6,3
1041,1038,120.6,4
1041,1007,135.6,5
1044,1041,55.1,1
1044,1021,110.4,2
1044,1024,145.5,3
1044,1038,173.5,4
1044,1007,188.4,5
1047,1070,70.3,1
1047,1068,93.6,2
1047,1057,121.9,3
1047,2136,139.6,4
1047,1589,141.8,5
1048,1066,36.1,1
1048,1062,140.2,2
1048,1328,144.2,3
1048,1052,156.6,4
1048,1065,161.1,5
1049,1071,115.8,1
1049,1072,131.8,2
1049,1058,143.6,3
1049,1057,148.6,4
1049,1054,213.5,5
1051,892,69.7,1
1051,903,69.7,2
1051,1279,70.8,3
1051,891,101.4,4
1051,1059,101.9,5
1052,897,43.0,1
1052,1064,107.1,2
1052,913,109.9,3
1052,1065,112.6,4
1052,1066,120.8,5
1053,1069,72.0,1
1053,902,72.9,2
1053,1064,129.2,3
1053,1067,135.3,4
1053,1063,140.6,5
1054,1063,38.4,1
1054,1056,46.4,2
1054,1067,72.1,3
1054,1072,85.1,4
1054,1060,92.6,5
1055,220,102.8,1
1055,1404,146.0,2
1055,1401,187.2,3
1055,901,219.9,4
1055,1058,228.3,5
1056,1054,46.4,1
1056,2330,52.7,2
1056,2326,77.3,3
1056,1060,81.6,4
1056,2325,81.8,5
1057,1071,53.9,1
1057,1072,90.1,2
1057,1068,108.8,3
1057,1047,121.9,4
1057,1058,135.8,5
1058,1071,99.7,1
1058,1072,115.7,2
1058,1054,129.6,3
1058,1057,135.8,4
1058,1049,143.6,5
1059,1061,63.3,1
1059,1290,85.2,2
1059,1051,101.9,3
1059,1279,135.7,4
1059,1327,140.6,5
1060,1056,81.6,1
1060,1054,92.6,2
1060,1063,131.0,3
1060,2330,134.3,4
1060,2326,158.9,5
1061,1059,63.3,1
1061,1327,80.7,2
1061,1324,121.6,3
1061,1319,131.4,4
1061,1308,144.2,5
1062,1065,48.3,1
1062,1066,104.4,2
1062,913,137.5,3
1062,1048,140.2,4
1062,1051,150.0,5
1063,1067,35.3,1
1063,1054,38.4,2
1063,1069,73.3,3
1063,1056,84.8,4
1063,1064,90.7,5
1064,1069,57.6,1
1064,1063,90.7,2
1064,1052,107.1,3
1064,1054,115.4,4
1064,1067,125.2,5
1065,1062,48.3,1
1065,913,92.4,2
1065,1052,112.6,3
1065,1066,125.3,4
1065,897,147.3,5
1066,1048,36.1,1
1066,1062,104.4,2
1066,1052,120.8,3
1066,1065,125.3,4
1066,1328,129.2,5
1067,1063,35.3,1
1067,1069,68.0,2
1067,1054,72.1,3
1067,1056,118.5,4
1067,1064,125.2,5
1068,2136,46.4,1
1068,1589,48.6,2
1068,2114,59.2,3
1068,2130,91.6,4
1068,2127,93.0,5
1069,1064,57.6,1
1069,1067,68.0,2
1069,1053,72.0,3
1069,1063,73.3,4
1069,1054,110.1,5
1070,1047,70.3,1
1070,1068,93.1,2
1070,1593,106.3,3
1070,1392,123.3,4
1070,1589,128.5,5
1071,1057,53.9,1
1071,1072,53.9,2
1071,1058,99.7,3
1071,2332,112.0,4
1071,1049,115.8,5
1072,1071,53.9,1
1072,1054,85.1,2
1072,1057,90.1,3
1072,1058,115.7,4
1072,1063,121.5,5
1107,1117,0.0,1
1107,1110,11.8,2
1107,1121,27.3,3
1107,1112,32.7,4
1107,1131,32.7,5
1108,1113,0.0,1
1108,1127,19.4,2
1108,1109,33.3,3
1108,1119,33.3,4
1108,1122,36.1,5
1109,1119,0.0,1
1109,1116,19.3,2
1109,1108,33.3,3
1109,1113,33.3,4
1109,1127,51.2,5
1110,1107,11.8,1
1110,1117,11.8,2
1110,1112,21.3,3
1110,1131,21.3,4
1110,1121,31.6,5
1111,1129,0.0,1
1111,1107,33.5,2
1111,1117,33.5,3
1111,1120,34.4,4
1111,1121,38.0,5
1112,1131,0.0,1
1112,1110,21.3,2
1112,1123,31.1,3
1112,1107,32.7,4
1112,1117,32.7,5
1113,1108,0.0,1
1113,1127,19.4,2
1113,1109,33.3,3
1113,1119,33.3,4
1113,1122,36.1,5
1115,1005,29.0,1
1115,1006,42.0,2
1115,1111,46.9,3
1115,1129,46.9,4
1115,1121,62.9,5
1116,1109,19.3,1
1116,1119,19.3,2
1116,1323,41.4,3
1116,1108,44.8,4
1116,1113,44.8,5
1117,1107,0.0,1
1117,1110,11.8,2
1117,1121,27.3,3
1117,1112,32.7,4
1117,1131,32.7,5
1118,2333,44.2,1
1118,1120,47.4,2
1118,1111,52.3,3
1118,1129,52.3,4
1118,2322,64.3,5
1119,1109,0.0,1
1119,1116,19.3,2
1119,1108,33.3,3
1119,1113,33.3,4
1119,1127,51.2,5
1120,1111,34.4,1
1120,1129,34.4,2
1120,1118,47.4,3
1120,1107,56.1,4
1120,1117,56.1,5
1121,1107,27.3,1
1121,1117,27.3,2
1121,1110,31.6,3
1121,1112,35.0,4
1121,1131,35.0,5
1122,1108,36.1,1
1122,1113,36.1,2
1122,1127,42.3,3
1122,1123,44.0,4
1122,1124,53.5,5
1123,1112,31.1,1
1123,1131,31.1,2
1123,1132,31.3,3
1123,1127,39.8,4
1123,1122,44.0,5
1124,1536,37.1,1
1124,1122,53.5,2
1124,1126,54.7,3
1124,1123,57.1,4
1124,1132,78.5,5
1125,1305,12.7,1
1125,1130,19.6,2
1125,1108,49.9,3
1125,1113,49.9,4
1125,1107,50.2,5
1126,1536,43.9,1
1126,1133,49.5,2
1126,1124,54.7,3
1126,1553,88.2,4
1126,1122,89.7,5
1127,1108,19.4,1
1127,1113,19.4,2
1127,1112,39.8,3
1127,1123,39.8,4
1127,1131,39.8,5
1128,1121,38.2,1
1128,1112,44.5,2
1128,1131,44.5,3
1128,988,53.5,4
1128,1132,60.8,5
1129,1111,0.0,1
1129,1107,33.5,2
1129,1117,33.5,3
1129,1120,34.4,4
1129,1121,38.0,5
1130,1125,19.6,1
1130,1305,31.0,2
1130,1107,33.3,3
1130,1117,33.3,4
1130,1110,45.1,5
1131,1112,0.0,1
1131,1110,21.3,2
1131,1123,31.1,3
1131,1107,32.7,4
1131,1117,32.7,5
1132,1123,31.3,1
1132,1128,60.8,2
1132,1112,62.4,3
1132,1131,62.4,4
1132,1122,65.4,5
1133,1126,49.5,1
1133,1109,60.3,2
1133,1119,60.3,3
1133,1122,75.2,4
1133,1116,79.6,5
1134,1150,0.0,1
1134,1169,18.0,2
1134,1135,44.4,3
1134,1175,70.0,4
1134,1140,74.8,5
1135,1140,32.2,1
1135,1163,43.7,2
1135,1134,44.4,3
1135,1150,44.4,4
1135,1169,55.3,5
1136,1146,0.0,1
1136,1168,157.9,2
1136,1139,222.2,3
1136,1157,238.8,4
1136,1161,278.0,5
1137,1149,0.0,1
1137,1138,25.9,2
1137,1148,64.0,3
1137,1155,68.0,4
1137,1173,75.4,5
1138,1137,25.9,1
1138,1149,25.9,2
1138,1155,64.2,3
1138,1148,78.4,4
1138,1144,83.8,5
1139,1155,75.6,1
1139,1158,119.8,2
1139,1138,135.8,3
1139,1137,139.6,4
1139,1149,139.6,5
1140,1163,13.3,1
1140,1135,32.2,2
1140,1143,56.0,3
1140,1142,67.7,4
1140,1167,67.7,5
1141,1164,0.0,1
1141,1136,281.5,2
1141,1146,281.5,3
1141,1168,433.7,4
1141,702,439.0,5
1142,1167,0.0,1
1142,1143,29.4,2
1142,1170,30.4,3
1142,1163,63.6,4
1142,1148,66.5,5
1143,1142,29.4,1
1143,1167,29.4,2
1143,1163,51.9,3
1143,1140,56.0,4
1143,1170,59.1,5
1144,1173,54.9,1
1144,1148,76.3,2
1144,1138,83.8,3
1144,1137,101.0,4
1144,1149,101.0,5
1146,1136,0.0,1
1146,1168,157.9,2
1146,1139,222.2,3
1146,1157,238.8,4
1146,1161,278.0,5
1147,1153,134.7,1
1147,1171,257.3,2
1147,1151,314.7,3
1147,1175,321.5,4
1147,1159,332.9,5
1148,1173,23.6,1
1148,1170,36.7,2
1148,1137,64.0,3
1148,1149,64.0,4
1148,1142,66.5,5
1149,1137,0.0,1
1149,1138,25.9,2
1149,1148,64.0,3
1149,1155,68.0,4
1149,1173,75.4,5
1150,1134,0.0,1
1150,1169,18.0,2
1150,1135,44.4,3
1150,1175,70.0,4
1150,1140,74.8,5
1151,85,188.2,1
1151,1165,191.1,2
1151,102,211.7,3
1151,1154,249.1,4
1151,1147,314.7,5
1152,1154,730.7,1
1152,1165,739.9,2
1152,327,813.4,3
1152,1151,819.0,4
1152,325,855.8,5
1153,1171,122.6,1
1153,1147,134.7,2
1153,1175,186.9,3
1153,1159,198.2,4
1153,1134,255.4,5
1154,1151,249.1,1
1154,1165,266.3,2
1154,85,409.8,3
1154,1157,415.6,4
1154,102,433.3,5
1155,1138,64.2,1
1155,1137,68.0,2
1155,1149,68.0,3
1155,1139,75.6,4
1155,1148,121.4,5
1157,1165,149.3,1
1157,1136,238.8,2
1157,1146,238.8,3
1157,1151,340.4,4
1157,1168,391.0,5
1158,1139,119.8,1
1158,1161,150.4,2
1158,1155,193.5,3
1158,1138,253.7,4
1158,1137,257.5,5
1159,1171,78.2,1
1159,1175,138.1,2
1159,1153,198.2,3
1159,1134,206.7,4
1159,1150,206.7,5
1160,1169,86.2,1
1160,1134,103.6,2
1160,1150,103.6,3
1160,1135,128.9,4
1160,105,129.9,5
1161,710,108.1,1
1161,1168,120.0,2
1161,697,139.6,3
1161,1158,150.4,4
1161,674,165.6,5
1163,1140,13.3,1
1163,1135,43.7,2
1163,1143,51.9,3
1163,1142,63.6,4
1163,1167,63.6,5
1164,1141,0.0,1
1164,1136,281.5,2
1164,1146,281.5,3
1164,1168,433.7,4
1164,702,439.0,5
1165,1157,149.3,1
1165,1151,191.1,2
1165,1154,266.3,3
1165,85,348.0,4
1165,1136,352.3,5
1166,1174,155.7,1
1166,1172,182.9,2
1166,1175,255.2,3
1166,1134,299.8,4
1166,1150,299.8,5
1167,1142,0.0,1
1167,1143,29.4,2
1167,1170,30.4,3
1167,1163,63.6,4
1167,1148,66.5,5
1168,1161,120.0,1
1168,1136,157.9,2
1168,1146,157.9,3
1168,710,228.1,4
1168,1158,259.2,5
1169,1134,18.0,1
1169,1150,18.0,2
1169,1135,55.3,3
1169,1140,85.7,4
1169,1160,86.2,5
1170,1142,30.4,1
1170,1167,30.4,2
1170,1148,36.7,3
1170,1173,48.6,4
1170,1143,59.1,5
1171,1175,64.9,1
1171,1159,78.2,2
1171,1153,122.6,3
1171,1134,133.5,4
1171,1150,133.5,5
1172,1174,29.3,1
1172,1175,102.2,2
1172,1134,118.0,3
1172,1150,118.0,4
1172,1169,136.0,5
1173,1148,23.6,1
1173,1170,48.6,2
1173,1144,54.9,3
1173,1137,75.4,4
1173,1149,75.4,5
1174,1172,29.3,1
1174,1175,99.5,2
1174,1134,144.1,3
1174,1150,144.1,4
1174,1166,155.7,5
1175,1171,64.9,1
1175,1134,70.0,2
1175,1150,70.0,3
1175,1169,88.0,4
1175,1174,99.5,5
1176,1186,10.8,1
1176,1180,26.7,2
1176,1188,32.3,3
1176,1185,39.0,4
1176,1179,39.4,5
1178,1176,45.6,1
1178,1186,56.3,2
1178,1180,70.4,3
1178,1188,77.8,4
1178,1179,84.5,5
1179,1190,6.7,1
1179,1188,21.3,2
1179,1176,39.4,3
1179,1186,43.2,4
1179,1184,48.1,5
1180,1176,26.7,1
1180,1184,33.6,2
1180,1186,35.5,3
1180,2388,36.7,4
1180,2389,40.2,5
1181,1191,12.0,1
1181,1196,14.8,2
1181,1189,46.1,3
1181,1197,58.1,4
1181,1194,66.0,5
1184,2388,3.1,1
1184,2389,6.6,2
1184,2390,6.6,3
1184,2404,6.6,4
1184,2385,7.3,5
1185,1194,27.8,1
1185,1176,39.0,2
1185,1186,41.3,3
1185,1195,42.7,4
1185,1197,49.3,5
1186,1176,10.8,1
1186,1188,29.9,2
1186,1180,35.5,3
1186,1194,36.0,4
1186,1185,41.3,5
1187,1192,24.7,1
1187,1193,27.7,2
1187,1197,27.9,3
1187,1189,51.1,4
1187,1191,57.2,5
1188,1179,21.3,1
1188,1190,26.6,2
1188,1186,29.9,3
1188,1176,32.3,4
1188,1180,50.7,5
1189,1191,34.2,1
1189,1192,37.5,2
1189,1181,46.1,3
1189,1187,51.1,4
1189,1196,60.9,5
1190,1179,6.7,1
1190,1188,26.6,2
1190,1176,40.4,3
1190,1186,44.9,4
1190,1184,45.8,5
1191,1181,12.0,1
1191,1196,26.8,2
1191,1189,34.2,3
1191,1197,52.8,4
1191,1187,57.2,5
1192,1187,24.7,1
1192,1189,37.5,2
1192,1193,52.3,3
1192,1197,52.4,4
1192,1191,70.9,5
1193,1187,27.7,1
1193,1197,33.4,2
1193,1192,52.3,3
1193,1195,78.4,4
1193,1189,78.6,5
1194,1185,27.8,1
1194,1186,36.0,2
1194,1176,45.6,3
1194,1188,55.8,4
1194,1196,63.1,5
1195,1185,42.7,1
1195,1176,53.4,2
1195,1186,56.1,3
1195,1194,66.6,4
1195,1197,70.0,5
1196,1181,14.8,1
1196,1191,26.8,2
1196,1197,55.2,3
1196,1189,60.9,4
1196,1194,63.1,5
1197,1187,27.9,1
1197,1193,33.4,2
1197,1185,49.3,3
1197,1192,52.4,4
1197,1191,52.8,5
1198,1221,38.4,1
1198,1200,44.2,2
1198,1203,45.5,3
1198,2184,58.7,4
1198,1212,61.0,5
1200,1214,38.5,1
1200,1198,44.2,2
1200,1218,52.3,3
1200,1203,62.6,4
1200,1209,63.0,5
1201,1215,37.3,1
1201,1207,38.7,2
1201,1217,54.4,3
1201,1211,68.6,4
1201,1210,70.8,5
1203,1213,21.6,1
1203,1198,45.5,2
1203,1212,58.3,3
1203,1208,60.4,4
1203,1200,62.6,5
1204,1218,33.0,1
1204,1205,43.2,2
1204,1220,47.1,3
1204,1211,62.8,4
1204,1209,64.4,5
1205,1211,28.9,1
1205,1204,43.2,2
1205,1222,45.4,3
1205,1207,56.2,4
1205,1218,61.1,5
1206,2646,13.8,1
1206,1212,24.7,2
1206,2647,34.5,3
1206,1473,43.9,4
1206,1468,47.1,5
1207,1211,30.2,1
1207,1210,33.7,2
1207,1201,38.7,3
1207,1205,56.2,4
1207,1217,68.3,5
1208,1213,49.4,1
1208,1203,60.4,2
1208,1212,88.5,3
1208,1198,101.3,4
1208,2646,105.3,5
1209,1218,31.4,1
1209,2172,42.6,2
1209,1220,46.9,3
1209,1200,63.0,4
1209,1214,63.3,5
1210,1207,33.7,1
1210,1211,60.5,2
1210,1217,67.4,3
1210,2045,68.9,4
1210,1201,70.8,5
1211,1205,28.9,1
1211,1207,30.2,2
1211,1210,60.5,3
1211,1204,62.8,4
1211,1201,68.6,5
1212,2646,16.8,1
1212,1206,24.7,2
1212,2647,25.8,3
1212,1213,39.2,4
1212,1468,50.1,5
1213,1203,21.6,1
1213,1212,39.2,2
1213,1208,49.4,3
1213,2646,56.0,4
1213,2647,61.0,5
1214,1200,38.5,1
1214,1218,48.9,2
1214,1209,63.3,3
1214,1215,67.3,4
1214,1223,68.7,5
1215,1201,37.3,1
1215,1223,46.2,2
1215,1214,67.3,3
1215,1218,67.9,4
1215,1200,69.8,5
1217,1201,54.4,1
1217,1210,67.4,2
1217,1207,68.3,3
1217,2053,68.8,4
1217,2045,70.1,5
1218,1209,31.4,1
1218,1204,33.0,2
1218,1214,48.9,3
1218,1200,52.3,4
1218,1205,61.1,5
1219,1473,29.1,1
1219,2644,31.8,2
1219,2165,37.9,3
1219,1221,39.8,4
1219,1474,55.5,5
1220,1209,46.9,1
1220,1204,47.1,2
1220,1222,50.2,3
1220,1218,70.3,4
1220,1205,84.7,5
1221,1198,38.4,1
1221,1219,39.8,2
1221,2165,58.9,3
1221,1473,67.9,4
1221,2644,70.6,5
1222,1205,45.4,1
1222,1220,50.2,2
1222,1732,64.8,3
1222,1211,74.3,4
1222,1204,84.0,5
1223,1215,46.2,1
1223,1200,63.2,2
1223,1214,68.7,3
1223,1201,81.6,4
1223,1198,88.6,5
1224,1243,0.0,1
1224,1252,35.4,2
1224,1227,42.1,3
1224,1249,71.5,4
1224,1257,82.9,5
1225,1256,32.0,1
1225,1242,46.7,2
1225,1227,64.2,3
1225,1237,67.5,4
1225,1257,97.9,5
1226,1240,9.1,1
1226,1235,25.4,2
1226,1241,31.4,3
1226,1230,37.6,4
1226,1229,63.1,5
1227,1224,42.1,1
1227,1243,42.1,2
1227,1225,64.2,3
1227,1237,70.3,4
1227,1252,75.3,5
1228,1234,15.3,1
1228,1233,41.6,2
1228,1247,41.6,3
1228,1232,73.0,4
1228,1236,73.9,5
1229,1236,19.7,1
1229,3007,19.7,2
1229,1233,56.3,3
1229,1247,56.3,4
1229,1240,59.3,5
1230,1235,12.2,1
1230,1240,36.3,2
1230,1226,37.6,3
1230,1249,56.7,4
1230,1244,68.3,5
1231,1232,25.5,1
1231,1233,77.0,2
1231,1247,77.0,3
1231,1234,86.3,4
1231,1228,98.5,5
1232,1231,25.5,1
1232,1233,51.5,2
1232,1247,51.5,3
1232,1234,60.8,4
1232,1228,73.0,5
1233,1247,0.0,1
1233,1234,33.4,2
1233,1236,36.6,3
1233,3007,36.6,4
1233,1228,41.6,5
1234,1228,15.3,1
1234,1233,33.4,2
1234,1247,33.4,3
1234,1232,60.8,4
1234,1236,65.6,5
1235,1230,12.2,1
1235,1240,24.1,2
1235,1226,25.4,3
1235,1241,56.3,4
1235,1249,67.9,5
1236,3007,0.0,1
1236,1229,19.7,2
1236,1233,36.6,3
1236,1247,36.6,4
1236,1234,65.6,5
1237,1257,37.1,1
1237,1225,67.5,2
1237,1227,70.3,3
1237,1238,72.1,4
1237,1256,96.9,5
1238,1257,44.4,1
1238,1604,49.6,2
1238,1237,72.1,3
1238,1252,92.6,4
1238,1224,96.6,5
1240,1226,9.1,1
1240,1235,24.1,2
1240,1230,36.3,3
1240,1241,37.5,4
1240,1229,59.3,5
1241,1226,31.4,1
1241,1240,37.5,2
1241,1235,56.3,3
1241,1230,68.5,4
1241,1229,91.5,5
1242,1256,17.5,1
1242,1225,46.7,2
1242,1246,91.7,3
1242,1254,97.2,4
1242,1227,108.3,5
1243,1224,0.0,1
1243,1252,35.4,2
1243,1227,42.1,3
1243,1249,71.5,4
1243,1257,82.9,5
1244,1230,68.3,1
1244,1235,74.8,2
1244,1224,83.6,3
1244,1243,83.6,4
1244,1249,95.2,5
1246,1254,23.3,1
1246,1253,58.5,2
1246,1251,79.5,3
1246,1242,91.7,4
1246,1256,107.6,5
1247,1233,0.0,1
1247,1234,33.4,2
1247,1236,36.6,3
1247,3007,36.6,4
1247,1228,41.6,5
1249,1230,56.7,1
1249,1235,67.9,2
1249,1224,71.5,3
1249,1243,71.5,4
1249,1252,85.3,5
1250,14,98.8,1
1250,1228,139.8,2
1250,1234,151.5,3
1250,1233,162.6,4
1250,1247,162.6,5
1251,1253,44.7,1
1251,1254,72.3,2
1251,1246,79.5,3
1251,680,89.8,4
1251,668,127.0,5
1252,1224,35.4,1
1252,1243,35.4,2
1252,1227,75.3,3
1252,1249,85.3,4
1252,1238,92.6,5
1253,1251,44.7,1
1253,1246,58.5,2
1253,1254,74.7,3
1253,668,82.3,4
1253,721,125.1,5
1254,1246,23.3,1
1254,1251,72.3,2
1254,1253,74.7,3
1254,1242,97.2,4
1254,1256,114.7,5
1256,1242,17.5,1
1256,1225,32.0,2
1256,1227,93.7,3
1256,1237,96.9,4
1256,1246,107.6,5
1257,1237,37.1,1
1257,1238,44.4,2
1257,1224,82.9,3
1257,1243,82.9,4
1257,1604,92.3,5
1258,1262,35.9,1
1258,1293,35.9,2
1258,1260,39.7,3
1258,1275,39.7,4
1258,1287,46.3,5
1259,1270,0.0,1
1259,378,13.7,2
1259,435,49.2,3
1259,1280,56.4,4
1259,390,61.5,5
1260,1275,0.0,1
1260,1258,39.7,2
1260,1277,65.6,3
1260,1287,73.0,4
1260,1262,74.1,5
1261,1276,0.0,1
1261,1288,47.7,2
1261,1292,52.5,3
1261,1271,62.4,4
1261,1264,77.2,5
1262,1293,0.0,1
1262,1258,35.9,2
1262,1266,45.8,3
1262,1260,74.1,4
1262,1275,74.1,5
1264,1296,44.9,1
1264,1294,68.7,2
1264,1261,77.2,3
1264,1276,77.2,4
1264,1302,82.3,5
1265,1285,77.2,1
1265,758,99.5,2
1265,1268,123.2,3
1265,420,130.6,4
1265,424,131.8,5
1266,1262,45.8,1
1266,1293,45.8,2
1266,1258,80.3,3
1266,1285,93.6,4
1266,1268,113.1,5
1267,1297,60.8,1
1267,1272,73.8,2
1267,1277,79.6,3
1267,1299,97.4,4
1267,1295,112.9,5
1268,1285,90.5,1
1268,1266,113.1,2
1268,1265,123.2,3
1268,1262,155.2,4
1268,1293,155.2,5
1269,1287,55.0,1
1269,1294,60.3,2
1269,1258,77.0,3
1269,1289,92.9,4
1269,1260,100.1,5
1270,1259,0.0,1
1270,378,13.7,2
1270,435,49.2,3
1270,1280,56.4,4
1270,390,61.5,5
1271,1261,62.4,1
1271,1276,62.4,2
1271,1292,106.8,3
1271,1288,108.5,4
1271,1300,133.6,5
1272,1299,34.2,1
1272,1267,73.8,2
1272,1260,78.8,3
1272,1275,78.8,4
1272,1262,81.2,5
1273,1302,45.4,1
1273,1533,59.9,2
1273,1570,60.0,3
1273,1296,78.0,4
1273,1573,83.7,5
1274,442,49.0,1
1274,1280,69.5,2
1274,443,91.0,3
1274,441,91.7,4
1274,367,98.6,5
1275,1260,0.0,1
1275,1258,39.7,2
1275,1277,65.6,3
1275,1287,73.0,4
1275,1262,74.1,5
1276,1261,0.0,1
1276,1288,47.7,2
1276,1292,52.5,3
1276,1271,62.4,4
1276,1264,77.2,5
1277,1295,37.2,1
1277,1258,62.4,2
1277,1260,65.6,3
1277,1275,65.6,4
1277,1267,79.6,5
1278,1294,48.0,1
1278,1298,53.5,2
1278,1284,72.9,3
1278,1289,76.4,4
1278,1269,103.8,5
1279,1290,70.1,1
1279,1051,70.8,2
1279,1059,135.7,3
1279,892,140.3,4
1279,903,140.3,5
1280,367,39.0,1
1280,1259,56.4,2
1280,1270,56.4,3
1280,378,56.9,4
1280,1274,69.5,5
1281,1301,57.6,1
1281,1286,71.7,2
1281,1258,112.7,3
1281,235,125.8,4
1281,1288,132.6,5
1282,1262,89.4,1
1282,1293,89.4,2
1282,1258,124.3,3
1282,1266,134.8,4
1282,1260,162.5,5
1284,1295,46.4,1
1284,1298,57.9,2
1284,1278,72.9,3
1284,1277,82.8,4
1284,1294,120.9,5
1285,1265,77.2,1
1285,1268,90.5,2
1285,1266,93.6,3
1285,1262,135.7,4
1285,1293,135.7,5
1286,1281,71.7,1
1286,1290,106.5,2
1286,1301,125.9,3
1286,1279,175.8,4
1286,1258,181.0,5
1287,1258,46.3,1
1287,1269,55.0,2
1287,1260,73.0,3
1287,1275,73.0,4
1287,1262,81.9,5
1288,1261,47.7,1
1288,1276,47.7,2
1288,1258,74.2,3
1288,1301,85.7,4
1288,1292,99.5,5
1289,1294,37.1,1
1289,1302,46.2,2
1289,1296,72.7,3
1289,1278,76.4,4
1289,1273,90.0,5
1290,1279,70.1,1
1290,1059,85.2,2
1290,1286,106.5,3
1290,1051,116.8,4
1290,1061,147.3,5
1291,275,36.9,1
1291,278,56.5,2
1291,269,57.8,3
1291,1302,58.0,4
1291,281,87.0,5
1292,1300,28.5,1
1292,1261,52.5,2
1292,1276,52.5,3
1292,1326,78.5,4
1292,1288,99.5,5
1293,1262,0.0,1
1293,1258,35.9,2
1293,1266,45.8,3
1293,1260,74.1,4
1293,1275,74.1,5
1294,1289,37.1,1
1294,1278,48.0,2
1294,1269,60.3,3
1294,1264,68.7,4
1294,1302,83.3,5
1295,1277,37.2,1
1295,1284,46.4,2
1295,1258,95.6,3
1295,1298,96.8,4
1295,1260,98.9,5
1296,1302,38.3,1
1296,1264,44.9,2
1296,1289,72.7,3
1296,1273,78.0,4
1296,281,86.9,5
1297,1267,60.8,1
1297,1299,76.0,2
1297,445,78.5,3
1297,437,82.4,4
1297,1272,109.4,5
1298,1278,53.5,1
1298,1284,57.9,2
1298,277,69.3,3
1298,283,75.0,4
1298,282,76.2,5
1299,1272,34.2,1
1299,447,51.7,2
1299,1297,76.0,3
1299,420,88.1,4
1299,1267,97.4,5
1300,1292,28.5,1
1300,1326,51.5,2
1300,1261,79.2,3
1300,1276,79.2,4
1300,1308,97.5,5
1301,1281,57.6,1
1301,1258,65.8,2
1301,1288,85.7,3
1301,1262,92.2,4
1301,1293,92.2,5
1302,1296,38.3,1
1302,1273,45.4,2
1302,1289,46.2,3
1302,281,49.6,4
1302,1291,58.0,5
1303,1315,0.0,1
1303,1316,37.0,2
1303,1321,44.2,3
1303,2329,44.4,4
1303,1305,44.7,5
1304,1310,0.0,1
1304,1330,43.0,2
1304,1306,57.0,3
1304,1312,57.0,4
1304,2326,60.0,5
1305,1125,12.7,1
1305,1130,31.0,2
1305,1321,41.2,3
1305,1303,44.7,4
1305,1315,44.7,5
1306,1312,0.0,1
1306,1309,43.9,2
1306,1331,49.9,3
1306,1304,57.0,4
1306,1310,57.0,5
1308,1326,52.5,1
1308,2618,56.4,2
1308,1327,65.1,3
1308,1319,69.0,4
1308,1547,75.4,5
1309,1325,38.9,1
1309,1306,43.9,2
1309,1312,43.9,3
1309,1320,61.0,4
1309,1331,67.6,5
1310,1304,0.0,1
1310,1330,43.0,2
1310,1306,57.0,3
1310,1312,57.0,4
1310,2326,60.0,5
1311,1322,17.4,1
1311,1324,49.2,2
1311,1327,89.1,3
1311,1300,103.7,4
1311,1292,129.3,5
1312,1306,0.0,1
1312,1309,43.9,2
1312,1331,49.9,3
1312,1304,57.0,4
1312,1310,57.0,5
1313,1317,40.3,1
1313,1323,59.0,2
1313,1309,79.0,3
1313,1320,85.1,4
1313,1329,92.9,5
1314,1319,73.1,1
1314,2618,77.7,2
1314,1308,120.7,3
1314,1327,122.6,4
1314,1320,128.0,5
1315,1303,0.0,1
1315,1316,37.0,2
1315,1321,44.2,3
1315,2329,44.4,4
1315,1305,44.7,5
1316,1303,37.0,1
1316,1315,37.0,2
1316,1329,71.7,3
1316,1116,72.5,4
1316,1109,77.5,5
1317,1313,40.3,1
1317,1320,70.7,2
1317,2618,78.2,3
1317,1323,97.8,4
1317,1309,110.6,5
1319,1327,52.2,1
1319,2618,53.8,2
1319,1308,69.0,3
1319,1314,73.1,4
1319,1324,93.2,5
1320,1325,46.4,1
1320,2618,56.9,2
1320,1309,61.0,3
1320,1317,70.7,4
1320,1313,85.1,5
1321,1305,41.2,1
1321,1303,44.2,2
1321,1315,44.2,3
1321,1130,51.4,4
1321,1125,53.8,5
1322,1311,17.4,1
1322,1324,66.6,2
1322,1327,106.5,3
1322,1300,106.9,4
1322,1292,132.5,5
1323,1329,36.6,1
1323,1116,41.4,2
1323,1109,54.0,3
1323,1119,54.0,4
1323,1313,59.0,5
1324,1327,41.0,1
1324,1311,49.2,2
1324,1322,66.6,3
1324,1319,93.2,4
1324,1308,106.1,5
1325,1309,38.9,1
1325,1320,46.4,2
1325,1306,78.3,3
1325,1312,78.3,4
1325,2618,100.7,5
1326,1300,51.5,1
1326,1308,52.5,2
1326,1292,78.5,3
1326,2618,106.6,4
1326,1327,113.5,5
1327,1324,41.0,1
1327,1319,52.2,2
1327,1308,65.1,3
1327,1061,80.7,4
1327,1311,89.1,5
1328,1331,48.0,1
1328,1306,97.5,2
1328,1312,97.5,3
1328,1309,115.2,4
1328,1066,129.2,5
1329,1323,36.6,1
1329,1330,46.1,2
1329,1303,51.3,3
1329,1315,51.3,4
1329,1316,71.7,5
1330,1304,43.0,1
1330,1310,43.0,2
1330,1329,46.1,3
1330,1303,60.7,4
1330,1315,60.7,5
1331,1328,48.0,1
1331,1306,49.9,2
1331,1312,49.9,3
1331,1309,67.6,4
1331,1304,99.1,5
1333,1337,37.7,1
1333,1336,46.9,2
1333,1358,63.0,3
1333,1350,64.5,4
1333,1340,88.0,5
1334,1338,56.6,1
1334,1340,63.7,2
1334,1341,79.4,3
1334,1346,98.9,4
1334,1355,107.7,5
1335,1356,46.8,1
1335,1352,63.5,2
1335,1343,71.8,3
1335,1357,84.5,4
1335,1346,97.0,5
1336,1333,46.9,1
1336,1337,74.2,2
1336,2202,78.4,3
1336,1347,88.2,4
1336,1358,102.8,5
1337,1333,37.7,1
1337,1344,62.2,2
1337,1336,74.2,3
1337,1347,94.1,4
1337,1350,94.7,5
1338,1341,30.5,1
1338,1334,56.6,2
1338,1986,73.2,3
1338,2024,73.2,4
1338,1987,79.7,5
1339,1350,56.0,1
1339,1343,71.3,2
1339,1352,111.2,3
1339,1333,120.4,4
1339,1349,124.1,5
1340,1334,63.7,1
1340,1355,81.5,2
1340,1333,88.0,3
1340,1346,96.5,4
1340,2202,102.1,5
1341,1338,30.5,1
1341,1986,46.3,2
1341,2024,46.3,3
1341,1334,79.4,4
1341,1987,102.2,5
1343,1358,54.1,1
1343,1339,71.3,2
1343,1335,71.8,3
1343,1352,74.0,4
1343,1333,90.3,5
1344,1345,60.3,1
1344,1337,62.2,2
1344,1347,67.2,3
1344,1333,93.6,4
1344,1348,105.5,5
1345,1348,53.4,1
1345,1344,60.3,2
1345,1353,63.8,3
1345,1347,100.8,4
1345,1337,103.9,5
1346,1358,41.5,1
1346,1356,51.0,2
1346,1357,81.4,3
1346,1343,94.8,4
1346,1340,96.5,5
1347,1344,67.2,1
1347,2212,70.4,2
1347,1336,88.2,3
1347,2191,88.6,4
1347,1337,94.1,5
1348,1345,53.4,1
1348,1353,59.8,2
1348,2198,101.9,3
1348,1344,105.5,4
1348,1347,146.0,5
1349,1350,68.1,1
1349,1333,90.4,2
1349,1337,120.7,3
1349,1339,124.1,4
1349,1336,136.8,5
1350,1339,56.0,1
1350,1333,64.5,2
1350,1349,68.1,3
1350,1337,94.7,4
1350,1336,110.9,5
1351,1357,29.2,1
1351,1356,67.7,2
1351,2298,82.5,3
1351,2304,89.8,4
1351,2279,94.9,5
1352,1335,63.5,1
1352,1343,74.0,2
1352,2309,76.5,3
1352,1356,87.6,4
1352,1339,111.2,5
1353,2198,42.9,1
1353,1348,59.8,2
1353,1345,63.8,3
1353,2196,89.3,4
1353,2204,111.8,5
1355,2202,59.5,1
1355,1340,81.5,2
1355,2034,98.4,3
1355,1334,107.7,4
1355,2194,126.0,5
1356,1357,38.4,1
1356,1335,46.8,2
1356,1346,51.0,3
1356,1351,67.7,4
1356,1358,87.2,5
1357,1351,29.2,1
1357,1356,38.4,2
1357,2304,60.6,3
1357,1346,81.4,4
1357,1335,84.5,5
1358,1346,41.5,1
1358,1343,54.1,2
1358,1333,63.0,3
1358,1356,87.2,4
1358,1337,99.0,5
1392,1407,31.4,1
1392,1582,96.9,2
1392,1070,123.3,3
1392,1399,139.7,4
1392,1394,144.4,5
1393,1397,40.7,1
1393,2403,49.9,2
1393,2409,56.0,3
1393,1398,57.1,4
1393,2446,60.7,5
1394,1399,63.5,1
1394,1400,85.3,2
1394,2432,112.4,3
1394,1407,113.0,4
1394,2433,113.1,5
1395,2402,10.4,1
1395,2398,12.5,2
1395,2401,14.5,3
1395,2382,15.5,4
1395,2399,16.6,5
1396,2411,90.3,1
1396,2412,109.0,2
1396,2416,113.8,3
1396,1405,118.7,4
1396,2370,119.4,5
1397,2403,19.4,1
1397,2409,25.6,2
1397,2447,28.2,3
1397,2437,29.0,4
1397,2426,30.7,5
1398,1406,52.1,1
1398,1393,57.1,2
1398,1184,58.9,3
1398,2388,60.1,4
1398,2404,63.6,5
1399,1595,56.8,1
1399,1394,63.5,2
1399,1408,100.8,3
1399,1407,108.5,4
1399,1575,118.9,5
1400,2392,29.5,1
1400,2395,31.4,2
1400,2432,34.0,3
1400,2433,34.8,4
1400,2393,35.0,5
1401,1404,42.8,1
1401,216,54.2,2
1401,1394,122.1,3
1401,219,144.0,4
1401,1407,167.5,5
1402,2422,1.3,1
1402,2445,12.0,2
1402,2446,19.5,3
1402,2406,23.3,4
1402,2410,23.4,5
1403,1781,63.4,1
1403,1788,84.6,2
1403,1596,87.5,3
1403,1575,91.9,4
1403,1586,91.9,5
1404,1401,42.8,1
1404,216,86.3,2
1404,1055,146.0,3
1404,1394,164.8,4
1404,219,179.9,5
1405,212,77.5,1
1405,222,117.3,2
1405,1396,118.7,3
1405,2416,124.4,4
1405,2411,125.2,5
1406,1768,45.4,1
1406,1398,52.1,2
1406,1393,109.2,3
1406,1184,111.0,4
1406,2388,112.3,5
1407,1392,31.4,1
1407,1399,108.5,2
1407,1394,113.0,3
1407,1582,122.7,4
1407,1595,132.2,5
1408,2392,32.2,1
1408,2395,35.2,2
1408,2447,35.7,3
1408,2437,37.1,4
1408,2394,40.7,5
1409,1402,48.1,1
1409,2422,49.5,2
1409,2410,57.3,3
1409,2445,58.9,4
1409,2446,66.4,5
1410,1413,32.1,1
1410,1416,38.7,2
1410,1419,57.2,3
1410,2090,60.9,4
1410,1422,63.4,5
1411,1425,25.4,1
1411,1421,38.5,2
1411,1417,41.4,3
1411,1420,42.0,4
1411,1419,44.7,5
1412,1426,37.8,1
1412,1417,63.7,2
1412,1714,92.0,3
1412,1428,100.9,4
1412,1411,101.6,5
1413,1410,32.1,1
1413,2090,37.1,2
1413,1427,54.4,3
1413,1416,58.2,4
1413,1415,62.8,5
1414,1423,28.5,1
1414,1422,37.0,2
1414,1855,57.7,3
1414,1429,64.7,4
1414,1421,67.5,5
1415,2085,41.4,1
1415,1413,62.8,2
1415,2098,74.3,3
1415,2090,78.1,4
1415,1427,86.0,5
1416,1410,38.7,1
1416,1429,50.0,2
1416,2074,52.6,3
1416,1422,56.0,4
1416,1413,58.2,5
1417,1426,27.0,1
1417,1411,41.4,2
1417,1419,63.2,3
1417,1412,63.7,4
1417,1425,65.2,5
1419,1428,24.1,1
1419,1411,44.7,2
1419,1410,57.2,3
1419,1417,63.2,4
1419,1421,65.5,5
1420,1718,23.8,1
1420,1425,34.8,2
1420,1411,42.0,3
1420,1708,57.8,4
1420,1421,66.3,5
1421,1422,32.2,1
1421,1425,32.9,2
1421,1411,38.5,3
1421,1419,65.5,4
1421,1420,66.3,5
1422,1421,32.2,1
1422,1414,37.0,2
1422,1423,43.3,3
1422,1416,56.0,4
1422,1425,63.1,5
1423,1414,28.5,1
1423,1429,40.0,2
1423,1422,43.3,3
1423,1416,60.9,4
1423,1855,64.6,5
1425,1411,25.4,1
1425,1421,32.9,2
1425,1420,34.8,3
1425,2168,51.4,4
1425,1718,58.5,5
1426,1417,27.0,1
1426,1412,37.8,2
1426,1411,65.0,3
1426,1428,67.0,4
1426,1419,83.3,5
1427,1413,54.4,1
1427,1428,61.3,2
1427,1410,72.3,3
1427,1419,83.2,4
1427,1415,86.0,5
1428,1419,24.1,1
1428,1427,61.3,2
1428,1410,64.6,3
1428,1426,67.0,4
1428,1411,68.6,5
1429,1857,33.0,1
1429,1423,40.0,2
1429,2089,44.4,3
1429,1416,50.0,4
1429,1862,60.9,5
1430,1431,36.6,1
1430,1437,82.6,2
1430,1434,501.1,3
1430,1438,523.8,4
1430,1435,598.1,5
1431,1430,36.6,1
1431,1437,93.6,2
1431,1434,512.0,3
1431,1438,534.7,4
1431,1435,609.1,5
1434,1438,245.4,1
1434,1435,350.0,2
1434,1437,418.5,3
1434,1430,501.1,4
1434,1431,512.0,5
1435,1438,104.6,1
1435,1434,350.0,2
1435,332,389.6,3
1435,1437,515.5,4
1435,1430,598.1,5
1437,1430,82.6,1
1437,1431,93.6,2
1437,1434,418.5,3
1437,1438,441.1,4
1437,1435,515.5,5
1438,1435,104.6,1
1438,1434,245.4,2
1438,1437,441.1,3
1438,332,494.2,4
1438,1430,523.8,5
1439,2467,8.6,1
1439,1475,8.8,2
1439,2465,9.6,3
1439,2471,10.1,4
1439,2464,11.2,5
1440,1500,26.2,1
1440,1448,30.8,2
1440,1464,37.5,3
1440,1490,37.5,4
1440,1465,39.3,5
1443,2547,3.6,1
1443,1457,4.3,2
1443,1465,7.5,3
1443,2575,9.0,4
1443,2550,9.2,5
1444,2524,4.9,1
1444,2515,6.9,2
1444,2500,7.4,3
1444,2508,9.3,4
1444,2498,9.8,5
1445,1493,16.5,1
1445,1472,20.2,2
1445,2570,20.6,3
1445,2581,21.0,4
1445,2571,22.6,5
1446,2883,21.1,1
1446,1504,37.4,2
1446,1491,54.4,3
1446,1461,97.2,4
1446,1501,97.8,5
1447,1490,27.5,1
1447,2808,46.4,2
1447,2813,48.8,3
1447,2652,56.9,4
1447,1440,65.0,5
1448,1500,10.3,1
1448,1465,19.1,2
1448,1464,20.5,3
1448,1457,20.6,4
1448,2552,22.8,5
1449,1463,25.3,1
1449,1478,39.0,2
1449,2808,48.1,3
1449,1861,55.0,4
1449,1454,60.0,5
1453,2491,28.6,1
1453,2586,30.6,2
1453,2492,32.5,3
1453,2493,32.8,4
1453,1459,34.4,5
1454,1480,11.5,1
1454,2174,57.7,2
1454,1449,60.0,3
1454,1478,60.9,4
1454,2189,63.8,5
1456,1467,6.8,1
1456,2526,10.4,2
1456,2523,13.1,3
1456,2516,13.6,4
1456,2512,14.1,5
1457,1465,3.2,1
1457,1443,4.3,2
1457,2547,5.3,3
1457,2546,7.2,4
1457,2552,7.3,5
1459,2528,4.8,1
1459,2534,7.5,2
1459,2529,8.6,3
1459,2530,9.3,4
1459,2531,9.5,5
1461,2524,13.9,1
1461,1444,14.5,2
1461,2504,16.6,3
1461,2515,18.9,4
1461,2500,19.3,5
1463,2808,22.8,1
1463,1449,25.3,2
1463,1861,43.1,3
1463,1490,55.9,4
1463,1845,61.9,5
1464,1457,13.5,1
1464,1465,13.8,2
1464,1443,17.2,3
1464,2552,17.6,4
1464,2546,18.3,5
1465,1457,3.2,1
1465,2552,5.1,2
1465,2469,6.2,3
1465,2546,6.8,4
1465,1443,7.5,5
1467,1456,6.8,1
1467,2526,7.3,2
1467,2523,9.3,3
1467,2516,9.8,4
1467,2512,10.3,5
1468,2601,24.9,1
1468,2593,26.5,2
1468,2647,35.3,3
1468,2597,37.0,4
1468,2646,37.0,5
1472,2604,8.4,1
1472,2588,9.8,2
1472,2607,11.0,3
1472,2568,15.3,4
1472,2565,16.4,5
1473,2644,15.1,1
1473,1219,29.1,2
1473,1474,38.7,3
1473,1484,39.2,4
1473,1206,43.9,5
1474,2644,23.6,1
1474,2177,27.4,2
1474,1473,38.7,3
1474,1484,45.9,4
1474,1219,55.5,5
1475,2467,2.8,1
1475,2471,4.5,2
1475,2470,5.7,3
1475,2463,6.4,4
1475,2464,6.4,5
1477,1495,27.8,1
1477,1489,52.3,2
1477,1453,58.4,3
1477,1468,63.0,4
1477,2595,70.6,5
1478,2174,35.8,1
1478,1449,39.0,2
1478,1856,40.2,3
1478,1850,49.6,4
1478,1454,60.9,5
1480,1454,11.5,1
1480,2174,65.8,2
1480,1484,68.2,3
1480,2808,69.7,4
1480,1449,69.9,5
1481,2649,5.7,1
1481,1456,20.6,2
1481,2814,20.9,3
1481,1439,21.3,4
1481,2648,21.8,5
1483,1496,22.2,1
1483,2648,28.3,2
1483,1481,29.7,3
1483,1488,30.5,4
1483,2649,31.0,5
1484,2644,26.1,1
1484,2607,33.1,2
1484,1472,33.6,3
1484,1473,39.2,4
1484,2591,40.4,5
1486,1494,28.3,1
1486,1489,29.6,2
1486,2118,63.9,3
1486,1477,73.5,4
1486,1495,79.7,5
1488,1496,8.3,1
1488,2648,22.7,2
1488,1483,30.5,3
1488,1500,35.0,4
1488,1439,35.9,5
1489,1486,29.6,1
1489,1494,34.5,2
1489,1477,52.3,3
1489,1453,63.0,4
1489,1492,69.8,5
1490,1447,27.5,1
1490,2808,34.2,2
1490,1440,37.5,3
1490,1500,47.1,4
1490,1463,55.9,5
1491,1461,44.1,1
1491,1501,46.4,2
1491,1504,49.3,3
1491,2524,51.0,4
1491,1444,51.6,5
1492,3013,23.4,1
1492,2493,49.7,2
1492,2492,50.0,3
1492,2586,52.6,4
1492,2538,52.7,5
1493,2570,7.6,1
1493,2581,9.4,2
1493,2571,9.5,3
1493,2582,10.8,4
1493,2585,12.1,5
1494,1486,28.3,1
1494,1489,34.5,2
1494,2140,63.5,3
1494,2101,81.5,4
1494,2118,81.5,5
1495,1477,27.8,1
1495,1468,66.1,2
1495,2647,69.6,3
1495,1213,72.7,4
1495,2048,74.8,5
1496,1488,8.3,1
1496,2648,20.1,2
1496,1483,22.2,3
1496,1439,33.4,4
1496,2649,36.1,5
1500,1448,10.3,1
1500,1440,26.2,2
1500,1465,29.2,3
1500,1464,29.6,4
1500,1457,30.7,5
1501,2814,40.3,1
1501,1491,46.4,2
1501,991,48.2,3
1501,1456,52.5,4
1501,2649,54.3,5
1504,2883,26.0,1
1504,1446,37.4,2
1504,1491,49.3,3
1504,1501,76.8,4
1504,2120,80.8,5
1506,1519,12.4,1
1506,1510,105.0,2
1506,1509,135.6,3
1506,1520,166.0,4
1506,1521,189.3,5
1507,1508,17.0,1
1507,1509,67.9,2
1507,1511,85.0,3
1507,1510,95.5,4
1507,1518,111.3,5
1508,1507,17.0,1
1508,1509,83.4,2
1508,1511,100.6,3
1508,1510,111.0,4
1508,1518,126.9,5
1509,1510,34.9,1
1509,1507,67.9,2
1509,1508,83.4,3
1509,1511,90.9,4
1509,1520,109.7,5
1510,1509,34.9,1
1510,1520,82.9,2
1510,1507,95.5,3
1510,1519,96.5,4
1510,1506,105.0,5
1511,1518,29.1,1
1511,1507,85.0,2
1511,1509,90.9,3
1511,1508,100.6,4
1511,1510,118.5,5
1512,1511,125.1,1
1512,1518,151.4,2
1512,1507,157.8,3
1512,1509,163.7,4
1512,1508,173.4,5
1518,1511,29.1,1
1518,1507,111.3,2
1518,1522,113.7,3
1518,1509,117.2,4
1518,1508,126.9,5
1519,1506,12.4,1
1519,1510,96.5,2
1519,1509,127.1,3
1519,1520,157.5,4
1519,1521,182.9,5
1520,1510,82.9,1
1520,1509,109.7,2
1520,1519,157.5,3
1520,1506,166.0,4
1520,1507,170.3,5
1521,1519,182.9,1
1521,1506,189.3,2
1521,1510,277.3,3
1521,1509,307.9,4
1521,1520,338.3,5
1522,1518,113.7,1
1522,1511,142.7,2
1522,1507,224.9,3
1522,1509,230.8,4
1522,1508,240.5,5
1523,1525,20.7,1
1523,1560,27.4,2
1523,1539,38.2,3
1523,1527,40.8,4
1523,1540,42.5,5
1525,1523,20.7,1
1525,1539,46.0,2
1525,1560,47.5,3
1525,1527,50.1,4
1525,1553,54.1,5
1526,1529,33.4,1
1526,1528,44.8,2
1526,989,56.2,3
1526,1548,77.6,4
1526,1537,78.4,5
1527,1549,19.7,1
1527,1539,35.7,2
1527,1523,40.8,3
1527,1540,41.9,4
1527,1525,50.1,5
1528,1529,34.1,1
1528,1526,44.8,2
1528,989,56.9,3
1528,1537,63.4,4
1528,1546,84.1,5
1529,989,23.1,1
1529,1526,33.4,2
1529,1528,34.1,3
1529,1546,54.8,4
1529,1002,59.3,5
1530,1543,22.8,1
1530,1544,25.4,2
1530,1542,32.7,3
1530,1554,43.5,4
1530,1556,48.9,5
1532,1558,64.7,1
1532,1525,65.6,2
1532,1551,67.3,3
1532,1553,72.0,4
1532,1523,73.7,5
1533,1571,30.1,1
1533,1570,45.2,2
1533,1572,55.0,3
1533,1273,59.9,4
1533,1547,67.2,5
1534,293,34.9,1
1534,1555,56.5,2
1534,1561,58.7,3
1534,300,66.8,4
1534,3005,71.7,5
1535,1557,75.5,1
1535,1553,78.0,2
1535,1539,104.0,3
1535,1536,115.3,4
1535,1525,130.6,5
1536,1124,37.1,1
1536,1126,43.9,2
1536,1553,50.1,3
1536,1539,60.4,4
1536,1133,88.2,5
1537,1555,26.9,1
1537,3005,53.8,2
1537,1548,59.8,3
1537,1528,63.4,4
1537,1568,69.1,5
1539,1527,35.7,1
1539,1523,38.2,2
1539,1553,38.8,3
1539,1525,46.0,4
1539,1549,55.0,5
1540,1563,35.1,1
1540,1527,41.9,2
1540,1523,42.5,3
1540,1560,51.3,4
1540,1568,51.7,5
1541,1552,39.7,1
1541,1565,49.6,2
1541,296,54.2,3
1541,1559,55.9,4
1541,1567,64.3,5
1542,1556,16.2,1
1542,1530,32.7,2
1542,1543,34.8,3
1542,1562,41.9,4
1542,1544,54.2,5
1543,1530,22.8,1
1543,1542,34.8,2
1543,1544,48.1,3
1543,1552,48.5,4
1543,1566,49.8,5
1544,1530,25.4,1
1544,3005,31.5,2
1544,1554,47.4,3
1544,1543,48.1,4
1544,1542,54.2,5
1545,1558,42.5,1
1545,1551,88.7,2
1545,1547,94.4,3
1545,1532,100.7,4
1545,1572,109.5,5
1546,1563,31.2,1
1546,1568,46.7,2
1546,1529,54.8,3
1546,1540,63.3,4
1546,989,65.5,5
1547,1572,47.0,1
1547,1533,67.2,2
1547,1308,75.4,3
1547,1545,94.4,4
1547,1570,95.0,5
1548,306,18.8,1
1548,1849,38.1,2
1548,1555,50.3,3
1548,1537,59.8,4
1548,1851,64.1,5
1549,1527,19.7,1
1549,993,37.4,2
1549,1539,55.0,3
1549,1523,60.2,4
1549,1540,61.6,5
1550,1569,26.4,1
1550,501,31.7,2
1550,1562,57.8,3
1550,492,62.9,4
1550,1566,66.2,5
1551,1558,47.2,1
1551,1532,67.3,2
1551,1545,88.7,3
1551,285,93.6,4
1551,1572,108.0,5
1552,1541,39.7,1
1552,1561,41.2,2
1552,1543,48.5,3
1552,1559,53.6,4
1552,1566,56.9,5
1553,1539,38.8,1
1553,1536,50.1,2
1553,1525,54.1,3
1553,1523,62.1,4
1553,1557,62.3,5
1554,1530,43.5,1
1554,1560,45.7,2
1554,1544,47.4,3
1554,3005,53.5,4
1554,1542,54.4,5
1555,1537,26.9,1
1555,1548,50.3,2
1555,1534,56.5,3
1555,3005,59.0,4
1555,305,63.0,5
1556,1542,16.2,1
1556,1562,28.1,2
1556,1566,44.9,3
1556,1530,48.9,4
1556,1543,51.0,5
1557,1553,62.3,1
1557,1535,75.5,2
1557,1539,88.3,3
1557,1536,99.6,4
1557,1532,107.4,5
1558,1545,42.5,1
1558,1551,47.2,2
1558,1532,64.7,3
1558,1572,68.0,4
1558,1547,112.6,5
1559,1566,25.2,1
1559,1567,27.0,2
1559,1564,37.5,3
1559,1552,53.6,4
1559,1541,55.9,5
1560,1523,27.4,1
1560,1554,45.7,2
1560,1525,47.5,3
1560,1540,51.3,4
1560,1527,55.5,5
1561,1574,31.8,1
1561,1552,41.2,2
1561,1565,52.4,3
1561,1534,58.7,4
1561,3005,65.5,5
1562,1556,28.1,1
1562,1542,41.9,2
1562,1550,57.8,3
1562,1569,59.0,4
1562,1560,63.5,5
1563,1568,21.3,1
1563,1546,31.2,2
1563,1540,35.1,3
1563,993,52.8,4
1563,1527,77.0,5
1564,1566,30.6,1
1564,1559,37.5,2
1564,1567,49.4,3
1564,1569,52.9,4
1564,482,54.0,5
1565,296,28.3,1
1565,1541,49.6,2
1565,301,52.2,3
1565,1561,52.4,4
1565,302,65.2,5
1566,1559,25.2,1
1566,1564,30.6,2
1566,1569,39.9,3
1566,1556,44.9,4
1566,1543,49.8,5
1567,1559,27.0,1
1567,495,37.8,2
1567,1564,49.4,3
1567,1566,52.0,4
1567,1541,64.3,5
1568,1563,21.3,1
1568,1546,46.7,2
1568,1540,51.7,3
1568,1537,69.1,4
1568,993,74.1,5
1569,1550,26.4,1
1569,1566,39.9,2
1569,1564,52.9,3
1569,1556,54.2,4
1569,501,55.5,5
1570,1573,24.1,1
1570,1533,45.2,2
1570,1572,51.0,3
1570,1273,60.0,4
1570,1571,71.2,5
1571,1533,30.1,1
1571,1570,71.2,2
1571,1572,85.1,3
1571,1273,85.9,4
1571,1573,94.9,5
1572,1547,47.0,1
1572,1570,51.0,2
1572,1533,55.0,3
1572,1558,68.0,4
1572,1573,74.4,5
1573,1570,24.1,1
1573,275,57.9,2
1573,1533,68.9,3
1573,1572,74.4,4
1573,1273,83.7,5
1574,1561,31.8,1
1574,3005,33.7,2
1574,1544,59.9,3
1574,1530,61.7,4
1574,1552,71.3,5
1575,1586,0.0,1
1575,1596,50.3,2
1575,1595,70.1,3
1575,1591,79.5,4
1575,1583,84.6,5
1577,1587,39.7,1
1577,1585,48.4,2
1577,1582,60.0,3
1577,1578,77.2,4
1577,1593,77.4,5
1578,1581,56.2,1
1578,1587,62.1,2
1578,2113,66.5,3
1578,1577,77.2,4
1578,1580,79.2,5
1579,1596,37.0,1
1579,1591,39.8,2
1579,1592,46.3,3
1579,1588,67.3,4
1579,1770,82.0,5
1580,1584,50.9,1
1580,1578,79.2,2
1580,1581,86.4,3
1580,1588,89.2,4
1580,1592,93.3,5
1581,1578,56.2,1
1581,1587,57.1,2
1581,1580,86.4,3
1581,1575,89.7,4
1581,1586,89.7,5
1582,1577,60.0,1
1582,1593,81.4,2
1582,1583,90.8,3
1582,1587,95.7,4
1582,1392,96.9,5
1583,1595,72.4,1
1583,1575,84.6,2
1583,1586,84.6,3
1583,1582,90.8,4
1583,1399,121.2,5
1584,1580,50.9,1
1584,1594,81.2,2
1584,2105,104.0,3
1584,2133,113.7,4
1584,1590,120.6,5
1585,1577,48.4,1
1585,1587,88.1,2
1585,1589,91.4,3
1585,1593,92.7,4
1585,2127,100.6,5
1586,1575,0.0,1
1586,1596,50.3,2
1586,1595,70.1,3
1586,1591,79.5,4
1586,1583,84.6,5
1587,1577,39.7,1
1587,1581,57.1,2
1587,1578,62.1,3
1587,1585,88.1,4
1587,2113,92.6,5
1588,1592,21.4,1
1588,1579,67.3,2
1588,1596,71.3,3
1588,1590,83.0,4
1588,1580,89.2,5
1589,2127,44.4,1
1589,1068,48.6,2
1589,2136,57.1,3
1589,1585,91.4,4
1589,2130,102.2,5
1590,1594,40.2,1
1590,1592,61.7,2
1590,1588,83.0,3
1590,1579,108.0,4
1590,1596,111.6,5
1591,1596,29.2,1
1591,1579,39.8,2
1591,1770,44.2,3
1591,1782,70.6,4
1591,1592,79.1,5
1592,1588,21.4,1
1592,1579,46.3,2
1592,1596,49.9,3
1592,1590,61.7,4
1592,1591,79.1,5
1593,1577,77.4,1
1593,1582,81.4,2
1593,1585,92.7,3
1593,1070,106.3,4
1593,1589,112.4,5
1594,1590,40.2,1
1594,1584,81.2,2
1594,1773,81.2,3
1594,2142,97.6,4
1594,1592,101.9,5
1595,1399,56.8,1
1595,1408,69.4,2
1595,1575,70.1,3
1595,1586,70.1,4
1595,1583,72.4,5
1596,1591,29.2,1
1596,1579,37.0,2
1596,1592,49.9,3
1596,1575,50.3,4
1596,1586,50.3,5
1597,1620,0.0,1
1597,1600,21.1,2
1597,1601,24.3,3
1597,1598,36.5,4
1597,1611,52.1,5
1598,1599,28.6,1
1598,1608,28.6,2
1598,1601,28.7,3
1598,1597,36.5,4
1598,1620,36.5,5
1599,1608,0.0,1
1599,1598,28.6,2
1599,1601,48.8,3
1599,1629,52.6,4
1599,1597,56.6,5
1600,1597,21.1,1
1600,1620,21.1,2
1600,1601,39.4,3
1600,1611,51.5,4
1600,1598,53.0,5
1601,1597,24.3,1
1601,1620,24.3,2
1601,1598,28.7,3
1601,1600,39.4,4
1601,1599,48.8,5
1602,1616,45.3,1
1602,1609,51.1,2
1602,519,108.9,3
1602,1607,112.0,4
1602,1630,115.8,5
1603,1615,9.9,1
1603,1607,92.0,2
1603,1626,99.0,3
1603,1628,114.0,4
1603,1605,128.7,5
1604,1238,49.6,1
1604,1625,69.7,2
1604,1619,71.9,3
1604,1257,92.3,4
1604,1252,106.7,5
1605,1628,46.6,1
1605,1627,69.9,2
1605,1624,106.5,3
1605,1617,111.2,4
1605,1615,118.8,5
1606,1614,71.7,1
1606,1613,73.7,2
1606,1607,85.2,3
1606,1610,104.9,4
1606,568,124.7,5
1607,1606,85.2,1
1607,1603,92.0,2
1607,1615,101.9,3
1607,1616,107.8,4
1607,1602,112.0,5
1608,1599,0.0,1
1608,1598,28.6,2
1608,1601,48.8,3
1608,1629,52.6,4
1608,1597,56.6,5
1609,1602,51.1,1
1609,519,59.8,2
1609,1614,90.4,3
1609,1616,96.0,4
1609,511,107.0,5
1610,1626,50.9,1
1610,1631,53.7,2
1610,1613,98.8,3
1610,1606,104.9,4
1610,1603,147.1,5
1611,1600,51.5,1
1611,1597,52.1,2
1611,1620,52.1,3
1611,1601,68.5,4
1611,1598,85.3,5
1612,1600,62.6,1
1612,1597,81.9,2
1612,1620,81.9,3
1612,1611,90.9,4
1612,1601,100.2,5
1613,1606,73.7,1
1613,1614,94.3,2
1613,1610,98.8,3
1613,1621,98.9,4
1613,568,125.6,5
1614,568,53.7,1
1614,1606,71.7,2
1614,1609,90.4,3
1614,1613,94.3,4
1614,544,113.9,5
1615,1603,9.9,1
1615,1607,101.9,2
1615,1626,108.3,3
1615,1605,118.8,4
1615,1622,121.1,5
1616,1602,45.3,1
1616,1630,73.3,2
1616,1609,96.0,3
1616,1607,107.8,4
1616,519,153.7,5
1617,1605,111.2,1
1617,1627,143.7,2
1617,1622,151.1,3
1617,1628,153.4,4
1617,1624,192.7,5
1618,1629,62.9,1
1618,1599,95.0,2
1618,1608,95.0,3
1618,559,113.4,4
1618,1598,118.4,5
1619,1625,70.1,1
1619,1597,70.7,2
1619,1620,70.7,3
1619,1604,71.9,4
1619,1600,78.1,5
1620,1597,0.0,1
1620,1600,21.1,2
1620,1601,24.3,3
1620,1598,36.5,4
1620,1611,52.1,5
1621,534,72.2,1
1621,529,95.1,2
1621,1613,98.9,3
1621,1597,102.5,4
1621,1620,102.5,5
1622,1615,121.1,1
1622,1603,131.0,2
1622,1605,143.0,3
1622,1617,151.1,4
1622,1628,189.6,5
1623,1629,90.2,1
1623,1599,134.2,2
1623,1608,134.2,3
1623,559,138.8,4
1623,1618,151.0,5
1624,1627,50.0,1
1624,1628,61.1,2
1624,1630,95.2,3
1624,1639,100.0,4
1624,1648,105.4,5
1625,1604,69.7,1
1625,1619,70.1,2
1625,1601,98.4,3
1625,1249,108.3,4
1625,1238,109.4,5
1626,1610,50.9,1
1626,1631,94.7,2
1626,1603,99.0,3
1626,1615,108.3,4
1626,1613,149.7,5
1627,1624,50.0,1
1627,1648,62.6,2
1627,1605,69.9,3
1627,1628,91.6,4
1627,1639,134.7,5
1628,1605,46.6,1
1628,1624,61.1,2
1628,1630,82.9,3
1628,1627,91.6,4
1628,1603,114.0,5
1629,1599,52.6,1
1629,1608,52.6,2
1629,559,55.2,3
1629,1618,62.9,4
1629,1598,76.0,5
1630,1616,73.3,1
1630,1628,82.9,2
1630,1624,95.2,3
1630,1602,115.8,4
1630,1605,128.7,5
1631,1610,53.7,1
1631,1626,94.7,2
1631,1621,117.2,3
1631,1600,122.6,4
1631,1597,141.9,5
1632,1652,16.0,1
1632,1633,45.0,2
1632,1641,48.1,3
1632,1644,56.7,4
1632,1658,57.6,5
1633,1632,45.0,1
1633,1658,50.1,2
1633,1664,50.1,3
1633,1652,59.0,4
1633,1644,64.0,5
1634,1656,96.0,1
1634,1659,96.8,2
1634,1640,106.6,3
1634,1637,151.2,4
1634,1643,168.4,5
1635,1660,83.6,1
1635,1637,91.2,2
1635,1661,141.4,3
1635,1659,144.0,4
1635,1640,167.2,5
1636,1639,44.5,1
1636,1641,56.6,2
1636,1648,76.0,3
1636,1652,84.6,4
1636,1651,86.1,5
1637,1659,54.4,1
1637,1635,91.2,2
1637,1660,109.0,3
1637,1657,121.8,4
1637,1640,122.6,5
1638,1645,56.5,1
1638,1654,73.5,2
1638,1647,80.8,3
1638,1644,99.5,4
1638,1643,119.7,5
1639,1641,39.0,1
1639,1651,42.0,2
1639,1636,44.5,3
1639,1652,74.3,4
1639,1648,77.0,5
1640,1659,81.9,1
1640,1634,106.6,2
1640,1637,122.6,3
1640,1661,128.4,4
1640,1656,134.0,5
1641,1652,36.5,1
1641,1639,39.0,2
1641,1632,48.1,3
1641,1636,56.6,4
1641,1651,74.6,5
1642,1661,51.1,1
1642,1647,55.4,2
1642,2195,83.2,3
1642,2207,121.0,4
1642,1638,133.5,5
1643,1644,28.0,1
1643,1632,62.5,2
1643,1664,71.2,3
1643,1656,73.6,4
1643,1652,78.5,5
1644,1643,28.0,1
1644,1664,45.8,2
1644,1632,56.7,3
1644,1645,59.0,4
1644,1633,64.0,5
1645,1638,56.5,1
1645,1644,59.0,2
1645,1643,79.2,3
1645,1664,102.3,4
1645,1632,108.0,5
1646,1657,78.9,1
1646,1648,133.2,2
1646,1659,160.2,3
1646,1636,162.2,4
1646,1627,193.1,5
1647,1642,55.4,1
1647,2207,68.3,2
1647,1661,74.3,3
1647,1638,80.8,4
1647,1645,122.2,5
1648,1627,62.6,1
1648,1636,76.0,2
1648,1639,77.0,3
1648,1641,81.5,4
1648,1624,105.4,5
1649,1655,94.8,1
1649,1658,98.7,2
1649,1633,146.8,3
1649,1632,154.3,4
1649,1653,154.5,5
1650,1653,46.0,1
1650,1633,73.0,2
1650,1658,82.1,3
1650,1664,91.7,4
1650,1632,94.5,5
1651,1639,42.0,1
1651,1641,74.6,2
1651,1636,86.1,3
1651,1663,86.8,4
1651,1652,109.8,5
1652,1632,16.0,1
1652,1641,36.5,2
1652,1633,59.0,3
1652,1658,71.6,4
1652,1644,71.9,5
1653,1650,46.0,1
1653,1658,57.8,2
1653,1655,64.0,3
1653,1633,89.8,4
1653,1632,97.4,5
1654,1664,57.4,1
1654,1638,73.5,2
1654,1644,98.1,3
1654,1633,101.1,4
1654,1643,123.6,5
1655,1653,64.0,1
1655,1649,94.8,2
1655,1650,109.5,3
1655,1658,120.5,4
1655,1633,152.5,5
1656,1643,73.6,1
1656,1634,96.0,2
1656,1644,101.6,3
1656,1632,104.4,4
1656,1661,116.7,5
1657,1646,78.9,1
1657,1659,81.3,2
1657,1637,121.8,3
1657,1640,150.2,4
1657,1634,178.1,5
1658,1633,50.1,1
1658,1632,57.6,2
1658,1653,57.8,3
1658,1652,71.6,4
1658,1650,82.1,5
1659,1637,54.4,1
1659,1657,81.3,2
1659,1640,81.9,3
1659,1634,96.8,4
1659,1635,144.0,5
1660,1635,83.6,1
1660,1662,87.1,2
1660,1637,109.0,3
1660,1659,161.8,4
1660,2200,207.5,5
1661,1642,51.1,1
1661,1647,74.3,2
1661,1643,108.9,3
1661,1656,116.7,4
1661,1640,128.4,5
1662,1660,87.1,1
1662,2200,130.0,2
1662,1635,170.7,3
1662,2199,177.4,4
1662,2208,183.8,5
1663,1651,86.8,1
1663,1639,123.2,2
1663,1641,134.7,3
1663,1632,145.9,4
1663,1652,156.2,5
1664,1644,45.8,1
1664,1633,50.1,2
1664,1654,57.4,3
1664,1643,71.2,4
1664,1650,91.7,5
1665,1699,39.2,1
1665,1674,72.6,2
1665,1697,72.6,3
1665,1694,73.2,4
1665,1700,97.4,5
1666,1691,30.3,1
1666,52,49.3,2
1666,1698,61.9,3
1666,1681,79.4,4
1666,38,82.0,5
1667,1683,0.0,1
1667,1880,24.3,2
1667,1902,24.3,3
1667,1681,34.4,4
1667,1702,54.8,5
1668,1690,34.3,1
1668,1685,49.9,2
1668,1704,54.0,3
1668,1889,68.3,4
1668,1886,83.7,5
1669,1673,30.5,1
1669,1672,37.9,2
1669,1692,46.5,3
1669,79,63.9,4
1669,1671,85.3,5
1670,1671,23.0,1
1670,79,93.2,2
1670,1672,94.6,3
1670,1682,96.2,4
1670,1673,98.5,5
1671,1670,23.0,1
1671,1672,74.2,2
1671,1673,78.2,3
1671,79,79.3,4
1671,1669,85.3,5
1672,1673,15.4,1
1672,1669,37.9,2
1672,1692,59.9,3
1672,1671,74.2,4
1672,1670,94.6,5
1673,1672,15.4,1
1673,1669,30.5,2
1673,1692,44.5,3
1673,1671,78.2,4
1673,79,94.4,5
1674,1679,52.3,1
1674,1665,72.6,2
1674,1699,111.6,3
1674,1697,144.6,4
1674,1694,145.6,5
1675,1704,38.3,1
1675,1693,56.6,2
1675,1689,65.3,3
1675,1685,78.9,4
1675,1703,81.2,5
1676,1686,56.5,1
1676,1678,77.5,2
1676,1701,91.2,3
1676,1692,114.1,4
1676,1673,117.4,5
1678,1688,75.2,1
1678,1676,77.5,2
1678,1692,78.3,3
1678,1673,122.8,4
1678,1701,123.3,5
1679,1674,52.3,1
1679,1682,113.4,2
1679,1665,120.8,3
1679,1699,159.8,4
1679,1700,186.0,5
1680,1706,37.6,1
1680,78,84.2,2
1680,1693,90.5,3
1680,1689,103.3,4
1680,1697,106.0,5
1681,1667,34.4,1
1681,1683,34.4,2
1681,1880,52.8,3
1681,1902,52.8,4
1681,1691,55.8,5
1682,1700,72.9,1
1682,1670,96.2,2
1682,1665,111.1,3
1682,1679,113.4,4
1682,1671,119.1,5
1683,1667,0.0,1
1683,1880,24.3,2
1683,1902,24.3,3
1683,1681,34.4,4
1683,1702,54.8,5
1685,1668,49.9,1
1685,1689,55.1,2
1685,1675,78.9,3
1685,1704,80.8,4
1685,1690,84.2,5
1686,1676,56.5,1
1686,1692,105.6,2
1686,1673,108.9,3
1686,1701,116.3,4
1686,1672,124.2,5
1687,1703,64.5,1
1687,1693,79.3,2
1687,1697,124.0,3
1687,1665,127.2,4
1687,1675,130.5,5
1688,1678,75.2,1
1688,2294,79.3,2
1688,1692,118.1,3
1688,1676,152.7,4
1688,2299,157.4,5
1689,1685,55.1,1
1689,1675,65.3,2
1689,1704,97.0,3
1689,1668,102.7,4
1689,1680,103.3,5
1690,1668,34.3,1
1690,1704,73.6,2
1690,1696,74.6,3
1690,1685,84.2,4
1690,1889,102.3,5
1691,1666,30.3,1
1691,1698,54.5,2
1691,1681,55.8,3
1691,52,79.6,4
1691,1667,90.1,5
1692,1673,44.5,1
1692,1669,46.5,2
1692,1672,59.9,3
1692,1678,78.3,4
1692,1686,105.6,5
1693,1697,50.4,1
1693,1675,56.6,2
1693,1687,79.3,3
1693,1704,89.2,4
1693,1680,90.5,5
1694,1699,50.1,1
1694,1705,54.3,2
1694,23,65.7,3
1694,1665,73.2,4
1694,66,86.4,5
1696,1690,74.6,1
1696,1703,103.9,2
1696,1668,108.9,3
1696,1888,114.1,4
1696,1704,148.1,5
1697,1693,50.4,1
1697,1665,72.6,2
1697,1699,96.8,3
1697,1675,105.2,4
1697,1680,106.0,5
1698,41,50.7,1
1698,1691,54.5,2
1698,1666,61.9,3
1698,1706,70.2,4
1698,69,79.0,5
1699,1665,39.2,1
1699,1694,50.1,2
1699,1705,88.3,3
1699,1700,93.4,4
1699,1697,96.8,5
1700,53,61.5,1
1700,1682,72.9,2
1700,1699,93.4,3
1700,1705,95.0,4
1700,1665,97.4,5
1701,1676,91.2,1
1701,1686,116.3,2
1701,1678,123.3,3
1701,1688,198.6,4
1701,1692,200.5,5
1702,1893,36.2,1
1702,1667,54.8,2
1702,1683,54.8,3
1702,1896,55.5,4
1702,368,58.9,5
1703,1687,64.5,1
1703,1675,81.2,2
1703,1704,103.7,3
1703,1696,103.9,4
1703,1693,106.5,5
1704,1675,38.3,1
1704,1668,54.0,2
1704,1690,73.6,3
1704,1685,80.8,4
1704,1693,89.2,5
1705,53,46.3,1
1705,1694,54.3,2
1705,23,74.8,3
1705,63,77.9,4
1705,1699,88.3,5
1706,1680,37.6,1
1706,78,47.9,2
1706,1698,70.2,3
1706,72,82.1,4
1706,1694,100.6,5
1707,1726,0.0,1
1707,1731,30.3,2
1707,1719,39.4,3
1707,1728,44.1,4
1707,1709,46.4,5
1708,1718,48.9,1
1708,1714,52.4,2
1708,1711,57.5,3
1708,1420,57.8,4
1708,1727,63.0,5
1709,2187,31.9,1
1709,1707,46.4,2
1709,1726,46.4,3
1709,1710,49.4,4
1709,1725,54.8,5
1710,1709,49.4,1
1710,2172,52.4,2
1710,1732,58.0,3
1710,1707,61.6,4
1710,1726,61.6,5
1711,1724,15.7,1
1711,1715,28.6,2
1711,1725,28.8,3
1711,1727,37.6,4
1711,1708,57.5,5
1712,1722,18.4,1
1712,1728,22.1,2
1712,1730,41.8,3
1712,1727,54.9,4
1712,1719,59.0,5
1713,1719,51.9,1
1713,1730,63.3,2
1713,1733,71.3,3
1713,1731,88.0,4
1713,1707,91.3,5
1714,1717,48.5,1
1714,1708,52.4,2
1714,1412,92.0,3
1714,1722,93.6,4
1714,1718,99.8,5
1715,1725,14.1,1
1715,1711,28.6,2
1715,1724,43.8,3
1715,1727,53.3,4
1715,1707,64.2,5
1717,1722,45.1,1
1717,1714,48.5,2
1717,1727,55.6,3
1717,1712,62.7,4
1717,1708,71.9,5
1718,1420,23.8,1
1718,1708,48.9,2
1718,1425,58.5,3
1718,1411,65.7,4
1718,1421,90.0,5
1719,1730,29.9,1
1719,1707,39.4,2
1719,1726,39.4,3
1719,1731,41.4,4
1719,1713,51.9,5
1722,1712,18.4,1
1722,1728,37.2,2
1722,1727,40.3,3
1722,1717,45.1,4
1722,1730,60.2,5
1724,1711,15.7,1
1724,1715,43.8,2
1724,1725,44.0,3
1724,1727,52.8,4
1724,1708,70.4,5
1725,1715,14.1,1
1725,1711,28.8,2
1725,1724,44.0,3
1725,1709,54.8,4
1725,1727,62.4,5
1726,1707,0.0,1
1726,1731,30.3,2
1726,1719,39.4,3
1726,1728,44.1,4
1726,1709,46.4,5
1727,1711,37.6,1
1727,1728,38.1,2
1727,1722,40.3,3
1727,1724,52.8,4
1727,1715,53.3,5
1728,1712,22.1,1
1728,1722,37.2,2
1728,1727,38.1,3
1728,1707,44.1,4
1728,1726,44.1,5
1730,1719,29.9,1
1730,1712,41.8,2
1730,1722,60.2,3
1730,1713,63.3,4
1730,1728,63.9,5
1731,1707,30.3,1
1731,1726,30.3,2
1731,1719,41.4,3
1731,1733,45.4,4
1731,1732,45.8,5
1732,1731,45.8,1
1732,1733,48.6,2
1732,1710,58.0,3
1732,1222,64.8,4
1732,1707,72.3,5
1733,1731,45.4,1
1733,1732,48.6,2
1733,1719,69.4,3
1733,1713,71.3,4
1733,1707,71.9,5
1737,1757,27.5,1
1737,1739,52.6,2
1737,1743,52.9,3
1737,1755,62.3,4
1737,2079,64.5,5
1738,1944,45.9,1
1738,1762,46.4,2
1738,1759,47.1,3
1738,2100,58.2,4
1738,2072,79.3,5
1739,1762,49.8,1
1739,2079,52.5,2
1739,1737,52.6,3
1739,1745,53.4,4
1739,1757,72.8,5
1740,1750,35.7,1
1740,1752,46.5,2
1740,1742,55.3,3
1740,1758,66.7,4
1740,1763,67.2,5
1741,1743,42.7,1
1741,1761,50.1,2
1741,1755,52.5,3
1741,294,53.0,4
1741,307,59.8,5
1742,1763,52.2,1
1742,1740,55.3,2
1742,1746,59.9,3
1742,1756,62.0,4
1742,1760,71.6,5
1743,1741,42.7,1
1743,1737,52.9,2
1743,1757,73.2,3
1743,294,74.2,4
1743,1739,90.8,5
1744,303,27.6,1
1744,1750,53.1,2
1744,1752,53.8,3
1744,297,54.4,4
1744,295,54.8,5
1745,1739,53.4,1
1745,1752,63.8,2
1745,1755,64.3,3
1745,1757,68.6,4
1745,1747,82.4,5
1746,1749,36.7,1
1746,1754,55.4,2
1746,1742,59.9,3
1746,1760,66.4,4
1746,1918,83.0,5
1747,1759,38.9,1
1747,1751,43.8,2
1747,1758,45.7,3
1747,1763,75.6,4
1747,1738,81.1,5
1749,1746,36.7,1
1749,1939,51.0,2
1749,1763,57.0,3
1749,1751,70.8,4
1749,1758,85.7,5
1750,1740,35.7,1
1750,1744,53.1,2
1750,303,80.8,3
1750,1752,82.2,4
1750,1742,91.0,5
1751,1747,43.8,1
1751,1939,52.5,2
1751,1758,59.6,3
1751,1749,70.8,4
1751,1759,80.0,5
1752,1740,46.5,1
1752,1744,53.8,2
1752,1745,63.8,3
1752,1755,70.7,4
1752,303,78.1,5
1753,298,23.0,1
1753,1755,42.1,2
1753,307,54.0,3
1753,1761,55.1,4
1753,295,61.4,5
1754,2265,32.6,1
1754,1921,48.0,2
1754,1746,55.4,3
1754,2262,76.1,4
1754,2268,77.3,5
1755,1757,34.8,1
1755,1753,42.1,2
1755,1741,52.5,3
1755,1761,60.0,4
1755,1737,62.3,5
1756,2257,51.0,1
1756,1742,62.0,2
1756,1760,62.4,3
1756,2254,81.3,4
1756,1750,95.5,5
1757,1737,27.5,1
1757,1755,34.8,2
1757,1745,68.6,3
1757,1739,72.8,4
1757,1743,73.2,5
1758,1763,33.1,1
1758,1747,45.7,2
1758,1751,59.6,3
1758,1740,66.7,4
1758,1939,74.2,5
1759,1747,38.9,1
1759,1738,47.1,2
1759,1944,50.1,3
1759,1751,80.0,4
1759,1758,81.9,5
1760,1756,62.4,1
1760,1746,66.4,2
1760,1742,71.6,3
1760,1754,80.7,4
1760,2262,82.0,5
1761,294,31.9,1
1761,307,35.1,2
1761,1741,50.1,3
1761,1753,55.1,4
1761,1755,60.0,5
1762,2100,33.6,1
1762,1738,46.4,2
1762,1739,49.8,3
1762,2072,54.7,4
1762,1944,73.4,5
1763,1758,33.1,1
1763,1742,52.2,2
1763,1749,57.0,3
1763,1740,67.2,4
1763,1747,75.6,5
1764,1783,0.0,1
1764,1780,48.4,2
1764,1778,55.3,3
1764,1788,77.8,4
1764,1782,86.1,5
1765,1776,26.0,1
1765,1774,62.6,2
1765,1773,70.8,3
1765,1784,77.2,4
1765,2142,89.2,5
1766,1773,27.4,1
1766,1775,37.6,2
1766,1785,67.2,3
1766,1769,79.6,4
1766,1776,87.7,5
1768,1406,45.4,1
1768,1398,97.5,2
1768,1764,119.7,3
1768,1783,119.7,4
1768,1781,132.5,5
1769,1782,41.5,1
1769,1770,43.6,2
1769,1766,79.6,3
1769,1591,87.7,4
1769,1775,101.0,5
1770,1782,26.9,1
1770,1769,43.6,2
1770,1591,44.2,3
1770,1596,73.3,4
1770,1579,82.0,5
1771,1777,28.6,1
1771,1786,48.6,2
1771,1785,72.9,3
1771,1778,84.2,4
1771,1787,85.0,5
1773,1766,27.4,1
1773,1776,60.2,2
1773,1775,64.6,3
1773,1765,70.8,4
1773,1594,81.2,5
1774,1784,53.2,1
1774,1776,53.5,2
1774,1765,62.6,3
1774,2046,102.3,4
1774,1787,109.7,5
1775,1785,29.6,1
1775,1766,37.6,2
1775,1777,60.1,3
1775,1773,64.6,4
1775,1778,83.2,5
1776,1765,26.0,1
1776,1784,51.9,2
1776,1774,53.5,3
1776,1773,60.2,4
1776,1766,87.7,5
1777,1771,28.6,1
1777,1785,44.2,2
1777,1787,57.1,3
1777,1775,60.1,4
1777,1784,64.2,5
1778,1786,49.4,1
1778,1764,55.3,2
1778,1783,55.3,3
1778,1785,60.8,4
1778,1777,77.9,5
1780,1764,48.4,1
1780,1783,48.4,2
1780,1778,79.9,3
1780,1786,110.2,4
1780,1788,126.1,5
1781,1788,26.9,1
1781,1403,63.4,2
1781,1764,104.7,3
1781,1782,104.7,4
1781,1783,104.7,5
1782,1770,26.9,1
1782,1769,41.5,2
1782,1591,70.6,3
1782,1788,82.8,4
1782,1764,86.1,5
1783,1764,0.0,1
1783,1780,48.4,2
1783,1778,55.3,3
1783,1788,77.8,4
1783,1782,86.1,5
1784,1776,51.9,1
1784,1774,53.2,2
1784,1787,62.2,3
1784,1777,64.2,4
1784,1765,77.2,5
1785,1775,29.6,1
1785,1777,44.2,2
1785,1778,60.8,3
1785,1766,67.2,4
1785,1771,72.9,5
1786,1771,48.6,1
1786,1778,49.4,2
1786,1777,75.8,3
1786,1764,103.0,4
1786,1783,103.0,5
1787,1777,57.1,1
1787,1784,62.2,2
1787,1771,85.0,3
1787,1785,101.4,4
1787,1776,108.9,5
1788,1781,26.9,1
1788,1764,77.8,2
1788,1783,77.8,3
1788,1782,82.8,4
1788,1403,84.6,5
1845,1863,0.0,1
1845,1861,20.4,2
1845,1850,42.7,3
1845,1869,54.2,4
1845,1868,58.7,5
1846,1852,0.0,1
1846,999,50.2,2
1846,1858,71.2,3
1846,989,90.1,4
1846,1853,90.3,5
1848,1859,35.0,1
1848,1855,35.5,2
1848,1854,36.2,3
1848,1862,44.2,4
1848,1856,63.0,5
1849,1851,31.5,1
1849,306,35.3,2
1849,1548,38.1,3
1849,1858,69.4,4
1849,1555,88.4,5
1850,1856,21.8,1
1850,1845,42.7,2
1850,1863,42.7,3
1850,1478,49.6,4
1850,1861,53.1,5
1851,1849,31.5,1
1851,306,61.3,2
1851,1548,64.1,3
1851,1858,71.9,4
1851,1872,99.7,5
1852,1846,0.0,1
1852,999,50.2,2
1852,1858,71.2,3
1852,989,90.1,4
1852,1853,90.3,5
1853,1845,74.1,1
1853,1863,74.1,2
1853,2813,82.5,3
1853,987,86.8,4
1853,994,86.8,5
1854,1862,29.6,1
1854,1848,36.2,2
1854,1870,40.7,3
1854,1859,45.4,4
1854,1869,54.2,5
1855,1848,35.5,1
1855,1862,54.3,2
1855,1414,57.7,3
1855,1423,64.6,4
1855,1859,70.5,5
1856,1850,21.8,1
1856,1478,40.2,2
1856,2179,56.4,3
1856,1859,62.8,4
1856,1848,63.0,5
1857,1862,30.2,1
1857,1429,33.0,2
1857,2089,33.4,3
1857,1870,58.6,4
1857,1854,59.8,5
1858,1872,67.8,1
1858,1849,69.4,2
1858,1846,71.2,3
1858,1852,71.2,4
1858,1851,71.9,5
1859,1869,34.8,1
1859,1848,35.0,2
1859,1854,45.4,3
1859,1850,59.1,4
1859,1845,62.5,5
1860,1873,32.4,1
1860,1871,41.4,2
1860,1872,43.5,3
1860,1864,58.5,4
1860,1870,80.3,5
1861,1845,20.4,1
1861,1863,20.4,2
1861,1463,43.1,3
1861,1850,53.1,4
1861,1449,55.0,5
1862,1854,29.6,1
1862,1857,30.2,2
1862,1870,31.6,3
1862,1848,44.2,4
1862,1864,53.4,5
1863,1845,0.0,1
1863,1861,20.4,2
1863,1850,42.7,3
1863,1869,54.2,4
1863,1868,58.7,5
1864,1870,21.7,1
1864,1873,49.1,2
1864,1865,51.6,3
1864,1862,53.4,4
1864,1860,58.5,5
1865,1870,39.9,1
1865,1864,51.6,2
1865,1872,69.6,3
1865,1862,71.6,4
1865,1854,80.6,5
1868,1869,54.7,1
1868,1845,58.7,2
1868,1863,58.7,3
1868,1861,79.0,4
1868,1873,81.1,5
1869,1859,34.8,1
1869,1845,54.2,2
1869,1854,54.2,3
1869,1863,54.2,4
1869,1868,54.7,5
1870,1864,21.7,1
1870,1862,31.6,2
1870,1865,39.9,3
1870,1854,40.7,4
1870,1857,58.6,5
1871,1860,41.4,1
1871,1872,60.7,2
1871,1873,73.7,3
1871,1864,99.9,4
1871,1865,120.1,5
1872,1860,43.5,1
1872,1871,60.7,2
1872,1858,67.8,3
1872,1865,69.6,4
1872,2075,70.0,5
1873,1860,32.4,1
1873,1864,49.1,2
1873,1870,70.9,3
1873,1871,73.7,4
1873,1872,75.8,5
1874,1890,0.0,1
1874,1877,28.7,2
1874,1899,35.1,3
1874,1876,36.6,4
1874,1894,36.6,5
1875,1882,27.9,1
1875,1905,27.9,2
1875,1878,64.3,3
1875,1899,79.4,4
1875,1881,82.3,5
1876,1894,0.0,1
1876,1874,36.6,2
1876,1890,36.6,3
1876,1899,47.7,4
1876,1879,58.1,5
1877,1883,23.8,1
1877,1874,28.7,2
1877,1890,28.7,3
1877,1898,56.3,4
1877,1899,61.4,5
1878,1881,20.3,1
1878,1906,20.3,2
1878,1910,41.6,3
1878,1875,64.3,4
1878,2264,73.0,5
1879,1895,23.6,1
1879,1886,43.0,2
1879,1876,58.1,3
1879,1894,58.1,4
1879,1889,63.6,5
1880,1902,0.0,1
1880,1667,24.3,2
1880,1683,24.3,3
1880,1681,52.8,4
1880,1895,53.7,5
1881,1906,0.0,1
1881,1878,20.3,2
1881,1910,33.5,3
1881,2264,53.1,4
1881,2271,67.8,5
1882,1905,0.0,1
1882,1875,27.9,2
1882,1899,73.4,3
1882,1878,83.1,4
1882,1874,84.6,5
1883,1877,23.8,1
1883,1885,43.5,2
1883,1898,46.4,3
1883,1874,52.2,4
1883,1890,52.2,5
1884,1900,29.5,1
1884,1886,69.2,2
1884,1889,90.9,3
1884,1879,109.3,4
1884,1668,115.3,5
1885,1883,43.5,1
1885,1877,64.6,2
1885,1898,67.0,3
1885,1907,75.9,4
1885,1903,80.8,5
1886,1889,27.3,1
1886,1900,39.7,2
1886,1879,43.0,3
1886,1895,61.1,4
1886,1876,63.0,5
1887,1901,38.8,1
1887,1888,49.1,2
1887,1898,74.7,3
1887,1938,75.3,4
1887,1874,112.2,5
1888,1887,49.1,1
1888,1938,74.8,2
1888,1901,87.9,3
1888,1696,114.1,4
1888,1898,123.8,5
1889,1886,27.3,1
1889,1900,61.4,2
1889,1879,63.6,3
1889,1895,64.7,4
1889,1668,68.3,5
1890,1874,0.0,1
1890,1877,28.7,2
1890,1899,35.1,3
1890,1876,36.6,4
1890,1894,36.6,5
1891,1897,44.1,1
1891,1899,48.1,2
1891,2252,69.2,3
1891,1874,83.1,4
1891,1890,83.1,5
1892,1909,36.4,1
1892,1904,53.4,2
1892,1893,55.7,3
1892,1908,61.5,4
1892,396,62.5,5
1893,1896,25.1,1
1893,1702,36.2,2
1893,1892,55.7,3
1893,1880,60.6,4
1893,1902,60.6,5
1894,1876,0.0,1
1894,1874,36.6,2
1894,1890,36.6,3
1894,1899,47.7,4
1894,1879,58.1,5
1895,1879,23.6,1
1895,1880,53.7,2
1895,1902,53.7,3
1895,1886,61.1,4
1895,1889,64.7,5
1896,1893,25.1,1
1896,1702,55.5,2
1896,1909,61.9,3
1896,1892,75.0,4
1896,380,79.2,5
1897,387,43.5,1
1897,1891,44.1,2
1897,1904,71.8,3
1897,1908,72.5,4
1897,2252,80.2,5
1898,1901,35.9,1
1898,1883,46.4,2
1898,1877,56.3,3
1898,1885,67.0,4
1898,1874,73.8,5
1899,1874,35.1,1
1899,1890,35.1,2
1899,1876,47.7,3
1899,1894,47.7,4
1899,1891,48.1,5
1900,1884,29.5,1
1900,1886,39.7,2
1900,1889,61.4,3
1900,1879,79.8,4
1900,1668,85.9,5
1901,1898,35.9,1
1901,1887,38.8,2
1901,1883,81.6,3
1901,1928,82.2,4
1901,1888,87.9,5
1902,1880,0.0,1
1902,1667,24.3,2
1902,1683,24.3,3
1902,1681,52.8,4
1902,1895,53.7,5
1903,1907,40.2,1
1903,1885,80.8,2
1903,1883,98.1,3
1903,1898,117.5,4
1903,1877,119.3,5
1904,1892,53.4,1
1904,1908,58.9,2
1904,1895,69.2,3
1904,1897,71.8,4
1904,1899,77.5,5
1905,1882,0.0,1
1905,1875,27.9,2
1905,1899,73.4,3
1905,1878,83.1,4
1905,1874,84.6,5
1906,1881,0.0,1
1906,1878,20.3,2
1906,1910,33.5,3
1906,2264,53.1,4
1906,2271,67.8,5
1907,1903,40.2,1
1907,1885,75.9,2
1907,1883,82.7,3
1907,1928,88.3,4
1907,1901,89.5,5
1908,1909,26.1,1
1908,387,34.9,2
1908,396,52.8,3
1908,1904,58.9,4
1908,1892,61.5,5
1909,1908,26.1,1
1909,396,27.6,2
1909,1892,36.4,3
1909,387,60.9,4
1909,1896,61.9,5
1910,1881,33.5,1
1910,1906,33.5,2
1910,1878,41.6,3
1910,2271,64.5,4
1910,2264,81.3,5
1912,1922,19.8,1
1912,1919,52.8,2
1912,1921,77.7,3
1912,1918,80.0,4
1912,1923,82.0,5
1915,1936,52.5,1
1915,1940,137.8,2
1915,1931,178.6,3
1915,1950,213.5,4
1915,1947,214.1,5
1916,1949,34.1,1
1916,1944,51.0,2
1916,1920,61.5,3
1916,1738,96.5,4
1916,1926,97.6,5
1917,1926,55.4,1
1917,1948,58.5,2
1917,2887,100.5,3
1917,1939,103.3,4
1917,1952,108.1,5
1918,1921,35.2,1
1918,1935,42.1,2
1918,1912,80.0,3
1918,1754,82.0,4
1918,1746,83.0,5
1919,1922,41.9,1
1919,1912,52.8,2
1919,1951,71.4,3
1919,1941,80.4,4
1919,1932,84.1,5
1920,1943,41.7,1
1920,1916,61.5,2
1920,2087,79.0,3
1920,1949,86.8,4
1920,1945,90.2,5
1921,1918,35.2,1
1921,1754,48.0,2
1921,1935,71.0,3
1921,1912,77.7,4
1921,2265,79.3,5
1922,1912,19.8,1
1922,1919,41.9,2
1922,1951,86.4,3
1922,2265,90.0,4
1922,1921,90.3,5
1923,1912,82.0,1
1923,1918,83.1,2
1923,1935,92.6,3
1923,1922,94.6,4
1923,1921,101.1,5
1924,1927,45.1,1
1924,1937,77.7,2
1924,1932,104.7,3
1924,1950,106.5,4
1924,1941,155.0,5
1925,1941,74.2,1
1925,1919,90.9,2
1925,1928,113.0,3
1925,1932,124.2,4
1925,1922,131.6,5
1926,1917,55.4,1
1926,1944,61.8,2
1926,1759,90.9,3
1926,1916,97.6,4
1926,1738,107.4,5
1927,1924,45.1,1
1927,1950,61.5,2
1927,1932,67.0,3
1927,1919,115.2,4
1927,1937,116.4,5
1928,1941,41.4,1
1928,1901,82.2,2
1928,1907,88.3,3
1928,1932,94.8,4
1928,1883,96.0,5
1929,1933,29.5,1
1929,1945,79.4,2
1929,1019,85.0,3
1929,1948,96.5,4
1929,1920,100.4,5
1930,2887,77.7,1
1930,1952,86.2,2
1930,1948,91.2,3
1930,1019,99.9,4
1930,1009,117.5,5
1931,1950,70.7,1
1931,1947,71.3,2
1931,1942,71.7,3
1931,1940,81.7,4
1931,1952,118.2,5
1932,1941,54.9,1
1932,1927,67.0,2
1932,1919,84.1,3
1932,1928,94.8,4
1932,1924,104.7,5
1933,1929,29.5,1
1933,1948,69.7,2
1933,2887,90.3,3
1933,1952,98.9,4
1933,1945,105.1,5
1934,1952,52.1,1
1934,2887,61.4,2
1934,1947,71.1,3
1934,1919,96.4,4
1934,1948,102.9,5
1935,1918,42.1,1
1935,1921,71.0,2
1935,2887,75.8,3
1935,1939,80.3,4
1935,1952,83.4,5
1936,1915,52.5,1
1936,1940,85.4,2
1936,1931,126.2,3
1936,1950,161.1,4
1936,1947,161.7,5
1937,1924,77.7,1
1937,1938,102.3,2
1937,1927,116.4,3
1937,1941,133.8,4
1937,1932,151.0,5
1938,1888,74.8,1
1938,1887,75.3,2
1938,1937,102.3,3
1938,1901,114.1,4
1938,1941,117.2,5
1939,1749,51.0,1
1939,1751,52.5,2
1939,1758,74.2,3
1939,1935,80.3,4
1939,1746,83.3,5
1940,1931,81.7,1
1940,1936,85.4,2
1940,1950,116.6,3
1940,1947,117.3,4
1940,1915,137.8,5
1941,1928,41.4,1
1941,1932,54.9,2
1941,1925,74.2,3
1941,1919,80.4,4
1941,1938,117.2,5
1942,1040,57.1,1
1942,1931,71.7,2
1942,1952,96.0,3
1942,2887,102.2,4
1942,1035,126.6,5
1943,2087,37.3,1
1943,1920,41.7,2
1943,2077,67.4,3
1943,1949,72.6,4
1943,2093,93.5,5
1944,1738,45.9,1
1944,1759,50.1,2
1944,1916,51.0,3
1944,1926,61.8,4
1944,1762,73.4,5
1945,1018,30.9,1
1945,1929,79.4,2
1945,1023,88.6,3
1945,1920,90.2,4
1945,1036,92.8,5
1947,1950,67.2,1
1947,1934,71.1,2
1947,1931,71.3,3
1947,1952,74.1,4
1947,2887,82.0,5
1948,2887,45.3,1
1948,1952,52.8,2
1948,1917,58.5,3
1948,1933,69.7,4
1948,1930,91.2,5
1949,1916,34.1,1
1949,1943,72.6,2
1949,1944,76.0,3
1949,2087,86.4,4
1949,1920,86.8,5
1950,1927,61.5,1
1950,1947,67.2,2
1950,1931,70.7,3
1950,1924,106.5,4
1950,1934,108.4,5
1951,2268,50.8,1
1951,1919,71.4,2
1951,2266,72.5,3
1951,1922,86.4,4
1951,1881,90.8,5
1952,2887,9.4,1
1952,1934,52.1,2
1952,1948,52.8,3
1952,1947,74.1,4
1952,1935,83.4,5
1954,1967,55.8,1
1954,1965,185.8,2
1954,1961,187.0,3
1954,1963,259.4,4
1954,1959,324.5,5
1955,1960,70.1,1
1955,1969,70.4,2
1955,1957,70.7,3
1955,1970,73.7,4
1955,847,76.0,5
1956,1955,79.8,1
1956,1957,81.5,2
1956,1970,84.6,3
1956,1958,87.1,4
1956,1960,134.5,5
1957,1970,4.6,1
1957,1958,7.1,2
1957,1955,70.7,3
1957,1956,81.5,4
1957,1960,125.4,5
1958,1970,5.1,1
1958,1957,7.1,2
1958,1955,76.3,3
1958,1956,87.1,4
1958,1960,131.0,5
1959,1963,78.2,1
1959,1965,139.5,2
1959,1966,154.7,3
1959,1956,168.6,4
1959,1969,244.7,5
1960,1969,47.9,1
1960,847,51.0,2
1960,1955,70.1,3
1960,856,89.2,4
1960,1957,125.4,5
1961,1967,131.2,1
1961,1954,187.0,2
1961,1962,228.7,3
1961,1965,262.3,4
1961,1963,335.9,5
1962,1961,228.7,1
1962,1967,359.4,2
1962,1954,415.2,3
1962,1965,490.5,4
1962,1963,564.0,5
1963,1965,74.5,1
1963,1959,78.2,2
1963,1967,204.6,3
1963,1966,232.1,4
1963,1956,246.0,5
1964,608,2.0,1
1964,775,4.7,2
1964,612,31.5,3
1964,794,40.0,4
1964,777,48.1,5
1965,1963,74.5,1
1965,1967,131.1,2
1965,1959,139.5,3
1965,1954,185.8,4
1965,1961,262.3,5
1966,1969,90.3,1
1966,847,96.0,2
1966,856,134.1,3
1966,1956,137.3,4
1966,1960,138.2,5
1967,1954,55.8,1
1967,1965,131.1,2
1967,1961,131.2,3
1967,1963,204.6,4
1967,1959,269.7,5
1968,1966,175.3,1
1968,1956,248.9,2
1968,1969,265.3,3
1968,1959,266.3,4
1968,847,270.9,5
1969,847,5.6,1
1969,856,43.8,2
1969,1960,47.9,3
1969,1955,70.4,4
1969,1966,90.3,5
1970,1957,4.6,1
1970,1958,5.1,2
1970,1955,73.7,3
1970,1956,84.6,4
1970,1960,128.4,5
1971,1977,16.1,1
1971,1979,16.4,2
1971,1980,22.8,3
1971,2033,24.7,4
1971,2020,34.6,5
1972,2015,0.0,1
1972,1973,67.2,2
1972,2008,69.8,3
1972,2001,83.1,4
1972,2016,88.7,5
1973,2008,32.8,1
1973,1972,67.2,2
1973,2015,67.2,3
1973,1985,93.5,4
1973,2023,93.5,5
1974,1975,14.4,1
1974,1976,19.5,2
1974,2019,29.2,3
1974,1982,34.9,4
1974,2011,47.8,5
1975,1974,14.4,1
1975,1976,19.4,2
1975,2019,43.4,3
1975,1982,49.1,4
1975,2011,59.6,5
1976,1975,19.4,1
1976,1974,19.5,2
1976,2011,40.3,3
1976,2019,48.0,4
1976,1982,53.7,5
1977,1971,16.1,1
1977,1979,19.8,2
1977,1980,26.3,3
1977,2033,30.6,4
1977,2020,35.9,5
1978,2011,20.1,1
1978,2019,40.2,2
1978,1987,44.2,3
1978,2040,44.2,4
1978,1982,52.0,5
1979,1980,6.9,1
1979,1971,16.4,2
1979,1977,19.8,3
1979,2033,40.4,4
1979,2020,47.8,5
1980,1979,6.9,1
1980,1971,22.8,2
1980,1977,26.3,3
1980,2033,46.8,4
1980,2004,51.7,5
1981,2001,10.8,1
1981,2000,41.8,2
1981,1999,85.7,3
1981,1996,89.5,4
1981,1972,93.9,5
1982,2019,11.8,1
1982,2020,23.7,2
1982,1974,34.9,3
1982,2033,47.1,4
1982,1975,49.1,5
1983,2009,81.3,1
1983,1984,102.1,2
1983,1989,108.1,3
1983,1988,129.5,4
1983,1993,139.9,5
1984,2228,93.6,1
1984,1983,102.1,2
1984,2235,107.1,3
1984,2009,183.4,4
1984,1989,210.3,5
1985,2023,0.0,1
1985,2039,58.8,2
1985,2036,64.3,3
1985,1973,93.5,4
1985,2041,100.2,5
1986,2024,0.0,1
1986,1341,46.3,2
1986,2019,63.9,3
1986,1982,71.9,4
1986,1978,72.8,5
1987,2040,0.0,1
1987,2030,36.4,2
1987,1978,44.2,3
1987,2011,51.1,4
1987,2034,77.1,5
1988,1993,13.2,1
1988,1989,21.9,2
1988,2010,45.0,3
1988,2009,49.4,4
1988,2028,112.2,5
1989,1988,21.9,1
1989,2009,28.0,2
1989,1993,32.3,3
1989,2010,64.3,4
1989,1983,108.1,5
1990,2002,39.1,1
1990,1997,52.8,2
1990,1996,63.4,3
1990,1994,64.7,4
1990,739,96.7,5
1991,1992,14.1,1
1991,1999,15.7,2
1991,2000,65.0,3
1991,1980,72.6,4
1991,1979,75.1,5
1992,1991,14.1,1
1992,1999,29.4,2
1992,1980,72.1,3
1992,2004,73.9,4
1992,1979,74.6,5
1993,1988,13.2,1
1993,1989,32.3,2
1993,2010,34.9,3
1993,2009,59.8,4
1993,2028,102.1,5
1994,1997,14.7,1
1994,1996,25.1,2
1994,2002,44.8,3
1994,1990,64.7,4
1994,2000,65.7,5
1995,2025,0.0,1
1995,2018,22.6,2
1995,752,55.2,3
1995,2017,58.8,4
1995,760,72.2,5
1996,1997,10.6,1
1996,1994,25.1,2
1996,2002,45.7,3
1996,2000,49.2,4
1996,1990,63.4,5
1997,1996,10.6,1
1997,1994,14.7,2
1997,2002,35.2,3
1997,1990,52.8,4
1997,2000,59.5,5
1999,1991,15.7,1
1999,1992,29.4,2
1999,2000,52.2,3
1999,1980,68.2,4
1999,1979,70.7,5
2000,1981,41.8,1
2000,1996,49.2,2
2000,1999,52.2,3
2000,2001,52.7,4
2000,1997,59.5,5
2001,1981,10.8,1
2001,2000,52.7,2
2001,1972,83.1,3
2001,2015,83.1,4
2001,1999,96.5,5
2002,1997,35.2,1
2002,1990,39.1,2
2002,1994,44.8,3
2002,1996,45.7,4
2002,2028,71.1,5
2004,2006,24.5,1
2004,2007,34.2,2
2004,1971,44.7,3
2004,1980,51.7,4
2004,1979,53.2,5
2005,2007,45.8,1
2005,1971,58.3,2
2005,2033,62.0,3
2005,2006,66.0,4
2005,2276,69.9,5
2006,2007,20.5,1
2006,2004,24.5,2
2006,1971,49.1,3
2006,1980,55.9,4
2006,1979,57.5,5
2007,2006,20.5,1
2007,2004,34.2,2
2007,2005,45.8,3
2007,1971,52.4,4
2007,2033,56.0,5
2008,1973,32.8,1
2008,1977,69.1,2
2008,1972,69.8,3
2008,2015,69.8,4
2008,1999,79.9,5
2009,1989,28.0,1
2009,1988,49.4,2
2009,1993,59.8,3
2009,1983,81.3,4
2009,2010,91.8,5
2010,1993,34.9,1
2010,1988,45.0,2
2010,1989,64.3,3
2010,2028,71.2,4
2010,2009,91.8,5
2011,1978,20.1,1
2011,1976,40.3,2
2011,1974,47.8,3
2011,1987,51.1,4
2011,2040,51.1,5
2012,2205,87.2,1
2012,2043,88.1,2
2012,2036,103.9,3
2012,2190,127.8,4
2012,2210,127.8,5
2015,1972,0.0,1
2015,1973,67.2,2
2015,2008,69.8,3
2015,2001,83.1,4
2015,2016,88.7,5
2016,1972,88.7,1
2016,2015,88.7,2
2016,2001,133.8,3
2016,1981,144.6,4
2016,1973,152.4,5
2017,1995,58.8,1
2017,2025,58.8,2
2017,2042,75.5,3
2017,2018,81.4,4
2017,67,89.3,5
2018,1995,22.6,1
2018,2025,22.6,2
2018,760,54.8,3
2018,752,77.5,4
2018,2027,77.8,5
2019,1982,11.8,1
2019,2020,26.0,2
2019,1974,29.2,3
2019,1978,40.2,4
2019,1975,43.4,5
2020,1982,23.7,1
2020,2019,26.0,2
2020,2033,27.5,3
2020,1971,34.6,4
2020,1977,35.9,5
2021,2028,40.9,1
2021,2002,81.8,2
2021,2010,104.0,3
2021,1997,106.7,4
2021,1994,113.7,5
2022,2031,48.3,1
2022,2010,158.3,2
2022,2021,182.0,3
2022,1993,190.8,4
2022,1988,201.0,5
2023,1985,0.0,1
2023,2039,58.8,2
2023,2036,64.3,3
2023,1973,93.5,4
2023,2041,100.2,5
2024,1986,0.0,1
2024,1341,46.3,2
2024,2019,63.9,3
2024,1982,71.9,4
2024,1978,72.8,5
2025,1995,0.0,1
2025,2018,22.6,2
2025,752,55.2,3
2025,2017,58.8,4
2025,760,72.2,5
2027,2042,50.6,1
2027,2006,65.5,2
2027,2004,69.8,3
2027,2018,77.8,4
2027,2007,81.0,5
2028,2021,40.9,1
2028,2002,71.1,2
2028,2010,71.2,3
2028,1997,96.0,4
2028,1993,102.1,5
2030,1987,36.4,1
2030,2040,36.4,2
2030,2034,42.7,3
2030,2039,69.4,4
2030,1978,80.6,5
2031,2022,48.3,1
2031,2010,110.1,2
2031,2021,133.8,3
2031,1993,142.7,4
2031,1988,152.8,5
2032,2033,25.8,1
2032,1971,45.6,2
2032,2020,47.2,3
2032,1977,55.6,4
2032,1979,61.5,5
2033,1971,24.7,1
2033,2032,25.8,2
2033,2020,27.5,3
2033,1977,30.6,4
2033,1979,40.4,5
2034,2030,42.7,1
2034,2039,56.2,2
2034,2035,65.2,3
2034,1987,77.1,4
2034,2040,77.1,5
2035,2190,58.2,1
2035,2210,58.2,2
2035,2034,65.2,3
2035,2030,93.4,4
2035,2039,103.8,5
2036,1985,64.3,1
2036,2023,64.3,2
2036,2041,73.7,3
2036,2012,103.9,4
2036,2039,120.9,5
2037,2018,86.9,1
2037,1995,109.5,2
2037,2025,109.5,3
2037,2004,120.9,4
2037,2006,138.4,5
2039,2041,48.7,1
2039,2034,56.2,2
2039,1985,58.8,3
2039,2023,58.8,4
2039,2030,69.4,5
2040,1987,0.0,1
2040,2030,36.4,2
2040,1978,44.2,3
2040,2011,51.1,4
2040,2034,77.1,5
2041,2039,48.7,1
2041,2036,73.7,2
2041,1985,100.2,3
2041,2023,100.2,4
2041,2034,104.9,5
2042,2027,50.6,1
2042,2006,59.7,2
2042,2004,64.0,3
2042,2007,75.2,4
2042,2017,75.5,5
2043,2012,88.1,1
2043,2205,175.2,2
2043,2036,189.3,3
2043,2190,215.8,4
2043,2210,215.8,5
2044,2063,0.0,1
2044,2055,28.5,2
2044,2056,48.2,3
2044,2059,52.7,4
2044,2057,55.9,5
2045,2060,38.0,1
2045,2053,55.4,2
2045,1210,68.9,3
2045,1217,70.1,4
2045,2069,71.1,5
2046,2050,47.3,1
2046,2061,89.2,2
2046,1774,102.3,3
2046,2052,115.6,4
2046,1765,117.7,5
2047,2065,51.4,1
2047,2058,59.7,2
2047,2048,63.2,3
2047,2068,72.1,4
2047,2066,76.6,5
2048,2065,60.7,1
2048,2058,61.1,2
2048,2047,63.2,3
2048,1495,74.8,4
2048,1486,80.3,5
2049,2053,31.0,1
2049,2059,43.8,2
2049,2051,49.2,3
2049,2062,73.6,4
2049,2055,75.6,5
2050,2061,46.0,1
2050,2046,47.3,2
2050,2052,68.3,3
2050,2044,79.2,4
2050,2063,79.2,5
2051,2062,24.4,1
2051,2053,40.8,2
2051,2049,49.2,3
2051,2055,60.6,4
2051,2070,62.3,5
2052,2070,26.3,1
2052,2055,41.0,2
2052,2044,57.1,3
2052,2063,57.1,4
2052,2062,62.2,5
2053,2049,31.0,1
2053,2051,40.8,2
2053,2059,52.7,3
2053,2045,55.4,4
2053,2062,65.2,5
2054,2060,34.8,1
2054,2069,41.2,2
2054,2045,71.8,3
2054,2067,86.8,4
2054,2059,101.0,5
2055,2044,28.5,1
2055,2063,28.5,2
2055,2070,34.4,3
2055,2052,41.0,4
2055,2051,60.6,5
2056,2044,48.2,1
2056,2063,48.2,2
2056,2061,62.1,3
2056,2055,76.6,4
2056,2057,89.2,5
2057,2067,31.1,1
2057,2059,42.4,2
2057,2044,55.9,3
2057,2063,55.9,4
2057,2069,83.7,5
2058,2064,28.5,1
2058,2047,59.7,2
2058,2048,61.1,3
2058,2118,73.3,4
2058,2068,77.9,5
2059,2067,35.0,1
2059,2057,42.4,2
2059,2049,43.8,3
2059,2044,52.7,4
2059,2053,52.7,5
2060,2069,33.2,1
2060,2054,34.8,2
2060,2045,38.0,3
2060,2059,66.6,4
2060,2067,73.2,5
2061,2050,46.0,1
2061,2056,62.1,2
2061,2044,70.5,3
2061,2063,70.5,4
2061,2046,89.2,5
2062,2051,24.4,1
2062,2070,37.9,2
2062,2068,58.3,3
2062,2052,62.2,4
2062,2053,65.2,5
2063,2044,0.0,1
2063,2055,28.5,2
2063,2056,48.2,3
2063,2059,52.7,4
2063,2057,55.9,5
2064,2058,28.5,1
2064,2118,46.5,2
2064,2884,63.4,3
2064,2047,78.3,4
2064,2048,89.6,5
2065,2066,25.5,1
2065,2047,51.4,2
2065,2048,60.7,3
2065,2058,111.1,4
2065,1495,120.7,5
2066,2065,25.5,1
2066,2047,76.6,2
2066,2048,86.0,3
2066,2058,136.3,4
2066,1495,146.0,5
2067,2057,31.1,1
2067,2059,35.0,2
2067,2069,52.6,3
2067,2060,73.2,4
2067,2049,78.5,5
2068,2062,58.3,1
2068,2047,72.1,2
2068,2058,77.9,3
2068,2051,81.2,4
2068,2070,90.6,5
2069,2060,33.2,1
2069,2054,41.2,2
2069,2067,52.6,3
2069,2045,71.1,4
2069,2057,83.7,5
2070,2052,26.3,1
2070,2055,34.4,2
2070,2062,37.9,3
2070,2044,60.0,4
2070,2063,60.0,5
2072,2100,24.4,1
2072,2079,34.8,2
2072,1762,54.7,3
2072,2082,59.7,4
2072,2076,63.5,5
2073,3009,23.2,1
2073,3010,23.2,2
2073,2081,29.7,3
2073,2094,38.3,4
2073,2076,42.0,5
2074,2088,30.6,1
2074,2090,41.2,2
2074,2089,51.7,3
2074,1416,52.6,4
2074,2096,56.0,5
2075,2091,40.3,1
2075,2095,56.2,2
2075,1872,70.0,3
2075,2078,80.1,4
2075,3009,88.4,5
2076,3009,35.8,1
2076,3010,35.8,2
2076,2078,40.1,3
2076,2073,42.0,4
2076,2094,62.0,5
2077,2093,27.6,1
2077,2087,30.1,2
2077,2082,45.5,3
2077,1943,67.4,4
2077,2094,71.9,5
2078,2076,40.1,1
2078,2091,41.5,2
2078,3009,59.3,3
2078,3010,59.3,4
2078,2079,63.9,5
2079,2072,34.8,1
2079,1739,52.5,2
2079,2100,59.2,3
2079,2078,63.9,4
2079,1737,64.5,5
2080,2098,33.6,1
2080,2085,64.9,2
2080,2093,65.3,3
2080,2094,76.1,4
2080,2077,81.0,5
2081,2094,19.3,1
2081,2073,29.7,2
2081,3009,44.6,3
2081,3010,44.6,4
2081,2098,58.8,5
2082,2077,45.5,1
2082,2072,59.7,2
2082,2093,61.1,3
2082,2100,63.5,4
2082,2076,75.5,5
2085,2098,34.3,1
2085,1415,41.4,2
2085,2080,64.9,3
2085,2081,75.5,4
2085,3009,91.9,5
2087,2077,30.1,1
2087,1943,37.3,2
2087,2093,56.2,3
2087,2082,75.5,4
2087,1920,79.0,5
2088,2074,30.6,1
2088,3009,51.2,2
2088,3010,51.2,3
2088,2090,61.6,4
2088,2089,69.3,5
2089,1857,33.4,1
2089,2096,34.9,2
2089,1429,44.4,3
2089,2074,51.7,4
2089,1862,61.4,5
2090,1413,37.1,1
2090,2074,41.2,2
2090,1410,60.9,3
2090,2088,61.6,4
2090,1415,78.1,5
2091,2075,40.3,1
2091,2078,41.5,2
2091,2079,70.8,3
2091,2076,78.2,4
2091,2095,96.4,5
2093,2077,27.6,1
2093,2094,47.1,2
2093,2087,56.2,3
2093,2082,61.1,4
2093,2080,65.3,5
2094,2081,19.3,1
2094,2073,38.3,2
2094,2093,47.1,3
2094,3009,53.2,4
2094,3010,53.2,5
2095,2096,49.1,1
2095,2075,56.2,2
2095,3009,66.7,3
2095,3010,66.7,4
2095,2088,79.5,5
2096,2089,34.9,1
2096,2095,49.1,2
2096,2074,56.0,3
2096,1857,67.8,4
2096,2088,69.5,5
2098,2080,33.6,1
2098,2085,34.3,2
2098,2081,58.8,3
2098,2094,63.9,4
2098,2093,67.5,5
2100,2072,24.4,1
2100,1762,33.6,2
2100,1738,58.2,3
2100,2079,59.2,4
2100,2082,63.5,5
2101,2119,0.0,1
2101,2128,53.9,2
2101,2134,60.7,3
2101,2108,65.8,4
2101,2140,73.8,5
2105,2133,40.4,1
2105,2137,47.5,2
2105,2126,79.7,3
2105,2110,91.3,4
2105,2143,93.5,5
2108,2139,51.7,1
2108,2126,52.2,2
2108,2128,52.9,3
2108,2101,65.8,4
2108,2119,65.8,5
2109,2710,52.9,1
2109,2129,71.3,2
2109,2139,97.9,3
2109,2127,102.5,4
2109,2113,106.4,5
2110,2133,51.0,1
2110,2117,57.0,2
2110,2142,60.8,3
2110,2131,71.8,4
2110,2105,91.3,5
2111,2138,31.3,1
2111,2125,42.0,2
2111,2122,51.2,3
2111,2129,55.9,4
2111,2130,56.8,5
2112,2131,52.1,1
2112,2116,53.1,2
2112,2132,74.2,3
2112,2052,94.1,4
2112,2117,104.6,5
2113,2710,54.3,1
2113,1578,66.5,2
2113,1577,80.3,3
2113,1587,92.6,4
2113,2139,99.2,5
2114,1068,59.2,1
2114,2136,60.2,2
2114,2125,79.8,3
2114,2323,81.6,4
2114,2130,85.8,5
2116,2112,53.1,1
2116,2117,61.8,2
2116,2052,98.1,3
2116,2131,103.8,4
2116,2110,116.7,5
2117,2131,52.5,1
2117,2110,57.0,2
2117,2142,58.3,3
2117,2116,61.8,4
2117,2132,101.5,5
2118,2884,22.4,1
2118,2064,46.5,2
2118,2140,50.0,3
2118,1486,63.9,4
2118,2058,73.3,5
2119,2101,0.0,1
2119,2128,53.9,2
2119,2134,60.7,3
2119,2108,65.8,4
2119,2140,73.8,5
2120,2121,27.3,1
2120,2336,53.8,2
2120,2122,61.1,3
2120,1504,80.8,4
2120,2883,88.7,5
2121,2120,27.3,1
2121,2122,34.1,2
2121,2336,81.1,3
2121,2111,85.0,4
2121,1504,106.4,5
2122,2121,34.1,1
2122,2111,51.2,2
2122,2120,61.1,3
2122,2138,82.2,4
2122,2125,93.2,5
2124,1492,55.0,1
2124,3013,78.2,2
2124,2101,78.6,3
2124,2119,78.6,4
2124,2493,104.5,5
2125,2130,28.4,1
2125,2138,35.4,2
2125,2111,42.0,3
2125,2136,73.4,4
2125,2323,77.1,5
2126,2108,52.2,1
2126,2137,59.5,2
2126,2105,79.7,3
2126,2710,82.3,4
2126,2128,102.5,5
2127,1589,44.4,1
2127,2129,76.8,2
2127,1068,93.0,3
2127,1585,100.6,4
2127,2136,101.5,5
2128,2108,52.9,1
2128,2101,53.9,2
2128,2119,53.9,3
2128,2134,54.8,4
2128,2139,63.0,5
2129,2111,55.9,1
2129,2134,58.1,2
2129,2109,71.3,3
2129,2127,76.8,4
2129,2138,87.1,5
2130,2125,28.4,1
2130,2136,45.2,2
2130,2111,56.8,3
2130,2138,63.7,4
2130,2114,85.8,5
2131,2112,52.1,1
2131,2117,52.5,2
2131,2132,54.5,3
2131,2110,71.8,4
2131,2142,92.5,5
2132,2131,54.5,1
2132,2884,61.2,2
2132,2112,74.2,3
2132,2118,74.8,4
2132,2117,101.5,5
2133,2105,40.4,1
2133,2110,51.0,2
2133,2137,84.4,3
2133,2117,106.0,4
2133,2142,110.9,5
2134,2128,54.8,1
2134,2129,58.1,2
2134,2101,60.7,3
2134,2119,60.7,4
2134,2111,63.2,5
2136,2130,45.2,1
2136,1068,46.4,2
2136,1589,57.1,3
2136,2114,60.2,4
2136,2125,73.4,5
2137,2105,47.5,1
2137,2126,59.5,2
2137,2133,84.4,3
2137,2884,100.2,4
2137,2143,107.9,5
2138,2111,31.3,1
2138,2125,35.4,2
2138,2130,63.7,3
2138,2328,69.3,4
2138,2122,82.2,5
2139,2710,45.0,1
2139,2108,51.7,2
2139,2128,63.0,3
2139,2109,97.9,4
2139,2113,99.2,5
2140,2884,47.0,1
2140,2118,50.0,2
2140,1494,63.5,3
2140,2101,73.8,4
2140,2119,73.8,5
2142,2117,58.3,1
2142,2110,60.8,2
2142,1765,89.2,3
2142,2131,92.5,4
2142,1594,97.6,5
2143,2710,67.0,1
2143,1578,90.2,2
2143,2105,93.5,3
2143,2113,100.9,4
2143,2126,104.8,5
2144,2161,0.0,1
2144,2163,64.1,2
2144,1238,105.0,3
2144,2154,105.3,4
2144,2149,112.3,5
2145,2150,236.7,1
2145,2162,260.1,2
2145,2157,348.3,3
2145,2156,376.8,4
2145,2158,458.4,5
2146,2148,58.4,1
2146,2221,73.1,2
2146,2233,73.1,3
2146,2219,103.4,4
2146,2218,167.5,5
2148,2146,58.4,1
2148,2221,126.9,2
2148,2233,126.9,3
2148,2219,157.2,4
2148,2218,221.3,5
2149,2159,17.2,1
2149,2152,47.1,2
2149,2144,112.3,3
2149,2161,112.3,4
2149,1256,125.4,5
2150,2162,141.8,1
2150,2157,230.0,2
2150,2145,236.7,3
2150,2156,258.4,4
2150,2158,340.1,5
2151,2155,145.7,1
2151,2159,195.8,2
2151,2149,206.0,3
2151,2152,247.1,4
2151,2144,312.4,5
2152,2149,47.1,1
2152,2159,58.3,2
2152,2144,125.4,3
2152,2161,125.4,4
2152,2160,128.8,5
2153,2158,64.2,1
2153,2162,260.7,2
2153,2157,262.8,3
2153,2156,291.3,4
2153,2163,388.5,5
2154,2163,43.9,1
2154,2144,105.3,2
2154,2161,105.3,3
2154,2156,140.7,4
2154,1611,157.9,5
2155,2151,145.7,1
2155,2159,340.3,2
2155,2149,350.5,3
2155,2152,391.6,4
2155,2144,456.9,5
2156,2157,30.1,1
2156,2163,98.7,2
2156,2162,121.9,3
2156,2154,140.7,4
2156,2144,162.3,5
2157,2156,30.1,1
2157,2162,93.4,2
2157,2163,127.3,3
2157,2154,169.4,4
2157,2144,191.0,5
2158,2153,64.2,1
2158,2162,203.5,2
2158,2157,205.6,3
2158,2156,234.1,4
2158,2163,331.2,5
2159,2149,17.2,1
2159,2152,58.3,2
2159,2144,123.6,3
2159,2161,123.6,4
2159,1256,136.7,5
2160,2152,128.8,1
2160,2149,174.8,2
2160,2159,186.1,3
2160,2144,253.1,4
2160,2161,253.1,5
2161,2144,0.0,1
2161,2163,64.1,2
2161,1238,105.0,3
2161,2154,105.3,4
2161,2149,112.3,5
2162,2157,93.4,1
2162,2156,121.9,2
2162,2150,141.8,3
2162,2158,203.5,4
2162,2163,219.1,5
2163,2154,43.9,1
2163,2144,64.1,2
2163,2161,64.1,3
2163,2156,98.7,4
2163,2157,127.3,5
2164,2188,22.3,1
2164,2180,42.6,2
2164,2189,44.4,3
2164,2176,49.6,4
2164,2186,49.9,5
2165,1219,37.9,1
2165,2177,41.5,2
2165,2189,50.0,3
2165,2176,52.9,4
2165,1221,58.9,5
2167,2169,7.0,1
2167,2179,14.3,2
2167,2186,14.3,3
2167,2173,30.0,4
2167,2180,41.6,5
2168,2178,36.5,1
2168,1425,51.4,2
2168,2181,59.3,3
2168,2175,59.8,4
2168,2185,69.5,5
2169,2167,7.0,1
2169,2186,10.6,2
2169,2179,20.7,3
2169,2173,33.6,4
2169,2180,36.6,5
2171,2182,25.0,1
2171,2183,53.3,2
2171,2184,55.1,3
2171,2187,60.4,4
2171,2176,64.0,5
2172,1209,42.6,1
2172,2182,47.2,2
2172,1710,52.4,3
2172,2184,57.7,4
2172,2171,70.3,5
2173,2186,24.0,1
2173,2180,26.9,2
2173,2167,30.0,3
2173,2169,33.6,4
2173,2175,36.0,5
2174,1478,35.8,1
2174,2164,51.7,2
2174,2179,56.5,3
2174,2169,57.0,4
2174,2186,57.4,5
2175,2185,33.2,1
2175,2173,36.0,2
2175,2168,59.8,3
2175,2180,59.9,4
2175,2186,60.0,5
2176,2182,40.6,1
2176,2164,49.6,2
2176,2165,52.9,3
2176,2184,54.7,4
2176,2188,59.6,5
2177,1474,27.4,1
2177,2644,29.2,2
2177,2165,41.5,3
2177,1473,44.3,4
2177,2189,50.9,5
2178,2168,36.5,1
2178,2187,64.4,2
2178,2175,70.0,3
2178,2185,73.2,4
2178,1724,74.0,5
2179,2167,14.3,1
2179,2169,20.7,2
2179,2186,27.5,3
2179,2173,41.8,4
2179,2180,54.8,5
2180,2173,26.9,1
2180,2186,28.3,2
2180,2169,36.6,3
2180,2188,40.4,4
2180,2167,41.6,5
2181,2168,59.3,1
2181,2173,63.2,2
2181,2179,70.9,3
2181,2175,74.6,4
2181,2178,81.9,5
2182,2171,25.0,1
2182,2184,31.7,2
2182,2176,40.6,3
2182,2172,47.2,4
2182,2183,58.9,5
2183,2187,37.6,1
2183,2188,37.6,2
2183,2185,42.4,3
2183,2171,53.3,4
2183,2164,57.7,5
2184,2182,31.7,1
2184,2176,54.7,2
2184,2171,55.1,3
2184,2172,57.7,4
2184,1198,58.7,5
2185,2175,33.2,1
2185,2183,42.4,2
2185,2180,46.8,3
2185,2188,51.8,4
2185,2173,64.8,5
2186,2169,10.6,1
2186,2167,14.3,2
2186,2173,24.0,3
2186,2179,27.5,4
2186,2180,28.3,5
2187,1709,31.9,1
2187,2183,37.6,2
2187,2171,60.4,3
2187,2178,64.4,4
2187,2188,75.3,5
2188,2164,22.3,1
2188,2183,37.6,2
2188,2180,40.4,3
2188,2185,51.8,4
2188,2176,59.6,5
2189,2164,44.4,1
2189,2165,50.0,2
2189,2177,50.9,3
2189,2174,61.4,4
2189,1454,63.8,5
2190,2210,0.0,1
2190,2035,58.2,2
2190,2194,79.2,3
2190,2202,80.2,4
2190,2205,85.3,5
2191,2194,25.0,1
2191,2212,37.4,2
2191,2206,76.9,3
2191,2213,83.9,4
2191,1347,88.6,5
2192,2203,0.0,1
2192,2204,73.2,2
2192,2208,93.9,3
2192,2195,94.9,4
2192,2207,102.4,5
2193,2199,76.0,1
2193,2211,135.2,2
2193,2215,138.1,3
2193,2197,222.8,4
2193,2190,244.1,5
2194,2191,25.0,1
2194,2212,54.9,2
2194,2202,68.3,3
2194,2190,79.2,4
2194,2210,79.2,5
2195,2200,73.9,1
2195,1642,83.2,2
2195,2192,94.9,3
2195,2203,94.9,4
2195,2208,97.4,5
2196,2198,52.0,1
2196,2206,71.3,2
2196,1353,89.3,3
2196,2213,113.8,4
2196,2212,120.9,5
2197,2201,57.6,1
2197,2213,90.0,2
2197,2208,92.6,3
2197,2206,97.1,4
2197,2198,134.0,5
2198,1353,42.9,1
2198,2196,52.0,2
2198,2204,72.5,3
2198,2201,78.2,4
2198,1348,101.9,5
2199,2193,76.0,1
2199,2197,152.5,2
2199,2215,175.4,3
2199,1662,177.4,4
2199,2208,199.7,5
2200,2208,58.1,1
2200,2195,73.9,2
2200,1662,130.0,3
2200,2197,149.7,4
2200,2192,151.9,5
2201,2206,55.3,1
2201,2197,57.6,2
2201,2198,78.2,3
2201,2213,100.0,4
2201,1353,117.6,5
2202,1355,59.5,1
2202,2194,68.3,2
2202,1336,78.4,3
2202,2190,80.2,4
2202,2210,80.2,5
2203,2192,0.0,1
2203,2204,73.2,2
2203,2208,93.9,3
2203,2195,94.9,4
2203,2207,102.4,5
2204,2198,72.5,1
2204,2192,73.2,2
2204,2203,73.2,3
2204,2207,96.4,4
2204,1353,111.8,5
2205,2190,85.3,1
2205,2210,85.3,2
2205,2012,87.2,3
2205,2035,142.7,4
2205,2215,149.4,5
2206,2213,47.8,1
2206,2201,55.3,2
2206,2196,71.3,3
2206,2191,76.9,4
2206,2194,95.4,5
2207,1647,68.3,1
2207,2204,96.4,2
2207,2192,102.4,3
2207,2203,102.4,4
2207,2195,117.0,5
2208,2200,58.1,1
2208,2197,92.6,2
2208,2192,93.9,3
2208,2203,93.9,4
2208,2195,97.4,5
2210,2190,0.0,1
2210,2035,58.2,2
2210,2194,79.2,3
2210,2202,80.2,4
2210,2205,85.3,5
2211,2193,135.2,1
2211,2199,205.7,2
2211,2215,267.8,3
2211,2216,310.7,4
2211,2237,310.7,5
2212,2191,37.4,1
2212,2194,54.9,2
2212,1347,70.4,3
2212,2202,84.9,4
2212,2206,108.7,5
2213,2206,47.8,1
2213,2191,83.9,2
2213,2197,90.0,3
2213,2201,100.0,4
2213,2194,102.4,5
2215,2190,108.8,1
2215,2210,108.8,2
2215,2194,121.6,3
2215,2193,138.1,4
2215,2191,145.6,5
2216,2237,0.0,1
2216,2220,238.3,2
2216,2232,238.3,3
2216,2224,260.6,4
2216,2222,292.3,5
2217,2223,136.1,1
2217,2226,176.8,2
2217,2236,176.8,3
2217,2243,176.8,4
2217,2218,199.0,5
2218,2219,67.3,1
2218,2223,71.0,2
2218,2221,97.5,3
2218,2233,97.5,4
2218,2226,125.5,5
2219,2221,33.5,1
2219,2233,33.5,2
2219,2218,67.3,3
2219,2146,103.4,4
2219,2223,107.6,5
2220,2232,0.0,1
2220,2224,50.3,2
2220,2226,62.2,3
2220,2236,62.2,4
2220,2218,184.5,5
2221,2233,0.0,1
2221,2219,33.5,2
2221,2146,73.1,3
2221,2218,97.5,4
2221,2148,126.9,5
2222,2234,85.1,1
2222,2235,152.9,2
2222,2228,166.2,3
2222,2229,253.2,4
2222,1984,259.8,5
2223,2218,71.0,1
2223,2219,107.6,2
2223,2217,136.1,3
2223,2221,137.9,4
2223,2233,137.9,5
2224,2220,50.3,1
2224,2232,50.3,2
2224,2226,107.0,3
2224,2236,107.0,4
2224,2218,229.2,5
2225,2221,165.2,1
2225,2233,165.2,2
2225,2219,185.7,3
2225,2146,211.1,4
2225,2218,249.8,5
2226,2236,0.0,1
2226,2220,62.2,2
2226,2232,62.2,3
2226,2224,107.0,4
2226,2218,125.5,5
2227,2231,122.0,1
2227,2235,191.8,2
2227,2228,204.7,3
2227,1984,298.2,4
2227,2222,313.6,5
2228,2235,13.6,1
2228,1984,93.6,2
2228,2222,166.2,3
2228,1983,185.8,4
2228,2227,204.7,5
2229,2234,191.1,1
2229,2222,253.2,2
2229,2230,294.8,3
2229,2228,379.5,4
2229,2235,390.6,5
2230,2249,205.9,1
2230,2234,262.9,2
2230,2222,274.7,3
2230,2229,294.8,4
2230,2228,393.8,5
2231,2227,122.0,1
2231,2235,308.2,2
2231,2228,321.0,3
2231,2211,371.0,4
2231,1984,414.6,5
2232,2220,0.0,1
2232,2224,50.3,2
2232,2226,62.2,3
2232,2236,62.2,4
2232,2218,184.5,5
2233,2221,0.0,1
2233,2219,33.5,2
2233,2146,73.1,3
2233,2218,97.5,4
2233,2148,126.9,5
2234,2222,85.1,1
2234,2229,191.1,2
2234,2235,231.3,3
2234,2228,244.7,4
2234,2230,262.9,5
2235,2228,13.6,1
2235,1984,107.1,2
2235,2222,152.9,3
2235,2227,191.8,4
2235,1983,199.4,5
2236,2226,0.0,1
2236,2220,62.2,2
2236,2232,62.2,3
2236,2224,107.0,4
2236,2218,125.5,5
2237,2216,0.0,1
2237,2220,238.3,2
2237,2232,238.3,3
2237,2224,260.6,4
2237,2222,292.3,5
2238,2880,21.9,1
2238,2872,61.4,2
2238,2249,196.6,3
2238,2250,214.6,4
2238,2245,344.7,5
2241,2243,117.6,1
2241,2879,137.5,2
2241,2217,206.4,3
2241,2882,238.7,4
2241,2226,332.3,5
2242,2882,206.4,1
2242,2245,239.9,2
2242,2879,285.3,3
2242,2244,316.2,4
2242,2248,321.8,5
2243,2241,117.6,1
2243,2217,176.8,2
2243,2879,244.5,3
2243,2225,250.3,4
2243,2226,302.8,5
2244,2242,316.2,1
2244,2882,366.1,2
2244,2248,436.4,3
2244,2879,445.0,4
2244,2245,555.4,5
2245,2242,239.9,1
2245,2872,316.6,2
2245,2238,344.7,3
2245,2880,363.0,4
2245,2882,445.7,5
2248,2242,321.8,1
2248,2882,371.7,2
2248,2244,436.4,3
2248,2879,450.6,4
2248,2245,561.0,5
2249,2880,189.4,1
2249,2238,196.6,2
2249,2230,205.9,3
2249,2872,254.4,4
2249,2250,407.6,5
2250,2872,155.0,1
2250,2238,214.6,2
2250,2880,232.9,3
2250,2249,407.6,4
2250,2245,469.8,5
2251,2272,16.7,1
2251,2253,25.7,2
2251,2274,33.4,3
2251,2269,59.0,4
2251,2267,70.1,5
2252,2274,57.0,1
2252,1891,69.2,2
2252,1897,80.2,3
2252,2269,87.4,4
2252,2251,90.0,5
2253,2251,25.7,1
2253,2272,40.8,2
2253,2267,50.2,3
2253,2274,56.9,4
2253,2271,66.8,5
2254,2257,32.4,1
2254,2255,33.1,2
2254,2256,69.2,3
2254,2258,70.8,4
2254,1756,81.3,5
2255,2254,33.1,1
2255,2256,52.9,2
2255,2257,65.6,3
2255,2259,66.6,4
2255,2262,69.2,5
2256,2258,22.6,1
2256,2260,41.4,2
2256,2255,52.9,3
2256,2254,69.2,4
2256,2270,70.1,5
2257,2254,32.4,1
2257,1756,51.0,2
2257,290,54.6,3
2257,2258,64.3,4
2257,2255,65.6,5
2258,2256,22.6,1
2258,2270,47.5,2
2258,2260,61.6,3
2258,2257,64.3,4
2258,2254,70.8,5
2259,2264,52.8,1
2259,2271,65.3,2
2259,2255,66.6,3
2259,2260,81.0,4
2259,1881,83.2,5
2260,2256,41.4,1
2260,2258,61.6,2
2260,2251,76.9,3
2260,2259,81.0,4
2260,2253,83.8,5
2262,2264,41.5,1
2262,2265,56.5,2
2262,2268,68.6,3
2262,2255,69.2,4
2262,2266,72.3,5
2264,2262,41.5,1
2264,2266,43.4,2
2264,2259,52.8,3
2264,1881,53.1,4
2264,1906,53.1,5
2265,1754,32.6,1
2265,2268,44.7,2
2265,2262,56.5,3
2265,2266,66.4,4
2265,1921,79.3,5
2266,2268,21.6,1
2266,2264,43.4,2
2266,2265,66.4,3
2266,2262,72.3,4
2266,1951,72.5,5
2267,2253,50.2,1
2267,2271,55.5,2
2267,2251,70.1,3
2267,2272,85.3,4
2267,2274,101.3,5
2268,2266,21.6,1
2268,2265,44.7,2
2268,1951,50.8,3
2268,2264,62.5,4
2268,2262,68.6,5
2269,2274,30.4,1
2269,2251,59.0,2
2269,392,66.5,3
2269,2272,71.3,4
2269,2253,82.4,5
2270,292,32.4,1
2270,2258,47.5,2
2270,479,52.7,3
2270,289,59.2,4
2270,308,66.2,5
2271,2267,55.5,1
2271,1910,64.5,2
2271,2259,65.3,3
2271,2253,66.8,4
2271,1881,67.8,5
2272,2251,16.7,1
2272,2253,40.8,2
2272,2274,45.8,3
2272,2269,71.3,4
2272,393,76.6,5
2274,2269,30.4,1
2274,2251,33.4,2
2274,2272,45.8,3
2274,2253,56.9,4
2274,2252,57.0,5
2275,2279,16.8,1
2275,2312,22.3,2
2275,2304,38.8,3
2275,2303,39.4,4
2275,2298,43.1,5
2276,2308,44.9,1
2276,2300,49.8,2
2276,2280,52.3,3
2276,2005,69.9,4
2276,2278,86.7,5
2278,2280,38.9,1
2278,2292,55.2,2
2278,2282,55.5,3
2278,2300,67.9,4
2278,2288,78.2,5
2279,2275,16.8,1
2279,2304,29.8,2
2279,2312,38.7,3
2279,2303,39.9,4
2279,2298,43.3,5
2280,2300,31.2,1
2280,2278,38.9,2
2280,2292,43.1,3
2280,2276,52.3,4
2280,2312,77.1,5
2281,30,40.7,1
2281,2296,59.2,2
2281,2307,71.1,3
2281,2302,82.0,4
2281,40,84.2,5
2282,2288,22.8,1
2282,2316,22.8,2
2282,3011,42.0,3
2282,2278,55.5,4
2282,3012,73.1,5
2286,2289,48.6,1
2286,2314,53.7,2
2286,2310,79.1,3
2286,2317,84.0,4
2286,2297,87.7,5
2287,2301,30.3,1
2287,71,49.8,2
2287,2293,81.2,3
2287,2311,82.3,4
2287,61,91.2,5
2288,2316,0.0,1
2288,2282,22.8,2
2288,3011,63.7,3
2288,2278,78.2,4
2288,2275,79.0,5
2289,2314,6.9,1
2289,2310,35.6,2
2289,2297,41.0,3
2289,2286,48.6,4
2289,2303,60.5,5
2292,2312,35.8,1
2292,2280,43.1,2
2292,2278,55.2,3
2292,2275,55.9,4
2292,2300,62.0,5
2293,55,76.5,1
2293,2287,81.2,2
2293,71,91.9,3
2293,2301,98.6,4
2293,21,107.5,5
2294,2299,78.1,1
2294,1688,79.3,2
2294,2302,124.7,3
2294,1678,125.2,4
2294,2295,125.3,5
2295,2299,48.1,1
2295,2317,58.8,2
2295,2294,125.3,3
2295,2307,128.2,4
2295,2286,142.2,5
2296,2281,59.2,1
2296,77,65.1,2
2296,2307,69.6,3
2296,2315,88.5,4
2296,30,99.5,5
2297,2298,22.7,1
2297,2303,23.0,2
2297,2289,41.0,3
2297,2314,45.3,4
2297,2275,51.4,5
2298,2303,21.5,1
2298,2297,22.7,2
2298,2275,43.1,3
2298,2279,43.3,4
2298,2289,62.2,5
2299,2295,48.1,1
2299,2294,78.1,2
2299,2307,97.7,3
2299,2317,106.8,4
2299,2302,149.3,5
2300,2280,31.2,1
2300,2276,49.8,2
2300,2292,62.0,3
2300,2278,67.9,4
2300,2305,79.5,5
2301,2287,30.3,1
2301,71,67.2,2
2301,2311,80.2,3
2301,2293,98.6,4
2301,61,110.2,5
2302,28,17.4,1
2302,35,53.8,2
2302,2281,82.0,3
2302,30,99.1,4
2302,79,124.4,5
2303,2298,21.5,1
2303,2297,23.0,2
2303,2275,39.4,3
2303,2279,39.9,4
2303,2289,60.5,5
2304,2279,29.8,1
2304,2275,38.8,2
2304,2312,42.7,3
2304,1357,60.6,4
2304,2305,64.7,5
2305,2312,53.9,1
2305,2304,64.7,2
2305,2275,75.5,3
2305,2280,79.5,4
2305,2300,79.5,5
2307,2296,69.6,1
2307,2281,71.1,2
2307,2317,71.7,3
2307,2299,97.7,4
2307,30,106.0,5
2308,2276,44.9,1
2308,39,73.4,2
2308,2017,92.5,3
2308,2300,94.7,4
2308,2280,97.2,5
2309,1352,76.5,1
2309,2286,96.9,2
2309,2298,104.7,3
2309,2314,118.1,4
2309,1335,123.0,5
2310,2289,35.6,1
2310,2314,40.6,2
2310,2315,68.6,3
2310,2297,71.8,4
2310,2286,79.1,5
2311,61,55.9,1
2311,3011,56.7,2
2311,3012,63.0,3
2311,2301,80.2,4
2311,2287,82.3,5
2312,2275,22.3,1
2312,2292,35.8,2
2312,2279,38.7,3
2312,2304,42.7,4
2312,2305,53.9,5
2314,2289,6.9,1
2314,2310,40.6,2
2314,2297,45.3,3
2314,2286,53.7,4
2314,2303,64.8,5
2315,2310,68.6,1
2315,2288,79.8,2
2315,2316,79.8,3
2315,77,83.6,4
2315,2296,88.5,5
2316,2288,0.0,1
2316,2282,22.8,2
2316,3011,63.7,3
2316,2278,78.2,4
2316,2275,79.0,5
2317,2295,58.8,1
2317,2307,71.7,2
2317,2286,84.0,3
2317,2310,88.4,4
2317,2315,97.3,5
2318,2337,0.0,1
2318,2335,37.7,2
2318,2324,42.9,3
2318,2329,45.6,4
2318,2333,55.3,5
2320,2334,0.0,1
2320,2335,49.1,2
2320,2321,53.6,3
2320,2332,71.2,4
2320,2336,74.3,5
2321,2336,47.4,1
2321,2320,53.6,2
2321,2334,53.6,3
2321,2335,53.8,4
2321,2318,62.9,5
2322,2333,20.0,1
2322,2324,64.0,2
2322,1118,64.3,3
2322,2321,65.2,4
2322,2336,70.9,5
2323,2328,63.2,1
2323,2125,77.1,2
2323,2114,81.6,3
2323,2130,93.4,4
2323,2327,95.7,5
2324,2318,42.9,1
2324,2337,42.9,2
2324,2333,43.9,3
2324,1120,56.1,4
2324,2322,64.0,5
2325,2330,29.1,1
2325,2326,50.8,2
2325,2318,67.3,3
2325,2337,67.3,4
2325,2332,81.4,5
2326,2330,24.6,1
2326,2325,50.8,2
2326,1304,60.0,3
2326,1310,60.0,4
2326,1056,77.3,5
2327,2328,35.7,1
2327,2336,36.3,2
2327,2321,83.7,3
2327,2138,86.7,4
2327,2120,90.2,5
2328,2327,35.7,1
2328,2336,56.6,2
2328,2323,63.2,3
2328,2138,69.3,4
2328,2125,94.0,5
2329,1303,44.4,1
2329,1315,44.4,2
2329,2318,45.6,3
2329,2337,45.6,4
2329,1321,60.1,5
2330,2326,24.6,1
2330,2325,29.1,2
2330,1056,52.7,3
2330,1304,84.5,4
2330,1310,84.5,5
2332,2320,71.2,1
2332,2334,71.2,2
2332,2325,81.4,3
2332,2330,89.3,4
2332,1056,97.4,5
2333,2322,20.0,1
2333,2324,43.9,2
2333,1118,44.2,3
2333,2318,55.3,4
2333,2337,55.3,5
2334,2320,0.0,1
2334,2335,49.1,2
2334,2321,53.6,3
2334,2332,71.2,4
2334,2336,74.3,5
2335,2318,37.7,1
2335,2337,37.7,2
2335,2320,49.1,3
2335,2334,49.1,4
2335,2321,53.8,5
2336,2327,36.3,1
2336,2321,47.4,2
2336,2120,53.8,3
2336,2328,56.6,4
2336,2322,70.9,5
2337,2318,0.0,1
2337,2335,37.7,2
2337,2324,42.9,3
2337,2329,45.6,4
2337,2333,55.3,5
2338,2339,0.0,1
2338,2343,77.2,2
2338,2340,122.1,3
2338,2341,170.5,4
2338,842,186.2,5
2339,2338,0.0,1
2339,2343,77.2,2
2339,2340,122.1,3
2339,2341,170.5,4
2339,842,186.2,5
2340,2338,122.1,1
2340,2339,122.1,2
2340,2342,149.1,3
2340,2343,197.1,4
2340,2341,291.0,5
2341,870,105.3,1
2341,873,148.2,2
2341,868,167.9,3
2341,2338,170.5,4
2341,2339,170.5,5
2342,2340,149.1,1
2342,2338,216.1,2
2342,2339,216.1,3
2342,2343,291.1,4
2342,2341,384.9,5
2343,2338,77.2,1
2343,2339,77.2,2
2343,842,109.1,3
2343,860,109.1,4
2343,851,173.4,5
2347,2349,363.2,1
2347,331,635.8,2
2347,335,1334.6,3
2347,318,1692.8,4
2347,1434,1949.8,5
2349,331,274.4,1
2349,2347,363.2,2
2349,335,973.2,3
2349,318,1331.4,4
2349,1434,1589.4,5
2351,2353,1.7,1
2351,2356,2.0,2
2351,2352,2.2,3
2351,2355,2.8,4
2351,2357,2.9,5
2352,2457,0.9,1
2352,2353,1.7,2
2352,2354,1.8,3
2352,2461,2.0,4
2352,2456,2.1,5
2353,2351,1.7,1
2353,2352,1.7,2
2353,2357,2.1,3
2353,2456,2.2,4
2353,2457,2.3,5
2354,2461,1.7,1
2354,2352,1.8,2
2354,2355,2.0,3
2354,2457,2.3,4
2354,2458,3.4,5
2355,2356,1.7,1
2355,2354,2.0,2
2355,2352,2.2,3
2355,2351,2.8,4
2355,2353,3.0,5
2356,2355,1.7,1
2356,2351,2.0,2
2356,2389,2.4,3
2356,2391,3.0,4
2356,2352,3.4,5
2357,2353,2.1,1
2357,2358,2.1,2
2357,2351,2.9,3
2357,2439,3.6,4
2357,2352,3.7,5
2358,2357,2.1,1
2358,2439,2.5,2
2358,2361,2.9,3
2358,2353,3.3,4
2358,2360,3.4,5
2359,2360,4.2,1
2359,2361,5.5,2
2359,2358,7.0,3
2359,2391,7.9,4
2359,2356,8.7,5
2360,2361,1.4,1
2360,2358,3.4,2
2360,2359,4.2,3
2360,2357,5.1,4
2360,2439,5.8,5
2361,2360,1.4,1
2361,2358,2.9,2
2361,2439,4.9,3
2361,2357,5.0,4
2361,2444,5.2,5
2362,2363,7.0,1
2362,2416,7.9,2
2362,2369,10.4,3
2362,2367,12.5,4
2362,2368,12.5,5
2363,2369,4.9,1
2363,2368,6.9,2
2363,2362,7.0,3
2363,2367,7.0,4
2363,2383,7.8,5
2364,2441,2.1,1
2364,2442,2.2,2
2364,2440,2.9,3
2364,2373,3.1,4
2364,2458,4.0,5
2365,2374,2.8,1
2365,2373,3.3,2
2365,2379,3.3,3
2365,2366,4.0,4
2365,2378,4.5,5
2366,2383,2.6,1
2366,2369,3.5,2
2366,2367,3.6,3
2366,2384,3.9,4
2366,2365,4.0,5
2367,2383,1.6,1
2367,2384,3.0,2
2367,2368,3.5,3
2367,2366,3.6,4
2367,2369,4.3,5
2368,2367,3.5,1
2368,2369,3.9,2
2368,2383,4.0,3
2368,2366,5.5,4
2368,2384,5.5,5
2369,2366,3.5,1
2369,2368,3.9,2
2369,2367,4.3,3
2369,2383,4.3,4
2369,2363,4.9,5
2370,2371,8.5,1
2370,2412,10.5,2
2370,2372,15.8,3
2370,2375,17.3,4
2370,2373,17.7,5
2371,2372,7.4,1
2371,2370,8.5,2
2371,2375,8.9,3
2371,2373,9.2,4
2371,2376,9.3,5
2372,2375,4.1,1
2372,2376,4.4,2
2372,2374,5.8,3
2372,2373,6.4,4
2372,2377,6.8,5
2373,2374,2.0,1
2373,2364,3.1,2
2373,2365,3.3,3
2373,2442,3.3,4
2373,2375,3.8,5
2374,2375,1.9,1
2374,2373,2.0,2
2374,2365,2.8,3
2374,2442,4.5,4
2374,2376,4.8,5
2375,2374,1.9,1
2375,2376,3.0,2
2375,2373,3.8,3
2375,2372,4.1,4
2375,2365,4.7,5
2376,2377,2.5,1
2376,2375,3.0,2
2376,2372,4.4,3
2376,2374,4.8,4
2376,2373,6.8,5
2377,2376,2.5,1
2377,2375,4.7,2
2377,2374,6.6,3
2377,2372,6.8,4
2377,2373,8.5,5
2378,2379,1.2,1
2378,2382,2.9,2
2378,2381,3.6,3
2378,2365,4.5,4
2378,2384,4.8,5
2379,2378,1.2,1
2379,2381,2.9,2
2379,2365,3.3,3
2379,2384,3.7,4
2379,2382,4.1,5
2380,2364,4.1,1
2380,2441,4.6,2
2380,2458,4.7,3
2380,2399,4.8,4
2380,2373,5.6,5
2381,2384,1.5,1
2381,2383,2.8,2
2381,2379,2.9,3
2381,2378,3.6,4
2381,2367,4.4,5
2382,2378,2.9,1
2382,2379,4.1,2
2382,2398,4.3,3
2382,2365,4.9,4
2382,2380,5.6,5
2383,2384,1.4,1
2383,2367,1.6,2
2383,2366,2.6,3
2383,2381,2.8,4
2383,2368,4.0,5
2384,2383,1.4,1
2384,2381,1.5,2
2384,2367,3.0,3
2384,2379,3.7,4
2384,2366,3.9,5
2385,2390,2.2,1
2385,2425,2.2,2
2385,2387,3.0,3
2385,2386,3.8,4
2385,2404,3.8,5
2386,2387,1.8,1
2386,2407,2.3,2
2386,2390,3.2,3
2386,2404,3.2,4
2386,2385,3.8,5
2387,2390,1.4,1
2387,2386,1.8,2
2387,2404,2.8,3
2387,2385,3.0,4
2387,2407,4.1,5
2388,1184,3.1,1
2388,2389,3.5,2
2388,2390,3.5,3
2388,2404,3.5,4
2388,2385,4.3,5
2389,2356,2.4,1
2389,2355,3.3,2
2389,2388,3.5,3
2389,2351,4.2,4
2389,2390,5.1,5
2390,2387,1.4,1
2390,2404,1.6,2
2390,2385,2.2,3
2390,2386,3.2,4
2390,2388,3.5,5
2391,2356,3.0,1
2391,2351,4.7,2
2391,2355,4.7,3
2391,2389,5.2,4
2391,2352,6.1,5
2392,2395,3.0,1
2392,2393,9.6,2
2392,2431,14.1,3
2392,2394,14.3,4
2392,2447,15.4,5
2393,2395,6.6,1
2393,2431,8.4,2
2393,2392,9.6,3
2393,2394,10.3,4
2393,2430,11.8,5
2394,2454,5.1,1
2394,2453,8.1,2
2394,2430,8.4,3
2394,2431,8.4,4
2394,2429,8.7,5
2395,2392,3.0,1
2395,2393,6.6,2
2395,2431,11.1,3
2395,2430,14.4,4
2395,2429,16.7,5
2398,2382,4.3,1
2398,2402,4.4,2
2398,2401,6.4,3
2398,2378,6.9,4
2398,2379,7.3,5
2399,2400,2.5,1
2399,2459,3.1,2
2399,2401,3.5,3
2399,2460,4.4,4
2399,2380,4.8,5
2400,2399,2.5,1
2400,2460,2.6,2
2400,2459,3.6,3
2400,2434,3.8,4
2400,2401,4.0,5
2401,2399,3.5,1
2401,2400,4.0,2
2401,2402,4.5,3
2401,2436,4.6,4
2401,2435,5.3,5
2402,2398,4.4,1
2402,2401,4.5,2
2402,2399,6.5,3
2402,2382,7.4,4
2402,2400,8.3,5
2403,2409,6.4,1
2403,2407,13.6,2
2403,2386,14.3,3
2403,2408,15.4,4
2403,2387,16.1,5
2404,2390,1.6,1
2404,2387,2.8,2
2404,2405,2.9,3
2404,2386,3.2,4
2404,2388,3.5,5
2405,2404,2.9,1
2405,2407,3.4,2
2405,2406,3.5,3
2405,2390,4.4,4
2405,2408,5.0,5
2406,2408,2.9,1
2406,2405,3.5,2
2406,2407,3.9,3
2406,2404,5.5,4
2406,2386,6.2,5
2407,2386,2.3,1
2407,2408,3.0,2
2407,2405,3.4,3
2407,2406,3.9,4
2407,2387,4.1,5
2408,2406,2.9,1
2408,2407,3.0,2
2408,2386,5.0,3
2408,2405,5.0,4
2408,2387,6.7,5
2409,2403,6.4,1
2409,2407,7.3,2
2409,2386,8.0,3
2409,2408,9.0,4
2409,2387,9.7,5
2410,2370,23.3,1
2410,1402,23.4,2
2410,2422,24.8,3
2410,2412,26.6,4
2410,2371,31.8,5
2411,2412,23.2,1
2411,2416,29.7,2
2411,2370,33.6,3
2411,2362,37.6,4
2411,2363,39.9,5
2412,2370,10.5,1
2412,2416,16.9,2
2412,2371,18.9,3
2412,2411,23.2,4
2412,2376,23.5,5
2416,2362,7.9,1
2416,2363,10.2,2
2416,2369,13.7,3
2416,2367,15.8,4
2416,2368,15.8,5
2422,1402,1.3,1
2422,2445,11.4,2
2422,2446,18.9,3
2422,2406,22.8,4
2422,2410,24.8,5
2423,2355,3.3,1
2423,2354,4.1,2
2423,2452,4.2,3
2423,2425,4.5,4
2423,2352,4.7,5
2424,2427,3.1,1
2424,2453,3.1,2
2424,2425,3.4,3
2424,2452,3.4,4
2424,2451,4.2,5
2425,2385,2.2,1
2425,2424,3.4,2
2425,2427,3.6,3
2425,2390,3.8,4
2425,2423,4.5,5
2426,2427,8.3,1
2426,2449,9.1,2
2426,2425,10.4,3
2426,2424,11.4,4
2426,2385,12.0,5
2427,2424,3.1,1
2427,2425,3.6,2
2427,2449,4.2,3
2427,2455,4.2,4
2427,2453,4.6,5
2428,2450,3.4,1
2428,2460,3.5,2
2428,2429,4.4,3
2428,2400,4.5,4
2428,2459,5.3,5
2429,2430,2.3,1
2429,2451,2.7,2
2429,2432,3.4,3
2429,2454,3.7,4
2429,2453,4.3,5
2430,2429,2.3,1
2430,2454,3.4,2
2430,2431,3.8,3
2430,2432,4.4,4
2430,2451,4.8,5
2431,2430,3.8,1
2431,2429,6.1,2
2431,2432,7.2,3
2431,2454,7.2,4
2431,2393,8.4,5
2432,2429,3.4,1
2432,2433,3.6,2
2432,2430,4.4,3
2432,2434,4.5,4
2432,2435,5.4,5
2433,2434,2.1,1
2433,2435,2.9,2
2433,2432,3.6,3
2433,2436,3.9,4
2433,2429,4.5,5
2434,2435,2.0,1
2434,2433,2.1,2
2434,2436,3.0,3
2434,2400,3.8,4
2434,2432,4.5,5
2435,2434,2.0,1
2435,2436,2.3,2
2435,2433,2.9,3
2435,2401,5.3,4
2435,2432,5.4,5
2436,2435,2.3,1
2436,2434,3.0,2
2436,2433,3.9,3
2436,2400,4.1,4
2436,2401,4.6,5
2437,2447,5.3,1
2437,2449,16.3,2
2437,2426,18.8,3
2437,2392,18.9,4
2437,2427,20.0,5
2439,2440,1.4,1
2439,2443,2.1,2
2439,2358,2.5,3
2439,2441,2.7,4
2439,2442,2.8,5
2440,2439,1.4,1
2440,2441,1.5,2
2440,2442,2.1,3
2440,2456,2.4,4
2440,2364,2.9,5
2441,2440,1.5,1
2441,2364,2.1,2
2441,2442,2.2,3
2441,2456,2.5,4
2441,2439,2.7,5
2442,2440,2.1,1
2442,2364,2.2,2
2442,2441,2.2,3
2442,2439,2.8,4
2442,2373,3.3,5
2443,2439,2.1,1
2443,2444,2.7,2
2443,2440,3.1,3
2443,2358,3.6,4
2443,2442,4.3,5
2444,2443,2.7,1
2444,2439,3.5,2
2444,2440,3.6,3
2444,2442,3.7,4
2444,2358,4.1,5
2445,2446,9.7,1
2445,2422,11.4,2
2445,1402,12.0,3
2445,2406,13.6,4
2445,2408,16.3,5
2446,2406,7.5,1
2446,2408,8.7,2
2446,2407,9.7,3
2446,2445,9.7,4
2446,2405,10.5,5
2447,2437,5.3,1
2447,2449,11.1,2
2447,2426,13.5,3
2447,2427,14.8,4
2447,2392,15.4,5
2449,2427,4.2,1
2449,2424,6.0,2
2449,2455,6.3,3
2449,2453,6.9,4
2449,2425,7.2,5
2450,2428,3.4,1
2450,2460,4.2,2
2450,2451,4.4,3
2450,2452,4.4,4
2450,2461,4.4,5
2451,2452,2.2,1
2451,2429,2.7,2
2451,2453,3.2,3
2451,2454,3.9,4
2451,2424,4.2,5
2452,2451,2.2,1
2452,2453,2.5,2
2452,2424,3.4,3
2452,2423,4.2,4
2452,2450,4.4,5
2453,2452,2.5,1
2453,2455,2.8,2
2453,2424,3.1,3
2453,2454,3.1,4
2453,2451,3.2,5
2454,2453,3.1,1
2454,2430,3.4,2
2454,2429,3.7,3
2454,2455,3.7,4
2454,2451,3.9,5
2455,2453,2.8,1
2455,2454,3.7,2
2455,2427,4.2,3
2455,2424,4.6,4
2455,2452,5.2,5
2456,2457,1.5,1
2456,2458,1.7,2
2456,2352,2.1,3
2456,2353,2.2,4
2456,2440,2.4,5
2457,2352,0.9,1
2457,2461,1.2,2
2457,2456,1.5,3
2457,2458,1.8,4
2457,2353,2.3,5
2458,2456,1.7,1
2458,2457,1.8,2
2458,2461,1.9,3
2458,2459,2.2,4
2458,2352,2.7,5
2459,2458,2.2,1
2459,2460,2.5,2
2459,2399,3.1,3
2459,2461,3.2,4
2459,2457,3.5,5
2460,2459,2.5,1
2460,2400,2.6,2
2460,2461,2.8,3
2460,2458,3.0,4
2460,2457,3.2,5
2461,2457,1.2,1
2461,2354,1.7,2
2461,2458,1.9,3
2461,2352,2.0,4
2461,2456,2.6,5
2462,2476,2.7,1
2462,2477,3.6,2
2462,2472,4.7,3
2462,2521,5.7,4
2462,2510,5.8,5
2463,2470,2.5,1
2463,2555,2.6,2
2463,2467,4.5,3
2463,2546,5.0,4
2463,2548,5.2,5
2464,2474,2.4,1
2464,2467,3.6,2
2464,2466,5.0,3
2464,2468,5.1,4
2464,2465,6.0,5
2465,2474,5.4,1
2465,2464,6.0,2
2465,2466,6.9,3
2465,1439,9.6,4
2465,2467,9.6,5
2466,2474,2.7,1
2466,2464,5.0,2
2466,2465,6.9,3
2466,2477,7.0,4
2466,2472,7.1,5
2467,1475,2.8,1
2467,2470,3.1,2
2467,2464,3.6,3
2467,2463,4.5,4
2467,2474,5.5,5
2468,2475,4.1,1
2468,2473,4.2,2
2468,2464,5.1,3
2468,2477,5.1,4
2468,2474,5.7,5
2469,2471,4.5,1
2469,2552,4.9,2
2469,2546,6.0,3
2469,1465,6.2,4
2469,2463,6.4,5
2470,2463,2.5,1
2470,2467,3.1,2
2470,2473,3.9,3
2470,2555,5.1,4
2470,2471,5.3,5
2471,1475,4.5,1
2471,2469,4.5,2
2471,2470,5.3,3
2471,2463,5.4,4
2471,2467,6.3,5
2472,2462,4.7,1
2472,2476,5.2,2
2472,2477,5.4,3
2472,2474,6.8,4
2472,2466,7.1,5
2473,2470,3.9,1
2473,2475,4.1,2
2473,2468,4.2,3
2473,2549,4.5,4
2473,2553,4.9,5
2474,2464,2.4,1
2474,2466,2.7,2
2474,2465,5.4,3
2474,2477,5.4,4
2474,2467,5.5,5
2475,2477,3.6,1
2475,2468,4.1,2
2475,2473,4.1,3
2475,2549,4.6,4
2475,2536,5.2,5
2476,2462,2.7,1
2476,2477,3.3,2
2476,2539,4.4,3
2476,2472,5.2,4
2476,2475,5.6,5
2477,2476,3.3,1
2477,2462,3.6,2
2477,2475,3.6,3
2477,2539,5.0,4
2477,2468,5.1,5
2478,2589,2.9,1
2478,2599,7.3,2
2478,2483,7.4,3
2478,2606,8.3,4
2478,2487,10.0,5
2479,2544,4.3,1
2479,2490,4.5,2
2479,2535,4.5,3
2479,2489,4.6,4
2479,2541,4.8,5
2480,2481,4.3,1
2480,2482,6.5,2
2480,2532,6.6,3
2480,2490,7.1,4
2480,2533,7.2,5
2481,2482,3.3,1
2481,2480,4.3,2
2481,2490,6.5,3
2481,2484,7.3,4
2481,2489,8.0,5
2482,2490,3.2,1
2482,2481,3.3,2
2482,2484,4.9,3
2482,2480,6.5,4
2482,2479,7.6,5
2483,2487,3.4,1
2483,2589,4.6,2
2483,2599,5.6,3
2483,2478,7.4,4
2483,2488,9.6,5
2484,2482,4.9,1
2484,2490,5.1,2
2484,2486,5.5,3
2484,2488,5.8,4
2484,2485,6.5,5
2485,2488,2.7,1
2485,2563,2.7,2
2485,2564,2.8,3
2485,2559,4.7,4
2485,2486,4.9,5
2486,2559,3.3,1
2486,2563,4.3,2
2486,2490,4.7,3
2486,2485,4.9,4
2486,2558,5.0,5
2487,2483,3.4,1
2487,2488,6.4,2
2487,2599,6.9,3
2487,2484,7.1,4
2487,2589,7.1,5
2488,2485,2.7,1
2488,2564,4.4,2
2488,2561,5.0,3
2488,2566,5.0,4
2488,2563,5.4,5
2489,2532,4.4,1
2489,2479,4.6,2
2489,2541,4.8,3
2489,2490,5.3,4
2489,2495,6.7,5
2490,2482,3.2,1
2490,2479,4.5,2
2490,2486,4.7,3
2490,2484,5.1,4
2490,2489,5.3,5
2491,2586,2.5,1
2491,2492,4.3,2
2491,2493,4.6,3
2491,2538,6.2,4
2491,2504,18.2,5
2492,2586,3.0,1
2492,2493,3.1,2
2492,2538,3.1,3
2492,2491,4.3,4
2492,2504,14.1,5
2493,2492,3.1,1
2493,2491,4.6,2
2493,2586,5.0,3
2493,2538,5.9,4
2493,2504,17.2,5
2494,2505,2.0,1
2494,2495,2.6,2
2494,2509,3.4,3
2494,2506,3.7,4
2494,2514,4.6,5
2495,2494,2.6,1
2495,2505,2.6,2
2495,2509,3.3,3
2495,2541,3.3,4
2495,2543,3.6,5
2496,2501,3.3,1
2496,2498,3.7,2
2496,2520,4.1,3
2496,2500,4.2,4
2496,2517,4.8,5
2497,2502,3.0,1
2497,2506,4.1,2
2497,2503,4.5,3
2497,2499,4.7,4
2497,2494,5.3,5
2498,2496,3.7,1
2498,2501,3.8,2
2498,2500,3.9,3
2498,2520,5.5,4
2498,2508,5.9,5
2499,2508,2.7,1
2499,2501,2.9,2
2499,2502,2.9,3
2499,2507,4.0,4
2499,2497,4.7,5
2500,2501,2.8,1
2500,2498,3.9,2
2500,2515,3.9,3
2500,2496,4.2,4
2500,2508,5.0,5
2501,2508,2.2,1
2501,2500,2.8,2
2501,2499,2.9,3
2501,2496,3.3,4
2501,2498,3.8,5
2502,2499,2.9,1
2502,2497,3.0,2
2502,2507,3.2,3
2502,2506,3.5,4
2502,2508,5.0,5
2503,2508,2.1,1
2503,2501,4.3,2
2503,2497,4.5,3
2503,2499,4.8,4
2503,2530,5.8,5
2504,2527,7.9,1
2504,2503,10.0,2
2504,2530,11.1,3
2504,2508,11.6,4
2504,2538,12.3,5
2505,2494,2.0,1
2505,2495,2.6,2
2505,2514,3.3,3
2505,2509,3.7,4
2505,2518,3.9,5
2506,2533,3.1,1
2506,2502,3.5,2
2506,2494,3.7,3
2506,2497,4.1,4
2506,2509,4.6,5
2507,2502,3.2,1
2507,2499,4.0,2
2507,2505,4.3,3
2507,2514,4.6,4
2507,2506,5.3,5
2508,2503,2.1,1
2508,2501,2.2,2
2508,2499,2.7,3
2508,2500,5.0,4
2508,2502,5.0,5
2509,2495,3.3,1
2509,2494,3.4,2
2509,2505,3.7,3
2509,2506,4.6,4
2509,2532,4.9,5
2510,2519,3.6,1
2510,2518,3.9,2
2510,2540,3.9,3
2510,2521,4.3,4
2510,2539,5.0,5
2511,2520,2.5,1
2511,2513,3.2,2
2511,2515,3.5,3
2511,2523,4.5,4
2511,2525,4.8,5
2512,2522,2.0,1
2512,2525,2.2,2
2512,2516,2.7,3
2512,2523,3.6,4
2512,2520,4.3,5
2513,2523,2.7,1
2513,2511,3.2,2
2513,2515,3.2,3
2513,2525,4.1,4
2513,2520,5.7,5
2514,2505,3.3,1
2514,2518,3.3,2
2514,2519,4.2,3
2514,2494,4.6,4
2514,2507,4.6,5
2515,2513,3.2,1
2515,2511,3.5,2
2515,2500,3.9,3
2515,2524,5.0,4
2515,2523,5.9,5
2516,2512,2.7,1
2516,2523,3.3,2
2516,2525,4.3,3
2516,2522,4.4,4
2516,2521,5.7,5
2517,2519,2.7,1
2517,2520,4.2,2
2517,2496,4.8,3
2517,2514,4.9,4
2517,2511,5.3,5
2518,2540,2.7,1
2518,2514,3.3,2
2518,2519,3.6,3
2518,2543,3.7,4
2518,2505,3.9,5
2519,2517,2.7,1
2519,2521,3.5,2
2519,2510,3.6,3
2519,2518,3.6,4
2519,2514,4.2,5
2520,2511,2.5,1
2520,2525,2.6,2
2520,2496,4.1,3
2520,2517,4.2,4
2520,2512,4.3,5
2521,2522,3.3,1
2521,2519,3.5,2
2521,2526,3.9,3
2521,2510,4.3,4
2521,2512,4.3,5
2522,2512,2.0,1
2522,2525,2.9,2
2522,2521,3.3,3
2522,2526,4.0,4
2522,2520,4.3,5
2523,2525,2.2,1
2523,2513,2.7,2
2523,2516,3.3,3
2523,2512,3.6,4
2523,2511,4.5,5
2524,1444,4.9,1
2524,2515,5.0,2
2524,2500,5.4,3
2524,2498,7.9,4
2524,2501,7.9,5
2525,2512,2.2,1
2525,2523,2.2,2
2525,2520,2.6,3
2525,2522,2.9,4
2525,2513,4.1,5
2526,2521,3.9,1
2526,2522,4.0,2
2526,2512,5.2,3
2526,2525,6.1,4
2526,2519,6.6,5
2527,2530,6.1,1
2527,2503,7.0,2
2527,2504,7.9,3
2527,2534,8.3,4
2527,2528,8.8,5
2528,1459,4.8,1
2528,2530,5.0,2
2528,2534,5.1,3
2528,2529,6.6,4
2528,2531,7.5,5
2529,2534,3.4,1
2529,2533,4.0,2
2529,2506,5.5,3
2529,2530,6.2,4
2529,2528,6.6,5
2530,2534,2.8,1
2530,2528,5.0,2
2530,2503,5.8,3
2530,2527,6.1,4
2530,2529,6.2,5
2531,2533,5.1,1
2531,2528,7.5,2
2531,2534,7.5,3
2531,2506,8.2,4
2531,2529,8.3,5
2532,2489,4.4,1
2532,2509,4.9,2
2532,2541,4.9,3
2532,2495,5.4,4
2532,2506,5.4,5
2533,2506,3.1,1
2533,2529,4.0,2
2533,2531,5.1,3
2533,2509,5.8,4
2533,2532,5.9,5
2534,2530,2.8,1
2534,2529,3.4,2
2534,2528,5.1,3
2534,2533,7.4,4
2534,1459,7.5,5
2535,2543,2.5,1
2535,2545,3.3,2
2535,2541,3.4,3
2535,2544,3.8,4
2535,2537,4.3,5
2536,2539,1.8,1
2536,2549,3.1,2
2536,2540,3.2,3
2536,2542,3.6,4
2536,2537,4.4,5
2537,2545,2.3,1
2537,2542,2.8,2
2537,2535,4.3,3
2537,2536,4.4,4
2537,2557,5.0,5
2538,2492,3.1,1
2538,2586,3.7,2
2538,2493,5.9,3
2538,2491,6.2,4
2538,2504,12.3,5
2539,2536,1.8,1
2539,2540,1.9,2
2539,2543,3.8,3
2539,2476,4.4,4
2539,2518,4.4,5
2540,2539,1.9,1
2540,2543,2.4,2
2540,2518,2.7,3
2540,2536,3.2,4
2540,2510,3.9,5
2541,2495,3.3,1
2541,2535,3.4,2
2541,2543,3.8,3
2541,2544,4.6,4
2541,2479,4.8,5
2542,2537,2.8,1
2542,2536,3.6,2
2542,2557,3.9,3
2542,2549,4.3,4
2542,2553,4.4,5
2543,2540,2.4,1
2543,2535,2.5,2
2543,2495,3.6,3
2543,2518,3.7,4
2543,2539,3.8,5
2544,2545,3.3,1
2544,2535,3.8,2
2544,2479,4.3,3
2544,2541,4.6,4
2544,2559,4.7,5
2545,2537,2.3,1
2545,2535,3.3,2
2545,2544,3.3,3
2545,2573,4.1,4
2545,2574,4.1,5
2546,2548,4.0,1
2546,2555,4.5,2
2546,2463,5.0,3
2546,2469,6.0,4
2546,2471,6.6,5
2547,1443,3.6,1
2547,1457,5.3,2
2547,2550,5.6,3
2547,2551,7.1,4
2547,2575,7.2,5
2548,2556,2.6,1
2548,2546,4.0,2
2548,2555,4.0,3
2548,2463,5.2,4
2548,2554,5.3,5
2549,2536,3.1,1
2549,2542,4.3,2
2549,2473,4.5,3
2549,2475,4.6,4
2549,2539,4.8,5
2550,2551,3.3,1
2550,2554,4.3,2
2550,2547,5.6,3
2550,2556,5.6,4
2550,2548,5.7,5
2551,2550,3.3,1
2551,2572,3.4,2
2551,2554,4.2,3
2551,2575,4.2,4
2551,2556,6.2,5
2552,2469,4.9,1
2552,1465,5.1,2
2552,1457,7.3,3
2552,2471,9.3,4
2552,2546,9.8,5
2553,2555,3.1,1
2553,2542,4.4,2
2553,2557,4.4,3
2553,2556,4.5,4
2553,2473,4.9,5
2554,2551,4.2,1
2554,2550,4.3,2
2554,2556,4.3,3
2554,2557,5.0,4
2554,2548,5.3,5
2555,2463,2.6,1
2555,2553,3.1,2
2555,2548,4.0,3
2555,2546,4.5,4
2555,2556,4.7,5
2556,2548,2.6,1
2556,2554,4.3,2
2556,2553,4.5,3
2556,2555,4.7,4
2556,2557,5.2,5
2557,2573,3.5,1
2557,2542,3.9,2
2557,2553,4.4,3
2557,2537,5.0,4
2557,2554,5.0,5
2558,2559,1.7,1
2558,2562,2.0,2
2558,2574,3.0,3
2558,2567,3.2,4
2558,2563,3.7,5
2559,2558,1.7,1
2559,2563,2.5,2
2559,2486,3.3,3
2559,2562,3.4,4
2559,2574,3.7,5
2560,2579,2.5,1
2560,2567,2.8,2
2560,2583,3.2,3
2560,2562,4.1,4
2560,2564,4.9,5
2561,2564,2.7,1
2561,2569,3.7,2
2561,2566,4.0,3
2561,2567,4.0,4
2561,2488,5.0,5
2562,2558,2.0,1
2562,2579,2.3,2
2562,2567,3.3,3
2562,2559,3.4,4
2562,2560,4.1,5
2563,2559,2.5,1
2563,2485,2.7,2
2563,2567,2.7,3
2563,2564,2.9,4
2563,2558,3.7,5
2564,2561,2.7,1
2564,2485,2.8,2
2564,2563,2.9,3
2564,2567,3.3,4
2564,2488,4.4,5
2565,2585,4.0,1
2565,2568,5.8,2
2565,2584,7.2,3
2565,2571,7.3,4
2565,2569,8.6,5
2566,2561,4.0,1
2566,2569,4.9,2
2566,2488,5.0,3
2566,2564,6.7,4
2566,2485,6.9,5
2567,2563,2.7,1
2567,2560,2.8,2
2567,2558,3.2,3
2567,2562,3.3,4
2567,2564,3.3,5
2568,2588,5.5,1
2568,2565,5.8,2
2568,2590,7.0,3
2568,2585,8.6,4
2568,2604,10.6,5
2569,2561,3.7,1
2569,2566,4.9,2
2569,2564,5.9,3
2569,2560,6.3,4
2569,2567,6.3,5
2570,2582,3.6,1
2570,2571,4.6,2
2570,2580,5.6,3
2570,2584,5.8,4
2570,2576,6.1,5
2571,2584,4.1,1
2571,2570,4.6,2
2571,2585,5.4,3
2571,2582,6.2,4
2571,2583,6.6,5
2572,2575,2.0,1
2572,2551,3.4,2
2572,2580,4.9,3
2572,2581,5.1,4
2572,2550,6.7,5
2573,2574,2.8,1
2573,2557,3.5,2
2573,2545,4.1,3
2573,2537,5.0,4
2573,2562,5.1,5
2574,2573,2.8,1
2574,2558,3.0,2
2574,2559,3.7,3
2574,2545,4.1,4
2574,2562,4.3,5
2575,2572,2.0,1
2575,2581,3.1,2
2575,2580,3.2,3
2575,2551,4.2,4
2575,2547,7.2,5
2576,2582,2.5,1
2576,2577,4.2,2
2576,2579,4.3,3
2576,2583,4.9,4
2576,2580,5.2,5
2577,2579,3.2,1
2577,2578,3.6,2
2577,2576,4.2,3
2577,2557,5.2,4
2577,2562,5.4,5
2578,2577,3.6,1
2578,2557,6.1,2
2578,2576,6.4,3
2578,2579,6.4,4
2578,2573,7.9,5
2579,2562,2.3,1
2579,2560,2.5,2
2579,2577,3.2,3
2579,2583,3.7,4
2579,2567,4.2,5
2580,2575,3.2,1
2580,2581,3.4,2
2580,2572,4.9,3
2580,2576,5.2,4
2580,2570,5.6,5
2581,2575,3.1,1
2581,2580,3.4,2
2581,2572,5.1,3
2581,2570,6.7,4
2581,2551,7.2,5
2582,2576,2.5,1
2582,2570,3.6,2
2582,2580,5.7,3
2582,2583,5.7,4
2582,2571,6.2,5
2583,2584,2.8,1
2583,2560,3.2,2
2583,2579,3.7,3
2583,2576,4.9,4
2583,2582,5.7,5
2584,2583,2.8,1
2584,2585,3.2,2
2584,2571,4.1,3
2584,2570,5.8,4
2584,2560,5.9,5
2585,2584,3.2,1
2585,2565,4.0,2
2585,2571,5.4,3
2585,2583,5.8,4
2585,2582,6.8,5
2586,2491,2.5,1
2586,2492,3.0,2
2586,2538,3.7,3
2586,2493,5.0,4
2586,2504,15.8,5
2587,2592,6.5,1
2587,2596,8.1,2
2587,2602,8.1,3
2587,2605,15.2,4
2587,2604,16.3,5
2588,2604,5.1,1
2588,2568,5.5,2
2588,2590,9.0,3
2588,2565,9.3,4
2588,1472,9.8,5
2589,2478,2.9,1
2589,2483,4.6,2
2589,2487,7.1,3
2589,2599,7.4,4
2589,2597,9.4,5
2590,2568,7.0,1
2590,2605,7.8,2
2590,2588,9.0,3
2590,2565,12.9,4
2590,2592,13.0,5
2591,2596,15.6,1
2591,2598,18.5,2
2591,2607,20.9,3
2591,2587,23.7,4
2591,2592,27.9,5
2592,2587,6.5,1
2592,2605,11.0,2
2592,2604,11.6,3
2592,2602,11.9,4
2592,2596,12.3,5
2593,2601,9.5,1
2593,1468,26.5,2
2593,2597,31.8,3
2593,2595,34.1,4
2593,2602,35.5,5
2595,2597,4.2,1
2595,2589,13.6,2
2595,2602,13.6,3
2595,2651,14.3,4
2595,2478,14.8,5
2596,2587,8.1,1
2596,2598,8.9,2
2596,2592,12.3,3
2596,2607,13.6,4
2596,2591,15.6,5
2597,2595,4.2,1
2597,2589,9.4,2
2597,2478,10.7,3
2597,2606,11.2,4
2597,2602,11.3,5
2598,2596,8.9,1
2598,2607,16.5,2
2598,2587,16.9,3
2598,2591,18.5,4
2598,2592,21.1,5
2599,2483,5.6,1
2599,2487,6.9,2
2599,2600,6.9,3
2599,2478,7.3,4
2599,2589,7.4,5
2600,2605,6.8,1
2600,2599,6.9,2
2600,2566,7.2,3
2600,2488,7.7,4
2600,2487,8.7,5
2601,2593,9.5,1
2601,1468,24.9,2
2601,2597,30.2,3
2601,2595,32.5,4
2601,2602,33.9,5
2602,2587,8.1,1
2602,2597,11.3,2
2602,2592,11.9,3
2602,2595,13.6,4
2602,2596,16.1,5
2604,2588,5.1,1
2604,1472,8.4,2
2604,2568,10.6,3
2604,2592,11.6,4
2604,2565,13.7,5
2605,2600,6.8,1
2605,2566,6.9,2
2605,2590,7.8,3
2605,2599,7.9,4
2605,2561,8.4,5
2606,2478,8.3,1
2606,2589,11.1,2
2606,2597,11.2,3
2606,2599,12.0,4
2606,2592,12.3,5
2607,1472,11.0,1
2607,2596,13.6,2
2607,2598,16.5,3
2607,2604,19.4,4
2607,2588,20.8,5
2618,1319,53.8,1
2618,1308,56.4,2
2618,1320,56.9,3
2618,1314,77.7,4
2618,1317,78.2,5
2619,991,59.4,1
2619,1501,63.6,2
2619,2333,66.3,3
2619,1006,70.6,4
2619,2322,81.0,5
2620,2621,29.9,1
2620,734,87.3,2
2620,765,93.2,3
2620,747,98.2,4
2620,745,102.0,5
2621,2620,29.9,1
2621,734,63.4,2
2621,745,78.1,3
2621,2886,104.3,4
2621,765,122.2,5
2644,1473,15.1,1
2644,1474,23.6,2
2644,1484,26.1,3
2644,2177,29.2,4
2644,1219,31.8,5
2646,1206,13.8,1
2646,1212,16.8,2
2646,2647,20.7,3
2646,1468,37.0,4
2646,2591,50.7,5
2647,2646,20.7,1
2647,1212,25.8,2
2647,1206,34.5,3
2647,1468,35.3,4
2647,2601,55.2,5
2648,2649,16.8,1
2648,1496,20.1,2
2648,1481,21.8,3
2648,1488,22.7,4
2648,1439,24.5,5
2649,1481,5.7,1
2649,1456,14.9,2
2649,1439,16.3,3
2649,2648,16.8,4
2649,2814,17.6,5
2651,2589,11.2,1
2651,2483,11.3,2
2651,2482,11.5,3
2651,2478,12.5,4
2651,2481,12.9,5
2652,1488,40.7,1
2652,1001,40.9,2
2652,1496,41.4,3
2652,1447,56.9,4
2652,2813,57.0,5
2710,2139,45.0,1
2710,2109,52.9,2
2710,2113,54.3,3
2710,2143,67.0,4
2710,2108,70.4,5
2808,1463,22.8,1
2808,1490,34.2,2
2808,1447,46.4,3
2808,1449,48.1,4
2808,1440,52.6,5
2809,736,32.2,1
2809,753,32.6,2
2809,746,38.1,3
2809,760,53.5,4
2809,761,90.4,5
2813,1447,48.8,1
2813,2652,57.0,2
2813,1490,72.1,3
2813,1853,82.5,4
2813,1488,86.2,5
2814,1456,15.3,1
2814,2649,17.6,2
2814,1467,17.8,3
2814,1481,20.9,4
2814,2526,21.4,5
2872,2238,61.4,1
2872,2880,79.7,2
2872,2250,155.0,3
2872,2249,254.4,4
2872,2245,316.6,5
2876,812,20.5,1
2876,2881,21.3,2
2876,818,35.9,3
2876,824,39.2,4
2876,813,41.1,5
2879,2882,101.2,1
2879,2241,137.5,2
2879,2243,244.5,3
2879,2242,285.3,4
2879,2217,333.2,5
2880,2238,21.9,1
2880,2872,79.7,2
2880,2249,189.4,3
2880,2250,232.9,4
2880,2245,363.0,5
2881,812,3.9,1
2881,818,17.8,2
2881,824,21.2,3
2881,2876,21.3,4
2881,813,28.0,5
2882,2879,101.2,1
2882,2242,206.4,2
2882,2241,238.7,3
2882,2243,345.7,4
2882,2244,366.1,5
2883,1446,21.1,1
2883,1504,26.0,2
2883,1491,75.2,3
2883,2120,88.7,4
2883,2101,100.9,5
2884,2118,22.4,1
2884,2140,47.0,2
2884,2132,61.2,3
2884,2064,63.4,4
2884,1486,84.7,5
2885,774,21.6,1
2885,773,46.5,2
2885,771,77.0,3
2885,758,84.0,4
2885,744,89.2,5
2886,745,26.3,1
2886,734,42.1,2
2886,767,77.1,3
2886,739,89.4,4
2886,731,97.9,5
2887,1952,9.4,1
2887,1948,45.3,2
2887,1934,61.4,3
2887,1935,75.8,4
2887,1930,77.7,5
3005,1544,31.5,1
3005,1574,33.7,2
3005,1554,53.5,3
3005,1537,53.8,4
3005,1530,56.9,5
3007,1236,0.0,1
3007,1229,19.7,2
3007,1233,36.6,3
3007,1247,36.6,4
3007,1234,65.6,5
3009,3010,0.0,1
3009,2073,23.2,2
3009,2076,35.8,3
3009,2081,44.6,4
3009,2088,51.2,5
3010,3009,0.0,1
3010,2073,23.2,2
3010,2076,35.8,3
3010,2081,44.6,4
3010,2088,51.2,5
3011,3012,31.1,1
3011,2282,42.0,2
3011,2311,56.7,3
3011,2288,63.7,4
3011,2316,63.7,5
3012,3011,31.1,1
3012,2311,63.0,2
3012,2282,73.1,3
3012,2288,94.8,4
3012,2316,94.8,5
3013,1492,23.4,1
3013,2493,26.3,2
3013,2492,26.6,3
3013,2586,29.3,4
3013,2538,29.4,5
