territory_id,origin,target,known_news
1,2023-12,2024-01,False
1,2024-01,2024-02,False
1,2024-02,2024-03,False
1,2024-03,2024-04,False
1,2024-04,2024-05,False
1,2024-05,2024-06,False
1,2024-06,2024-07,False
1,2024-07,2024-08,False
1,2024-08,2024-09,False
1,2024-09,2024-10,False
1,2024-10,2024-11,False
1,2024-11,2024-12,False
2,2023-12,2024-01,False
2,2024-01,2024-02,False
2,2024-02,2024-03,False
2,2024-03,2024-04,False
2,2024-04,2024-05,False
2,2024-05,2024-06,False
2,2024-06,2024-07,False
2,2024-07,2024-08,False
2,2024-08,2024-09,False
2,2024-09,2024-10,False
2,2024-10,2024-11,False
2,2024-11,2024-12,False
3,2023-12,2024-01,False
3,2024-01,2024-02,False
3,2024-02,2024-03,False
3,2024-03,2024-04,False
3,2024-04,2024-05,False
3,2024-05,2024-06,False
3,2024-06,2024-07,False
3,2024-07,2024-08,False
3,2024-08,2024-09,False
3,2024-09,2024-10,False
3,2024-10,2024-11,False
3,2024-11,2024-12,False
4,2023-12,2024-01,False
4,2024-01,2024-02,False
4,2024-02,2024-03,False
4,2024-03,2024-04,False
4,2024-04,2024-05,False
4,2024-05,2024-06,False
4,2024-06,2024-07,False
4,2024-07,2024-08,False
4,2024-08,2024-09,False
4,2024-09,2024-10,False
4,2024-10,2024-11,False
4,2024-11,2024-12,False
5,2023-12,2024-01,False
5,2024-01,2024-02,False
5,2024-02,2024-03,False
5,2024-03,2024-04,False
5,2024-04,2024-05,False
5,2024-05,2024-06,False
5,2024-06,2024-07,False
5,2024-07,2024-08,False
5,2024-08,2024-09,False
5,2024-09,2024-10,False
5,2024-10,2024-11,False
5,2024-11,2024-12,False
6,2023-12,2024-01,False
6,2024-01,2024-02,False
6,2024-02,2024-03,False
6,2024-03,2024-04,False
6,2024-04,2024-05,False
6,2024-05,2024-06,False
6,2024-06,2024-07,False
6,2024-07,2024-08,False
6,2024-08,2024-09,False
6,2024-09,2024-10,False
6,2024-10,2024-11,False
6,2024-11,2024-12,False
7,2023-12,2024-01,False
7,2024-01,2024-02,False
7,2024-02,2024-03,False
7,2024-03,2024-04,False
7,2024-04,2024-05,False
7,2024-05,2024-06,False
7,2024-06,2024-07,False
7,2024-07,2024-08,False
7,2024-08,2024-09,False
7,2024-09,2024-10,False
7,2024-10,2024-11,False
7,2024-11,2024-12,False
8,2023-12,2024-01,False
8,2024-01,2024-02,False
8,2024-02,2024-03,False
8,2024-03,2024-04,False
8,2024-04,2024-05,False
8,2024-05,2024-06,False
8,2024-06,2024-07,False
8,2024-07,2024-08,False
8,2024-08,2024-09,False
8,2024-09,2024-10,False
8,2024-10,2024-11,False
8,2024-11,2024-12,False
9,2023-12,2024-01,False
9,2024-01,2024-02,False
9,2024-02,2024-03,False
9,2024-03,2024-04,False
9,2024-04,2024-05,False
9,2024-05,2024-06,False
9,2024-06,2024-07,False
9,2024-07,2024-08,False
9,2024-08,2024-09,False
9,2024-09,2024-10,False
9,2024-10,2024-11,False
9,2024-11,2024-12,False
10,2023-12,2024-01,False
10,2024-01,2024-02,False
10,2024-02,2024-03,False
10,2024-03,2024-04,False
10,2024-04,2024-05,False
10,2024-05,2024-06,False
10,2024-06,2024-07,False
10,2024-07,2024-08,False
10,2024-08,2024-09,False
10,2024-09,2024-10,False
10,2024-10,2024-11,False
10,2024-11,2024-12,False
11,2023-12,2024-01,False
11,2024-01,2024-02,False
11,2024-02,2024-03,False
11,2024-03,2024-04,False
11,2024-04,2024-05,False
11,2024-05,2024-06,False
11,2024-06,2024-07,False
11,2024-07,2024-08,False
11,2024-08,2024-09,False
11,2024-09,2024-10,False
11,2024-10,2024-11,False
11,2024-11,2024-12,False
12,2023-12,2024-01,False
12,2024-01,2024-02,False
12,2024-02,2024-03,False
12,2024-03,2024-04,False
12,2024-04,2024-05,False
12,2024-05,2024-06,False
12,2024-06,2024-07,False
12,2024-07,2024-08,False
12,2024-08,2024-09,False
12,2024-09,2024-10,False
12,2024-10,2024-11,False
12,2024-11,2024-12,False
13,2023-12,2024-01,False
13,2024-01,2024-02,False
13,2024-02,2024-03,False
13,2024-03,2024-04,False
13,2024-04,2024-05,False
13,2024-05,2024-06,False
13,2024-06,2024-07,False
13,2024-07,2024-08,False
13,2024-08,2024-09,False
13,2024-09,2024-10,False
13,2024-10,2024-11,False
13,2024-11,2024-12,False
14,2023-12,2024-01,False
14,2024-01,2024-02,False
14,2024-02,2024-03,False
14,2024-03,2024-04,False
14,2024-04,2024-05,False
14,2024-05,2024-06,False
14,2024-06,2024-07,False
14,2024-07,2024-08,False
14,2024-08,2024-09,False
14,2024-09,2024-10,False
14,2024-10,2024-11,False
14,2024-11,2024-12,False
15,2023-12,2024-01,False
15,2024-01,2024-02,False
15,2024-02,2024-03,False
15,2024-03,2024-04,False
15,2024-04,2024-05,False
15,2024-05,2024-06,False
15,2024-06,2024-07,False
15,2024-07,2024-08,False
15,2024-08,2024-09,False
15,2024-09,2024-10,False
15,2024-10,2024-11,False
15,2024-11,2024-12,False
16,2023-12,2024-01,False
16,2024-01,2024-02,False
16,2024-02,2024-03,False
16,2024-03,2024-04,False
16,2024-04,2024-05,False
16,2024-05,2024-06,False
16,2024-06,2024-07,False
16,2024-07,2024-08,False
16,2024-08,2024-09,False
16,2024-09,2024-10,False
16,2024-10,2024-11,False
16,2024-11,2024-12,False
17,2023-12,2024-01,False
17,2024-01,2024-02,False
17,2024-02,2024-03,False
17,2024-03,2024-04,False
17,2024-04,2024-05,False
17,2024-05,2024-06,False
17,2024-06,2024-07,False
17,2024-07,2024-08,False
17,2024-08,2024-09,False
17,2024-09,2024-10,False
17,2024-10,2024-11,False
17,2024-11,2024-12,False
18,2023-12,2024-01,False
18,2024-01,2024-02,False
18,2024-02,2024-03,False
18,2024-03,2024-04,False
18,2024-04,2024-05,False
18,2024-05,2024-06,False
18,2024-06,2024-07,False
18,2024-07,2024-08,False
18,2024-08,2024-09,False
18,2024-09,2024-10,False
18,2024-10,2024-11,False
18,2024-11,2024-12,False
19,2023-12,2024-01,False
19,2024-01,2024-02,False
19,2024-02,2024-03,False
19,2024-03,2024-04,False
19,2024-04,2024-05,False
19,2024-05,2024-06,False
19,2024-06,2024-07,False
19,2024-07,2024-08,False
19,2024-08,2024-09,False
19,2024-09,2024-10,False
19,2024-10,2024-11,False
19,2024-11,2024-12,False
20,2023-12,2024-01,False
20,2024-01,2024-02,False
20,2024-02,2024-03,False
20,2024-03,2024-04,False
20,2024-04,2024-05,False
20,2024-05,2024-06,False
20,2024-06,2024-07,False
20,2024-07,2024-08,False
20,2024-08,2024-09,False
20,2024-09,2024-10,False
20,2024-10,2024-11,False
20,2024-11,2024-12,False
21,2023-12,2024-01,False
21,2024-01,2024-02,False
21,2024-02,2024-03,False
21,2024-03,2024-04,False
21,2024-04,2024-05,False
21,2024-05,2024-06,False
21,2024-06,2024-07,False
21,2024-07,2024-08,False
21,2024-08,2024-09,False
21,2024-09,2024-10,False
21,2024-10,2024-11,False
21,2024-11,2024-12,False
22,2023-12,2024-01,False
22,2024-01,2024-02,False
22,2024-02,2024-03,False
22,2024-03,2024-04,False
22,2024-04,2024-05,False
22,2024-05,2024-06,False
22,2024-06,2024-07,False
22,2024-07,2024-08,False
22,2024-08,2024-09,False
22,2024-09,2024-10,False
22,2024-10,2024-11,False
22,2024-11,2024-12,False
23,2023-12,2024-01,False
23,2024-01,2024-02,False
23,2024-02,2024-03,False
23,2024-03,2024-04,False
23,2024-04,2024-05,False
23,2024-05,2024-06,False
23,2024-06,2024-07,False
23,2024-07,2024-08,False
23,2024-08,2024-09,False
23,2024-09,2024-10,False
23,2024-10,2024-11,False
23,2024-11,2024-12,False
25,2023-12,2024-01,False
25,2024-01,2024-02,False
25,2024-02,2024-03,False
25,2024-03,2024-04,False
25,2024-04,2024-05,False
25,2024-05,2024-06,False
25,2024-06,2024-07,False
25,2024-07,2024-08,False
25,2024-08,2024-09,False
25,2024-09,2024-10,False
25,2024-10,2024-11,False
25,2024-11,2024-12,False
26,2023-12,2024-01,False
26,2024-01,2024-02,False
26,2024-02,2024-03,False
26,2024-03,2024-04,False
26,2024-04,2024-05,False
26,2024-05,2024-06,False
26,2024-06,2024-07,False
26,2024-07,2024-08,False
26,2024-08,2024-09,False
26,2024-09,2024-10,False
26,2024-10,2024-11,False
26,2024-11,2024-12,False
27,2023-12,2024-01,False
27,2024-01,2024-02,False
27,2024-02,2024-03,False
27,2024-03,2024-04,False
27,2024-04,2024-05,False
27,2024-05,2024-06,False
27,2024-06,2024-07,False
27,2024-07,2024-08,False
27,2024-08,2024-09,False
27,2024-09,2024-10,False
27,2024-10,2024-11,False
27,2024-11,2024-12,False
28,2023-12,2024-01,False
28,2024-01,2024-02,False
28,2024-02,2024-03,False
28,2024-03,2024-04,False
28,2024-04,2024-05,False
28,2024-05,2024-06,False
28,2024-06,2024-07,False
28,2024-07,2024-08,False
28,2024-08,2024-09,False
28,2024-09,2024-10,False
28,2024-10,2024-11,False
28,2024-11,2024-12,False
29,2023-12,2024-01,False
29,2024-01,2024-02,False
29,2024-02,2024-03,False
29,2024-03,2024-04,False
29,2024-04,2024-05,False
29,2024-05,2024-06,False
29,2024-06,2024-07,False
29,2024-07,2024-08,False
29,2024-08,2024-09,False
29,2024-09,2024-10,False
29,2024-10,2024-11,False
29,2024-11,2024-12,False
30,2023-12,2024-01,False
30,2024-01,2024-02,False
30,2024-02,2024-03,False
30,2024-03,2024-04,False
30,2024-04,2024-05,False
30,2024-05,2024-06,False
30,2024-06,2024-07,False
30,2024-07,2024-08,False
30,2024-08,2024-09,False
30,2024-09,2024-10,False
30,2024-10,2024-11,False
30,2024-11,2024-12,False
31,2023-12,2024-01,False
31,2024-01,2024-02,False
31,2024-02,2024-03,False
31,2024-03,2024-04,False
31,2024-04,2024-05,False
31,2024-05,2024-06,False
31,2024-06,2024-07,False
31,2024-07,2024-08,False
31,2024-08,2024-09,False
31,2024-09,2024-10,False
31,2024-10,2024-11,False
31,2024-11,2024-12,False
32,2023-12,2024-01,False
32,2024-01,2024-02,False
32,2024-02,2024-03,False
32,2024-03,2024-04,False
32,2024-04,2024-05,False
32,2024-05,2024-06,False
32,2024-06,2024-07,False
32,2024-07,2024-08,False
32,2024-08,2024-09,False
32,2024-09,2024-10,False
32,2024-10,2024-11,False
32,2024-11,2024-12,False
33,2023-12,2024-01,False
33,2024-01,2024-02,False
33,2024-02,2024-03,False
33,2024-03,2024-04,False
33,2024-04,2024-05,False
33,2024-05,2024-06,False
33,2024-06,2024-07,False
33,2024-07,2024-08,False
33,2024-08,2024-09,False
33,2024-09,2024-10,False
33,2024-10,2024-11,False
33,2024-11,2024-12,False
34,2023-12,2024-01,False
34,2024-01,2024-02,False
34,2024-02,2024-03,False
34,2024-03,2024-04,False
34,2024-04,2024-05,False
34,2024-05,2024-06,False
34,2024-06,2024-07,False
34,2024-07,2024-08,False
34,2024-08,2024-09,False
34,2024-09,2024-10,False
34,2024-10,2024-11,False
34,2024-11,2024-12,False
35,2023-12,2024-01,False
35,2024-01,2024-02,False
35,2024-02,2024-03,False
35,2024-03,2024-04,False
35,2024-04,2024-05,False
35,2024-05,2024-06,False
35,2024-06,2024-07,False
35,2024-07,2024-08,False
35,2024-08,2024-09,False
35,2024-09,2024-10,False
35,2024-10,2024-11,False
35,2024-11,2024-12,False
36,2023-12,2024-01,False
36,2024-01,2024-02,False
36,2024-02,2024-03,False
36,2024-03,2024-04,False
36,2024-04,2024-05,False
36,2024-05,2024-06,False
36,2024-06,2024-07,False
36,2024-07,2024-08,False
36,2024-08,2024-09,False
36,2024-09,2024-10,False
36,2024-10,2024-11,False
36,2024-11,2024-12,False
37,2023-12,2024-01,False
37,2024-01,2024-02,False
37,2024-02,2024-03,False
37,2024-03,2024-04,False
37,2024-04,2024-05,False
37,2024-05,2024-06,False
37,2024-06,2024-07,False
37,2024-07,2024-08,False
37,2024-08,2024-09,False
37,2024-09,2024-10,False
37,2024-10,2024-11,False
37,2024-11,2024-12,False
38,2023-12,2024-01,False
38,2024-01,2024-02,False
38,2024-02,2024-03,False
38,2024-03,2024-04,False
38,2024-04,2024-05,False
38,2024-05,2024-06,False
38,2024-06,2024-07,False
38,2024-07,2024-08,False
38,2024-08,2024-09,False
38,2024-09,2024-10,False
38,2024-10,2024-11,False
38,2024-11,2024-12,False
39,2023-12,2024-01,False
39,2024-01,2024-02,False
39,2024-02,2024-03,False
39,2024-03,2024-04,False
39,2024-04,2024-05,False
39,2024-05,2024-06,False
39,2024-06,2024-07,False
39,2024-07,2024-08,False
39,2024-08,2024-09,False
39,2024-09,2024-10,False
39,2024-10,2024-11,False
39,2024-11,2024-12,False
40,2023-12,2024-01,False
40,2024-01,2024-02,False
40,2024-02,2024-03,False
40,2024-03,2024-04,False
40,2024-04,2024-05,False
40,2024-05,2024-06,False
40,2024-06,2024-07,False
40,2024-07,2024-08,False
40,2024-08,2024-09,False
40,2024-09,2024-10,False
40,2024-10,2024-11,False
40,2024-11,2024-12,False
41,2023-12,2024-01,False
41,2024-01,2024-02,False
41,2024-02,2024-03,False
41,2024-03,2024-04,False
41,2024-04,2024-05,False
41,2024-05,2024-06,False
41,2024-06,2024-07,False
41,2024-07,2024-08,False
41,2024-08,2024-09,False
41,2024-09,2024-10,False
41,2024-10,2024-11,False
41,2024-11,2024-12,False
42,2023-12,2024-01,False
42,2024-01,2024-02,False
42,2024-02,2024-03,False
42,2024-03,2024-04,False
42,2024-04,2024-05,False
42,2024-05,2024-06,False
42,2024-06,2024-07,False
42,2024-07,2024-08,False
42,2024-08,2024-09,False
42,2024-09,2024-10,False
42,2024-10,2024-11,False
42,2024-11,2024-12,False
43,2023-12,2024-01,False
43,2024-01,2024-02,False
43,2024-02,2024-03,False
43,2024-03,2024-04,False
43,2024-04,2024-05,False
43,2024-05,2024-06,False
43,2024-06,2024-07,False
43,2024-07,2024-08,False
43,2024-08,2024-09,False
43,2024-09,2024-10,False
43,2024-10,2024-11,False
43,2024-11,2024-12,False
44,2023-12,2024-01,False
44,2024-01,2024-02,False
44,2024-02,2024-03,False
44,2024-03,2024-04,False
44,2024-04,2024-05,False
44,2024-05,2024-06,False
44,2024-06,2024-07,False
44,2024-07,2024-08,False
44,2024-08,2024-09,False
44,2024-09,2024-10,False
44,2024-10,2024-11,False
44,2024-11,2024-12,False
45,2023-12,2024-01,False
45,2024-01,2024-02,False
45,2024-02,2024-03,False
45,2024-03,2024-04,False
45,2024-04,2024-05,False
45,2024-05,2024-06,False
45,2024-06,2024-07,False
45,2024-07,2024-08,False
45,2024-08,2024-09,False
45,2024-09,2024-10,False
45,2024-10,2024-11,False
45,2024-11,2024-12,False
46,2023-12,2024-01,False
46,2024-01,2024-02,False
46,2024-02,2024-03,False
46,2024-03,2024-04,False
46,2024-04,2024-05,False
46,2024-05,2024-06,False
46,2024-06,2024-07,False
46,2024-07,2024-08,False
46,2024-08,2024-09,False
46,2024-09,2024-10,False
46,2024-10,2024-11,False
46,2024-11,2024-12,False
47,2023-12,2024-01,False
47,2024-01,2024-02,False
47,2024-02,2024-03,False
47,2024-03,2024-04,False
47,2024-04,2024-05,False
47,2024-05,2024-06,False
47,2024-06,2024-07,False
47,2024-07,2024-08,False
47,2024-08,2024-09,False
47,2024-09,2024-10,False
47,2024-10,2024-11,False
47,2024-11,2024-12,False
48,2023-12,2024-01,False
48,2024-01,2024-02,False
48,2024-02,2024-03,False
48,2024-03,2024-04,False
48,2024-04,2024-05,False
48,2024-05,2024-06,False
48,2024-06,2024-07,False
48,2024-07,2024-08,False
48,2024-08,2024-09,False
48,2024-09,2024-10,False
48,2024-10,2024-11,False
48,2024-11,2024-12,False
49,2023-12,2024-01,False
49,2024-01,2024-02,False
49,2024-02,2024-03,False
49,2024-03,2024-04,False
49,2024-04,2024-05,False
49,2024-05,2024-06,False
49,2024-06,2024-07,False
49,2024-07,2024-08,False
49,2024-08,2024-09,False
49,2024-09,2024-10,False
49,2024-10,2024-11,False
49,2024-11,2024-12,False
50,2023-12,2024-01,False
50,2024-01,2024-02,False
50,2024-02,2024-03,False
50,2024-03,2024-04,False
50,2024-04,2024-05,False
50,2024-05,2024-06,False
50,2024-06,2024-07,False
50,2024-07,2024-08,False
50,2024-08,2024-09,False
50,2024-09,2024-10,False
50,2024-10,2024-11,False
50,2024-11,2024-12,False
51,2023-12,2024-01,False
51,2024-01,2024-02,False
51,2024-02,2024-03,False
51,2024-03,2024-04,False
51,2024-04,2024-05,False
51,2024-05,2024-06,False
51,2024-06,2024-07,False
51,2024-07,2024-08,False
51,2024-08,2024-09,False
51,2024-09,2024-10,False
51,2024-10,2024-11,False
51,2024-11,2024-12,False
52,2023-12,2024-01,False
52,2024-01,2024-02,False
52,2024-02,2024-03,False
52,2024-03,2024-04,False
52,2024-04,2024-05,False
52,2024-05,2024-06,False
52,2024-06,2024-07,False
52,2024-07,2024-08,False
52,2024-08,2024-09,False
52,2024-09,2024-10,False
52,2024-10,2024-11,False
52,2024-11,2024-12,False
53,2023-12,2024-01,False
53,2024-01,2024-02,False
53,2024-02,2024-03,False
53,2024-03,2024-04,False
53,2024-04,2024-05,False
53,2024-05,2024-06,False
53,2024-06,2024-07,False
53,2024-07,2024-08,False
53,2024-08,2024-09,False
53,2024-09,2024-10,False
53,2024-10,2024-11,False
53,2024-11,2024-12,False
54,2023-12,2024-01,False
54,2024-01,2024-02,False
54,2024-02,2024-03,False
54,2024-03,2024-04,False
54,2024-04,2024-05,False
54,2024-05,2024-06,False
54,2024-06,2024-07,False
54,2024-07,2024-08,False
54,2024-08,2024-09,False
54,2024-09,2024-10,False
54,2024-10,2024-11,False
54,2024-11,2024-12,False
55,2023-12,2024-01,False
55,2024-01,2024-02,False
55,2024-02,2024-03,False
55,2024-03,2024-04,False
55,2024-04,2024-05,False
55,2024-05,2024-06,False
55,2024-06,2024-07,False
55,2024-07,2024-08,False
55,2024-08,2024-09,False
55,2024-09,2024-10,False
55,2024-10,2024-11,False
55,2024-11,2024-12,False
56,2023-12,2024-01,False
56,2024-01,2024-02,False
56,2024-02,2024-03,False
56,2024-03,2024-04,False
56,2024-04,2024-05,False
56,2024-05,2024-06,False
56,2024-06,2024-07,False
56,2024-07,2024-08,False
56,2024-08,2024-09,False
56,2024-09,2024-10,False
56,2024-10,2024-11,False
56,2024-11,2024-12,False
57,2023-12,2024-01,False
57,2024-01,2024-02,False
57,2024-02,2024-03,False
57,2024-03,2024-04,False
57,2024-04,2024-05,False
57,2024-05,2024-06,False
57,2024-06,2024-07,False
57,2024-07,2024-08,False
57,2024-08,2024-09,False
57,2024-09,2024-10,False
57,2024-10,2024-11,False
57,2024-11,2024-12,False
58,2023-12,2024-01,False
58,2024-01,2024-02,False
58,2024-02,2024-03,False
58,2024-03,2024-04,False
58,2024-04,2024-05,False
58,2024-05,2024-06,False
58,2024-06,2024-07,False
58,2024-07,2024-08,False
58,2024-08,2024-09,False
58,2024-09,2024-10,False
58,2024-10,2024-11,False
58,2024-11,2024-12,False
59,2023-12,2024-01,False
59,2024-01,2024-02,False
59,2024-02,2024-03,False
59,2024-03,2024-04,False
59,2024-04,2024-05,False
59,2024-05,2024-06,False
59,2024-06,2024-07,False
59,2024-07,2024-08,False
59,2024-08,2024-09,False
59,2024-09,2024-10,False
59,2024-10,2024-11,False
59,2024-11,2024-12,False
60,2023-12,2024-01,False
60,2024-01,2024-02,False
60,2024-02,2024-03,False
60,2024-03,2024-04,False
60,2024-04,2024-05,False
60,2024-05,2024-06,False
60,2024-06,2024-07,False
60,2024-07,2024-08,False
60,2024-08,2024-09,False
60,2024-09,2024-10,False
60,2024-10,2024-11,False
60,2024-11,2024-12,False
61,2023-12,2024-01,False
61,2024-01,2024-02,False
61,2024-02,2024-03,False
61,2024-03,2024-04,False
61,2024-04,2024-05,False
61,2024-05,2024-06,False
61,2024-06,2024-07,False
61,2024-07,2024-08,False
61,2024-08,2024-09,False
61,2024-09,2024-10,False
61,2024-10,2024-11,False
61,2024-11,2024-12,False
62,2023-12,2024-01,False
62,2024-01,2024-02,False
62,2024-02,2024-03,False
62,2024-03,2024-04,False
62,2024-04,2024-05,False
62,2024-05,2024-06,False
62,2024-06,2024-07,False
62,2024-07,2024-08,False
62,2024-08,2024-09,False
62,2024-09,2024-10,False
62,2024-10,2024-11,False
62,2024-11,2024-12,False
63,2023-12,2024-01,False
63,2024-01,2024-02,False
63,2024-02,2024-03,False
63,2024-03,2024-04,False
63,2024-04,2024-05,False
63,2024-05,2024-06,False
63,2024-06,2024-07,False
63,2024-07,2024-08,False
63,2024-08,2024-09,False
63,2024-09,2024-10,False
63,2024-10,2024-11,False
63,2024-11,2024-12,False
65,2023-12,2024-01,False
65,2024-01,2024-02,False
65,2024-02,2024-03,False
65,2024-03,2024-04,False
65,2024-04,2024-05,False
65,2024-05,2024-06,False
65,2024-06,2024-07,False
65,2024-07,2024-08,False
65,2024-08,2024-09,False
65,2024-09,2024-10,False
65,2024-10,2024-11,False
65,2024-11,2024-12,False
66,2023-12,2024-01,False
66,2024-01,2024-02,False
66,2024-02,2024-03,False
66,2024-03,2024-04,False
66,2024-04,2024-05,False
66,2024-05,2024-06,False
66,2024-06,2024-07,False
66,2024-07,2024-08,False
66,2024-08,2024-09,False
66,2024-09,2024-10,False
66,2024-10,2024-11,False
66,2024-11,2024-12,False
67,2023-12,2024-01,False
67,2024-01,2024-02,False
67,2024-02,2024-03,False
67,2024-03,2024-04,False
67,2024-04,2024-05,False
67,2024-05,2024-06,False
67,2024-06,2024-07,False
67,2024-07,2024-08,False
67,2024-08,2024-09,False
67,2024-09,2024-10,False
67,2024-10,2024-11,False
67,2024-11,2024-12,False
68,2023-12,2024-01,False
68,2024-01,2024-02,False
68,2024-02,2024-03,False
68,2024-03,2024-04,False
68,2024-04,2024-05,False
68,2024-05,2024-06,False
68,2024-06,2024-07,False
68,2024-07,2024-08,False
68,2024-08,2024-09,False
68,2024-09,2024-10,False
68,2024-10,2024-11,False
68,2024-11,2024-12,False
69,2023-12,2024-01,False
69,2024-01,2024-02,False
69,2024-02,2024-03,False
69,2024-03,2024-04,False
69,2024-04,2024-05,False
69,2024-05,2024-06,False
69,2024-06,2024-07,False
69,2024-07,2024-08,False
69,2024-08,2024-09,False
69,2024-09,2024-10,False
69,2024-10,2024-11,False
69,2024-11,2024-12,False
70,2023-12,2024-01,False
70,2024-01,2024-02,False
70,2024-02,2024-03,False
70,2024-03,2024-04,False
70,2024-04,2024-05,False
70,2024-05,2024-06,False
70,2024-06,2024-07,False
70,2024-07,2024-08,False
70,2024-08,2024-09,False
70,2024-09,2024-10,False
70,2024-10,2024-11,False
70,2024-11,2024-12,False
71,2023-12,2024-01,False
71,2024-01,2024-02,False
71,2024-02,2024-03,False
71,2024-03,2024-04,False
71,2024-04,2024-05,False
71,2024-05,2024-06,False
71,2024-06,2024-07,False
71,2024-07,2024-08,False
71,2024-08,2024-09,False
71,2024-09,2024-10,False
71,2024-10,2024-11,False
71,2024-11,2024-12,False
72,2023-12,2024-01,False
72,2024-01,2024-02,False
72,2024-02,2024-03,False
72,2024-03,2024-04,False
72,2024-04,2024-05,False
72,2024-05,2024-06,False
72,2024-06,2024-07,False
72,2024-07,2024-08,False
72,2024-08,2024-09,False
72,2024-09,2024-10,False
72,2024-10,2024-11,False
72,2024-11,2024-12,False
73,2023-12,2024-01,False
73,2024-01,2024-02,False
73,2024-02,2024-03,False
73,2024-03,2024-04,False
73,2024-04,2024-05,False
73,2024-05,2024-06,False
73,2024-06,2024-07,False
73,2024-07,2024-08,False
73,2024-08,2024-09,False
73,2024-09,2024-10,False
73,2024-10,2024-11,False
73,2024-11,2024-12,False
74,2023-12,2024-01,False
74,2024-01,2024-02,False
74,2024-02,2024-03,False
74,2024-03,2024-04,False
74,2024-04,2024-05,False
74,2024-05,2024-06,False
74,2024-06,2024-07,False
74,2024-07,2024-08,False
74,2024-08,2024-09,False
74,2024-09,2024-10,False
74,2024-10,2024-11,False
74,2024-11,2024-12,False
75,2023-12,2024-01,False
75,2024-01,2024-02,False
75,2024-02,2024-03,False
75,2024-03,2024-04,False
75,2024-04,2024-05,False
75,2024-05,2024-06,False
75,2024-06,2024-07,False
75,2024-07,2024-08,False
75,2024-08,2024-09,False
75,2024-09,2024-10,False
75,2024-10,2024-11,False
75,2024-11,2024-12,False
76,2023-12,2024-01,False
76,2024-01,2024-02,False
76,2024-02,2024-03,False
76,2024-03,2024-04,False
76,2024-04,2024-05,False
76,2024-05,2024-06,False
76,2024-06,2024-07,False
76,2024-07,2024-08,False
76,2024-08,2024-09,False
76,2024-09,2024-10,False
76,2024-10,2024-11,False
76,2024-11,2024-12,False
77,2023-12,2024-01,False
77,2024-01,2024-02,False
77,2024-02,2024-03,False
77,2024-03,2024-04,False
77,2024-04,2024-05,False
77,2024-05,2024-06,False
77,2024-06,2024-07,False
77,2024-07,2024-08,False
77,2024-08,2024-09,False
77,2024-09,2024-10,False
77,2024-10,2024-11,False
77,2024-11,2024-12,False
78,2023-12,2024-01,False
78,2024-01,2024-02,False
78,2024-02,2024-03,False
78,2024-03,2024-04,False
78,2024-04,2024-05,False
78,2024-05,2024-06,False
78,2024-06,2024-07,False
78,2024-07,2024-08,False
78,2024-08,2024-09,False
78,2024-09,2024-10,False
78,2024-10,2024-11,False
78,2024-11,2024-12,False
79,2023-12,2024-01,False
79,2024-01,2024-02,False
79,2024-02,2024-03,False
79,2024-03,2024-04,False
79,2024-04,2024-05,False
79,2024-05,2024-06,False
79,2024-06,2024-07,False
79,2024-07,2024-08,False
79,2024-08,2024-09,False
79,2024-09,2024-10,False
79,2024-10,2024-11,False
79,2024-11,2024-12,False
80,2023-12,2024-01,False
80,2024-01,2024-02,False
80,2024-02,2024-03,False
80,2024-03,2024-04,False
80,2024-04,2024-05,False
80,2024-05,2024-06,False
80,2024-06,2024-07,False
80,2024-07,2024-08,False
80,2024-08,2024-09,False
80,2024-09,2024-10,False
80,2024-10,2024-11,False
80,2024-11,2024-12,False
81,2023-12,2024-01,False
81,2024-01,2024-02,False
81,2024-02,2024-03,False
81,2024-03,2024-04,False
81,2024-04,2024-05,False
81,2024-05,2024-06,False
81,2024-06,2024-07,False
81,2024-07,2024-08,False
81,2024-08,2024-09,False
81,2024-09,2024-10,False
81,2024-10,2024-11,False
81,2024-11,2024-12,False
82,2023-12,2024-01,False
82,2024-01,2024-02,False
82,2024-02,2024-03,False
82,2024-03,2024-04,False
82,2024-04,2024-05,False
82,2024-05,2024-06,False
82,2024-06,2024-07,False
82,2024-07,2024-08,False
82,2024-08,2024-09,False
82,2024-09,2024-10,False
82,2024-10,2024-11,False
82,2024-11,2024-12,False
83,2023-12,2024-01,False
83,2024-01,2024-02,False
83,2024-02,2024-03,False
83,2024-03,2024-04,False
83,2024-04,2024-05,False
83,2024-05,2024-06,False
83,2024-06,2024-07,False
83,2024-07,2024-08,False
83,2024-08,2024-09,False
83,2024-09,2024-10,False
83,2024-10,2024-11,False
83,2024-11,2024-12,False
167,2023-12,2024-01,False
167,2024-01,2024-02,False
167,2024-02,2024-03,False
167,2024-03,2024-04,False
167,2024-04,2024-05,False
167,2024-05,2024-06,False
167,2024-06,2024-07,False
167,2024-07,2024-08,False
167,2024-08,2024-09,False
167,2024-09,2024-10,False
167,2024-10,2024-11,False
167,2024-11,2024-12,False
168,2023-12,2024-01,False
168,2024-01,2024-02,False
168,2024-02,2024-03,False
168,2024-03,2024-04,False
168,2024-04,2024-05,False
168,2024-05,2024-06,False
168,2024-06,2024-07,False
168,2024-07,2024-08,False
168,2024-08,2024-09,False
168,2024-09,2024-10,False
168,2024-10,2024-11,False
168,2024-11,2024-12,False
169,2023-12,2024-01,False
169,2024-01,2024-02,False
169,2024-02,2024-03,False
169,2024-03,2024-04,False
169,2024-04,2024-05,False
169,2024-05,2024-06,False
169,2024-06,2024-07,False
169,2024-07,2024-08,False
169,2024-08,2024-09,False
169,2024-09,2024-10,False
169,2024-10,2024-11,False
169,2024-11,2024-12,False
173,2023-12,2024-01,False
173,2024-01,2024-02,False
173,2024-02,2024-03,False
173,2024-03,2024-04,False
173,2024-04,2024-05,False
173,2024-05,2024-06,False
173,2024-06,2024-07,False
173,2024-07,2024-08,False
173,2024-08,2024-09,False
173,2024-09,2024-10,False
173,2024-10,2024-11,False
173,2024-11,2024-12,False
181,2023-12,2024-01,False
181,2024-01,2024-02,False
181,2024-02,2024-03,False
181,2024-03,2024-04,False
181,2024-04,2024-05,False
181,2024-05,2024-06,False
181,2024-06,2024-07,False
181,2024-07,2024-08,False
181,2024-08,2024-09,False
181,2024-09,2024-10,False
181,2024-10,2024-11,False
181,2024-11,2024-12,False
184,2023-12,2024-01,False
184,2024-01,2024-02,False
184,2024-02,2024-03,False
184,2024-03,2024-04,False
184,2024-04,2024-05,False
184,2024-05,2024-06,False
184,2024-06,2024-07,False
184,2024-07,2024-08,False
184,2024-08,2024-09,False
184,2024-09,2024-10,False
184,2024-10,2024-11,False
184,2024-11,2024-12,False
185,2023-12,2024-01,False
185,2024-01,2024-02,False
185,2024-02,2024-03,False
185,2024-03,2024-04,False
185,2024-04,2024-05,False
185,2024-05,2024-06,False
185,2024-06,2024-07,False
185,2024-07,2024-08,False
185,2024-08,2024-09,False
185,2024-09,2024-10,False
185,2024-10,2024-11,False
185,2024-11,2024-12,False
188,2023-12,2024-01,False
188,2024-01,2024-02,False
188,2024-02,2024-03,False
188,2024-03,2024-04,False
188,2024-04,2024-05,False
188,2024-05,2024-06,False
188,2024-06,2024-07,False
188,2024-07,2024-08,False
188,2024-08,2024-09,False
188,2024-09,2024-10,False
188,2024-10,2024-11,False
188,2024-11,2024-12,False
191,2023-12,2024-01,False
191,2024-01,2024-02,False
191,2024-02,2024-03,False
191,2024-03,2024-04,False
191,2024-04,2024-05,False
191,2024-05,2024-06,False
191,2024-06,2024-07,False
191,2024-07,2024-08,False
191,2024-08,2024-09,False
191,2024-09,2024-10,False
191,2024-10,2024-11,False
191,2024-11,2024-12,False
194,2023-12,2024-01,False
194,2024-01,2024-02,False
194,2024-02,2024-03,False
194,2024-03,2024-04,False
194,2024-04,2024-05,False
194,2024-05,2024-06,False
194,2024-06,2024-07,False
194,2024-07,2024-08,False
194,2024-08,2024-09,False
194,2024-09,2024-10,False
194,2024-10,2024-11,False
194,2024-11,2024-12,False
195,2023-12,2024-01,False
195,2024-01,2024-02,False
195,2024-02,2024-03,False
195,2024-03,2024-04,False
195,2024-04,2024-05,False
195,2024-05,2024-06,False
195,2024-06,2024-07,False
195,2024-07,2024-08,False
195,2024-08,2024-09,False
195,2024-09,2024-10,False
195,2024-10,2024-11,False
195,2024-11,2024-12,False
196,2023-12,2024-01,False
196,2024-01,2024-02,False
196,2024-02,2024-03,False
196,2024-03,2024-04,False
196,2024-04,2024-05,False
196,2024-05,2024-06,False
196,2024-06,2024-07,False
196,2024-07,2024-08,False
196,2024-08,2024-09,False
196,2024-09,2024-10,False
196,2024-10,2024-11,False
196,2024-11,2024-12,False
198,2023-12,2024-01,False
198,2024-01,2024-02,False
198,2024-02,2024-03,False
198,2024-03,2024-04,False
198,2024-04,2024-05,False
198,2024-05,2024-06,False
198,2024-06,2024-07,False
198,2024-07,2024-08,False
198,2024-08,2024-09,False
198,2024-09,2024-10,False
198,2024-10,2024-11,False
198,2024-11,2024-12,False
201,2023-12,2024-01,False
201,2024-01,2024-02,False
201,2024-02,2024-03,False
201,2024-03,2024-04,False
201,2024-04,2024-05,False
201,2024-05,2024-06,False
201,2024-06,2024-07,False
201,2024-07,2024-08,False
201,2024-08,2024-09,False
201,2024-09,2024-10,False
201,2024-10,2024-11,False
201,2024-11,2024-12,False
203,2023-12,2024-01,False
203,2024-01,2024-02,False
203,2024-02,2024-03,False
203,2024-03,2024-04,False
203,2024-04,2024-05,False
203,2024-05,2024-06,False
203,2024-06,2024-07,False
203,2024-07,2024-08,False
203,2024-08,2024-09,False
203,2024-09,2024-10,False
203,2024-10,2024-11,False
203,2024-11,2024-12,False
204,2023-12,2024-01,False
204,2024-01,2024-02,False
204,2024-02,2024-03,False
204,2024-03,2024-04,False
204,2024-04,2024-05,False
204,2024-05,2024-06,False
204,2024-06,2024-07,False
204,2024-07,2024-08,False
204,2024-08,2024-09,False
204,2024-09,2024-10,False
204,2024-10,2024-11,False
204,2024-11,2024-12,False
205,2023-12,2024-01,False
205,2024-01,2024-02,False
205,2024-02,2024-03,False
205,2024-03,2024-04,False
205,2024-04,2024-05,False
205,2024-05,2024-06,False
205,2024-06,2024-07,False
205,2024-07,2024-08,False
205,2024-08,2024-09,False
205,2024-09,2024-10,False
205,2024-10,2024-11,False
205,2024-11,2024-12,False
206,2023-12,2024-01,False
206,2024-01,2024-02,False
206,2024-02,2024-03,False
206,2024-03,2024-04,False
206,2024-04,2024-05,False
206,2024-05,2024-06,False
206,2024-06,2024-07,False
206,2024-07,2024-08,False
206,2024-08,2024-09,False
206,2024-09,2024-10,False
206,2024-10,2024-11,False
206,2024-11,2024-12,False
207,2023-12,2024-01,False
207,2024-01,2024-02,False
207,2024-02,2024-03,False
207,2024-03,2024-04,False
207,2024-04,2024-05,False
207,2024-05,2024-06,False
207,2024-06,2024-07,False
207,2024-07,2024-08,False
207,2024-08,2024-09,False
207,2024-09,2024-10,False
207,2024-10,2024-11,False
207,2024-11,2024-12,False
208,2023-12,2024-01,False
208,2024-01,2024-02,False
208,2024-02,2024-03,False
208,2024-03,2024-04,False
208,2024-04,2024-05,False
208,2024-05,2024-06,False
208,2024-06,2024-07,False
208,2024-07,2024-08,False
208,2024-08,2024-09,False
208,2024-09,2024-10,False
208,2024-10,2024-11,False
208,2024-11,2024-12,False
209,2023-12,2024-01,False
209,2024-01,2024-02,False
209,2024-02,2024-03,False
209,2024-03,2024-04,False
209,2024-04,2024-05,False
209,2024-05,2024-06,False
209,2024-06,2024-07,False
209,2024-07,2024-08,False
209,2024-08,2024-09,False
209,2024-09,2024-10,False
209,2024-10,2024-11,False
209,2024-11,2024-12,False
210,2023-12,2024-01,False
210,2024-01,2024-02,False
210,2024-02,2024-03,False
210,2024-03,2024-04,False
210,2024-04,2024-05,False
210,2024-05,2024-06,False
210,2024-06,2024-07,False
210,2024-07,2024-08,False
210,2024-08,2024-09,False
210,2024-09,2024-10,False
210,2024-10,2024-11,False
210,2024-11,2024-12,False
211,2023-12,2024-01,False
211,2024-01,2024-02,False
211,2024-02,2024-03,False
211,2024-03,2024-04,False
211,2024-04,2024-05,False
211,2024-05,2024-06,False
211,2024-06,2024-07,False
211,2024-07,2024-08,False
211,2024-08,2024-09,False
211,2024-09,2024-10,False
211,2024-10,2024-11,False
211,2024-11,2024-12,False
212,2023-12,2024-01,False
212,2024-01,2024-02,False
212,2024-02,2024-03,False
212,2024-03,2024-04,False
212,2024-04,2024-05,False
212,2024-05,2024-06,False
212,2024-06,2024-07,False
212,2024-07,2024-08,False
212,2024-08,2024-09,False
212,2024-09,2024-10,False
212,2024-10,2024-11,False
212,2024-11,2024-12,False
213,2023-12,2024-01,False
213,2024-01,2024-02,False
213,2024-02,2024-03,False
213,2024-03,2024-04,False
213,2024-04,2024-05,False
213,2024-05,2024-06,False
213,2024-06,2024-07,False
213,2024-07,2024-08,False
213,2024-08,2024-09,False
213,2024-09,2024-10,False
213,2024-10,2024-11,False
213,2024-11,2024-12,False
214,2023-12,2024-01,False
214,2024-01,2024-02,False
214,2024-02,2024-03,False
214,2024-03,2024-04,False
214,2024-04,2024-05,False
214,2024-05,2024-06,False
214,2024-06,2024-07,False
214,2024-07,2024-08,False
214,2024-08,2024-09,False
214,2024-09,2024-10,False
214,2024-10,2024-11,False
214,2024-11,2024-12,False
215,2023-12,2024-01,False
215,2024-01,2024-02,False
215,2024-02,2024-03,False
215,2024-03,2024-04,False
215,2024-04,2024-05,False
215,2024-05,2024-06,False
215,2024-06,2024-07,False
215,2024-07,2024-08,False
215,2024-08,2024-09,False
215,2024-09,2024-10,False
215,2024-10,2024-11,False
215,2024-11,2024-12,False
216,2023-12,2024-01,False
216,2024-01,2024-02,False
216,2024-02,2024-03,False
216,2024-03,2024-04,False
216,2024-04,2024-05,False
216,2024-05,2024-06,False
216,2024-06,2024-07,False
216,2024-07,2024-08,False
216,2024-08,2024-09,False
216,2024-09,2024-10,False
216,2024-10,2024-11,False
216,2024-11,2024-12,False
217,2023-12,2024-01,False
217,2024-01,2024-02,False
217,2024-02,2024-03,False
217,2024-03,2024-04,False
217,2024-04,2024-05,False
217,2024-05,2024-06,False
217,2024-06,2024-07,False
217,2024-07,2024-08,False
217,2024-08,2024-09,False
217,2024-09,2024-10,False
217,2024-10,2024-11,False
217,2024-11,2024-12,False
218,2023-12,2024-01,False
218,2024-01,2024-02,False
218,2024-02,2024-03,False
218,2024-03,2024-04,False
218,2024-04,2024-05,False
218,2024-05,2024-06,False
218,2024-06,2024-07,False
218,2024-07,2024-08,False
218,2024-08,2024-09,False
218,2024-09,2024-10,False
218,2024-10,2024-11,False
218,2024-11,2024-12,False
219,2023-12,2024-01,False
219,2024-01,2024-02,False
219,2024-02,2024-03,False
219,2024-03,2024-04,False
219,2024-04,2024-05,False
219,2024-05,2024-06,False
219,2024-06,2024-07,False
219,2024-07,2024-08,False
219,2024-08,2024-09,False
219,2024-09,2024-10,False
219,2024-10,2024-11,False
219,2024-11,2024-12,False
220,2023-12,2024-01,False
220,2024-01,2024-02,False
220,2024-02,2024-03,False
220,2024-03,2024-04,False
220,2024-04,2024-05,False
220,2024-05,2024-06,False
220,2024-06,2024-07,False
220,2024-07,2024-08,False
220,2024-08,2024-09,False
220,2024-09,2024-10,False
220,2024-10,2024-11,False
220,2024-11,2024-12,False
221,2023-12,2024-01,False
221,2024-01,2024-02,False
221,2024-02,2024-03,False
221,2024-03,2024-04,False
221,2024-04,2024-05,False
221,2024-05,2024-06,False
221,2024-06,2024-07,False
221,2024-07,2024-08,True
221,2024-08,2024-09,True
221,2024-09,2024-10,False
221,2024-10,2024-11,False
221,2024-11,2024-12,False
222,2023-12,2024-01,False
222,2024-01,2024-02,False
222,2024-02,2024-03,False
222,2024-03,2024-04,False
222,2024-04,2024-05,False
222,2024-05,2024-06,False
222,2024-06,2024-07,False
222,2024-07,2024-08,False
222,2024-08,2024-09,False
222,2024-09,2024-10,False
222,2024-10,2024-11,False
222,2024-11,2024-12,False
223,2023-12,2024-01,False
223,2024-01,2024-02,False
223,2024-02,2024-03,False
223,2024-03,2024-04,False
223,2024-04,2024-05,False
223,2024-05,2024-06,False
223,2024-06,2024-07,False
223,2024-07,2024-08,False
223,2024-08,2024-09,False
223,2024-09,2024-10,False
223,2024-10,2024-11,False
223,2024-11,2024-12,False
224,2023-12,2024-01,False
224,2024-01,2024-02,False
224,2024-02,2024-03,False
224,2024-03,2024-04,False
224,2024-04,2024-05,False
224,2024-05,2024-06,False
224,2024-06,2024-07,False
224,2024-07,2024-08,False
224,2024-08,2024-09,False
224,2024-09,2024-10,False
224,2024-10,2024-11,False
224,2024-11,2024-12,False
225,2023-12,2024-01,False
225,2024-01,2024-02,False
225,2024-02,2024-03,False
225,2024-03,2024-04,False
225,2024-04,2024-05,False
225,2024-05,2024-06,False
225,2024-06,2024-07,False
225,2024-07,2024-08,False
225,2024-08,2024-09,False
225,2024-09,2024-10,False
225,2024-10,2024-11,False
225,2024-11,2024-12,False
226,2023-12,2024-01,False
226,2024-01,2024-02,False
226,2024-02,2024-03,False
226,2024-03,2024-04,False
226,2024-04,2024-05,False
226,2024-05,2024-06,False
226,2024-06,2024-07,False
226,2024-07,2024-08,False
226,2024-08,2024-09,False
226,2024-09,2024-10,False
226,2024-10,2024-11,False
226,2024-11,2024-12,False
227,2023-12,2024-01,False
227,2024-01,2024-02,False
227,2024-02,2024-03,False
227,2024-03,2024-04,False
227,2024-04,2024-05,False
227,2024-05,2024-06,False
227,2024-06,2024-07,False
227,2024-07,2024-08,False
227,2024-08,2024-09,False
227,2024-09,2024-10,False
227,2024-10,2024-11,False
227,2024-11,2024-12,False
228,2023-12,2024-01,False
228,2024-01,2024-02,False
228,2024-02,2024-03,False
228,2024-03,2024-04,False
228,2024-04,2024-05,False
228,2024-05,2024-06,False
228,2024-06,2024-07,False
228,2024-07,2024-08,False
228,2024-08,2024-09,False
228,2024-09,2024-10,False
228,2024-10,2024-11,False
228,2024-11,2024-12,False
229,2023-12,2024-01,False
229,2024-01,2024-02,False
229,2024-02,2024-03,False
229,2024-03,2024-04,False
229,2024-04,2024-05,False
229,2024-05,2024-06,False
229,2024-06,2024-07,False
229,2024-07,2024-08,False
229,2024-08,2024-09,False
229,2024-09,2024-10,False
229,2024-10,2024-11,False
229,2024-11,2024-12,False
230,2023-12,2024-01,False
230,2024-01,2024-02,False
230,2024-02,2024-03,False
230,2024-03,2024-04,False
230,2024-04,2024-05,False
230,2024-05,2024-06,False
230,2024-06,2024-07,False
230,2024-07,2024-08,False
230,2024-08,2024-09,False
230,2024-09,2024-10,False
230,2024-10,2024-11,False
230,2024-11,2024-12,False
231,2023-12,2024-01,False
231,2024-01,2024-02,False
231,2024-02,2024-03,False
231,2024-03,2024-04,False
231,2024-04,2024-05,False
231,2024-05,2024-06,False
231,2024-06,2024-07,False
231,2024-07,2024-08,False
231,2024-08,2024-09,False
231,2024-09,2024-10,False
231,2024-10,2024-11,False
231,2024-11,2024-12,False
232,2023-12,2024-01,False
232,2024-01,2024-02,False
232,2024-02,2024-03,False
232,2024-03,2024-04,False
232,2024-04,2024-05,False
232,2024-05,2024-06,False
232,2024-06,2024-07,False
232,2024-07,2024-08,False
232,2024-08,2024-09,False
232,2024-09,2024-10,False
232,2024-10,2024-11,False
232,2024-11,2024-12,False
233,2023-12,2024-01,False
233,2024-01,2024-02,False
233,2024-02,2024-03,False
233,2024-03,2024-04,False
233,2024-04,2024-05,False
233,2024-05,2024-06,False
233,2024-06,2024-07,False
233,2024-07,2024-08,False
233,2024-08,2024-09,False
233,2024-09,2024-10,False
233,2024-10,2024-11,False
233,2024-11,2024-12,False
234,2023-12,2024-01,False
234,2024-01,2024-02,False
234,2024-02,2024-03,False
234,2024-03,2024-04,False
234,2024-04,2024-05,False
234,2024-05,2024-06,False
234,2024-06,2024-07,False
234,2024-07,2024-08,False
234,2024-08,2024-09,False
234,2024-09,2024-10,False
234,2024-10,2024-11,False
234,2024-11,2024-12,False
235,2023-12,2024-01,False
235,2024-01,2024-02,False
235,2024-02,2024-03,False
235,2024-03,2024-04,False
235,2024-04,2024-05,False
235,2024-05,2024-06,False
235,2024-06,2024-07,False
235,2024-07,2024-08,False
235,2024-08,2024-09,False
235,2024-09,2024-10,False
235,2024-10,2024-11,False
235,2024-11,2024-12,False
236,2023-12,2024-01,False
236,2024-01,2024-02,False
236,2024-02,2024-03,False
236,2024-03,2024-04,False
236,2024-04,2024-05,False
236,2024-05,2024-06,False
236,2024-06,2024-07,False
236,2024-07,2024-08,False
236,2024-08,2024-09,False
236,2024-09,2024-10,False
236,2024-10,2024-11,False
236,2024-11,2024-12,False
237,2023-12,2024-01,False
237,2024-01,2024-02,False
237,2024-02,2024-03,False
237,2024-03,2024-04,False
237,2024-04,2024-05,False
237,2024-05,2024-06,False
237,2024-06,2024-07,False
237,2024-07,2024-08,False
237,2024-08,2024-09,False
237,2024-09,2024-10,False
237,2024-10,2024-11,False
237,2024-11,2024-12,False
238,2023-12,2024-01,False
238,2024-01,2024-02,False
238,2024-02,2024-03,False
238,2024-03,2024-04,False
238,2024-04,2024-05,False
238,2024-05,2024-06,False
238,2024-06,2024-07,False
238,2024-07,2024-08,False
238,2024-08,2024-09,False
238,2024-09,2024-10,False
238,2024-10,2024-11,False
238,2024-11,2024-12,False
239,2023-12,2024-01,False
239,2024-01,2024-02,False
239,2024-02,2024-03,False
239,2024-03,2024-04,False
239,2024-04,2024-05,False
239,2024-05,2024-06,False
239,2024-06,2024-07,False
239,2024-07,2024-08,False
239,2024-08,2024-09,False
239,2024-09,2024-10,False
239,2024-10,2024-11,False
239,2024-11,2024-12,False
240,2023-12,2024-01,False
240,2024-01,2024-02,False
240,2024-02,2024-03,False
240,2024-03,2024-04,False
240,2024-04,2024-05,False
240,2024-05,2024-06,False
240,2024-06,2024-07,False
240,2024-07,2024-08,False
240,2024-08,2024-09,False
240,2024-09,2024-10,False
240,2024-10,2024-11,False
240,2024-11,2024-12,False
241,2023-12,2024-01,False
241,2024-01,2024-02,False
241,2024-02,2024-03,False
241,2024-03,2024-04,False
241,2024-04,2024-05,False
241,2024-05,2024-06,False
241,2024-06,2024-07,False
241,2024-07,2024-08,False
241,2024-08,2024-09,False
241,2024-09,2024-10,False
241,2024-10,2024-11,False
241,2024-11,2024-12,False
242,2023-12,2024-01,False
242,2024-01,2024-02,False
242,2024-02,2024-03,False
242,2024-03,2024-04,False
242,2024-04,2024-05,False
242,2024-05,2024-06,False
242,2024-06,2024-07,False
242,2024-07,2024-08,False
242,2024-08,2024-09,False
242,2024-09,2024-10,False
242,2024-10,2024-11,False
242,2024-11,2024-12,False
243,2023-12,2024-01,False
243,2024-01,2024-02,False
243,2024-02,2024-03,False
243,2024-03,2024-04,False
243,2024-04,2024-05,False
243,2024-05,2024-06,False
243,2024-06,2024-07,False
243,2024-07,2024-08,False
243,2024-08,2024-09,False
243,2024-09,2024-10,False
243,2024-10,2024-11,False
243,2024-11,2024-12,False
269,2023-12,2024-01,False
269,2024-01,2024-02,False
269,2024-02,2024-03,False
269,2024-03,2024-04,False
269,2024-04,2024-05,False
269,2024-05,2024-06,False
269,2024-06,2024-07,False
269,2024-07,2024-08,False
269,2024-08,2024-09,False
269,2024-09,2024-10,False
269,2024-10,2024-11,False
269,2024-11,2024-12,False
270,2023-12,2024-01,False
270,2024-01,2024-02,False
270,2024-02,2024-03,False
270,2024-03,2024-04,False
270,2024-04,2024-05,False
270,2024-05,2024-06,False
270,2024-06,2024-07,False
270,2024-07,2024-08,False
270,2024-08,2024-09,False
270,2024-09,2024-10,False
270,2024-10,2024-11,False
270,2024-11,2024-12,False
271,2023-12,2024-01,False
271,2024-01,2024-02,False
271,2024-02,2024-03,False
271,2024-03,2024-04,False
271,2024-04,2024-05,False
271,2024-05,2024-06,False
271,2024-06,2024-07,False
271,2024-07,2024-08,False
271,2024-08,2024-09,False
271,2024-09,2024-10,False
271,2024-10,2024-11,False
271,2024-11,2024-12,False
272,2023-12,2024-01,False
272,2024-01,2024-02,False
272,2024-02,2024-03,False
272,2024-03,2024-04,False
272,2024-04,2024-05,False
272,2024-05,2024-06,False
272,2024-06,2024-07,False
272,2024-07,2024-08,False
272,2024-08,2024-09,False
272,2024-09,2024-10,False
272,2024-10,2024-11,False
272,2024-11,2024-12,False
273,2023-12,2024-01,False
273,2024-01,2024-02,False
273,2024-02,2024-03,False
273,2024-03,2024-04,False
273,2024-04,2024-05,False
273,2024-05,2024-06,False
273,2024-06,2024-07,False
273,2024-07,2024-08,False
273,2024-08,2024-09,False
273,2024-09,2024-10,False
273,2024-10,2024-11,False
273,2024-11,2024-12,False
274,2023-12,2024-01,False
274,2024-01,2024-02,False
274,2024-02,2024-03,False
274,2024-03,2024-04,False
274,2024-04,2024-05,False
274,2024-05,2024-06,False
274,2024-06,2024-07,False
274,2024-07,2024-08,False
274,2024-08,2024-09,False
274,2024-09,2024-10,False
274,2024-10,2024-11,False
274,2024-11,2024-12,False
275,2023-12,2024-01,False
275,2024-01,2024-02,False
275,2024-02,2024-03,False
275,2024-03,2024-04,False
275,2024-04,2024-05,False
275,2024-05,2024-06,False
275,2024-06,2024-07,False
275,2024-07,2024-08,False
275,2024-08,2024-09,False
275,2024-09,2024-10,False
275,2024-10,2024-11,False
275,2024-11,2024-12,False
276,2023-12,2024-01,False
276,2024-01,2024-02,False
276,2024-02,2024-03,False
276,2024-03,2024-04,False
276,2024-04,2024-05,False
276,2024-05,2024-06,False
276,2024-06,2024-07,False
276,2024-07,2024-08,False
276,2024-08,2024-09,False
276,2024-09,2024-10,False
276,2024-10,2024-11,False
276,2024-11,2024-12,False
277,2023-12,2024-01,False
277,2024-01,2024-02,False
277,2024-02,2024-03,False
277,2024-03,2024-04,False
277,2024-04,2024-05,False
277,2024-05,2024-06,False
277,2024-06,2024-07,False
277,2024-07,2024-08,False
277,2024-08,2024-09,False
277,2024-09,2024-10,False
277,2024-10,2024-11,False
277,2024-11,2024-12,False
278,2023-12,2024-01,False
278,2024-01,2024-02,False
278,2024-02,2024-03,False
278,2024-03,2024-04,False
278,2024-04,2024-05,False
278,2024-05,2024-06,False
278,2024-06,2024-07,False
278,2024-07,2024-08,False
278,2024-08,2024-09,False
278,2024-09,2024-10,False
278,2024-10,2024-11,False
278,2024-11,2024-12,False
279,2023-12,2024-01,False
279,2024-01,2024-02,False
279,2024-02,2024-03,False
279,2024-03,2024-04,False
279,2024-04,2024-05,False
279,2024-05,2024-06,False
279,2024-06,2024-07,False
279,2024-07,2024-08,False
279,2024-08,2024-09,False
279,2024-09,2024-10,False
279,2024-10,2024-11,False
279,2024-11,2024-12,False
280,2023-12,2024-01,False
280,2024-01,2024-02,False
280,2024-02,2024-03,False
280,2024-03,2024-04,False
280,2024-04,2024-05,False
280,2024-05,2024-06,False
280,2024-06,2024-07,False
280,2024-07,2024-08,False
280,2024-08,2024-09,False
280,2024-09,2024-10,False
280,2024-10,2024-11,False
280,2024-11,2024-12,False
281,2023-12,2024-01,False
281,2024-01,2024-02,False
281,2024-02,2024-03,False
281,2024-03,2024-04,False
281,2024-04,2024-05,False
281,2024-05,2024-06,False
281,2024-06,2024-07,False
281,2024-07,2024-08,False
281,2024-08,2024-09,False
281,2024-09,2024-10,False
281,2024-10,2024-11,False
281,2024-11,2024-12,False
282,2023-12,2024-01,False
282,2024-01,2024-02,False
282,2024-02,2024-03,False
282,2024-03,2024-04,False
282,2024-04,2024-05,False
282,2024-05,2024-06,False
282,2024-06,2024-07,False
282,2024-07,2024-08,False
282,2024-08,2024-09,False
282,2024-09,2024-10,False
282,2024-10,2024-11,False
282,2024-11,2024-12,False
283,2023-12,2024-01,False
283,2024-01,2024-02,False
283,2024-02,2024-03,False
283,2024-03,2024-04,False
283,2024-04,2024-05,False
283,2024-05,2024-06,False
283,2024-06,2024-07,False
283,2024-07,2024-08,False
283,2024-08,2024-09,False
283,2024-09,2024-10,False
283,2024-10,2024-11,False
283,2024-11,2024-12,False
284,2023-12,2024-01,False
284,2024-01,2024-02,False
284,2024-02,2024-03,False
284,2024-03,2024-04,False
284,2024-04,2024-05,False
284,2024-05,2024-06,False
284,2024-06,2024-07,False
284,2024-07,2024-08,False
284,2024-08,2024-09,False
284,2024-09,2024-10,False
284,2024-10,2024-11,False
284,2024-11,2024-12,False
285,2023-12,2024-01,False
285,2024-01,2024-02,False
285,2024-02,2024-03,False
285,2024-03,2024-04,False
285,2024-04,2024-05,False
285,2024-05,2024-06,False
285,2024-06,2024-07,False
285,2024-07,2024-08,False
285,2024-08,2024-09,False
285,2024-09,2024-10,False
285,2024-10,2024-11,False
285,2024-11,2024-12,False
287,2023-12,2024-01,False
287,2024-01,2024-02,False
287,2024-02,2024-03,False
287,2024-03,2024-04,False
287,2024-04,2024-05,False
287,2024-05,2024-06,False
287,2024-06,2024-07,False
287,2024-07,2024-08,False
287,2024-08,2024-09,False
287,2024-09,2024-10,False
287,2024-10,2024-11,False
287,2024-11,2024-12,False
288,2023-12,2024-01,False
288,2024-01,2024-02,False
288,2024-02,2024-03,False
288,2024-03,2024-04,False
288,2024-04,2024-05,False
288,2024-05,2024-06,False
288,2024-06,2024-07,False
288,2024-07,2024-08,False
288,2024-08,2024-09,False
288,2024-09,2024-10,False
288,2024-10,2024-11,False
288,2024-11,2024-12,False
289,2023-12,2024-01,False
289,2024-01,2024-02,False
289,2024-02,2024-03,False
289,2024-03,2024-04,False
289,2024-04,2024-05,False
289,2024-05,2024-06,False
289,2024-06,2024-07,False
289,2024-07,2024-08,False
289,2024-08,2024-09,False
289,2024-09,2024-10,False
289,2024-10,2024-11,False
289,2024-11,2024-12,False
290,2023-12,2024-01,False
290,2024-01,2024-02,False
290,2024-02,2024-03,False
290,2024-03,2024-04,False
290,2024-04,2024-05,False
290,2024-05,2024-06,False
290,2024-06,2024-07,False
290,2024-07,2024-08,False
290,2024-08,2024-09,False
290,2024-09,2024-10,False
290,2024-10,2024-11,False
290,2024-11,2024-12,False
292,2023-12,2024-01,False
292,2024-01,2024-02,False
292,2024-02,2024-03,False
292,2024-03,2024-04,False
292,2024-04,2024-05,False
292,2024-05,2024-06,False
292,2024-06,2024-07,False
292,2024-07,2024-08,False
292,2024-08,2024-09,False
292,2024-09,2024-10,False
292,2024-10,2024-11,False
292,2024-11,2024-12,False
293,2023-12,2024-01,False
293,2024-01,2024-02,False
293,2024-02,2024-03,False
293,2024-03,2024-04,False
293,2024-04,2024-05,False
293,2024-05,2024-06,False
293,2024-06,2024-07,False
293,2024-07,2024-08,False
293,2024-08,2024-09,False
293,2024-09,2024-10,False
293,2024-10,2024-11,False
293,2024-11,2024-12,False
294,2023-12,2024-01,False
294,2024-01,2024-02,False
294,2024-02,2024-03,False
294,2024-03,2024-04,False
294,2024-04,2024-05,False
294,2024-05,2024-06,False
294,2024-06,2024-07,False
294,2024-07,2024-08,False
294,2024-08,2024-09,False
294,2024-09,2024-10,False
294,2024-10,2024-11,False
294,2024-11,2024-12,False
295,2023-12,2024-01,False
295,2024-01,2024-02,False
295,2024-02,2024-03,False
295,2024-03,2024-04,False
295,2024-04,2024-05,False
295,2024-05,2024-06,False
295,2024-06,2024-07,False
295,2024-07,2024-08,False
295,2024-08,2024-09,False
295,2024-09,2024-10,False
295,2024-10,2024-11,False
295,2024-11,2024-12,False
296,2023-12,2024-01,False
296,2024-01,2024-02,False
296,2024-02,2024-03,False
296,2024-03,2024-04,False
296,2024-04,2024-05,False
296,2024-05,2024-06,False
296,2024-06,2024-07,False
296,2024-07,2024-08,False
296,2024-08,2024-09,False
296,2024-09,2024-10,False
296,2024-10,2024-11,False
296,2024-11,2024-12,False
297,2023-12,2024-01,False
297,2024-01,2024-02,False
297,2024-02,2024-03,False
297,2024-03,2024-04,False
297,2024-04,2024-05,False
297,2024-05,2024-06,False
297,2024-06,2024-07,False
297,2024-07,2024-08,False
297,2024-08,2024-09,False
297,2024-09,2024-10,False
297,2024-10,2024-11,False
297,2024-11,2024-12,False
298,2023-12,2024-01,False
298,2024-01,2024-02,False
298,2024-02,2024-03,False
298,2024-03,2024-04,False
298,2024-04,2024-05,False
298,2024-05,2024-06,False
298,2024-06,2024-07,False
298,2024-07,2024-08,False
298,2024-08,2024-09,False
298,2024-09,2024-10,False
298,2024-10,2024-11,False
298,2024-11,2024-12,False
300,2023-12,2024-01,False
300,2024-01,2024-02,False
300,2024-02,2024-03,False
300,2024-03,2024-04,False
300,2024-04,2024-05,False
300,2024-05,2024-06,False
300,2024-06,2024-07,False
300,2024-07,2024-08,False
300,2024-08,2024-09,False
300,2024-09,2024-10,False
300,2024-10,2024-11,False
300,2024-11,2024-12,False
301,2023-12,2024-01,False
301,2024-01,2024-02,False
301,2024-02,2024-03,False
301,2024-03,2024-04,False
301,2024-04,2024-05,False
301,2024-05,2024-06,False
301,2024-06,2024-07,False
301,2024-07,2024-08,False
301,2024-08,2024-09,False
301,2024-09,2024-10,False
301,2024-10,2024-11,False
301,2024-11,2024-12,False
302,2023-12,2024-01,False
302,2024-01,2024-02,False
302,2024-02,2024-03,False
302,2024-03,2024-04,False
302,2024-04,2024-05,False
302,2024-05,2024-06,False
302,2024-06,2024-07,False
302,2024-07,2024-08,False
302,2024-08,2024-09,False
302,2024-09,2024-10,False
302,2024-10,2024-11,False
302,2024-11,2024-12,False
303,2023-12,2024-01,False
303,2024-01,2024-02,False
303,2024-02,2024-03,False
303,2024-03,2024-04,False
303,2024-04,2024-05,False
303,2024-05,2024-06,False
303,2024-06,2024-07,False
303,2024-07,2024-08,False
303,2024-08,2024-09,False
303,2024-09,2024-10,False
303,2024-10,2024-11,False
303,2024-11,2024-12,False
304,2023-12,2024-01,False
304,2024-01,2024-02,False
304,2024-02,2024-03,False
304,2024-03,2024-04,False
304,2024-04,2024-05,False
304,2024-05,2024-06,False
304,2024-06,2024-07,False
304,2024-07,2024-08,False
304,2024-08,2024-09,False
304,2024-09,2024-10,False
304,2024-10,2024-11,False
304,2024-11,2024-12,False
305,2023-12,2024-01,False
305,2024-01,2024-02,False
305,2024-02,2024-03,False
305,2024-03,2024-04,False
305,2024-04,2024-05,False
305,2024-05,2024-06,False
305,2024-06,2024-07,False
305,2024-07,2024-08,False
305,2024-08,2024-09,False
305,2024-09,2024-10,False
305,2024-10,2024-11,False
305,2024-11,2024-12,False
306,2023-12,2024-01,False
306,2024-01,2024-02,False
306,2024-02,2024-03,False
306,2024-03,2024-04,False
306,2024-04,2024-05,False
306,2024-05,2024-06,False
306,2024-06,2024-07,False
306,2024-07,2024-08,False
306,2024-08,2024-09,False
306,2024-09,2024-10,False
306,2024-10,2024-11,False
306,2024-11,2024-12,False
307,2023-12,2024-01,False
307,2024-01,2024-02,False
307,2024-02,2024-03,False
307,2024-03,2024-04,False
307,2024-04,2024-05,False
307,2024-05,2024-06,False
307,2024-06,2024-07,False
307,2024-07,2024-08,False
307,2024-08,2024-09,False
307,2024-09,2024-10,False
307,2024-10,2024-11,False
307,2024-11,2024-12,False
308,2023-12,2024-01,False
308,2024-01,2024-02,False
308,2024-02,2024-03,False
308,2024-03,2024-04,False
308,2024-04,2024-05,False
308,2024-05,2024-06,False
308,2024-06,2024-07,False
308,2024-07,2024-08,False
308,2024-08,2024-09,False
308,2024-09,2024-10,False
308,2024-10,2024-11,False
308,2024-11,2024-12,False
309,2023-12,2024-01,False
309,2024-01,2024-02,False
309,2024-02,2024-03,False
309,2024-03,2024-04,False
309,2024-04,2024-05,False
309,2024-05,2024-06,False
309,2024-06,2024-07,False
309,2024-07,2024-08,False
309,2024-08,2024-09,False
309,2024-09,2024-10,False
309,2024-10,2024-11,False
309,2024-11,2024-12,False
311,2023-12,2024-01,False
311,2024-01,2024-02,False
311,2024-02,2024-03,False
311,2024-03,2024-04,False
311,2024-04,2024-05,False
311,2024-05,2024-06,False
311,2024-06,2024-07,False
312,2023-12,2024-01,False
312,2024-01,2024-02,False
312,2024-02,2024-03,False
312,2024-03,2024-04,False
312,2024-04,2024-05,False
312,2024-05,2024-06,False
312,2024-06,2024-07,False
312,2024-07,2024-08,False
312,2024-08,2024-09,False
312,2024-09,2024-10,False
312,2024-10,2024-11,False
312,2024-11,2024-12,False
314,2023-12,2024-01,False
314,2024-01,2024-02,False
314,2024-02,2024-03,False
314,2024-03,2024-04,False
314,2024-04,2024-05,False
314,2024-05,2024-06,False
314,2024-06,2024-07,False
314,2024-07,2024-08,False
314,2024-08,2024-09,False
314,2024-09,2024-10,False
314,2024-10,2024-11,False
314,2024-11,2024-12,False
315,2023-12,2024-01,False
315,2024-01,2024-02,False
315,2024-02,2024-03,False
315,2024-03,2024-04,False
315,2024-04,2024-05,False
315,2024-05,2024-06,False
316,2023-12,2024-01,False
316,2024-01,2024-02,False
316,2024-02,2024-03,False
316,2024-03,2024-04,False
316,2024-04,2024-05,False
316,2024-05,2024-06,False
316,2024-06,2024-07,False
316,2024-07,2024-08,False
316,2024-08,2024-09,False
316,2024-09,2024-10,False
316,2024-10,2024-11,False
316,2024-11,2024-12,False
317,2023-12,2024-01,False
317,2024-01,2024-02,False
317,2024-02,2024-03,False
317,2024-03,2024-04,False
317,2024-04,2024-05,False
317,2024-05,2024-06,False
317,2024-06,2024-07,False
317,2024-07,2024-08,False
317,2024-08,2024-09,False
317,2024-09,2024-10,False
317,2024-10,2024-11,False
317,2024-11,2024-12,False
318,2023-12,2024-01,False
318,2024-01,2024-02,False
318,2024-02,2024-03,False
318,2024-03,2024-04,False
318,2024-04,2024-05,False
318,2024-05,2024-06,False
318,2024-06,2024-07,False
318,2024-07,2024-08,False
318,2024-08,2024-09,False
318,2024-09,2024-10,False
318,2024-10,2024-11,False
318,2024-11,2024-12,False
319,2023-12,2024-01,False
319,2024-01,2024-02,False
319,2024-02,2024-03,False
319,2024-03,2024-04,False
319,2024-04,2024-05,False
319,2024-05,2024-06,False
319,2024-06,2024-07,False
319,2024-07,2024-08,False
319,2024-08,2024-09,False
319,2024-09,2024-10,False
319,2024-10,2024-11,False
319,2024-11,2024-12,False
320,2023-12,2024-01,False
320,2024-01,2024-02,False
320,2024-02,2024-03,False
320,2024-03,2024-04,False
320,2024-04,2024-05,False
320,2024-05,2024-06,False
320,2024-06,2024-07,False
320,2024-07,2024-08,False
320,2024-08,2024-09,False
320,2024-09,2024-10,False
320,2024-10,2024-11,False
320,2024-11,2024-12,False
321,2023-12,2024-01,False
321,2024-01,2024-02,False
321,2024-02,2024-03,False
321,2024-03,2024-04,False
321,2024-04,2024-05,False
321,2024-05,2024-06,False
321,2024-06,2024-07,False
321,2024-07,2024-08,False
321,2024-08,2024-09,False
321,2024-09,2024-10,False
321,2024-10,2024-11,False
321,2024-11,2024-12,False
322,2023-12,2024-01,False
322,2024-01,2024-02,False
322,2024-02,2024-03,False
322,2024-03,2024-04,False
322,2024-04,2024-05,False
322,2024-05,2024-06,False
322,2024-06,2024-07,False
323,2023-12,2024-01,False
323,2024-01,2024-02,False
323,2024-02,2024-03,False
323,2024-03,2024-04,False
323,2024-04,2024-05,False
323,2024-05,2024-06,False
323,2024-06,2024-07,False
323,2024-07,2024-08,False
323,2024-08,2024-09,False
323,2024-09,2024-10,False
323,2024-10,2024-11,False
323,2024-11,2024-12,False
324,2023-12,2024-01,False
324,2024-01,2024-02,False
324,2024-02,2024-03,False
324,2024-03,2024-04,False
324,2024-04,2024-05,False
324,2024-05,2024-06,False
324,2024-06,2024-07,False
324,2024-07,2024-08,False
324,2024-08,2024-09,False
324,2024-09,2024-10,False
324,2024-10,2024-11,False
324,2024-11,2024-12,False
325,2023-12,2024-01,False
325,2024-01,2024-02,False
325,2024-02,2024-03,False
325,2024-03,2024-04,False
325,2024-04,2024-05,False
325,2024-05,2024-06,False
325,2024-06,2024-07,False
325,2024-07,2024-08,False
325,2024-08,2024-09,False
325,2024-09,2024-10,False
325,2024-10,2024-11,False
325,2024-11,2024-12,False
326,2023-12,2024-01,False
326,2024-01,2024-02,False
326,2024-02,2024-03,False
326,2024-03,2024-04,False
326,2024-04,2024-05,False
326,2024-05,2024-06,False
326,2024-06,2024-07,False
326,2024-07,2024-08,False
326,2024-08,2024-09,False
326,2024-09,2024-10,False
326,2024-10,2024-11,False
326,2024-11,2024-12,False
327,2023-12,2024-01,False
327,2024-01,2024-02,False
327,2024-02,2024-03,False
327,2024-03,2024-04,False
327,2024-04,2024-05,False
327,2024-05,2024-06,False
327,2024-06,2024-07,False
327,2024-07,2024-08,False
327,2024-08,2024-09,False
327,2024-09,2024-10,False
327,2024-10,2024-11,False
327,2024-11,2024-12,False
328,2023-12,2024-01,False
328,2024-01,2024-02,False
328,2024-02,2024-03,False
328,2024-03,2024-04,False
328,2024-04,2024-05,False
328,2024-05,2024-06,False
328,2024-06,2024-07,False
329,2023-12,2024-01,False
329,2024-01,2024-02,False
329,2024-02,2024-03,False
329,2024-03,2024-04,False
329,2024-04,2024-05,False
329,2024-05,2024-06,False
329,2024-06,2024-07,False
329,2024-07,2024-08,False
329,2024-08,2024-09,False
329,2024-09,2024-10,False
329,2024-10,2024-11,False
329,2024-11,2024-12,False
330,2023-12,2024-01,False
330,2024-01,2024-02,False
330,2024-02,2024-03,False
330,2024-03,2024-04,False
330,2024-04,2024-05,False
330,2024-05,2024-06,False
330,2024-06,2024-07,False
330,2024-07,2024-08,False
330,2024-08,2024-09,False
330,2024-09,2024-10,False
330,2024-10,2024-11,False
330,2024-11,2024-12,False
331,2023-12,2024-01,False
331,2024-01,2024-02,False
331,2024-02,2024-03,False
331,2024-03,2024-04,False
331,2024-04,2024-05,False
331,2024-05,2024-06,False
331,2024-06,2024-07,False
331,2024-07,2024-08,False
331,2024-08,2024-09,False
331,2024-09,2024-10,False
331,2024-10,2024-11,False
331,2024-11,2024-12,False
332,2023-12,2024-01,False
332,2024-01,2024-02,False
332,2024-02,2024-03,False
332,2024-03,2024-04,False
332,2024-04,2024-05,False
332,2024-05,2024-06,False
332,2024-06,2024-07,False
332,2024-07,2024-08,False
332,2024-08,2024-09,False
332,2024-09,2024-10,False
332,2024-10,2024-11,False
332,2024-11,2024-12,False
333,2023-12,2024-01,False
333,2024-01,2024-02,False
333,2024-02,2024-03,False
333,2024-03,2024-04,False
333,2024-04,2024-05,False
333,2024-05,2024-06,False
333,2024-06,2024-07,False
333,2024-07,2024-08,False
333,2024-08,2024-09,False
333,2024-09,2024-10,False
333,2024-10,2024-11,False
333,2024-11,2024-12,False
334,2023-12,2024-01,False
334,2024-01,2024-02,False
334,2024-02,2024-03,False
334,2024-03,2024-04,False
334,2024-04,2024-05,False
334,2024-05,2024-06,False
334,2024-06,2024-07,False
334,2024-07,2024-08,False
334,2024-08,2024-09,False
334,2024-09,2024-10,False
334,2024-10,2024-11,False
334,2024-11,2024-12,False
335,2023-12,2024-01,False
335,2024-01,2024-02,False
335,2024-02,2024-03,False
335,2024-03,2024-04,False
335,2024-04,2024-05,False
335,2024-05,2024-06,False
335,2024-06,2024-07,False
335,2024-07,2024-08,False
335,2024-08,2024-09,False
335,2024-09,2024-10,False
335,2024-10,2024-11,False
335,2024-11,2024-12,False
336,2023-12,2024-01,False
336,2024-01,2024-02,False
336,2024-02,2024-03,False
336,2024-03,2024-04,False
336,2024-04,2024-05,False
336,2024-05,2024-06,False
336,2024-06,2024-07,False
336,2024-07,2024-08,False
336,2024-08,2024-09,False
336,2024-09,2024-10,False
336,2024-10,2024-11,False
336,2024-11,2024-12,False
337,2023-12,2024-01,False
337,2024-01,2024-02,False
337,2024-02,2024-03,False
337,2024-03,2024-04,False
337,2024-04,2024-05,False
337,2024-05,2024-06,False
337,2024-06,2024-07,False
337,2024-07,2024-08,False
337,2024-08,2024-09,False
337,2024-09,2024-10,False
337,2024-10,2024-11,False
337,2024-11,2024-12,False
338,2023-12,2024-01,False
338,2024-01,2024-02,False
338,2024-02,2024-03,False
338,2024-03,2024-04,False
338,2024-04,2024-05,False
338,2024-05,2024-06,False
338,2024-06,2024-07,False
338,2024-07,2024-08,False
338,2024-08,2024-09,False
338,2024-09,2024-10,False
338,2024-10,2024-11,False
338,2024-11,2024-12,False
339,2023-12,2024-01,False
339,2024-01,2024-02,False
339,2024-02,2024-03,False
339,2024-03,2024-04,False
339,2024-04,2024-05,False
339,2024-05,2024-06,False
339,2024-06,2024-07,False
339,2024-07,2024-08,False
339,2024-08,2024-09,False
339,2024-09,2024-10,False
339,2024-10,2024-11,False
339,2024-11,2024-12,False
340,2023-12,2024-01,False
340,2024-01,2024-02,False
340,2024-02,2024-03,False
340,2024-03,2024-04,False
340,2024-04,2024-05,False
340,2024-05,2024-06,False
340,2024-06,2024-07,False
340,2024-07,2024-08,False
340,2024-08,2024-09,False
340,2024-09,2024-10,False
340,2024-10,2024-11,False
340,2024-11,2024-12,False
341,2023-12,2024-01,False
341,2024-01,2024-02,False
341,2024-02,2024-03,False
341,2024-03,2024-04,False
341,2024-04,2024-05,False
341,2024-05,2024-06,False
341,2024-06,2024-07,False
341,2024-07,2024-08,False
341,2024-08,2024-09,False
341,2024-09,2024-10,False
341,2024-10,2024-11,False
341,2024-11,2024-12,False
342,2023-12,2024-01,False
342,2024-01,2024-02,False
342,2024-02,2024-03,False
342,2024-03,2024-04,False
342,2024-04,2024-05,False
342,2024-05,2024-06,False
342,2024-06,2024-07,False
342,2024-07,2024-08,False
342,2024-08,2024-09,False
342,2024-09,2024-10,False
342,2024-10,2024-11,False
342,2024-11,2024-12,False
343,2023-12,2024-01,False
343,2024-01,2024-02,False
343,2024-02,2024-03,False
343,2024-03,2024-04,False
343,2024-04,2024-05,False
343,2024-05,2024-06,False
343,2024-06,2024-07,False
343,2024-07,2024-08,False
343,2024-08,2024-09,False
343,2024-09,2024-10,False
343,2024-10,2024-11,False
343,2024-11,2024-12,False
345,2023-12,2024-01,False
345,2024-01,2024-02,False
345,2024-02,2024-03,False
345,2024-03,2024-04,False
345,2024-04,2024-05,False
345,2024-05,2024-06,False
345,2024-06,2024-07,False
345,2024-07,2024-08,False
345,2024-08,2024-09,False
345,2024-09,2024-10,False
345,2024-10,2024-11,False
345,2024-11,2024-12,False
346,2023-12,2024-01,False
346,2024-01,2024-02,False
346,2024-02,2024-03,False
346,2024-03,2024-04,False
346,2024-04,2024-05,False
346,2024-05,2024-06,False
346,2024-06,2024-07,False
346,2024-07,2024-08,False
346,2024-08,2024-09,False
346,2024-09,2024-10,False
346,2024-10,2024-11,False
346,2024-11,2024-12,False
347,2023-12,2024-01,False
347,2024-01,2024-02,False
347,2024-02,2024-03,False
347,2024-03,2024-04,False
347,2024-04,2024-05,False
347,2024-05,2024-06,False
347,2024-06,2024-07,False
347,2024-07,2024-08,False
347,2024-08,2024-09,False
347,2024-09,2024-10,False
347,2024-10,2024-11,False
347,2024-11,2024-12,False
348,2023-12,2024-01,False
348,2024-01,2024-02,False
348,2024-02,2024-03,False
348,2024-03,2024-04,False
348,2024-04,2024-05,False
348,2024-05,2024-06,False
348,2024-06,2024-07,False
348,2024-07,2024-08,False
348,2024-08,2024-09,False
348,2024-09,2024-10,False
348,2024-10,2024-11,False
348,2024-11,2024-12,False
349,2023-12,2024-01,False
349,2024-01,2024-02,False
349,2024-02,2024-03,False
349,2024-03,2024-04,False
349,2024-04,2024-05,False
349,2024-05,2024-06,False
349,2024-06,2024-07,False
349,2024-07,2024-08,False
349,2024-08,2024-09,False
349,2024-09,2024-10,False
349,2024-10,2024-11,False
349,2024-11,2024-12,False
351,2023-12,2024-01,False
351,2024-01,2024-02,False
351,2024-02,2024-03,False
351,2024-03,2024-04,False
351,2024-04,2024-05,False
351,2024-05,2024-06,False
351,2024-06,2024-07,False
351,2024-07,2024-08,False
351,2024-08,2024-09,False
351,2024-09,2024-10,False
351,2024-10,2024-11,False
351,2024-11,2024-12,False
352,2023-12,2024-01,False
352,2024-01,2024-02,False
352,2024-02,2024-03,False
352,2024-03,2024-04,False
352,2024-04,2024-05,False
352,2024-05,2024-06,False
352,2024-06,2024-07,False
352,2024-07,2024-08,False
352,2024-08,2024-09,False
352,2024-09,2024-10,False
352,2024-10,2024-11,False
352,2024-11,2024-12,False
354,2023-12,2024-01,False
354,2024-01,2024-02,False
354,2024-02,2024-03,False
354,2024-03,2024-04,False
354,2024-04,2024-05,False
354,2024-05,2024-06,False
354,2024-06,2024-07,False
354,2024-07,2024-08,False
354,2024-08,2024-09,False
354,2024-09,2024-10,False
354,2024-10,2024-11,False
354,2024-11,2024-12,False
355,2023-12,2024-01,False
355,2024-01,2024-02,False
355,2024-02,2024-03,False
355,2024-03,2024-04,False
355,2024-04,2024-05,False
355,2024-05,2024-06,False
355,2024-06,2024-07,False
355,2024-07,2024-08,False
355,2024-08,2024-09,False
355,2024-09,2024-10,False
355,2024-10,2024-11,False
355,2024-11,2024-12,False
356,2023-12,2024-01,False
356,2024-01,2024-02,False
356,2024-02,2024-03,False
356,2024-03,2024-04,False
356,2024-04,2024-05,False
356,2024-05,2024-06,False
356,2024-06,2024-07,False
356,2024-07,2024-08,False
356,2024-08,2024-09,False
356,2024-09,2024-10,False
356,2024-10,2024-11,False
356,2024-11,2024-12,False
357,2023-12,2024-01,False
357,2024-01,2024-02,False
357,2024-02,2024-03,False
357,2024-03,2024-04,False
357,2024-04,2024-05,False
357,2024-05,2024-06,False
357,2024-06,2024-07,False
357,2024-07,2024-08,False
357,2024-08,2024-09,False
357,2024-09,2024-10,False
357,2024-10,2024-11,False
357,2024-11,2024-12,False
358,2023-12,2024-01,False
358,2024-01,2024-02,False
358,2024-02,2024-03,False
358,2024-03,2024-04,False
358,2024-04,2024-05,False
358,2024-05,2024-06,False
358,2024-06,2024-07,False
358,2024-07,2024-08,False
358,2024-08,2024-09,False
358,2024-09,2024-10,False
358,2024-10,2024-11,False
358,2024-11,2024-12,False
359,2023-12,2024-01,False
359,2024-01,2024-02,False
359,2024-02,2024-03,False
359,2024-03,2024-04,False
359,2024-04,2024-05,False
359,2024-05,2024-06,False
359,2024-06,2024-07,False
359,2024-07,2024-08,False
359,2024-08,2024-09,False
359,2024-09,2024-10,False
359,2024-10,2024-11,False
359,2024-11,2024-12,False
360,2023-12,2024-01,False
360,2024-01,2024-02,False
360,2024-02,2024-03,False
360,2024-03,2024-04,False
360,2024-04,2024-05,False
360,2024-05,2024-06,False
360,2024-06,2024-07,False
360,2024-07,2024-08,False
360,2024-08,2024-09,False
360,2024-09,2024-10,False
360,2024-10,2024-11,False
360,2024-11,2024-12,False
361,2023-12,2024-01,False
361,2024-01,2024-02,False
361,2024-02,2024-03,False
361,2024-03,2024-04,False
361,2024-04,2024-05,False
361,2024-05,2024-06,False
361,2024-06,2024-07,False
361,2024-07,2024-08,False
361,2024-08,2024-09,False
361,2024-09,2024-10,False
361,2024-10,2024-11,False
361,2024-11,2024-12,False
362,2023-12,2024-01,False
362,2024-01,2024-02,False
362,2024-02,2024-03,False
362,2024-03,2024-04,False
362,2024-04,2024-05,False
362,2024-05,2024-06,False
362,2024-06,2024-07,False
362,2024-07,2024-08,False
362,2024-08,2024-09,False
362,2024-09,2024-10,False
362,2024-10,2024-11,False
362,2024-11,2024-12,False
363,2023-12,2024-01,False
363,2024-01,2024-02,False
363,2024-02,2024-03,False
363,2024-03,2024-04,False
363,2024-04,2024-05,False
363,2024-05,2024-06,False
363,2024-06,2024-07,False
363,2024-07,2024-08,False
363,2024-08,2024-09,False
363,2024-09,2024-10,False
363,2024-10,2024-11,False
363,2024-11,2024-12,False
364,2023-12,2024-01,False
364,2024-01,2024-02,False
364,2024-02,2024-03,False
364,2024-03,2024-04,False
364,2024-04,2024-05,False
364,2024-05,2024-06,False
364,2024-06,2024-07,False
364,2024-07,2024-08,False
364,2024-08,2024-09,False
364,2024-09,2024-10,False
364,2024-10,2024-11,False
364,2024-11,2024-12,False
365,2023-12,2024-01,False
365,2024-01,2024-02,False
365,2024-02,2024-03,False
365,2024-03,2024-04,False
365,2024-04,2024-05,False
365,2024-05,2024-06,False
365,2024-06,2024-07,False
365,2024-07,2024-08,False
365,2024-08,2024-09,False
365,2024-09,2024-10,False
365,2024-10,2024-11,False
365,2024-11,2024-12,False
366,2023-12,2024-01,False
366,2024-01,2024-02,False
366,2024-02,2024-03,False
366,2024-03,2024-04,False
366,2024-04,2024-05,False
366,2024-05,2024-06,False
366,2024-06,2024-07,False
366,2024-07,2024-08,False
366,2024-08,2024-09,False
366,2024-09,2024-10,False
366,2024-10,2024-11,False
366,2024-11,2024-12,False
367,2023-12,2024-01,False
367,2024-01,2024-02,False
367,2024-02,2024-03,False
367,2024-03,2024-04,False
367,2024-04,2024-05,False
367,2024-05,2024-06,False
367,2024-06,2024-07,False
367,2024-07,2024-08,False
367,2024-08,2024-09,False
367,2024-09,2024-10,False
367,2024-10,2024-11,False
367,2024-11,2024-12,False
368,2023-12,2024-01,False
368,2024-01,2024-02,False
368,2024-02,2024-03,False
368,2024-03,2024-04,False
368,2024-04,2024-05,False
368,2024-05,2024-06,False
368,2024-06,2024-07,False
368,2024-07,2024-08,False
368,2024-08,2024-09,False
368,2024-09,2024-10,False
368,2024-10,2024-11,False
368,2024-11,2024-12,False
369,2023-12,2024-01,False
369,2024-01,2024-02,False
369,2024-02,2024-03,False
369,2024-03,2024-04,False
369,2024-04,2024-05,False
369,2024-05,2024-06,False
369,2024-06,2024-07,False
369,2024-07,2024-08,False
369,2024-08,2024-09,False
369,2024-09,2024-10,False
369,2024-10,2024-11,False
369,2024-11,2024-12,False
370,2023-12,2024-01,False
370,2024-01,2024-02,False
370,2024-02,2024-03,False
370,2024-03,2024-04,False
370,2024-04,2024-05,False
370,2024-05,2024-06,False
370,2024-06,2024-07,False
370,2024-07,2024-08,False
370,2024-08,2024-09,False
370,2024-09,2024-10,False
370,2024-10,2024-11,False
370,2024-11,2024-12,False
371,2023-12,2024-01,False
371,2024-01,2024-02,False
371,2024-02,2024-03,False
371,2024-03,2024-04,False
371,2024-04,2024-05,False
371,2024-05,2024-06,False
371,2024-06,2024-07,False
371,2024-07,2024-08,False
371,2024-08,2024-09,False
371,2024-09,2024-10,False
371,2024-10,2024-11,False
371,2024-11,2024-12,False
372,2023-12,2024-01,False
372,2024-01,2024-02,False
372,2024-02,2024-03,False
372,2024-03,2024-04,False
372,2024-04,2024-05,False
372,2024-05,2024-06,False
372,2024-06,2024-07,False
372,2024-07,2024-08,False
372,2024-08,2024-09,False
372,2024-09,2024-10,False
372,2024-10,2024-11,False
372,2024-11,2024-12,False
373,2023-12,2024-01,False
373,2024-01,2024-02,False
373,2024-02,2024-03,False
373,2024-03,2024-04,False
373,2024-04,2024-05,False
373,2024-05,2024-06,False
373,2024-06,2024-07,False
373,2024-07,2024-08,False
373,2024-08,2024-09,False
373,2024-09,2024-10,False
373,2024-10,2024-11,False
373,2024-11,2024-12,False
374,2023-12,2024-01,False
374,2024-01,2024-02,False
374,2024-02,2024-03,False
374,2024-03,2024-04,False
374,2024-04,2024-05,False
374,2024-05,2024-06,False
374,2024-06,2024-07,False
374,2024-07,2024-08,False
374,2024-08,2024-09,False
374,2024-09,2024-10,False
374,2024-10,2024-11,False
374,2024-11,2024-12,False
375,2023-12,2024-01,False
375,2024-01,2024-02,False
375,2024-02,2024-03,False
375,2024-03,2024-04,False
375,2024-04,2024-05,False
375,2024-05,2024-06,False
375,2024-06,2024-07,False
375,2024-07,2024-08,False
375,2024-08,2024-09,False
375,2024-09,2024-10,False
375,2024-10,2024-11,False
375,2024-11,2024-12,False
376,2023-12,2024-01,False
376,2024-01,2024-02,False
376,2024-02,2024-03,False
376,2024-03,2024-04,False
376,2024-04,2024-05,False
376,2024-05,2024-06,False
376,2024-06,2024-07,False
376,2024-07,2024-08,False
376,2024-08,2024-09,False
376,2024-09,2024-10,False
376,2024-10,2024-11,False
376,2024-11,2024-12,False
377,2023-12,2024-01,False
377,2024-01,2024-02,False
377,2024-02,2024-03,False
377,2024-03,2024-04,False
377,2024-04,2024-05,False
377,2024-05,2024-06,False
377,2024-06,2024-07,False
377,2024-07,2024-08,False
377,2024-08,2024-09,False
377,2024-09,2024-10,False
377,2024-10,2024-11,False
377,2024-11,2024-12,False
378,2023-12,2024-01,False
378,2024-01,2024-02,False
378,2024-02,2024-03,False
378,2024-03,2024-04,False
378,2024-04,2024-05,False
378,2024-05,2024-06,False
378,2024-06,2024-07,False
378,2024-07,2024-08,False
378,2024-08,2024-09,False
378,2024-09,2024-10,False
378,2024-10,2024-11,False
378,2024-11,2024-12,False
379,2023-12,2024-01,False
379,2024-01,2024-02,False
379,2024-02,2024-03,False
379,2024-03,2024-04,False
379,2024-04,2024-05,False
379,2024-05,2024-06,False
379,2024-06,2024-07,False
379,2024-07,2024-08,False
379,2024-08,2024-09,False
379,2024-09,2024-10,False
379,2024-10,2024-11,False
379,2024-11,2024-12,False
380,2023-12,2024-01,False
380,2024-01,2024-02,False
380,2024-02,2024-03,False
380,2024-03,2024-04,False
380,2024-04,2024-05,False
380,2024-05,2024-06,False
380,2024-06,2024-07,False
380,2024-07,2024-08,False
380,2024-08,2024-09,False
380,2024-09,2024-10,False
380,2024-10,2024-11,False
380,2024-11,2024-12,False
381,2023-12,2024-01,False
381,2024-01,2024-02,False
381,2024-02,2024-03,False
381,2024-03,2024-04,False
381,2024-04,2024-05,False
381,2024-05,2024-06,False
381,2024-06,2024-07,False
381,2024-07,2024-08,False
381,2024-08,2024-09,False
381,2024-09,2024-10,False
381,2024-10,2024-11,False
381,2024-11,2024-12,False
382,2023-12,2024-01,False
382,2024-01,2024-02,False
382,2024-02,2024-03,False
382,2024-03,2024-04,False
382,2024-04,2024-05,False
382,2024-05,2024-06,False
382,2024-06,2024-07,False
382,2024-07,2024-08,False
382,2024-08,2024-09,False
382,2024-09,2024-10,False
382,2024-10,2024-11,False
382,2024-11,2024-12,False
383,2023-12,2024-01,False
383,2024-01,2024-02,False
383,2024-02,2024-03,False
383,2024-03,2024-04,False
383,2024-04,2024-05,False
383,2024-05,2024-06,False
383,2024-06,2024-07,False
383,2024-07,2024-08,False
383,2024-08,2024-09,False
383,2024-09,2024-10,False
383,2024-10,2024-11,False
383,2024-11,2024-12,False
384,2023-12,2024-01,False
384,2024-01,2024-02,False
384,2024-02,2024-03,False
384,2024-03,2024-04,False
384,2024-04,2024-05,False
384,2024-05,2024-06,False
384,2024-06,2024-07,False
384,2024-07,2024-08,False
384,2024-08,2024-09,False
384,2024-09,2024-10,False
384,2024-10,2024-11,False
384,2024-11,2024-12,False
385,2023-12,2024-01,False
385,2024-01,2024-02,False
385,2024-02,2024-03,False
385,2024-03,2024-04,False
385,2024-04,2024-05,False
385,2024-05,2024-06,False
385,2024-06,2024-07,False
385,2024-07,2024-08,False
385,2024-08,2024-09,False
385,2024-09,2024-10,False
385,2024-10,2024-11,False
385,2024-11,2024-12,False
386,2023-12,2024-01,False
386,2024-01,2024-02,False
386,2024-02,2024-03,False
386,2024-03,2024-04,False
386,2024-04,2024-05,False
386,2024-05,2024-06,False
386,2024-06,2024-07,False
386,2024-07,2024-08,False
386,2024-08,2024-09,False
386,2024-09,2024-10,False
386,2024-10,2024-11,False
386,2024-11,2024-12,False
387,2023-12,2024-01,False
387,2024-01,2024-02,False
387,2024-02,2024-03,False
387,2024-03,2024-04,False
387,2024-04,2024-05,False
387,2024-05,2024-06,False
387,2024-06,2024-07,False
387,2024-07,2024-08,False
387,2024-08,2024-09,False
387,2024-09,2024-10,False
387,2024-10,2024-11,False
387,2024-11,2024-12,False
388,2023-12,2024-01,False
388,2024-01,2024-02,False
388,2024-02,2024-03,False
388,2024-03,2024-04,False
388,2024-04,2024-05,False
388,2024-05,2024-06,False
388,2024-06,2024-07,False
388,2024-07,2024-08,False
388,2024-08,2024-09,False
388,2024-09,2024-10,False
388,2024-10,2024-11,False
388,2024-11,2024-12,False
390,2023-12,2024-01,False
390,2024-01,2024-02,False
390,2024-02,2024-03,False
390,2024-03,2024-04,False
390,2024-04,2024-05,False
390,2024-05,2024-06,False
390,2024-06,2024-07,False
390,2024-07,2024-08,False
390,2024-08,2024-09,False
390,2024-09,2024-10,False
390,2024-10,2024-11,False
390,2024-11,2024-12,False
391,2023-12,2024-01,False
391,2024-01,2024-02,False
391,2024-02,2024-03,False
391,2024-03,2024-04,False
391,2024-04,2024-05,False
391,2024-05,2024-06,False
391,2024-06,2024-07,False
391,2024-07,2024-08,False
391,2024-08,2024-09,False
391,2024-09,2024-10,False
391,2024-10,2024-11,False
391,2024-11,2024-12,False
392,2023-12,2024-01,False
392,2024-01,2024-02,False
392,2024-02,2024-03,False
392,2024-03,2024-04,False
392,2024-04,2024-05,False
392,2024-05,2024-06,False
392,2024-06,2024-07,False
392,2024-07,2024-08,False
392,2024-08,2024-09,False
392,2024-09,2024-10,False
392,2024-10,2024-11,False
392,2024-11,2024-12,False
393,2023-12,2024-01,False
393,2024-01,2024-02,False
393,2024-02,2024-03,False
393,2024-03,2024-04,False
393,2024-04,2024-05,False
393,2024-05,2024-06,False
393,2024-06,2024-07,False
393,2024-07,2024-08,False
393,2024-08,2024-09,False
393,2024-09,2024-10,False
393,2024-10,2024-11,False
393,2024-11,2024-12,False
395,2023-12,2024-01,False
395,2024-01,2024-02,False
395,2024-02,2024-03,False
395,2024-03,2024-04,False
395,2024-04,2024-05,False
395,2024-05,2024-06,False
395,2024-06,2024-07,False
395,2024-07,2024-08,False
395,2024-08,2024-09,False
395,2024-09,2024-10,False
395,2024-10,2024-11,False
395,2024-11,2024-12,False
396,2023-12,2024-01,False
396,2024-01,2024-02,False
396,2024-02,2024-03,False
396,2024-03,2024-04,False
396,2024-04,2024-05,False
396,2024-05,2024-06,False
396,2024-06,2024-07,False
396,2024-07,2024-08,False
396,2024-08,2024-09,False
396,2024-09,2024-10,False
396,2024-10,2024-11,False
396,2024-11,2024-12,False
397,2023-12,2024-01,False
397,2024-01,2024-02,False
397,2024-02,2024-03,False
397,2024-03,2024-04,False
397,2024-04,2024-05,False
397,2024-05,2024-06,False
397,2024-06,2024-07,False
397,2024-07,2024-08,False
397,2024-08,2024-09,False
397,2024-09,2024-10,False
397,2024-10,2024-11,False
397,2024-11,2024-12,False
398,2023-12,2024-01,False
398,2024-01,2024-02,False
398,2024-02,2024-03,False
398,2024-03,2024-04,False
398,2024-04,2024-05,False
398,2024-05,2024-06,False
398,2024-06,2024-07,False
398,2024-07,2024-08,False
398,2024-08,2024-09,False
398,2024-09,2024-10,False
398,2024-10,2024-11,False
398,2024-11,2024-12,False
401,2023-12,2024-01,False
401,2024-01,2024-02,False
401,2024-02,2024-03,False
401,2024-03,2024-04,False
401,2024-04,2024-05,False
401,2024-05,2024-06,False
401,2024-06,2024-07,False
401,2024-07,2024-08,False
401,2024-08,2024-09,False
401,2024-09,2024-10,False
401,2024-10,2024-11,False
401,2024-11,2024-12,False
402,2023-12,2024-01,False
402,2024-01,2024-02,False
402,2024-02,2024-03,False
402,2024-03,2024-04,False
402,2024-04,2024-05,False
402,2024-05,2024-06,False
402,2024-06,2024-07,False
402,2024-07,2024-08,False
402,2024-08,2024-09,False
402,2024-09,2024-10,False
402,2024-10,2024-11,False
402,2024-11,2024-12,False
403,2023-12,2024-01,False
403,2024-01,2024-02,False
403,2024-02,2024-03,False
403,2024-03,2024-04,False
403,2024-04,2024-05,False
403,2024-05,2024-06,False
403,2024-06,2024-07,False
403,2024-07,2024-08,False
403,2024-08,2024-09,False
403,2024-09,2024-10,False
403,2024-10,2024-11,False
403,2024-11,2024-12,False
404,2023-12,2024-01,False
404,2024-01,2024-02,False
404,2024-02,2024-03,False
404,2024-03,2024-04,False
404,2024-04,2024-05,False
404,2024-05,2024-06,False
404,2024-06,2024-07,False
404,2024-07,2024-08,False
404,2024-08,2024-09,False
404,2024-09,2024-10,False
404,2024-10,2024-11,False
404,2024-11,2024-12,False
405,2023-12,2024-01,False
405,2024-01,2024-02,False
405,2024-02,2024-03,False
405,2024-03,2024-04,False
405,2024-04,2024-05,False
405,2024-05,2024-06,False
405,2024-06,2024-07,False
405,2024-07,2024-08,False
405,2024-08,2024-09,False
405,2024-09,2024-10,False
405,2024-10,2024-11,False
405,2024-11,2024-12,False
408,2023-12,2024-01,False
408,2024-01,2024-02,False
408,2024-02,2024-03,False
408,2024-03,2024-04,False
408,2024-04,2024-05,False
408,2024-05,2024-06,False
408,2024-06,2024-07,False
408,2024-07,2024-08,False
408,2024-08,2024-09,False
408,2024-09,2024-10,False
408,2024-10,2024-11,False
408,2024-11,2024-12,False
410,2023-12,2024-01,False
410,2024-01,2024-02,False
410,2024-02,2024-03,False
410,2024-03,2024-04,False
410,2024-04,2024-05,False
410,2024-05,2024-06,False
410,2024-06,2024-07,False
410,2024-07,2024-08,False
410,2024-08,2024-09,False
410,2024-09,2024-10,False
410,2024-10,2024-11,False
410,2024-11,2024-12,False
413,2023-12,2024-01,False
413,2024-01,2024-02,False
413,2024-02,2024-03,False
413,2024-03,2024-04,False
413,2024-04,2024-05,False
413,2024-05,2024-06,False
413,2024-06,2024-07,False
413,2024-07,2024-08,False
413,2024-08,2024-09,False
413,2024-09,2024-10,False
413,2024-10,2024-11,False
413,2024-11,2024-12,False
414,2023-12,2024-01,False
414,2024-01,2024-02,False
414,2024-02,2024-03,False
414,2024-03,2024-04,False
414,2024-04,2024-05,False
414,2024-05,2024-06,False
414,2024-06,2024-07,False
414,2024-07,2024-08,False
414,2024-08,2024-09,False
414,2024-09,2024-10,False
414,2024-10,2024-11,False
414,2024-11,2024-12,False
416,2023-12,2024-01,False
416,2024-01,2024-02,False
416,2024-02,2024-03,False
416,2024-03,2024-04,False
416,2024-04,2024-05,False
416,2024-05,2024-06,False
416,2024-06,2024-07,False
416,2024-07,2024-08,False
416,2024-08,2024-09,False
416,2024-09,2024-10,False
416,2024-10,2024-11,False
416,2024-11,2024-12,False
418,2023-12,2024-01,False
418,2024-01,2024-02,False
418,2024-02,2024-03,False
418,2024-03,2024-04,False
418,2024-04,2024-05,False
418,2024-05,2024-06,False
418,2024-06,2024-07,False
418,2024-07,2024-08,False
418,2024-08,2024-09,False
418,2024-09,2024-10,False
418,2024-10,2024-11,False
418,2024-11,2024-12,False
419,2023-12,2024-01,False
419,2024-01,2024-02,False
419,2024-02,2024-03,False
419,2024-03,2024-04,False
419,2024-04,2024-05,False
419,2024-05,2024-06,False
419,2024-06,2024-07,False
419,2024-07,2024-08,False
419,2024-08,2024-09,False
419,2024-09,2024-10,False
419,2024-10,2024-11,False
419,2024-11,2024-12,False
420,2023-12,2024-01,False
420,2024-01,2024-02,False
420,2024-02,2024-03,False
420,2024-03,2024-04,False
420,2024-04,2024-05,False
420,2024-05,2024-06,False
420,2024-06,2024-07,False
420,2024-07,2024-08,False
420,2024-08,2024-09,False
420,2024-09,2024-10,False
420,2024-10,2024-11,False
420,2024-11,2024-12,False
421,2023-12,2024-01,False
421,2024-01,2024-02,False
421,2024-02,2024-03,False
421,2024-03,2024-04,False
421,2024-04,2024-05,False
421,2024-05,2024-06,False
421,2024-06,2024-07,False
421,2024-07,2024-08,False
421,2024-08,2024-09,False
421,2024-09,2024-10,False
421,2024-10,2024-11,False
421,2024-11,2024-12,False
422,2023-12,2024-01,False
422,2024-01,2024-02,False
422,2024-02,2024-03,False
422,2024-03,2024-04,False
422,2024-04,2024-05,False
422,2024-05,2024-06,False
422,2024-06,2024-07,False
422,2024-07,2024-08,False
422,2024-08,2024-09,False
422,2024-09,2024-10,False
422,2024-10,2024-11,False
422,2024-11,2024-12,False
423,2023-12,2024-01,False
423,2024-01,2024-02,False
423,2024-02,2024-03,False
423,2024-03,2024-04,False
423,2024-04,2024-05,False
423,2024-05,2024-06,False
423,2024-06,2024-07,False
423,2024-07,2024-08,False
423,2024-08,2024-09,False
423,2024-09,2024-10,False
423,2024-10,2024-11,False
423,2024-11,2024-12,False
424,2023-12,2024-01,False
424,2024-01,2024-02,False
424,2024-02,2024-03,False
424,2024-03,2024-04,False
424,2024-04,2024-05,False
424,2024-05,2024-06,False
424,2024-06,2024-07,False
424,2024-07,2024-08,False
424,2024-08,2024-09,False
424,2024-09,2024-10,False
424,2024-10,2024-11,False
424,2024-11,2024-12,False
425,2023-12,2024-01,False
425,2024-01,2024-02,False
425,2024-02,2024-03,False
425,2024-03,2024-04,False
425,2024-04,2024-05,False
425,2024-05,2024-06,False
425,2024-06,2024-07,False
425,2024-07,2024-08,False
425,2024-08,2024-09,False
425,2024-09,2024-10,False
425,2024-10,2024-11,False
425,2024-11,2024-12,False
428,2023-12,2024-01,False
428,2024-01,2024-02,False
428,2024-02,2024-03,False
428,2024-03,2024-04,False
428,2024-04,2024-05,False
428,2024-05,2024-06,False
428,2024-06,2024-07,False
428,2024-07,2024-08,False
428,2024-08,2024-09,False
428,2024-09,2024-10,False
428,2024-10,2024-11,False
428,2024-11,2024-12,False
429,2023-12,2024-01,False
429,2024-01,2024-02,False
429,2024-02,2024-03,False
429,2024-03,2024-04,False
429,2024-04,2024-05,False
429,2024-05,2024-06,False
429,2024-06,2024-07,False
429,2024-07,2024-08,False
429,2024-08,2024-09,False
429,2024-09,2024-10,False
429,2024-10,2024-11,False
429,2024-11,2024-12,False
430,2023-12,2024-01,False
430,2024-01,2024-02,False
430,2024-02,2024-03,False
430,2024-03,2024-04,False
430,2024-04,2024-05,False
430,2024-05,2024-06,False
430,2024-06,2024-07,False
430,2024-07,2024-08,False
430,2024-08,2024-09,False
430,2024-09,2024-10,False
430,2024-10,2024-11,False
430,2024-11,2024-12,False
431,2023-12,2024-01,False
431,2024-01,2024-02,False
431,2024-02,2024-03,False
431,2024-03,2024-04,False
431,2024-04,2024-05,False
431,2024-05,2024-06,False
431,2024-06,2024-07,False
431,2024-07,2024-08,False
431,2024-08,2024-09,False
431,2024-09,2024-10,False
431,2024-10,2024-11,False
431,2024-11,2024-12,False
432,2023-12,2024-01,False
432,2024-01,2024-02,False
432,2024-02,2024-03,False
432,2024-03,2024-04,False
432,2024-04,2024-05,False
432,2024-05,2024-06,False
432,2024-06,2024-07,False
432,2024-07,2024-08,False
432,2024-08,2024-09,False
432,2024-09,2024-10,False
432,2024-10,2024-11,False
432,2024-11,2024-12,False
433,2023-12,2024-01,False
433,2024-01,2024-02,False
433,2024-02,2024-03,False
433,2024-03,2024-04,False
433,2024-04,2024-05,False
433,2024-05,2024-06,False
433,2024-06,2024-07,False
433,2024-07,2024-08,False
433,2024-08,2024-09,False
433,2024-09,2024-10,False
433,2024-10,2024-11,False
433,2024-11,2024-12,False
434,2023-12,2024-01,False
434,2024-01,2024-02,False
434,2024-02,2024-03,False
434,2024-03,2024-04,False
434,2024-04,2024-05,False
434,2024-05,2024-06,False
434,2024-06,2024-07,False
434,2024-07,2024-08,False
434,2024-08,2024-09,False
434,2024-09,2024-10,False
434,2024-10,2024-11,False
434,2024-11,2024-12,False
435,2023-12,2024-01,False
435,2024-01,2024-02,False
435,2024-02,2024-03,False
435,2024-03,2024-04,False
435,2024-04,2024-05,False
435,2024-05,2024-06,False
435,2024-06,2024-07,False
435,2024-07,2024-08,False
435,2024-08,2024-09,False
435,2024-09,2024-10,False
435,2024-10,2024-11,False
435,2024-11,2024-12,False
436,2023-12,2024-01,False
436,2024-01,2024-02,False
436,2024-02,2024-03,False
436,2024-03,2024-04,False
436,2024-04,2024-05,False
436,2024-05,2024-06,False
436,2024-06,2024-07,False
436,2024-07,2024-08,False
436,2024-08,2024-09,False
436,2024-09,2024-10,False
436,2024-10,2024-11,False
436,2024-11,2024-12,False
437,2023-12,2024-01,False
437,2024-01,2024-02,False
437,2024-02,2024-03,False
437,2024-03,2024-04,False
437,2024-04,2024-05,False
437,2024-05,2024-06,False
437,2024-06,2024-07,False
437,2024-07,2024-08,False
437,2024-08,2024-09,False
437,2024-09,2024-10,False
437,2024-10,2024-11,False
437,2024-11,2024-12,False
438,2023-12,2024-01,False
438,2024-01,2024-02,False
438,2024-02,2024-03,False
438,2024-03,2024-04,False
438,2024-04,2024-05,False
438,2024-05,2024-06,False
438,2024-06,2024-07,False
438,2024-07,2024-08,False
438,2024-08,2024-09,False
438,2024-09,2024-10,False
438,2024-10,2024-11,False
438,2024-11,2024-12,False
440,2023-12,2024-01,False
440,2024-01,2024-02,False
440,2024-02,2024-03,False
440,2024-03,2024-04,False
440,2024-04,2024-05,False
440,2024-05,2024-06,False
440,2024-06,2024-07,False
440,2024-07,2024-08,False
440,2024-08,2024-09,False
440,2024-09,2024-10,False
440,2024-10,2024-11,False
440,2024-11,2024-12,False
441,2023-12,2024-01,False
441,2024-01,2024-02,False
441,2024-02,2024-03,False
441,2024-03,2024-04,False
441,2024-04,2024-05,False
441,2024-05,2024-06,False
441,2024-06,2024-07,False
441,2024-07,2024-08,False
441,2024-08,2024-09,False
441,2024-09,2024-10,False
441,2024-10,2024-11,False
441,2024-11,2024-12,False
442,2023-12,2024-01,False
442,2024-01,2024-02,False
442,2024-02,2024-03,False
442,2024-03,2024-04,False
442,2024-04,2024-05,False
442,2024-05,2024-06,False
442,2024-06,2024-07,False
442,2024-07,2024-08,False
442,2024-08,2024-09,False
442,2024-09,2024-10,False
442,2024-10,2024-11,False
442,2024-11,2024-12,False
443,2023-12,2024-01,False
443,2024-01,2024-02,False
443,2024-02,2024-03,False
443,2024-03,2024-04,False
443,2024-04,2024-05,False
443,2024-05,2024-06,False
443,2024-06,2024-07,False
443,2024-07,2024-08,False
443,2024-08,2024-09,False
443,2024-09,2024-10,False
443,2024-10,2024-11,False
443,2024-11,2024-12,False
444,2023-12,2024-01,False
444,2024-01,2024-02,False
444,2024-02,2024-03,False
444,2024-03,2024-04,False
444,2024-04,2024-05,False
444,2024-05,2024-06,False
444,2024-06,2024-07,False
444,2024-07,2024-08,False
444,2024-08,2024-09,False
444,2024-09,2024-10,False
444,2024-10,2024-11,False
444,2024-11,2024-12,False
445,2023-12,2024-01,False
445,2024-01,2024-02,False
445,2024-02,2024-03,False
445,2024-03,2024-04,False
445,2024-04,2024-05,False
445,2024-05,2024-06,False
445,2024-06,2024-07,False
445,2024-07,2024-08,False
445,2024-08,2024-09,False
445,2024-09,2024-10,False
445,2024-10,2024-11,False
445,2024-11,2024-12,False
446,2023-12,2024-01,False
446,2024-01,2024-02,False
446,2024-02,2024-03,False
446,2024-03,2024-04,False
446,2024-04,2024-05,False
446,2024-05,2024-06,False
446,2024-06,2024-07,False
446,2024-07,2024-08,False
446,2024-08,2024-09,False
446,2024-09,2024-10,False
446,2024-10,2024-11,False
446,2024-11,2024-12,False
447,2023-12,2024-01,False
447,2024-01,2024-02,False
447,2024-02,2024-03,False
447,2024-03,2024-04,False
447,2024-04,2024-05,False
447,2024-05,2024-06,False
447,2024-06,2024-07,False
447,2024-07,2024-08,False
447,2024-08,2024-09,False
447,2024-09,2024-10,False
447,2024-10,2024-11,False
447,2024-11,2024-12,False
448,2023-12,2024-01,False
448,2024-01,2024-02,False
448,2024-02,2024-03,False
448,2024-03,2024-04,False
448,2024-04,2024-05,False
448,2024-05,2024-06,False
448,2024-06,2024-07,False
448,2024-07,2024-08,False
448,2024-08,2024-09,False
448,2024-09,2024-10,False
448,2024-10,2024-11,False
448,2024-11,2024-12,False
449,2023-12,2024-01,False
449,2024-01,2024-02,False
449,2024-02,2024-03,False
449,2024-03,2024-04,False
449,2024-04,2024-05,False
449,2024-05,2024-06,False
449,2024-06,2024-07,False
449,2024-07,2024-08,False
449,2024-08,2024-09,False
449,2024-09,2024-10,False
449,2024-10,2024-11,False
449,2024-11,2024-12,False
450,2023-12,2024-01,False
450,2024-01,2024-02,False
450,2024-02,2024-03,False
450,2024-03,2024-04,False
450,2024-04,2024-05,False
450,2024-05,2024-06,False
450,2024-06,2024-07,False
450,2024-07,2024-08,False
450,2024-08,2024-09,False
450,2024-09,2024-10,False
450,2024-10,2024-11,False
450,2024-11,2024-12,False
451,2023-12,2024-01,False
451,2024-01,2024-02,False
451,2024-02,2024-03,False
451,2024-03,2024-04,False
451,2024-04,2024-05,False
451,2024-05,2024-06,False
451,2024-06,2024-07,False
451,2024-07,2024-08,False
451,2024-08,2024-09,False
451,2024-09,2024-10,False
451,2024-10,2024-11,False
451,2024-11,2024-12,False
452,2023-12,2024-01,False
452,2024-01,2024-02,False
452,2024-02,2024-03,False
452,2024-03,2024-04,False
452,2024-04,2024-05,False
452,2024-05,2024-06,False
452,2024-06,2024-07,False
452,2024-07,2024-08,False
452,2024-08,2024-09,False
452,2024-09,2024-10,False
452,2024-10,2024-11,False
452,2024-11,2024-12,False
453,2023-12,2024-01,False
453,2024-01,2024-02,False
453,2024-02,2024-03,False
453,2024-03,2024-04,False
453,2024-04,2024-05,False
453,2024-05,2024-06,False
453,2024-06,2024-07,False
453,2024-07,2024-08,False
453,2024-08,2024-09,False
453,2024-09,2024-10,False
453,2024-10,2024-11,False
453,2024-11,2024-12,False
455,2023-12,2024-01,False
455,2024-01,2024-02,False
455,2024-02,2024-03,False
455,2024-03,2024-04,False
455,2024-04,2024-05,False
455,2024-05,2024-06,False
455,2024-06,2024-07,False
455,2024-07,2024-08,False
455,2024-08,2024-09,False
455,2024-09,2024-10,False
455,2024-10,2024-11,False
455,2024-11,2024-12,False
456,2023-12,2024-01,False
456,2024-01,2024-02,False
456,2024-02,2024-03,False
456,2024-03,2024-04,False
456,2024-04,2024-05,False
456,2024-05,2024-06,False
456,2024-06,2024-07,False
456,2024-07,2024-08,False
456,2024-08,2024-09,False
456,2024-09,2024-10,False
456,2024-10,2024-11,False
456,2024-11,2024-12,False
457,2023-12,2024-01,False
457,2024-01,2024-02,False
457,2024-02,2024-03,False
457,2024-03,2024-04,False
457,2024-04,2024-05,False
457,2024-05,2024-06,False
457,2024-06,2024-07,False
457,2024-07,2024-08,False
457,2024-08,2024-09,False
457,2024-09,2024-10,False
457,2024-10,2024-11,False
457,2024-11,2024-12,False
458,2023-12,2024-01,False
458,2024-01,2024-02,False
458,2024-02,2024-03,False
458,2024-03,2024-04,False
458,2024-04,2024-05,False
458,2024-05,2024-06,False
458,2024-06,2024-07,False
458,2024-07,2024-08,False
458,2024-08,2024-09,False
458,2024-09,2024-10,False
458,2024-10,2024-11,False
458,2024-11,2024-12,False
459,2023-12,2024-01,False
459,2024-01,2024-02,False
459,2024-02,2024-03,False
459,2024-03,2024-04,False
459,2024-04,2024-05,False
459,2024-05,2024-06,False
459,2024-06,2024-07,False
459,2024-07,2024-08,False
459,2024-08,2024-09,False
459,2024-09,2024-10,False
459,2024-10,2024-11,False
459,2024-11,2024-12,False
460,2023-12,2024-01,False
460,2024-01,2024-02,False
460,2024-02,2024-03,False
460,2024-03,2024-04,False
460,2024-04,2024-05,False
460,2024-05,2024-06,False
460,2024-06,2024-07,False
460,2024-07,2024-08,False
460,2024-08,2024-09,False
460,2024-09,2024-10,False
460,2024-10,2024-11,False
460,2024-11,2024-12,False
478,2023-12,2024-01,False
478,2024-01,2024-02,False
478,2024-02,2024-03,False
478,2024-03,2024-04,False
478,2024-04,2024-05,False
478,2024-05,2024-06,False
478,2024-06,2024-07,False
478,2024-07,2024-08,False
478,2024-08,2024-09,False
478,2024-09,2024-10,False
478,2024-10,2024-11,True
478,2024-11,2024-12,True
479,2023-12,2024-01,False
479,2024-01,2024-02,False
479,2024-02,2024-03,False
479,2024-03,2024-04,False
479,2024-04,2024-05,False
479,2024-05,2024-06,False
479,2024-06,2024-07,False
479,2024-07,2024-08,False
479,2024-08,2024-09,False
479,2024-09,2024-10,False
479,2024-10,2024-11,False
479,2024-11,2024-12,False
480,2023-12,2024-01,False
480,2024-01,2024-02,False
480,2024-02,2024-03,False
480,2024-03,2024-04,False
480,2024-04,2024-05,False
480,2024-05,2024-06,False
480,2024-06,2024-07,False
480,2024-07,2024-08,False
480,2024-08,2024-09,False
480,2024-09,2024-10,False
480,2024-10,2024-11,False
480,2024-11,2024-12,False
481,2023-12,2024-01,False
481,2024-01,2024-02,False
481,2024-02,2024-03,False
481,2024-03,2024-04,False
481,2024-04,2024-05,False
481,2024-05,2024-06,False
481,2024-06,2024-07,False
481,2024-07,2024-08,False
481,2024-08,2024-09,False
481,2024-09,2024-10,False
481,2024-10,2024-11,False
481,2024-11,2024-12,False
482,2023-12,2024-01,False
482,2024-01,2024-02,False
482,2024-02,2024-03,False
482,2024-03,2024-04,False
482,2024-04,2024-05,False
482,2024-05,2024-06,False
482,2024-06,2024-07,False
482,2024-07,2024-08,False
482,2024-08,2024-09,False
482,2024-09,2024-10,False
482,2024-10,2024-11,False
482,2024-11,2024-12,False
484,2023-12,2024-01,False
484,2024-01,2024-02,False
484,2024-02,2024-03,False
484,2024-03,2024-04,False
484,2024-04,2024-05,False
484,2024-05,2024-06,False
484,2024-06,2024-07,False
484,2024-07,2024-08,False
484,2024-08,2024-09,False
484,2024-09,2024-10,False
484,2024-10,2024-11,False
484,2024-11,2024-12,False
485,2023-12,2024-01,False
485,2024-01,2024-02,False
485,2024-02,2024-03,False
485,2024-03,2024-04,False
485,2024-04,2024-05,False
485,2024-05,2024-06,False
485,2024-06,2024-07,False
485,2024-07,2024-08,False
485,2024-08,2024-09,False
485,2024-09,2024-10,False
485,2024-10,2024-11,False
485,2024-11,2024-12,False
486,2023-12,2024-01,False
486,2024-01,2024-02,False
486,2024-02,2024-03,False
486,2024-03,2024-04,False
486,2024-04,2024-05,False
486,2024-05,2024-06,False
486,2024-06,2024-07,False
486,2024-07,2024-08,False
486,2024-08,2024-09,False
486,2024-09,2024-10,False
486,2024-10,2024-11,False
486,2024-11,2024-12,False
487,2023-12,2024-01,False
487,2024-01,2024-02,False
487,2024-02,2024-03,False
487,2024-03,2024-04,False
487,2024-04,2024-05,False
487,2024-05,2024-06,False
487,2024-06,2024-07,False
487,2024-07,2024-08,False
487,2024-08,2024-09,False
487,2024-09,2024-10,False
487,2024-10,2024-11,False
487,2024-11,2024-12,False
489,2023-12,2024-01,False
489,2024-01,2024-02,False
489,2024-02,2024-03,False
489,2024-03,2024-04,False
489,2024-04,2024-05,False
489,2024-05,2024-06,False
489,2024-06,2024-07,False
489,2024-07,2024-08,False
489,2024-08,2024-09,False
489,2024-09,2024-10,False
489,2024-10,2024-11,False
489,2024-11,2024-12,False
490,2023-12,2024-01,False
490,2024-01,2024-02,False
490,2024-02,2024-03,False
490,2024-03,2024-04,False
490,2024-04,2024-05,False
490,2024-05,2024-06,False
490,2024-06,2024-07,False
490,2024-07,2024-08,False
490,2024-08,2024-09,False
490,2024-09,2024-10,False
490,2024-10,2024-11,False
490,2024-11,2024-12,False
491,2023-12,2024-01,False
491,2024-01,2024-02,False
491,2024-02,2024-03,False
491,2024-03,2024-04,False
491,2024-04,2024-05,False
491,2024-05,2024-06,False
491,2024-06,2024-07,False
491,2024-07,2024-08,False
491,2024-08,2024-09,False
491,2024-09,2024-10,False
491,2024-10,2024-11,False
491,2024-11,2024-12,False
492,2023-12,2024-01,False
492,2024-01,2024-02,False
492,2024-02,2024-03,False
492,2024-03,2024-04,False
492,2024-04,2024-05,False
492,2024-05,2024-06,False
492,2024-06,2024-07,False
492,2024-07,2024-08,False
492,2024-08,2024-09,False
492,2024-09,2024-10,False
492,2024-10,2024-11,False
492,2024-11,2024-12,False
493,2023-12,2024-01,False
493,2024-01,2024-02,False
493,2024-02,2024-03,False
493,2024-03,2024-04,False
493,2024-04,2024-05,False
493,2024-05,2024-06,False
493,2024-06,2024-07,False
493,2024-07,2024-08,False
493,2024-08,2024-09,False
493,2024-09,2024-10,False
493,2024-10,2024-11,False
493,2024-11,2024-12,False
494,2023-12,2024-01,False
494,2024-01,2024-02,False
494,2024-02,2024-03,False
494,2024-03,2024-04,False
494,2024-04,2024-05,False
494,2024-05,2024-06,False
494,2024-06,2024-07,False
494,2024-07,2024-08,False
494,2024-08,2024-09,False
494,2024-09,2024-10,False
494,2024-10,2024-11,False
494,2024-11,2024-12,False
495,2023-12,2024-01,False
495,2024-01,2024-02,False
495,2024-02,2024-03,False
495,2024-03,2024-04,False
495,2024-04,2024-05,False
495,2024-05,2024-06,False
495,2024-06,2024-07,False
495,2024-07,2024-08,False
495,2024-08,2024-09,False
495,2024-09,2024-10,False
495,2024-10,2024-11,False
495,2024-11,2024-12,False
496,2023-12,2024-01,False
496,2024-01,2024-02,False
496,2024-02,2024-03,False
496,2024-03,2024-04,False
496,2024-04,2024-05,False
496,2024-05,2024-06,False
496,2024-06,2024-07,False
496,2024-07,2024-08,False
496,2024-08,2024-09,False
496,2024-09,2024-10,False
496,2024-10,2024-11,False
496,2024-11,2024-12,False
497,2023-12,2024-01,False
497,2024-01,2024-02,False
497,2024-02,2024-03,False
497,2024-03,2024-04,False
497,2024-04,2024-05,False
497,2024-05,2024-06,False
497,2024-06,2024-07,False
497,2024-07,2024-08,False
497,2024-08,2024-09,False
497,2024-09,2024-10,False
497,2024-10,2024-11,False
497,2024-11,2024-12,False
498,2023-12,2024-01,False
498,2024-01,2024-02,False
498,2024-02,2024-03,False
498,2024-03,2024-04,False
498,2024-04,2024-05,False
498,2024-05,2024-06,False
498,2024-06,2024-07,False
498,2024-07,2024-08,False
498,2024-08,2024-09,False
498,2024-09,2024-10,False
498,2024-10,2024-11,False
498,2024-11,2024-12,False
499,2023-12,2024-01,False
499,2024-01,2024-02,False
499,2024-02,2024-03,False
499,2024-03,2024-04,False
499,2024-04,2024-05,False
499,2024-05,2024-06,False
499,2024-06,2024-07,False
499,2024-07,2024-08,False
499,2024-08,2024-09,False
499,2024-09,2024-10,False
499,2024-10,2024-11,False
499,2024-11,2024-12,False
500,2023-12,2024-01,False
500,2024-01,2024-02,False
500,2024-02,2024-03,False
501,2023-12,2024-01,False
501,2024-01,2024-02,False
501,2024-02,2024-03,False
501,2024-03,2024-04,False
501,2024-04,2024-05,False
501,2024-05,2024-06,False
501,2024-06,2024-07,False
501,2024-07,2024-08,False
501,2024-08,2024-09,False
501,2024-09,2024-10,False
501,2024-10,2024-11,False
501,2024-11,2024-12,False
502,2023-12,2024-01,False
502,2024-01,2024-02,False
502,2024-02,2024-03,False
502,2024-03,2024-04,False
502,2024-04,2024-05,False
502,2024-05,2024-06,False
502,2024-06,2024-07,False
502,2024-07,2024-08,False
502,2024-08,2024-09,False
502,2024-09,2024-10,False
502,2024-10,2024-11,False
502,2024-11,2024-12,False
503,2023-12,2024-01,False
503,2024-01,2024-02,False
503,2024-02,2024-03,False
503,2024-03,2024-04,False
503,2024-04,2024-05,False
503,2024-05,2024-06,False
503,2024-06,2024-07,False
503,2024-07,2024-08,False
503,2024-08,2024-09,False
503,2024-09,2024-10,False
503,2024-10,2024-11,False
503,2024-11,2024-12,False
504,2023-12,2024-01,False
504,2024-01,2024-02,False
504,2024-02,2024-03,False
504,2024-03,2024-04,False
504,2024-04,2024-05,False
504,2024-05,2024-06,False
504,2024-06,2024-07,False
504,2024-07,2024-08,False
504,2024-08,2024-09,False
504,2024-09,2024-10,False
504,2024-10,2024-11,False
504,2024-11,2024-12,False
505,2023-12,2024-01,False
505,2024-01,2024-02,False
505,2024-02,2024-03,False
505,2024-03,2024-04,False
505,2024-04,2024-05,False
505,2024-05,2024-06,False
505,2024-06,2024-07,False
505,2024-07,2024-08,False
505,2024-08,2024-09,False
505,2024-09,2024-10,False
505,2024-10,2024-11,False
505,2024-11,2024-12,False
506,2023-12,2024-01,False
506,2024-01,2024-02,False
506,2024-02,2024-03,False
506,2024-03,2024-04,False
506,2024-04,2024-05,False
506,2024-05,2024-06,False
506,2024-06,2024-07,False
506,2024-07,2024-08,False
506,2024-08,2024-09,False
506,2024-09,2024-10,False
506,2024-10,2024-11,False
506,2024-11,2024-12,False
507,2023-12,2024-01,False
507,2024-01,2024-02,False
507,2024-02,2024-03,False
507,2024-03,2024-04,False
507,2024-04,2024-05,False
507,2024-05,2024-06,False
507,2024-06,2024-07,False
507,2024-07,2024-08,False
507,2024-08,2024-09,False
507,2024-09,2024-10,False
507,2024-10,2024-11,False
507,2024-11,2024-12,False
508,2023-12,2024-01,False
508,2024-01,2024-02,False
508,2024-02,2024-03,False
508,2024-03,2024-04,False
508,2024-04,2024-05,False
508,2024-05,2024-06,False
508,2024-06,2024-07,False
508,2024-07,2024-08,False
508,2024-08,2024-09,False
508,2024-09,2024-10,False
508,2024-10,2024-11,False
508,2024-11,2024-12,False
509,2023-12,2024-01,False
509,2024-01,2024-02,False
509,2024-02,2024-03,False
509,2024-03,2024-04,False
509,2024-04,2024-05,False
509,2024-05,2024-06,False
509,2024-06,2024-07,False
509,2024-07,2024-08,False
509,2024-08,2024-09,False
509,2024-09,2024-10,False
509,2024-10,2024-11,False
509,2024-11,2024-12,False
510,2023-12,2024-01,False
510,2024-01,2024-02,False
510,2024-02,2024-03,False
510,2024-03,2024-04,False
510,2024-04,2024-05,False
510,2024-05,2024-06,False
510,2024-06,2024-07,False
510,2024-07,2024-08,False
510,2024-08,2024-09,False
510,2024-09,2024-10,False
510,2024-10,2024-11,False
510,2024-11,2024-12,False
511,2023-12,2024-01,False
511,2024-01,2024-02,False
511,2024-02,2024-03,False
511,2024-03,2024-04,False
511,2024-04,2024-05,False
511,2024-05,2024-06,False
511,2024-06,2024-07,False
511,2024-07,2024-08,False
511,2024-08,2024-09,False
511,2024-09,2024-10,False
511,2024-10,2024-11,False
511,2024-11,2024-12,False
512,2023-12,2024-01,False
512,2024-01,2024-02,False
512,2024-02,2024-03,False
512,2024-03,2024-04,False
512,2024-04,2024-05,False
512,2024-05,2024-06,False
512,2024-06,2024-07,False
512,2024-07,2024-08,False
512,2024-08,2024-09,False
512,2024-09,2024-10,False
512,2024-10,2024-11,False
512,2024-11,2024-12,False
515,2023-12,2024-01,False
515,2024-01,2024-02,False
515,2024-02,2024-03,False
515,2024-03,2024-04,False
515,2024-04,2024-05,False
515,2024-05,2024-06,False
515,2024-06,2024-07,False
515,2024-07,2024-08,False
515,2024-08,2024-09,False
515,2024-09,2024-10,False
515,2024-10,2024-11,False
515,2024-11,2024-12,False
516,2023-12,2024-01,False
516,2024-01,2024-02,False
516,2024-02,2024-03,False
516,2024-03,2024-04,False
516,2024-04,2024-05,False
516,2024-05,2024-06,False
516,2024-06,2024-07,False
516,2024-07,2024-08,False
516,2024-08,2024-09,False
516,2024-09,2024-10,False
516,2024-10,2024-11,False
516,2024-11,2024-12,False
517,2023-12,2024-01,False
517,2024-01,2024-02,False
517,2024-02,2024-03,False
517,2024-03,2024-04,False
517,2024-04,2024-05,False
517,2024-05,2024-06,False
517,2024-06,2024-07,False
517,2024-07,2024-08,False
517,2024-08,2024-09,False
517,2024-09,2024-10,False
517,2024-10,2024-11,False
517,2024-11,2024-12,False
518,2023-12,2024-01,False
518,2024-01,2024-02,False
518,2024-02,2024-03,False
518,2024-03,2024-04,False
518,2024-04,2024-05,False
518,2024-05,2024-06,False
518,2024-06,2024-07,False
518,2024-07,2024-08,False
518,2024-08,2024-09,False
518,2024-09,2024-10,False
518,2024-10,2024-11,False
518,2024-11,2024-12,False
519,2023-12,2024-01,False
519,2024-01,2024-02,False
519,2024-02,2024-03,False
519,2024-03,2024-04,False
519,2024-04,2024-05,False
519,2024-05,2024-06,False
519,2024-06,2024-07,False
519,2024-07,2024-08,False
519,2024-08,2024-09,False
519,2024-09,2024-10,False
519,2024-10,2024-11,False
519,2024-11,2024-12,False
520,2023-12,2024-01,False
520,2024-01,2024-02,False
520,2024-02,2024-03,False
520,2024-03,2024-04,False
520,2024-04,2024-05,False
520,2024-05,2024-06,False
520,2024-06,2024-07,False
520,2024-07,2024-08,False
520,2024-08,2024-09,False
520,2024-09,2024-10,False
520,2024-10,2024-11,False
520,2024-11,2024-12,False
521,2023-12,2024-01,False
521,2024-01,2024-02,False
521,2024-02,2024-03,False
521,2024-03,2024-04,False
521,2024-04,2024-05,False
521,2024-05,2024-06,False
521,2024-06,2024-07,False
521,2024-07,2024-08,False
521,2024-08,2024-09,False
521,2024-09,2024-10,False
521,2024-10,2024-11,False
521,2024-11,2024-12,False
522,2023-12,2024-01,False
522,2024-01,2024-02,False
522,2024-02,2024-03,False
522,2024-03,2024-04,False
522,2024-04,2024-05,False
522,2024-05,2024-06,False
522,2024-06,2024-07,False
522,2024-07,2024-08,False
522,2024-08,2024-09,False
522,2024-09,2024-10,False
522,2024-10,2024-11,False
522,2024-11,2024-12,False
523,2023-12,2024-01,False
523,2024-01,2024-02,False
523,2024-02,2024-03,False
523,2024-03,2024-04,False
523,2024-04,2024-05,False
523,2024-05,2024-06,False
523,2024-06,2024-07,False
523,2024-07,2024-08,False
523,2024-08,2024-09,False
523,2024-09,2024-10,False
523,2024-10,2024-11,False
523,2024-11,2024-12,False
524,2023-12,2024-01,False
524,2024-01,2024-02,False
524,2024-02,2024-03,False
524,2024-03,2024-04,False
524,2024-04,2024-05,False
524,2024-05,2024-06,False
524,2024-06,2024-07,False
524,2024-07,2024-08,False
524,2024-08,2024-09,False
524,2024-09,2024-10,False
524,2024-10,2024-11,False
524,2024-11,2024-12,False
525,2023-12,2024-01,False
525,2024-01,2024-02,False
525,2024-02,2024-03,False
525,2024-03,2024-04,False
525,2024-04,2024-05,False
525,2024-05,2024-06,False
525,2024-06,2024-07,False
525,2024-07,2024-08,False
525,2024-08,2024-09,False
525,2024-09,2024-10,False
525,2024-10,2024-11,False
525,2024-11,2024-12,False
527,2023-12,2024-01,False
527,2024-01,2024-02,False
527,2024-02,2024-03,False
527,2024-03,2024-04,False
527,2024-04,2024-05,False
527,2024-05,2024-06,False
527,2024-06,2024-07,False
527,2024-07,2024-08,False
527,2024-08,2024-09,False
527,2024-09,2024-10,False
527,2024-10,2024-11,False
527,2024-11,2024-12,False
528,2023-12,2024-01,False
528,2024-01,2024-02,False
528,2024-02,2024-03,False
528,2024-03,2024-04,False
528,2024-04,2024-05,False
528,2024-05,2024-06,False
528,2024-06,2024-07,False
528,2024-07,2024-08,False
528,2024-08,2024-09,False
528,2024-09,2024-10,False
528,2024-10,2024-11,False
528,2024-11,2024-12,False
529,2023-12,2024-01,False
529,2024-01,2024-02,False
529,2024-02,2024-03,False
529,2024-03,2024-04,False
529,2024-04,2024-05,False
529,2024-05,2024-06,False
529,2024-06,2024-07,False
529,2024-07,2024-08,False
529,2024-08,2024-09,False
529,2024-09,2024-10,False
529,2024-10,2024-11,False
529,2024-11,2024-12,False
530,2023-12,2024-01,False
530,2024-01,2024-02,False
530,2024-02,2024-03,False
530,2024-03,2024-04,False
530,2024-04,2024-05,False
530,2024-05,2024-06,False
530,2024-06,2024-07,False
530,2024-07,2024-08,False
530,2024-08,2024-09,False
530,2024-09,2024-10,False
530,2024-10,2024-11,False
530,2024-11,2024-12,False
531,2023-12,2024-01,False
531,2024-01,2024-02,False
531,2024-02,2024-03,False
531,2024-03,2024-04,False
531,2024-04,2024-05,False
531,2024-05,2024-06,False
531,2024-06,2024-07,False
531,2024-07,2024-08,False
531,2024-08,2024-09,False
531,2024-09,2024-10,False
531,2024-10,2024-11,False
531,2024-11,2024-12,False
532,2023-12,2024-01,False
532,2024-01,2024-02,False
532,2024-02,2024-03,False
532,2024-03,2024-04,False
532,2024-04,2024-05,False
532,2024-05,2024-06,False
532,2024-06,2024-07,False
532,2024-07,2024-08,False
532,2024-08,2024-09,False
532,2024-09,2024-10,False
532,2024-10,2024-11,False
532,2024-11,2024-12,False
533,2023-12,2024-01,False
533,2024-01,2024-02,False
533,2024-02,2024-03,False
533,2024-03,2024-04,False
533,2024-04,2024-05,False
533,2024-05,2024-06,False
533,2024-06,2024-07,False
533,2024-07,2024-08,False
533,2024-08,2024-09,False
533,2024-09,2024-10,False
533,2024-10,2024-11,False
533,2024-11,2024-12,False
534,2023-12,2024-01,False
534,2024-01,2024-02,False
534,2024-02,2024-03,False
534,2024-03,2024-04,False
534,2024-04,2024-05,False
534,2024-05,2024-06,False
534,2024-06,2024-07,False
534,2024-07,2024-08,False
534,2024-08,2024-09,False
534,2024-09,2024-10,False
534,2024-10,2024-11,False
534,2024-11,2024-12,False
535,2023-12,2024-01,False
535,2024-01,2024-02,False
535,2024-02,2024-03,False
535,2024-03,2024-04,False
535,2024-04,2024-05,False
535,2024-05,2024-06,False
535,2024-06,2024-07,False
535,2024-07,2024-08,False
535,2024-08,2024-09,False
535,2024-09,2024-10,False
535,2024-10,2024-11,False
535,2024-11,2024-12,False
536,2023-12,2024-01,False
536,2024-01,2024-02,False
536,2024-02,2024-03,False
536,2024-03,2024-04,False
536,2024-04,2024-05,False
536,2024-05,2024-06,False
536,2024-06,2024-07,False
536,2024-07,2024-08,False
536,2024-08,2024-09,False
536,2024-09,2024-10,False
536,2024-10,2024-11,False
536,2024-11,2024-12,False
537,2023-12,2024-01,False
537,2024-01,2024-02,False
537,2024-02,2024-03,False
537,2024-03,2024-04,False
537,2024-04,2024-05,False
537,2024-05,2024-06,False
537,2024-06,2024-07,False
537,2024-07,2024-08,False
537,2024-08,2024-09,False
537,2024-09,2024-10,False
537,2024-10,2024-11,False
537,2024-11,2024-12,False
538,2023-12,2024-01,False
538,2024-01,2024-02,False
538,2024-02,2024-03,False
538,2024-03,2024-04,False
538,2024-04,2024-05,False
538,2024-05,2024-06,False
538,2024-06,2024-07,False
538,2024-07,2024-08,False
538,2024-08,2024-09,False
538,2024-09,2024-10,False
538,2024-10,2024-11,False
538,2024-11,2024-12,False
539,2023-12,2024-01,False
539,2024-01,2024-02,False
539,2024-02,2024-03,False
539,2024-03,2024-04,False
539,2024-04,2024-05,False
539,2024-05,2024-06,False
539,2024-06,2024-07,False
539,2024-07,2024-08,False
539,2024-08,2024-09,False
539,2024-09,2024-10,False
539,2024-10,2024-11,False
539,2024-11,2024-12,False
540,2023-12,2024-01,False
540,2024-01,2024-02,False
540,2024-02,2024-03,False
540,2024-03,2024-04,False
540,2024-04,2024-05,False
540,2024-05,2024-06,False
540,2024-06,2024-07,False
540,2024-07,2024-08,False
540,2024-08,2024-09,False
540,2024-09,2024-10,False
540,2024-10,2024-11,False
540,2024-11,2024-12,False
541,2023-12,2024-01,False
541,2024-01,2024-02,False
541,2024-02,2024-03,False
541,2024-03,2024-04,False
541,2024-04,2024-05,False
541,2024-05,2024-06,False
541,2024-06,2024-07,False
541,2024-07,2024-08,False
541,2024-08,2024-09,False
541,2024-09,2024-10,False
541,2024-10,2024-11,False
541,2024-11,2024-12,False
542,2023-12,2024-01,False
542,2024-01,2024-02,False
542,2024-02,2024-03,False
542,2024-03,2024-04,False
542,2024-04,2024-05,False
542,2024-05,2024-06,False
542,2024-06,2024-07,False
542,2024-07,2024-08,False
542,2024-08,2024-09,False
542,2024-09,2024-10,False
542,2024-10,2024-11,False
542,2024-11,2024-12,False
543,2023-12,2024-01,False
543,2024-01,2024-02,False
543,2024-02,2024-03,False
543,2024-03,2024-04,False
543,2024-04,2024-05,False
543,2024-05,2024-06,False
543,2024-06,2024-07,False
543,2024-07,2024-08,False
543,2024-08,2024-09,False
543,2024-09,2024-10,False
543,2024-10,2024-11,False
543,2024-11,2024-12,False
544,2023-12,2024-01,False
544,2024-01,2024-02,False
544,2024-02,2024-03,False
544,2024-03,2024-04,False
544,2024-04,2024-05,False
544,2024-05,2024-06,False
544,2024-06,2024-07,False
544,2024-07,2024-08,False
544,2024-08,2024-09,False
544,2024-09,2024-10,False
544,2024-10,2024-11,False
544,2024-11,2024-12,False
545,2023-12,2024-01,False
545,2024-01,2024-02,False
545,2024-02,2024-03,False
545,2024-03,2024-04,False
545,2024-04,2024-05,False
545,2024-05,2024-06,False
545,2024-06,2024-07,False
545,2024-07,2024-08,False
545,2024-08,2024-09,False
545,2024-09,2024-10,False
545,2024-10,2024-11,False
545,2024-11,2024-12,False
546,2023-12,2024-01,False
546,2024-01,2024-02,False
546,2024-02,2024-03,False
546,2024-03,2024-04,False
546,2024-04,2024-05,False
546,2024-05,2024-06,False
546,2024-06,2024-07,False
546,2024-07,2024-08,False
546,2024-08,2024-09,False
546,2024-09,2024-10,False
546,2024-10,2024-11,False
546,2024-11,2024-12,False
547,2023-12,2024-01,False
547,2024-01,2024-02,False
547,2024-02,2024-03,False
547,2024-03,2024-04,False
547,2024-04,2024-05,False
547,2024-05,2024-06,False
547,2024-06,2024-07,False
547,2024-07,2024-08,False
547,2024-08,2024-09,False
547,2024-09,2024-10,False
547,2024-10,2024-11,False
547,2024-11,2024-12,False
548,2023-12,2024-01,False
548,2024-01,2024-02,False
548,2024-02,2024-03,False
548,2024-03,2024-04,False
548,2024-04,2024-05,False
548,2024-05,2024-06,False
548,2024-06,2024-07,False
548,2024-07,2024-08,False
548,2024-08,2024-09,False
548,2024-09,2024-10,False
548,2024-10,2024-11,False
548,2024-11,2024-12,False
549,2023-12,2024-01,False
549,2024-01,2024-02,False
549,2024-02,2024-03,False
549,2024-03,2024-04,False
549,2024-04,2024-05,False
549,2024-05,2024-06,False
549,2024-06,2024-07,False
549,2024-07,2024-08,False
549,2024-08,2024-09,False
549,2024-09,2024-10,False
549,2024-10,2024-11,False
549,2024-11,2024-12,False
550,2023-12,2024-01,False
550,2024-01,2024-02,False
550,2024-02,2024-03,False
550,2024-03,2024-04,False
550,2024-04,2024-05,False
550,2024-05,2024-06,False
550,2024-06,2024-07,False
550,2024-07,2024-08,False
550,2024-08,2024-09,False
550,2024-09,2024-10,False
550,2024-10,2024-11,False
550,2024-11,2024-12,False
552,2023-12,2024-01,False
552,2024-01,2024-02,False
552,2024-02,2024-03,False
552,2024-03,2024-04,False
552,2024-04,2024-05,False
552,2024-05,2024-06,False
552,2024-06,2024-07,False
552,2024-07,2024-08,False
552,2024-08,2024-09,False
552,2024-09,2024-10,False
552,2024-10,2024-11,False
552,2024-11,2024-12,False
553,2023-12,2024-01,False
553,2024-01,2024-02,False
553,2024-02,2024-03,False
553,2024-03,2024-04,False
553,2024-04,2024-05,False
553,2024-05,2024-06,False
553,2024-06,2024-07,False
553,2024-07,2024-08,False
553,2024-08,2024-09,False
553,2024-09,2024-10,False
553,2024-10,2024-11,False
553,2024-11,2024-12,False
554,2023-12,2024-01,False
554,2024-01,2024-02,False
554,2024-02,2024-03,False
554,2024-03,2024-04,False
554,2024-04,2024-05,False
554,2024-05,2024-06,False
554,2024-06,2024-07,False
554,2024-07,2024-08,False
554,2024-08,2024-09,False
554,2024-09,2024-10,False
554,2024-10,2024-11,False
554,2024-11,2024-12,False
555,2023-12,2024-01,False
555,2024-01,2024-02,False
555,2024-02,2024-03,False
555,2024-03,2024-04,False
555,2024-04,2024-05,False
555,2024-05,2024-06,False
555,2024-06,2024-07,False
555,2024-07,2024-08,False
555,2024-08,2024-09,False
555,2024-09,2024-10,False
555,2024-10,2024-11,False
555,2024-11,2024-12,False
556,2023-12,2024-01,False
556,2024-01,2024-02,False
556,2024-02,2024-03,False
556,2024-03,2024-04,False
556,2024-04,2024-05,False
556,2024-05,2024-06,False
556,2024-06,2024-07,False
556,2024-07,2024-08,False
556,2024-08,2024-09,False
556,2024-09,2024-10,False
556,2024-10,2024-11,False
556,2024-11,2024-12,False
557,2023-12,2024-01,False
557,2024-01,2024-02,False
557,2024-02,2024-03,False
557,2024-03,2024-04,False
557,2024-04,2024-05,False
557,2024-05,2024-06,False
557,2024-06,2024-07,False
557,2024-07,2024-08,False
557,2024-08,2024-09,False
557,2024-09,2024-10,False
557,2024-10,2024-11,False
557,2024-11,2024-12,False
558,2023-12,2024-01,False
558,2024-01,2024-02,False
558,2024-02,2024-03,False
558,2024-03,2024-04,False
558,2024-04,2024-05,False
558,2024-05,2024-06,False
558,2024-06,2024-07,False
558,2024-07,2024-08,False
558,2024-08,2024-09,False
558,2024-09,2024-10,False
558,2024-10,2024-11,False
558,2024-11,2024-12,False
559,2023-12,2024-01,False
559,2024-01,2024-02,False
559,2024-02,2024-03,False
559,2024-03,2024-04,False
559,2024-04,2024-05,False
559,2024-05,2024-06,False
559,2024-06,2024-07,False
559,2024-07,2024-08,False
559,2024-08,2024-09,False
559,2024-09,2024-10,False
559,2024-10,2024-11,False
559,2024-11,2024-12,False
560,2023-12,2024-01,False
560,2024-01,2024-02,False
560,2024-02,2024-03,False
560,2024-03,2024-04,False
560,2024-04,2024-05,False
560,2024-05,2024-06,False
560,2024-06,2024-07,False
560,2024-07,2024-08,False
560,2024-08,2024-09,False
560,2024-09,2024-10,False
560,2024-10,2024-11,False
560,2024-11,2024-12,False
561,2023-12,2024-01,False
561,2024-01,2024-02,False
561,2024-02,2024-03,False
561,2024-03,2024-04,False
561,2024-04,2024-05,False
561,2024-05,2024-06,False
561,2024-06,2024-07,False
561,2024-07,2024-08,False
561,2024-08,2024-09,False
561,2024-09,2024-10,False
561,2024-10,2024-11,False
561,2024-11,2024-12,False
562,2023-12,2024-01,False
562,2024-01,2024-02,False
562,2024-02,2024-03,False
562,2024-03,2024-04,False
562,2024-04,2024-05,False
562,2024-05,2024-06,False
562,2024-06,2024-07,False
562,2024-07,2024-08,False
562,2024-08,2024-09,False
562,2024-09,2024-10,False
562,2024-10,2024-11,False
562,2024-11,2024-12,False
563,2023-12,2024-01,False
563,2024-01,2024-02,False
563,2024-02,2024-03,False
563,2024-03,2024-04,False
563,2024-04,2024-05,False
563,2024-05,2024-06,False
563,2024-06,2024-07,False
563,2024-07,2024-08,False
563,2024-08,2024-09,False
563,2024-09,2024-10,False
563,2024-10,2024-11,False
563,2024-11,2024-12,False
564,2023-12,2024-01,False
564,2024-01,2024-02,False
564,2024-02,2024-03,False
564,2024-03,2024-04,False
564,2024-04,2024-05,False
564,2024-05,2024-06,False
564,2024-06,2024-07,False
564,2024-07,2024-08,False
564,2024-08,2024-09,False
564,2024-09,2024-10,False
564,2024-10,2024-11,False
564,2024-11,2024-12,False
565,2023-12,2024-01,False
565,2024-01,2024-02,False
565,2024-02,2024-03,False
565,2024-03,2024-04,False
565,2024-04,2024-05,False
565,2024-05,2024-06,False
565,2024-06,2024-07,False
565,2024-07,2024-08,False
565,2024-08,2024-09,False
565,2024-09,2024-10,False
565,2024-10,2024-11,False
565,2024-11,2024-12,False
566,2023-12,2024-01,False
566,2024-01,2024-02,False
566,2024-02,2024-03,False
566,2024-03,2024-04,False
566,2024-04,2024-05,False
566,2024-05,2024-06,False
566,2024-06,2024-07,False
566,2024-07,2024-08,False
566,2024-08,2024-09,False
566,2024-09,2024-10,False
566,2024-10,2024-11,False
566,2024-11,2024-12,False
567,2023-12,2024-01,False
567,2024-01,2024-02,False
567,2024-02,2024-03,False
567,2024-03,2024-04,False
567,2024-04,2024-05,False
567,2024-05,2024-06,False
567,2024-06,2024-07,False
567,2024-07,2024-08,False
567,2024-08,2024-09,False
567,2024-09,2024-10,False
567,2024-10,2024-11,False
567,2024-11,2024-12,False
568,2023-12,2024-01,False
568,2024-01,2024-02,False
568,2024-02,2024-03,False
568,2024-03,2024-04,False
568,2024-04,2024-05,False
568,2024-05,2024-06,False
568,2024-06,2024-07,False
568,2024-07,2024-08,False
568,2024-08,2024-09,False
568,2024-09,2024-10,False
568,2024-10,2024-11,False
568,2024-11,2024-12,False
569,2023-12,2024-01,False
569,2024-01,2024-02,False
569,2024-02,2024-03,False
569,2024-03,2024-04,False
569,2024-04,2024-05,False
569,2024-05,2024-06,False
569,2024-06,2024-07,False
569,2024-07,2024-08,False
569,2024-08,2024-09,False
569,2024-09,2024-10,False
569,2024-10,2024-11,False
569,2024-11,2024-12,False
570,2023-12,2024-01,False
570,2024-01,2024-02,False
570,2024-02,2024-03,False
570,2024-03,2024-04,False
570,2024-04,2024-05,False
570,2024-05,2024-06,False
570,2024-06,2024-07,False
570,2024-07,2024-08,False
570,2024-08,2024-09,False
570,2024-09,2024-10,False
570,2024-10,2024-11,False
570,2024-11,2024-12,False
571,2023-12,2024-01,False
571,2024-01,2024-02,False
571,2024-02,2024-03,False
571,2024-03,2024-04,False
571,2024-04,2024-05,False
571,2024-05,2024-06,False
571,2024-06,2024-07,False
571,2024-07,2024-08,False
571,2024-08,2024-09,False
571,2024-09,2024-10,False
571,2024-10,2024-11,False
571,2024-11,2024-12,False
572,2023-12,2024-01,False
572,2024-01,2024-02,False
572,2024-02,2024-03,False
572,2024-03,2024-04,False
572,2024-04,2024-05,False
572,2024-05,2024-06,False
572,2024-06,2024-07,False
572,2024-07,2024-08,False
572,2024-08,2024-09,False
572,2024-09,2024-10,False
572,2024-10,2024-11,False
572,2024-11,2024-12,False
574,2023-12,2024-01,False
574,2024-01,2024-02,False
574,2024-02,2024-03,False
574,2024-03,2024-04,False
574,2024-04,2024-05,False
574,2024-05,2024-06,False
574,2024-06,2024-07,False
574,2024-07,2024-08,False
574,2024-08,2024-09,False
574,2024-09,2024-10,False
574,2024-10,2024-11,False
574,2024-11,2024-12,False
578,2023-12,2024-01,False
578,2024-01,2024-02,False
578,2024-02,2024-03,False
578,2024-03,2024-04,False
578,2024-04,2024-05,False
578,2024-05,2024-06,False
578,2024-06,2024-07,False
578,2024-07,2024-08,False
578,2024-08,2024-09,False
578,2024-09,2024-10,False
578,2024-10,2024-11,False
578,2024-11,2024-12,False
579,2023-12,2024-01,False
579,2024-01,2024-02,False
579,2024-02,2024-03,False
579,2024-03,2024-04,False
579,2024-04,2024-05,False
579,2024-05,2024-06,False
579,2024-06,2024-07,False
579,2024-07,2024-08,False
579,2024-08,2024-09,False
579,2024-09,2024-10,False
579,2024-10,2024-11,False
579,2024-11,2024-12,False
580,2023-12,2024-01,False
580,2024-01,2024-02,False
580,2024-02,2024-03,False
580,2024-03,2024-04,False
580,2024-04,2024-05,False
580,2024-05,2024-06,False
580,2024-06,2024-07,False
580,2024-07,2024-08,False
580,2024-08,2024-09,False
580,2024-09,2024-10,False
580,2024-10,2024-11,False
580,2024-11,2024-12,False
581,2023-12,2024-01,False
581,2024-01,2024-02,False
581,2024-02,2024-03,False
581,2024-03,2024-04,False
581,2024-04,2024-05,False
581,2024-05,2024-06,False
581,2024-06,2024-07,False
581,2024-07,2024-08,False
581,2024-08,2024-09,False
581,2024-09,2024-10,False
581,2024-10,2024-11,False
581,2024-11,2024-12,False
582,2023-12,2024-01,False
582,2024-01,2024-02,False
582,2024-02,2024-03,False
582,2024-03,2024-04,False
582,2024-04,2024-05,False
582,2024-05,2024-06,False
582,2024-06,2024-07,False
582,2024-07,2024-08,False
582,2024-08,2024-09,False
582,2024-09,2024-10,False
582,2024-10,2024-11,False
582,2024-11,2024-12,False
583,2023-12,2024-01,False
583,2024-01,2024-02,False
583,2024-02,2024-03,False
583,2024-03,2024-04,False
583,2024-04,2024-05,False
583,2024-05,2024-06,False
583,2024-06,2024-07,False
583,2024-07,2024-08,False
583,2024-08,2024-09,False
583,2024-09,2024-10,False
583,2024-10,2024-11,False
583,2024-11,2024-12,False
584,2023-12,2024-01,False
584,2024-01,2024-02,False
584,2024-02,2024-03,False
584,2024-03,2024-04,False
584,2024-04,2024-05,False
584,2024-05,2024-06,False
584,2024-06,2024-07,False
584,2024-07,2024-08,False
584,2024-08,2024-09,False
584,2024-09,2024-10,False
584,2024-10,2024-11,False
584,2024-11,2024-12,False
585,2023-12,2024-01,False
585,2024-01,2024-02,False
585,2024-02,2024-03,False
585,2024-03,2024-04,False
585,2024-04,2024-05,False
585,2024-05,2024-06,False
585,2024-06,2024-07,False
585,2024-07,2024-08,False
585,2024-08,2024-09,False
585,2024-09,2024-10,False
585,2024-10,2024-11,False
585,2024-11,2024-12,False
586,2023-12,2024-01,False
586,2024-01,2024-02,False
586,2024-02,2024-03,False
586,2024-03,2024-04,False
586,2024-04,2024-05,False
586,2024-05,2024-06,False
586,2024-06,2024-07,False
586,2024-07,2024-08,False
586,2024-08,2024-09,False
586,2024-09,2024-10,False
586,2024-10,2024-11,False
586,2024-11,2024-12,False
587,2023-12,2024-01,False
587,2024-01,2024-02,False
587,2024-02,2024-03,False
587,2024-03,2024-04,False
587,2024-04,2024-05,False
587,2024-05,2024-06,False
587,2024-06,2024-07,False
587,2024-07,2024-08,False
587,2024-08,2024-09,False
587,2024-09,2024-10,False
587,2024-10,2024-11,False
587,2024-11,2024-12,False
588,2023-12,2024-01,False
588,2024-01,2024-02,False
588,2024-02,2024-03,False
588,2024-03,2024-04,False
588,2024-04,2024-05,False
588,2024-05,2024-06,False
588,2024-06,2024-07,False
588,2024-07,2024-08,False
588,2024-08,2024-09,False
588,2024-09,2024-10,False
588,2024-10,2024-11,False
588,2024-11,2024-12,False
589,2023-12,2024-01,False
589,2024-01,2024-02,False
589,2024-02,2024-03,False
589,2024-03,2024-04,False
589,2024-04,2024-05,False
589,2024-05,2024-06,False
589,2024-06,2024-07,False
589,2024-07,2024-08,False
589,2024-08,2024-09,False
589,2024-09,2024-10,False
589,2024-10,2024-11,False
589,2024-11,2024-12,False
591,2023-12,2024-01,False
591,2024-01,2024-02,False
591,2024-02,2024-03,False
591,2024-03,2024-04,False
591,2024-04,2024-05,False
591,2024-05,2024-06,False
591,2024-06,2024-07,False
591,2024-07,2024-08,False
591,2024-08,2024-09,False
591,2024-09,2024-10,False
591,2024-10,2024-11,False
591,2024-11,2024-12,False
592,2023-12,2024-01,False
592,2024-01,2024-02,False
592,2024-02,2024-03,False
592,2024-03,2024-04,False
592,2024-04,2024-05,False
592,2024-05,2024-06,False
592,2024-06,2024-07,False
592,2024-07,2024-08,False
592,2024-08,2024-09,False
592,2024-09,2024-10,False
592,2024-10,2024-11,False
592,2024-11,2024-12,False
593,2023-12,2024-01,False
593,2024-01,2024-02,False
593,2024-02,2024-03,False
593,2024-03,2024-04,False
593,2024-04,2024-05,False
593,2024-05,2024-06,False
593,2024-06,2024-07,False
593,2024-07,2024-08,False
593,2024-08,2024-09,False
593,2024-09,2024-10,False
593,2024-10,2024-11,False
593,2024-11,2024-12,False
594,2023-12,2024-01,False
594,2024-01,2024-02,False
594,2024-02,2024-03,False
594,2024-03,2024-04,False
594,2024-04,2024-05,False
594,2024-05,2024-06,False
594,2024-06,2024-07,False
594,2024-07,2024-08,False
594,2024-08,2024-09,False
594,2024-09,2024-10,False
594,2024-10,2024-11,False
594,2024-11,2024-12,False
595,2023-12,2024-01,False
595,2024-01,2024-02,False
595,2024-02,2024-03,False
595,2024-03,2024-04,False
595,2024-04,2024-05,False
595,2024-05,2024-06,False
595,2024-06,2024-07,False
595,2024-07,2024-08,False
595,2024-08,2024-09,False
595,2024-09,2024-10,False
595,2024-10,2024-11,False
595,2024-11,2024-12,False
598,2023-12,2024-01,False
598,2024-01,2024-02,False
598,2024-02,2024-03,False
598,2024-03,2024-04,False
598,2024-04,2024-05,False
598,2024-05,2024-06,False
598,2024-06,2024-07,False
598,2024-07,2024-08,False
598,2024-08,2024-09,False
598,2024-09,2024-10,False
598,2024-10,2024-11,False
598,2024-11,2024-12,False
599,2023-12,2024-01,False
599,2024-01,2024-02,False
599,2024-02,2024-03,False
599,2024-03,2024-04,False
599,2024-04,2024-05,False
599,2024-05,2024-06,False
599,2024-06,2024-07,False
599,2024-07,2024-08,False
599,2024-08,2024-09,False
599,2024-09,2024-10,False
599,2024-10,2024-11,False
599,2024-11,2024-12,False
600,2023-12,2024-01,False
600,2024-01,2024-02,False
600,2024-02,2024-03,False
600,2024-03,2024-04,False
600,2024-04,2024-05,False
600,2024-05,2024-06,False
600,2024-06,2024-07,False
600,2024-07,2024-08,False
600,2024-08,2024-09,False
600,2024-09,2024-10,False
600,2024-10,2024-11,False
600,2024-11,2024-12,False
601,2023-12,2024-01,False
601,2024-01,2024-02,False
601,2024-02,2024-03,False
601,2024-03,2024-04,False
601,2024-04,2024-05,False
601,2024-05,2024-06,False
601,2024-06,2024-07,False
601,2024-07,2024-08,False
601,2024-08,2024-09,False
601,2024-09,2024-10,False
601,2024-10,2024-11,False
601,2024-11,2024-12,False
602,2023-12,2024-01,False
602,2024-01,2024-02,False
602,2024-02,2024-03,False
602,2024-03,2024-04,False
602,2024-04,2024-05,False
602,2024-05,2024-06,False
602,2024-06,2024-07,False
602,2024-07,2024-08,False
602,2024-08,2024-09,False
602,2024-09,2024-10,False
602,2024-10,2024-11,False
602,2024-11,2024-12,False
603,2023-12,2024-01,False
603,2024-01,2024-02,False
603,2024-02,2024-03,False
603,2024-03,2024-04,False
603,2024-04,2024-05,False
603,2024-05,2024-06,False
603,2024-06,2024-07,False
603,2024-07,2024-08,False
603,2024-08,2024-09,False
603,2024-09,2024-10,False
603,2024-10,2024-11,False
603,2024-11,2024-12,False
604,2023-12,2024-01,False
604,2024-01,2024-02,False
604,2024-02,2024-03,False
604,2024-03,2024-04,False
604,2024-04,2024-05,False
604,2024-05,2024-06,False
604,2024-06,2024-07,False
604,2024-07,2024-08,False
604,2024-08,2024-09,False
604,2024-09,2024-10,False
604,2024-10,2024-11,False
604,2024-11,2024-12,False
605,2023-12,2024-01,False
605,2024-01,2024-02,False
605,2024-02,2024-03,False
605,2024-03,2024-04,False
605,2024-04,2024-05,False
605,2024-05,2024-06,False
605,2024-06,2024-07,False
605,2024-07,2024-08,False
605,2024-08,2024-09,False
605,2024-09,2024-10,False
605,2024-10,2024-11,False
605,2024-11,2024-12,False
606,2023-12,2024-01,False
606,2024-01,2024-02,False
606,2024-02,2024-03,False
606,2024-03,2024-04,False
606,2024-04,2024-05,False
606,2024-05,2024-06,False
606,2024-06,2024-07,False
606,2024-07,2024-08,False
606,2024-08,2024-09,False
606,2024-09,2024-10,False
606,2024-10,2024-11,False
606,2024-11,2024-12,False
607,2023-12,2024-01,False
607,2024-01,2024-02,False
607,2024-02,2024-03,False
607,2024-03,2024-04,False
607,2024-04,2024-05,False
607,2024-05,2024-06,False
607,2024-06,2024-07,False
607,2024-07,2024-08,False
607,2024-08,2024-09,False
607,2024-09,2024-10,False
607,2024-10,2024-11,False
607,2024-11,2024-12,False
608,2023-12,2024-01,False
608,2024-01,2024-02,False
608,2024-02,2024-03,False
608,2024-03,2024-04,False
608,2024-04,2024-05,False
608,2024-05,2024-06,False
608,2024-06,2024-07,False
608,2024-07,2024-08,False
608,2024-08,2024-09,False
608,2024-09,2024-10,False
608,2024-10,2024-11,False
608,2024-11,2024-12,False
611,2023-12,2024-01,False
611,2024-01,2024-02,False
611,2024-02,2024-03,False
611,2024-03,2024-04,False
611,2024-04,2024-05,False
611,2024-05,2024-06,False
611,2024-06,2024-07,False
612,2023-12,2024-01,False
612,2024-01,2024-02,False
612,2024-02,2024-03,False
612,2024-03,2024-04,False
612,2024-04,2024-05,False
612,2024-05,2024-06,False
612,2024-06,2024-07,False
612,2024-07,2024-08,False
612,2024-08,2024-09,False
612,2024-09,2024-10,False
612,2024-10,2024-11,False
612,2024-11,2024-12,False
613,2023-12,2024-01,False
613,2024-01,2024-02,False
613,2024-02,2024-03,False
613,2024-03,2024-04,False
613,2024-04,2024-05,False
613,2024-05,2024-06,False
613,2024-06,2024-07,False
613,2024-07,2024-08,False
613,2024-08,2024-09,False
613,2024-09,2024-10,False
613,2024-10,2024-11,False
613,2024-11,2024-12,False
614,2023-12,2024-01,False
614,2024-01,2024-02,False
614,2024-02,2024-03,False
614,2024-03,2024-04,False
614,2024-04,2024-05,False
614,2024-05,2024-06,False
614,2024-06,2024-07,False
614,2024-07,2024-08,False
614,2024-08,2024-09,False
614,2024-09,2024-10,False
614,2024-10,2024-11,False
614,2024-11,2024-12,False
615,2023-12,2024-01,False
615,2024-01,2024-02,False
615,2024-02,2024-03,False
615,2024-03,2024-04,False
615,2024-04,2024-05,False
615,2024-05,2024-06,False
615,2024-06,2024-07,False
615,2024-07,2024-08,False
615,2024-08,2024-09,False
615,2024-09,2024-10,False
615,2024-10,2024-11,False
615,2024-11,2024-12,False
616,2023-12,2024-01,False
616,2024-01,2024-02,False
616,2024-02,2024-03,False
616,2024-03,2024-04,False
616,2024-04,2024-05,False
616,2024-05,2024-06,False
616,2024-06,2024-07,False
616,2024-07,2024-08,False
616,2024-08,2024-09,False
616,2024-09,2024-10,False
616,2024-10,2024-11,False
616,2024-11,2024-12,False
618,2023-12,2024-01,False
618,2024-01,2024-02,False
618,2024-02,2024-03,False
618,2024-03,2024-04,False
618,2024-04,2024-05,False
618,2024-05,2024-06,False
618,2024-06,2024-07,False
618,2024-07,2024-08,False
618,2024-08,2024-09,False
618,2024-09,2024-10,False
618,2024-10,2024-11,False
618,2024-11,2024-12,False
619,2023-12,2024-01,False
619,2024-01,2024-02,False
619,2024-02,2024-03,False
619,2024-03,2024-04,False
619,2024-04,2024-05,False
619,2024-05,2024-06,False
619,2024-06,2024-07,False
619,2024-07,2024-08,False
619,2024-08,2024-09,False
619,2024-09,2024-10,False
619,2024-10,2024-11,False
619,2024-11,2024-12,False
621,2023-12,2024-01,False
621,2024-01,2024-02,False
621,2024-02,2024-03,False
621,2024-03,2024-04,False
621,2024-04,2024-05,False
621,2024-05,2024-06,False
621,2024-06,2024-07,False
621,2024-07,2024-08,False
621,2024-08,2024-09,False
621,2024-09,2024-10,False
621,2024-10,2024-11,False
621,2024-11,2024-12,False
666,2023-12,2024-01,False
666,2024-01,2024-02,False
666,2024-02,2024-03,False
666,2024-03,2024-04,False
666,2024-04,2024-05,False
666,2024-05,2024-06,False
666,2024-06,2024-07,False
666,2024-07,2024-08,False
666,2024-08,2024-09,False
666,2024-09,2024-10,False
666,2024-10,2024-11,False
666,2024-11,2024-12,False
667,2023-12,2024-01,False
667,2024-01,2024-02,False
667,2024-02,2024-03,False
667,2024-03,2024-04,False
667,2024-04,2024-05,False
667,2024-05,2024-06,False
667,2024-06,2024-07,False
667,2024-07,2024-08,False
667,2024-08,2024-09,False
667,2024-09,2024-10,False
667,2024-10,2024-11,False
667,2024-11,2024-12,False
668,2023-12,2024-01,False
668,2024-01,2024-02,False
668,2024-02,2024-03,False
668,2024-03,2024-04,False
668,2024-04,2024-05,False
668,2024-05,2024-06,False
668,2024-06,2024-07,False
668,2024-07,2024-08,False
668,2024-08,2024-09,False
668,2024-09,2024-10,False
668,2024-10,2024-11,False
668,2024-11,2024-12,False
669,2023-12,2024-01,False
669,2024-01,2024-02,False
669,2024-02,2024-03,False
669,2024-03,2024-04,False
669,2024-04,2024-05,False
669,2024-05,2024-06,False
669,2024-06,2024-07,False
669,2024-07,2024-08,False
669,2024-08,2024-09,False
669,2024-09,2024-10,False
669,2024-10,2024-11,False
669,2024-11,2024-12,False
670,2023-12,2024-01,False
670,2024-01,2024-02,False
670,2024-02,2024-03,False
670,2024-03,2024-04,False
670,2024-04,2024-05,False
670,2024-05,2024-06,False
670,2024-06,2024-07,False
670,2024-07,2024-08,False
670,2024-08,2024-09,False
670,2024-09,2024-10,False
670,2024-10,2024-11,False
670,2024-11,2024-12,False
671,2023-12,2024-01,False
671,2024-01,2024-02,False
671,2024-02,2024-03,False
671,2024-03,2024-04,False
671,2024-04,2024-05,False
671,2024-05,2024-06,False
671,2024-06,2024-07,False
671,2024-07,2024-08,False
671,2024-08,2024-09,False
671,2024-09,2024-10,False
671,2024-10,2024-11,False
671,2024-11,2024-12,False
674,2023-12,2024-01,False
674,2024-01,2024-02,False
674,2024-02,2024-03,False
674,2024-03,2024-04,False
674,2024-04,2024-05,False
674,2024-05,2024-06,False
674,2024-06,2024-07,False
674,2024-07,2024-08,False
674,2024-08,2024-09,False
674,2024-09,2024-10,False
674,2024-10,2024-11,False
674,2024-11,2024-12,False
675,2023-12,2024-01,False
675,2024-01,2024-02,False
675,2024-02,2024-03,False
675,2024-03,2024-04,False
675,2024-04,2024-05,False
675,2024-05,2024-06,False
675,2024-06,2024-07,False
675,2024-07,2024-08,False
675,2024-08,2024-09,False
675,2024-09,2024-10,False
675,2024-10,2024-11,False
675,2024-11,2024-12,False
676,2023-12,2024-01,False
676,2024-01,2024-02,False
676,2024-02,2024-03,False
676,2024-03,2024-04,False
676,2024-04,2024-05,False
676,2024-05,2024-06,False
676,2024-06,2024-07,False
676,2024-07,2024-08,False
676,2024-08,2024-09,False
676,2024-09,2024-10,False
676,2024-10,2024-11,False
676,2024-11,2024-12,False
677,2023-12,2024-01,False
677,2024-01,2024-02,False
677,2024-02,2024-03,False
677,2024-03,2024-04,False
677,2024-04,2024-05,False
677,2024-05,2024-06,False
677,2024-06,2024-07,False
677,2024-07,2024-08,False
677,2024-08,2024-09,False
677,2024-09,2024-10,False
677,2024-10,2024-11,False
677,2024-11,2024-12,False
678,2023-12,2024-01,False
678,2024-01,2024-02,False
678,2024-02,2024-03,False
678,2024-03,2024-04,False
678,2024-04,2024-05,False
678,2024-05,2024-06,False
678,2024-06,2024-07,False
678,2024-07,2024-08,False
678,2024-08,2024-09,False
678,2024-09,2024-10,False
678,2024-10,2024-11,False
678,2024-11,2024-12,False
679,2023-12,2024-01,False
679,2024-01,2024-02,False
679,2024-02,2024-03,False
679,2024-03,2024-04,False
679,2024-04,2024-05,False
679,2024-05,2024-06,False
679,2024-06,2024-07,False
679,2024-07,2024-08,False
679,2024-08,2024-09,False
679,2024-09,2024-10,False
679,2024-10,2024-11,False
679,2024-11,2024-12,False
680,2023-12,2024-01,False
680,2024-01,2024-02,False
680,2024-02,2024-03,False
680,2024-03,2024-04,False
680,2024-04,2024-05,False
680,2024-05,2024-06,False
680,2024-06,2024-07,False
680,2024-07,2024-08,False
680,2024-08,2024-09,False
680,2024-09,2024-10,False
680,2024-10,2024-11,False
680,2024-11,2024-12,False
683,2023-12,2024-01,False
683,2024-01,2024-02,False
683,2024-02,2024-03,False
683,2024-03,2024-04,False
683,2024-04,2024-05,False
683,2024-05,2024-06,False
683,2024-06,2024-07,False
683,2024-07,2024-08,False
683,2024-08,2024-09,False
683,2024-09,2024-10,False
683,2024-10,2024-11,False
683,2024-11,2024-12,False
685,2023-12,2024-01,False
685,2024-01,2024-02,False
685,2024-02,2024-03,False
685,2024-03,2024-04,False
685,2024-04,2024-05,False
685,2024-05,2024-06,False
685,2024-06,2024-07,False
685,2024-07,2024-08,False
685,2024-08,2024-09,False
685,2024-09,2024-10,False
685,2024-10,2024-11,False
685,2024-11,2024-12,False
686,2023-12,2024-01,False
686,2024-01,2024-02,False
686,2024-02,2024-03,False
686,2024-03,2024-04,False
686,2024-04,2024-05,False
686,2024-05,2024-06,False
686,2024-06,2024-07,False
686,2024-07,2024-08,False
686,2024-08,2024-09,False
686,2024-09,2024-10,False
686,2024-10,2024-11,False
686,2024-11,2024-12,False
687,2023-12,2024-01,False
687,2024-01,2024-02,False
687,2024-02,2024-03,False
687,2024-03,2024-04,False
687,2024-04,2024-05,False
687,2024-05,2024-06,False
687,2024-06,2024-07,False
687,2024-07,2024-08,False
687,2024-08,2024-09,False
687,2024-09,2024-10,False
687,2024-10,2024-11,False
687,2024-11,2024-12,False
689,2023-12,2024-01,False
689,2024-01,2024-02,False
689,2024-02,2024-03,False
689,2024-03,2024-04,False
689,2024-04,2024-05,False
689,2024-05,2024-06,False
689,2024-06,2024-07,False
689,2024-07,2024-08,False
689,2024-08,2024-09,False
689,2024-09,2024-10,False
689,2024-10,2024-11,False
689,2024-11,2024-12,False
690,2023-12,2024-01,False
690,2024-01,2024-02,False
690,2024-02,2024-03,False
690,2024-03,2024-04,False
690,2024-04,2024-05,False
690,2024-05,2024-06,False
690,2024-06,2024-07,False
690,2024-07,2024-08,False
690,2024-08,2024-09,False
690,2024-09,2024-10,False
690,2024-10,2024-11,False
690,2024-11,2024-12,False
691,2023-12,2024-01,False
691,2024-01,2024-02,False
691,2024-02,2024-03,False
691,2024-03,2024-04,False
691,2024-04,2024-05,False
691,2024-05,2024-06,False
691,2024-06,2024-07,False
691,2024-07,2024-08,False
691,2024-08,2024-09,False
691,2024-09,2024-10,False
691,2024-10,2024-11,False
691,2024-11,2024-12,False
692,2023-12,2024-01,False
692,2024-01,2024-02,False
692,2024-02,2024-03,False
692,2024-03,2024-04,False
692,2024-04,2024-05,False
692,2024-05,2024-06,False
692,2024-06,2024-07,False
692,2024-07,2024-08,False
692,2024-08,2024-09,False
692,2024-09,2024-10,False
692,2024-10,2024-11,False
692,2024-11,2024-12,False
693,2023-12,2024-01,False
693,2024-01,2024-02,False
693,2024-02,2024-03,False
693,2024-03,2024-04,False
693,2024-04,2024-05,False
693,2024-05,2024-06,False
693,2024-06,2024-07,False
693,2024-07,2024-08,False
693,2024-08,2024-09,False
693,2024-09,2024-10,False
693,2024-10,2024-11,False
693,2024-11,2024-12,False
694,2023-12,2024-01,False
694,2024-01,2024-02,False
694,2024-02,2024-03,False
694,2024-03,2024-04,False
694,2024-04,2024-05,False
694,2024-05,2024-06,False
694,2024-06,2024-07,False
694,2024-07,2024-08,False
694,2024-08,2024-09,False
694,2024-09,2024-10,False
694,2024-10,2024-11,False
694,2024-11,2024-12,False
695,2023-12,2024-01,False
695,2024-01,2024-02,False
695,2024-02,2024-03,False
695,2024-03,2024-04,False
695,2024-04,2024-05,False
695,2024-05,2024-06,False
695,2024-06,2024-07,False
695,2024-07,2024-08,False
695,2024-08,2024-09,False
695,2024-09,2024-10,False
695,2024-10,2024-11,False
695,2024-11,2024-12,False
696,2023-12,2024-01,False
696,2024-01,2024-02,False
696,2024-02,2024-03,False
696,2024-03,2024-04,False
696,2024-04,2024-05,False
696,2024-05,2024-06,False
696,2024-06,2024-07,False
696,2024-07,2024-08,False
696,2024-08,2024-09,False
696,2024-09,2024-10,False
696,2024-10,2024-11,False
696,2024-11,2024-12,False
697,2023-12,2024-01,False
697,2024-01,2024-02,False
697,2024-02,2024-03,False
697,2024-03,2024-04,False
697,2024-04,2024-05,False
697,2024-05,2024-06,False
697,2024-06,2024-07,False
697,2024-07,2024-08,False
697,2024-08,2024-09,False
697,2024-09,2024-10,False
697,2024-10,2024-11,False
697,2024-11,2024-12,False
698,2023-12,2024-01,False
698,2024-01,2024-02,False
698,2024-02,2024-03,False
698,2024-03,2024-04,False
698,2024-04,2024-05,False
698,2024-05,2024-06,False
698,2024-06,2024-07,False
698,2024-07,2024-08,False
698,2024-08,2024-09,False
698,2024-09,2024-10,False
698,2024-10,2024-11,False
698,2024-11,2024-12,False
699,2023-12,2024-01,False
699,2024-01,2024-02,False
699,2024-02,2024-03,False
699,2024-03,2024-04,False
699,2024-04,2024-05,False
699,2024-05,2024-06,False
699,2024-06,2024-07,False
699,2024-07,2024-08,False
699,2024-08,2024-09,False
699,2024-09,2024-10,False
699,2024-10,2024-11,False
699,2024-11,2024-12,False
701,2023-12,2024-01,False
701,2024-01,2024-02,False
701,2024-02,2024-03,False
701,2024-03,2024-04,False
701,2024-04,2024-05,False
701,2024-05,2024-06,False
701,2024-06,2024-07,False
701,2024-07,2024-08,False
701,2024-08,2024-09,False
701,2024-09,2024-10,False
701,2024-10,2024-11,False
701,2024-11,2024-12,False
702,2023-12,2024-01,False
702,2024-01,2024-02,False
702,2024-02,2024-03,False
702,2024-03,2024-04,False
702,2024-04,2024-05,False
702,2024-05,2024-06,False
702,2024-06,2024-07,False
702,2024-07,2024-08,False
702,2024-08,2024-09,False
702,2024-09,2024-10,False
702,2024-10,2024-11,False
702,2024-11,2024-12,False
703,2023-12,2024-01,False
703,2024-01,2024-02,False
703,2024-02,2024-03,False
703,2024-03,2024-04,False
703,2024-04,2024-05,False
703,2024-05,2024-06,False
703,2024-06,2024-07,False
703,2024-07,2024-08,False
703,2024-08,2024-09,False
703,2024-09,2024-10,False
703,2024-10,2024-11,False
703,2024-11,2024-12,False
704,2023-12,2024-01,False
704,2024-01,2024-02,False
704,2024-02,2024-03,False
704,2024-03,2024-04,False
704,2024-04,2024-05,False
704,2024-05,2024-06,False
704,2024-06,2024-07,False
704,2024-07,2024-08,False
704,2024-08,2024-09,False
704,2024-09,2024-10,False
704,2024-10,2024-11,False
704,2024-11,2024-12,False
705,2023-12,2024-01,False
705,2024-01,2024-02,False
705,2024-02,2024-03,False
705,2024-03,2024-04,False
705,2024-04,2024-05,False
705,2024-05,2024-06,False
705,2024-06,2024-07,False
705,2024-07,2024-08,False
705,2024-08,2024-09,False
705,2024-09,2024-10,False
705,2024-10,2024-11,False
705,2024-11,2024-12,False
706,2023-12,2024-01,False
706,2024-01,2024-02,False
706,2024-02,2024-03,False
706,2024-03,2024-04,False
706,2024-04,2024-05,False
706,2024-05,2024-06,False
706,2024-06,2024-07,False
706,2024-07,2024-08,False
706,2024-08,2024-09,False
706,2024-09,2024-10,False
706,2024-10,2024-11,False
706,2024-11,2024-12,False
708,2023-12,2024-01,False
708,2024-01,2024-02,False
708,2024-02,2024-03,False
708,2024-03,2024-04,False
708,2024-04,2024-05,False
708,2024-05,2024-06,False
708,2024-06,2024-07,False
708,2024-07,2024-08,False
708,2024-08,2024-09,False
708,2024-09,2024-10,False
708,2024-10,2024-11,False
708,2024-11,2024-12,False
710,2023-12,2024-01,False
710,2024-01,2024-02,False
710,2024-02,2024-03,False
710,2024-03,2024-04,False
710,2024-04,2024-05,False
710,2024-05,2024-06,False
710,2024-06,2024-07,False
710,2024-07,2024-08,False
710,2024-08,2024-09,False
710,2024-09,2024-10,False
710,2024-10,2024-11,False
710,2024-11,2024-12,False
711,2023-12,2024-01,False
711,2024-01,2024-02,False
711,2024-02,2024-03,False
711,2024-03,2024-04,False
711,2024-04,2024-05,False
711,2024-05,2024-06,False
711,2024-06,2024-07,False
711,2024-07,2024-08,False
711,2024-08,2024-09,False
711,2024-09,2024-10,False
711,2024-10,2024-11,False
711,2024-11,2024-12,False
712,2023-12,2024-01,False
712,2024-01,2024-02,False
712,2024-02,2024-03,False
712,2024-03,2024-04,False
712,2024-04,2024-05,False
712,2024-05,2024-06,False
712,2024-06,2024-07,False
712,2024-07,2024-08,False
712,2024-08,2024-09,False
712,2024-09,2024-10,False
712,2024-10,2024-11,False
712,2024-11,2024-12,False
713,2023-12,2024-01,False
713,2024-01,2024-02,False
713,2024-02,2024-03,False
713,2024-03,2024-04,False
713,2024-04,2024-05,False
713,2024-05,2024-06,False
713,2024-06,2024-07,False
713,2024-07,2024-08,False
713,2024-08,2024-09,False
713,2024-09,2024-10,False
713,2024-10,2024-11,False
713,2024-11,2024-12,False
714,2023-12,2024-01,False
714,2024-01,2024-02,False
714,2024-02,2024-03,False
714,2024-03,2024-04,False
714,2024-04,2024-05,False
714,2024-05,2024-06,False
714,2024-06,2024-07,False
714,2024-07,2024-08,False
714,2024-08,2024-09,False
714,2024-09,2024-10,False
714,2024-10,2024-11,False
714,2024-11,2024-12,False
715,2023-12,2024-01,False
715,2024-01,2024-02,False
715,2024-02,2024-03,False
715,2024-03,2024-04,False
715,2024-04,2024-05,False
715,2024-05,2024-06,False
715,2024-06,2024-07,False
715,2024-07,2024-08,False
715,2024-08,2024-09,False
715,2024-09,2024-10,False
715,2024-10,2024-11,False
715,2024-11,2024-12,False
716,2023-12,2024-01,False
716,2024-01,2024-02,False
716,2024-02,2024-03,False
716,2024-03,2024-04,False
716,2024-04,2024-05,False
716,2024-05,2024-06,False
716,2024-06,2024-07,False
716,2024-07,2024-08,False
716,2024-08,2024-09,False
716,2024-09,2024-10,False
716,2024-10,2024-11,False
716,2024-11,2024-12,False
717,2023-12,2024-01,False
717,2024-01,2024-02,False
717,2024-02,2024-03,False
717,2024-03,2024-04,False
717,2024-04,2024-05,False
717,2024-05,2024-06,False
717,2024-06,2024-07,False
717,2024-07,2024-08,False
717,2024-08,2024-09,False
717,2024-09,2024-10,False
717,2024-10,2024-11,False
717,2024-11,2024-12,False
718,2023-12,2024-01,False
718,2024-01,2024-02,False
718,2024-02,2024-03,False
718,2024-03,2024-04,False
718,2024-04,2024-05,False
718,2024-05,2024-06,False
718,2024-06,2024-07,False
718,2024-07,2024-08,False
718,2024-08,2024-09,False
718,2024-09,2024-10,False
718,2024-10,2024-11,False
718,2024-11,2024-12,False
719,2023-12,2024-01,False
719,2024-01,2024-02,False
719,2024-02,2024-03,False
719,2024-03,2024-04,False
719,2024-04,2024-05,False
719,2024-05,2024-06,False
719,2024-06,2024-07,False
719,2024-07,2024-08,False
719,2024-08,2024-09,False
719,2024-09,2024-10,False
719,2024-10,2024-11,False
719,2024-11,2024-12,False
720,2023-12,2024-01,False
720,2024-01,2024-02,False
720,2024-02,2024-03,False
720,2024-03,2024-04,False
720,2024-04,2024-05,False
720,2024-05,2024-06,False
720,2024-06,2024-07,False
720,2024-07,2024-08,False
720,2024-08,2024-09,False
720,2024-09,2024-10,False
720,2024-10,2024-11,False
720,2024-11,2024-12,False
721,2023-12,2024-01,False
721,2024-01,2024-02,False
721,2024-02,2024-03,False
721,2024-03,2024-04,False
721,2024-04,2024-05,False
721,2024-05,2024-06,False
721,2024-06,2024-07,False
721,2024-07,2024-08,False
721,2024-08,2024-09,False
721,2024-09,2024-10,False
721,2024-10,2024-11,False
721,2024-11,2024-12,False
722,2023-12,2024-01,False
722,2024-01,2024-02,False
722,2024-02,2024-03,False
722,2024-03,2024-04,False
722,2024-04,2024-05,False
722,2024-05,2024-06,False
722,2024-06,2024-07,False
722,2024-07,2024-08,False
722,2024-08,2024-09,False
722,2024-09,2024-10,False
722,2024-10,2024-11,False
722,2024-11,2024-12,False
723,2023-12,2024-01,False
723,2024-01,2024-02,False
723,2024-02,2024-03,False
723,2024-03,2024-04,False
723,2024-04,2024-05,False
723,2024-05,2024-06,False
723,2024-06,2024-07,False
723,2024-07,2024-08,False
723,2024-08,2024-09,False
723,2024-09,2024-10,False
723,2024-10,2024-11,False
723,2024-11,2024-12,False
725,2023-12,2024-01,False
725,2024-01,2024-02,False
725,2024-02,2024-03,False
725,2024-03,2024-04,False
725,2024-04,2024-05,False
725,2024-05,2024-06,False
725,2024-06,2024-07,False
725,2024-07,2024-08,False
725,2024-08,2024-09,False
725,2024-09,2024-10,False
725,2024-10,2024-11,False
725,2024-11,2024-12,False
726,2023-12,2024-01,False
726,2024-01,2024-02,False
726,2024-02,2024-03,False
726,2024-03,2024-04,False
726,2024-04,2024-05,False
726,2024-05,2024-06,False
726,2024-06,2024-07,False
726,2024-07,2024-08,False
726,2024-08,2024-09,False
726,2024-09,2024-10,False
726,2024-10,2024-11,False
726,2024-11,2024-12,False
727,2023-12,2024-01,False
727,2024-01,2024-02,False
727,2024-02,2024-03,False
727,2024-03,2024-04,False
727,2024-04,2024-05,False
727,2024-05,2024-06,False
727,2024-06,2024-07,False
727,2024-07,2024-08,False
727,2024-08,2024-09,False
727,2024-09,2024-10,False
727,2024-10,2024-11,False
727,2024-11,2024-12,False
731,2023-12,2024-01,False
731,2024-01,2024-02,False
731,2024-02,2024-03,False
731,2024-03,2024-04,False
731,2024-04,2024-05,False
731,2024-05,2024-06,False
731,2024-06,2024-07,False
731,2024-07,2024-08,False
731,2024-08,2024-09,False
731,2024-09,2024-10,False
731,2024-10,2024-11,False
731,2024-11,2024-12,False
734,2023-12,2024-01,False
734,2024-01,2024-02,False
734,2024-02,2024-03,False
734,2024-03,2024-04,False
734,2024-04,2024-05,False
734,2024-05,2024-06,False
734,2024-06,2024-07,False
734,2024-07,2024-08,False
734,2024-08,2024-09,False
734,2024-09,2024-10,False
734,2024-10,2024-11,False
734,2024-11,2024-12,False
735,2023-12,2024-01,False
735,2024-01,2024-02,False
735,2024-02,2024-03,False
735,2024-03,2024-04,False
735,2024-04,2024-05,False
735,2024-05,2024-06,False
735,2024-06,2024-07,False
735,2024-07,2024-08,False
735,2024-08,2024-09,False
735,2024-09,2024-10,False
735,2024-10,2024-11,False
735,2024-11,2024-12,False
736,2023-12,2024-01,False
736,2024-01,2024-02,False
736,2024-02,2024-03,False
736,2024-03,2024-04,False
736,2024-04,2024-05,False
736,2024-05,2024-06,False
736,2024-06,2024-07,False
736,2024-07,2024-08,False
736,2024-08,2024-09,False
736,2024-09,2024-10,False
736,2024-10,2024-11,False
736,2024-11,2024-12,False
737,2023-12,2024-01,False
737,2024-01,2024-02,False
737,2024-02,2024-03,False
737,2024-03,2024-04,False
737,2024-04,2024-05,False
737,2024-05,2024-06,False
737,2024-06,2024-07,False
737,2024-07,2024-08,False
737,2024-08,2024-09,False
737,2024-09,2024-10,False
737,2024-10,2024-11,False
737,2024-11,2024-12,False
738,2023-12,2024-01,False
738,2024-01,2024-02,False
738,2024-02,2024-03,False
738,2024-03,2024-04,False
738,2024-04,2024-05,False
738,2024-05,2024-06,False
738,2024-06,2024-07,False
738,2024-07,2024-08,False
738,2024-08,2024-09,False
738,2024-09,2024-10,False
738,2024-10,2024-11,False
738,2024-11,2024-12,False
739,2023-12,2024-01,False
739,2024-01,2024-02,False
739,2024-02,2024-03,False
739,2024-03,2024-04,False
739,2024-04,2024-05,False
739,2024-05,2024-06,False
739,2024-06,2024-07,False
739,2024-07,2024-08,False
739,2024-08,2024-09,False
739,2024-09,2024-10,False
739,2024-10,2024-11,False
739,2024-11,2024-12,False
741,2023-12,2024-01,False
741,2024-01,2024-02,False
741,2024-02,2024-03,False
741,2024-03,2024-04,False
741,2024-04,2024-05,False
741,2024-05,2024-06,False
741,2024-06,2024-07,False
741,2024-07,2024-08,False
741,2024-08,2024-09,False
741,2024-09,2024-10,False
741,2024-10,2024-11,False
741,2024-11,2024-12,False
742,2023-12,2024-01,False
742,2024-01,2024-02,False
742,2024-02,2024-03,False
742,2024-03,2024-04,False
742,2024-04,2024-05,False
742,2024-05,2024-06,False
742,2024-06,2024-07,False
742,2024-07,2024-08,False
742,2024-08,2024-09,False
742,2024-09,2024-10,False
742,2024-10,2024-11,False
742,2024-11,2024-12,False
743,2023-12,2024-01,False
743,2024-01,2024-02,False
743,2024-02,2024-03,False
743,2024-03,2024-04,False
743,2024-04,2024-05,False
743,2024-05,2024-06,False
743,2024-06,2024-07,False
743,2024-07,2024-08,False
743,2024-08,2024-09,False
743,2024-09,2024-10,False
743,2024-10,2024-11,False
743,2024-11,2024-12,False
744,2023-12,2024-01,False
744,2024-01,2024-02,False
744,2024-02,2024-03,False
744,2024-03,2024-04,False
744,2024-04,2024-05,False
744,2024-05,2024-06,False
744,2024-06,2024-07,False
744,2024-07,2024-08,False
744,2024-08,2024-09,False
744,2024-09,2024-10,False
744,2024-10,2024-11,False
744,2024-11,2024-12,False
745,2023-12,2024-01,False
745,2024-01,2024-02,False
745,2024-02,2024-03,False
745,2024-03,2024-04,False
745,2024-04,2024-05,False
745,2024-05,2024-06,False
745,2024-06,2024-07,False
745,2024-07,2024-08,False
745,2024-08,2024-09,False
745,2024-09,2024-10,False
745,2024-10,2024-11,False
745,2024-11,2024-12,False
746,2023-12,2024-01,False
746,2024-01,2024-02,False
746,2024-02,2024-03,False
746,2024-03,2024-04,False
746,2024-04,2024-05,False
746,2024-05,2024-06,False
746,2024-06,2024-07,False
746,2024-07,2024-08,False
746,2024-08,2024-09,False
746,2024-09,2024-10,False
746,2024-10,2024-11,False
746,2024-11,2024-12,False
747,2023-12,2024-01,False
747,2024-01,2024-02,False
747,2024-02,2024-03,False
747,2024-03,2024-04,False
747,2024-04,2024-05,False
747,2024-05,2024-06,False
747,2024-06,2024-07,False
747,2024-07,2024-08,False
747,2024-08,2024-09,False
747,2024-09,2024-10,False
747,2024-10,2024-11,False
747,2024-11,2024-12,False
748,2023-12,2024-01,False
748,2024-01,2024-02,False
748,2024-02,2024-03,False
748,2024-03,2024-04,False
748,2024-04,2024-05,False
748,2024-05,2024-06,False
748,2024-06,2024-07,False
748,2024-07,2024-08,False
748,2024-08,2024-09,False
748,2024-09,2024-10,False
748,2024-10,2024-11,False
748,2024-11,2024-12,False
749,2023-12,2024-01,False
749,2024-01,2024-02,False
749,2024-02,2024-03,False
749,2024-03,2024-04,False
749,2024-04,2024-05,False
749,2024-05,2024-06,False
749,2024-06,2024-07,False
749,2024-07,2024-08,False
749,2024-08,2024-09,False
749,2024-09,2024-10,False
749,2024-10,2024-11,False
749,2024-11,2024-12,False
751,2023-12,2024-01,False
751,2024-01,2024-02,False
751,2024-02,2024-03,False
751,2024-03,2024-04,False
751,2024-04,2024-05,False
751,2024-05,2024-06,False
751,2024-06,2024-07,False
751,2024-07,2024-08,False
751,2024-08,2024-09,False
751,2024-09,2024-10,False
751,2024-10,2024-11,False
751,2024-11,2024-12,False
752,2023-12,2024-01,False
752,2024-01,2024-02,False
752,2024-02,2024-03,False
752,2024-03,2024-04,False
752,2024-04,2024-05,False
752,2024-05,2024-06,False
752,2024-06,2024-07,False
752,2024-07,2024-08,False
752,2024-08,2024-09,False
752,2024-09,2024-10,False
752,2024-10,2024-11,False
752,2024-11,2024-12,False
753,2023-12,2024-01,False
753,2024-01,2024-02,False
753,2024-02,2024-03,False
753,2024-03,2024-04,False
753,2024-04,2024-05,False
753,2024-05,2024-06,False
753,2024-06,2024-07,False
753,2024-07,2024-08,False
753,2024-08,2024-09,False
753,2024-09,2024-10,False
753,2024-10,2024-11,False
753,2024-11,2024-12,False
754,2023-12,2024-01,False
754,2024-01,2024-02,False
754,2024-02,2024-03,False
754,2024-03,2024-04,False
754,2024-04,2024-05,False
754,2024-05,2024-06,False
754,2024-06,2024-07,False
754,2024-07,2024-08,False
754,2024-08,2024-09,False
754,2024-09,2024-10,False
754,2024-10,2024-11,False
754,2024-11,2024-12,False
755,2023-12,2024-01,False
755,2024-01,2024-02,False
755,2024-02,2024-03,False
755,2024-03,2024-04,False
755,2024-04,2024-05,False
755,2024-05,2024-06,False
755,2024-06,2024-07,False
755,2024-07,2024-08,False
755,2024-08,2024-09,False
755,2024-09,2024-10,False
755,2024-10,2024-11,False
755,2024-11,2024-12,False
756,2023-12,2024-01,False
756,2024-01,2024-02,False
756,2024-02,2024-03,False
756,2024-03,2024-04,False
756,2024-04,2024-05,False
756,2024-05,2024-06,False
756,2024-06,2024-07,False
756,2024-07,2024-08,False
756,2024-08,2024-09,False
756,2024-09,2024-10,False
756,2024-10,2024-11,False
756,2024-11,2024-12,False
757,2023-12,2024-01,False
757,2024-01,2024-02,False
757,2024-02,2024-03,False
757,2024-03,2024-04,False
757,2024-04,2024-05,False
757,2024-05,2024-06,False
757,2024-06,2024-07,False
757,2024-07,2024-08,False
757,2024-08,2024-09,False
757,2024-09,2024-10,False
757,2024-10,2024-11,False
757,2024-11,2024-12,False
758,2023-12,2024-01,False
758,2024-01,2024-02,False
758,2024-02,2024-03,False
758,2024-03,2024-04,False
758,2024-04,2024-05,False
758,2024-05,2024-06,False
758,2024-06,2024-07,False
758,2024-07,2024-08,False
758,2024-08,2024-09,False
758,2024-09,2024-10,False
758,2024-10,2024-11,False
758,2024-11,2024-12,False
760,2023-12,2024-01,False
760,2024-01,2024-02,False
760,2024-02,2024-03,False
760,2024-03,2024-04,False
760,2024-04,2024-05,False
760,2024-05,2024-06,False
760,2024-06,2024-07,False
760,2024-07,2024-08,False
760,2024-08,2024-09,False
760,2024-09,2024-10,False
760,2024-10,2024-11,False
760,2024-11,2024-12,False
761,2023-12,2024-01,False
761,2024-01,2024-02,False
761,2024-02,2024-03,False
761,2024-03,2024-04,False
761,2024-04,2024-05,False
761,2024-05,2024-06,False
761,2024-06,2024-07,False
761,2024-07,2024-08,False
761,2024-08,2024-09,False
761,2024-09,2024-10,False
761,2024-10,2024-11,False
761,2024-11,2024-12,False
763,2023-12,2024-01,False
763,2024-01,2024-02,False
763,2024-02,2024-03,False
763,2024-03,2024-04,False
763,2024-04,2024-05,False
763,2024-05,2024-06,False
763,2024-06,2024-07,False
763,2024-07,2024-08,False
763,2024-08,2024-09,False
763,2024-09,2024-10,False
763,2024-10,2024-11,False
763,2024-11,2024-12,False
764,2023-12,2024-01,False
764,2024-01,2024-02,False
764,2024-02,2024-03,False
764,2024-03,2024-04,False
764,2024-04,2024-05,False
764,2024-05,2024-06,False
764,2024-06,2024-07,False
764,2024-07,2024-08,False
764,2024-08,2024-09,False
764,2024-09,2024-10,False
764,2024-10,2024-11,False
764,2024-11,2024-12,False
765,2023-12,2024-01,False
765,2024-01,2024-02,False
765,2024-02,2024-03,False
765,2024-03,2024-04,False
765,2024-04,2024-05,False
765,2024-05,2024-06,False
765,2024-06,2024-07,False
765,2024-07,2024-08,False
765,2024-08,2024-09,False
765,2024-09,2024-10,False
765,2024-10,2024-11,False
765,2024-11,2024-12,False
766,2023-12,2024-01,False
766,2024-01,2024-02,False
766,2024-02,2024-03,False
766,2024-03,2024-04,False
766,2024-04,2024-05,False
766,2024-05,2024-06,False
766,2024-06,2024-07,False
766,2024-07,2024-08,False
766,2024-08,2024-09,False
766,2024-09,2024-10,False
766,2024-10,2024-11,False
766,2024-11,2024-12,False
767,2023-12,2024-01,False
767,2024-01,2024-02,False
767,2024-02,2024-03,False
767,2024-03,2024-04,False
767,2024-04,2024-05,False
767,2024-05,2024-06,False
767,2024-06,2024-07,False
767,2024-07,2024-08,False
767,2024-08,2024-09,False
767,2024-09,2024-10,False
767,2024-10,2024-11,False
767,2024-11,2024-12,False
769,2023-12,2024-01,False
769,2024-01,2024-02,False
769,2024-02,2024-03,False
769,2024-03,2024-04,False
769,2024-04,2024-05,False
769,2024-05,2024-06,False
769,2024-06,2024-07,False
769,2024-07,2024-08,False
769,2024-08,2024-09,False
769,2024-09,2024-10,False
769,2024-10,2024-11,False
769,2024-11,2024-12,False
770,2023-12,2024-01,False
770,2024-01,2024-02,False
770,2024-02,2024-03,False
770,2024-03,2024-04,False
770,2024-04,2024-05,False
770,2024-05,2024-06,False
770,2024-06,2024-07,False
770,2024-07,2024-08,False
770,2024-08,2024-09,False
770,2024-09,2024-10,False
770,2024-10,2024-11,False
770,2024-11,2024-12,False
771,2023-12,2024-01,False
771,2024-01,2024-02,False
771,2024-02,2024-03,False
771,2024-03,2024-04,False
771,2024-04,2024-05,False
771,2024-05,2024-06,False
771,2024-06,2024-07,False
771,2024-07,2024-08,False
771,2024-08,2024-09,False
771,2024-09,2024-10,False
771,2024-10,2024-11,False
771,2024-11,2024-12,False
773,2023-12,2024-01,False
773,2024-01,2024-02,False
773,2024-02,2024-03,False
773,2024-03,2024-04,False
773,2024-04,2024-05,False
773,2024-05,2024-06,False
773,2024-06,2024-07,False
773,2024-07,2024-08,False
773,2024-08,2024-09,False
773,2024-09,2024-10,False
773,2024-10,2024-11,False
773,2024-11,2024-12,False
774,2023-12,2024-01,False
774,2024-01,2024-02,False
774,2024-02,2024-03,False
774,2024-03,2024-04,False
774,2024-04,2024-05,False
774,2024-05,2024-06,False
774,2024-06,2024-07,False
774,2024-07,2024-08,False
774,2024-08,2024-09,False
774,2024-09,2024-10,False
774,2024-10,2024-11,False
774,2024-11,2024-12,False
775,2023-12,2024-01,False
775,2024-01,2024-02,False
775,2024-02,2024-03,False
775,2024-03,2024-04,False
775,2024-04,2024-05,False
775,2024-05,2024-06,False
775,2024-06,2024-07,False
775,2024-07,2024-08,False
775,2024-08,2024-09,False
775,2024-09,2024-10,False
775,2024-10,2024-11,False
775,2024-11,2024-12,False
776,2023-12,2024-01,False
776,2024-01,2024-02,False
776,2024-02,2024-03,False
776,2024-03,2024-04,False
776,2024-04,2024-05,False
776,2024-05,2024-06,False
776,2024-06,2024-07,False
776,2024-07,2024-08,False
776,2024-08,2024-09,False
776,2024-09,2024-10,False
776,2024-10,2024-11,False
776,2024-11,2024-12,False
777,2023-12,2024-01,False
777,2024-01,2024-02,False
777,2024-02,2024-03,False
777,2024-03,2024-04,False
777,2024-04,2024-05,False
777,2024-05,2024-06,False
777,2024-06,2024-07,False
777,2024-07,2024-08,False
777,2024-08,2024-09,False
777,2024-09,2024-10,False
777,2024-10,2024-11,False
777,2024-11,2024-12,False
778,2023-12,2024-01,False
778,2024-01,2024-02,False
778,2024-02,2024-03,False
778,2024-03,2024-04,False
778,2024-04,2024-05,False
778,2024-05,2024-06,False
778,2024-06,2024-07,False
778,2024-07,2024-08,False
778,2024-08,2024-09,False
778,2024-09,2024-10,False
778,2024-10,2024-11,False
778,2024-11,2024-12,False
779,2023-12,2024-01,False
779,2024-01,2024-02,False
779,2024-02,2024-03,False
779,2024-03,2024-04,False
779,2024-04,2024-05,False
779,2024-05,2024-06,False
779,2024-06,2024-07,False
779,2024-07,2024-08,False
779,2024-08,2024-09,False
779,2024-09,2024-10,False
779,2024-10,2024-11,False
779,2024-11,2024-12,False
780,2023-12,2024-01,False
780,2024-01,2024-02,False
780,2024-02,2024-03,False
780,2024-03,2024-04,False
780,2024-04,2024-05,False
780,2024-05,2024-06,False
780,2024-06,2024-07,False
780,2024-07,2024-08,False
780,2024-08,2024-09,False
780,2024-09,2024-10,False
780,2024-10,2024-11,False
780,2024-11,2024-12,False
781,2023-12,2024-01,False
781,2024-01,2024-02,False
781,2024-02,2024-03,False
781,2024-03,2024-04,False
781,2024-04,2024-05,False
781,2024-05,2024-06,False
781,2024-06,2024-07,False
781,2024-07,2024-08,False
781,2024-08,2024-09,False
781,2024-09,2024-10,False
781,2024-10,2024-11,False
781,2024-11,2024-12,False
782,2023-12,2024-01,False
782,2024-01,2024-02,False
782,2024-02,2024-03,False
782,2024-03,2024-04,False
782,2024-04,2024-05,False
782,2024-05,2024-06,False
782,2024-06,2024-07,False
782,2024-07,2024-08,False
782,2024-08,2024-09,False
782,2024-09,2024-10,False
782,2024-10,2024-11,False
782,2024-11,2024-12,False
783,2023-12,2024-01,False
783,2024-01,2024-02,False
783,2024-02,2024-03,False
783,2024-03,2024-04,False
783,2024-04,2024-05,False
783,2024-05,2024-06,False
783,2024-06,2024-07,False
783,2024-07,2024-08,False
783,2024-08,2024-09,False
783,2024-09,2024-10,False
783,2024-10,2024-11,False
783,2024-11,2024-12,False
784,2023-12,2024-01,False
784,2024-01,2024-02,False
784,2024-02,2024-03,False
784,2024-03,2024-04,False
784,2024-04,2024-05,False
784,2024-05,2024-06,False
784,2024-06,2024-07,False
784,2024-07,2024-08,False
784,2024-08,2024-09,False
784,2024-09,2024-10,False
784,2024-10,2024-11,False
784,2024-11,2024-12,False
785,2023-12,2024-01,False
785,2024-01,2024-02,False
785,2024-02,2024-03,False
785,2024-03,2024-04,False
785,2024-04,2024-05,False
785,2024-05,2024-06,False
785,2024-06,2024-07,False
785,2024-07,2024-08,False
785,2024-08,2024-09,False
785,2024-09,2024-10,False
785,2024-10,2024-11,False
785,2024-11,2024-12,False
787,2023-12,2024-01,False
787,2024-01,2024-02,False
787,2024-02,2024-03,False
787,2024-03,2024-04,False
787,2024-04,2024-05,False
787,2024-05,2024-06,False
787,2024-06,2024-07,False
787,2024-07,2024-08,False
787,2024-08,2024-09,False
787,2024-09,2024-10,False
787,2024-10,2024-11,False
787,2024-11,2024-12,False
788,2023-12,2024-01,False
788,2024-01,2024-02,False
788,2024-02,2024-03,False
788,2024-03,2024-04,False
788,2024-04,2024-05,False
788,2024-05,2024-06,False
788,2024-06,2024-07,False
788,2024-07,2024-08,False
788,2024-08,2024-09,False
788,2024-09,2024-10,False
788,2024-10,2024-11,False
788,2024-11,2024-12,False
789,2023-12,2024-01,False
789,2024-01,2024-02,False
789,2024-02,2024-03,False
789,2024-03,2024-04,False
789,2024-04,2024-05,False
789,2024-05,2024-06,False
789,2024-06,2024-07,False
789,2024-07,2024-08,False
789,2024-08,2024-09,False
789,2024-09,2024-10,False
789,2024-10,2024-11,False
789,2024-11,2024-12,False
790,2023-12,2024-01,False
790,2024-01,2024-02,False
790,2024-02,2024-03,False
790,2024-03,2024-04,False
790,2024-04,2024-05,False
790,2024-05,2024-06,False
790,2024-06,2024-07,False
790,2024-07,2024-08,False
790,2024-08,2024-09,False
790,2024-09,2024-10,False
790,2024-10,2024-11,False
790,2024-11,2024-12,False
791,2023-12,2024-01,False
791,2024-01,2024-02,False
791,2024-02,2024-03,False
791,2024-03,2024-04,False
791,2024-04,2024-05,False
791,2024-05,2024-06,False
791,2024-06,2024-07,False
791,2024-07,2024-08,False
791,2024-08,2024-09,False
791,2024-09,2024-10,False
791,2024-10,2024-11,False
791,2024-11,2024-12,False
792,2023-12,2024-01,False
792,2024-01,2024-02,False
792,2024-02,2024-03,False
792,2024-03,2024-04,False
792,2024-04,2024-05,False
792,2024-05,2024-06,False
792,2024-06,2024-07,False
792,2024-07,2024-08,False
792,2024-08,2024-09,False
792,2024-09,2024-10,False
792,2024-10,2024-11,False
792,2024-11,2024-12,False
793,2023-12,2024-01,False
793,2024-01,2024-02,False
793,2024-02,2024-03,False
793,2024-03,2024-04,False
793,2024-04,2024-05,False
793,2024-05,2024-06,False
793,2024-06,2024-07,False
793,2024-07,2024-08,False
793,2024-08,2024-09,False
793,2024-09,2024-10,False
793,2024-10,2024-11,False
793,2024-11,2024-12,False
794,2023-12,2024-01,False
794,2024-01,2024-02,False
794,2024-02,2024-03,False
794,2024-03,2024-04,False
794,2024-04,2024-05,False
794,2024-05,2024-06,False
794,2024-06,2024-07,False
794,2024-07,2024-08,False
794,2024-08,2024-09,False
794,2024-09,2024-10,False
794,2024-10,2024-11,False
794,2024-11,2024-12,False
795,2023-12,2024-01,False
795,2024-01,2024-02,False
795,2024-02,2024-03,False
795,2024-03,2024-04,False
795,2024-04,2024-05,False
795,2024-05,2024-06,False
795,2024-06,2024-07,False
795,2024-07,2024-08,False
795,2024-08,2024-09,False
795,2024-09,2024-10,False
795,2024-10,2024-11,False
795,2024-11,2024-12,False
796,2023-12,2024-01,False
796,2024-01,2024-02,False
796,2024-02,2024-03,False
796,2024-03,2024-04,False
796,2024-04,2024-05,False
796,2024-05,2024-06,False
796,2024-06,2024-07,False
796,2024-07,2024-08,False
796,2024-08,2024-09,False
796,2024-09,2024-10,False
796,2024-10,2024-11,False
796,2024-11,2024-12,False
797,2023-12,2024-01,False
797,2024-01,2024-02,False
797,2024-02,2024-03,False
797,2024-03,2024-04,False
797,2024-04,2024-05,False
797,2024-05,2024-06,False
797,2024-06,2024-07,False
797,2024-07,2024-08,False
797,2024-08,2024-09,False
797,2024-09,2024-10,False
797,2024-10,2024-11,False
797,2024-11,2024-12,False
798,2023-12,2024-01,False
798,2024-01,2024-02,False
798,2024-02,2024-03,False
798,2024-03,2024-04,False
798,2024-04,2024-05,False
798,2024-05,2024-06,False
798,2024-06,2024-07,False
798,2024-07,2024-08,False
798,2024-08,2024-09,False
798,2024-09,2024-10,False
798,2024-10,2024-11,False
798,2024-11,2024-12,False
799,2023-12,2024-01,False
799,2024-01,2024-02,False
799,2024-02,2024-03,False
799,2024-03,2024-04,False
799,2024-04,2024-05,False
799,2024-05,2024-06,False
799,2024-06,2024-07,False
799,2024-07,2024-08,False
799,2024-08,2024-09,False
799,2024-09,2024-10,False
799,2024-10,2024-11,False
799,2024-11,2024-12,False
800,2023-12,2024-01,False
800,2024-01,2024-02,False
800,2024-02,2024-03,False
800,2024-03,2024-04,False
800,2024-04,2024-05,False
800,2024-05,2024-06,False
800,2024-06,2024-07,False
800,2024-07,2024-08,False
800,2024-08,2024-09,False
800,2024-09,2024-10,False
800,2024-10,2024-11,False
800,2024-11,2024-12,False
801,2023-12,2024-01,False
801,2024-01,2024-02,False
801,2024-02,2024-03,False
801,2024-03,2024-04,False
801,2024-04,2024-05,False
801,2024-05,2024-06,False
801,2024-06,2024-07,False
801,2024-07,2024-08,False
801,2024-08,2024-09,False
801,2024-09,2024-10,False
801,2024-10,2024-11,False
801,2024-11,2024-12,False
802,2023-12,2024-01,False
802,2024-01,2024-02,False
802,2024-02,2024-03,False
802,2024-03,2024-04,False
802,2024-04,2024-05,False
802,2024-05,2024-06,False
802,2024-06,2024-07,False
802,2024-07,2024-08,False
802,2024-08,2024-09,False
802,2024-09,2024-10,False
802,2024-10,2024-11,False
802,2024-11,2024-12,False
803,2023-12,2024-01,False
803,2024-01,2024-02,False
803,2024-02,2024-03,False
803,2024-03,2024-04,False
803,2024-04,2024-05,False
803,2024-05,2024-06,False
803,2024-06,2024-07,False
803,2024-07,2024-08,False
803,2024-08,2024-09,False
803,2024-09,2024-10,False
803,2024-10,2024-11,False
803,2024-11,2024-12,False
804,2023-12,2024-01,False
804,2024-01,2024-02,False
804,2024-02,2024-03,False
804,2024-03,2024-04,False
804,2024-04,2024-05,False
804,2024-05,2024-06,False
804,2024-06,2024-07,False
804,2024-07,2024-08,False
804,2024-08,2024-09,False
804,2024-09,2024-10,False
804,2024-10,2024-11,False
804,2024-11,2024-12,False
805,2023-12,2024-01,False
805,2024-01,2024-02,False
805,2024-02,2024-03,False
805,2024-03,2024-04,False
805,2024-04,2024-05,False
805,2024-05,2024-06,False
805,2024-06,2024-07,False
805,2024-07,2024-08,False
805,2024-08,2024-09,False
805,2024-09,2024-10,False
805,2024-10,2024-11,False
805,2024-11,2024-12,False
806,2023-12,2024-01,False
806,2024-01,2024-02,False
806,2024-02,2024-03,False
806,2024-03,2024-04,False
806,2024-04,2024-05,False
806,2024-05,2024-06,False
806,2024-06,2024-07,False
806,2024-07,2024-08,False
806,2024-08,2024-09,False
806,2024-09,2024-10,False
806,2024-10,2024-11,False
806,2024-11,2024-12,False
807,2023-12,2024-01,False
807,2024-01,2024-02,False
807,2024-02,2024-03,False
807,2024-03,2024-04,False
807,2024-04,2024-05,False
807,2024-05,2024-06,False
807,2024-06,2024-07,False
807,2024-07,2024-08,False
807,2024-08,2024-09,False
807,2024-09,2024-10,False
807,2024-10,2024-11,False
807,2024-11,2024-12,False
808,2023-12,2024-01,False
808,2024-01,2024-02,False
808,2024-02,2024-03,False
808,2024-03,2024-04,False
808,2024-04,2024-05,False
808,2024-05,2024-06,False
808,2024-06,2024-07,False
808,2024-07,2024-08,False
808,2024-08,2024-09,False
808,2024-09,2024-10,False
808,2024-10,2024-11,False
808,2024-11,2024-12,False
809,2023-12,2024-01,False
809,2024-01,2024-02,False
809,2024-02,2024-03,False
809,2024-03,2024-04,False
809,2024-04,2024-05,False
809,2024-05,2024-06,False
809,2024-06,2024-07,False
809,2024-07,2024-08,False
809,2024-08,2024-09,False
809,2024-09,2024-10,False
809,2024-10,2024-11,False
809,2024-11,2024-12,False
810,2023-12,2024-01,False
810,2024-01,2024-02,False
810,2024-02,2024-03,False
810,2024-03,2024-04,False
810,2024-04,2024-05,False
810,2024-05,2024-06,False
810,2024-06,2024-07,False
810,2024-07,2024-08,False
810,2024-08,2024-09,False
810,2024-09,2024-10,False
810,2024-10,2024-11,False
810,2024-11,2024-12,False
811,2023-12,2024-01,False
811,2024-01,2024-02,False
811,2024-02,2024-03,False
811,2024-03,2024-04,False
811,2024-04,2024-05,False
811,2024-05,2024-06,False
811,2024-06,2024-07,False
811,2024-07,2024-08,False
811,2024-08,2024-09,False
811,2024-09,2024-10,False
811,2024-10,2024-11,False
811,2024-11,2024-12,False
812,2023-12,2024-01,False
812,2024-01,2024-02,False
812,2024-02,2024-03,False
812,2024-03,2024-04,False
812,2024-04,2024-05,False
812,2024-05,2024-06,False
812,2024-06,2024-07,False
812,2024-07,2024-08,False
812,2024-08,2024-09,False
812,2024-09,2024-10,False
812,2024-10,2024-11,False
812,2024-11,2024-12,False
813,2023-12,2024-01,False
813,2024-01,2024-02,False
813,2024-02,2024-03,False
813,2024-03,2024-04,False
813,2024-04,2024-05,False
813,2024-05,2024-06,False
813,2024-06,2024-07,False
813,2024-07,2024-08,False
813,2024-08,2024-09,False
813,2024-09,2024-10,False
813,2024-10,2024-11,False
813,2024-11,2024-12,False
814,2023-12,2024-01,False
814,2024-01,2024-02,False
814,2024-02,2024-03,False
814,2024-03,2024-04,False
814,2024-04,2024-05,False
814,2024-05,2024-06,False
814,2024-06,2024-07,False
814,2024-07,2024-08,False
814,2024-08,2024-09,False
814,2024-09,2024-10,False
814,2024-10,2024-11,False
814,2024-11,2024-12,False
815,2023-12,2024-01,False
815,2024-01,2024-02,False
815,2024-02,2024-03,False
815,2024-03,2024-04,False
815,2024-04,2024-05,False
815,2024-05,2024-06,False
815,2024-06,2024-07,False
815,2024-07,2024-08,False
815,2024-08,2024-09,False
815,2024-09,2024-10,False
815,2024-10,2024-11,False
815,2024-11,2024-12,False
817,2023-12,2024-01,False
817,2024-01,2024-02,False
817,2024-02,2024-03,False
817,2024-03,2024-04,False
817,2024-04,2024-05,False
817,2024-05,2024-06,False
817,2024-06,2024-07,False
817,2024-07,2024-08,False
817,2024-08,2024-09,False
817,2024-09,2024-10,False
817,2024-10,2024-11,False
817,2024-11,2024-12,False
818,2023-12,2024-01,False
818,2024-01,2024-02,False
818,2024-02,2024-03,False
818,2024-03,2024-04,False
818,2024-04,2024-05,False
818,2024-05,2024-06,False
818,2024-06,2024-07,False
818,2024-07,2024-08,False
818,2024-08,2024-09,False
818,2024-09,2024-10,False
818,2024-10,2024-11,False
818,2024-11,2024-12,False
819,2023-12,2024-01,False
819,2024-01,2024-02,False
819,2024-02,2024-03,False
819,2024-03,2024-04,False
819,2024-04,2024-05,False
819,2024-05,2024-06,False
819,2024-06,2024-07,False
819,2024-07,2024-08,False
819,2024-08,2024-09,False
819,2024-09,2024-10,False
819,2024-10,2024-11,False
819,2024-11,2024-12,False
820,2023-12,2024-01,False
820,2024-01,2024-02,False
820,2024-02,2024-03,False
820,2024-03,2024-04,False
820,2024-04,2024-05,False
820,2024-05,2024-06,False
820,2024-06,2024-07,False
820,2024-07,2024-08,False
820,2024-08,2024-09,False
820,2024-09,2024-10,False
820,2024-10,2024-11,False
820,2024-11,2024-12,False
821,2023-12,2024-01,False
821,2024-01,2024-02,False
821,2024-02,2024-03,False
821,2024-03,2024-04,False
821,2024-04,2024-05,False
821,2024-05,2024-06,False
821,2024-06,2024-07,False
821,2024-07,2024-08,False
821,2024-08,2024-09,False
821,2024-09,2024-10,False
821,2024-10,2024-11,False
821,2024-11,2024-12,False
822,2023-12,2024-01,False
822,2024-01,2024-02,False
822,2024-02,2024-03,False
822,2024-03,2024-04,False
822,2024-04,2024-05,False
822,2024-05,2024-06,False
822,2024-06,2024-07,False
822,2024-07,2024-08,False
822,2024-08,2024-09,False
822,2024-09,2024-10,False
822,2024-10,2024-11,False
822,2024-11,2024-12,False
823,2023-12,2024-01,False
823,2024-01,2024-02,False
823,2024-02,2024-03,False
823,2024-03,2024-04,False
823,2024-04,2024-05,False
823,2024-05,2024-06,False
823,2024-06,2024-07,False
823,2024-07,2024-08,False
823,2024-08,2024-09,False
823,2024-09,2024-10,False
823,2024-10,2024-11,False
823,2024-11,2024-12,False
824,2023-12,2024-01,False
824,2024-01,2024-02,False
824,2024-02,2024-03,False
824,2024-03,2024-04,False
824,2024-04,2024-05,False
824,2024-05,2024-06,False
824,2024-06,2024-07,False
824,2024-07,2024-08,False
824,2024-08,2024-09,False
824,2024-09,2024-10,False
824,2024-10,2024-11,False
824,2024-11,2024-12,False
825,2023-12,2024-01,False
825,2024-01,2024-02,False
825,2024-02,2024-03,False
825,2024-03,2024-04,False
825,2024-04,2024-05,False
825,2024-05,2024-06,False
825,2024-06,2024-07,False
825,2024-07,2024-08,False
825,2024-08,2024-09,False
825,2024-09,2024-10,False
825,2024-10,2024-11,False
825,2024-11,2024-12,False
826,2023-12,2024-01,False
826,2024-01,2024-02,False
826,2024-02,2024-03,False
826,2024-03,2024-04,False
826,2024-04,2024-05,False
826,2024-05,2024-06,False
826,2024-06,2024-07,False
826,2024-07,2024-08,False
826,2024-08,2024-09,False
826,2024-09,2024-10,False
826,2024-10,2024-11,False
826,2024-11,2024-12,False
827,2023-12,2024-01,False
827,2024-01,2024-02,False
827,2024-02,2024-03,False
827,2024-03,2024-04,False
827,2024-04,2024-05,False
827,2024-05,2024-06,False
827,2024-06,2024-07,False
827,2024-07,2024-08,False
827,2024-08,2024-09,False
827,2024-09,2024-10,False
827,2024-10,2024-11,False
827,2024-11,2024-12,False
828,2023-12,2024-01,False
828,2024-01,2024-02,False
828,2024-02,2024-03,False
828,2024-03,2024-04,False
828,2024-04,2024-05,False
828,2024-05,2024-06,False
828,2024-06,2024-07,False
828,2024-07,2024-08,False
828,2024-08,2024-09,False
828,2024-09,2024-10,False
828,2024-10,2024-11,False
828,2024-11,2024-12,False
829,2023-12,2024-01,False
829,2024-01,2024-02,False
829,2024-02,2024-03,False
829,2024-03,2024-04,False
829,2024-04,2024-05,False
829,2024-05,2024-06,False
829,2024-06,2024-07,False
829,2024-07,2024-08,False
829,2024-08,2024-09,False
829,2024-09,2024-10,False
829,2024-10,2024-11,False
829,2024-11,2024-12,False
830,2023-12,2024-01,False
830,2024-01,2024-02,False
830,2024-02,2024-03,False
830,2024-03,2024-04,False
830,2024-04,2024-05,False
830,2024-05,2024-06,False
830,2024-06,2024-07,False
830,2024-07,2024-08,False
830,2024-08,2024-09,False
830,2024-09,2024-10,False
830,2024-10,2024-11,False
830,2024-11,2024-12,False
831,2023-12,2024-01,False
831,2024-01,2024-02,False
831,2024-02,2024-03,False
831,2024-03,2024-04,False
831,2024-04,2024-05,False
831,2024-05,2024-06,False
831,2024-06,2024-07,False
831,2024-07,2024-08,False
831,2024-08,2024-09,False
831,2024-09,2024-10,False
831,2024-10,2024-11,False
831,2024-11,2024-12,False
832,2023-12,2024-01,False
832,2024-01,2024-02,False
832,2024-02,2024-03,False
832,2024-03,2024-04,False
832,2024-04,2024-05,False
832,2024-05,2024-06,False
832,2024-06,2024-07,False
832,2024-07,2024-08,False
832,2024-08,2024-09,False
832,2024-09,2024-10,False
832,2024-10,2024-11,False
832,2024-11,2024-12,False
833,2023-12,2024-01,False
833,2024-01,2024-02,False
833,2024-02,2024-03,False
833,2024-03,2024-04,False
833,2024-04,2024-05,False
833,2024-05,2024-06,False
833,2024-06,2024-07,False
833,2024-07,2024-08,False
833,2024-08,2024-09,False
833,2024-09,2024-10,False
833,2024-10,2024-11,False
833,2024-11,2024-12,False
834,2023-12,2024-01,False
834,2024-01,2024-02,False
834,2024-02,2024-03,False
834,2024-03,2024-04,False
834,2024-04,2024-05,False
834,2024-05,2024-06,False
834,2024-06,2024-07,False
834,2024-07,2024-08,False
834,2024-08,2024-09,False
834,2024-09,2024-10,False
834,2024-10,2024-11,False
834,2024-11,2024-12,False
835,2023-12,2024-01,False
835,2024-01,2024-02,False
835,2024-02,2024-03,False
835,2024-03,2024-04,False
835,2024-04,2024-05,False
835,2024-05,2024-06,False
835,2024-06,2024-07,False
835,2024-07,2024-08,False
835,2024-08,2024-09,False
835,2024-09,2024-10,False
835,2024-10,2024-11,False
835,2024-11,2024-12,False
836,2023-12,2024-01,False
836,2024-01,2024-02,False
836,2024-02,2024-03,False
836,2024-03,2024-04,False
836,2024-04,2024-05,False
836,2024-05,2024-06,False
836,2024-06,2024-07,False
836,2024-07,2024-08,False
836,2024-08,2024-09,False
836,2024-09,2024-10,False
836,2024-10,2024-11,False
836,2024-11,2024-12,False
838,2023-12,2024-01,False
838,2024-01,2024-02,False
838,2024-02,2024-03,False
838,2024-03,2024-04,False
838,2024-04,2024-05,False
838,2024-05,2024-06,False
838,2024-06,2024-07,False
838,2024-07,2024-08,False
838,2024-08,2024-09,False
838,2024-09,2024-10,False
838,2024-10,2024-11,False
838,2024-11,2024-12,False
839,2023-12,2024-01,False
839,2024-01,2024-02,False
839,2024-02,2024-03,False
839,2024-03,2024-04,False
839,2024-04,2024-05,False
839,2024-05,2024-06,False
839,2024-06,2024-07,False
839,2024-07,2024-08,False
839,2024-08,2024-09,False
839,2024-09,2024-10,False
839,2024-10,2024-11,False
839,2024-11,2024-12,False
840,2023-12,2024-01,False
840,2024-01,2024-02,False
840,2024-02,2024-03,False
840,2024-03,2024-04,False
840,2024-04,2024-05,False
840,2024-05,2024-06,False
840,2024-06,2024-07,False
840,2024-07,2024-08,False
840,2024-08,2024-09,False
840,2024-09,2024-10,False
840,2024-10,2024-11,False
840,2024-11,2024-12,False
841,2023-12,2024-01,False
841,2024-01,2024-02,False
841,2024-02,2024-03,False
841,2024-03,2024-04,False
841,2024-04,2024-05,False
841,2024-05,2024-06,False
841,2024-06,2024-07,False
841,2024-07,2024-08,False
841,2024-08,2024-09,False
841,2024-09,2024-10,False
841,2024-10,2024-11,False
841,2024-11,2024-12,False
842,2023-12,2024-01,False
842,2024-01,2024-02,False
842,2024-02,2024-03,False
842,2024-03,2024-04,False
842,2024-04,2024-05,False
842,2024-05,2024-06,False
842,2024-06,2024-07,False
842,2024-07,2024-08,False
842,2024-08,2024-09,False
842,2024-09,2024-10,False
842,2024-10,2024-11,False
842,2024-11,2024-12,False
843,2023-12,2024-01,False
843,2024-01,2024-02,False
843,2024-02,2024-03,False
843,2024-03,2024-04,False
843,2024-04,2024-05,False
843,2024-05,2024-06,False
843,2024-06,2024-07,False
843,2024-07,2024-08,False
843,2024-08,2024-09,False
843,2024-09,2024-10,False
843,2024-10,2024-11,False
843,2024-11,2024-12,False
844,2023-12,2024-01,False
844,2024-01,2024-02,False
844,2024-02,2024-03,False
844,2024-03,2024-04,False
844,2024-04,2024-05,False
844,2024-05,2024-06,False
844,2024-06,2024-07,False
844,2024-07,2024-08,False
844,2024-08,2024-09,False
844,2024-09,2024-10,False
844,2024-10,2024-11,False
844,2024-11,2024-12,False
846,2023-12,2024-01,False
846,2024-01,2024-02,False
846,2024-02,2024-03,False
846,2024-03,2024-04,False
846,2024-04,2024-05,False
846,2024-05,2024-06,False
846,2024-06,2024-07,False
846,2024-07,2024-08,False
846,2024-08,2024-09,False
846,2024-09,2024-10,False
846,2024-10,2024-11,False
846,2024-11,2024-12,False
847,2023-12,2024-01,False
847,2024-01,2024-02,False
847,2024-02,2024-03,False
847,2024-03,2024-04,False
847,2024-04,2024-05,False
847,2024-05,2024-06,False
847,2024-06,2024-07,False
847,2024-07,2024-08,False
847,2024-08,2024-09,False
847,2024-09,2024-10,False
847,2024-10,2024-11,False
847,2024-11,2024-12,False
848,2023-12,2024-01,False
848,2024-01,2024-02,False
848,2024-02,2024-03,False
848,2024-03,2024-04,False
848,2024-04,2024-05,False
848,2024-05,2024-06,False
848,2024-06,2024-07,False
848,2024-07,2024-08,False
848,2024-08,2024-09,False
848,2024-09,2024-10,False
848,2024-10,2024-11,False
848,2024-11,2024-12,False
849,2023-12,2024-01,False
849,2024-01,2024-02,False
849,2024-02,2024-03,False
849,2024-03,2024-04,False
849,2024-04,2024-05,False
849,2024-05,2024-06,False
849,2024-06,2024-07,False
849,2024-07,2024-08,False
849,2024-08,2024-09,False
849,2024-09,2024-10,False
849,2024-10,2024-11,False
849,2024-11,2024-12,False
851,2023-12,2024-01,False
851,2024-01,2024-02,False
851,2024-02,2024-03,False
851,2024-03,2024-04,False
851,2024-04,2024-05,False
851,2024-05,2024-06,False
851,2024-06,2024-07,False
851,2024-07,2024-08,False
851,2024-08,2024-09,False
851,2024-09,2024-10,False
851,2024-10,2024-11,False
851,2024-11,2024-12,False
852,2023-12,2024-01,False
852,2024-01,2024-02,False
852,2024-02,2024-03,False
852,2024-03,2024-04,False
852,2024-04,2024-05,False
852,2024-05,2024-06,False
852,2024-06,2024-07,False
852,2024-07,2024-08,False
852,2024-08,2024-09,False
852,2024-09,2024-10,False
852,2024-10,2024-11,False
852,2024-11,2024-12,False
853,2023-12,2024-01,False
853,2024-01,2024-02,False
853,2024-02,2024-03,False
853,2024-03,2024-04,False
853,2024-04,2024-05,False
853,2024-05,2024-06,False
853,2024-06,2024-07,False
853,2024-07,2024-08,False
853,2024-08,2024-09,False
853,2024-09,2024-10,False
853,2024-10,2024-11,False
853,2024-11,2024-12,False
854,2023-12,2024-01,False
854,2024-01,2024-02,False
854,2024-02,2024-03,False
854,2024-03,2024-04,False
854,2024-04,2024-05,False
854,2024-05,2024-06,False
854,2024-06,2024-07,False
854,2024-07,2024-08,False
854,2024-08,2024-09,False
854,2024-09,2024-10,False
854,2024-10,2024-11,False
854,2024-11,2024-12,False
855,2023-12,2024-01,False
855,2024-01,2024-02,False
855,2024-02,2024-03,False
855,2024-03,2024-04,False
855,2024-04,2024-05,False
855,2024-05,2024-06,False
855,2024-06,2024-07,False
855,2024-07,2024-08,False
855,2024-08,2024-09,False
855,2024-09,2024-10,False
855,2024-10,2024-11,False
855,2024-11,2024-12,False
856,2023-12,2024-01,False
856,2024-01,2024-02,False
856,2024-02,2024-03,False
856,2024-03,2024-04,False
856,2024-04,2024-05,False
856,2024-05,2024-06,False
856,2024-06,2024-07,False
856,2024-07,2024-08,False
856,2024-08,2024-09,False
856,2024-09,2024-10,False
856,2024-10,2024-11,False
856,2024-11,2024-12,False
857,2023-12,2024-01,False
857,2024-01,2024-02,False
857,2024-02,2024-03,False
857,2024-03,2024-04,False
857,2024-04,2024-05,False
857,2024-05,2024-06,False
857,2024-06,2024-07,False
857,2024-07,2024-08,False
857,2024-08,2024-09,False
857,2024-09,2024-10,False
857,2024-10,2024-11,False
857,2024-11,2024-12,False
859,2023-12,2024-01,False
859,2024-01,2024-02,False
859,2024-02,2024-03,False
859,2024-03,2024-04,False
859,2024-04,2024-05,False
859,2024-05,2024-06,False
859,2024-06,2024-07,False
859,2024-07,2024-08,False
859,2024-08,2024-09,False
859,2024-09,2024-10,False
859,2024-10,2024-11,False
859,2024-11,2024-12,False
860,2023-12,2024-01,False
860,2024-01,2024-02,False
860,2024-02,2024-03,False
860,2024-03,2024-04,False
860,2024-04,2024-05,False
860,2024-05,2024-06,False
860,2024-06,2024-07,False
860,2024-07,2024-08,False
860,2024-08,2024-09,False
860,2024-09,2024-10,False
860,2024-10,2024-11,False
860,2024-11,2024-12,False
870,2023-12,2024-01,False
870,2024-01,2024-02,False
870,2024-02,2024-03,False
870,2024-03,2024-04,False
870,2024-04,2024-05,False
870,2024-05,2024-06,False
870,2024-06,2024-07,False
870,2024-07,2024-08,False
870,2024-08,2024-09,False
870,2024-09,2024-10,False
870,2024-10,2024-11,False
870,2024-11,2024-12,False
871,2023-12,2024-01,False
871,2024-01,2024-02,False
871,2024-02,2024-03,False
871,2024-03,2024-04,False
871,2024-04,2024-05,False
871,2024-05,2024-06,False
871,2024-06,2024-07,False
871,2024-07,2024-08,False
871,2024-08,2024-09,False
871,2024-09,2024-10,False
871,2024-10,2024-11,False
871,2024-11,2024-12,False
872,2023-12,2024-01,False
872,2024-01,2024-02,False
872,2024-02,2024-03,False
872,2024-03,2024-04,False
872,2024-04,2024-05,False
872,2024-05,2024-06,False
872,2024-06,2024-07,False
872,2024-07,2024-08,False
872,2024-08,2024-09,False
872,2024-09,2024-10,False
872,2024-10,2024-11,False
872,2024-11,2024-12,False
873,2023-12,2024-01,False
873,2024-01,2024-02,False
873,2024-02,2024-03,False
873,2024-03,2024-04,False
873,2024-04,2024-05,False
873,2024-05,2024-06,False
873,2024-06,2024-07,False
873,2024-07,2024-08,False
873,2024-08,2024-09,False
873,2024-09,2024-10,False
873,2024-10,2024-11,False
873,2024-11,2024-12,False
874,2023-12,2024-01,False
874,2024-01,2024-02,False
874,2024-02,2024-03,False
874,2024-03,2024-04,False
874,2024-04,2024-05,False
874,2024-05,2024-06,False
874,2024-06,2024-07,False
874,2024-07,2024-08,False
874,2024-08,2024-09,False
874,2024-09,2024-10,False
874,2024-10,2024-11,False
874,2024-11,2024-12,False
875,2023-12,2024-01,False
875,2024-01,2024-02,False
875,2024-02,2024-03,False
875,2024-03,2024-04,False
875,2024-04,2024-05,False
875,2024-05,2024-06,False
875,2024-06,2024-07,False
875,2024-07,2024-08,False
875,2024-08,2024-09,False
875,2024-09,2024-10,False
875,2024-10,2024-11,False
875,2024-11,2024-12,False
876,2023-12,2024-01,False
876,2024-01,2024-02,False
876,2024-02,2024-03,False
876,2024-03,2024-04,False
876,2024-04,2024-05,False
876,2024-05,2024-06,False
876,2024-06,2024-07,False
876,2024-07,2024-08,False
876,2024-08,2024-09,False
876,2024-09,2024-10,False
876,2024-10,2024-11,False
876,2024-11,2024-12,False
877,2023-12,2024-01,False
877,2024-01,2024-02,False
877,2024-02,2024-03,False
877,2024-03,2024-04,False
877,2024-04,2024-05,False
877,2024-05,2024-06,False
877,2024-06,2024-07,False
877,2024-07,2024-08,False
877,2024-08,2024-09,False
877,2024-09,2024-10,False
877,2024-10,2024-11,False
877,2024-11,2024-12,False
878,2023-12,2024-01,False
878,2024-01,2024-02,False
878,2024-02,2024-03,False
878,2024-03,2024-04,False
878,2024-04,2024-05,False
878,2024-05,2024-06,False
878,2024-06,2024-07,False
878,2024-07,2024-08,False
878,2024-08,2024-09,False
878,2024-09,2024-10,False
878,2024-10,2024-11,False
878,2024-11,2024-12,False
879,2023-12,2024-01,False
879,2024-01,2024-02,False
879,2024-02,2024-03,False
879,2024-03,2024-04,False
879,2024-04,2024-05,False
879,2024-05,2024-06,False
879,2024-06,2024-07,False
879,2024-07,2024-08,False
879,2024-08,2024-09,False
879,2024-09,2024-10,False
879,2024-10,2024-11,False
879,2024-11,2024-12,False
880,2023-12,2024-01,False
880,2024-01,2024-02,False
880,2024-02,2024-03,False
880,2024-03,2024-04,False
880,2024-04,2024-05,False
880,2024-05,2024-06,False
880,2024-06,2024-07,False
880,2024-07,2024-08,False
880,2024-08,2024-09,False
880,2024-09,2024-10,False
880,2024-10,2024-11,False
880,2024-11,2024-12,False
881,2023-12,2024-01,False
881,2024-01,2024-02,False
881,2024-02,2024-03,False
881,2024-03,2024-04,False
881,2024-04,2024-05,False
881,2024-05,2024-06,False
881,2024-06,2024-07,False
881,2024-07,2024-08,False
881,2024-08,2024-09,False
881,2024-09,2024-10,False
881,2024-10,2024-11,False
881,2024-11,2024-12,False
882,2023-12,2024-01,False
882,2024-01,2024-02,False
882,2024-02,2024-03,False
882,2024-03,2024-04,False
882,2024-04,2024-05,False
882,2024-05,2024-06,False
882,2024-06,2024-07,False
882,2024-07,2024-08,False
882,2024-08,2024-09,False
882,2024-09,2024-10,False
882,2024-10,2024-11,False
882,2024-11,2024-12,False
883,2023-12,2024-01,False
883,2024-01,2024-02,False
883,2024-02,2024-03,False
883,2024-03,2024-04,False
883,2024-04,2024-05,False
883,2024-05,2024-06,False
883,2024-06,2024-07,False
883,2024-07,2024-08,False
883,2024-08,2024-09,False
883,2024-09,2024-10,False
883,2024-10,2024-11,False
883,2024-11,2024-12,False
884,2023-12,2024-01,False
884,2024-01,2024-02,False
884,2024-02,2024-03,False
884,2024-03,2024-04,False
884,2024-04,2024-05,False
884,2024-05,2024-06,False
884,2024-06,2024-07,False
884,2024-07,2024-08,False
884,2024-08,2024-09,False
884,2024-09,2024-10,False
884,2024-10,2024-11,False
884,2024-11,2024-12,False
885,2023-12,2024-01,False
885,2024-01,2024-02,False
885,2024-02,2024-03,False
885,2024-03,2024-04,False
885,2024-04,2024-05,False
885,2024-05,2024-06,False
885,2024-06,2024-07,False
885,2024-07,2024-08,False
885,2024-08,2024-09,False
885,2024-09,2024-10,False
885,2024-10,2024-11,False
885,2024-11,2024-12,False
886,2023-12,2024-01,False
886,2024-01,2024-02,False
886,2024-02,2024-03,False
886,2024-03,2024-04,False
886,2024-04,2024-05,False
886,2024-05,2024-06,False
886,2024-06,2024-07,False
886,2024-07,2024-08,False
886,2024-08,2024-09,False
886,2024-09,2024-10,False
886,2024-10,2024-11,False
886,2024-11,2024-12,False
888,2023-12,2024-01,False
888,2024-01,2024-02,False
888,2024-02,2024-03,False
888,2024-03,2024-04,False
888,2024-04,2024-05,False
888,2024-05,2024-06,False
888,2024-06,2024-07,False
888,2024-07,2024-08,False
888,2024-08,2024-09,False
888,2024-09,2024-10,False
888,2024-10,2024-11,False
888,2024-11,2024-12,False
889,2023-12,2024-01,False
889,2024-01,2024-02,False
889,2024-02,2024-03,False
889,2024-03,2024-04,False
889,2024-04,2024-05,False
889,2024-05,2024-06,False
889,2024-06,2024-07,False
889,2024-07,2024-08,False
889,2024-08,2024-09,False
889,2024-09,2024-10,False
889,2024-10,2024-11,False
889,2024-11,2024-12,False
890,2023-12,2024-01,False
890,2024-01,2024-02,False
890,2024-02,2024-03,False
890,2024-03,2024-04,False
890,2024-04,2024-05,False
890,2024-05,2024-06,False
890,2024-06,2024-07,False
890,2024-07,2024-08,False
890,2024-08,2024-09,False
890,2024-09,2024-10,False
890,2024-10,2024-11,False
890,2024-11,2024-12,False
891,2023-12,2024-01,False
891,2024-01,2024-02,False
891,2024-02,2024-03,False
891,2024-03,2024-04,False
891,2024-04,2024-05,False
891,2024-05,2024-06,False
891,2024-06,2024-07,False
891,2024-07,2024-08,False
891,2024-08,2024-09,False
891,2024-09,2024-10,False
891,2024-10,2024-11,False
891,2024-11,2024-12,False
892,2023-12,2024-01,False
892,2024-01,2024-02,False
892,2024-02,2024-03,False
892,2024-03,2024-04,False
892,2024-04,2024-05,False
892,2024-05,2024-06,False
892,2024-06,2024-07,False
892,2024-07,2024-08,False
892,2024-08,2024-09,False
892,2024-09,2024-10,False
892,2024-10,2024-11,False
892,2024-11,2024-12,False
895,2023-12,2024-01,False
895,2024-01,2024-02,False
895,2024-02,2024-03,False
895,2024-03,2024-04,False
895,2024-04,2024-05,False
895,2024-05,2024-06,False
895,2024-06,2024-07,False
895,2024-07,2024-08,False
895,2024-08,2024-09,False
895,2024-09,2024-10,False
895,2024-10,2024-11,False
895,2024-11,2024-12,False
896,2023-12,2024-01,False
896,2024-01,2024-02,False
896,2024-02,2024-03,False
896,2024-03,2024-04,False
896,2024-04,2024-05,False
896,2024-05,2024-06,False
896,2024-06,2024-07,False
896,2024-07,2024-08,False
896,2024-08,2024-09,False
896,2024-09,2024-10,False
896,2024-10,2024-11,False
896,2024-11,2024-12,False
897,2023-12,2024-01,False
897,2024-01,2024-02,False
897,2024-02,2024-03,False
897,2024-03,2024-04,False
897,2024-04,2024-05,False
897,2024-05,2024-06,False
897,2024-06,2024-07,False
897,2024-07,2024-08,False
897,2024-08,2024-09,False
897,2024-09,2024-10,False
897,2024-10,2024-11,False
897,2024-11,2024-12,False
898,2023-12,2024-01,False
898,2024-01,2024-02,False
898,2024-02,2024-03,False
898,2024-03,2024-04,False
898,2024-04,2024-05,False
898,2024-05,2024-06,False
898,2024-06,2024-07,False
898,2024-07,2024-08,False
898,2024-08,2024-09,False
898,2024-09,2024-10,False
898,2024-10,2024-11,False
898,2024-11,2024-12,False
899,2023-12,2024-01,False
899,2024-01,2024-02,False
899,2024-02,2024-03,False
899,2024-03,2024-04,False
899,2024-04,2024-05,False
899,2024-05,2024-06,False
899,2024-06,2024-07,False
899,2024-07,2024-08,False
899,2024-08,2024-09,False
899,2024-09,2024-10,False
899,2024-10,2024-11,False
899,2024-11,2024-12,False
900,2023-12,2024-01,False
900,2024-01,2024-02,False
900,2024-02,2024-03,False
900,2024-03,2024-04,False
900,2024-04,2024-05,False
900,2024-05,2024-06,False
900,2024-06,2024-07,False
900,2024-07,2024-08,False
900,2024-08,2024-09,False
900,2024-09,2024-10,False
900,2024-10,2024-11,False
900,2024-11,2024-12,False
901,2023-12,2024-01,False
901,2024-01,2024-02,False
901,2024-02,2024-03,False
901,2024-03,2024-04,False
901,2024-04,2024-05,False
901,2024-05,2024-06,False
901,2024-06,2024-07,False
901,2024-07,2024-08,False
901,2024-08,2024-09,False
901,2024-09,2024-10,False
901,2024-10,2024-11,False
901,2024-11,2024-12,False
902,2023-12,2024-01,False
902,2024-01,2024-02,False
902,2024-02,2024-03,False
902,2024-03,2024-04,False
902,2024-04,2024-05,False
902,2024-05,2024-06,False
902,2024-06,2024-07,False
902,2024-07,2024-08,False
902,2024-08,2024-09,False
902,2024-09,2024-10,False
902,2024-10,2024-11,False
902,2024-11,2024-12,False
903,2023-12,2024-01,False
903,2024-01,2024-02,False
903,2024-02,2024-03,False
903,2024-03,2024-04,False
903,2024-04,2024-05,False
903,2024-05,2024-06,False
903,2024-06,2024-07,False
903,2024-07,2024-08,False
903,2024-08,2024-09,False
903,2024-09,2024-10,False
903,2024-10,2024-11,False
903,2024-11,2024-12,False
904,2023-12,2024-01,False
904,2024-01,2024-02,False
904,2024-02,2024-03,False
904,2024-03,2024-04,False
904,2024-04,2024-05,False
904,2024-05,2024-06,False
904,2024-06,2024-07,False
904,2024-07,2024-08,False
904,2024-08,2024-09,False
904,2024-09,2024-10,False
904,2024-10,2024-11,False
904,2024-11,2024-12,False
905,2023-12,2024-01,False
905,2024-01,2024-02,False
905,2024-02,2024-03,False
905,2024-03,2024-04,False
905,2024-04,2024-05,False
905,2024-05,2024-06,False
905,2024-06,2024-07,False
905,2024-07,2024-08,False
905,2024-08,2024-09,False
905,2024-09,2024-10,False
905,2024-10,2024-11,False
905,2024-11,2024-12,False
907,2023-12,2024-01,False
907,2024-01,2024-02,False
907,2024-02,2024-03,False
907,2024-03,2024-04,False
907,2024-04,2024-05,False
907,2024-05,2024-06,False
907,2024-06,2024-07,False
907,2024-07,2024-08,False
907,2024-08,2024-09,False
907,2024-09,2024-10,False
907,2024-10,2024-11,False
907,2024-11,2024-12,False
908,2023-12,2024-01,False
908,2024-01,2024-02,False
908,2024-02,2024-03,False
908,2024-03,2024-04,False
908,2024-04,2024-05,False
908,2024-05,2024-06,False
908,2024-06,2024-07,False
908,2024-07,2024-08,False
908,2024-08,2024-09,False
908,2024-09,2024-10,False
908,2024-10,2024-11,False
908,2024-11,2024-12,False
909,2023-12,2024-01,False
909,2024-01,2024-02,False
909,2024-02,2024-03,False
909,2024-03,2024-04,False
909,2024-04,2024-05,False
909,2024-05,2024-06,False
909,2024-06,2024-07,False
909,2024-07,2024-08,False
909,2024-08,2024-09,False
909,2024-09,2024-10,False
909,2024-10,2024-11,False
909,2024-11,2024-12,False
911,2023-12,2024-01,False
911,2024-01,2024-02,False
911,2024-02,2024-03,False
911,2024-03,2024-04,False
911,2024-04,2024-05,False
911,2024-05,2024-06,False
911,2024-06,2024-07,False
911,2024-07,2024-08,False
911,2024-08,2024-09,False
911,2024-09,2024-10,False
911,2024-10,2024-11,False
911,2024-11,2024-12,False
912,2023-12,2024-01,False
912,2024-01,2024-02,False
912,2024-02,2024-03,False
912,2024-03,2024-04,False
912,2024-04,2024-05,False
912,2024-05,2024-06,False
912,2024-06,2024-07,False
912,2024-07,2024-08,False
912,2024-08,2024-09,False
912,2024-09,2024-10,False
912,2024-10,2024-11,False
912,2024-11,2024-12,False
913,2023-12,2024-01,False
913,2024-01,2024-02,False
913,2024-02,2024-03,False
913,2024-03,2024-04,False
913,2024-04,2024-05,False
913,2024-05,2024-06,False
913,2024-06,2024-07,False
913,2024-07,2024-08,False
913,2024-08,2024-09,False
913,2024-09,2024-10,False
913,2024-10,2024-11,False
913,2024-11,2024-12,False
914,2023-12,2024-01,False
914,2024-01,2024-02,False
914,2024-02,2024-03,False
914,2024-03,2024-04,False
914,2024-04,2024-05,False
914,2024-05,2024-06,False
914,2024-06,2024-07,False
914,2024-07,2024-08,False
914,2024-08,2024-09,False
914,2024-09,2024-10,False
914,2024-10,2024-11,False
914,2024-11,2024-12,False
915,2023-12,2024-01,False
915,2024-01,2024-02,False
915,2024-02,2024-03,False
915,2024-03,2024-04,False
915,2024-04,2024-05,False
915,2024-05,2024-06,False
915,2024-06,2024-07,False
915,2024-07,2024-08,False
915,2024-08,2024-09,False
915,2024-09,2024-10,False
915,2024-10,2024-11,False
915,2024-11,2024-12,False
916,2023-12,2024-01,False
916,2024-01,2024-02,False
916,2024-02,2024-03,False
916,2024-03,2024-04,False
916,2024-04,2024-05,False
916,2024-05,2024-06,False
916,2024-06,2024-07,False
916,2024-07,2024-08,False
916,2024-08,2024-09,False
916,2024-09,2024-10,False
916,2024-10,2024-11,False
916,2024-11,2024-12,False
917,2023-12,2024-01,False
917,2024-01,2024-02,False
917,2024-02,2024-03,False
917,2024-03,2024-04,False
917,2024-04,2024-05,False
917,2024-05,2024-06,False
917,2024-06,2024-07,False
917,2024-07,2024-08,False
917,2024-08,2024-09,False
917,2024-09,2024-10,False
917,2024-10,2024-11,False
917,2024-11,2024-12,False
918,2023-12,2024-01,False
918,2024-01,2024-02,False
918,2024-02,2024-03,False
918,2024-03,2024-04,False
918,2024-04,2024-05,False
918,2024-05,2024-06,False
918,2024-06,2024-07,False
918,2024-07,2024-08,False
918,2024-08,2024-09,False
918,2024-09,2024-10,False
918,2024-10,2024-11,False
918,2024-11,2024-12,False
920,2023-12,2024-01,False
920,2024-01,2024-02,False
920,2024-02,2024-03,False
920,2024-03,2024-04,False
920,2024-04,2024-05,False
920,2024-05,2024-06,False
920,2024-06,2024-07,False
920,2024-07,2024-08,False
920,2024-08,2024-09,False
920,2024-09,2024-10,False
920,2024-10,2024-11,False
920,2024-11,2024-12,False
922,2023-12,2024-01,False
922,2024-01,2024-02,False
922,2024-02,2024-03,False
922,2024-03,2024-04,False
922,2024-04,2024-05,False
922,2024-05,2024-06,False
922,2024-06,2024-07,False
922,2024-07,2024-08,False
922,2024-08,2024-09,False
922,2024-09,2024-10,False
922,2024-10,2024-11,False
922,2024-11,2024-12,False
923,2023-12,2024-01,False
923,2024-01,2024-02,False
923,2024-02,2024-03,False
923,2024-03,2024-04,False
923,2024-04,2024-05,False
923,2024-05,2024-06,False
923,2024-06,2024-07,False
923,2024-07,2024-08,False
923,2024-08,2024-09,False
923,2024-09,2024-10,False
923,2024-10,2024-11,False
923,2024-11,2024-12,False
924,2023-12,2024-01,False
924,2024-01,2024-02,False
924,2024-02,2024-03,False
924,2024-03,2024-04,False
924,2024-04,2024-05,False
924,2024-05,2024-06,False
924,2024-06,2024-07,False
924,2024-07,2024-08,False
924,2024-08,2024-09,False
924,2024-09,2024-10,False
924,2024-10,2024-11,False
924,2024-11,2024-12,False
925,2023-12,2024-01,False
925,2024-01,2024-02,False
925,2024-02,2024-03,False
925,2024-03,2024-04,False
925,2024-04,2024-05,False
925,2024-05,2024-06,False
925,2024-06,2024-07,False
925,2024-07,2024-08,False
925,2024-08,2024-09,False
925,2024-09,2024-10,False
925,2024-10,2024-11,False
925,2024-11,2024-12,False
926,2023-12,2024-01,False
926,2024-01,2024-02,False
926,2024-02,2024-03,False
926,2024-03,2024-04,False
926,2024-04,2024-05,False
926,2024-05,2024-06,False
926,2024-06,2024-07,False
926,2024-07,2024-08,False
926,2024-08,2024-09,False
926,2024-09,2024-10,False
926,2024-10,2024-11,False
926,2024-11,2024-12,False
927,2023-12,2024-01,False
927,2024-01,2024-02,False
927,2024-02,2024-03,False
927,2024-03,2024-04,False
927,2024-04,2024-05,False
927,2024-05,2024-06,False
927,2024-06,2024-07,False
927,2024-07,2024-08,False
927,2024-08,2024-09,False
927,2024-09,2024-10,False
927,2024-10,2024-11,False
927,2024-11,2024-12,False
928,2023-12,2024-01,False
928,2024-01,2024-02,False
928,2024-02,2024-03,False
928,2024-03,2024-04,False
928,2024-04,2024-05,False
928,2024-05,2024-06,False
928,2024-06,2024-07,False
928,2024-07,2024-08,False
928,2024-08,2024-09,False
928,2024-09,2024-10,False
928,2024-10,2024-11,False
928,2024-11,2024-12,False
929,2023-12,2024-01,False
929,2024-01,2024-02,False
929,2024-02,2024-03,False
929,2024-03,2024-04,False
929,2024-04,2024-05,False
929,2024-05,2024-06,False
929,2024-06,2024-07,False
929,2024-07,2024-08,False
929,2024-08,2024-09,False
929,2024-09,2024-10,False
929,2024-10,2024-11,False
929,2024-11,2024-12,False
930,2023-12,2024-01,False
930,2024-01,2024-02,False
930,2024-02,2024-03,False
930,2024-03,2024-04,False
930,2024-04,2024-05,False
930,2024-05,2024-06,False
930,2024-06,2024-07,False
930,2024-07,2024-08,False
930,2024-08,2024-09,False
930,2024-09,2024-10,False
930,2024-10,2024-11,False
930,2024-11,2024-12,False
986,2023-12,2024-01,False
986,2024-01,2024-02,False
986,2024-02,2024-03,False
986,2024-03,2024-04,False
986,2024-04,2024-05,False
986,2024-05,2024-06,False
986,2024-06,2024-07,False
986,2024-07,2024-08,False
986,2024-08,2024-09,False
986,2024-09,2024-10,False
986,2024-10,2024-11,False
986,2024-11,2024-12,False
987,2023-12,2024-01,False
987,2024-01,2024-02,False
987,2024-02,2024-03,False
987,2024-03,2024-04,False
987,2024-04,2024-05,False
987,2024-05,2024-06,False
987,2024-06,2024-07,False
987,2024-07,2024-08,False
987,2024-08,2024-09,False
987,2024-09,2024-10,False
987,2024-10,2024-11,False
987,2024-11,2024-12,False
988,2023-12,2024-01,False
988,2024-01,2024-02,False
988,2024-02,2024-03,False
988,2024-03,2024-04,False
988,2024-04,2024-05,False
988,2024-05,2024-06,False
988,2024-06,2024-07,False
988,2024-07,2024-08,False
988,2024-08,2024-09,False
988,2024-09,2024-10,False
988,2024-10,2024-11,False
988,2024-11,2024-12,False
989,2023-12,2024-01,False
989,2024-01,2024-02,False
989,2024-02,2024-03,False
989,2024-03,2024-04,False
989,2024-04,2024-05,False
989,2024-05,2024-06,False
989,2024-06,2024-07,False
989,2024-07,2024-08,False
989,2024-08,2024-09,False
989,2024-09,2024-10,False
989,2024-10,2024-11,False
989,2024-11,2024-12,False
991,2023-12,2024-01,False
991,2024-01,2024-02,False
991,2024-02,2024-03,False
991,2024-03,2024-04,False
991,2024-04,2024-05,False
991,2024-05,2024-06,False
991,2024-06,2024-07,False
991,2024-07,2024-08,False
991,2024-08,2024-09,False
991,2024-09,2024-10,False
991,2024-10,2024-11,False
991,2024-11,2024-12,False
992,2023-12,2024-01,False
992,2024-01,2024-02,False
992,2024-02,2024-03,False
992,2024-03,2024-04,False
992,2024-04,2024-05,False
992,2024-05,2024-06,False
992,2024-06,2024-07,False
992,2024-07,2024-08,False
992,2024-08,2024-09,False
992,2024-09,2024-10,False
992,2024-10,2024-11,False
992,2024-11,2024-12,False
993,2023-12,2024-01,False
993,2024-01,2024-02,False
993,2024-02,2024-03,False
993,2024-03,2024-04,False
993,2024-04,2024-05,False
993,2024-05,2024-06,False
993,2024-06,2024-07,False
993,2024-07,2024-08,False
993,2024-08,2024-09,False
993,2024-09,2024-10,False
993,2024-10,2024-11,False
993,2024-11,2024-12,False
994,2023-12,2024-01,False
994,2024-01,2024-02,False
994,2024-02,2024-03,False
994,2024-03,2024-04,False
994,2024-04,2024-05,False
994,2024-05,2024-06,False
994,2024-06,2024-07,False
994,2024-07,2024-08,False
994,2024-08,2024-09,False
994,2024-09,2024-10,False
994,2024-10,2024-11,False
994,2024-11,2024-12,False
995,2023-12,2024-01,False
995,2024-01,2024-02,False
995,2024-02,2024-03,False
995,2024-03,2024-04,False
995,2024-04,2024-05,False
995,2024-05,2024-06,False
995,2024-06,2024-07,False
995,2024-07,2024-08,False
995,2024-08,2024-09,False
995,2024-09,2024-10,False
995,2024-10,2024-11,False
995,2024-11,2024-12,False
996,2023-12,2024-01,False
996,2024-01,2024-02,False
996,2024-02,2024-03,False
996,2024-03,2024-04,False
996,2024-04,2024-05,False
996,2024-05,2024-06,False
996,2024-06,2024-07,False
996,2024-07,2024-08,False
996,2024-08,2024-09,False
996,2024-09,2024-10,False
996,2024-10,2024-11,False
996,2024-11,2024-12,False
998,2023-12,2024-01,False
998,2024-01,2024-02,False
998,2024-02,2024-03,False
998,2024-03,2024-04,False
998,2024-04,2024-05,False
998,2024-05,2024-06,False
998,2024-06,2024-07,False
998,2024-07,2024-08,False
998,2024-08,2024-09,False
998,2024-09,2024-10,False
998,2024-10,2024-11,False
998,2024-11,2024-12,False
999,2023-12,2024-01,False
999,2024-01,2024-02,False
999,2024-02,2024-03,False
999,2024-03,2024-04,False
999,2024-04,2024-05,False
999,2024-05,2024-06,False
999,2024-06,2024-07,False
999,2024-07,2024-08,False
999,2024-08,2024-09,False
999,2024-09,2024-10,False
999,2024-10,2024-11,False
999,2024-11,2024-12,False
1001,2023-12,2024-01,False
1001,2024-01,2024-02,False
1001,2024-02,2024-03,False
1001,2024-03,2024-04,False
1001,2024-04,2024-05,False
1001,2024-05,2024-06,False
1001,2024-06,2024-07,False
1001,2024-07,2024-08,False
1001,2024-08,2024-09,False
1001,2024-09,2024-10,False
1001,2024-10,2024-11,False
1001,2024-11,2024-12,False
1002,2023-12,2024-01,False
1002,2024-01,2024-02,False
1002,2024-02,2024-03,False
1002,2024-03,2024-04,False
1002,2024-04,2024-05,False
1002,2024-05,2024-06,False
1002,2024-06,2024-07,False
1002,2024-07,2024-08,False
1002,2024-08,2024-09,False
1002,2024-09,2024-10,False
1002,2024-10,2024-11,False
1002,2024-11,2024-12,False
1003,2023-12,2024-01,False
1003,2024-01,2024-02,False
1003,2024-02,2024-03,False
1003,2024-03,2024-04,False
1003,2024-04,2024-05,False
1003,2024-05,2024-06,False
1003,2024-06,2024-07,False
1003,2024-07,2024-08,False
1003,2024-08,2024-09,False
1003,2024-09,2024-10,False
1003,2024-10,2024-11,False
1003,2024-11,2024-12,False
1004,2023-12,2024-01,False
1004,2024-01,2024-02,False
1004,2024-02,2024-03,False
1004,2024-03,2024-04,False
1004,2024-04,2024-05,False
1004,2024-05,2024-06,False
1004,2024-06,2024-07,False
1004,2024-07,2024-08,False
1004,2024-08,2024-09,False
1004,2024-09,2024-10,False
1004,2024-10,2024-11,False
1004,2024-11,2024-12,False
1005,2023-12,2024-01,False
1005,2024-01,2024-02,False
1005,2024-02,2024-03,False
1005,2024-03,2024-04,False
1005,2024-04,2024-05,False
1005,2024-05,2024-06,False
1005,2024-06,2024-07,False
1005,2024-07,2024-08,False
1005,2024-08,2024-09,False
1005,2024-09,2024-10,False
1005,2024-10,2024-11,False
1005,2024-11,2024-12,False
1006,2023-12,2024-01,False
1006,2024-01,2024-02,False
1006,2024-02,2024-03,False
1006,2024-03,2024-04,False
1006,2024-04,2024-05,False
1006,2024-05,2024-06,False
1006,2024-06,2024-07,False
1006,2024-07,2024-08,False
1006,2024-08,2024-09,False
1006,2024-09,2024-10,False
1006,2024-10,2024-11,False
1006,2024-11,2024-12,False
1007,2023-12,2024-01,False
1007,2024-01,2024-02,False
1007,2024-02,2024-03,False
1007,2024-03,2024-04,False
1007,2024-04,2024-05,False
1007,2024-05,2024-06,False
1007,2024-06,2024-07,False
1007,2024-07,2024-08,False
1007,2024-08,2024-09,False
1007,2024-09,2024-10,False
1007,2024-10,2024-11,False
1007,2024-11,2024-12,False
1008,2023-12,2024-01,False
1008,2024-01,2024-02,False
1008,2024-02,2024-03,False
1008,2024-03,2024-04,False
1008,2024-04,2024-05,False
1008,2024-05,2024-06,False
1008,2024-06,2024-07,False
1008,2024-07,2024-08,False
1008,2024-08,2024-09,False
1008,2024-09,2024-10,False
1008,2024-10,2024-11,False
1008,2024-11,2024-12,False
1009,2023-12,2024-01,False
1009,2024-01,2024-02,False
1009,2024-02,2024-03,False
1009,2024-03,2024-04,False
1009,2024-04,2024-05,False
1009,2024-05,2024-06,False
1009,2024-06,2024-07,False
1009,2024-07,2024-08,False
1009,2024-08,2024-09,False
1009,2024-09,2024-10,False
1009,2024-10,2024-11,False
1009,2024-11,2024-12,False
1010,2023-12,2024-01,False
1010,2024-01,2024-02,False
1010,2024-02,2024-03,False
1010,2024-03,2024-04,False
1010,2024-04,2024-05,False
1010,2024-05,2024-06,False
1010,2024-06,2024-07,False
1010,2024-07,2024-08,False
1010,2024-08,2024-09,False
1010,2024-09,2024-10,False
1010,2024-10,2024-11,False
1010,2024-11,2024-12,False
1011,2023-12,2024-01,False
1011,2024-01,2024-02,False
1011,2024-02,2024-03,False
1011,2024-03,2024-04,False
1011,2024-04,2024-05,False
1011,2024-05,2024-06,False
1011,2024-06,2024-07,False
1011,2024-07,2024-08,False
1011,2024-08,2024-09,False
1011,2024-09,2024-10,False
1011,2024-10,2024-11,False
1011,2024-11,2024-12,False
1012,2023-12,2024-01,False
1012,2024-01,2024-02,False
1012,2024-02,2024-03,False
1012,2024-03,2024-04,False
1012,2024-04,2024-05,False
1012,2024-05,2024-06,False
1012,2024-06,2024-07,False
1012,2024-07,2024-08,False
1012,2024-08,2024-09,False
1012,2024-09,2024-10,False
1012,2024-10,2024-11,False
1012,2024-11,2024-12,False
1013,2023-12,2024-01,False
1013,2024-01,2024-02,False
1013,2024-02,2024-03,False
1013,2024-03,2024-04,False
1013,2024-04,2024-05,False
1013,2024-05,2024-06,False
1013,2024-06,2024-07,False
1013,2024-07,2024-08,False
1013,2024-08,2024-09,False
1013,2024-09,2024-10,False
1013,2024-10,2024-11,False
1013,2024-11,2024-12,False
1014,2023-12,2024-01,False
1014,2024-01,2024-02,False
1014,2024-02,2024-03,False
1014,2024-03,2024-04,False
1014,2024-04,2024-05,False
1014,2024-05,2024-06,False
1014,2024-06,2024-07,False
1014,2024-07,2024-08,False
1014,2024-08,2024-09,False
1014,2024-09,2024-10,False
1014,2024-10,2024-11,False
1014,2024-11,2024-12,False
1015,2023-12,2024-01,False
1015,2024-01,2024-02,False
1015,2024-02,2024-03,False
1015,2024-03,2024-04,False
1015,2024-04,2024-05,False
1015,2024-05,2024-06,False
1015,2024-06,2024-07,False
1015,2024-07,2024-08,False
1015,2024-08,2024-09,False
1015,2024-09,2024-10,False
1015,2024-10,2024-11,False
1015,2024-11,2024-12,False
1016,2023-12,2024-01,False
1016,2024-01,2024-02,False
1016,2024-02,2024-03,False
1016,2024-03,2024-04,False
1016,2024-04,2024-05,False
1016,2024-05,2024-06,False
1016,2024-06,2024-07,False
1016,2024-07,2024-08,False
1016,2024-08,2024-09,False
1016,2024-09,2024-10,False
1016,2024-10,2024-11,False
1016,2024-11,2024-12,False
1017,2023-12,2024-01,False
1017,2024-01,2024-02,False
1017,2024-02,2024-03,False
1017,2024-03,2024-04,False
1017,2024-04,2024-05,False
1017,2024-05,2024-06,False
1017,2024-06,2024-07,False
1017,2024-07,2024-08,False
1017,2024-08,2024-09,False
1017,2024-09,2024-10,False
1017,2024-10,2024-11,False
1017,2024-11,2024-12,False
1018,2023-12,2024-01,False
1018,2024-01,2024-02,False
1018,2024-02,2024-03,False
1018,2024-03,2024-04,False
1018,2024-04,2024-05,False
1018,2024-05,2024-06,False
1018,2024-06,2024-07,False
1018,2024-07,2024-08,False
1018,2024-08,2024-09,False
1018,2024-09,2024-10,False
1018,2024-10,2024-11,False
1018,2024-11,2024-12,False
1019,2023-12,2024-01,False
1019,2024-01,2024-02,False
1019,2024-02,2024-03,False
1019,2024-03,2024-04,False
1019,2024-04,2024-05,False
1019,2024-05,2024-06,False
1019,2024-06,2024-07,False
1019,2024-07,2024-08,False
1019,2024-08,2024-09,False
1019,2024-09,2024-10,False
1019,2024-10,2024-11,False
1019,2024-11,2024-12,False
1020,2023-12,2024-01,False
1020,2024-01,2024-02,False
1020,2024-02,2024-03,False
1020,2024-03,2024-04,False
1020,2024-04,2024-05,False
1020,2024-05,2024-06,False
1020,2024-06,2024-07,False
1020,2024-07,2024-08,False
1020,2024-08,2024-09,False
1020,2024-09,2024-10,False
1020,2024-10,2024-11,False
1020,2024-11,2024-12,False
1021,2023-12,2024-01,False
1021,2024-01,2024-02,False
1021,2024-02,2024-03,False
1021,2024-03,2024-04,False
1021,2024-04,2024-05,False
1021,2024-05,2024-06,False
1021,2024-06,2024-07,False
1021,2024-07,2024-08,False
1021,2024-08,2024-09,False
1021,2024-09,2024-10,False
1021,2024-10,2024-11,False
1021,2024-11,2024-12,False
1023,2023-12,2024-01,False
1023,2024-01,2024-02,False
1023,2024-02,2024-03,False
1023,2024-03,2024-04,False
1023,2024-04,2024-05,False
1023,2024-05,2024-06,False
1023,2024-06,2024-07,False
1023,2024-07,2024-08,False
1023,2024-08,2024-09,False
1023,2024-09,2024-10,False
1023,2024-10,2024-11,False
1023,2024-11,2024-12,False
1024,2023-12,2024-01,False
1024,2024-01,2024-02,False
1024,2024-02,2024-03,False
1024,2024-03,2024-04,False
1024,2024-04,2024-05,False
1024,2024-05,2024-06,False
1024,2024-06,2024-07,False
1024,2024-07,2024-08,False
1024,2024-08,2024-09,False
1024,2024-09,2024-10,False
1024,2024-10,2024-11,False
1024,2024-11,2024-12,False
1025,2023-12,2024-01,False
1025,2024-01,2024-02,False
1025,2024-02,2024-03,False
1025,2024-03,2024-04,False
1025,2024-04,2024-05,False
1025,2024-05,2024-06,False
1025,2024-06,2024-07,False
1025,2024-07,2024-08,False
1025,2024-08,2024-09,False
1025,2024-09,2024-10,False
1025,2024-10,2024-11,False
1025,2024-11,2024-12,False
1026,2023-12,2024-01,False
1026,2024-01,2024-02,False
1026,2024-02,2024-03,False
1026,2024-03,2024-04,False
1026,2024-04,2024-05,False
1026,2024-05,2024-06,False
1026,2024-06,2024-07,False
1026,2024-07,2024-08,False
1026,2024-08,2024-09,False
1026,2024-09,2024-10,False
1026,2024-10,2024-11,False
1026,2024-11,2024-12,False
1027,2023-12,2024-01,False
1027,2024-01,2024-02,False
1027,2024-02,2024-03,False
1027,2024-03,2024-04,False
1027,2024-04,2024-05,False
1027,2024-05,2024-06,False
1027,2024-06,2024-07,False
1027,2024-07,2024-08,False
1027,2024-08,2024-09,False
1027,2024-09,2024-10,False
1027,2024-10,2024-11,False
1027,2024-11,2024-12,False
1028,2023-12,2024-01,False
1028,2024-01,2024-02,False
1028,2024-02,2024-03,False
1028,2024-03,2024-04,False
1028,2024-04,2024-05,False
1028,2024-05,2024-06,False
1028,2024-06,2024-07,False
1028,2024-07,2024-08,False
1028,2024-08,2024-09,False
1028,2024-09,2024-10,False
1028,2024-10,2024-11,False
1028,2024-11,2024-12,False
1029,2023-12,2024-01,False
1029,2024-01,2024-02,False
1029,2024-02,2024-03,False
1029,2024-03,2024-04,False
1029,2024-04,2024-05,False
1029,2024-05,2024-06,False
1029,2024-06,2024-07,False
1029,2024-07,2024-08,False
1029,2024-08,2024-09,False
1029,2024-09,2024-10,False
1029,2024-10,2024-11,False
1029,2024-11,2024-12,False
1030,2023-12,2024-01,False
1030,2024-01,2024-02,False
1030,2024-02,2024-03,False
1030,2024-03,2024-04,False
1030,2024-04,2024-05,False
1030,2024-05,2024-06,False
1030,2024-06,2024-07,False
1030,2024-07,2024-08,False
1030,2024-08,2024-09,False
1030,2024-09,2024-10,False
1030,2024-10,2024-11,False
1030,2024-11,2024-12,False
1031,2023-12,2024-01,False
1031,2024-01,2024-02,False
1031,2024-02,2024-03,False
1031,2024-03,2024-04,False
1031,2024-04,2024-05,False
1031,2024-05,2024-06,False
1031,2024-06,2024-07,False
1031,2024-07,2024-08,False
1031,2024-08,2024-09,False
1031,2024-09,2024-10,False
1031,2024-10,2024-11,False
1031,2024-11,2024-12,False
1032,2023-12,2024-01,False
1032,2024-01,2024-02,False
1032,2024-02,2024-03,False
1032,2024-03,2024-04,False
1032,2024-04,2024-05,False
1032,2024-05,2024-06,False
1032,2024-06,2024-07,False
1032,2024-07,2024-08,False
1032,2024-08,2024-09,False
1032,2024-09,2024-10,False
1032,2024-10,2024-11,False
1032,2024-11,2024-12,False
1033,2023-12,2024-01,False
1033,2024-01,2024-02,False
1033,2024-02,2024-03,False
1033,2024-03,2024-04,False
1033,2024-04,2024-05,False
1033,2024-05,2024-06,False
1033,2024-06,2024-07,False
1033,2024-07,2024-08,False
1033,2024-08,2024-09,False
1033,2024-09,2024-10,False
1033,2024-10,2024-11,False
1033,2024-11,2024-12,False
1034,2023-12,2024-01,False
1034,2024-01,2024-02,False
1034,2024-02,2024-03,False
1034,2024-03,2024-04,False
1034,2024-04,2024-05,False
1034,2024-05,2024-06,False
1034,2024-06,2024-07,False
1034,2024-07,2024-08,False
1034,2024-08,2024-09,False
1034,2024-09,2024-10,False
1034,2024-10,2024-11,False
1034,2024-11,2024-12,False
1035,2023-12,2024-01,False
1035,2024-01,2024-02,False
1035,2024-02,2024-03,False
1035,2024-03,2024-04,False
1035,2024-04,2024-05,False
1035,2024-05,2024-06,False
1035,2024-06,2024-07,False
1035,2024-07,2024-08,False
1035,2024-08,2024-09,False
1035,2024-09,2024-10,False
1035,2024-10,2024-11,False
1035,2024-11,2024-12,False
1036,2023-12,2024-01,False
1036,2024-01,2024-02,False
1036,2024-02,2024-03,False
1036,2024-03,2024-04,False
1036,2024-04,2024-05,False
1036,2024-05,2024-06,False
1036,2024-06,2024-07,False
1036,2024-07,2024-08,False
1036,2024-08,2024-09,False
1036,2024-09,2024-10,False
1036,2024-10,2024-11,False
1036,2024-11,2024-12,False
1037,2023-12,2024-01,False
1037,2024-01,2024-02,False
1037,2024-02,2024-03,False
1037,2024-03,2024-04,False
1037,2024-04,2024-05,False
1037,2024-05,2024-06,False
1037,2024-06,2024-07,False
1037,2024-07,2024-08,False
1037,2024-08,2024-09,False
1037,2024-09,2024-10,False
1037,2024-10,2024-11,False
1037,2024-11,2024-12,False
1038,2023-12,2024-01,False
1038,2024-01,2024-02,False
1038,2024-02,2024-03,False
1038,2024-03,2024-04,False
1038,2024-04,2024-05,False
1038,2024-05,2024-06,False
1038,2024-06,2024-07,False
1038,2024-07,2024-08,False
1038,2024-08,2024-09,False
1038,2024-09,2024-10,False
1038,2024-10,2024-11,False
1038,2024-11,2024-12,False
1039,2023-12,2024-01,False
1039,2024-01,2024-02,False
1039,2024-02,2024-03,False
1039,2024-03,2024-04,False
1039,2024-04,2024-05,False
1039,2024-05,2024-06,False
1039,2024-06,2024-07,False
1039,2024-07,2024-08,False
1039,2024-08,2024-09,False
1039,2024-09,2024-10,False
1039,2024-10,2024-11,False
1039,2024-11,2024-12,False
1040,2023-12,2024-01,False
1040,2024-01,2024-02,False
1040,2024-02,2024-03,False
1040,2024-03,2024-04,False
1040,2024-04,2024-05,False
1040,2024-05,2024-06,False
1040,2024-06,2024-07,False
1040,2024-07,2024-08,False
1040,2024-08,2024-09,False
1040,2024-09,2024-10,False
1040,2024-10,2024-11,False
1040,2024-11,2024-12,False
1041,2023-12,2024-01,False
1041,2024-01,2024-02,False
1041,2024-02,2024-03,False
1041,2024-03,2024-04,False
1041,2024-04,2024-05,False
1041,2024-05,2024-06,False
1041,2024-06,2024-07,False
1041,2024-07,2024-08,False
1041,2024-08,2024-09,False
1041,2024-09,2024-10,False
1041,2024-10,2024-11,False
1041,2024-11,2024-12,False
1044,2023-12,2024-01,False
1044,2024-01,2024-02,False
1044,2024-02,2024-03,False
1044,2024-03,2024-04,False
1044,2024-04,2024-05,False
1044,2024-05,2024-06,False
1044,2024-06,2024-07,False
1044,2024-07,2024-08,False
1044,2024-08,2024-09,False
1044,2024-09,2024-10,False
1044,2024-10,2024-11,False
1044,2024-11,2024-12,False
1047,2023-12,2024-01,False
1047,2024-01,2024-02,False
1047,2024-02,2024-03,False
1047,2024-03,2024-04,False
1047,2024-04,2024-05,False
1047,2024-05,2024-06,False
1047,2024-06,2024-07,False
1047,2024-07,2024-08,False
1047,2024-08,2024-09,False
1047,2024-09,2024-10,False
1047,2024-10,2024-11,False
1047,2024-11,2024-12,False
1048,2023-12,2024-01,False
1048,2024-01,2024-02,False
1048,2024-02,2024-03,False
1048,2024-03,2024-04,False
1048,2024-04,2024-05,False
1048,2024-05,2024-06,False
1048,2024-06,2024-07,False
1048,2024-07,2024-08,False
1048,2024-08,2024-09,False
1048,2024-09,2024-10,False
1048,2024-10,2024-11,False
1048,2024-11,2024-12,False
1049,2023-12,2024-01,False
1049,2024-01,2024-02,False
1049,2024-02,2024-03,False
1049,2024-03,2024-04,False
1049,2024-04,2024-05,False
1049,2024-05,2024-06,False
1049,2024-06,2024-07,False
1049,2024-07,2024-08,False
1049,2024-08,2024-09,False
1049,2024-09,2024-10,False
1049,2024-10,2024-11,False
1049,2024-11,2024-12,False
1051,2023-12,2024-01,False
1051,2024-01,2024-02,False
1051,2024-02,2024-03,False
1051,2024-03,2024-04,False
1051,2024-04,2024-05,False
1051,2024-05,2024-06,False
1051,2024-06,2024-07,False
1051,2024-07,2024-08,False
1051,2024-08,2024-09,False
1051,2024-09,2024-10,False
1051,2024-10,2024-11,False
1051,2024-11,2024-12,False
1052,2023-12,2024-01,False
1052,2024-01,2024-02,False
1052,2024-02,2024-03,False
1052,2024-03,2024-04,False
1052,2024-04,2024-05,False
1052,2024-05,2024-06,False
1052,2024-06,2024-07,False
1052,2024-07,2024-08,False
1052,2024-08,2024-09,False
1052,2024-09,2024-10,False
1052,2024-10,2024-11,False
1052,2024-11,2024-12,False
1053,2023-12,2024-01,False
1053,2024-01,2024-02,False
1053,2024-02,2024-03,False
1053,2024-03,2024-04,False
1053,2024-04,2024-05,False
1053,2024-05,2024-06,False
1053,2024-06,2024-07,False
1053,2024-07,2024-08,False
1053,2024-08,2024-09,False
1053,2024-09,2024-10,False
1053,2024-10,2024-11,False
1053,2024-11,2024-12,False
1054,2023-12,2024-01,False
1054,2024-01,2024-02,False
1054,2024-02,2024-03,False
1054,2024-03,2024-04,False
1054,2024-04,2024-05,False
1054,2024-05,2024-06,False
1054,2024-06,2024-07,False
1054,2024-07,2024-08,False
1054,2024-08,2024-09,False
1054,2024-09,2024-10,False
1054,2024-10,2024-11,False
1054,2024-11,2024-12,False
1055,2023-12,2024-01,False
1055,2024-01,2024-02,False
1055,2024-02,2024-03,False
1055,2024-03,2024-04,False
1055,2024-04,2024-05,False
1055,2024-05,2024-06,False
1055,2024-06,2024-07,False
1055,2024-07,2024-08,False
1055,2024-08,2024-09,False
1055,2024-09,2024-10,False
1055,2024-10,2024-11,False
1055,2024-11,2024-12,False
1056,2023-12,2024-01,False
1056,2024-01,2024-02,False
1056,2024-02,2024-03,False
1056,2024-03,2024-04,False
1056,2024-04,2024-05,False
1056,2024-05,2024-06,False
1056,2024-06,2024-07,False
1056,2024-07,2024-08,False
1056,2024-08,2024-09,False
1056,2024-09,2024-10,False
1056,2024-10,2024-11,False
1056,2024-11,2024-12,False
1057,2023-12,2024-01,False
1057,2024-01,2024-02,False
1057,2024-02,2024-03,False
1057,2024-03,2024-04,False
1057,2024-04,2024-05,False
1057,2024-05,2024-06,False
1057,2024-06,2024-07,False
1057,2024-07,2024-08,False
1057,2024-08,2024-09,False
1057,2024-09,2024-10,False
1057,2024-10,2024-11,False
1057,2024-11,2024-12,False
1058,2023-12,2024-01,False
1058,2024-01,2024-02,False
1058,2024-02,2024-03,False
1058,2024-03,2024-04,False
1058,2024-04,2024-05,False
1058,2024-05,2024-06,False
1058,2024-06,2024-07,False
1058,2024-07,2024-08,False
1058,2024-08,2024-09,False
1058,2024-09,2024-10,False
1058,2024-10,2024-11,False
1058,2024-11,2024-12,False
1059,2023-12,2024-01,False
1059,2024-01,2024-02,False
1059,2024-02,2024-03,False
1059,2024-03,2024-04,False
1059,2024-04,2024-05,False
1059,2024-05,2024-06,False
1059,2024-06,2024-07,False
1059,2024-07,2024-08,False
1059,2024-08,2024-09,False
1059,2024-09,2024-10,False
1059,2024-10,2024-11,False
1059,2024-11,2024-12,False
1060,2023-12,2024-01,False
1060,2024-01,2024-02,False
1060,2024-02,2024-03,False
1060,2024-03,2024-04,False
1060,2024-04,2024-05,False
1060,2024-05,2024-06,False
1060,2024-06,2024-07,False
1060,2024-07,2024-08,False
1060,2024-08,2024-09,False
1060,2024-09,2024-10,False
1060,2024-10,2024-11,False
1060,2024-11,2024-12,False
1061,2023-12,2024-01,False
1061,2024-01,2024-02,False
1061,2024-02,2024-03,False
1061,2024-03,2024-04,False
1061,2024-04,2024-05,False
1061,2024-05,2024-06,False
1061,2024-06,2024-07,False
1061,2024-07,2024-08,False
1061,2024-08,2024-09,False
1061,2024-09,2024-10,False
1061,2024-10,2024-11,False
1061,2024-11,2024-12,False
1062,2023-12,2024-01,False
1062,2024-01,2024-02,False
1062,2024-02,2024-03,False
1062,2024-03,2024-04,False
1062,2024-04,2024-05,False
1062,2024-05,2024-06,False
1062,2024-06,2024-07,False
1062,2024-07,2024-08,False
1062,2024-08,2024-09,False
1062,2024-09,2024-10,False
1062,2024-10,2024-11,False
1062,2024-11,2024-12,False
1063,2023-12,2024-01,False
1063,2024-01,2024-02,False
1063,2024-02,2024-03,False
1063,2024-03,2024-04,False
1063,2024-04,2024-05,False
1063,2024-05,2024-06,False
1063,2024-06,2024-07,False
1063,2024-07,2024-08,False
1063,2024-08,2024-09,False
1063,2024-09,2024-10,False
1063,2024-10,2024-11,False
1063,2024-11,2024-12,False
1064,2023-12,2024-01,False
1064,2024-01,2024-02,False
1064,2024-02,2024-03,False
1064,2024-03,2024-04,False
1064,2024-04,2024-05,False
1064,2024-05,2024-06,False
1064,2024-06,2024-07,False
1064,2024-07,2024-08,False
1064,2024-08,2024-09,False
1064,2024-09,2024-10,False
1064,2024-10,2024-11,False
1064,2024-11,2024-12,False
1065,2023-12,2024-01,False
1065,2024-01,2024-02,False
1065,2024-02,2024-03,False
1065,2024-03,2024-04,False
1065,2024-04,2024-05,False
1065,2024-05,2024-06,False
1065,2024-06,2024-07,False
1065,2024-07,2024-08,False
1065,2024-08,2024-09,False
1065,2024-09,2024-10,False
1065,2024-10,2024-11,False
1065,2024-11,2024-12,False
1066,2023-12,2024-01,False
1066,2024-01,2024-02,False
1066,2024-02,2024-03,False
1066,2024-03,2024-04,False
1066,2024-04,2024-05,False
1066,2024-05,2024-06,False
1066,2024-06,2024-07,False
1066,2024-07,2024-08,False
1066,2024-08,2024-09,False
1066,2024-09,2024-10,False
1066,2024-10,2024-11,False
1066,2024-11,2024-12,False
1067,2023-12,2024-01,False
1067,2024-01,2024-02,False
1067,2024-02,2024-03,False
1067,2024-03,2024-04,False
1067,2024-04,2024-05,False
1067,2024-05,2024-06,False
1067,2024-06,2024-07,False
1067,2024-07,2024-08,False
1067,2024-08,2024-09,False
1067,2024-09,2024-10,False
1067,2024-10,2024-11,False
1067,2024-11,2024-12,False
1068,2023-12,2024-01,False
1068,2024-01,2024-02,False
1068,2024-02,2024-03,False
1068,2024-03,2024-04,False
1068,2024-04,2024-05,False
1068,2024-05,2024-06,False
1068,2024-06,2024-07,False
1068,2024-07,2024-08,False
1068,2024-08,2024-09,False
1068,2024-09,2024-10,False
1068,2024-10,2024-11,False
1068,2024-11,2024-12,False
1069,2023-12,2024-01,False
1069,2024-01,2024-02,False
1069,2024-02,2024-03,False
1069,2024-03,2024-04,False
1069,2024-04,2024-05,False
1069,2024-05,2024-06,False
1069,2024-06,2024-07,False
1069,2024-07,2024-08,False
1069,2024-08,2024-09,False
1069,2024-09,2024-10,False
1069,2024-10,2024-11,False
1069,2024-11,2024-12,False
1070,2023-12,2024-01,False
1070,2024-01,2024-02,False
1070,2024-02,2024-03,False
1070,2024-03,2024-04,False
1070,2024-04,2024-05,False
1070,2024-05,2024-06,False
1070,2024-06,2024-07,False
1070,2024-07,2024-08,False
1070,2024-08,2024-09,False
1070,2024-09,2024-10,False
1070,2024-10,2024-11,False
1070,2024-11,2024-12,False
1071,2023-12,2024-01,False
1071,2024-01,2024-02,False
1071,2024-02,2024-03,False
1071,2024-03,2024-04,False
1071,2024-04,2024-05,False
1071,2024-05,2024-06,False
1071,2024-06,2024-07,False
1071,2024-07,2024-08,False
1071,2024-08,2024-09,False
1071,2024-09,2024-10,False
1071,2024-10,2024-11,False
1071,2024-11,2024-12,False
1072,2023-12,2024-01,False
1072,2024-01,2024-02,False
1072,2024-02,2024-03,False
1072,2024-03,2024-04,False
1072,2024-04,2024-05,False
1072,2024-05,2024-06,False
1072,2024-06,2024-07,False
1072,2024-07,2024-08,False
1072,2024-08,2024-09,False
1072,2024-09,2024-10,False
1072,2024-10,2024-11,False
1072,2024-11,2024-12,False
1107,2023-12,2024-01,False
1107,2024-01,2024-02,False
1107,2024-02,2024-03,False
1107,2024-03,2024-04,False
1107,2024-04,2024-05,False
1107,2024-05,2024-06,False
1107,2024-06,2024-07,False
1107,2024-07,2024-08,False
1107,2024-08,2024-09,False
1107,2024-09,2024-10,False
1107,2024-10,2024-11,False
1107,2024-11,2024-12,False
1108,2023-12,2024-01,False
1108,2024-01,2024-02,False
1108,2024-02,2024-03,False
1108,2024-03,2024-04,False
1108,2024-04,2024-05,False
1108,2024-05,2024-06,False
1108,2024-06,2024-07,False
1108,2024-07,2024-08,False
1108,2024-08,2024-09,False
1108,2024-09,2024-10,False
1108,2024-10,2024-11,False
1108,2024-11,2024-12,False
1109,2023-12,2024-01,False
1109,2024-01,2024-02,False
1109,2024-02,2024-03,False
1109,2024-03,2024-04,False
1109,2024-04,2024-05,False
1109,2024-05,2024-06,False
1109,2024-06,2024-07,False
1109,2024-07,2024-08,False
1109,2024-08,2024-09,False
1109,2024-09,2024-10,False
1109,2024-10,2024-11,False
1109,2024-11,2024-12,False
1110,2023-12,2024-01,False
1110,2024-01,2024-02,False
1110,2024-02,2024-03,False
1110,2024-03,2024-04,False
1110,2024-04,2024-05,False
1110,2024-05,2024-06,False
1110,2024-06,2024-07,False
1110,2024-07,2024-08,False
1110,2024-08,2024-09,False
1110,2024-09,2024-10,False
1110,2024-10,2024-11,False
1110,2024-11,2024-12,False
1111,2023-12,2024-01,False
1111,2024-01,2024-02,False
1111,2024-02,2024-03,False
1111,2024-03,2024-04,False
1111,2024-04,2024-05,False
1111,2024-05,2024-06,False
1111,2024-06,2024-07,False
1111,2024-07,2024-08,False
1111,2024-08,2024-09,False
1111,2024-09,2024-10,False
1111,2024-10,2024-11,False
1111,2024-11,2024-12,False
1112,2023-12,2024-01,False
1112,2024-01,2024-02,False
1112,2024-02,2024-03,False
1112,2024-03,2024-04,False
1112,2024-04,2024-05,False
1112,2024-05,2024-06,False
1112,2024-06,2024-07,False
1112,2024-07,2024-08,False
1112,2024-08,2024-09,False
1112,2024-09,2024-10,False
1112,2024-10,2024-11,False
1112,2024-11,2024-12,False
1113,2023-12,2024-01,False
1113,2024-01,2024-02,False
1113,2024-02,2024-03,False
1113,2024-03,2024-04,False
1113,2024-04,2024-05,False
1113,2024-05,2024-06,False
1113,2024-06,2024-07,False
1113,2024-07,2024-08,False
1113,2024-08,2024-09,False
1113,2024-09,2024-10,False
1113,2024-10,2024-11,False
1113,2024-11,2024-12,False
1115,2023-12,2024-01,False
1115,2024-01,2024-02,False
1115,2024-02,2024-03,False
1115,2024-03,2024-04,False
1115,2024-04,2024-05,False
1115,2024-05,2024-06,False
1115,2024-06,2024-07,False
1115,2024-07,2024-08,False
1115,2024-08,2024-09,False
1115,2024-09,2024-10,False
1115,2024-10,2024-11,False
1115,2024-11,2024-12,False
1116,2023-12,2024-01,False
1116,2024-01,2024-02,False
1116,2024-02,2024-03,False
1116,2024-03,2024-04,False
1116,2024-04,2024-05,False
1116,2024-05,2024-06,False
1116,2024-06,2024-07,False
1116,2024-07,2024-08,False
1116,2024-08,2024-09,False
1116,2024-09,2024-10,False
1116,2024-10,2024-11,False
1116,2024-11,2024-12,False
1117,2023-12,2024-01,False
1117,2024-01,2024-02,False
1117,2024-02,2024-03,False
1117,2024-03,2024-04,False
1117,2024-04,2024-05,False
1117,2024-05,2024-06,False
1117,2024-06,2024-07,False
1117,2024-07,2024-08,False
1117,2024-08,2024-09,False
1117,2024-09,2024-10,False
1117,2024-10,2024-11,False
1117,2024-11,2024-12,False
1118,2023-12,2024-01,False
1118,2024-01,2024-02,False
1118,2024-02,2024-03,False
1118,2024-03,2024-04,False
1118,2024-04,2024-05,False
1118,2024-05,2024-06,False
1118,2024-06,2024-07,False
1118,2024-07,2024-08,False
1118,2024-08,2024-09,False
1118,2024-09,2024-10,False
1118,2024-10,2024-11,False
1118,2024-11,2024-12,False
1119,2023-12,2024-01,False
1119,2024-01,2024-02,False
1119,2024-02,2024-03,False
1119,2024-03,2024-04,False
1119,2024-04,2024-05,False
1119,2024-05,2024-06,False
1119,2024-06,2024-07,False
1119,2024-07,2024-08,False
1119,2024-08,2024-09,False
1119,2024-09,2024-10,False
1119,2024-10,2024-11,False
1119,2024-11,2024-12,False
1120,2023-12,2024-01,False
1120,2024-01,2024-02,False
1120,2024-02,2024-03,False
1120,2024-03,2024-04,False
1120,2024-04,2024-05,False
1120,2024-05,2024-06,False
1120,2024-06,2024-07,False
1120,2024-07,2024-08,False
1120,2024-08,2024-09,False
1120,2024-09,2024-10,False
1120,2024-10,2024-11,False
1120,2024-11,2024-12,False
1121,2023-12,2024-01,False
1121,2024-01,2024-02,False
1121,2024-02,2024-03,False
1121,2024-03,2024-04,False
1121,2024-04,2024-05,False
1121,2024-05,2024-06,False
1121,2024-06,2024-07,False
1121,2024-07,2024-08,False
1121,2024-08,2024-09,False
1121,2024-09,2024-10,False
1121,2024-10,2024-11,False
1121,2024-11,2024-12,False
1122,2023-12,2024-01,False
1122,2024-01,2024-02,False
1122,2024-02,2024-03,False
1122,2024-03,2024-04,False
1122,2024-04,2024-05,False
1122,2024-05,2024-06,False
1122,2024-06,2024-07,False
1122,2024-07,2024-08,False
1122,2024-08,2024-09,False
1122,2024-09,2024-10,False
1122,2024-10,2024-11,False
1122,2024-11,2024-12,False
1123,2023-12,2024-01,False
1123,2024-01,2024-02,False
1123,2024-02,2024-03,False
1123,2024-03,2024-04,False
1123,2024-04,2024-05,False
1123,2024-05,2024-06,False
1123,2024-06,2024-07,False
1123,2024-07,2024-08,False
1123,2024-08,2024-09,False
1123,2024-09,2024-10,False
1123,2024-10,2024-11,False
1123,2024-11,2024-12,False
1124,2023-12,2024-01,False
1124,2024-01,2024-02,False
1124,2024-02,2024-03,False
1124,2024-03,2024-04,False
1124,2024-04,2024-05,False
1124,2024-05,2024-06,False
1124,2024-06,2024-07,False
1124,2024-07,2024-08,False
1124,2024-08,2024-09,False
1124,2024-09,2024-10,False
1124,2024-10,2024-11,False
1124,2024-11,2024-12,False
1125,2023-12,2024-01,False
1125,2024-01,2024-02,False
1125,2024-02,2024-03,False
1125,2024-03,2024-04,False
1125,2024-04,2024-05,False
1125,2024-05,2024-06,False
1125,2024-06,2024-07,False
1125,2024-07,2024-08,False
1125,2024-08,2024-09,False
1125,2024-09,2024-10,False
1125,2024-10,2024-11,False
1125,2024-11,2024-12,False
1126,2023-12,2024-01,False
1126,2024-01,2024-02,False
1126,2024-02,2024-03,False
1126,2024-03,2024-04,False
1126,2024-04,2024-05,False
1126,2024-05,2024-06,False
1126,2024-06,2024-07,False
1126,2024-07,2024-08,False
1126,2024-08,2024-09,False
1126,2024-09,2024-10,False
1126,2024-10,2024-11,False
1126,2024-11,2024-12,False
1127,2023-12,2024-01,False
1127,2024-01,2024-02,False
1127,2024-02,2024-03,False
1127,2024-03,2024-04,False
1127,2024-04,2024-05,False
1127,2024-05,2024-06,False
1127,2024-06,2024-07,False
1127,2024-07,2024-08,False
1127,2024-08,2024-09,False
1127,2024-09,2024-10,False
1127,2024-10,2024-11,False
1127,2024-11,2024-12,False
1128,2023-12,2024-01,False
1128,2024-01,2024-02,False
1128,2024-02,2024-03,False
1128,2024-03,2024-04,False
1128,2024-04,2024-05,False
1128,2024-05,2024-06,False
1128,2024-06,2024-07,False
1128,2024-07,2024-08,False
1128,2024-08,2024-09,False
1128,2024-09,2024-10,False
1128,2024-10,2024-11,False
1128,2024-11,2024-12,False
1129,2023-12,2024-01,False
1129,2024-01,2024-02,False
1129,2024-02,2024-03,False
1129,2024-03,2024-04,False
1129,2024-04,2024-05,False
1129,2024-05,2024-06,False
1129,2024-06,2024-07,False
1129,2024-07,2024-08,False
1129,2024-08,2024-09,False
1129,2024-09,2024-10,False
1129,2024-10,2024-11,False
1129,2024-11,2024-12,False
1130,2023-12,2024-01,False
1130,2024-01,2024-02,False
1130,2024-02,2024-03,False
1130,2024-03,2024-04,False
1130,2024-04,2024-05,False
1130,2024-05,2024-06,False
1130,2024-06,2024-07,False
1130,2024-07,2024-08,False
1130,2024-08,2024-09,False
1130,2024-09,2024-10,False
1130,2024-10,2024-11,False
1130,2024-11,2024-12,False
1131,2023-12,2024-01,False
1131,2024-01,2024-02,False
1131,2024-02,2024-03,False
1131,2024-03,2024-04,False
1131,2024-04,2024-05,False
1131,2024-05,2024-06,False
1131,2024-06,2024-07,False
1131,2024-07,2024-08,False
1131,2024-08,2024-09,False
1131,2024-09,2024-10,False
1131,2024-10,2024-11,False
1131,2024-11,2024-12,False
1132,2023-12,2024-01,False
1132,2024-01,2024-02,False
1132,2024-02,2024-03,False
1132,2024-03,2024-04,False
1132,2024-04,2024-05,False
1132,2024-05,2024-06,False
1132,2024-06,2024-07,False
1132,2024-07,2024-08,False
1132,2024-08,2024-09,False
1132,2024-09,2024-10,False
1132,2024-10,2024-11,False
1132,2024-11,2024-12,False
1133,2023-12,2024-01,False
1133,2024-01,2024-02,False
1133,2024-02,2024-03,False
1133,2024-03,2024-04,False
1133,2024-04,2024-05,False
1133,2024-05,2024-06,False
1133,2024-06,2024-07,False
1133,2024-07,2024-08,False
1133,2024-08,2024-09,False
1133,2024-09,2024-10,False
1133,2024-10,2024-11,False
1133,2024-11,2024-12,False
1134,2023-12,2024-01,False
1134,2024-01,2024-02,False
1134,2024-02,2024-03,False
1134,2024-03,2024-04,False
1134,2024-04,2024-05,False
1134,2024-05,2024-06,False
1134,2024-06,2024-07,False
1134,2024-07,2024-08,False
1134,2024-08,2024-09,False
1134,2024-09,2024-10,False
1134,2024-10,2024-11,False
1134,2024-11,2024-12,False
1135,2023-12,2024-01,False
1135,2024-01,2024-02,False
1135,2024-02,2024-03,False
1135,2024-03,2024-04,False
1135,2024-04,2024-05,False
1135,2024-05,2024-06,False
1135,2024-06,2024-07,False
1135,2024-07,2024-08,False
1135,2024-08,2024-09,False
1135,2024-09,2024-10,False
1135,2024-10,2024-11,False
1135,2024-11,2024-12,False
1136,2023-12,2024-01,False
1136,2024-01,2024-02,False
1136,2024-02,2024-03,False
1136,2024-03,2024-04,False
1136,2024-04,2024-05,False
1136,2024-05,2024-06,False
1136,2024-06,2024-07,False
1136,2024-07,2024-08,False
1136,2024-08,2024-09,False
1136,2024-09,2024-10,False
1136,2024-10,2024-11,False
1136,2024-11,2024-12,False
1137,2023-12,2024-01,False
1137,2024-01,2024-02,False
1137,2024-02,2024-03,False
1137,2024-03,2024-04,False
1137,2024-04,2024-05,False
1137,2024-05,2024-06,False
1137,2024-06,2024-07,False
1137,2024-07,2024-08,False
1137,2024-08,2024-09,False
1137,2024-09,2024-10,False
1137,2024-10,2024-11,False
1137,2024-11,2024-12,False
1138,2023-12,2024-01,False
1138,2024-01,2024-02,False
1138,2024-02,2024-03,False
1138,2024-03,2024-04,False
1138,2024-04,2024-05,False
1138,2024-05,2024-06,False
1138,2024-06,2024-07,False
1138,2024-07,2024-08,False
1138,2024-08,2024-09,False
1138,2024-09,2024-10,False
1138,2024-10,2024-11,False
1138,2024-11,2024-12,False
1139,2023-12,2024-01,False
1139,2024-01,2024-02,False
1139,2024-02,2024-03,False
1139,2024-03,2024-04,False
1139,2024-04,2024-05,False
1139,2024-05,2024-06,False
1139,2024-06,2024-07,False
1139,2024-07,2024-08,False
1139,2024-08,2024-09,False
1139,2024-09,2024-10,False
1139,2024-10,2024-11,False
1139,2024-11,2024-12,False
1140,2023-12,2024-01,False
1140,2024-01,2024-02,False
1140,2024-02,2024-03,False
1140,2024-03,2024-04,False
1140,2024-04,2024-05,False
1140,2024-05,2024-06,False
1140,2024-06,2024-07,False
1140,2024-07,2024-08,False
1140,2024-08,2024-09,False
1140,2024-09,2024-10,False
1140,2024-10,2024-11,False
1140,2024-11,2024-12,False
1141,2023-12,2024-01,False
1141,2024-01,2024-02,False
1141,2024-02,2024-03,False
1141,2024-03,2024-04,False
1141,2024-04,2024-05,False
1141,2024-05,2024-06,False
1141,2024-06,2024-07,False
1141,2024-07,2024-08,False
1141,2024-08,2024-09,False
1141,2024-09,2024-10,False
1141,2024-10,2024-11,False
1141,2024-11,2024-12,False
1142,2023-12,2024-01,False
1142,2024-01,2024-02,False
1142,2024-02,2024-03,False
1142,2024-03,2024-04,False
1142,2024-04,2024-05,False
1142,2024-05,2024-06,False
1142,2024-06,2024-07,False
1142,2024-07,2024-08,False
1142,2024-08,2024-09,False
1142,2024-09,2024-10,False
1142,2024-10,2024-11,False
1142,2024-11,2024-12,False
1143,2023-12,2024-01,False
1143,2024-01,2024-02,False
1143,2024-02,2024-03,False
1143,2024-03,2024-04,False
1143,2024-04,2024-05,False
1143,2024-05,2024-06,False
1143,2024-06,2024-07,False
1143,2024-07,2024-08,False
1143,2024-08,2024-09,False
1143,2024-09,2024-10,False
1143,2024-10,2024-11,False
1143,2024-11,2024-12,False
1144,2023-12,2024-01,False
1144,2024-01,2024-02,False
1144,2024-02,2024-03,False
1144,2024-03,2024-04,False
1144,2024-04,2024-05,False
1144,2024-05,2024-06,False
1144,2024-06,2024-07,False
1144,2024-07,2024-08,False
1144,2024-08,2024-09,False
1144,2024-09,2024-10,False
1144,2024-10,2024-11,False
1144,2024-11,2024-12,False
1146,2023-12,2024-01,False
1146,2024-01,2024-02,False
1146,2024-02,2024-03,False
1146,2024-03,2024-04,False
1146,2024-04,2024-05,False
1146,2024-05,2024-06,False
1146,2024-06,2024-07,False
1146,2024-07,2024-08,False
1146,2024-08,2024-09,False
1146,2024-09,2024-10,False
1146,2024-10,2024-11,False
1146,2024-11,2024-12,False
1147,2023-12,2024-01,False
1147,2024-01,2024-02,False
1147,2024-02,2024-03,False
1147,2024-03,2024-04,False
1147,2024-04,2024-05,False
1147,2024-05,2024-06,False
1147,2024-06,2024-07,False
1147,2024-07,2024-08,False
1147,2024-08,2024-09,False
1147,2024-09,2024-10,False
1147,2024-10,2024-11,False
1147,2024-11,2024-12,False
1148,2023-12,2024-01,False
1148,2024-01,2024-02,False
1148,2024-02,2024-03,False
1148,2024-03,2024-04,False
1148,2024-04,2024-05,False
1148,2024-05,2024-06,False
1148,2024-06,2024-07,False
1148,2024-07,2024-08,False
1148,2024-08,2024-09,False
1148,2024-09,2024-10,False
1148,2024-10,2024-11,False
1148,2024-11,2024-12,False
1149,2023-12,2024-01,False
1149,2024-01,2024-02,False
1149,2024-02,2024-03,False
1149,2024-03,2024-04,False
1149,2024-04,2024-05,False
1149,2024-05,2024-06,False
1149,2024-06,2024-07,False
1149,2024-07,2024-08,False
1149,2024-08,2024-09,False
1149,2024-09,2024-10,False
1149,2024-10,2024-11,False
1149,2024-11,2024-12,False
1150,2023-12,2024-01,False
1150,2024-01,2024-02,False
1150,2024-02,2024-03,False
1150,2024-03,2024-04,False
1150,2024-04,2024-05,False
1150,2024-05,2024-06,False
1150,2024-06,2024-07,False
1150,2024-07,2024-08,False
1150,2024-08,2024-09,False
1150,2024-09,2024-10,False
1150,2024-10,2024-11,False
1150,2024-11,2024-12,False
1151,2023-12,2024-01,False
1151,2024-01,2024-02,False
1151,2024-02,2024-03,False
1151,2024-03,2024-04,False
1151,2024-04,2024-05,False
1151,2024-05,2024-06,False
1151,2024-06,2024-07,False
1151,2024-07,2024-08,False
1151,2024-08,2024-09,False
1151,2024-09,2024-10,False
1151,2024-10,2024-11,False
1151,2024-11,2024-12,False
1152,2023-12,2024-01,False
1152,2024-01,2024-02,False
1152,2024-02,2024-03,False
1152,2024-03,2024-04,False
1152,2024-04,2024-05,False
1152,2024-05,2024-06,False
1152,2024-06,2024-07,False
1152,2024-07,2024-08,False
1152,2024-08,2024-09,False
1152,2024-09,2024-10,False
1152,2024-10,2024-11,False
1152,2024-11,2024-12,False
1153,2023-12,2024-01,False
1153,2024-01,2024-02,False
1153,2024-02,2024-03,False
1153,2024-03,2024-04,False
1153,2024-04,2024-05,False
1153,2024-05,2024-06,False
1153,2024-06,2024-07,False
1153,2024-07,2024-08,False
1153,2024-08,2024-09,False
1153,2024-09,2024-10,False
1153,2024-10,2024-11,False
1153,2024-11,2024-12,False
1154,2023-12,2024-01,False
1154,2024-01,2024-02,False
1154,2024-02,2024-03,False
1154,2024-03,2024-04,False
1154,2024-04,2024-05,False
1154,2024-05,2024-06,False
1154,2024-06,2024-07,False
1154,2024-07,2024-08,False
1154,2024-08,2024-09,False
1154,2024-09,2024-10,False
1154,2024-10,2024-11,False
1154,2024-11,2024-12,False
1155,2023-12,2024-01,False
1155,2024-01,2024-02,False
1155,2024-02,2024-03,False
1155,2024-03,2024-04,False
1155,2024-04,2024-05,False
1155,2024-05,2024-06,False
1155,2024-06,2024-07,False
1155,2024-07,2024-08,False
1155,2024-08,2024-09,False
1155,2024-09,2024-10,False
1155,2024-10,2024-11,False
1155,2024-11,2024-12,False
1157,2023-12,2024-01,False
1157,2024-01,2024-02,False
1157,2024-02,2024-03,False
1157,2024-03,2024-04,False
1157,2024-04,2024-05,False
1157,2024-05,2024-06,False
1157,2024-06,2024-07,False
1157,2024-07,2024-08,False
1157,2024-08,2024-09,False
1157,2024-09,2024-10,False
1157,2024-10,2024-11,False
1157,2024-11,2024-12,False
1158,2023-12,2024-01,False
1158,2024-01,2024-02,False
1158,2024-02,2024-03,False
1158,2024-03,2024-04,False
1158,2024-04,2024-05,False
1158,2024-05,2024-06,False
1158,2024-06,2024-07,False
1158,2024-07,2024-08,False
1158,2024-08,2024-09,False
1158,2024-09,2024-10,False
1158,2024-10,2024-11,False
1158,2024-11,2024-12,False
1159,2023-12,2024-01,False
1159,2024-01,2024-02,False
1159,2024-02,2024-03,False
1159,2024-03,2024-04,False
1159,2024-04,2024-05,False
1159,2024-05,2024-06,False
1159,2024-06,2024-07,False
1159,2024-07,2024-08,False
1159,2024-08,2024-09,False
1159,2024-09,2024-10,False
1159,2024-10,2024-11,False
1159,2024-11,2024-12,False
1160,2023-12,2024-01,False
1160,2024-01,2024-02,False
1160,2024-02,2024-03,False
1160,2024-03,2024-04,False
1160,2024-04,2024-05,False
1160,2024-05,2024-06,False
1160,2024-06,2024-07,False
1160,2024-07,2024-08,False
1160,2024-08,2024-09,False
1160,2024-09,2024-10,False
1160,2024-10,2024-11,False
1160,2024-11,2024-12,False
1161,2023-12,2024-01,False
1161,2024-01,2024-02,False
1161,2024-02,2024-03,False
1161,2024-03,2024-04,False
1161,2024-04,2024-05,False
1161,2024-05,2024-06,False
1161,2024-06,2024-07,False
1161,2024-07,2024-08,False
1161,2024-08,2024-09,False
1161,2024-09,2024-10,False
1161,2024-10,2024-11,False
1161,2024-11,2024-12,False
1163,2023-12,2024-01,False
1163,2024-01,2024-02,False
1163,2024-02,2024-03,False
1163,2024-03,2024-04,False
1163,2024-04,2024-05,False
1163,2024-05,2024-06,False
1163,2024-06,2024-07,False
1163,2024-07,2024-08,False
1163,2024-08,2024-09,False
1163,2024-09,2024-10,False
1163,2024-10,2024-11,False
1163,2024-11,2024-12,False
1164,2023-12,2024-01,False
1164,2024-01,2024-02,False
1164,2024-02,2024-03,False
1164,2024-03,2024-04,False
1164,2024-04,2024-05,False
1164,2024-05,2024-06,False
1164,2024-06,2024-07,False
1164,2024-07,2024-08,False
1164,2024-08,2024-09,False
1164,2024-09,2024-10,False
1164,2024-10,2024-11,False
1164,2024-11,2024-12,False
1165,2023-12,2024-01,False
1165,2024-01,2024-02,False
1165,2024-02,2024-03,False
1165,2024-03,2024-04,False
1165,2024-04,2024-05,False
1165,2024-05,2024-06,False
1165,2024-06,2024-07,False
1165,2024-07,2024-08,False
1165,2024-08,2024-09,False
1165,2024-09,2024-10,False
1165,2024-10,2024-11,False
1165,2024-11,2024-12,False
1166,2023-12,2024-01,False
1166,2024-01,2024-02,False
1166,2024-02,2024-03,False
1166,2024-03,2024-04,False
1166,2024-04,2024-05,False
1166,2024-05,2024-06,False
1166,2024-06,2024-07,False
1166,2024-07,2024-08,False
1166,2024-08,2024-09,False
1166,2024-09,2024-10,False
1166,2024-10,2024-11,False
1166,2024-11,2024-12,False
1167,2023-12,2024-01,False
1167,2024-01,2024-02,False
1167,2024-02,2024-03,False
1167,2024-03,2024-04,False
1167,2024-04,2024-05,False
1167,2024-05,2024-06,False
1167,2024-06,2024-07,False
1167,2024-07,2024-08,False
1167,2024-08,2024-09,False
1167,2024-09,2024-10,False
1167,2024-10,2024-11,False
1167,2024-11,2024-12,False
1168,2023-12,2024-01,False
1168,2024-01,2024-02,False
1168,2024-02,2024-03,False
1168,2024-03,2024-04,False
1168,2024-04,2024-05,False
1168,2024-05,2024-06,False
1168,2024-06,2024-07,False
1168,2024-07,2024-08,False
1168,2024-08,2024-09,False
1168,2024-09,2024-10,False
1168,2024-10,2024-11,False
1168,2024-11,2024-12,False
1169,2023-12,2024-01,False
1169,2024-01,2024-02,False
1169,2024-02,2024-03,False
1169,2024-03,2024-04,False
1169,2024-04,2024-05,False
1169,2024-05,2024-06,False
1169,2024-06,2024-07,False
1169,2024-07,2024-08,False
1169,2024-08,2024-09,False
1169,2024-09,2024-10,False
1169,2024-10,2024-11,False
1169,2024-11,2024-12,False
1170,2023-12,2024-01,False
1170,2024-01,2024-02,False
1170,2024-02,2024-03,False
1170,2024-03,2024-04,False
1170,2024-04,2024-05,False
1170,2024-05,2024-06,False
1170,2024-06,2024-07,False
1170,2024-07,2024-08,False
1170,2024-08,2024-09,False
1170,2024-09,2024-10,False
1170,2024-10,2024-11,False
1170,2024-11,2024-12,False
1171,2023-12,2024-01,False
1171,2024-01,2024-02,False
1171,2024-02,2024-03,False
1171,2024-03,2024-04,False
1171,2024-04,2024-05,False
1171,2024-05,2024-06,False
1171,2024-06,2024-07,False
1171,2024-07,2024-08,False
1171,2024-08,2024-09,False
1171,2024-09,2024-10,False
1171,2024-10,2024-11,False
1171,2024-11,2024-12,False
1172,2023-12,2024-01,False
1172,2024-01,2024-02,False
1172,2024-02,2024-03,False
1172,2024-03,2024-04,False
1172,2024-04,2024-05,False
1172,2024-05,2024-06,False
1172,2024-06,2024-07,False
1172,2024-07,2024-08,False
1172,2024-08,2024-09,False
1172,2024-09,2024-10,False
1172,2024-10,2024-11,False
1172,2024-11,2024-12,False
1173,2023-12,2024-01,False
1173,2024-01,2024-02,False
1173,2024-02,2024-03,False
1173,2024-03,2024-04,False
1173,2024-04,2024-05,False
1173,2024-05,2024-06,False
1173,2024-06,2024-07,False
1173,2024-07,2024-08,False
1173,2024-08,2024-09,False
1173,2024-09,2024-10,False
1173,2024-10,2024-11,False
1173,2024-11,2024-12,False
1174,2023-12,2024-01,False
1174,2024-01,2024-02,False
1174,2024-02,2024-03,False
1174,2024-03,2024-04,False
1174,2024-04,2024-05,False
1174,2024-05,2024-06,False
1174,2024-06,2024-07,False
1174,2024-07,2024-08,False
1174,2024-08,2024-09,False
1174,2024-09,2024-10,False
1174,2024-10,2024-11,False
1174,2024-11,2024-12,False
1175,2023-12,2024-01,False
1175,2024-01,2024-02,False
1175,2024-02,2024-03,False
1175,2024-03,2024-04,False
1175,2024-04,2024-05,False
1175,2024-05,2024-06,False
1175,2024-06,2024-07,False
1175,2024-07,2024-08,False
1175,2024-08,2024-09,False
1175,2024-09,2024-10,False
1175,2024-10,2024-11,False
1175,2024-11,2024-12,False
1176,2023-12,2024-01,False
1176,2024-01,2024-02,False
1176,2024-02,2024-03,False
1176,2024-03,2024-04,False
1176,2024-04,2024-05,False
1176,2024-05,2024-06,False
1176,2024-06,2024-07,False
1176,2024-07,2024-08,False
1176,2024-08,2024-09,False
1176,2024-09,2024-10,False
1176,2024-10,2024-11,False
1176,2024-11,2024-12,False
1178,2023-12,2024-01,False
1178,2024-01,2024-02,False
1178,2024-02,2024-03,False
1178,2024-03,2024-04,False
1178,2024-04,2024-05,False
1178,2024-05,2024-06,False
1178,2024-06,2024-07,False
1178,2024-07,2024-08,False
1178,2024-08,2024-09,False
1178,2024-09,2024-10,False
1178,2024-10,2024-11,False
1178,2024-11,2024-12,False
1179,2023-12,2024-01,False
1179,2024-01,2024-02,False
1179,2024-02,2024-03,False
1179,2024-03,2024-04,False
1179,2024-04,2024-05,False
1179,2024-05,2024-06,False
1179,2024-06,2024-07,False
1179,2024-07,2024-08,False
1179,2024-08,2024-09,False
1179,2024-09,2024-10,False
1179,2024-10,2024-11,False
1179,2024-11,2024-12,False
1180,2023-12,2024-01,False
1180,2024-01,2024-02,False
1180,2024-02,2024-03,False
1180,2024-03,2024-04,False
1180,2024-04,2024-05,False
1180,2024-05,2024-06,False
1180,2024-06,2024-07,False
1180,2024-07,2024-08,False
1180,2024-08,2024-09,False
1180,2024-09,2024-10,False
1180,2024-10,2024-11,False
1180,2024-11,2024-12,False
1181,2023-12,2024-01,False
1181,2024-01,2024-02,False
1181,2024-02,2024-03,False
1181,2024-03,2024-04,False
1181,2024-04,2024-05,False
1181,2024-05,2024-06,False
1181,2024-06,2024-07,False
1181,2024-07,2024-08,False
1181,2024-08,2024-09,False
1181,2024-09,2024-10,False
1181,2024-10,2024-11,False
1181,2024-11,2024-12,False
1184,2023-12,2024-01,False
1184,2024-01,2024-02,False
1184,2024-02,2024-03,False
1184,2024-03,2024-04,False
1184,2024-04,2024-05,False
1184,2024-05,2024-06,False
1184,2024-06,2024-07,False
1184,2024-07,2024-08,False
1184,2024-08,2024-09,False
1184,2024-09,2024-10,False
1184,2024-10,2024-11,False
1184,2024-11,2024-12,False
1185,2023-12,2024-01,False
1185,2024-01,2024-02,False
1185,2024-02,2024-03,False
1185,2024-03,2024-04,False
1185,2024-04,2024-05,False
1185,2024-05,2024-06,False
1185,2024-06,2024-07,False
1185,2024-07,2024-08,False
1185,2024-08,2024-09,False
1185,2024-09,2024-10,False
1185,2024-10,2024-11,False
1185,2024-11,2024-12,False
1186,2023-12,2024-01,False
1186,2024-01,2024-02,False
1186,2024-02,2024-03,False
1186,2024-03,2024-04,False
1186,2024-04,2024-05,False
1186,2024-05,2024-06,False
1186,2024-06,2024-07,False
1186,2024-07,2024-08,False
1186,2024-08,2024-09,False
1186,2024-09,2024-10,False
1186,2024-10,2024-11,False
1186,2024-11,2024-12,False
1187,2023-12,2024-01,False
1187,2024-01,2024-02,False
1187,2024-02,2024-03,False
1187,2024-03,2024-04,False
1187,2024-04,2024-05,False
1187,2024-05,2024-06,False
1187,2024-06,2024-07,False
1187,2024-07,2024-08,False
1187,2024-08,2024-09,False
1187,2024-09,2024-10,False
1187,2024-10,2024-11,False
1187,2024-11,2024-12,False
1188,2023-12,2024-01,False
1188,2024-01,2024-02,False
1188,2024-02,2024-03,False
1188,2024-03,2024-04,False
1188,2024-04,2024-05,False
1188,2024-05,2024-06,False
1188,2024-06,2024-07,False
1188,2024-07,2024-08,False
1188,2024-08,2024-09,False
1188,2024-09,2024-10,False
1188,2024-10,2024-11,False
1188,2024-11,2024-12,False
1189,2023-12,2024-01,False
1189,2024-01,2024-02,False
1189,2024-02,2024-03,False
1189,2024-03,2024-04,False
1189,2024-04,2024-05,False
1189,2024-05,2024-06,False
1189,2024-06,2024-07,False
1189,2024-07,2024-08,False
1189,2024-08,2024-09,False
1189,2024-09,2024-10,False
1189,2024-10,2024-11,False
1189,2024-11,2024-12,False
1190,2023-12,2024-01,False
1190,2024-01,2024-02,False
1190,2024-02,2024-03,False
1190,2024-03,2024-04,False
1190,2024-04,2024-05,False
1190,2024-05,2024-06,False
1190,2024-06,2024-07,False
1190,2024-07,2024-08,False
1190,2024-08,2024-09,False
1190,2024-09,2024-10,False
1190,2024-10,2024-11,False
1190,2024-11,2024-12,False
1191,2023-12,2024-01,False
1191,2024-01,2024-02,False
1191,2024-02,2024-03,False
1191,2024-03,2024-04,False
1191,2024-04,2024-05,False
1191,2024-05,2024-06,False
1191,2024-06,2024-07,False
1191,2024-07,2024-08,False
1191,2024-08,2024-09,False
1191,2024-09,2024-10,False
1191,2024-10,2024-11,False
1191,2024-11,2024-12,False
1192,2023-12,2024-01,False
1192,2024-01,2024-02,False
1192,2024-02,2024-03,False
1192,2024-03,2024-04,False
1192,2024-04,2024-05,False
1192,2024-05,2024-06,False
1192,2024-06,2024-07,False
1192,2024-07,2024-08,False
1192,2024-08,2024-09,False
1192,2024-09,2024-10,False
1192,2024-10,2024-11,False
1192,2024-11,2024-12,False
1193,2023-12,2024-01,False
1193,2024-01,2024-02,False
1193,2024-02,2024-03,False
1193,2024-03,2024-04,False
1193,2024-04,2024-05,False
1193,2024-05,2024-06,False
1193,2024-06,2024-07,False
1193,2024-07,2024-08,False
1193,2024-08,2024-09,False
1193,2024-09,2024-10,False
1193,2024-10,2024-11,False
1193,2024-11,2024-12,False
1194,2023-12,2024-01,False
1194,2024-01,2024-02,False
1194,2024-02,2024-03,False
1194,2024-03,2024-04,False
1194,2024-04,2024-05,False
1194,2024-05,2024-06,False
1194,2024-06,2024-07,False
1194,2024-07,2024-08,False
1194,2024-08,2024-09,False
1194,2024-09,2024-10,False
1194,2024-10,2024-11,False
1194,2024-11,2024-12,False
1195,2023-12,2024-01,False
1195,2024-01,2024-02,False
1195,2024-02,2024-03,False
1195,2024-03,2024-04,False
1195,2024-04,2024-05,False
1195,2024-05,2024-06,False
1195,2024-06,2024-07,False
1195,2024-07,2024-08,False
1195,2024-08,2024-09,False
1195,2024-09,2024-10,False
1195,2024-10,2024-11,False
1195,2024-11,2024-12,False
1196,2023-12,2024-01,False
1196,2024-01,2024-02,False
1196,2024-02,2024-03,False
1196,2024-03,2024-04,False
1196,2024-04,2024-05,False
1196,2024-05,2024-06,False
1196,2024-06,2024-07,False
1196,2024-07,2024-08,False
1196,2024-08,2024-09,False
1196,2024-09,2024-10,False
1196,2024-10,2024-11,False
1196,2024-11,2024-12,False
1197,2023-12,2024-01,False
1197,2024-01,2024-02,False
1197,2024-02,2024-03,False
1197,2024-03,2024-04,False
1197,2024-04,2024-05,False
1197,2024-05,2024-06,False
1197,2024-06,2024-07,False
1197,2024-07,2024-08,False
1197,2024-08,2024-09,False
1197,2024-09,2024-10,False
1197,2024-10,2024-11,False
1197,2024-11,2024-12,False
1198,2023-12,2024-01,False
1198,2024-01,2024-02,False
1198,2024-02,2024-03,False
1198,2024-03,2024-04,False
1198,2024-04,2024-05,False
1198,2024-05,2024-06,False
1198,2024-06,2024-07,False
1198,2024-07,2024-08,False
1198,2024-08,2024-09,False
1198,2024-09,2024-10,False
1198,2024-10,2024-11,False
1198,2024-11,2024-12,False
1200,2023-12,2024-01,False
1200,2024-01,2024-02,False
1200,2024-02,2024-03,False
1200,2024-03,2024-04,False
1200,2024-04,2024-05,False
1200,2024-05,2024-06,False
1200,2024-06,2024-07,False
1200,2024-07,2024-08,False
1200,2024-08,2024-09,False
1200,2024-09,2024-10,False
1200,2024-10,2024-11,False
1200,2024-11,2024-12,False
1201,2023-12,2024-01,False
1201,2024-01,2024-02,False
1201,2024-02,2024-03,False
1201,2024-03,2024-04,False
1201,2024-04,2024-05,False
1201,2024-05,2024-06,False
1201,2024-06,2024-07,False
1201,2024-07,2024-08,False
1201,2024-08,2024-09,False
1201,2024-09,2024-10,False
1201,2024-10,2024-11,False
1201,2024-11,2024-12,False
1203,2023-12,2024-01,False
1203,2024-01,2024-02,False
1203,2024-02,2024-03,False
1203,2024-03,2024-04,False
1203,2024-04,2024-05,False
1203,2024-05,2024-06,False
1203,2024-06,2024-07,False
1203,2024-07,2024-08,False
1203,2024-08,2024-09,False
1203,2024-09,2024-10,False
1203,2024-10,2024-11,False
1203,2024-11,2024-12,False
1204,2023-12,2024-01,False
1204,2024-01,2024-02,False
1204,2024-02,2024-03,False
1204,2024-03,2024-04,False
1204,2024-04,2024-05,False
1204,2024-05,2024-06,False
1204,2024-06,2024-07,False
1204,2024-07,2024-08,False
1204,2024-08,2024-09,False
1204,2024-09,2024-10,False
1204,2024-10,2024-11,False
1204,2024-11,2024-12,False
1205,2023-12,2024-01,False
1205,2024-01,2024-02,False
1205,2024-02,2024-03,False
1205,2024-03,2024-04,False
1205,2024-04,2024-05,False
1205,2024-05,2024-06,False
1205,2024-06,2024-07,False
1205,2024-07,2024-08,False
1205,2024-08,2024-09,False
1205,2024-09,2024-10,False
1205,2024-10,2024-11,False
1205,2024-11,2024-12,False
1206,2023-12,2024-01,False
1206,2024-01,2024-02,False
1206,2024-02,2024-03,False
1206,2024-03,2024-04,False
1206,2024-04,2024-05,False
1206,2024-05,2024-06,False
1206,2024-06,2024-07,False
1206,2024-07,2024-08,False
1206,2024-08,2024-09,False
1206,2024-09,2024-10,False
1206,2024-10,2024-11,False
1206,2024-11,2024-12,False
1207,2023-12,2024-01,False
1207,2024-01,2024-02,False
1207,2024-02,2024-03,False
1207,2024-03,2024-04,False
1207,2024-04,2024-05,False
1207,2024-05,2024-06,False
1207,2024-06,2024-07,False
1207,2024-07,2024-08,False
1207,2024-08,2024-09,False
1207,2024-09,2024-10,False
1207,2024-10,2024-11,False
1207,2024-11,2024-12,False
1208,2023-12,2024-01,False
1208,2024-01,2024-02,False
1208,2024-02,2024-03,False
1208,2024-03,2024-04,False
1208,2024-04,2024-05,False
1208,2024-05,2024-06,False
1208,2024-06,2024-07,False
1208,2024-07,2024-08,False
1208,2024-08,2024-09,False
1208,2024-09,2024-10,False
1208,2024-10,2024-11,False
1208,2024-11,2024-12,False
1209,2023-12,2024-01,False
1209,2024-01,2024-02,False
1209,2024-02,2024-03,False
1209,2024-03,2024-04,False
1209,2024-04,2024-05,False
1209,2024-05,2024-06,False
1209,2024-06,2024-07,False
1209,2024-07,2024-08,False
1209,2024-08,2024-09,False
1209,2024-09,2024-10,False
1209,2024-10,2024-11,False
1209,2024-11,2024-12,False
1210,2023-12,2024-01,False
1210,2024-01,2024-02,False
1210,2024-02,2024-03,False
1210,2024-03,2024-04,False
1210,2024-04,2024-05,False
1210,2024-05,2024-06,False
1210,2024-06,2024-07,False
1210,2024-07,2024-08,False
1210,2024-08,2024-09,False
1210,2024-09,2024-10,False
1210,2024-10,2024-11,False
1210,2024-11,2024-12,False
1211,2023-12,2024-01,False
1211,2024-01,2024-02,False
1211,2024-02,2024-03,False
1211,2024-03,2024-04,False
1211,2024-04,2024-05,False
1211,2024-05,2024-06,False
1211,2024-06,2024-07,False
1211,2024-07,2024-08,False
1211,2024-08,2024-09,False
1211,2024-09,2024-10,False
1211,2024-10,2024-11,False
1211,2024-11,2024-12,False
1212,2023-12,2024-01,False
1212,2024-01,2024-02,False
1212,2024-02,2024-03,False
1212,2024-03,2024-04,False
1212,2024-04,2024-05,False
1212,2024-05,2024-06,False
1212,2024-06,2024-07,False
1212,2024-07,2024-08,False
1212,2024-08,2024-09,False
1212,2024-09,2024-10,False
1212,2024-10,2024-11,False
1212,2024-11,2024-12,False
1213,2023-12,2024-01,False
1213,2024-01,2024-02,False
1213,2024-02,2024-03,False
1213,2024-03,2024-04,False
1213,2024-04,2024-05,False
1213,2024-05,2024-06,False
1213,2024-06,2024-07,False
1213,2024-07,2024-08,False
1213,2024-08,2024-09,False
1213,2024-09,2024-10,False
1213,2024-10,2024-11,False
1213,2024-11,2024-12,False
1214,2023-12,2024-01,False
1214,2024-01,2024-02,False
1214,2024-02,2024-03,False
1214,2024-03,2024-04,False
1214,2024-04,2024-05,False
1214,2024-05,2024-06,False
1214,2024-06,2024-07,False
1214,2024-07,2024-08,False
1214,2024-08,2024-09,False
1214,2024-09,2024-10,False
1214,2024-10,2024-11,False
1214,2024-11,2024-12,False
1215,2023-12,2024-01,False
1215,2024-01,2024-02,False
1215,2024-02,2024-03,False
1215,2024-03,2024-04,False
1215,2024-04,2024-05,False
1215,2024-05,2024-06,False
1215,2024-06,2024-07,False
1215,2024-07,2024-08,False
1215,2024-08,2024-09,False
1215,2024-09,2024-10,False
1215,2024-10,2024-11,False
1215,2024-11,2024-12,False
1217,2023-12,2024-01,False
1217,2024-01,2024-02,False
1217,2024-02,2024-03,False
1217,2024-03,2024-04,False
1217,2024-04,2024-05,False
1217,2024-05,2024-06,False
1217,2024-06,2024-07,False
1217,2024-07,2024-08,False
1217,2024-08,2024-09,False
1217,2024-09,2024-10,False
1217,2024-10,2024-11,False
1217,2024-11,2024-12,False
1218,2023-12,2024-01,False
1218,2024-01,2024-02,False
1218,2024-02,2024-03,False
1218,2024-03,2024-04,False
1218,2024-04,2024-05,False
1218,2024-05,2024-06,False
1218,2024-06,2024-07,False
1218,2024-07,2024-08,False
1218,2024-08,2024-09,False
1218,2024-09,2024-10,False
1218,2024-10,2024-11,False
1218,2024-11,2024-12,False
1219,2023-12,2024-01,False
1219,2024-01,2024-02,False
1219,2024-02,2024-03,False
1219,2024-03,2024-04,False
1219,2024-04,2024-05,False
1219,2024-05,2024-06,False
1219,2024-06,2024-07,False
1219,2024-07,2024-08,False
1219,2024-08,2024-09,False
1219,2024-09,2024-10,False
1219,2024-10,2024-11,False
1219,2024-11,2024-12,False
1220,2023-12,2024-01,False
1220,2024-01,2024-02,False
1220,2024-02,2024-03,False
1220,2024-03,2024-04,False
1220,2024-04,2024-05,False
1220,2024-05,2024-06,False
1220,2024-06,2024-07,False
1220,2024-07,2024-08,False
1220,2024-08,2024-09,False
1220,2024-09,2024-10,False
1220,2024-10,2024-11,False
1220,2024-11,2024-12,False
1221,2023-12,2024-01,False
1221,2024-01,2024-02,False
1221,2024-02,2024-03,False
1221,2024-03,2024-04,False
1221,2024-04,2024-05,False
1221,2024-05,2024-06,False
1221,2024-06,2024-07,False
1221,2024-07,2024-08,False
1221,2024-08,2024-09,False
1221,2024-09,2024-10,False
1221,2024-10,2024-11,False
1221,2024-11,2024-12,False
1222,2023-12,2024-01,False
1222,2024-01,2024-02,False
1222,2024-02,2024-03,False
1222,2024-03,2024-04,False
1222,2024-04,2024-05,False
1222,2024-05,2024-06,False
1222,2024-06,2024-07,False
1222,2024-07,2024-08,False
1222,2024-08,2024-09,False
1222,2024-09,2024-10,False
1222,2024-10,2024-11,False
1222,2024-11,2024-12,False
1223,2023-12,2024-01,False
1223,2024-01,2024-02,False
1223,2024-02,2024-03,False
1223,2024-03,2024-04,False
1223,2024-04,2024-05,False
1223,2024-05,2024-06,False
1223,2024-06,2024-07,False
1223,2024-07,2024-08,False
1223,2024-08,2024-09,False
1223,2024-09,2024-10,False
1223,2024-10,2024-11,False
1223,2024-11,2024-12,False
1224,2023-12,2024-01,False
1224,2024-01,2024-02,False
1224,2024-02,2024-03,False
1224,2024-03,2024-04,False
1224,2024-04,2024-05,False
1224,2024-05,2024-06,False
1224,2024-06,2024-07,False
1224,2024-07,2024-08,False
1224,2024-08,2024-09,False
1224,2024-09,2024-10,False
1224,2024-10,2024-11,False
1224,2024-11,2024-12,False
1225,2023-12,2024-01,False
1225,2024-01,2024-02,False
1225,2024-02,2024-03,False
1225,2024-03,2024-04,False
1225,2024-04,2024-05,False
1225,2024-05,2024-06,False
1225,2024-06,2024-07,False
1225,2024-07,2024-08,False
1225,2024-08,2024-09,False
1225,2024-09,2024-10,False
1225,2024-10,2024-11,False
1225,2024-11,2024-12,False
1226,2023-12,2024-01,False
1226,2024-01,2024-02,False
1226,2024-02,2024-03,False
1226,2024-03,2024-04,False
1226,2024-04,2024-05,False
1226,2024-05,2024-06,False
1226,2024-06,2024-07,False
1226,2024-07,2024-08,False
1226,2024-08,2024-09,False
1226,2024-09,2024-10,False
1226,2024-10,2024-11,False
1226,2024-11,2024-12,False
1227,2023-12,2024-01,False
1227,2024-01,2024-02,False
1227,2024-02,2024-03,False
1227,2024-03,2024-04,False
1227,2024-04,2024-05,False
1227,2024-05,2024-06,False
1227,2024-06,2024-07,False
1227,2024-07,2024-08,False
1227,2024-08,2024-09,False
1227,2024-09,2024-10,False
1227,2024-10,2024-11,False
1227,2024-11,2024-12,False
1228,2023-12,2024-01,False
1228,2024-01,2024-02,False
1228,2024-02,2024-03,False
1228,2024-03,2024-04,False
1228,2024-04,2024-05,False
1228,2024-05,2024-06,False
1228,2024-06,2024-07,False
1228,2024-07,2024-08,False
1228,2024-08,2024-09,False
1228,2024-09,2024-10,False
1228,2024-10,2024-11,False
1228,2024-11,2024-12,False
1229,2023-12,2024-01,False
1229,2024-01,2024-02,False
1229,2024-02,2024-03,False
1229,2024-03,2024-04,False
1229,2024-04,2024-05,False
1229,2024-05,2024-06,False
1229,2024-06,2024-07,False
1229,2024-07,2024-08,False
1229,2024-08,2024-09,False
1229,2024-09,2024-10,False
1229,2024-10,2024-11,False
1229,2024-11,2024-12,False
1230,2023-12,2024-01,False
1230,2024-01,2024-02,False
1230,2024-02,2024-03,False
1230,2024-03,2024-04,False
1230,2024-04,2024-05,False
1230,2024-05,2024-06,False
1230,2024-06,2024-07,False
1230,2024-07,2024-08,False
1230,2024-08,2024-09,False
1230,2024-09,2024-10,False
1230,2024-10,2024-11,False
1230,2024-11,2024-12,False
1231,2023-12,2024-01,False
1231,2024-01,2024-02,False
1231,2024-02,2024-03,False
1231,2024-03,2024-04,False
1231,2024-04,2024-05,False
1231,2024-05,2024-06,False
1231,2024-06,2024-07,False
1231,2024-07,2024-08,False
1231,2024-08,2024-09,False
1231,2024-09,2024-10,False
1231,2024-10,2024-11,False
1231,2024-11,2024-12,False
1232,2023-12,2024-01,False
1232,2024-01,2024-02,False
1232,2024-02,2024-03,False
1232,2024-03,2024-04,False
1232,2024-04,2024-05,False
1232,2024-05,2024-06,False
1232,2024-06,2024-07,False
1232,2024-07,2024-08,False
1232,2024-08,2024-09,False
1232,2024-09,2024-10,False
1232,2024-10,2024-11,False
1232,2024-11,2024-12,False
1233,2023-12,2024-01,False
1233,2024-01,2024-02,False
1233,2024-02,2024-03,False
1233,2024-03,2024-04,False
1233,2024-04,2024-05,False
1233,2024-05,2024-06,False
1233,2024-06,2024-07,False
1233,2024-07,2024-08,False
1233,2024-08,2024-09,False
1233,2024-09,2024-10,False
1233,2024-10,2024-11,False
1233,2024-11,2024-12,False
1234,2023-12,2024-01,False
1234,2024-01,2024-02,False
1234,2024-02,2024-03,False
1234,2024-03,2024-04,False
1234,2024-04,2024-05,False
1234,2024-05,2024-06,False
1234,2024-06,2024-07,False
1234,2024-07,2024-08,False
1234,2024-08,2024-09,False
1234,2024-09,2024-10,False
1234,2024-10,2024-11,False
1234,2024-11,2024-12,False
1235,2023-12,2024-01,False
1235,2024-01,2024-02,False
1235,2024-02,2024-03,False
1235,2024-03,2024-04,False
1235,2024-04,2024-05,False
1235,2024-05,2024-06,False
1235,2024-06,2024-07,False
1235,2024-07,2024-08,False
1235,2024-08,2024-09,False
1235,2024-09,2024-10,False
1235,2024-10,2024-11,False
1235,2024-11,2024-12,False
1236,2023-12,2024-01,False
1236,2024-01,2024-02,False
1236,2024-02,2024-03,False
1236,2024-03,2024-04,False
1236,2024-04,2024-05,False
1236,2024-05,2024-06,False
1236,2024-06,2024-07,False
1236,2024-07,2024-08,False
1236,2024-08,2024-09,False
1236,2024-09,2024-10,False
1236,2024-10,2024-11,False
1236,2024-11,2024-12,False
1237,2023-12,2024-01,False
1237,2024-01,2024-02,False
1237,2024-02,2024-03,False
1237,2024-03,2024-04,False
1237,2024-04,2024-05,False
1237,2024-05,2024-06,False
1237,2024-06,2024-07,False
1237,2024-07,2024-08,False
1237,2024-08,2024-09,False
1237,2024-09,2024-10,False
1237,2024-10,2024-11,False
1237,2024-11,2024-12,False
1238,2023-12,2024-01,False
1238,2024-01,2024-02,False
1238,2024-02,2024-03,False
1238,2024-03,2024-04,False
1238,2024-04,2024-05,False
1238,2024-05,2024-06,False
1238,2024-06,2024-07,False
1238,2024-07,2024-08,False
1238,2024-08,2024-09,False
1238,2024-09,2024-10,False
1238,2024-10,2024-11,False
1238,2024-11,2024-12,False
1240,2023-12,2024-01,False
1240,2024-01,2024-02,False
1240,2024-02,2024-03,False
1240,2024-03,2024-04,False
1240,2024-04,2024-05,False
1240,2024-05,2024-06,False
1240,2024-06,2024-07,False
1240,2024-07,2024-08,False
1240,2024-08,2024-09,False
1240,2024-09,2024-10,False
1240,2024-10,2024-11,False
1240,2024-11,2024-12,False
1241,2023-12,2024-01,False
1241,2024-01,2024-02,False
1241,2024-02,2024-03,False
1241,2024-03,2024-04,False
1241,2024-04,2024-05,False
1241,2024-05,2024-06,False
1241,2024-06,2024-07,False
1241,2024-07,2024-08,False
1241,2024-08,2024-09,False
1241,2024-09,2024-10,False
1241,2024-10,2024-11,False
1241,2024-11,2024-12,False
1242,2023-12,2024-01,False
1242,2024-01,2024-02,False
1242,2024-02,2024-03,False
1242,2024-03,2024-04,False
1242,2024-04,2024-05,False
1242,2024-05,2024-06,False
1242,2024-06,2024-07,False
1242,2024-07,2024-08,False
1242,2024-08,2024-09,False
1242,2024-09,2024-10,False
1242,2024-10,2024-11,False
1242,2024-11,2024-12,False
1243,2023-12,2024-01,False
1243,2024-01,2024-02,False
1243,2024-02,2024-03,False
1243,2024-03,2024-04,False
1243,2024-04,2024-05,False
1243,2024-05,2024-06,False
1243,2024-06,2024-07,False
1243,2024-07,2024-08,False
1243,2024-08,2024-09,False
1243,2024-09,2024-10,False
1243,2024-10,2024-11,False
1243,2024-11,2024-12,False
1244,2023-12,2024-01,False
1244,2024-01,2024-02,False
1244,2024-02,2024-03,False
1244,2024-03,2024-04,False
1244,2024-04,2024-05,False
1244,2024-05,2024-06,False
1244,2024-06,2024-07,False
1244,2024-07,2024-08,False
1244,2024-08,2024-09,False
1244,2024-09,2024-10,False
1244,2024-10,2024-11,False
1244,2024-11,2024-12,False
1246,2023-12,2024-01,False
1246,2024-01,2024-02,False
1246,2024-02,2024-03,False
1246,2024-03,2024-04,False
1246,2024-04,2024-05,False
1246,2024-05,2024-06,False
1246,2024-06,2024-07,False
1246,2024-07,2024-08,False
1246,2024-08,2024-09,False
1246,2024-09,2024-10,False
1246,2024-10,2024-11,False
1246,2024-11,2024-12,False
1249,2023-12,2024-01,False
1249,2024-01,2024-02,False
1249,2024-02,2024-03,False
1249,2024-03,2024-04,False
1249,2024-04,2024-05,False
1249,2024-05,2024-06,False
1249,2024-06,2024-07,False
1249,2024-07,2024-08,False
1249,2024-08,2024-09,False
1249,2024-09,2024-10,False
1249,2024-10,2024-11,False
1249,2024-11,2024-12,False
1250,2023-12,2024-01,False
1250,2024-01,2024-02,False
1250,2024-02,2024-03,False
1250,2024-03,2024-04,False
1250,2024-04,2024-05,False
1250,2024-05,2024-06,False
1250,2024-06,2024-07,False
1250,2024-07,2024-08,False
1250,2024-08,2024-09,False
1250,2024-09,2024-10,False
1250,2024-10,2024-11,False
1250,2024-11,2024-12,False
1251,2023-12,2024-01,False
1251,2024-01,2024-02,False
1251,2024-02,2024-03,False
1251,2024-03,2024-04,False
1251,2024-04,2024-05,False
1251,2024-05,2024-06,False
1251,2024-06,2024-07,False
1251,2024-07,2024-08,False
1251,2024-08,2024-09,False
1251,2024-09,2024-10,False
1251,2024-10,2024-11,False
1251,2024-11,2024-12,False
1252,2023-12,2024-01,False
1252,2024-01,2024-02,False
1252,2024-02,2024-03,False
1252,2024-03,2024-04,False
1252,2024-04,2024-05,False
1252,2024-05,2024-06,False
1252,2024-06,2024-07,False
1252,2024-07,2024-08,False
1252,2024-08,2024-09,False
1252,2024-09,2024-10,False
1252,2024-10,2024-11,False
1252,2024-11,2024-12,False
1253,2023-12,2024-01,False
1253,2024-01,2024-02,False
1253,2024-02,2024-03,False
1253,2024-03,2024-04,False
1253,2024-04,2024-05,False
1253,2024-05,2024-06,False
1253,2024-06,2024-07,False
1253,2024-07,2024-08,False
1253,2024-08,2024-09,False
1253,2024-09,2024-10,False
1253,2024-10,2024-11,False
1253,2024-11,2024-12,False
1254,2023-12,2024-01,False
1254,2024-01,2024-02,False
1254,2024-02,2024-03,False
1254,2024-03,2024-04,False
1254,2024-04,2024-05,False
1254,2024-05,2024-06,False
1254,2024-06,2024-07,False
1254,2024-07,2024-08,False
1254,2024-08,2024-09,False
1254,2024-09,2024-10,False
1254,2024-10,2024-11,False
1254,2024-11,2024-12,False
1256,2023-12,2024-01,False
1256,2024-01,2024-02,False
1256,2024-02,2024-03,False
1256,2024-03,2024-04,False
1256,2024-04,2024-05,False
1256,2024-05,2024-06,False
1256,2024-06,2024-07,False
1256,2024-07,2024-08,False
1256,2024-08,2024-09,False
1256,2024-09,2024-10,False
1256,2024-10,2024-11,False
1256,2024-11,2024-12,False
1257,2023-12,2024-01,False
1257,2024-01,2024-02,False
1257,2024-02,2024-03,False
1257,2024-03,2024-04,False
1257,2024-04,2024-05,False
1257,2024-05,2024-06,False
1257,2024-06,2024-07,False
1257,2024-07,2024-08,False
1257,2024-08,2024-09,False
1257,2024-09,2024-10,False
1257,2024-10,2024-11,False
1257,2024-11,2024-12,False
1258,2023-12,2024-01,False
1258,2024-01,2024-02,False
1258,2024-02,2024-03,False
1258,2024-03,2024-04,False
1258,2024-04,2024-05,False
1258,2024-05,2024-06,False
1258,2024-06,2024-07,False
1258,2024-07,2024-08,False
1258,2024-08,2024-09,False
1258,2024-09,2024-10,False
1258,2024-10,2024-11,False
1258,2024-11,2024-12,False
1259,2023-12,2024-01,False
1259,2024-01,2024-02,False
1259,2024-02,2024-03,False
1259,2024-03,2024-04,False
1259,2024-04,2024-05,False
1259,2024-05,2024-06,False
1259,2024-06,2024-07,False
1259,2024-07,2024-08,False
1259,2024-08,2024-09,False
1259,2024-09,2024-10,False
1259,2024-10,2024-11,False
1259,2024-11,2024-12,False
1260,2023-12,2024-01,False
1260,2024-01,2024-02,False
1260,2024-02,2024-03,False
1260,2024-03,2024-04,False
1260,2024-04,2024-05,False
1260,2024-05,2024-06,False
1260,2024-06,2024-07,False
1260,2024-07,2024-08,False
1260,2024-08,2024-09,False
1260,2024-09,2024-10,False
1260,2024-10,2024-11,False
1260,2024-11,2024-12,False
1261,2023-12,2024-01,False
1261,2024-01,2024-02,False
1261,2024-02,2024-03,False
1261,2024-03,2024-04,False
1261,2024-04,2024-05,False
1261,2024-05,2024-06,False
1261,2024-06,2024-07,False
1261,2024-07,2024-08,False
1261,2024-08,2024-09,False
1261,2024-09,2024-10,False
1261,2024-10,2024-11,False
1261,2024-11,2024-12,False
1262,2023-12,2024-01,False
1262,2024-01,2024-02,False
1262,2024-02,2024-03,False
1262,2024-03,2024-04,False
1262,2024-04,2024-05,False
1262,2024-05,2024-06,False
1262,2024-06,2024-07,False
1262,2024-07,2024-08,False
1262,2024-08,2024-09,False
1262,2024-09,2024-10,False
1262,2024-10,2024-11,False
1262,2024-11,2024-12,False
1264,2023-12,2024-01,False
1264,2024-01,2024-02,False
1264,2024-02,2024-03,False
1264,2024-03,2024-04,False
1264,2024-04,2024-05,False
1264,2024-05,2024-06,False
1264,2024-06,2024-07,False
1264,2024-07,2024-08,False
1264,2024-08,2024-09,False
1264,2024-09,2024-10,False
1264,2024-10,2024-11,False
1264,2024-11,2024-12,False
1265,2023-12,2024-01,False
1265,2024-01,2024-02,False
1265,2024-02,2024-03,False
1265,2024-03,2024-04,False
1265,2024-04,2024-05,False
1265,2024-05,2024-06,False
1265,2024-06,2024-07,False
1265,2024-07,2024-08,False
1265,2024-08,2024-09,False
1265,2024-09,2024-10,False
1265,2024-10,2024-11,False
1265,2024-11,2024-12,False
1266,2023-12,2024-01,False
1266,2024-01,2024-02,False
1266,2024-02,2024-03,False
1266,2024-03,2024-04,False
1266,2024-04,2024-05,False
1266,2024-05,2024-06,False
1266,2024-06,2024-07,False
1266,2024-07,2024-08,False
1266,2024-08,2024-09,False
1266,2024-09,2024-10,False
1266,2024-10,2024-11,False
1266,2024-11,2024-12,False
1267,2023-12,2024-01,False
1267,2024-01,2024-02,False
1267,2024-02,2024-03,False
1267,2024-03,2024-04,False
1267,2024-04,2024-05,False
1267,2024-05,2024-06,False
1267,2024-06,2024-07,False
1267,2024-07,2024-08,False
1267,2024-08,2024-09,False
1267,2024-09,2024-10,False
1267,2024-10,2024-11,False
1267,2024-11,2024-12,False
1268,2023-12,2024-01,False
1268,2024-01,2024-02,False
1268,2024-02,2024-03,False
1268,2024-03,2024-04,False
1268,2024-04,2024-05,False
1268,2024-05,2024-06,False
1268,2024-06,2024-07,False
1268,2024-07,2024-08,False
1268,2024-08,2024-09,False
1268,2024-09,2024-10,False
1268,2024-10,2024-11,False
1268,2024-11,2024-12,False
1269,2023-12,2024-01,False
1269,2024-01,2024-02,False
1269,2024-02,2024-03,False
1269,2024-03,2024-04,False
1269,2024-04,2024-05,False
1269,2024-05,2024-06,False
1269,2024-06,2024-07,False
1269,2024-07,2024-08,False
1269,2024-08,2024-09,False
1269,2024-09,2024-10,False
1269,2024-10,2024-11,False
1269,2024-11,2024-12,False
1270,2023-12,2024-01,False
1270,2024-01,2024-02,False
1270,2024-02,2024-03,False
1270,2024-03,2024-04,False
1270,2024-04,2024-05,False
1270,2024-05,2024-06,False
1270,2024-06,2024-07,False
1270,2024-07,2024-08,False
1270,2024-08,2024-09,False
1270,2024-09,2024-10,False
1270,2024-10,2024-11,False
1270,2024-11,2024-12,False
1271,2023-12,2024-01,False
1271,2024-01,2024-02,False
1271,2024-02,2024-03,False
1271,2024-03,2024-04,False
1271,2024-04,2024-05,False
1271,2024-05,2024-06,False
1271,2024-06,2024-07,False
1271,2024-07,2024-08,False
1271,2024-08,2024-09,False
1271,2024-09,2024-10,False
1271,2024-10,2024-11,False
1271,2024-11,2024-12,False
1272,2023-12,2024-01,False
1272,2024-01,2024-02,False
1272,2024-02,2024-03,False
1272,2024-03,2024-04,False
1272,2024-04,2024-05,False
1272,2024-05,2024-06,False
1272,2024-06,2024-07,False
1272,2024-07,2024-08,False
1272,2024-08,2024-09,False
1272,2024-09,2024-10,False
1272,2024-10,2024-11,False
1272,2024-11,2024-12,False
1273,2023-12,2024-01,False
1273,2024-01,2024-02,False
1273,2024-02,2024-03,False
1273,2024-03,2024-04,False
1273,2024-04,2024-05,False
1273,2024-05,2024-06,False
1273,2024-06,2024-07,False
1273,2024-07,2024-08,False
1273,2024-08,2024-09,False
1273,2024-09,2024-10,False
1273,2024-10,2024-11,False
1273,2024-11,2024-12,False
1274,2023-12,2024-01,False
1274,2024-01,2024-02,False
1274,2024-02,2024-03,False
1274,2024-03,2024-04,False
1274,2024-04,2024-05,False
1274,2024-05,2024-06,False
1274,2024-06,2024-07,False
1274,2024-07,2024-08,False
1274,2024-08,2024-09,False
1274,2024-09,2024-10,False
1274,2024-10,2024-11,False
1274,2024-11,2024-12,False
1275,2023-12,2024-01,False
1275,2024-01,2024-02,False
1275,2024-02,2024-03,False
1275,2024-03,2024-04,False
1275,2024-04,2024-05,False
1275,2024-05,2024-06,False
1275,2024-06,2024-07,False
1275,2024-07,2024-08,False
1275,2024-08,2024-09,False
1275,2024-09,2024-10,False
1275,2024-10,2024-11,False
1275,2024-11,2024-12,False
1276,2023-12,2024-01,False
1276,2024-01,2024-02,False
1276,2024-02,2024-03,False
1276,2024-03,2024-04,False
1276,2024-04,2024-05,False
1276,2024-05,2024-06,False
1276,2024-06,2024-07,False
1276,2024-07,2024-08,False
1276,2024-08,2024-09,False
1276,2024-09,2024-10,False
1276,2024-10,2024-11,False
1276,2024-11,2024-12,False
1277,2023-12,2024-01,False
1277,2024-01,2024-02,False
1277,2024-02,2024-03,False
1277,2024-03,2024-04,False
1277,2024-04,2024-05,False
1277,2024-05,2024-06,False
1277,2024-06,2024-07,False
1277,2024-07,2024-08,False
1277,2024-08,2024-09,False
1277,2024-09,2024-10,False
1277,2024-10,2024-11,False
1277,2024-11,2024-12,False
1278,2023-12,2024-01,False
1278,2024-01,2024-02,False
1278,2024-02,2024-03,False
1278,2024-03,2024-04,False
1278,2024-04,2024-05,False
1278,2024-05,2024-06,False
1278,2024-06,2024-07,False
1278,2024-07,2024-08,False
1278,2024-08,2024-09,False
1278,2024-09,2024-10,False
1278,2024-10,2024-11,False
1278,2024-11,2024-12,False
1279,2023-12,2024-01,False
1279,2024-01,2024-02,False
1279,2024-02,2024-03,False
1279,2024-03,2024-04,False
1279,2024-04,2024-05,False
1279,2024-05,2024-06,False
1279,2024-06,2024-07,False
1279,2024-07,2024-08,False
1279,2024-08,2024-09,False
1279,2024-09,2024-10,False
1279,2024-10,2024-11,False
1279,2024-11,2024-12,False
1280,2023-12,2024-01,False
1280,2024-01,2024-02,False
1280,2024-02,2024-03,False
1280,2024-03,2024-04,False
1280,2024-04,2024-05,False
1280,2024-05,2024-06,False
1280,2024-06,2024-07,False
1280,2024-07,2024-08,False
1280,2024-08,2024-09,False
1280,2024-09,2024-10,False
1280,2024-10,2024-11,False
1280,2024-11,2024-12,False
1281,2023-12,2024-01,False
1281,2024-01,2024-02,False
1281,2024-02,2024-03,False
1281,2024-03,2024-04,False
1281,2024-04,2024-05,False
1281,2024-05,2024-06,False
1281,2024-06,2024-07,False
1281,2024-07,2024-08,False
1281,2024-08,2024-09,False
1281,2024-09,2024-10,False
1281,2024-10,2024-11,False
1281,2024-11,2024-12,False
1282,2023-12,2024-01,False
1282,2024-01,2024-02,False
1282,2024-02,2024-03,False
1282,2024-03,2024-04,False
1282,2024-04,2024-05,False
1282,2024-05,2024-06,False
1282,2024-06,2024-07,False
1282,2024-07,2024-08,False
1282,2024-08,2024-09,False
1282,2024-09,2024-10,False
1282,2024-10,2024-11,False
1282,2024-11,2024-12,False
1284,2023-12,2024-01,False
1284,2024-01,2024-02,False
1284,2024-02,2024-03,False
1284,2024-03,2024-04,False
1284,2024-04,2024-05,False
1284,2024-05,2024-06,False
1284,2024-06,2024-07,False
1284,2024-07,2024-08,False
1284,2024-08,2024-09,False
1284,2024-09,2024-10,False
1284,2024-10,2024-11,False
1284,2024-11,2024-12,False
1285,2023-12,2024-01,False
1285,2024-01,2024-02,False
1285,2024-02,2024-03,False
1285,2024-03,2024-04,False
1285,2024-04,2024-05,False
1285,2024-05,2024-06,False
1285,2024-06,2024-07,False
1285,2024-07,2024-08,False
1285,2024-08,2024-09,False
1285,2024-09,2024-10,False
1285,2024-10,2024-11,False
1285,2024-11,2024-12,False
1286,2023-12,2024-01,False
1286,2024-01,2024-02,False
1286,2024-02,2024-03,False
1286,2024-03,2024-04,False
1286,2024-04,2024-05,False
1286,2024-05,2024-06,False
1286,2024-06,2024-07,False
1286,2024-07,2024-08,False
1286,2024-08,2024-09,False
1286,2024-09,2024-10,False
1286,2024-10,2024-11,False
1286,2024-11,2024-12,False
1287,2023-12,2024-01,False
1287,2024-01,2024-02,False
1287,2024-02,2024-03,False
1287,2024-03,2024-04,False
1287,2024-04,2024-05,False
1287,2024-05,2024-06,False
1287,2024-06,2024-07,False
1287,2024-07,2024-08,False
1287,2024-08,2024-09,False
1287,2024-09,2024-10,False
1287,2024-10,2024-11,False
1287,2024-11,2024-12,False
1288,2023-12,2024-01,False
1288,2024-01,2024-02,False
1288,2024-02,2024-03,False
1288,2024-03,2024-04,False
1288,2024-04,2024-05,False
1288,2024-05,2024-06,False
1288,2024-06,2024-07,False
1288,2024-07,2024-08,False
1288,2024-08,2024-09,False
1288,2024-09,2024-10,False
1288,2024-10,2024-11,False
1288,2024-11,2024-12,False
1289,2023-12,2024-01,False
1289,2024-01,2024-02,False
1289,2024-02,2024-03,False
1289,2024-03,2024-04,False
1289,2024-04,2024-05,False
1289,2024-05,2024-06,False
1289,2024-06,2024-07,False
1289,2024-07,2024-08,False
1289,2024-08,2024-09,False
1289,2024-09,2024-10,False
1289,2024-10,2024-11,False
1289,2024-11,2024-12,False
1290,2023-12,2024-01,False
1290,2024-01,2024-02,False
1290,2024-02,2024-03,False
1290,2024-03,2024-04,False
1290,2024-04,2024-05,False
1290,2024-05,2024-06,False
1290,2024-06,2024-07,False
1290,2024-07,2024-08,False
1290,2024-08,2024-09,False
1290,2024-09,2024-10,False
1290,2024-10,2024-11,False
1290,2024-11,2024-12,False
1291,2023-12,2024-01,False
1291,2024-01,2024-02,False
1291,2024-02,2024-03,False
1291,2024-03,2024-04,False
1291,2024-04,2024-05,False
1291,2024-05,2024-06,False
1291,2024-06,2024-07,False
1291,2024-07,2024-08,False
1291,2024-08,2024-09,False
1291,2024-09,2024-10,False
1291,2024-10,2024-11,False
1291,2024-11,2024-12,False
1292,2023-12,2024-01,False
1292,2024-01,2024-02,False
1292,2024-02,2024-03,False
1292,2024-03,2024-04,False
1292,2024-04,2024-05,False
1292,2024-05,2024-06,False
1292,2024-06,2024-07,False
1292,2024-07,2024-08,False
1292,2024-08,2024-09,False
1292,2024-09,2024-10,False
1292,2024-10,2024-11,False
1292,2024-11,2024-12,False
1293,2023-12,2024-01,False
1293,2024-01,2024-02,False
1293,2024-02,2024-03,False
1293,2024-03,2024-04,False
1293,2024-04,2024-05,False
1293,2024-05,2024-06,False
1293,2024-06,2024-07,False
1293,2024-07,2024-08,False
1293,2024-08,2024-09,False
1293,2024-09,2024-10,False
1293,2024-10,2024-11,False
1293,2024-11,2024-12,False
1294,2023-12,2024-01,False
1294,2024-01,2024-02,False
1294,2024-02,2024-03,False
1294,2024-03,2024-04,False
1294,2024-04,2024-05,False
1294,2024-05,2024-06,False
1294,2024-06,2024-07,False
1294,2024-07,2024-08,False
1294,2024-08,2024-09,False
1294,2024-09,2024-10,False
1294,2024-10,2024-11,False
1294,2024-11,2024-12,False
1295,2023-12,2024-01,False
1295,2024-01,2024-02,False
1295,2024-02,2024-03,False
1295,2024-03,2024-04,False
1295,2024-04,2024-05,False
1295,2024-05,2024-06,False
1295,2024-06,2024-07,False
1295,2024-07,2024-08,False
1295,2024-08,2024-09,False
1295,2024-09,2024-10,False
1295,2024-10,2024-11,False
1295,2024-11,2024-12,False
1296,2023-12,2024-01,False
1296,2024-01,2024-02,False
1296,2024-02,2024-03,False
1296,2024-03,2024-04,False
1296,2024-04,2024-05,False
1296,2024-05,2024-06,False
1296,2024-06,2024-07,False
1296,2024-07,2024-08,False
1296,2024-08,2024-09,False
1296,2024-09,2024-10,False
1296,2024-10,2024-11,False
1296,2024-11,2024-12,False
1297,2023-12,2024-01,False
1297,2024-01,2024-02,False
1297,2024-02,2024-03,False
1297,2024-03,2024-04,False
1297,2024-04,2024-05,False
1297,2024-05,2024-06,False
1297,2024-06,2024-07,False
1297,2024-07,2024-08,False
1297,2024-08,2024-09,False
1297,2024-09,2024-10,False
1297,2024-10,2024-11,False
1297,2024-11,2024-12,False
1298,2023-12,2024-01,False
1298,2024-01,2024-02,False
1298,2024-02,2024-03,False
1298,2024-03,2024-04,False
1298,2024-04,2024-05,False
1298,2024-05,2024-06,False
1298,2024-06,2024-07,False
1298,2024-07,2024-08,False
1298,2024-08,2024-09,False
1298,2024-09,2024-10,False
1298,2024-10,2024-11,False
1298,2024-11,2024-12,False
1299,2023-12,2024-01,False
1299,2024-01,2024-02,False
1299,2024-02,2024-03,False
1299,2024-03,2024-04,False
1299,2024-04,2024-05,False
1299,2024-05,2024-06,False
1299,2024-06,2024-07,False
1299,2024-07,2024-08,False
1299,2024-08,2024-09,False
1299,2024-09,2024-10,False
1299,2024-10,2024-11,False
1299,2024-11,2024-12,False
1300,2023-12,2024-01,False
1300,2024-01,2024-02,False
1300,2024-02,2024-03,False
1300,2024-03,2024-04,False
1300,2024-04,2024-05,False
1300,2024-05,2024-06,False
1300,2024-06,2024-07,False
1300,2024-07,2024-08,False
1300,2024-08,2024-09,False
1300,2024-09,2024-10,False
1300,2024-10,2024-11,False
1300,2024-11,2024-12,False
1301,2023-12,2024-01,False
1301,2024-01,2024-02,False
1301,2024-02,2024-03,False
1301,2024-03,2024-04,False
1301,2024-04,2024-05,False
1301,2024-05,2024-06,False
1301,2024-06,2024-07,False
1301,2024-07,2024-08,False
1301,2024-08,2024-09,False
1301,2024-09,2024-10,False
1301,2024-10,2024-11,False
1301,2024-11,2024-12,False
1302,2023-12,2024-01,False
1302,2024-01,2024-02,False
1302,2024-02,2024-03,False
1302,2024-03,2024-04,False
1302,2024-04,2024-05,False
1302,2024-05,2024-06,False
1302,2024-06,2024-07,False
1302,2024-07,2024-08,False
1302,2024-08,2024-09,False
1302,2024-09,2024-10,False
1302,2024-10,2024-11,False
1302,2024-11,2024-12,False
1303,2023-12,2024-01,False
1303,2024-01,2024-02,False
1303,2024-02,2024-03,False
1303,2024-03,2024-04,False
1303,2024-04,2024-05,False
1303,2024-05,2024-06,False
1303,2024-06,2024-07,False
1303,2024-07,2024-08,False
1303,2024-08,2024-09,False
1303,2024-09,2024-10,False
1303,2024-10,2024-11,False
1303,2024-11,2024-12,False
1304,2023-12,2024-01,False
1304,2024-01,2024-02,False
1304,2024-02,2024-03,False
1304,2024-03,2024-04,False
1304,2024-04,2024-05,False
1304,2024-05,2024-06,False
1304,2024-06,2024-07,False
1304,2024-07,2024-08,False
1304,2024-08,2024-09,False
1304,2024-09,2024-10,False
1304,2024-10,2024-11,False
1304,2024-11,2024-12,False
1305,2023-12,2024-01,False
1305,2024-01,2024-02,False
1305,2024-02,2024-03,False
1305,2024-03,2024-04,False
1305,2024-04,2024-05,False
1305,2024-05,2024-06,False
1305,2024-06,2024-07,False
1305,2024-07,2024-08,False
1305,2024-08,2024-09,False
1305,2024-09,2024-10,False
1305,2024-10,2024-11,False
1305,2024-11,2024-12,False
1306,2023-12,2024-01,False
1306,2024-01,2024-02,False
1306,2024-02,2024-03,False
1306,2024-03,2024-04,False
1306,2024-04,2024-05,False
1306,2024-05,2024-06,False
1306,2024-06,2024-07,False
1306,2024-07,2024-08,False
1306,2024-08,2024-09,False
1306,2024-09,2024-10,False
1306,2024-10,2024-11,False
1306,2024-11,2024-12,False
1308,2023-12,2024-01,False
1308,2024-01,2024-02,False
1308,2024-02,2024-03,False
1308,2024-03,2024-04,False
1308,2024-04,2024-05,False
1308,2024-05,2024-06,False
1308,2024-06,2024-07,False
1308,2024-07,2024-08,False
1308,2024-08,2024-09,False
1308,2024-09,2024-10,False
1308,2024-10,2024-11,False
1308,2024-11,2024-12,False
1309,2023-12,2024-01,False
1309,2024-01,2024-02,False
1309,2024-02,2024-03,False
1309,2024-03,2024-04,False
1309,2024-04,2024-05,False
1309,2024-05,2024-06,False
1309,2024-06,2024-07,False
1309,2024-07,2024-08,False
1309,2024-08,2024-09,False
1309,2024-09,2024-10,False
1309,2024-10,2024-11,False
1309,2024-11,2024-12,False
1310,2023-12,2024-01,False
1310,2024-01,2024-02,False
1310,2024-02,2024-03,False
1310,2024-03,2024-04,False
1310,2024-04,2024-05,False
1310,2024-05,2024-06,False
1310,2024-06,2024-07,False
1310,2024-07,2024-08,False
1310,2024-08,2024-09,False
1310,2024-09,2024-10,False
1310,2024-10,2024-11,False
1310,2024-11,2024-12,False
1311,2023-12,2024-01,False
1311,2024-01,2024-02,False
1311,2024-02,2024-03,False
1311,2024-03,2024-04,False
1311,2024-04,2024-05,False
1311,2024-05,2024-06,False
1311,2024-06,2024-07,False
1311,2024-07,2024-08,False
1311,2024-08,2024-09,False
1311,2024-09,2024-10,False
1311,2024-10,2024-11,False
1311,2024-11,2024-12,False
1312,2023-12,2024-01,False
1312,2024-01,2024-02,False
1312,2024-02,2024-03,False
1312,2024-03,2024-04,False
1312,2024-04,2024-05,False
1312,2024-05,2024-06,False
1312,2024-06,2024-07,False
1312,2024-07,2024-08,False
1312,2024-08,2024-09,False
1312,2024-09,2024-10,False
1312,2024-10,2024-11,False
1312,2024-11,2024-12,False
1313,2023-12,2024-01,False
1313,2024-01,2024-02,False
1313,2024-02,2024-03,False
1313,2024-03,2024-04,False
1313,2024-04,2024-05,False
1313,2024-05,2024-06,False
1313,2024-06,2024-07,False
1313,2024-07,2024-08,False
1313,2024-08,2024-09,False
1313,2024-09,2024-10,False
1313,2024-10,2024-11,False
1313,2024-11,2024-12,False
1314,2023-12,2024-01,False
1314,2024-01,2024-02,False
1314,2024-02,2024-03,False
1314,2024-03,2024-04,False
1314,2024-04,2024-05,False
1314,2024-05,2024-06,False
1314,2024-06,2024-07,False
1314,2024-07,2024-08,False
1314,2024-08,2024-09,False
1314,2024-09,2024-10,False
1314,2024-10,2024-11,False
1314,2024-11,2024-12,False
1315,2023-12,2024-01,False
1315,2024-01,2024-02,False
1315,2024-02,2024-03,False
1315,2024-03,2024-04,False
1315,2024-04,2024-05,False
1315,2024-05,2024-06,False
1315,2024-06,2024-07,False
1315,2024-07,2024-08,False
1315,2024-08,2024-09,False
1315,2024-09,2024-10,False
1315,2024-10,2024-11,False
1315,2024-11,2024-12,False
1316,2023-12,2024-01,False
1316,2024-01,2024-02,False
1316,2024-02,2024-03,False
1316,2024-03,2024-04,False
1316,2024-04,2024-05,False
1316,2024-05,2024-06,False
1316,2024-06,2024-07,False
1316,2024-07,2024-08,False
1316,2024-08,2024-09,False
1316,2024-09,2024-10,False
1316,2024-10,2024-11,False
1316,2024-11,2024-12,False
1317,2023-12,2024-01,False
1317,2024-01,2024-02,False
1317,2024-02,2024-03,False
1317,2024-03,2024-04,False
1317,2024-04,2024-05,False
1317,2024-05,2024-06,False
1317,2024-06,2024-07,False
1317,2024-07,2024-08,False
1317,2024-08,2024-09,False
1317,2024-09,2024-10,False
1317,2024-10,2024-11,False
1317,2024-11,2024-12,False
1319,2023-12,2024-01,False
1319,2024-01,2024-02,False
1319,2024-02,2024-03,False
1319,2024-03,2024-04,False
1319,2024-04,2024-05,False
1319,2024-05,2024-06,False
1319,2024-06,2024-07,False
1319,2024-07,2024-08,False
1319,2024-08,2024-09,False
1319,2024-09,2024-10,False
1319,2024-10,2024-11,False
1319,2024-11,2024-12,False
1320,2023-12,2024-01,False
1320,2024-01,2024-02,False
1320,2024-02,2024-03,False
1320,2024-03,2024-04,False
1320,2024-04,2024-05,False
1320,2024-05,2024-06,False
1320,2024-06,2024-07,False
1320,2024-07,2024-08,False
1320,2024-08,2024-09,False
1320,2024-09,2024-10,False
1320,2024-10,2024-11,False
1320,2024-11,2024-12,False
1321,2023-12,2024-01,False
1321,2024-01,2024-02,False
1321,2024-02,2024-03,False
1321,2024-03,2024-04,False
1321,2024-04,2024-05,False
1321,2024-05,2024-06,False
1321,2024-06,2024-07,False
1321,2024-07,2024-08,False
1321,2024-08,2024-09,False
1321,2024-09,2024-10,False
1321,2024-10,2024-11,False
1321,2024-11,2024-12,False
1322,2023-12,2024-01,False
1322,2024-01,2024-02,False
1322,2024-02,2024-03,False
1322,2024-03,2024-04,False
1322,2024-04,2024-05,False
1322,2024-05,2024-06,False
1322,2024-06,2024-07,False
1322,2024-07,2024-08,False
1322,2024-08,2024-09,False
1322,2024-09,2024-10,False
1322,2024-10,2024-11,False
1322,2024-11,2024-12,False
1323,2023-12,2024-01,False
1323,2024-01,2024-02,False
1323,2024-02,2024-03,False
1323,2024-03,2024-04,False
1323,2024-04,2024-05,False
1323,2024-05,2024-06,False
1323,2024-06,2024-07,False
1323,2024-07,2024-08,False
1323,2024-08,2024-09,False
1323,2024-09,2024-10,False
1323,2024-10,2024-11,False
1323,2024-11,2024-12,False
1324,2023-12,2024-01,False
1324,2024-01,2024-02,False
1324,2024-02,2024-03,False
1324,2024-03,2024-04,False
1324,2024-04,2024-05,False
1324,2024-05,2024-06,False
1324,2024-06,2024-07,False
1324,2024-07,2024-08,False
1324,2024-08,2024-09,False
1324,2024-09,2024-10,False
1324,2024-10,2024-11,False
1324,2024-11,2024-12,False
1325,2023-12,2024-01,False
1325,2024-01,2024-02,False
1325,2024-02,2024-03,False
1325,2024-03,2024-04,False
1325,2024-04,2024-05,False
1325,2024-05,2024-06,False
1325,2024-06,2024-07,False
1325,2024-07,2024-08,False
1325,2024-08,2024-09,False
1325,2024-09,2024-10,False
1325,2024-10,2024-11,False
1325,2024-11,2024-12,False
1326,2023-12,2024-01,False
1326,2024-01,2024-02,False
1326,2024-02,2024-03,False
1326,2024-03,2024-04,False
1326,2024-04,2024-05,False
1326,2024-05,2024-06,False
1326,2024-06,2024-07,False
1326,2024-07,2024-08,False
1326,2024-08,2024-09,False
1326,2024-09,2024-10,False
1326,2024-10,2024-11,False
1326,2024-11,2024-12,False
1327,2023-12,2024-01,False
1327,2024-01,2024-02,False
1327,2024-02,2024-03,False
1327,2024-03,2024-04,False
1327,2024-04,2024-05,False
1327,2024-05,2024-06,False
1327,2024-06,2024-07,False
1327,2024-07,2024-08,False
1327,2024-08,2024-09,False
1327,2024-09,2024-10,False
1327,2024-10,2024-11,False
1327,2024-11,2024-12,False
1328,2023-12,2024-01,False
1328,2024-01,2024-02,False
1328,2024-02,2024-03,False
1328,2024-03,2024-04,False
1328,2024-04,2024-05,False
1328,2024-05,2024-06,False
1328,2024-06,2024-07,False
1328,2024-07,2024-08,False
1328,2024-08,2024-09,False
1328,2024-09,2024-10,False
1328,2024-10,2024-11,False
1328,2024-11,2024-12,False
1329,2023-12,2024-01,False
1329,2024-01,2024-02,False
1329,2024-02,2024-03,False
1329,2024-03,2024-04,False
1329,2024-04,2024-05,False
1329,2024-05,2024-06,False
1329,2024-06,2024-07,False
1329,2024-07,2024-08,False
1329,2024-08,2024-09,False
1329,2024-09,2024-10,False
1329,2024-10,2024-11,False
1329,2024-11,2024-12,False
1330,2023-12,2024-01,False
1330,2024-01,2024-02,False
1330,2024-02,2024-03,False
1330,2024-03,2024-04,False
1330,2024-04,2024-05,False
1330,2024-05,2024-06,False
1330,2024-06,2024-07,False
1330,2024-07,2024-08,False
1330,2024-08,2024-09,False
1330,2024-09,2024-10,False
1330,2024-10,2024-11,False
1330,2024-11,2024-12,False
1331,2023-12,2024-01,False
1331,2024-01,2024-02,False
1331,2024-02,2024-03,False
1331,2024-03,2024-04,False
1331,2024-04,2024-05,False
1331,2024-05,2024-06,False
1331,2024-06,2024-07,False
1331,2024-07,2024-08,False
1331,2024-08,2024-09,False
1331,2024-09,2024-10,False
1331,2024-10,2024-11,False
1331,2024-11,2024-12,False
1333,2023-12,2024-01,False
1333,2024-01,2024-02,False
1333,2024-02,2024-03,False
1333,2024-03,2024-04,False
1333,2024-04,2024-05,True
1333,2024-05,2024-06,True
1333,2024-06,2024-07,False
1333,2024-07,2024-08,False
1333,2024-08,2024-09,False
1333,2024-09,2024-10,False
1333,2024-10,2024-11,False
1333,2024-11,2024-12,False
1334,2023-12,2024-01,False
1334,2024-01,2024-02,False
1334,2024-02,2024-03,False
1334,2024-03,2024-04,False
1334,2024-04,2024-05,False
1334,2024-05,2024-06,False
1334,2024-06,2024-07,False
1334,2024-07,2024-08,False
1334,2024-08,2024-09,False
1334,2024-09,2024-10,False
1334,2024-10,2024-11,False
1334,2024-11,2024-12,False
1335,2023-12,2024-01,False
1335,2024-01,2024-02,False
1335,2024-02,2024-03,False
1335,2024-03,2024-04,False
1335,2024-04,2024-05,False
1335,2024-05,2024-06,False
1335,2024-06,2024-07,False
1335,2024-07,2024-08,False
1335,2024-08,2024-09,False
1335,2024-09,2024-10,False
1335,2024-10,2024-11,False
1335,2024-11,2024-12,False
1336,2023-12,2024-01,False
1336,2024-01,2024-02,False
1336,2024-02,2024-03,False
1336,2024-03,2024-04,False
1336,2024-04,2024-05,False
1336,2024-05,2024-06,False
1336,2024-06,2024-07,False
1336,2024-07,2024-08,False
1336,2024-08,2024-09,False
1336,2024-09,2024-10,False
1336,2024-10,2024-11,False
1336,2024-11,2024-12,False
1337,2023-12,2024-01,False
1337,2024-01,2024-02,False
1337,2024-02,2024-03,False
1337,2024-03,2024-04,False
1337,2024-04,2024-05,False
1337,2024-05,2024-06,False
1337,2024-06,2024-07,False
1337,2024-07,2024-08,False
1337,2024-08,2024-09,False
1337,2024-09,2024-10,False
1337,2024-10,2024-11,False
1337,2024-11,2024-12,False
1338,2023-12,2024-01,False
1338,2024-01,2024-02,False
1338,2024-02,2024-03,False
1338,2024-03,2024-04,False
1338,2024-04,2024-05,False
1338,2024-05,2024-06,False
1338,2024-06,2024-07,False
1338,2024-07,2024-08,False
1338,2024-08,2024-09,False
1338,2024-09,2024-10,False
1338,2024-10,2024-11,False
1338,2024-11,2024-12,False
1339,2023-12,2024-01,False
1339,2024-01,2024-02,False
1339,2024-02,2024-03,False
1339,2024-03,2024-04,False
1339,2024-04,2024-05,False
1339,2024-05,2024-06,False
1339,2024-06,2024-07,False
1339,2024-07,2024-08,False
1339,2024-08,2024-09,False
1339,2024-09,2024-10,False
1339,2024-10,2024-11,False
1339,2024-11,2024-12,False
1340,2023-12,2024-01,False
1340,2024-01,2024-02,False
1340,2024-02,2024-03,False
1340,2024-03,2024-04,False
1340,2024-04,2024-05,False
1340,2024-05,2024-06,False
1340,2024-06,2024-07,False
1340,2024-07,2024-08,False
1340,2024-08,2024-09,False
1340,2024-09,2024-10,False
1340,2024-10,2024-11,False
1340,2024-11,2024-12,False
1341,2023-12,2024-01,False
1341,2024-01,2024-02,False
1341,2024-02,2024-03,False
1341,2024-03,2024-04,False
1341,2024-04,2024-05,False
1341,2024-05,2024-06,False
1341,2024-06,2024-07,False
1341,2024-07,2024-08,False
1341,2024-08,2024-09,False
1341,2024-09,2024-10,False
1341,2024-10,2024-11,False
1341,2024-11,2024-12,False
1343,2023-12,2024-01,False
1343,2024-01,2024-02,False
1343,2024-02,2024-03,False
1343,2024-03,2024-04,False
1343,2024-04,2024-05,False
1343,2024-05,2024-06,False
1343,2024-06,2024-07,False
1343,2024-07,2024-08,False
1343,2024-08,2024-09,False
1343,2024-09,2024-10,False
1343,2024-10,2024-11,False
1343,2024-11,2024-12,False
1344,2023-12,2024-01,False
1344,2024-01,2024-02,False
1344,2024-02,2024-03,False
1344,2024-03,2024-04,False
1344,2024-04,2024-05,False
1344,2024-05,2024-06,False
1344,2024-06,2024-07,False
1344,2024-07,2024-08,False
1344,2024-08,2024-09,False
1344,2024-09,2024-10,False
1344,2024-10,2024-11,False
1344,2024-11,2024-12,False
1345,2023-12,2024-01,False
1345,2024-01,2024-02,False
1345,2024-02,2024-03,False
1345,2024-03,2024-04,False
1345,2024-04,2024-05,False
1345,2024-05,2024-06,False
1345,2024-06,2024-07,False
1345,2024-07,2024-08,False
1345,2024-08,2024-09,False
1345,2024-09,2024-10,False
1345,2024-10,2024-11,False
1345,2024-11,2024-12,False
1346,2023-12,2024-01,False
1346,2024-01,2024-02,False
1346,2024-02,2024-03,False
1346,2024-03,2024-04,False
1346,2024-04,2024-05,False
1346,2024-05,2024-06,False
1346,2024-06,2024-07,False
1346,2024-07,2024-08,False
1346,2024-08,2024-09,False
1346,2024-09,2024-10,False
1346,2024-10,2024-11,False
1346,2024-11,2024-12,False
1347,2023-12,2024-01,False
1347,2024-01,2024-02,False
1347,2024-02,2024-03,False
1347,2024-03,2024-04,False
1347,2024-04,2024-05,False
1347,2024-05,2024-06,False
1347,2024-06,2024-07,False
1347,2024-07,2024-08,False
1347,2024-08,2024-09,False
1347,2024-09,2024-10,False
1347,2024-10,2024-11,False
1347,2024-11,2024-12,False
1348,2023-12,2024-01,False
1348,2024-01,2024-02,False
1348,2024-02,2024-03,False
1348,2024-03,2024-04,False
1348,2024-04,2024-05,False
1348,2024-05,2024-06,False
1348,2024-06,2024-07,False
1348,2024-07,2024-08,False
1348,2024-08,2024-09,False
1348,2024-09,2024-10,False
1348,2024-10,2024-11,False
1348,2024-11,2024-12,False
1349,2023-12,2024-01,False
1349,2024-01,2024-02,False
1349,2024-02,2024-03,False
1349,2024-03,2024-04,False
1349,2024-04,2024-05,False
1349,2024-05,2024-06,False
1349,2024-06,2024-07,False
1349,2024-07,2024-08,False
1349,2024-08,2024-09,False
1349,2024-09,2024-10,False
1349,2024-10,2024-11,False
1349,2024-11,2024-12,False
1350,2023-12,2024-01,False
1350,2024-01,2024-02,False
1350,2024-02,2024-03,False
1350,2024-03,2024-04,False
1350,2024-04,2024-05,False
1350,2024-05,2024-06,False
1350,2024-06,2024-07,False
1350,2024-07,2024-08,False
1350,2024-08,2024-09,False
1350,2024-09,2024-10,False
1350,2024-10,2024-11,False
1350,2024-11,2024-12,False
1351,2023-12,2024-01,False
1351,2024-01,2024-02,False
1351,2024-02,2024-03,False
1351,2024-03,2024-04,False
1351,2024-04,2024-05,False
1351,2024-05,2024-06,False
1351,2024-06,2024-07,False
1351,2024-07,2024-08,False
1351,2024-08,2024-09,False
1351,2024-09,2024-10,False
1351,2024-10,2024-11,False
1351,2024-11,2024-12,False
1352,2023-12,2024-01,False
1352,2024-01,2024-02,False
1352,2024-02,2024-03,False
1352,2024-03,2024-04,False
1352,2024-04,2024-05,False
1352,2024-05,2024-06,False
1352,2024-06,2024-07,False
1352,2024-07,2024-08,False
1352,2024-08,2024-09,False
1352,2024-09,2024-10,False
1352,2024-10,2024-11,False
1352,2024-11,2024-12,False
1353,2023-12,2024-01,False
1353,2024-01,2024-02,False
1353,2024-02,2024-03,False
1353,2024-03,2024-04,False
1353,2024-04,2024-05,False
1353,2024-05,2024-06,False
1353,2024-06,2024-07,False
1353,2024-07,2024-08,False
1353,2024-08,2024-09,False
1353,2024-09,2024-10,False
1353,2024-10,2024-11,False
1353,2024-11,2024-12,False
1355,2023-12,2024-01,False
1355,2024-01,2024-02,False
1355,2024-02,2024-03,False
1355,2024-03,2024-04,False
1355,2024-04,2024-05,False
1355,2024-05,2024-06,False
1355,2024-06,2024-07,False
1355,2024-07,2024-08,False
1355,2024-08,2024-09,False
1355,2024-09,2024-10,False
1355,2024-10,2024-11,False
1355,2024-11,2024-12,False
1356,2023-12,2024-01,False
1356,2024-01,2024-02,False
1356,2024-02,2024-03,False
1356,2024-03,2024-04,False
1356,2024-04,2024-05,False
1356,2024-05,2024-06,False
1356,2024-06,2024-07,False
1356,2024-07,2024-08,False
1356,2024-08,2024-09,False
1356,2024-09,2024-10,False
1356,2024-10,2024-11,False
1356,2024-11,2024-12,False
1357,2023-12,2024-01,False
1357,2024-01,2024-02,False
1357,2024-02,2024-03,False
1357,2024-03,2024-04,False
1357,2024-04,2024-05,False
1357,2024-05,2024-06,False
1357,2024-06,2024-07,False
1357,2024-07,2024-08,False
1357,2024-08,2024-09,False
1357,2024-09,2024-10,False
1357,2024-10,2024-11,False
1357,2024-11,2024-12,False
1358,2023-12,2024-01,False
1358,2024-01,2024-02,False
1358,2024-02,2024-03,False
1358,2024-03,2024-04,False
1358,2024-04,2024-05,False
1358,2024-05,2024-06,False
1358,2024-06,2024-07,False
1358,2024-07,2024-08,False
1358,2024-08,2024-09,False
1358,2024-09,2024-10,False
1358,2024-10,2024-11,False
1358,2024-11,2024-12,False
1392,2023-12,2024-01,False
1392,2024-01,2024-02,False
1392,2024-02,2024-03,False
1392,2024-03,2024-04,False
1392,2024-04,2024-05,False
1392,2024-05,2024-06,False
1392,2024-06,2024-07,False
1392,2024-07,2024-08,False
1392,2024-08,2024-09,False
1392,2024-09,2024-10,False
1392,2024-10,2024-11,False
1392,2024-11,2024-12,False
1393,2023-12,2024-01,False
1393,2024-01,2024-02,False
1393,2024-02,2024-03,False
1393,2024-03,2024-04,False
1393,2024-04,2024-05,False
1393,2024-05,2024-06,False
1393,2024-06,2024-07,False
1393,2024-07,2024-08,False
1393,2024-08,2024-09,False
1393,2024-09,2024-10,False
1393,2024-10,2024-11,False
1393,2024-11,2024-12,False
1394,2023-12,2024-01,False
1394,2024-01,2024-02,False
1394,2024-02,2024-03,False
1394,2024-03,2024-04,False
1394,2024-04,2024-05,False
1394,2024-05,2024-06,False
1394,2024-06,2024-07,False
1394,2024-07,2024-08,False
1394,2024-08,2024-09,False
1394,2024-09,2024-10,False
1394,2024-10,2024-11,False
1394,2024-11,2024-12,False
1395,2023-12,2024-01,False
1395,2024-01,2024-02,False
1395,2024-02,2024-03,False
1395,2024-03,2024-04,False
1395,2024-04,2024-05,False
1395,2024-05,2024-06,False
1395,2024-06,2024-07,False
1395,2024-07,2024-08,False
1395,2024-08,2024-09,False
1395,2024-09,2024-10,False
1395,2024-10,2024-11,False
1395,2024-11,2024-12,False
1396,2023-12,2024-01,False
1396,2024-01,2024-02,False
1396,2024-02,2024-03,False
1396,2024-03,2024-04,False
1396,2024-04,2024-05,False
1396,2024-05,2024-06,False
1396,2024-06,2024-07,False
1396,2024-07,2024-08,False
1396,2024-08,2024-09,False
1396,2024-09,2024-10,False
1396,2024-10,2024-11,False
1396,2024-11,2024-12,False
1397,2023-12,2024-01,False
1397,2024-01,2024-02,False
1397,2024-02,2024-03,False
1397,2024-03,2024-04,False
1397,2024-04,2024-05,False
1397,2024-05,2024-06,False
1397,2024-06,2024-07,False
1397,2024-07,2024-08,False
1397,2024-08,2024-09,False
1397,2024-09,2024-10,False
1397,2024-10,2024-11,False
1397,2024-11,2024-12,False
1398,2023-12,2024-01,False
1398,2024-01,2024-02,False
1398,2024-02,2024-03,False
1398,2024-03,2024-04,False
1398,2024-04,2024-05,False
1398,2024-05,2024-06,False
1398,2024-06,2024-07,False
1398,2024-07,2024-08,False
1398,2024-08,2024-09,False
1398,2024-09,2024-10,False
1398,2024-10,2024-11,False
1398,2024-11,2024-12,False
1399,2023-12,2024-01,False
1399,2024-01,2024-02,False
1399,2024-02,2024-03,False
1399,2024-03,2024-04,False
1399,2024-04,2024-05,False
1399,2024-05,2024-06,False
1399,2024-06,2024-07,False
1399,2024-07,2024-08,False
1399,2024-08,2024-09,False
1399,2024-09,2024-10,False
1399,2024-10,2024-11,False
1399,2024-11,2024-12,False
1400,2023-12,2024-01,False
1400,2024-01,2024-02,False
1400,2024-02,2024-03,False
1400,2024-03,2024-04,False
1400,2024-04,2024-05,False
1400,2024-05,2024-06,False
1400,2024-06,2024-07,False
1400,2024-07,2024-08,False
1400,2024-08,2024-09,False
1400,2024-09,2024-10,False
1400,2024-10,2024-11,False
1400,2024-11,2024-12,False
1401,2023-12,2024-01,False
1401,2024-01,2024-02,False
1401,2024-02,2024-03,False
1401,2024-03,2024-04,False
1401,2024-04,2024-05,False
1401,2024-05,2024-06,False
1401,2024-06,2024-07,False
1401,2024-07,2024-08,False
1401,2024-08,2024-09,False
1401,2024-09,2024-10,False
1401,2024-10,2024-11,False
1401,2024-11,2024-12,False
1402,2023-12,2024-01,False
1402,2024-01,2024-02,False
1402,2024-02,2024-03,False
1402,2024-03,2024-04,False
1402,2024-04,2024-05,False
1402,2024-05,2024-06,False
1402,2024-06,2024-07,False
1402,2024-07,2024-08,False
1402,2024-08,2024-09,False
1402,2024-09,2024-10,False
1402,2024-10,2024-11,False
1402,2024-11,2024-12,False
1403,2023-12,2024-01,False
1403,2024-01,2024-02,False
1403,2024-02,2024-03,False
1403,2024-03,2024-04,False
1403,2024-04,2024-05,False
1403,2024-05,2024-06,False
1403,2024-06,2024-07,False
1403,2024-07,2024-08,False
1403,2024-08,2024-09,False
1403,2024-09,2024-10,False
1403,2024-10,2024-11,False
1403,2024-11,2024-12,False
1404,2023-12,2024-01,False
1404,2024-01,2024-02,False
1404,2024-02,2024-03,False
1404,2024-03,2024-04,False
1404,2024-04,2024-05,False
1404,2024-05,2024-06,False
1404,2024-06,2024-07,False
1404,2024-07,2024-08,False
1404,2024-08,2024-09,False
1404,2024-09,2024-10,False
1404,2024-10,2024-11,False
1404,2024-11,2024-12,False
1405,2023-12,2024-01,False
1405,2024-01,2024-02,False
1405,2024-02,2024-03,False
1405,2024-03,2024-04,False
1405,2024-04,2024-05,False
1405,2024-05,2024-06,False
1405,2024-06,2024-07,False
1405,2024-07,2024-08,False
1405,2024-08,2024-09,False
1405,2024-09,2024-10,False
1405,2024-10,2024-11,False
1405,2024-11,2024-12,False
1406,2023-12,2024-01,False
1406,2024-01,2024-02,False
1406,2024-02,2024-03,False
1406,2024-03,2024-04,False
1406,2024-04,2024-05,False
1406,2024-05,2024-06,False
1406,2024-06,2024-07,False
1406,2024-07,2024-08,False
1406,2024-08,2024-09,False
1406,2024-09,2024-10,False
1406,2024-10,2024-11,False
1406,2024-11,2024-12,False
1407,2023-12,2024-01,False
1407,2024-01,2024-02,False
1407,2024-02,2024-03,False
1407,2024-03,2024-04,False
1407,2024-04,2024-05,False
1407,2024-05,2024-06,False
1407,2024-06,2024-07,False
1407,2024-07,2024-08,False
1407,2024-08,2024-09,False
1407,2024-09,2024-10,False
1407,2024-10,2024-11,False
1407,2024-11,2024-12,False
1408,2023-12,2024-01,False
1408,2024-01,2024-02,False
1408,2024-02,2024-03,False
1408,2024-03,2024-04,False
1408,2024-04,2024-05,False
1408,2024-05,2024-06,False
1408,2024-06,2024-07,False
1408,2024-07,2024-08,False
1408,2024-08,2024-09,False
1408,2024-09,2024-10,False
1408,2024-10,2024-11,False
1408,2024-11,2024-12,False
1409,2023-12,2024-01,False
1409,2024-01,2024-02,False
1409,2024-02,2024-03,False
1409,2024-03,2024-04,False
1409,2024-04,2024-05,False
1409,2024-05,2024-06,False
1409,2024-06,2024-07,False
1409,2024-07,2024-08,False
1409,2024-08,2024-09,False
1409,2024-09,2024-10,False
1409,2024-10,2024-11,False
1409,2024-11,2024-12,False
1410,2023-12,2024-01,False
1410,2024-01,2024-02,False
1410,2024-02,2024-03,False
1410,2024-03,2024-04,False
1410,2024-04,2024-05,False
1410,2024-05,2024-06,False
1410,2024-06,2024-07,False
1410,2024-07,2024-08,False
1410,2024-08,2024-09,False
1410,2024-09,2024-10,False
1410,2024-10,2024-11,False
1410,2024-11,2024-12,False
1411,2023-12,2024-01,False
1411,2024-01,2024-02,False
1411,2024-02,2024-03,False
1411,2024-03,2024-04,False
1411,2024-04,2024-05,False
1411,2024-05,2024-06,False
1411,2024-06,2024-07,False
1411,2024-07,2024-08,False
1411,2024-08,2024-09,False
1411,2024-09,2024-10,False
1411,2024-10,2024-11,False
1411,2024-11,2024-12,False
1412,2023-12,2024-01,False
1412,2024-01,2024-02,False
1412,2024-02,2024-03,False
1412,2024-03,2024-04,False
1412,2024-04,2024-05,False
1412,2024-05,2024-06,False
1412,2024-06,2024-07,False
1412,2024-07,2024-08,False
1412,2024-08,2024-09,False
1412,2024-09,2024-10,False
1412,2024-10,2024-11,False
1412,2024-11,2024-12,False
1413,2023-12,2024-01,False
1413,2024-01,2024-02,False
1413,2024-02,2024-03,False
1413,2024-03,2024-04,False
1413,2024-04,2024-05,False
1413,2024-05,2024-06,False
1413,2024-06,2024-07,False
1413,2024-07,2024-08,False
1413,2024-08,2024-09,False
1413,2024-09,2024-10,False
1413,2024-10,2024-11,False
1413,2024-11,2024-12,False
1414,2023-12,2024-01,False
1414,2024-01,2024-02,False
1414,2024-02,2024-03,False
1414,2024-03,2024-04,False
1414,2024-04,2024-05,False
1414,2024-05,2024-06,False
1414,2024-06,2024-07,False
1414,2024-07,2024-08,False
1414,2024-08,2024-09,False
1414,2024-09,2024-10,False
1414,2024-10,2024-11,False
1414,2024-11,2024-12,False
1415,2023-12,2024-01,False
1415,2024-01,2024-02,False
1415,2024-02,2024-03,False
1415,2024-03,2024-04,False
1415,2024-04,2024-05,False
1415,2024-05,2024-06,False
1415,2024-06,2024-07,False
1415,2024-07,2024-08,False
1415,2024-08,2024-09,False
1415,2024-09,2024-10,False
1415,2024-10,2024-11,False
1415,2024-11,2024-12,False
1416,2023-12,2024-01,False
1416,2024-01,2024-02,False
1416,2024-02,2024-03,False
1416,2024-03,2024-04,False
1416,2024-04,2024-05,False
1416,2024-05,2024-06,False
1416,2024-06,2024-07,False
1416,2024-07,2024-08,False
1416,2024-08,2024-09,False
1416,2024-09,2024-10,False
1416,2024-10,2024-11,False
1416,2024-11,2024-12,False
1417,2023-12,2024-01,False
1417,2024-01,2024-02,False
1417,2024-02,2024-03,False
1417,2024-03,2024-04,False
1417,2024-04,2024-05,False
1417,2024-05,2024-06,False
1417,2024-06,2024-07,False
1417,2024-07,2024-08,False
1417,2024-08,2024-09,False
1417,2024-09,2024-10,False
1417,2024-10,2024-11,False
1417,2024-11,2024-12,False
1419,2023-12,2024-01,False
1419,2024-01,2024-02,False
1419,2024-02,2024-03,False
1419,2024-03,2024-04,False
1419,2024-04,2024-05,False
1419,2024-05,2024-06,False
1419,2024-06,2024-07,False
1419,2024-07,2024-08,False
1419,2024-08,2024-09,False
1419,2024-09,2024-10,False
1419,2024-10,2024-11,False
1419,2024-11,2024-12,False
1420,2023-12,2024-01,False
1420,2024-01,2024-02,False
1420,2024-02,2024-03,False
1420,2024-03,2024-04,False
1420,2024-04,2024-05,False
1420,2024-05,2024-06,False
1420,2024-06,2024-07,False
1420,2024-07,2024-08,False
1420,2024-08,2024-09,False
1420,2024-09,2024-10,False
1420,2024-10,2024-11,False
1420,2024-11,2024-12,False
1421,2023-12,2024-01,False
1421,2024-01,2024-02,False
1421,2024-02,2024-03,False
1421,2024-03,2024-04,False
1421,2024-04,2024-05,False
1421,2024-05,2024-06,False
1421,2024-06,2024-07,False
1421,2024-07,2024-08,False
1421,2024-08,2024-09,False
1421,2024-09,2024-10,False
1421,2024-10,2024-11,False
1421,2024-11,2024-12,False
1422,2023-12,2024-01,False
1422,2024-01,2024-02,False
1422,2024-02,2024-03,False
1422,2024-03,2024-04,False
1422,2024-04,2024-05,False
1422,2024-05,2024-06,False
1422,2024-06,2024-07,False
1422,2024-07,2024-08,False
1422,2024-08,2024-09,False
1422,2024-09,2024-10,False
1422,2024-10,2024-11,False
1422,2024-11,2024-12,False
1423,2023-12,2024-01,False
1423,2024-01,2024-02,False
1423,2024-02,2024-03,False
1423,2024-03,2024-04,False
1423,2024-04,2024-05,False
1423,2024-05,2024-06,False
1423,2024-06,2024-07,False
1423,2024-07,2024-08,False
1423,2024-08,2024-09,False
1423,2024-09,2024-10,False
1423,2024-10,2024-11,False
1423,2024-11,2024-12,False
1425,2023-12,2024-01,False
1425,2024-01,2024-02,False
1425,2024-02,2024-03,False
1425,2024-03,2024-04,False
1425,2024-04,2024-05,False
1425,2024-05,2024-06,False
1425,2024-06,2024-07,False
1425,2024-07,2024-08,False
1425,2024-08,2024-09,False
1425,2024-09,2024-10,False
1425,2024-10,2024-11,False
1425,2024-11,2024-12,False
1426,2023-12,2024-01,False
1426,2024-01,2024-02,False
1426,2024-02,2024-03,False
1426,2024-03,2024-04,False
1426,2024-04,2024-05,False
1426,2024-05,2024-06,False
1426,2024-06,2024-07,False
1426,2024-07,2024-08,False
1426,2024-08,2024-09,False
1426,2024-09,2024-10,False
1426,2024-10,2024-11,False
1426,2024-11,2024-12,False
1427,2023-12,2024-01,False
1427,2024-01,2024-02,False
1427,2024-02,2024-03,False
1427,2024-03,2024-04,False
1427,2024-04,2024-05,False
1427,2024-05,2024-06,False
1427,2024-06,2024-07,False
1427,2024-07,2024-08,False
1427,2024-08,2024-09,False
1427,2024-09,2024-10,False
1427,2024-10,2024-11,False
1427,2024-11,2024-12,False
1428,2023-12,2024-01,False
1428,2024-01,2024-02,False
1428,2024-02,2024-03,False
1428,2024-03,2024-04,False
1428,2024-04,2024-05,False
1428,2024-05,2024-06,False
1428,2024-06,2024-07,False
1428,2024-07,2024-08,False
1428,2024-08,2024-09,False
1428,2024-09,2024-10,False
1428,2024-10,2024-11,False
1428,2024-11,2024-12,False
1429,2023-12,2024-01,False
1429,2024-01,2024-02,False
1429,2024-02,2024-03,False
1429,2024-03,2024-04,False
1429,2024-04,2024-05,False
1429,2024-05,2024-06,False
1429,2024-06,2024-07,False
1429,2024-07,2024-08,False
1429,2024-08,2024-09,False
1429,2024-09,2024-10,False
1429,2024-10,2024-11,False
1429,2024-11,2024-12,False
1430,2023-12,2024-01,False
1430,2024-01,2024-02,False
1430,2024-02,2024-03,False
1430,2024-03,2024-04,False
1430,2024-04,2024-05,False
1430,2024-05,2024-06,False
1430,2024-06,2024-07,False
1430,2024-07,2024-08,False
1430,2024-08,2024-09,False
1430,2024-09,2024-10,False
1430,2024-10,2024-11,False
1430,2024-11,2024-12,False
1431,2023-12,2024-01,False
1431,2024-01,2024-02,False
1431,2024-02,2024-03,False
1431,2024-03,2024-04,False
1431,2024-04,2024-05,False
1431,2024-05,2024-06,False
1431,2024-06,2024-07,False
1431,2024-07,2024-08,False
1431,2024-08,2024-09,False
1431,2024-09,2024-10,False
1431,2024-10,2024-11,False
1431,2024-11,2024-12,False
1434,2023-12,2024-01,False
1434,2024-01,2024-02,False
1434,2024-02,2024-03,False
1434,2024-03,2024-04,False
1434,2024-04,2024-05,False
1434,2024-05,2024-06,False
1434,2024-06,2024-07,False
1435,2023-12,2024-01,False
1435,2024-01,2024-02,False
1435,2024-02,2024-03,False
1435,2024-03,2024-04,False
1435,2024-04,2024-05,False
1435,2024-05,2024-06,False
1435,2024-06,2024-07,False
1435,2024-07,2024-08,False
1435,2024-08,2024-09,False
1435,2024-09,2024-10,False
1435,2024-10,2024-11,False
1437,2023-12,2024-01,False
1437,2024-01,2024-02,False
1437,2024-02,2024-03,False
1437,2024-03,2024-04,False
1437,2024-04,2024-05,False
1437,2024-05,2024-06,False
1437,2024-06,2024-07,False
1437,2024-07,2024-08,False
1437,2024-08,2024-09,False
1438,2023-12,2024-01,False
1438,2024-01,2024-02,False
1438,2024-02,2024-03,False
1438,2024-03,2024-04,False
1438,2024-04,2024-05,False
1438,2024-05,2024-06,False
1438,2024-06,2024-07,False
1438,2024-07,2024-08,False
1438,2024-08,2024-09,False
1438,2024-09,2024-10,False
1438,2024-10,2024-11,False
1438,2024-11,2024-12,False
1439,2023-12,2024-01,False
1439,2024-01,2024-02,False
1439,2024-02,2024-03,False
1439,2024-03,2024-04,False
1439,2024-04,2024-05,False
1439,2024-05,2024-06,False
1439,2024-06,2024-07,False
1439,2024-07,2024-08,False
1439,2024-08,2024-09,False
1439,2024-09,2024-10,False
1439,2024-10,2024-11,False
1439,2024-11,2024-12,False
1440,2023-12,2024-01,False
1440,2024-01,2024-02,False
1440,2024-02,2024-03,False
1440,2024-03,2024-04,False
1440,2024-04,2024-05,False
1440,2024-05,2024-06,False
1440,2024-06,2024-07,False
1440,2024-07,2024-08,False
1440,2024-08,2024-09,False
1440,2024-09,2024-10,False
1440,2024-10,2024-11,False
1440,2024-11,2024-12,False
1443,2023-12,2024-01,False
1443,2024-01,2024-02,False
1443,2024-02,2024-03,False
1443,2024-03,2024-04,False
1443,2024-04,2024-05,False
1443,2024-05,2024-06,False
1443,2024-06,2024-07,False
1443,2024-07,2024-08,False
1443,2024-08,2024-09,False
1443,2024-09,2024-10,False
1443,2024-10,2024-11,False
1443,2024-11,2024-12,False
1444,2023-12,2024-01,False
1444,2024-01,2024-02,False
1444,2024-02,2024-03,False
1444,2024-03,2024-04,False
1444,2024-04,2024-05,False
1444,2024-05,2024-06,False
1444,2024-06,2024-07,False
1444,2024-07,2024-08,False
1444,2024-08,2024-09,False
1444,2024-09,2024-10,False
1444,2024-10,2024-11,False
1444,2024-11,2024-12,False
1445,2023-12,2024-01,False
1445,2024-01,2024-02,False
1445,2024-02,2024-03,False
1445,2024-03,2024-04,False
1445,2024-04,2024-05,False
1445,2024-05,2024-06,False
1445,2024-06,2024-07,False
1445,2024-07,2024-08,False
1445,2024-08,2024-09,False
1445,2024-09,2024-10,False
1445,2024-10,2024-11,False
1445,2024-11,2024-12,False
1446,2023-12,2024-01,False
1446,2024-01,2024-02,False
1446,2024-02,2024-03,False
1446,2024-03,2024-04,False
1446,2024-04,2024-05,False
1446,2024-05,2024-06,False
1446,2024-06,2024-07,False
1446,2024-07,2024-08,False
1446,2024-08,2024-09,False
1446,2024-09,2024-10,False
1446,2024-10,2024-11,False
1446,2024-11,2024-12,False
1447,2023-12,2024-01,False
1447,2024-01,2024-02,False
1447,2024-02,2024-03,False
1447,2024-03,2024-04,False
1447,2024-04,2024-05,False
1447,2024-05,2024-06,False
1447,2024-06,2024-07,False
1447,2024-07,2024-08,False
1447,2024-08,2024-09,False
1447,2024-09,2024-10,False
1447,2024-10,2024-11,False
1447,2024-11,2024-12,False
1448,2023-12,2024-01,False
1448,2024-01,2024-02,False
1448,2024-02,2024-03,False
1448,2024-03,2024-04,False
1448,2024-04,2024-05,False
1448,2024-05,2024-06,False
1448,2024-06,2024-07,False
1448,2024-07,2024-08,False
1448,2024-08,2024-09,False
1448,2024-09,2024-10,False
1448,2024-10,2024-11,False
1448,2024-11,2024-12,False
1449,2023-12,2024-01,False
1449,2024-01,2024-02,False
1449,2024-02,2024-03,False
1449,2024-03,2024-04,False
1449,2024-04,2024-05,False
1449,2024-05,2024-06,False
1449,2024-06,2024-07,False
1449,2024-07,2024-08,False
1449,2024-08,2024-09,False
1449,2024-09,2024-10,False
1449,2024-10,2024-11,False
1449,2024-11,2024-12,False
1453,2023-12,2024-01,False
1453,2024-01,2024-02,False
1453,2024-02,2024-03,False
1453,2024-03,2024-04,False
1453,2024-04,2024-05,False
1453,2024-05,2024-06,False
1453,2024-06,2024-07,False
1453,2024-07,2024-08,False
1453,2024-08,2024-09,False
1453,2024-09,2024-10,False
1453,2024-10,2024-11,False
1453,2024-11,2024-12,False
1454,2023-12,2024-01,False
1454,2024-01,2024-02,False
1454,2024-02,2024-03,False
1454,2024-03,2024-04,False
1454,2024-04,2024-05,False
1454,2024-05,2024-06,False
1454,2024-06,2024-07,False
1454,2024-07,2024-08,False
1454,2024-08,2024-09,False
1454,2024-09,2024-10,False
1454,2024-10,2024-11,False
1454,2024-11,2024-12,False
1456,2023-12,2024-01,False
1456,2024-01,2024-02,False
1456,2024-02,2024-03,False
1456,2024-03,2024-04,False
1456,2024-04,2024-05,False
1456,2024-05,2024-06,False
1456,2024-06,2024-07,False
1456,2024-07,2024-08,False
1456,2024-08,2024-09,False
1456,2024-09,2024-10,False
1456,2024-10,2024-11,False
1456,2024-11,2024-12,False
1457,2023-12,2024-01,False
1457,2024-01,2024-02,False
1457,2024-02,2024-03,False
1457,2024-03,2024-04,False
1457,2024-04,2024-05,False
1457,2024-05,2024-06,False
1457,2024-06,2024-07,False
1457,2024-07,2024-08,False
1457,2024-08,2024-09,False
1457,2024-09,2024-10,False
1457,2024-10,2024-11,False
1457,2024-11,2024-12,False
1459,2023-12,2024-01,False
1459,2024-01,2024-02,False
1459,2024-02,2024-03,False
1459,2024-03,2024-04,False
1459,2024-04,2024-05,False
1459,2024-05,2024-06,False
1459,2024-06,2024-07,False
1459,2024-07,2024-08,False
1459,2024-08,2024-09,False
1459,2024-09,2024-10,False
1459,2024-10,2024-11,False
1459,2024-11,2024-12,False
1461,2023-12,2024-01,False
1461,2024-01,2024-02,False
1461,2024-02,2024-03,False
1461,2024-03,2024-04,False
1461,2024-04,2024-05,False
1461,2024-05,2024-06,False
1461,2024-06,2024-07,False
1461,2024-07,2024-08,False
1461,2024-08,2024-09,False
1461,2024-09,2024-10,False
1461,2024-10,2024-11,False
1461,2024-11,2024-12,False
1463,2023-12,2024-01,False
1463,2024-01,2024-02,False
1463,2024-02,2024-03,False
1463,2024-03,2024-04,False
1463,2024-04,2024-05,False
1463,2024-05,2024-06,False
1463,2024-06,2024-07,False
1463,2024-07,2024-08,False
1463,2024-08,2024-09,False
1463,2024-09,2024-10,False
1463,2024-10,2024-11,False
1463,2024-11,2024-12,False
1464,2023-12,2024-01,False
1464,2024-01,2024-02,False
1464,2024-02,2024-03,False
1464,2024-03,2024-04,False
1464,2024-04,2024-05,False
1464,2024-05,2024-06,False
1464,2024-06,2024-07,False
1464,2024-07,2024-08,False
1464,2024-08,2024-09,False
1464,2024-09,2024-10,False
1464,2024-10,2024-11,False
1464,2024-11,2024-12,False
1465,2023-12,2024-01,False
1465,2024-01,2024-02,False
1465,2024-02,2024-03,False
1465,2024-03,2024-04,False
1465,2024-04,2024-05,False
1465,2024-05,2024-06,False
1465,2024-06,2024-07,False
1465,2024-07,2024-08,False
1465,2024-08,2024-09,False
1465,2024-09,2024-10,False
1465,2024-10,2024-11,False
1465,2024-11,2024-12,False
1467,2023-12,2024-01,False
1467,2024-01,2024-02,False
1467,2024-02,2024-03,False
1467,2024-03,2024-04,False
1467,2024-04,2024-05,False
1467,2024-05,2024-06,False
1467,2024-06,2024-07,False
1467,2024-07,2024-08,False
1467,2024-08,2024-09,False
1467,2024-09,2024-10,False
1467,2024-10,2024-11,False
1467,2024-11,2024-12,False
1468,2023-12,2024-01,False
1468,2024-01,2024-02,False
1468,2024-02,2024-03,False
1468,2024-03,2024-04,False
1468,2024-04,2024-05,False
1468,2024-05,2024-06,False
1468,2024-06,2024-07,False
1468,2024-07,2024-08,False
1468,2024-08,2024-09,False
1468,2024-09,2024-10,False
1468,2024-10,2024-11,False
1468,2024-11,2024-12,False
1472,2023-12,2024-01,False
1472,2024-01,2024-02,False
1472,2024-02,2024-03,False
1472,2024-03,2024-04,False
1472,2024-04,2024-05,False
1472,2024-05,2024-06,False
1472,2024-06,2024-07,False
1472,2024-07,2024-08,False
1472,2024-08,2024-09,False
1472,2024-09,2024-10,False
1472,2024-10,2024-11,False
1472,2024-11,2024-12,False
1473,2023-12,2024-01,False
1473,2024-01,2024-02,False
1473,2024-02,2024-03,False
1473,2024-03,2024-04,False
1473,2024-04,2024-05,False
1473,2024-05,2024-06,False
1473,2024-06,2024-07,False
1473,2024-07,2024-08,False
1473,2024-08,2024-09,False
1473,2024-09,2024-10,False
1473,2024-10,2024-11,False
1473,2024-11,2024-12,False
1474,2023-12,2024-01,False
1474,2024-01,2024-02,False
1474,2024-02,2024-03,False
1474,2024-03,2024-04,False
1474,2024-04,2024-05,False
1474,2024-05,2024-06,False
1474,2024-06,2024-07,False
1474,2024-07,2024-08,False
1474,2024-08,2024-09,False
1474,2024-09,2024-10,False
1474,2024-10,2024-11,False
1474,2024-11,2024-12,False
1475,2023-12,2024-01,False
1475,2024-01,2024-02,False
1475,2024-02,2024-03,False
1475,2024-03,2024-04,False
1475,2024-04,2024-05,False
1475,2024-05,2024-06,False
1475,2024-06,2024-07,False
1475,2024-07,2024-08,False
1475,2024-08,2024-09,False
1475,2024-09,2024-10,False
1475,2024-10,2024-11,False
1475,2024-11,2024-12,False
1477,2023-12,2024-01,False
1477,2024-01,2024-02,False
1477,2024-02,2024-03,False
1477,2024-03,2024-04,False
1477,2024-04,2024-05,False
1477,2024-05,2024-06,False
1477,2024-06,2024-07,False
1477,2024-07,2024-08,False
1477,2024-08,2024-09,False
1477,2024-09,2024-10,False
1477,2024-10,2024-11,False
1477,2024-11,2024-12,False
1478,2023-12,2024-01,False
1478,2024-01,2024-02,False
1478,2024-02,2024-03,False
1478,2024-03,2024-04,False
1478,2024-04,2024-05,False
1478,2024-05,2024-06,False
1478,2024-06,2024-07,False
1478,2024-07,2024-08,False
1478,2024-08,2024-09,False
1478,2024-09,2024-10,False
1478,2024-10,2024-11,False
1478,2024-11,2024-12,False
1480,2023-12,2024-01,False
1480,2024-01,2024-02,False
1480,2024-02,2024-03,False
1480,2024-03,2024-04,False
1480,2024-04,2024-05,False
1480,2024-05,2024-06,False
1480,2024-06,2024-07,False
1480,2024-07,2024-08,False
1480,2024-08,2024-09,False
1480,2024-09,2024-10,False
1480,2024-10,2024-11,False
1480,2024-11,2024-12,False
1481,2023-12,2024-01,False
1481,2024-01,2024-02,False
1481,2024-02,2024-03,False
1481,2024-03,2024-04,False
1481,2024-04,2024-05,False
1481,2024-05,2024-06,False
1481,2024-06,2024-07,False
1481,2024-07,2024-08,False
1481,2024-08,2024-09,False
1481,2024-09,2024-10,False
1481,2024-10,2024-11,False
1481,2024-11,2024-12,False
1483,2023-12,2024-01,False
1483,2024-01,2024-02,False
1483,2024-02,2024-03,False
1483,2024-03,2024-04,False
1483,2024-04,2024-05,False
1483,2024-05,2024-06,False
1483,2024-06,2024-07,False
1483,2024-07,2024-08,False
1483,2024-08,2024-09,False
1483,2024-09,2024-10,False
1483,2024-10,2024-11,False
1483,2024-11,2024-12,False
1484,2023-12,2024-01,False
1484,2024-01,2024-02,False
1484,2024-02,2024-03,False
1484,2024-03,2024-04,False
1484,2024-04,2024-05,False
1484,2024-05,2024-06,False
1484,2024-06,2024-07,False
1484,2024-07,2024-08,False
1484,2024-08,2024-09,False
1484,2024-09,2024-10,False
1484,2024-10,2024-11,False
1484,2024-11,2024-12,False
1486,2023-12,2024-01,False
1486,2024-01,2024-02,False
1486,2024-02,2024-03,False
1486,2024-03,2024-04,False
1486,2024-04,2024-05,False
1486,2024-05,2024-06,False
1486,2024-06,2024-07,False
1486,2024-07,2024-08,False
1486,2024-08,2024-09,False
1486,2024-09,2024-10,False
1486,2024-10,2024-11,False
1486,2024-11,2024-12,False
1488,2023-12,2024-01,False
1488,2024-01,2024-02,False
1488,2024-02,2024-03,False
1488,2024-03,2024-04,False
1488,2024-04,2024-05,False
1488,2024-05,2024-06,False
1488,2024-06,2024-07,False
1488,2024-07,2024-08,False
1488,2024-08,2024-09,False
1488,2024-09,2024-10,False
1488,2024-10,2024-11,False
1488,2024-11,2024-12,False
1489,2023-12,2024-01,False
1489,2024-01,2024-02,False
1489,2024-02,2024-03,False
1489,2024-03,2024-04,False
1489,2024-04,2024-05,False
1489,2024-05,2024-06,False
1489,2024-06,2024-07,False
1489,2024-07,2024-08,False
1489,2024-08,2024-09,False
1489,2024-09,2024-10,False
1489,2024-10,2024-11,False
1489,2024-11,2024-12,False
1490,2023-12,2024-01,False
1490,2024-01,2024-02,False
1490,2024-02,2024-03,False
1490,2024-03,2024-04,False
1490,2024-04,2024-05,False
1490,2024-05,2024-06,False
1490,2024-06,2024-07,False
1490,2024-07,2024-08,False
1490,2024-08,2024-09,False
1490,2024-09,2024-10,False
1490,2024-10,2024-11,False
1490,2024-11,2024-12,False
1491,2023-12,2024-01,False
1491,2024-01,2024-02,False
1491,2024-02,2024-03,False
1491,2024-03,2024-04,False
1491,2024-04,2024-05,False
1491,2024-05,2024-06,False
1491,2024-06,2024-07,False
1491,2024-07,2024-08,False
1491,2024-08,2024-09,False
1491,2024-09,2024-10,False
1491,2024-10,2024-11,False
1491,2024-11,2024-12,False
1492,2023-12,2024-01,False
1492,2024-01,2024-02,False
1492,2024-02,2024-03,False
1492,2024-03,2024-04,False
1492,2024-04,2024-05,False
1492,2024-05,2024-06,False
1492,2024-06,2024-07,False
1492,2024-07,2024-08,False
1492,2024-08,2024-09,False
1492,2024-09,2024-10,False
1492,2024-10,2024-11,False
1492,2024-11,2024-12,False
1493,2023-12,2024-01,False
1493,2024-01,2024-02,False
1493,2024-02,2024-03,False
1493,2024-03,2024-04,False
1493,2024-04,2024-05,False
1493,2024-05,2024-06,False
1493,2024-06,2024-07,False
1493,2024-07,2024-08,False
1493,2024-08,2024-09,False
1493,2024-09,2024-10,False
1493,2024-10,2024-11,False
1493,2024-11,2024-12,False
1494,2023-12,2024-01,False
1494,2024-01,2024-02,False
1494,2024-02,2024-03,False
1494,2024-03,2024-04,False
1494,2024-04,2024-05,False
1494,2024-05,2024-06,False
1494,2024-06,2024-07,False
1494,2024-07,2024-08,False
1494,2024-08,2024-09,False
1494,2024-09,2024-10,False
1494,2024-10,2024-11,False
1494,2024-11,2024-12,False
1495,2023-12,2024-01,False
1495,2024-01,2024-02,False
1495,2024-02,2024-03,False
1495,2024-03,2024-04,False
1495,2024-04,2024-05,False
1495,2024-05,2024-06,False
1495,2024-06,2024-07,False
1495,2024-07,2024-08,False
1495,2024-08,2024-09,False
1495,2024-09,2024-10,False
1495,2024-10,2024-11,False
1495,2024-11,2024-12,False
1496,2023-12,2024-01,False
1496,2024-01,2024-02,False
1496,2024-02,2024-03,False
1496,2024-03,2024-04,False
1496,2024-04,2024-05,False
1496,2024-05,2024-06,False
1496,2024-06,2024-07,False
1496,2024-07,2024-08,False
1496,2024-08,2024-09,False
1496,2024-09,2024-10,False
1496,2024-10,2024-11,False
1496,2024-11,2024-12,False
1500,2023-12,2024-01,False
1500,2024-01,2024-02,False
1500,2024-02,2024-03,False
1500,2024-03,2024-04,False
1500,2024-04,2024-05,False
1500,2024-05,2024-06,False
1500,2024-06,2024-07,False
1500,2024-07,2024-08,False
1500,2024-08,2024-09,False
1500,2024-09,2024-10,False
1500,2024-10,2024-11,False
1500,2024-11,2024-12,False
1501,2023-12,2024-01,False
1501,2024-01,2024-02,False
1501,2024-02,2024-03,False
1501,2024-03,2024-04,False
1501,2024-04,2024-05,False
1501,2024-05,2024-06,False
1501,2024-06,2024-07,False
1501,2024-07,2024-08,False
1501,2024-08,2024-09,False
1501,2024-09,2024-10,False
1501,2024-10,2024-11,False
1501,2024-11,2024-12,False
1504,2023-12,2024-01,False
1504,2024-01,2024-02,False
1504,2024-02,2024-03,False
1504,2024-03,2024-04,False
1504,2024-04,2024-05,False
1504,2024-05,2024-06,False
1504,2024-06,2024-07,False
1504,2024-07,2024-08,False
1504,2024-08,2024-09,False
1504,2024-09,2024-10,False
1504,2024-10,2024-11,False
1504,2024-11,2024-12,False
1506,2023-12,2024-01,False
1506,2024-01,2024-02,False
1506,2024-02,2024-03,False
1506,2024-03,2024-04,False
1506,2024-04,2024-05,False
1506,2024-05,2024-06,False
1506,2024-06,2024-07,False
1506,2024-07,2024-08,False
1506,2024-08,2024-09,False
1506,2024-09,2024-10,False
1506,2024-10,2024-11,False
1506,2024-11,2024-12,False
1507,2023-12,2024-01,False
1507,2024-01,2024-02,False
1507,2024-02,2024-03,False
1507,2024-03,2024-04,False
1507,2024-04,2024-05,False
1507,2024-05,2024-06,False
1507,2024-06,2024-07,False
1507,2024-07,2024-08,False
1507,2024-08,2024-09,False
1507,2024-09,2024-10,False
1507,2024-10,2024-11,False
1507,2024-11,2024-12,False
1508,2023-12,2024-01,False
1508,2024-01,2024-02,False
1508,2024-02,2024-03,False
1508,2024-03,2024-04,False
1508,2024-04,2024-05,False
1508,2024-05,2024-06,False
1508,2024-06,2024-07,False
1508,2024-07,2024-08,False
1508,2024-08,2024-09,False
1508,2024-09,2024-10,False
1508,2024-10,2024-11,False
1508,2024-11,2024-12,False
1509,2023-12,2024-01,False
1509,2024-01,2024-02,False
1509,2024-02,2024-03,False
1509,2024-03,2024-04,False
1509,2024-04,2024-05,False
1509,2024-05,2024-06,False
1509,2024-06,2024-07,False
1509,2024-07,2024-08,False
1509,2024-08,2024-09,False
1509,2024-09,2024-10,False
1509,2024-10,2024-11,False
1509,2024-11,2024-12,False
1510,2023-12,2024-01,False
1510,2024-01,2024-02,False
1510,2024-02,2024-03,False
1510,2024-03,2024-04,False
1510,2024-04,2024-05,False
1510,2024-05,2024-06,False
1510,2024-06,2024-07,False
1510,2024-07,2024-08,False
1510,2024-08,2024-09,False
1510,2024-09,2024-10,False
1510,2024-10,2024-11,False
1510,2024-11,2024-12,False
1511,2023-12,2024-01,False
1511,2024-01,2024-02,False
1511,2024-02,2024-03,False
1511,2024-03,2024-04,False
1511,2024-04,2024-05,False
1511,2024-05,2024-06,False
1511,2024-06,2024-07,False
1511,2024-07,2024-08,False
1511,2024-08,2024-09,False
1511,2024-09,2024-10,False
1511,2024-10,2024-11,False
1511,2024-11,2024-12,False
1512,2023-12,2024-01,False
1512,2024-01,2024-02,False
1512,2024-02,2024-03,False
1512,2024-03,2024-04,False
1512,2024-04,2024-05,False
1512,2024-05,2024-06,False
1512,2024-06,2024-07,False
1512,2024-07,2024-08,False
1512,2024-08,2024-09,False
1512,2024-09,2024-10,False
1512,2024-10,2024-11,False
1512,2024-11,2024-12,False
1518,2023-12,2024-01,False
1518,2024-01,2024-02,False
1518,2024-02,2024-03,False
1518,2024-03,2024-04,False
1518,2024-04,2024-05,False
1518,2024-05,2024-06,False
1518,2024-06,2024-07,False
1518,2024-07,2024-08,False
1518,2024-08,2024-09,False
1518,2024-09,2024-10,False
1518,2024-10,2024-11,False
1518,2024-11,2024-12,False
1519,2023-12,2024-01,False
1519,2024-01,2024-02,False
1519,2024-02,2024-03,False
1519,2024-03,2024-04,False
1519,2024-04,2024-05,False
1519,2024-05,2024-06,False
1519,2024-06,2024-07,False
1519,2024-07,2024-08,False
1519,2024-08,2024-09,False
1519,2024-09,2024-10,False
1519,2024-10,2024-11,False
1519,2024-11,2024-12,False
1520,2023-12,2024-01,False
1520,2024-01,2024-02,False
1520,2024-02,2024-03,False
1520,2024-03,2024-04,False
1520,2024-04,2024-05,False
1520,2024-05,2024-06,False
1520,2024-06,2024-07,False
1520,2024-07,2024-08,False
1520,2024-08,2024-09,False
1520,2024-09,2024-10,False
1520,2024-10,2024-11,False
1520,2024-11,2024-12,False
1521,2023-12,2024-01,False
1521,2024-01,2024-02,False
1521,2024-02,2024-03,False
1521,2024-03,2024-04,False
1521,2024-04,2024-05,False
1521,2024-05,2024-06,False
1521,2024-06,2024-07,False
1521,2024-07,2024-08,False
1521,2024-08,2024-09,False
1521,2024-09,2024-10,False
1521,2024-10,2024-11,False
1521,2024-11,2024-12,False
1522,2023-12,2024-01,False
1522,2024-01,2024-02,False
1522,2024-02,2024-03,False
1522,2024-03,2024-04,False
1522,2024-04,2024-05,False
1522,2024-05,2024-06,False
1522,2024-06,2024-07,False
1522,2024-07,2024-08,False
1522,2024-08,2024-09,False
1522,2024-09,2024-10,False
1522,2024-10,2024-11,False
1522,2024-11,2024-12,False
1523,2023-12,2024-01,False
1523,2024-01,2024-02,False
1523,2024-02,2024-03,False
1523,2024-03,2024-04,False
1523,2024-04,2024-05,False
1523,2024-05,2024-06,False
1523,2024-06,2024-07,False
1523,2024-07,2024-08,False
1523,2024-08,2024-09,False
1523,2024-09,2024-10,False
1523,2024-10,2024-11,False
1523,2024-11,2024-12,False
1525,2023-12,2024-01,False
1525,2024-01,2024-02,False
1525,2024-02,2024-03,False
1525,2024-03,2024-04,False
1525,2024-04,2024-05,False
1525,2024-05,2024-06,False
1525,2024-06,2024-07,False
1525,2024-07,2024-08,False
1525,2024-08,2024-09,False
1525,2024-09,2024-10,False
1525,2024-10,2024-11,False
1525,2024-11,2024-12,False
1526,2023-12,2024-01,False
1526,2024-01,2024-02,False
1526,2024-02,2024-03,False
1526,2024-03,2024-04,False
1526,2024-04,2024-05,False
1526,2024-05,2024-06,False
1526,2024-06,2024-07,False
1526,2024-07,2024-08,False
1526,2024-08,2024-09,False
1526,2024-09,2024-10,False
1526,2024-10,2024-11,False
1526,2024-11,2024-12,False
1527,2023-12,2024-01,False
1527,2024-01,2024-02,False
1527,2024-02,2024-03,False
1527,2024-03,2024-04,False
1527,2024-04,2024-05,False
1527,2024-05,2024-06,False
1527,2024-06,2024-07,False
1527,2024-07,2024-08,False
1527,2024-08,2024-09,False
1527,2024-09,2024-10,False
1527,2024-10,2024-11,False
1527,2024-11,2024-12,False
1528,2023-12,2024-01,False
1528,2024-01,2024-02,False
1528,2024-02,2024-03,False
1528,2024-03,2024-04,False
1528,2024-04,2024-05,False
1528,2024-05,2024-06,False
1528,2024-06,2024-07,False
1528,2024-07,2024-08,False
1528,2024-08,2024-09,False
1528,2024-09,2024-10,False
1528,2024-10,2024-11,False
1528,2024-11,2024-12,False
1529,2023-12,2024-01,False
1529,2024-01,2024-02,False
1529,2024-02,2024-03,False
1529,2024-03,2024-04,False
1529,2024-04,2024-05,False
1529,2024-05,2024-06,False
1529,2024-06,2024-07,False
1529,2024-07,2024-08,False
1529,2024-08,2024-09,False
1529,2024-09,2024-10,False
1529,2024-10,2024-11,False
1529,2024-11,2024-12,False
1530,2023-12,2024-01,False
1530,2024-01,2024-02,False
1530,2024-02,2024-03,False
1530,2024-03,2024-04,False
1530,2024-04,2024-05,False
1530,2024-05,2024-06,False
1530,2024-06,2024-07,False
1530,2024-07,2024-08,False
1530,2024-08,2024-09,False
1530,2024-09,2024-10,False
1530,2024-10,2024-11,False
1530,2024-11,2024-12,False
1532,2023-12,2024-01,False
1532,2024-01,2024-02,False
1532,2024-02,2024-03,False
1532,2024-03,2024-04,False
1532,2024-04,2024-05,False
1532,2024-05,2024-06,False
1532,2024-06,2024-07,False
1532,2024-07,2024-08,False
1532,2024-08,2024-09,False
1532,2024-09,2024-10,False
1532,2024-10,2024-11,False
1532,2024-11,2024-12,False
1533,2023-12,2024-01,False
1533,2024-01,2024-02,False
1533,2024-02,2024-03,False
1533,2024-03,2024-04,False
1533,2024-04,2024-05,False
1533,2024-05,2024-06,False
1533,2024-06,2024-07,False
1533,2024-07,2024-08,False
1533,2024-08,2024-09,False
1533,2024-09,2024-10,False
1533,2024-10,2024-11,False
1533,2024-11,2024-12,False
1534,2023-12,2024-01,False
1534,2024-01,2024-02,False
1534,2024-02,2024-03,False
1534,2024-03,2024-04,False
1534,2024-04,2024-05,False
1534,2024-05,2024-06,False
1534,2024-06,2024-07,False
1534,2024-07,2024-08,False
1534,2024-08,2024-09,False
1534,2024-09,2024-10,False
1534,2024-10,2024-11,False
1534,2024-11,2024-12,False
1535,2023-12,2024-01,False
1535,2024-01,2024-02,False
1535,2024-02,2024-03,False
1535,2024-03,2024-04,False
1535,2024-04,2024-05,False
1535,2024-05,2024-06,False
1535,2024-06,2024-07,False
1535,2024-07,2024-08,False
1535,2024-08,2024-09,False
1535,2024-09,2024-10,False
1535,2024-10,2024-11,False
1535,2024-11,2024-12,False
1536,2023-12,2024-01,False
1536,2024-01,2024-02,False
1536,2024-02,2024-03,False
1536,2024-03,2024-04,False
1536,2024-04,2024-05,False
1536,2024-05,2024-06,False
1536,2024-06,2024-07,False
1536,2024-07,2024-08,False
1536,2024-08,2024-09,False
1536,2024-09,2024-10,False
1536,2024-10,2024-11,False
1536,2024-11,2024-12,False
1537,2023-12,2024-01,False
1537,2024-01,2024-02,False
1537,2024-02,2024-03,False
1537,2024-03,2024-04,False
1537,2024-04,2024-05,False
1537,2024-05,2024-06,False
1537,2024-06,2024-07,False
1537,2024-07,2024-08,False
1537,2024-08,2024-09,False
1537,2024-09,2024-10,False
1537,2024-10,2024-11,False
1537,2024-11,2024-12,False
1539,2023-12,2024-01,False
1539,2024-01,2024-02,False
1539,2024-02,2024-03,False
1539,2024-03,2024-04,False
1539,2024-04,2024-05,False
1539,2024-05,2024-06,False
1539,2024-06,2024-07,False
1539,2024-07,2024-08,False
1539,2024-08,2024-09,False
1539,2024-09,2024-10,False
1539,2024-10,2024-11,False
1539,2024-11,2024-12,False
1540,2023-12,2024-01,False
1540,2024-01,2024-02,False
1540,2024-02,2024-03,False
1540,2024-03,2024-04,False
1540,2024-04,2024-05,False
1540,2024-05,2024-06,False
1540,2024-06,2024-07,False
1540,2024-07,2024-08,False
1540,2024-08,2024-09,False
1540,2024-09,2024-10,False
1540,2024-10,2024-11,False
1540,2024-11,2024-12,False
1541,2023-12,2024-01,False
1541,2024-01,2024-02,False
1541,2024-02,2024-03,False
1541,2024-03,2024-04,False
1541,2024-04,2024-05,False
1541,2024-05,2024-06,False
1541,2024-06,2024-07,False
1541,2024-07,2024-08,False
1541,2024-08,2024-09,False
1541,2024-09,2024-10,False
1541,2024-10,2024-11,False
1541,2024-11,2024-12,False
1542,2023-12,2024-01,False
1542,2024-01,2024-02,False
1542,2024-02,2024-03,False
1542,2024-03,2024-04,False
1542,2024-04,2024-05,False
1542,2024-05,2024-06,False
1542,2024-06,2024-07,False
1542,2024-07,2024-08,False
1542,2024-08,2024-09,False
1542,2024-09,2024-10,False
1542,2024-10,2024-11,False
1542,2024-11,2024-12,False
1543,2023-12,2024-01,False
1543,2024-01,2024-02,False
1543,2024-02,2024-03,False
1543,2024-03,2024-04,False
1543,2024-04,2024-05,False
1543,2024-05,2024-06,False
1543,2024-06,2024-07,False
1543,2024-07,2024-08,False
1543,2024-08,2024-09,False
1543,2024-09,2024-10,False
1543,2024-10,2024-11,False
1543,2024-11,2024-12,False
1544,2023-12,2024-01,False
1544,2024-01,2024-02,False
1544,2024-02,2024-03,False
1544,2024-03,2024-04,False
1544,2024-04,2024-05,False
1544,2024-05,2024-06,False
1544,2024-06,2024-07,False
1544,2024-07,2024-08,False
1544,2024-08,2024-09,False
1544,2024-09,2024-10,False
1544,2024-10,2024-11,False
1544,2024-11,2024-12,False
1545,2023-12,2024-01,False
1545,2024-01,2024-02,False
1545,2024-02,2024-03,False
1545,2024-03,2024-04,False
1545,2024-04,2024-05,False
1545,2024-05,2024-06,False
1545,2024-06,2024-07,False
1545,2024-07,2024-08,False
1545,2024-08,2024-09,False
1545,2024-09,2024-10,False
1545,2024-10,2024-11,False
1545,2024-11,2024-12,False
1546,2023-12,2024-01,False
1546,2024-01,2024-02,False
1546,2024-02,2024-03,False
1546,2024-03,2024-04,False
1546,2024-04,2024-05,False
1546,2024-05,2024-06,False
1546,2024-06,2024-07,False
1546,2024-07,2024-08,False
1546,2024-08,2024-09,False
1546,2024-09,2024-10,False
1546,2024-10,2024-11,False
1546,2024-11,2024-12,False
1547,2023-12,2024-01,False
1547,2024-01,2024-02,False
1547,2024-02,2024-03,False
1547,2024-03,2024-04,False
1547,2024-04,2024-05,False
1547,2024-05,2024-06,False
1547,2024-06,2024-07,False
1547,2024-07,2024-08,False
1547,2024-08,2024-09,False
1547,2024-09,2024-10,False
1547,2024-10,2024-11,False
1547,2024-11,2024-12,False
1548,2023-12,2024-01,False
1548,2024-01,2024-02,False
1548,2024-02,2024-03,False
1548,2024-03,2024-04,False
1548,2024-04,2024-05,False
1548,2024-05,2024-06,False
1548,2024-06,2024-07,False
1548,2024-07,2024-08,False
1548,2024-08,2024-09,False
1548,2024-09,2024-10,False
1548,2024-10,2024-11,False
1548,2024-11,2024-12,False
1549,2023-12,2024-01,False
1549,2024-01,2024-02,False
1549,2024-02,2024-03,False
1549,2024-03,2024-04,False
1549,2024-04,2024-05,False
1549,2024-05,2024-06,False
1549,2024-06,2024-07,False
1549,2024-07,2024-08,False
1549,2024-08,2024-09,False
1549,2024-09,2024-10,False
1549,2024-10,2024-11,False
1549,2024-11,2024-12,False
1550,2023-12,2024-01,False
1550,2024-01,2024-02,False
1550,2024-02,2024-03,False
1550,2024-03,2024-04,False
1550,2024-04,2024-05,False
1550,2024-05,2024-06,False
1550,2024-06,2024-07,False
1550,2024-07,2024-08,False
1550,2024-08,2024-09,False
1550,2024-09,2024-10,False
1550,2024-10,2024-11,False
1550,2024-11,2024-12,False
1551,2023-12,2024-01,False
1551,2024-01,2024-02,False
1551,2024-02,2024-03,False
1551,2024-03,2024-04,False
1551,2024-04,2024-05,False
1551,2024-05,2024-06,False
1551,2024-06,2024-07,False
1551,2024-07,2024-08,False
1551,2024-08,2024-09,False
1551,2024-09,2024-10,False
1551,2024-10,2024-11,False
1551,2024-11,2024-12,False
1552,2023-12,2024-01,False
1552,2024-01,2024-02,False
1552,2024-02,2024-03,False
1552,2024-03,2024-04,False
1552,2024-04,2024-05,False
1552,2024-05,2024-06,False
1552,2024-06,2024-07,False
1552,2024-07,2024-08,False
1552,2024-08,2024-09,False
1552,2024-09,2024-10,False
1552,2024-10,2024-11,False
1552,2024-11,2024-12,False
1553,2023-12,2024-01,False
1553,2024-01,2024-02,False
1553,2024-02,2024-03,False
1553,2024-03,2024-04,False
1553,2024-04,2024-05,False
1553,2024-05,2024-06,False
1553,2024-06,2024-07,False
1553,2024-07,2024-08,False
1553,2024-08,2024-09,False
1553,2024-09,2024-10,False
1553,2024-10,2024-11,False
1553,2024-11,2024-12,False
1554,2023-12,2024-01,False
1554,2024-01,2024-02,False
1554,2024-02,2024-03,False
1554,2024-03,2024-04,False
1554,2024-04,2024-05,False
1554,2024-05,2024-06,False
1554,2024-06,2024-07,False
1554,2024-07,2024-08,False
1554,2024-08,2024-09,False
1554,2024-09,2024-10,False
1554,2024-10,2024-11,False
1554,2024-11,2024-12,False
1555,2023-12,2024-01,False
1555,2024-01,2024-02,False
1555,2024-02,2024-03,False
1555,2024-03,2024-04,False
1555,2024-04,2024-05,False
1555,2024-05,2024-06,False
1555,2024-06,2024-07,False
1555,2024-07,2024-08,False
1555,2024-08,2024-09,False
1555,2024-09,2024-10,False
1555,2024-10,2024-11,False
1555,2024-11,2024-12,False
1556,2023-12,2024-01,False
1556,2024-01,2024-02,False
1556,2024-02,2024-03,False
1556,2024-03,2024-04,False
1556,2024-04,2024-05,False
1556,2024-05,2024-06,False
1556,2024-06,2024-07,False
1556,2024-07,2024-08,False
1556,2024-08,2024-09,False
1556,2024-09,2024-10,False
1556,2024-10,2024-11,False
1556,2024-11,2024-12,False
1557,2023-12,2024-01,False
1557,2024-01,2024-02,False
1557,2024-02,2024-03,False
1557,2024-03,2024-04,False
1557,2024-04,2024-05,False
1557,2024-05,2024-06,False
1557,2024-06,2024-07,False
1557,2024-07,2024-08,False
1557,2024-08,2024-09,False
1557,2024-09,2024-10,False
1557,2024-10,2024-11,False
1557,2024-11,2024-12,False
1558,2023-12,2024-01,False
1558,2024-01,2024-02,False
1558,2024-02,2024-03,False
1558,2024-03,2024-04,False
1558,2024-04,2024-05,False
1558,2024-05,2024-06,False
1558,2024-06,2024-07,False
1558,2024-07,2024-08,False
1558,2024-08,2024-09,False
1558,2024-09,2024-10,False
1558,2024-10,2024-11,False
1558,2024-11,2024-12,False
1559,2023-12,2024-01,False
1559,2024-01,2024-02,False
1559,2024-02,2024-03,False
1559,2024-03,2024-04,False
1559,2024-04,2024-05,False
1559,2024-05,2024-06,False
1559,2024-06,2024-07,False
1559,2024-07,2024-08,False
1559,2024-08,2024-09,False
1559,2024-09,2024-10,False
1559,2024-10,2024-11,False
1559,2024-11,2024-12,False
1560,2023-12,2024-01,False
1560,2024-01,2024-02,False
1560,2024-02,2024-03,False
1560,2024-03,2024-04,False
1560,2024-04,2024-05,False
1560,2024-05,2024-06,False
1560,2024-06,2024-07,False
1560,2024-07,2024-08,False
1560,2024-08,2024-09,False
1560,2024-09,2024-10,False
1560,2024-10,2024-11,False
1560,2024-11,2024-12,False
1561,2023-12,2024-01,False
1561,2024-01,2024-02,False
1561,2024-02,2024-03,False
1561,2024-03,2024-04,False
1561,2024-04,2024-05,False
1561,2024-05,2024-06,False
1561,2024-06,2024-07,False
1561,2024-07,2024-08,False
1561,2024-08,2024-09,False
1561,2024-09,2024-10,False
1561,2024-10,2024-11,False
1561,2024-11,2024-12,False
1562,2023-12,2024-01,False
1562,2024-01,2024-02,False
1562,2024-02,2024-03,False
1562,2024-03,2024-04,False
1562,2024-04,2024-05,False
1562,2024-05,2024-06,False
1562,2024-06,2024-07,False
1562,2024-07,2024-08,False
1562,2024-08,2024-09,False
1562,2024-09,2024-10,False
1562,2024-10,2024-11,False
1562,2024-11,2024-12,False
1563,2023-12,2024-01,False
1563,2024-01,2024-02,False
1563,2024-02,2024-03,False
1563,2024-03,2024-04,False
1563,2024-04,2024-05,False
1563,2024-05,2024-06,False
1563,2024-06,2024-07,False
1563,2024-07,2024-08,False
1563,2024-08,2024-09,False
1563,2024-09,2024-10,False
1563,2024-10,2024-11,False
1563,2024-11,2024-12,False
1564,2023-12,2024-01,False
1564,2024-01,2024-02,False
1564,2024-02,2024-03,False
1564,2024-03,2024-04,False
1564,2024-04,2024-05,False
1564,2024-05,2024-06,False
1564,2024-06,2024-07,False
1564,2024-07,2024-08,False
1564,2024-08,2024-09,False
1564,2024-09,2024-10,False
1564,2024-10,2024-11,False
1564,2024-11,2024-12,False
1565,2023-12,2024-01,False
1565,2024-01,2024-02,False
1565,2024-02,2024-03,False
1565,2024-03,2024-04,False
1565,2024-04,2024-05,False
1565,2024-05,2024-06,False
1565,2024-06,2024-07,False
1565,2024-07,2024-08,False
1565,2024-08,2024-09,False
1565,2024-09,2024-10,False
1565,2024-10,2024-11,False
1565,2024-11,2024-12,False
1566,2023-12,2024-01,False
1566,2024-01,2024-02,False
1566,2024-02,2024-03,False
1566,2024-03,2024-04,False
1566,2024-04,2024-05,False
1566,2024-05,2024-06,False
1566,2024-06,2024-07,False
1566,2024-07,2024-08,False
1566,2024-08,2024-09,False
1566,2024-09,2024-10,False
1566,2024-10,2024-11,False
1566,2024-11,2024-12,False
1567,2023-12,2024-01,False
1567,2024-01,2024-02,False
1567,2024-02,2024-03,False
1567,2024-03,2024-04,False
1567,2024-04,2024-05,False
1567,2024-05,2024-06,False
1567,2024-06,2024-07,False
1567,2024-07,2024-08,False
1567,2024-08,2024-09,False
1567,2024-09,2024-10,False
1567,2024-10,2024-11,False
1567,2024-11,2024-12,False
1568,2023-12,2024-01,False
1568,2024-01,2024-02,False
1568,2024-02,2024-03,False
1568,2024-03,2024-04,False
1568,2024-04,2024-05,False
1568,2024-05,2024-06,False
1568,2024-06,2024-07,False
1568,2024-07,2024-08,False
1568,2024-08,2024-09,False
1568,2024-09,2024-10,False
1568,2024-10,2024-11,False
1568,2024-11,2024-12,False
1569,2023-12,2024-01,False
1569,2024-01,2024-02,False
1569,2024-02,2024-03,False
1569,2024-03,2024-04,False
1569,2024-04,2024-05,False
1569,2024-05,2024-06,False
1569,2024-06,2024-07,False
1569,2024-07,2024-08,False
1569,2024-08,2024-09,False
1569,2024-09,2024-10,False
1569,2024-10,2024-11,False
1569,2024-11,2024-12,False
1570,2023-12,2024-01,False
1570,2024-01,2024-02,False
1570,2024-02,2024-03,False
1570,2024-03,2024-04,False
1570,2024-04,2024-05,False
1570,2024-05,2024-06,False
1570,2024-06,2024-07,False
1570,2024-07,2024-08,False
1570,2024-08,2024-09,False
1570,2024-09,2024-10,False
1570,2024-10,2024-11,False
1570,2024-11,2024-12,False
1571,2023-12,2024-01,False
1571,2024-01,2024-02,False
1571,2024-02,2024-03,False
1571,2024-03,2024-04,False
1571,2024-04,2024-05,False
1571,2024-05,2024-06,False
1571,2024-06,2024-07,False
1571,2024-07,2024-08,False
1571,2024-08,2024-09,False
1571,2024-09,2024-10,False
1571,2024-10,2024-11,False
1571,2024-11,2024-12,False
1572,2023-12,2024-01,False
1572,2024-01,2024-02,False
1572,2024-02,2024-03,False
1572,2024-03,2024-04,False
1572,2024-04,2024-05,False
1572,2024-05,2024-06,False
1572,2024-06,2024-07,False
1572,2024-07,2024-08,False
1572,2024-08,2024-09,False
1572,2024-09,2024-10,False
1572,2024-10,2024-11,False
1572,2024-11,2024-12,False
1573,2023-12,2024-01,False
1573,2024-01,2024-02,False
1573,2024-02,2024-03,False
1573,2024-03,2024-04,False
1573,2024-04,2024-05,False
1573,2024-05,2024-06,False
1573,2024-06,2024-07,False
1573,2024-07,2024-08,False
1573,2024-08,2024-09,False
1573,2024-09,2024-10,False
1573,2024-10,2024-11,False
1573,2024-11,2024-12,False
1574,2023-12,2024-01,False
1574,2024-01,2024-02,False
1574,2024-02,2024-03,False
1574,2024-03,2024-04,False
1574,2024-04,2024-05,False
1574,2024-05,2024-06,False
1574,2024-06,2024-07,False
1574,2024-07,2024-08,False
1574,2024-08,2024-09,False
1574,2024-09,2024-10,False
1574,2024-10,2024-11,False
1574,2024-11,2024-12,False
1575,2023-12,2024-01,False
1575,2024-01,2024-02,False
1575,2024-02,2024-03,False
1575,2024-03,2024-04,False
1575,2024-04,2024-05,False
1575,2024-05,2024-06,False
1575,2024-06,2024-07,False
1575,2024-07,2024-08,False
1575,2024-08,2024-09,False
1575,2024-09,2024-10,False
1575,2024-10,2024-11,False
1575,2024-11,2024-12,False
1577,2023-12,2024-01,False
1577,2024-01,2024-02,False
1577,2024-02,2024-03,False
1577,2024-03,2024-04,False
1577,2024-04,2024-05,False
1577,2024-05,2024-06,False
1577,2024-06,2024-07,False
1577,2024-07,2024-08,False
1577,2024-08,2024-09,False
1577,2024-09,2024-10,False
1577,2024-10,2024-11,False
1577,2024-11,2024-12,False
1578,2023-12,2024-01,False
1578,2024-01,2024-02,False
1578,2024-02,2024-03,False
1578,2024-03,2024-04,False
1578,2024-04,2024-05,False
1578,2024-05,2024-06,False
1578,2024-06,2024-07,False
1578,2024-07,2024-08,False
1578,2024-08,2024-09,False
1578,2024-09,2024-10,False
1578,2024-10,2024-11,False
1578,2024-11,2024-12,False
1579,2023-12,2024-01,False
1579,2024-01,2024-02,False
1579,2024-02,2024-03,False
1579,2024-03,2024-04,False
1579,2024-04,2024-05,False
1579,2024-05,2024-06,False
1579,2024-06,2024-07,False
1579,2024-07,2024-08,False
1579,2024-08,2024-09,False
1579,2024-09,2024-10,False
1579,2024-10,2024-11,False
1579,2024-11,2024-12,False
1580,2023-12,2024-01,False
1580,2024-01,2024-02,False
1580,2024-02,2024-03,False
1580,2024-03,2024-04,False
1580,2024-04,2024-05,False
1580,2024-05,2024-06,False
1580,2024-06,2024-07,False
1580,2024-07,2024-08,False
1580,2024-08,2024-09,False
1580,2024-09,2024-10,False
1580,2024-10,2024-11,False
1580,2024-11,2024-12,False
1581,2023-12,2024-01,False
1581,2024-01,2024-02,False
1581,2024-02,2024-03,False
1581,2024-03,2024-04,False
1581,2024-04,2024-05,False
1581,2024-05,2024-06,False
1581,2024-06,2024-07,False
1581,2024-07,2024-08,False
1581,2024-08,2024-09,False
1581,2024-09,2024-10,False
1581,2024-10,2024-11,False
1581,2024-11,2024-12,False
1582,2023-12,2024-01,False
1582,2024-01,2024-02,False
1582,2024-02,2024-03,False
1582,2024-03,2024-04,False
1582,2024-04,2024-05,False
1582,2024-05,2024-06,False
1582,2024-06,2024-07,False
1582,2024-07,2024-08,False
1582,2024-08,2024-09,False
1582,2024-09,2024-10,False
1582,2024-10,2024-11,False
1582,2024-11,2024-12,False
1583,2023-12,2024-01,False
1583,2024-01,2024-02,False
1583,2024-02,2024-03,False
1583,2024-03,2024-04,False
1583,2024-04,2024-05,False
1583,2024-05,2024-06,False
1583,2024-06,2024-07,False
1583,2024-07,2024-08,False
1583,2024-08,2024-09,False
1583,2024-09,2024-10,False
1583,2024-10,2024-11,False
1583,2024-11,2024-12,False
1584,2023-12,2024-01,False
1584,2024-01,2024-02,False
1584,2024-02,2024-03,False
1584,2024-03,2024-04,False
1584,2024-04,2024-05,False
1584,2024-05,2024-06,False
1584,2024-06,2024-07,False
1584,2024-07,2024-08,False
1584,2024-08,2024-09,False
1584,2024-09,2024-10,False
1584,2024-10,2024-11,False
1584,2024-11,2024-12,False
1585,2023-12,2024-01,False
1585,2024-01,2024-02,False
1585,2024-02,2024-03,False
1585,2024-03,2024-04,False
1585,2024-04,2024-05,False
1585,2024-05,2024-06,False
1585,2024-06,2024-07,False
1585,2024-07,2024-08,False
1585,2024-08,2024-09,False
1585,2024-09,2024-10,False
1585,2024-10,2024-11,False
1585,2024-11,2024-12,False
1586,2023-12,2024-01,False
1586,2024-01,2024-02,False
1586,2024-02,2024-03,False
1586,2024-03,2024-04,False
1586,2024-04,2024-05,False
1586,2024-05,2024-06,False
1586,2024-06,2024-07,False
1586,2024-07,2024-08,False
1586,2024-08,2024-09,False
1586,2024-09,2024-10,False
1586,2024-10,2024-11,False
1586,2024-11,2024-12,False
1587,2023-12,2024-01,False
1587,2024-01,2024-02,False
1587,2024-02,2024-03,False
1587,2024-03,2024-04,False
1587,2024-04,2024-05,False
1587,2024-05,2024-06,False
1587,2024-06,2024-07,False
1587,2024-07,2024-08,False
1587,2024-08,2024-09,False
1587,2024-09,2024-10,False
1587,2024-10,2024-11,False
1587,2024-11,2024-12,False
1588,2023-12,2024-01,False
1588,2024-01,2024-02,False
1588,2024-02,2024-03,False
1588,2024-03,2024-04,False
1588,2024-04,2024-05,False
1588,2024-05,2024-06,False
1588,2024-06,2024-07,False
1588,2024-07,2024-08,False
1588,2024-08,2024-09,False
1588,2024-09,2024-10,False
1588,2024-10,2024-11,False
1588,2024-11,2024-12,False
1589,2023-12,2024-01,False
1589,2024-01,2024-02,False
1589,2024-02,2024-03,False
1589,2024-03,2024-04,False
1589,2024-04,2024-05,False
1589,2024-05,2024-06,False
1589,2024-06,2024-07,False
1589,2024-07,2024-08,False
1589,2024-08,2024-09,False
1589,2024-09,2024-10,False
1589,2024-10,2024-11,False
1589,2024-11,2024-12,False
1590,2023-12,2024-01,False
1590,2024-01,2024-02,False
1590,2024-02,2024-03,False
1590,2024-03,2024-04,False
1590,2024-04,2024-05,False
1590,2024-05,2024-06,False
1590,2024-06,2024-07,False
1590,2024-07,2024-08,False
1590,2024-08,2024-09,False
1590,2024-09,2024-10,False
1590,2024-10,2024-11,False
1590,2024-11,2024-12,False
1591,2023-12,2024-01,False
1591,2024-01,2024-02,False
1591,2024-02,2024-03,False
1591,2024-03,2024-04,False
1591,2024-04,2024-05,False
1591,2024-05,2024-06,False
1591,2024-06,2024-07,False
1591,2024-07,2024-08,False
1591,2024-08,2024-09,False
1591,2024-09,2024-10,False
1591,2024-10,2024-11,False
1591,2024-11,2024-12,False
1592,2023-12,2024-01,False
1592,2024-01,2024-02,False
1592,2024-02,2024-03,False
1592,2024-03,2024-04,False
1592,2024-04,2024-05,False
1592,2024-05,2024-06,False
1592,2024-06,2024-07,False
1592,2024-07,2024-08,False
1592,2024-08,2024-09,False
1592,2024-09,2024-10,False
1592,2024-10,2024-11,False
1592,2024-11,2024-12,False
1593,2023-12,2024-01,False
1593,2024-01,2024-02,False
1593,2024-02,2024-03,False
1593,2024-03,2024-04,False
1593,2024-04,2024-05,False
1593,2024-05,2024-06,False
1593,2024-06,2024-07,False
1593,2024-07,2024-08,False
1593,2024-08,2024-09,False
1593,2024-09,2024-10,False
1593,2024-10,2024-11,False
1593,2024-11,2024-12,False
1594,2023-12,2024-01,False
1594,2024-01,2024-02,False
1594,2024-02,2024-03,False
1594,2024-03,2024-04,False
1594,2024-04,2024-05,False
1594,2024-05,2024-06,False
1594,2024-06,2024-07,False
1594,2024-07,2024-08,False
1594,2024-08,2024-09,False
1594,2024-09,2024-10,False
1594,2024-10,2024-11,False
1594,2024-11,2024-12,False
1595,2023-12,2024-01,False
1595,2024-01,2024-02,False
1595,2024-02,2024-03,False
1595,2024-03,2024-04,False
1595,2024-04,2024-05,False
1595,2024-05,2024-06,False
1595,2024-06,2024-07,False
1595,2024-07,2024-08,False
1595,2024-08,2024-09,False
1595,2024-09,2024-10,False
1595,2024-10,2024-11,False
1595,2024-11,2024-12,False
1596,2023-12,2024-01,False
1596,2024-01,2024-02,False
1596,2024-02,2024-03,False
1596,2024-03,2024-04,False
1596,2024-04,2024-05,False
1596,2024-05,2024-06,False
1596,2024-06,2024-07,False
1596,2024-07,2024-08,False
1596,2024-08,2024-09,False
1596,2024-09,2024-10,False
1596,2024-10,2024-11,False
1596,2024-11,2024-12,False
1597,2023-12,2024-01,False
1597,2024-01,2024-02,False
1597,2024-02,2024-03,False
1597,2024-03,2024-04,False
1597,2024-04,2024-05,False
1597,2024-05,2024-06,False
1597,2024-06,2024-07,False
1597,2024-07,2024-08,False
1597,2024-08,2024-09,False
1597,2024-09,2024-10,False
1597,2024-10,2024-11,False
1597,2024-11,2024-12,False
1598,2023-12,2024-01,False
1598,2024-01,2024-02,False
1598,2024-02,2024-03,False
1598,2024-03,2024-04,False
1598,2024-04,2024-05,False
1598,2024-05,2024-06,False
1598,2024-06,2024-07,False
1598,2024-07,2024-08,False
1598,2024-08,2024-09,False
1598,2024-09,2024-10,False
1598,2024-10,2024-11,False
1598,2024-11,2024-12,False
1599,2023-12,2024-01,False
1599,2024-01,2024-02,False
1599,2024-02,2024-03,False
1599,2024-03,2024-04,False
1599,2024-04,2024-05,False
1599,2024-05,2024-06,False
1599,2024-06,2024-07,False
1599,2024-07,2024-08,False
1599,2024-08,2024-09,False
1599,2024-09,2024-10,False
1599,2024-10,2024-11,False
1599,2024-11,2024-12,False
1600,2023-12,2024-01,False
1600,2024-01,2024-02,False
1600,2024-02,2024-03,False
1600,2024-03,2024-04,False
1600,2024-04,2024-05,False
1600,2024-05,2024-06,False
1600,2024-06,2024-07,False
1600,2024-07,2024-08,True
1600,2024-08,2024-09,True
1600,2024-09,2024-10,False
1600,2024-10,2024-11,False
1600,2024-11,2024-12,False
1601,2023-12,2024-01,False
1601,2024-01,2024-02,False
1601,2024-02,2024-03,False
1601,2024-03,2024-04,False
1601,2024-04,2024-05,False
1601,2024-05,2024-06,False
1601,2024-06,2024-07,False
1601,2024-07,2024-08,False
1601,2024-08,2024-09,False
1601,2024-09,2024-10,False
1601,2024-10,2024-11,False
1601,2024-11,2024-12,False
1602,2023-12,2024-01,False
1602,2024-01,2024-02,False
1602,2024-02,2024-03,False
1602,2024-03,2024-04,False
1602,2024-04,2024-05,False
1602,2024-05,2024-06,False
1602,2024-06,2024-07,False
1602,2024-07,2024-08,False
1602,2024-08,2024-09,False
1602,2024-09,2024-10,False
1602,2024-10,2024-11,False
1602,2024-11,2024-12,False
1603,2023-12,2024-01,False
1603,2024-01,2024-02,False
1603,2024-02,2024-03,False
1603,2024-03,2024-04,False
1603,2024-04,2024-05,False
1603,2024-05,2024-06,False
1603,2024-06,2024-07,False
1603,2024-07,2024-08,False
1603,2024-08,2024-09,False
1603,2024-09,2024-10,False
1603,2024-10,2024-11,False
1603,2024-11,2024-12,False
1604,2023-12,2024-01,False
1604,2024-01,2024-02,False
1604,2024-02,2024-03,False
1604,2024-03,2024-04,False
1604,2024-04,2024-05,False
1604,2024-05,2024-06,False
1604,2024-06,2024-07,False
1604,2024-07,2024-08,False
1604,2024-08,2024-09,False
1604,2024-09,2024-10,False
1604,2024-10,2024-11,False
1604,2024-11,2024-12,False
1605,2023-12,2024-01,False
1605,2024-01,2024-02,False
1605,2024-02,2024-03,False
1605,2024-03,2024-04,False
1605,2024-04,2024-05,False
1605,2024-05,2024-06,False
1605,2024-06,2024-07,False
1605,2024-07,2024-08,False
1605,2024-08,2024-09,False
1605,2024-09,2024-10,False
1605,2024-10,2024-11,False
1605,2024-11,2024-12,False
1606,2023-12,2024-01,False
1606,2024-01,2024-02,False
1606,2024-02,2024-03,False
1606,2024-03,2024-04,False
1606,2024-04,2024-05,False
1606,2024-05,2024-06,False
1606,2024-06,2024-07,False
1606,2024-07,2024-08,False
1606,2024-08,2024-09,False
1606,2024-09,2024-10,False
1606,2024-10,2024-11,False
1606,2024-11,2024-12,False
1607,2023-12,2024-01,False
1607,2024-01,2024-02,False
1607,2024-02,2024-03,False
1607,2024-03,2024-04,False
1607,2024-04,2024-05,False
1607,2024-05,2024-06,False
1607,2024-06,2024-07,False
1607,2024-07,2024-08,False
1607,2024-08,2024-09,False
1607,2024-09,2024-10,False
1607,2024-10,2024-11,False
1607,2024-11,2024-12,False
1608,2023-12,2024-01,False
1608,2024-01,2024-02,False
1608,2024-02,2024-03,False
1608,2024-03,2024-04,False
1608,2024-04,2024-05,False
1608,2024-05,2024-06,False
1608,2024-06,2024-07,False
1608,2024-07,2024-08,False
1608,2024-08,2024-09,False
1608,2024-09,2024-10,False
1608,2024-10,2024-11,False
1608,2024-11,2024-12,False
1609,2023-12,2024-01,False
1609,2024-01,2024-02,False
1609,2024-02,2024-03,False
1609,2024-03,2024-04,False
1609,2024-04,2024-05,False
1609,2024-05,2024-06,False
1609,2024-06,2024-07,False
1609,2024-07,2024-08,False
1609,2024-08,2024-09,False
1609,2024-09,2024-10,False
1609,2024-10,2024-11,False
1609,2024-11,2024-12,False
1610,2023-12,2024-01,False
1610,2024-01,2024-02,False
1610,2024-02,2024-03,False
1610,2024-03,2024-04,False
1610,2024-04,2024-05,False
1610,2024-05,2024-06,False
1610,2024-06,2024-07,False
1610,2024-07,2024-08,False
1610,2024-08,2024-09,False
1610,2024-09,2024-10,False
1610,2024-10,2024-11,False
1610,2024-11,2024-12,False
1611,2023-12,2024-01,False
1611,2024-01,2024-02,False
1611,2024-02,2024-03,False
1611,2024-03,2024-04,False
1611,2024-04,2024-05,False
1611,2024-05,2024-06,False
1611,2024-06,2024-07,False
1611,2024-07,2024-08,False
1611,2024-08,2024-09,False
1611,2024-09,2024-10,False
1611,2024-10,2024-11,False
1611,2024-11,2024-12,False
1612,2023-12,2024-01,False
1612,2024-01,2024-02,False
1612,2024-02,2024-03,False
1612,2024-03,2024-04,False
1612,2024-04,2024-05,False
1612,2024-05,2024-06,False
1612,2024-06,2024-07,False
1612,2024-07,2024-08,False
1612,2024-08,2024-09,False
1612,2024-09,2024-10,False
1612,2024-10,2024-11,False
1612,2024-11,2024-12,False
1613,2023-12,2024-01,False
1613,2024-01,2024-02,False
1613,2024-02,2024-03,False
1613,2024-03,2024-04,False
1613,2024-04,2024-05,False
1613,2024-05,2024-06,False
1613,2024-06,2024-07,False
1613,2024-07,2024-08,False
1613,2024-08,2024-09,False
1613,2024-09,2024-10,False
1613,2024-10,2024-11,False
1613,2024-11,2024-12,False
1614,2023-12,2024-01,False
1614,2024-01,2024-02,False
1614,2024-02,2024-03,False
1614,2024-03,2024-04,False
1614,2024-04,2024-05,False
1614,2024-05,2024-06,False
1614,2024-06,2024-07,False
1614,2024-07,2024-08,False
1614,2024-08,2024-09,False
1614,2024-09,2024-10,False
1614,2024-10,2024-11,False
1614,2024-11,2024-12,False
1615,2023-12,2024-01,False
1615,2024-01,2024-02,False
1615,2024-02,2024-03,False
1615,2024-03,2024-04,False
1615,2024-04,2024-05,False
1615,2024-05,2024-06,False
1615,2024-06,2024-07,False
1615,2024-07,2024-08,False
1615,2024-08,2024-09,False
1615,2024-09,2024-10,False
1615,2024-10,2024-11,False
1615,2024-11,2024-12,False
1616,2023-12,2024-01,False
1616,2024-01,2024-02,False
1616,2024-02,2024-03,False
1616,2024-03,2024-04,False
1616,2024-04,2024-05,False
1616,2024-05,2024-06,False
1616,2024-06,2024-07,False
1616,2024-07,2024-08,False
1616,2024-08,2024-09,False
1616,2024-09,2024-10,False
1616,2024-10,2024-11,False
1616,2024-11,2024-12,False
1617,2023-12,2024-01,False
1617,2024-01,2024-02,False
1617,2024-02,2024-03,False
1617,2024-03,2024-04,False
1617,2024-04,2024-05,False
1617,2024-05,2024-06,False
1617,2024-06,2024-07,False
1617,2024-07,2024-08,False
1617,2024-08,2024-09,False
1617,2024-09,2024-10,False
1617,2024-10,2024-11,False
1617,2024-11,2024-12,False
1618,2023-12,2024-01,False
1618,2024-01,2024-02,False
1618,2024-02,2024-03,False
1618,2024-03,2024-04,False
1618,2024-04,2024-05,False
1618,2024-05,2024-06,False
1618,2024-06,2024-07,False
1618,2024-07,2024-08,False
1618,2024-08,2024-09,False
1618,2024-09,2024-10,False
1618,2024-10,2024-11,False
1618,2024-11,2024-12,False
1619,2023-12,2024-01,False
1619,2024-01,2024-02,False
1619,2024-02,2024-03,False
1619,2024-03,2024-04,False
1619,2024-04,2024-05,False
1619,2024-05,2024-06,False
1619,2024-06,2024-07,False
1619,2024-07,2024-08,False
1619,2024-08,2024-09,False
1619,2024-09,2024-10,False
1619,2024-10,2024-11,False
1619,2024-11,2024-12,False
1620,2023-12,2024-01,False
1620,2024-01,2024-02,False
1620,2024-02,2024-03,False
1620,2024-03,2024-04,False
1620,2024-04,2024-05,False
1620,2024-05,2024-06,False
1620,2024-06,2024-07,False
1620,2024-07,2024-08,False
1620,2024-08,2024-09,False
1620,2024-09,2024-10,False
1620,2024-10,2024-11,False
1620,2024-11,2024-12,False
1621,2023-12,2024-01,False
1621,2024-01,2024-02,False
1621,2024-02,2024-03,False
1621,2024-03,2024-04,False
1621,2024-04,2024-05,False
1621,2024-05,2024-06,False
1621,2024-06,2024-07,False
1621,2024-07,2024-08,False
1621,2024-08,2024-09,False
1621,2024-09,2024-10,False
1621,2024-10,2024-11,False
1621,2024-11,2024-12,False
1622,2023-12,2024-01,False
1622,2024-01,2024-02,False
1622,2024-02,2024-03,False
1622,2024-03,2024-04,False
1622,2024-04,2024-05,False
1622,2024-05,2024-06,False
1622,2024-06,2024-07,False
1622,2024-07,2024-08,False
1622,2024-08,2024-09,False
1622,2024-09,2024-10,False
1622,2024-10,2024-11,False
1622,2024-11,2024-12,False
1623,2023-12,2024-01,False
1623,2024-01,2024-02,False
1623,2024-02,2024-03,False
1623,2024-03,2024-04,False
1623,2024-04,2024-05,False
1623,2024-05,2024-06,False
1623,2024-06,2024-07,False
1623,2024-07,2024-08,False
1623,2024-08,2024-09,False
1623,2024-09,2024-10,False
1623,2024-10,2024-11,False
1623,2024-11,2024-12,False
1624,2023-12,2024-01,False
1624,2024-01,2024-02,False
1624,2024-02,2024-03,False
1624,2024-03,2024-04,False
1624,2024-04,2024-05,False
1624,2024-05,2024-06,False
1624,2024-06,2024-07,False
1624,2024-07,2024-08,False
1624,2024-08,2024-09,False
1624,2024-09,2024-10,False
1624,2024-10,2024-11,False
1624,2024-11,2024-12,False
1625,2023-12,2024-01,False
1625,2024-01,2024-02,False
1625,2024-02,2024-03,False
1625,2024-03,2024-04,False
1625,2024-04,2024-05,False
1625,2024-05,2024-06,False
1625,2024-06,2024-07,False
1625,2024-07,2024-08,False
1625,2024-08,2024-09,False
1625,2024-09,2024-10,False
1625,2024-10,2024-11,False
1625,2024-11,2024-12,False
1626,2023-12,2024-01,False
1626,2024-01,2024-02,False
1626,2024-02,2024-03,False
1626,2024-03,2024-04,False
1626,2024-04,2024-05,False
1626,2024-05,2024-06,False
1626,2024-06,2024-07,False
1626,2024-07,2024-08,False
1626,2024-08,2024-09,False
1626,2024-09,2024-10,False
1626,2024-10,2024-11,False
1626,2024-11,2024-12,False
1627,2023-12,2024-01,False
1627,2024-01,2024-02,False
1627,2024-02,2024-03,False
1627,2024-03,2024-04,False
1627,2024-04,2024-05,False
1627,2024-05,2024-06,False
1627,2024-06,2024-07,False
1627,2024-07,2024-08,False
1627,2024-08,2024-09,False
1627,2024-09,2024-10,False
1627,2024-10,2024-11,False
1627,2024-11,2024-12,False
1628,2023-12,2024-01,False
1628,2024-01,2024-02,False
1628,2024-02,2024-03,False
1628,2024-03,2024-04,False
1628,2024-04,2024-05,False
1628,2024-05,2024-06,False
1628,2024-06,2024-07,False
1628,2024-07,2024-08,False
1628,2024-08,2024-09,False
1628,2024-09,2024-10,False
1628,2024-10,2024-11,False
1628,2024-11,2024-12,False
1629,2023-12,2024-01,False
1629,2024-01,2024-02,False
1629,2024-02,2024-03,False
1629,2024-03,2024-04,False
1629,2024-04,2024-05,False
1629,2024-05,2024-06,False
1629,2024-06,2024-07,False
1629,2024-07,2024-08,False
1629,2024-08,2024-09,False
1629,2024-09,2024-10,False
1629,2024-10,2024-11,False
1629,2024-11,2024-12,False
1630,2023-12,2024-01,False
1630,2024-01,2024-02,False
1630,2024-02,2024-03,False
1630,2024-03,2024-04,False
1630,2024-04,2024-05,False
1630,2024-05,2024-06,False
1630,2024-06,2024-07,False
1630,2024-07,2024-08,False
1630,2024-08,2024-09,False
1630,2024-09,2024-10,False
1630,2024-10,2024-11,False
1630,2024-11,2024-12,False
1631,2023-12,2024-01,False
1631,2024-01,2024-02,False
1631,2024-02,2024-03,False
1631,2024-03,2024-04,False
1631,2024-04,2024-05,False
1631,2024-05,2024-06,False
1631,2024-06,2024-07,False
1631,2024-07,2024-08,False
1631,2024-08,2024-09,False
1631,2024-09,2024-10,False
1631,2024-10,2024-11,False
1631,2024-11,2024-12,False
1632,2023-12,2024-01,False
1632,2024-01,2024-02,False
1632,2024-02,2024-03,False
1632,2024-03,2024-04,False
1632,2024-04,2024-05,False
1632,2024-05,2024-06,False
1632,2024-06,2024-07,False
1632,2024-07,2024-08,False
1632,2024-08,2024-09,False
1632,2024-09,2024-10,False
1632,2024-10,2024-11,False
1632,2024-11,2024-12,False
1633,2023-12,2024-01,False
1633,2024-01,2024-02,False
1633,2024-02,2024-03,False
1633,2024-03,2024-04,False
1633,2024-04,2024-05,False
1633,2024-05,2024-06,False
1633,2024-06,2024-07,False
1633,2024-07,2024-08,False
1633,2024-08,2024-09,False
1633,2024-09,2024-10,False
1633,2024-10,2024-11,False
1633,2024-11,2024-12,False
1634,2023-12,2024-01,False
1634,2024-01,2024-02,False
1634,2024-02,2024-03,False
1634,2024-03,2024-04,False
1634,2024-04,2024-05,False
1634,2024-05,2024-06,False
1634,2024-06,2024-07,False
1634,2024-07,2024-08,False
1634,2024-08,2024-09,False
1634,2024-09,2024-10,False
1634,2024-10,2024-11,False
1634,2024-11,2024-12,False
1635,2023-12,2024-01,False
1635,2024-01,2024-02,False
1635,2024-02,2024-03,False
1635,2024-03,2024-04,False
1635,2024-04,2024-05,False
1635,2024-05,2024-06,False
1635,2024-06,2024-07,False
1635,2024-07,2024-08,False
1635,2024-08,2024-09,False
1635,2024-09,2024-10,False
1635,2024-10,2024-11,False
1635,2024-11,2024-12,False
1636,2023-12,2024-01,False
1636,2024-01,2024-02,False
1636,2024-02,2024-03,False
1636,2024-03,2024-04,False
1636,2024-04,2024-05,False
1636,2024-05,2024-06,False
1636,2024-06,2024-07,False
1636,2024-07,2024-08,False
1636,2024-08,2024-09,False
1636,2024-09,2024-10,False
1636,2024-10,2024-11,False
1636,2024-11,2024-12,False
1637,2023-12,2024-01,False
1637,2024-01,2024-02,False
1637,2024-02,2024-03,False
1637,2024-03,2024-04,False
1637,2024-04,2024-05,False
1637,2024-05,2024-06,False
1637,2024-06,2024-07,False
1637,2024-07,2024-08,False
1637,2024-08,2024-09,False
1637,2024-09,2024-10,False
1637,2024-10,2024-11,False
1637,2024-11,2024-12,False
1638,2023-12,2024-01,False
1638,2024-01,2024-02,False
1638,2024-02,2024-03,False
1638,2024-03,2024-04,False
1638,2024-04,2024-05,False
1638,2024-05,2024-06,False
1638,2024-06,2024-07,False
1638,2024-07,2024-08,False
1638,2024-08,2024-09,False
1638,2024-09,2024-10,False
1638,2024-10,2024-11,False
1638,2024-11,2024-12,False
1639,2023-12,2024-01,False
1639,2024-01,2024-02,False
1639,2024-02,2024-03,False
1639,2024-03,2024-04,False
1639,2024-04,2024-05,False
1639,2024-05,2024-06,False
1639,2024-06,2024-07,False
1639,2024-07,2024-08,False
1639,2024-08,2024-09,False
1639,2024-09,2024-10,False
1639,2024-10,2024-11,False
1639,2024-11,2024-12,False
1640,2023-12,2024-01,False
1640,2024-01,2024-02,False
1640,2024-02,2024-03,False
1640,2024-03,2024-04,False
1640,2024-04,2024-05,False
1640,2024-05,2024-06,False
1640,2024-06,2024-07,False
1640,2024-07,2024-08,False
1640,2024-08,2024-09,False
1640,2024-09,2024-10,False
1640,2024-10,2024-11,False
1640,2024-11,2024-12,False
1641,2023-12,2024-01,False
1641,2024-01,2024-02,False
1641,2024-02,2024-03,False
1641,2024-03,2024-04,False
1641,2024-04,2024-05,False
1641,2024-05,2024-06,False
1641,2024-06,2024-07,False
1641,2024-07,2024-08,False
1641,2024-08,2024-09,False
1641,2024-09,2024-10,False
1641,2024-10,2024-11,False
1641,2024-11,2024-12,False
1642,2023-12,2024-01,False
1642,2024-01,2024-02,False
1642,2024-02,2024-03,False
1642,2024-03,2024-04,False
1642,2024-04,2024-05,False
1642,2024-05,2024-06,False
1642,2024-06,2024-07,False
1642,2024-07,2024-08,False
1642,2024-08,2024-09,False
1642,2024-09,2024-10,False
1642,2024-10,2024-11,False
1642,2024-11,2024-12,False
1643,2023-12,2024-01,False
1643,2024-01,2024-02,False
1643,2024-02,2024-03,False
1643,2024-03,2024-04,False
1643,2024-04,2024-05,False
1643,2024-05,2024-06,False
1643,2024-06,2024-07,False
1643,2024-07,2024-08,False
1643,2024-08,2024-09,False
1643,2024-09,2024-10,False
1643,2024-10,2024-11,False
1643,2024-11,2024-12,False
1644,2023-12,2024-01,False
1644,2024-01,2024-02,False
1644,2024-02,2024-03,False
1644,2024-03,2024-04,False
1644,2024-04,2024-05,False
1644,2024-05,2024-06,False
1644,2024-06,2024-07,False
1644,2024-07,2024-08,False
1644,2024-08,2024-09,False
1644,2024-09,2024-10,False
1644,2024-10,2024-11,False
1644,2024-11,2024-12,False
1645,2023-12,2024-01,False
1645,2024-01,2024-02,False
1645,2024-02,2024-03,False
1645,2024-03,2024-04,False
1645,2024-04,2024-05,False
1645,2024-05,2024-06,False
1645,2024-06,2024-07,False
1645,2024-07,2024-08,False
1645,2024-08,2024-09,False
1645,2024-09,2024-10,False
1645,2024-10,2024-11,False
1645,2024-11,2024-12,False
1646,2023-12,2024-01,False
1646,2024-01,2024-02,False
1646,2024-02,2024-03,False
1646,2024-03,2024-04,False
1646,2024-04,2024-05,False
1646,2024-05,2024-06,False
1646,2024-06,2024-07,False
1646,2024-07,2024-08,False
1646,2024-08,2024-09,False
1646,2024-09,2024-10,False
1646,2024-10,2024-11,False
1646,2024-11,2024-12,False
1647,2023-12,2024-01,False
1647,2024-01,2024-02,False
1647,2024-02,2024-03,False
1647,2024-03,2024-04,False
1647,2024-04,2024-05,False
1647,2024-05,2024-06,False
1647,2024-06,2024-07,False
1647,2024-07,2024-08,False
1647,2024-08,2024-09,False
1647,2024-09,2024-10,False
1647,2024-10,2024-11,False
1647,2024-11,2024-12,False
1648,2023-12,2024-01,False
1648,2024-01,2024-02,False
1648,2024-02,2024-03,False
1648,2024-03,2024-04,False
1648,2024-04,2024-05,False
1648,2024-05,2024-06,False
1648,2024-06,2024-07,False
1648,2024-07,2024-08,False
1648,2024-08,2024-09,False
1648,2024-09,2024-10,False
1648,2024-10,2024-11,False
1648,2024-11,2024-12,False
1649,2023-12,2024-01,False
1649,2024-01,2024-02,False
1649,2024-02,2024-03,False
1649,2024-03,2024-04,False
1649,2024-04,2024-05,False
1649,2024-05,2024-06,False
1649,2024-06,2024-07,False
1649,2024-07,2024-08,False
1649,2024-08,2024-09,False
1649,2024-09,2024-10,False
1649,2024-10,2024-11,False
1649,2024-11,2024-12,False
1650,2023-12,2024-01,False
1650,2024-01,2024-02,False
1650,2024-02,2024-03,False
1650,2024-03,2024-04,False
1650,2024-04,2024-05,False
1650,2024-05,2024-06,False
1650,2024-06,2024-07,False
1650,2024-07,2024-08,False
1650,2024-08,2024-09,False
1650,2024-09,2024-10,False
1650,2024-10,2024-11,False
1650,2024-11,2024-12,False
1651,2023-12,2024-01,False
1651,2024-01,2024-02,False
1651,2024-02,2024-03,False
1651,2024-03,2024-04,False
1651,2024-04,2024-05,False
1651,2024-05,2024-06,False
1651,2024-06,2024-07,False
1651,2024-07,2024-08,False
1651,2024-08,2024-09,False
1651,2024-09,2024-10,False
1651,2024-10,2024-11,False
1651,2024-11,2024-12,False
1652,2023-12,2024-01,False
1652,2024-01,2024-02,False
1652,2024-02,2024-03,False
1652,2024-03,2024-04,False
1652,2024-04,2024-05,False
1652,2024-05,2024-06,False
1652,2024-06,2024-07,False
1652,2024-07,2024-08,False
1652,2024-08,2024-09,False
1652,2024-09,2024-10,False
1652,2024-10,2024-11,False
1652,2024-11,2024-12,False
1653,2023-12,2024-01,False
1653,2024-01,2024-02,False
1653,2024-02,2024-03,False
1653,2024-03,2024-04,False
1653,2024-04,2024-05,False
1653,2024-05,2024-06,False
1653,2024-06,2024-07,False
1653,2024-07,2024-08,False
1653,2024-08,2024-09,False
1653,2024-09,2024-10,False
1653,2024-10,2024-11,False
1653,2024-11,2024-12,False
1654,2023-12,2024-01,False
1654,2024-01,2024-02,False
1654,2024-02,2024-03,False
1654,2024-03,2024-04,False
1654,2024-04,2024-05,False
1654,2024-05,2024-06,False
1654,2024-06,2024-07,False
1654,2024-07,2024-08,False
1654,2024-08,2024-09,False
1654,2024-09,2024-10,False
1654,2024-10,2024-11,False
1654,2024-11,2024-12,False
1655,2023-12,2024-01,False
1655,2024-01,2024-02,False
1655,2024-02,2024-03,False
1655,2024-03,2024-04,False
1655,2024-04,2024-05,False
1655,2024-05,2024-06,False
1655,2024-06,2024-07,False
1655,2024-07,2024-08,False
1655,2024-08,2024-09,False
1655,2024-09,2024-10,False
1655,2024-10,2024-11,False
1655,2024-11,2024-12,False
1656,2023-12,2024-01,False
1656,2024-01,2024-02,False
1656,2024-02,2024-03,False
1656,2024-03,2024-04,False
1656,2024-04,2024-05,False
1656,2024-05,2024-06,False
1656,2024-06,2024-07,False
1656,2024-07,2024-08,False
1656,2024-08,2024-09,False
1656,2024-09,2024-10,False
1656,2024-10,2024-11,False
1656,2024-11,2024-12,False
1657,2023-12,2024-01,False
1657,2024-01,2024-02,False
1657,2024-02,2024-03,False
1657,2024-03,2024-04,False
1657,2024-04,2024-05,False
1657,2024-05,2024-06,False
1657,2024-06,2024-07,False
1657,2024-07,2024-08,False
1657,2024-08,2024-09,False
1657,2024-09,2024-10,False
1657,2024-10,2024-11,False
1657,2024-11,2024-12,False
1658,2023-12,2024-01,False
1658,2024-01,2024-02,False
1658,2024-02,2024-03,False
1658,2024-03,2024-04,False
1658,2024-04,2024-05,False
1658,2024-05,2024-06,False
1658,2024-06,2024-07,False
1658,2024-07,2024-08,False
1658,2024-08,2024-09,False
1658,2024-09,2024-10,False
1658,2024-10,2024-11,False
1658,2024-11,2024-12,False
1659,2023-12,2024-01,False
1659,2024-01,2024-02,False
1659,2024-02,2024-03,False
1659,2024-03,2024-04,False
1659,2024-04,2024-05,False
1659,2024-05,2024-06,False
1659,2024-06,2024-07,False
1659,2024-07,2024-08,False
1659,2024-08,2024-09,False
1659,2024-09,2024-10,False
1659,2024-10,2024-11,False
1659,2024-11,2024-12,False
1660,2023-12,2024-01,False
1660,2024-01,2024-02,False
1660,2024-02,2024-03,False
1660,2024-03,2024-04,False
1660,2024-04,2024-05,False
1660,2024-05,2024-06,False
1660,2024-06,2024-07,False
1660,2024-07,2024-08,False
1660,2024-08,2024-09,False
1660,2024-09,2024-10,False
1660,2024-10,2024-11,False
1660,2024-11,2024-12,False
1661,2023-12,2024-01,False
1661,2024-01,2024-02,False
1661,2024-02,2024-03,False
1661,2024-03,2024-04,False
1661,2024-04,2024-05,False
1661,2024-05,2024-06,False
1661,2024-06,2024-07,False
1661,2024-07,2024-08,False
1661,2024-08,2024-09,False
1661,2024-09,2024-10,False
1661,2024-10,2024-11,False
1661,2024-11,2024-12,False
1662,2023-12,2024-01,False
1662,2024-01,2024-02,False
1662,2024-02,2024-03,False
1662,2024-03,2024-04,False
1662,2024-04,2024-05,False
1662,2024-05,2024-06,False
1662,2024-06,2024-07,False
1662,2024-07,2024-08,False
1662,2024-08,2024-09,False
1662,2024-09,2024-10,False
1662,2024-10,2024-11,False
1662,2024-11,2024-12,False
1663,2023-12,2024-01,False
1663,2024-01,2024-02,False
1663,2024-02,2024-03,False
1663,2024-03,2024-04,False
1663,2024-04,2024-05,False
1663,2024-05,2024-06,False
1663,2024-06,2024-07,False
1663,2024-07,2024-08,False
1663,2024-08,2024-09,False
1663,2024-09,2024-10,False
1663,2024-10,2024-11,False
1663,2024-11,2024-12,False
1664,2023-12,2024-01,False
1664,2024-01,2024-02,False
1664,2024-02,2024-03,False
1664,2024-03,2024-04,False
1664,2024-04,2024-05,False
1664,2024-05,2024-06,False
1664,2024-06,2024-07,False
1664,2024-07,2024-08,False
1664,2024-08,2024-09,False
1664,2024-09,2024-10,False
1664,2024-10,2024-11,False
1664,2024-11,2024-12,False
1665,2023-12,2024-01,False
1665,2024-01,2024-02,False
1665,2024-02,2024-03,False
1665,2024-03,2024-04,False
1665,2024-04,2024-05,True
1665,2024-05,2024-06,True
1665,2024-06,2024-07,False
1665,2024-07,2024-08,False
1665,2024-08,2024-09,False
1665,2024-09,2024-10,False
1665,2024-10,2024-11,False
1665,2024-11,2024-12,False
1666,2023-12,2024-01,False
1666,2024-01,2024-02,False
1666,2024-02,2024-03,False
1666,2024-03,2024-04,False
1666,2024-04,2024-05,False
1666,2024-05,2024-06,False
1666,2024-06,2024-07,False
1666,2024-07,2024-08,False
1666,2024-08,2024-09,False
1666,2024-09,2024-10,False
1666,2024-10,2024-11,False
1666,2024-11,2024-12,False
1667,2023-12,2024-01,False
1667,2024-01,2024-02,False
1667,2024-02,2024-03,False
1667,2024-03,2024-04,False
1667,2024-04,2024-05,False
1667,2024-05,2024-06,False
1667,2024-06,2024-07,False
1667,2024-07,2024-08,False
1667,2024-08,2024-09,False
1667,2024-09,2024-10,False
1667,2024-10,2024-11,False
1667,2024-11,2024-12,False
1668,2023-12,2024-01,False
1668,2024-01,2024-02,False
1668,2024-02,2024-03,False
1668,2024-03,2024-04,False
1668,2024-04,2024-05,False
1668,2024-05,2024-06,False
1668,2024-06,2024-07,False
1668,2024-07,2024-08,False
1668,2024-08,2024-09,False
1668,2024-09,2024-10,False
1668,2024-10,2024-11,False
1668,2024-11,2024-12,False
1669,2023-12,2024-01,False
1669,2024-01,2024-02,False
1669,2024-02,2024-03,False
1669,2024-03,2024-04,False
1669,2024-04,2024-05,False
1669,2024-05,2024-06,False
1669,2024-06,2024-07,False
1669,2024-07,2024-08,False
1669,2024-08,2024-09,False
1669,2024-09,2024-10,False
1669,2024-10,2024-11,False
1669,2024-11,2024-12,False
1670,2023-12,2024-01,False
1670,2024-01,2024-02,False
1670,2024-02,2024-03,False
1670,2024-03,2024-04,False
1670,2024-04,2024-05,False
1670,2024-05,2024-06,False
1670,2024-06,2024-07,False
1670,2024-07,2024-08,False
1670,2024-08,2024-09,False
1670,2024-09,2024-10,False
1670,2024-10,2024-11,False
1670,2024-11,2024-12,False
1671,2023-12,2024-01,False
1671,2024-01,2024-02,False
1671,2024-02,2024-03,False
1671,2024-03,2024-04,False
1671,2024-04,2024-05,False
1671,2024-05,2024-06,False
1671,2024-06,2024-07,False
1671,2024-07,2024-08,False
1671,2024-08,2024-09,False
1671,2024-09,2024-10,False
1671,2024-10,2024-11,False
1671,2024-11,2024-12,False
1672,2023-12,2024-01,False
1672,2024-01,2024-02,False
1672,2024-02,2024-03,False
1672,2024-03,2024-04,False
1672,2024-04,2024-05,False
1672,2024-05,2024-06,False
1672,2024-06,2024-07,False
1672,2024-07,2024-08,False
1672,2024-08,2024-09,False
1672,2024-09,2024-10,False
1672,2024-10,2024-11,False
1672,2024-11,2024-12,False
1673,2023-12,2024-01,False
1673,2024-01,2024-02,False
1673,2024-02,2024-03,False
1673,2024-03,2024-04,False
1673,2024-04,2024-05,True
1673,2024-05,2024-06,True
1673,2024-06,2024-07,False
1673,2024-07,2024-08,False
1673,2024-08,2024-09,False
1673,2024-09,2024-10,False
1673,2024-10,2024-11,False
1673,2024-11,2024-12,False
1674,2023-12,2024-01,False
1674,2024-01,2024-02,False
1674,2024-02,2024-03,False
1674,2024-03,2024-04,False
1674,2024-04,2024-05,False
1674,2024-05,2024-06,False
1674,2024-06,2024-07,False
1674,2024-07,2024-08,False
1674,2024-08,2024-09,False
1674,2024-09,2024-10,False
1674,2024-10,2024-11,False
1674,2024-11,2024-12,False
1675,2023-12,2024-01,False
1675,2024-01,2024-02,False
1675,2024-02,2024-03,False
1675,2024-03,2024-04,False
1675,2024-04,2024-05,False
1675,2024-05,2024-06,False
1675,2024-06,2024-07,False
1675,2024-07,2024-08,False
1675,2024-08,2024-09,False
1675,2024-09,2024-10,False
1675,2024-10,2024-11,False
1675,2024-11,2024-12,False
1676,2023-12,2024-01,False
1676,2024-01,2024-02,False
1676,2024-02,2024-03,False
1676,2024-03,2024-04,False
1676,2024-04,2024-05,False
1676,2024-05,2024-06,False
1676,2024-06,2024-07,False
1676,2024-07,2024-08,False
1676,2024-08,2024-09,False
1676,2024-09,2024-10,False
1676,2024-10,2024-11,False
1676,2024-11,2024-12,False
1678,2023-12,2024-01,False
1678,2024-01,2024-02,False
1678,2024-02,2024-03,False
1678,2024-03,2024-04,False
1678,2024-04,2024-05,False
1678,2024-05,2024-06,False
1678,2024-06,2024-07,False
1678,2024-07,2024-08,False
1678,2024-08,2024-09,False
1678,2024-09,2024-10,False
1678,2024-10,2024-11,False
1678,2024-11,2024-12,False
1679,2023-12,2024-01,False
1679,2024-01,2024-02,False
1679,2024-02,2024-03,False
1679,2024-03,2024-04,False
1679,2024-04,2024-05,False
1679,2024-05,2024-06,False
1679,2024-06,2024-07,False
1679,2024-07,2024-08,False
1679,2024-08,2024-09,False
1679,2024-09,2024-10,False
1679,2024-10,2024-11,False
1679,2024-11,2024-12,False
1680,2023-12,2024-01,False
1680,2024-01,2024-02,False
1680,2024-02,2024-03,False
1680,2024-03,2024-04,False
1680,2024-04,2024-05,False
1680,2024-05,2024-06,False
1680,2024-06,2024-07,False
1680,2024-07,2024-08,False
1680,2024-08,2024-09,False
1680,2024-09,2024-10,False
1680,2024-10,2024-11,False
1680,2024-11,2024-12,False
1681,2023-12,2024-01,False
1681,2024-01,2024-02,False
1681,2024-02,2024-03,False
1681,2024-03,2024-04,False
1681,2024-04,2024-05,False
1681,2024-05,2024-06,False
1681,2024-06,2024-07,False
1681,2024-07,2024-08,False
1681,2024-08,2024-09,False
1681,2024-09,2024-10,False
1681,2024-10,2024-11,False
1681,2024-11,2024-12,False
1682,2023-12,2024-01,False
1682,2024-01,2024-02,False
1682,2024-02,2024-03,False
1682,2024-03,2024-04,False
1682,2024-04,2024-05,False
1682,2024-05,2024-06,False
1682,2024-06,2024-07,False
1682,2024-07,2024-08,False
1682,2024-08,2024-09,False
1682,2024-09,2024-10,False
1682,2024-10,2024-11,False
1682,2024-11,2024-12,False
1683,2023-12,2024-01,False
1683,2024-01,2024-02,False
1683,2024-02,2024-03,False
1683,2024-03,2024-04,False
1683,2024-04,2024-05,False
1683,2024-05,2024-06,False
1683,2024-06,2024-07,False
1683,2024-07,2024-08,False
1683,2024-08,2024-09,False
1683,2024-09,2024-10,False
1683,2024-10,2024-11,False
1683,2024-11,2024-12,False
1685,2023-12,2024-01,False
1685,2024-01,2024-02,False
1685,2024-02,2024-03,False
1685,2024-03,2024-04,False
1685,2024-04,2024-05,False
1685,2024-05,2024-06,False
1685,2024-06,2024-07,False
1685,2024-07,2024-08,False
1685,2024-08,2024-09,False
1685,2024-09,2024-10,False
1685,2024-10,2024-11,False
1685,2024-11,2024-12,False
1686,2023-12,2024-01,False
1686,2024-01,2024-02,False
1686,2024-02,2024-03,False
1686,2024-03,2024-04,False
1686,2024-04,2024-05,False
1686,2024-05,2024-06,False
1686,2024-06,2024-07,False
1686,2024-07,2024-08,False
1686,2024-08,2024-09,False
1686,2024-09,2024-10,False
1686,2024-10,2024-11,False
1686,2024-11,2024-12,False
1687,2023-12,2024-01,False
1687,2024-01,2024-02,False
1687,2024-02,2024-03,False
1687,2024-03,2024-04,False
1687,2024-04,2024-05,True
1687,2024-05,2024-06,True
1687,2024-06,2024-07,False
1687,2024-07,2024-08,False
1687,2024-08,2024-09,False
1687,2024-09,2024-10,False
1687,2024-10,2024-11,False
1687,2024-11,2024-12,False
1688,2023-12,2024-01,False
1688,2024-01,2024-02,False
1688,2024-02,2024-03,False
1688,2024-03,2024-04,False
1688,2024-04,2024-05,False
1688,2024-05,2024-06,False
1688,2024-06,2024-07,False
1688,2024-07,2024-08,False
1688,2024-08,2024-09,False
1688,2024-09,2024-10,False
1688,2024-10,2024-11,False
1688,2024-11,2024-12,False
1689,2023-12,2024-01,False
1689,2024-01,2024-02,False
1689,2024-02,2024-03,False
1689,2024-03,2024-04,False
1689,2024-04,2024-05,False
1689,2024-05,2024-06,False
1689,2024-06,2024-07,False
1689,2024-07,2024-08,False
1689,2024-08,2024-09,False
1689,2024-09,2024-10,False
1689,2024-10,2024-11,False
1689,2024-11,2024-12,False
1690,2023-12,2024-01,False
1690,2024-01,2024-02,False
1690,2024-02,2024-03,False
1690,2024-03,2024-04,False
1690,2024-04,2024-05,False
1690,2024-05,2024-06,False
1690,2024-06,2024-07,False
1690,2024-07,2024-08,False
1690,2024-08,2024-09,False
1690,2024-09,2024-10,False
1690,2024-10,2024-11,False
1690,2024-11,2024-12,False
1691,2023-12,2024-01,False
1691,2024-01,2024-02,False
1691,2024-02,2024-03,False
1691,2024-03,2024-04,False
1691,2024-04,2024-05,False
1691,2024-05,2024-06,False
1691,2024-06,2024-07,False
1691,2024-07,2024-08,False
1691,2024-08,2024-09,False
1691,2024-09,2024-10,False
1691,2024-10,2024-11,False
1691,2024-11,2024-12,False
1692,2023-12,2024-01,False
1692,2024-01,2024-02,False
1692,2024-02,2024-03,False
1692,2024-03,2024-04,False
1692,2024-04,2024-05,False
1692,2024-05,2024-06,False
1692,2024-06,2024-07,False
1692,2024-07,2024-08,False
1692,2024-08,2024-09,False
1692,2024-09,2024-10,False
1692,2024-10,2024-11,False
1692,2024-11,2024-12,False
1693,2023-12,2024-01,False
1693,2024-01,2024-02,False
1693,2024-02,2024-03,False
1693,2024-03,2024-04,False
1693,2024-04,2024-05,False
1693,2024-05,2024-06,False
1693,2024-06,2024-07,False
1693,2024-07,2024-08,False
1693,2024-08,2024-09,False
1693,2024-09,2024-10,False
1693,2024-10,2024-11,False
1693,2024-11,2024-12,False
1694,2023-12,2024-01,False
1694,2024-01,2024-02,False
1694,2024-02,2024-03,False
1694,2024-03,2024-04,False
1694,2024-04,2024-05,False
1694,2024-05,2024-06,False
1694,2024-06,2024-07,False
1694,2024-07,2024-08,False
1694,2024-08,2024-09,False
1694,2024-09,2024-10,False
1694,2024-10,2024-11,False
1694,2024-11,2024-12,False
1696,2023-12,2024-01,False
1696,2024-01,2024-02,False
1696,2024-02,2024-03,False
1696,2024-03,2024-04,False
1696,2024-04,2024-05,False
1696,2024-05,2024-06,False
1696,2024-06,2024-07,False
1696,2024-07,2024-08,False
1696,2024-08,2024-09,False
1696,2024-09,2024-10,False
1696,2024-10,2024-11,False
1696,2024-11,2024-12,False
1697,2023-12,2024-01,False
1697,2024-01,2024-02,False
1697,2024-02,2024-03,False
1697,2024-03,2024-04,False
1697,2024-04,2024-05,False
1697,2024-05,2024-06,False
1697,2024-06,2024-07,False
1697,2024-07,2024-08,False
1697,2024-08,2024-09,False
1697,2024-09,2024-10,False
1697,2024-10,2024-11,False
1697,2024-11,2024-12,False
1698,2023-12,2024-01,False
1698,2024-01,2024-02,False
1698,2024-02,2024-03,False
1698,2024-03,2024-04,False
1698,2024-04,2024-05,False
1698,2024-05,2024-06,False
1698,2024-06,2024-07,False
1698,2024-07,2024-08,False
1698,2024-08,2024-09,False
1698,2024-09,2024-10,False
1698,2024-10,2024-11,False
1698,2024-11,2024-12,False
1699,2023-12,2024-01,False
1699,2024-01,2024-02,False
1699,2024-02,2024-03,False
1699,2024-03,2024-04,False
1699,2024-04,2024-05,False
1699,2024-05,2024-06,False
1699,2024-06,2024-07,False
1699,2024-07,2024-08,False
1699,2024-08,2024-09,False
1699,2024-09,2024-10,False
1699,2024-10,2024-11,False
1699,2024-11,2024-12,False
1700,2023-12,2024-01,False
1700,2024-01,2024-02,False
1700,2024-02,2024-03,False
1700,2024-03,2024-04,False
1700,2024-04,2024-05,False
1700,2024-05,2024-06,False
1700,2024-06,2024-07,False
1700,2024-07,2024-08,False
1700,2024-08,2024-09,False
1700,2024-09,2024-10,False
1700,2024-10,2024-11,False
1700,2024-11,2024-12,False
1701,2023-12,2024-01,False
1701,2024-01,2024-02,False
1701,2024-02,2024-03,False
1701,2024-03,2024-04,False
1701,2024-04,2024-05,False
1701,2024-05,2024-06,False
1701,2024-06,2024-07,False
1701,2024-07,2024-08,False
1701,2024-08,2024-09,False
1701,2024-09,2024-10,False
1701,2024-10,2024-11,False
1701,2024-11,2024-12,False
1702,2023-12,2024-01,False
1702,2024-01,2024-02,False
1702,2024-02,2024-03,False
1702,2024-03,2024-04,False
1702,2024-04,2024-05,False
1702,2024-05,2024-06,False
1702,2024-06,2024-07,False
1702,2024-07,2024-08,False
1702,2024-08,2024-09,False
1702,2024-09,2024-10,False
1702,2024-10,2024-11,False
1702,2024-11,2024-12,False
1703,2023-12,2024-01,False
1703,2024-01,2024-02,False
1703,2024-02,2024-03,False
1703,2024-03,2024-04,False
1703,2024-04,2024-05,False
1703,2024-05,2024-06,False
1703,2024-06,2024-07,False
1703,2024-07,2024-08,False
1703,2024-08,2024-09,False
1703,2024-09,2024-10,False
1703,2024-10,2024-11,False
1703,2024-11,2024-12,False
1704,2023-12,2024-01,False
1704,2024-01,2024-02,False
1704,2024-02,2024-03,False
1704,2024-03,2024-04,False
1704,2024-04,2024-05,False
1704,2024-05,2024-06,False
1704,2024-06,2024-07,False
1704,2024-07,2024-08,False
1704,2024-08,2024-09,False
1704,2024-09,2024-10,False
1704,2024-10,2024-11,False
1704,2024-11,2024-12,False
1705,2023-12,2024-01,False
1705,2024-01,2024-02,False
1705,2024-02,2024-03,False
1705,2024-03,2024-04,False
1705,2024-04,2024-05,False
1705,2024-05,2024-06,False
1705,2024-06,2024-07,False
1705,2024-07,2024-08,False
1705,2024-08,2024-09,False
1705,2024-09,2024-10,False
1705,2024-10,2024-11,False
1705,2024-11,2024-12,False
1706,2023-12,2024-01,False
1706,2024-01,2024-02,False
1706,2024-02,2024-03,False
1706,2024-03,2024-04,False
1706,2024-04,2024-05,False
1706,2024-05,2024-06,False
1706,2024-06,2024-07,False
1706,2024-07,2024-08,False
1706,2024-08,2024-09,False
1706,2024-09,2024-10,False
1706,2024-10,2024-11,False
1706,2024-11,2024-12,False
1707,2023-12,2024-01,False
1707,2024-01,2024-02,False
1707,2024-02,2024-03,False
1707,2024-03,2024-04,False
1707,2024-04,2024-05,False
1707,2024-05,2024-06,False
1707,2024-06,2024-07,False
1707,2024-07,2024-08,False
1707,2024-08,2024-09,False
1707,2024-09,2024-10,False
1707,2024-10,2024-11,False
1707,2024-11,2024-12,False
1708,2023-12,2024-01,False
1708,2024-01,2024-02,False
1708,2024-02,2024-03,False
1708,2024-03,2024-04,False
1708,2024-04,2024-05,False
1708,2024-05,2024-06,False
1708,2024-06,2024-07,False
1708,2024-07,2024-08,False
1708,2024-08,2024-09,False
1708,2024-09,2024-10,False
1708,2024-10,2024-11,False
1708,2024-11,2024-12,False
1709,2023-12,2024-01,False
1709,2024-01,2024-02,False
1709,2024-02,2024-03,False
1709,2024-03,2024-04,False
1709,2024-04,2024-05,False
1709,2024-05,2024-06,False
1709,2024-06,2024-07,False
1709,2024-07,2024-08,False
1709,2024-08,2024-09,False
1709,2024-09,2024-10,False
1709,2024-10,2024-11,False
1709,2024-11,2024-12,False
1710,2023-12,2024-01,False
1710,2024-01,2024-02,False
1710,2024-02,2024-03,False
1710,2024-03,2024-04,False
1710,2024-04,2024-05,False
1710,2024-05,2024-06,False
1710,2024-06,2024-07,False
1710,2024-07,2024-08,False
1710,2024-08,2024-09,False
1710,2024-09,2024-10,False
1710,2024-10,2024-11,False
1710,2024-11,2024-12,False
1711,2023-12,2024-01,False
1711,2024-01,2024-02,False
1711,2024-02,2024-03,False
1711,2024-03,2024-04,False
1711,2024-04,2024-05,False
1711,2024-05,2024-06,False
1711,2024-06,2024-07,False
1711,2024-07,2024-08,False
1711,2024-08,2024-09,False
1711,2024-09,2024-10,False
1711,2024-10,2024-11,False
1711,2024-11,2024-12,False
1712,2023-12,2024-01,False
1712,2024-01,2024-02,False
1712,2024-02,2024-03,False
1712,2024-03,2024-04,False
1712,2024-04,2024-05,False
1712,2024-05,2024-06,False
1712,2024-06,2024-07,False
1712,2024-07,2024-08,False
1712,2024-08,2024-09,False
1712,2024-09,2024-10,False
1712,2024-10,2024-11,False
1712,2024-11,2024-12,False
1713,2023-12,2024-01,False
1713,2024-01,2024-02,False
1713,2024-02,2024-03,False
1713,2024-03,2024-04,False
1714,2023-12,2024-01,False
1714,2024-01,2024-02,False
1714,2024-02,2024-03,False
1714,2024-03,2024-04,False
1714,2024-04,2024-05,False
1714,2024-05,2024-06,False
1714,2024-06,2024-07,False
1714,2024-07,2024-08,False
1714,2024-08,2024-09,False
1714,2024-09,2024-10,False
1714,2024-10,2024-11,False
1714,2024-11,2024-12,False
1715,2023-12,2024-01,False
1715,2024-01,2024-02,False
1715,2024-02,2024-03,False
1715,2024-03,2024-04,False
1715,2024-04,2024-05,False
1715,2024-05,2024-06,False
1715,2024-06,2024-07,False
1715,2024-07,2024-08,False
1715,2024-08,2024-09,False
1715,2024-09,2024-10,False
1715,2024-10,2024-11,False
1715,2024-11,2024-12,False
1717,2023-12,2024-01,False
1717,2024-01,2024-02,False
1717,2024-02,2024-03,False
1717,2024-03,2024-04,False
1717,2024-04,2024-05,False
1717,2024-05,2024-06,False
1717,2024-06,2024-07,False
1717,2024-07,2024-08,False
1717,2024-08,2024-09,False
1717,2024-09,2024-10,False
1717,2024-10,2024-11,False
1717,2024-11,2024-12,False
1718,2023-12,2024-01,False
1718,2024-01,2024-02,False
1718,2024-02,2024-03,False
1718,2024-03,2024-04,False
1718,2024-04,2024-05,False
1718,2024-05,2024-06,False
1718,2024-06,2024-07,False
1718,2024-07,2024-08,False
1718,2024-08,2024-09,False
1718,2024-09,2024-10,False
1718,2024-10,2024-11,False
1718,2024-11,2024-12,False
1719,2023-12,2024-01,False
1719,2024-01,2024-02,False
1719,2024-02,2024-03,False
1719,2024-03,2024-04,False
1719,2024-04,2024-05,False
1719,2024-05,2024-06,False
1719,2024-06,2024-07,False
1719,2024-07,2024-08,False
1719,2024-08,2024-09,False
1719,2024-09,2024-10,False
1719,2024-10,2024-11,False
1719,2024-11,2024-12,False
1722,2023-12,2024-01,False
1722,2024-01,2024-02,False
1722,2024-02,2024-03,False
1722,2024-03,2024-04,False
1722,2024-04,2024-05,False
1722,2024-05,2024-06,False
1722,2024-06,2024-07,False
1722,2024-07,2024-08,False
1722,2024-08,2024-09,False
1722,2024-09,2024-10,False
1722,2024-10,2024-11,False
1722,2024-11,2024-12,False
1724,2023-12,2024-01,False
1724,2024-01,2024-02,False
1724,2024-02,2024-03,False
1724,2024-03,2024-04,False
1724,2024-04,2024-05,False
1724,2024-05,2024-06,False
1724,2024-06,2024-07,False
1724,2024-07,2024-08,False
1724,2024-08,2024-09,False
1724,2024-09,2024-10,False
1724,2024-10,2024-11,False
1724,2024-11,2024-12,False
1725,2023-12,2024-01,False
1725,2024-01,2024-02,False
1725,2024-02,2024-03,False
1725,2024-03,2024-04,False
1725,2024-04,2024-05,False
1725,2024-05,2024-06,False
1725,2024-06,2024-07,False
1725,2024-07,2024-08,False
1725,2024-08,2024-09,False
1725,2024-09,2024-10,False
1725,2024-10,2024-11,False
1725,2024-11,2024-12,False
1726,2023-12,2024-01,False
1726,2024-01,2024-02,False
1726,2024-02,2024-03,False
1726,2024-03,2024-04,False
1726,2024-04,2024-05,False
1726,2024-05,2024-06,False
1726,2024-06,2024-07,False
1726,2024-07,2024-08,False
1726,2024-08,2024-09,False
1726,2024-09,2024-10,False
1726,2024-10,2024-11,False
1726,2024-11,2024-12,False
1727,2023-12,2024-01,False
1727,2024-01,2024-02,False
1727,2024-02,2024-03,False
1727,2024-03,2024-04,False
1727,2024-04,2024-05,False
1727,2024-05,2024-06,False
1727,2024-06,2024-07,False
1727,2024-07,2024-08,False
1727,2024-08,2024-09,False
1727,2024-09,2024-10,False
1727,2024-10,2024-11,False
1727,2024-11,2024-12,False
1728,2023-12,2024-01,False
1728,2024-01,2024-02,False
1728,2024-02,2024-03,False
1728,2024-03,2024-04,False
1728,2024-04,2024-05,False
1728,2024-05,2024-06,False
1728,2024-06,2024-07,False
1728,2024-07,2024-08,False
1728,2024-08,2024-09,False
1728,2024-09,2024-10,False
1728,2024-10,2024-11,False
1728,2024-11,2024-12,False
1730,2023-12,2024-01,False
1730,2024-01,2024-02,False
1730,2024-02,2024-03,False
1730,2024-03,2024-04,False
1730,2024-04,2024-05,False
1730,2024-05,2024-06,False
1730,2024-06,2024-07,False
1730,2024-07,2024-08,False
1730,2024-08,2024-09,False
1730,2024-09,2024-10,False
1730,2024-10,2024-11,False
1730,2024-11,2024-12,False
1731,2023-12,2024-01,False
1731,2024-01,2024-02,False
1731,2024-02,2024-03,False
1731,2024-03,2024-04,False
1731,2024-04,2024-05,False
1731,2024-05,2024-06,False
1731,2024-06,2024-07,False
1731,2024-07,2024-08,False
1731,2024-08,2024-09,False
1731,2024-09,2024-10,False
1731,2024-10,2024-11,False
1731,2024-11,2024-12,False
1732,2023-12,2024-01,False
1732,2024-01,2024-02,False
1732,2024-02,2024-03,False
1732,2024-03,2024-04,False
1732,2024-04,2024-05,False
1732,2024-05,2024-06,False
1732,2024-06,2024-07,False
1732,2024-07,2024-08,False
1732,2024-08,2024-09,False
1732,2024-09,2024-10,False
1732,2024-10,2024-11,False
1732,2024-11,2024-12,False
1733,2023-12,2024-01,False
1733,2024-01,2024-02,False
1733,2024-02,2024-03,False
1733,2024-03,2024-04,False
1733,2024-04,2024-05,False
1733,2024-05,2024-06,False
1733,2024-06,2024-07,False
1733,2024-07,2024-08,False
1733,2024-08,2024-09,False
1733,2024-09,2024-10,False
1733,2024-10,2024-11,False
1733,2024-11,2024-12,False
1737,2023-12,2024-01,False
1737,2024-01,2024-02,False
1737,2024-02,2024-03,False
1737,2024-03,2024-04,False
1737,2024-04,2024-05,False
1737,2024-05,2024-06,False
1737,2024-06,2024-07,False
1737,2024-07,2024-08,False
1737,2024-08,2024-09,False
1737,2024-09,2024-10,False
1737,2024-10,2024-11,False
1737,2024-11,2024-12,False
1738,2023-12,2024-01,False
1738,2024-01,2024-02,False
1738,2024-02,2024-03,False
1738,2024-03,2024-04,False
1738,2024-04,2024-05,False
1738,2024-05,2024-06,False
1738,2024-06,2024-07,False
1738,2024-07,2024-08,False
1738,2024-08,2024-09,False
1738,2024-09,2024-10,False
1738,2024-10,2024-11,False
1738,2024-11,2024-12,False
1739,2023-12,2024-01,False
1739,2024-01,2024-02,False
1739,2024-02,2024-03,False
1739,2024-03,2024-04,False
1739,2024-04,2024-05,False
1739,2024-05,2024-06,False
1739,2024-06,2024-07,False
1739,2024-07,2024-08,False
1739,2024-08,2024-09,False
1739,2024-09,2024-10,False
1739,2024-10,2024-11,False
1739,2024-11,2024-12,False
1740,2023-12,2024-01,False
1740,2024-01,2024-02,False
1740,2024-02,2024-03,False
1740,2024-03,2024-04,False
1740,2024-04,2024-05,False
1740,2024-05,2024-06,False
1740,2024-06,2024-07,False
1740,2024-07,2024-08,False
1740,2024-08,2024-09,False
1740,2024-09,2024-10,False
1740,2024-10,2024-11,False
1740,2024-11,2024-12,False
1741,2023-12,2024-01,False
1741,2024-01,2024-02,False
1741,2024-02,2024-03,False
1741,2024-03,2024-04,False
1741,2024-04,2024-05,False
1741,2024-05,2024-06,False
1741,2024-06,2024-07,False
1741,2024-07,2024-08,False
1741,2024-08,2024-09,False
1741,2024-09,2024-10,False
1741,2024-10,2024-11,False
1741,2024-11,2024-12,False
1742,2023-12,2024-01,False
1742,2024-01,2024-02,False
1742,2024-02,2024-03,False
1742,2024-03,2024-04,False
1742,2024-04,2024-05,False
1742,2024-05,2024-06,False
1742,2024-06,2024-07,False
1742,2024-07,2024-08,False
1742,2024-08,2024-09,False
1742,2024-09,2024-10,False
1742,2024-10,2024-11,False
1742,2024-11,2024-12,False
1743,2023-12,2024-01,False
1743,2024-01,2024-02,False
1743,2024-02,2024-03,False
1743,2024-03,2024-04,False
1743,2024-04,2024-05,False
1743,2024-05,2024-06,False
1743,2024-06,2024-07,False
1743,2024-07,2024-08,False
1743,2024-08,2024-09,False
1743,2024-09,2024-10,False
1743,2024-10,2024-11,False
1743,2024-11,2024-12,False
1744,2023-12,2024-01,False
1744,2024-01,2024-02,False
1744,2024-02,2024-03,False
1744,2024-03,2024-04,False
1744,2024-04,2024-05,False
1744,2024-05,2024-06,False
1744,2024-06,2024-07,False
1744,2024-07,2024-08,False
1744,2024-08,2024-09,False
1744,2024-09,2024-10,False
1744,2024-10,2024-11,False
1744,2024-11,2024-12,False
1745,2023-12,2024-01,False
1745,2024-01,2024-02,False
1745,2024-02,2024-03,False
1745,2024-03,2024-04,False
1745,2024-04,2024-05,False
1745,2024-05,2024-06,False
1745,2024-06,2024-07,False
1745,2024-07,2024-08,False
1745,2024-08,2024-09,False
1745,2024-09,2024-10,False
1745,2024-10,2024-11,False
1745,2024-11,2024-12,False
1746,2023-12,2024-01,False
1746,2024-01,2024-02,False
1746,2024-02,2024-03,False
1746,2024-03,2024-04,False
1746,2024-04,2024-05,False
1746,2024-05,2024-06,False
1746,2024-06,2024-07,False
1746,2024-07,2024-08,False
1746,2024-08,2024-09,False
1746,2024-09,2024-10,False
1746,2024-10,2024-11,False
1746,2024-11,2024-12,False
1747,2023-12,2024-01,False
1747,2024-01,2024-02,False
1747,2024-02,2024-03,False
1747,2024-03,2024-04,False
1747,2024-04,2024-05,False
1747,2024-05,2024-06,False
1747,2024-06,2024-07,False
1747,2024-07,2024-08,False
1747,2024-08,2024-09,False
1747,2024-09,2024-10,False
1747,2024-10,2024-11,False
1747,2024-11,2024-12,False
1749,2023-12,2024-01,False
1749,2024-01,2024-02,False
1749,2024-02,2024-03,False
1749,2024-03,2024-04,False
1749,2024-04,2024-05,False
1749,2024-05,2024-06,False
1749,2024-06,2024-07,False
1749,2024-07,2024-08,False
1749,2024-08,2024-09,False
1749,2024-09,2024-10,False
1749,2024-10,2024-11,False
1749,2024-11,2024-12,False
1750,2023-12,2024-01,False
1750,2024-01,2024-02,False
1750,2024-02,2024-03,False
1750,2024-03,2024-04,False
1750,2024-04,2024-05,False
1750,2024-05,2024-06,False
1750,2024-06,2024-07,False
1750,2024-07,2024-08,False
1750,2024-08,2024-09,False
1750,2024-09,2024-10,False
1750,2024-10,2024-11,False
1750,2024-11,2024-12,False
1751,2023-12,2024-01,False
1751,2024-01,2024-02,False
1751,2024-02,2024-03,False
1751,2024-03,2024-04,False
1751,2024-04,2024-05,False
1751,2024-05,2024-06,False
1751,2024-06,2024-07,False
1751,2024-07,2024-08,False
1751,2024-08,2024-09,False
1751,2024-09,2024-10,False
1751,2024-10,2024-11,False
1751,2024-11,2024-12,False
1752,2023-12,2024-01,False
1752,2024-01,2024-02,False
1752,2024-02,2024-03,False
1752,2024-03,2024-04,False
1752,2024-04,2024-05,False
1752,2024-05,2024-06,False
1752,2024-06,2024-07,False
1752,2024-07,2024-08,False
1752,2024-08,2024-09,False
1752,2024-09,2024-10,False
1752,2024-10,2024-11,False
1752,2024-11,2024-12,False
1753,2023-12,2024-01,False
1753,2024-01,2024-02,False
1753,2024-02,2024-03,False
1753,2024-03,2024-04,False
1753,2024-04,2024-05,False
1753,2024-05,2024-06,False
1753,2024-06,2024-07,False
1753,2024-07,2024-08,False
1753,2024-08,2024-09,False
1753,2024-09,2024-10,False
1753,2024-10,2024-11,False
1753,2024-11,2024-12,False
1754,2023-12,2024-01,False
1754,2024-01,2024-02,False
1754,2024-02,2024-03,False
1754,2024-03,2024-04,False
1754,2024-04,2024-05,False
1754,2024-05,2024-06,False
1754,2024-06,2024-07,False
1754,2024-07,2024-08,False
1754,2024-08,2024-09,False
1754,2024-09,2024-10,False
1754,2024-10,2024-11,False
1754,2024-11,2024-12,False
1755,2023-12,2024-01,False
1755,2024-01,2024-02,False
1755,2024-02,2024-03,False
1755,2024-03,2024-04,False
1755,2024-04,2024-05,False
1755,2024-05,2024-06,False
1755,2024-06,2024-07,False
1755,2024-07,2024-08,False
1755,2024-08,2024-09,False
1755,2024-09,2024-10,False
1755,2024-10,2024-11,False
1755,2024-11,2024-12,False
1756,2023-12,2024-01,False
1756,2024-01,2024-02,False
1756,2024-02,2024-03,False
1756,2024-03,2024-04,False
1756,2024-04,2024-05,False
1756,2024-05,2024-06,False
1756,2024-06,2024-07,False
1756,2024-07,2024-08,False
1756,2024-08,2024-09,False
1756,2024-09,2024-10,False
1756,2024-10,2024-11,False
1756,2024-11,2024-12,False
1757,2023-12,2024-01,False
1757,2024-01,2024-02,False
1757,2024-02,2024-03,False
1757,2024-03,2024-04,False
1757,2024-04,2024-05,False
1757,2024-05,2024-06,False
1757,2024-06,2024-07,False
1757,2024-07,2024-08,False
1757,2024-08,2024-09,False
1757,2024-09,2024-10,False
1757,2024-10,2024-11,False
1757,2024-11,2024-12,False
1758,2023-12,2024-01,False
1758,2024-01,2024-02,False
1758,2024-02,2024-03,False
1758,2024-03,2024-04,False
1758,2024-04,2024-05,False
1758,2024-05,2024-06,False
1758,2024-06,2024-07,False
1758,2024-07,2024-08,False
1758,2024-08,2024-09,False
1758,2024-09,2024-10,False
1758,2024-10,2024-11,False
1758,2024-11,2024-12,False
1759,2023-12,2024-01,False
1759,2024-01,2024-02,False
1759,2024-02,2024-03,False
1759,2024-03,2024-04,False
1759,2024-04,2024-05,False
1759,2024-05,2024-06,False
1759,2024-06,2024-07,False
1759,2024-07,2024-08,False
1759,2024-08,2024-09,False
1759,2024-09,2024-10,False
1759,2024-10,2024-11,False
1759,2024-11,2024-12,False
1760,2023-12,2024-01,False
1760,2024-01,2024-02,False
1760,2024-02,2024-03,False
1760,2024-03,2024-04,False
1760,2024-04,2024-05,False
1760,2024-05,2024-06,False
1760,2024-06,2024-07,False
1760,2024-07,2024-08,False
1760,2024-08,2024-09,False
1760,2024-09,2024-10,False
1760,2024-10,2024-11,False
1760,2024-11,2024-12,False
1761,2023-12,2024-01,False
1761,2024-01,2024-02,False
1761,2024-02,2024-03,False
1761,2024-03,2024-04,False
1761,2024-04,2024-05,False
1761,2024-05,2024-06,False
1761,2024-06,2024-07,False
1761,2024-07,2024-08,False
1761,2024-08,2024-09,False
1761,2024-09,2024-10,False
1761,2024-10,2024-11,False
1761,2024-11,2024-12,False
1762,2023-12,2024-01,False
1762,2024-01,2024-02,False
1762,2024-02,2024-03,False
1762,2024-03,2024-04,False
1762,2024-04,2024-05,False
1762,2024-05,2024-06,False
1762,2024-06,2024-07,False
1762,2024-07,2024-08,False
1762,2024-08,2024-09,False
1762,2024-09,2024-10,False
1762,2024-10,2024-11,False
1762,2024-11,2024-12,False
1763,2023-12,2024-01,False
1763,2024-01,2024-02,False
1763,2024-02,2024-03,False
1763,2024-03,2024-04,False
1763,2024-04,2024-05,False
1764,2023-12,2024-01,False
1764,2024-01,2024-02,False
1764,2024-02,2024-03,False
1764,2024-03,2024-04,False
1764,2024-04,2024-05,False
1764,2024-05,2024-06,False
1764,2024-06,2024-07,False
1764,2024-07,2024-08,False
1764,2024-08,2024-09,False
1764,2024-09,2024-10,False
1764,2024-10,2024-11,False
1764,2024-11,2024-12,False
1765,2023-12,2024-01,False
1765,2024-01,2024-02,False
1765,2024-02,2024-03,False
1765,2024-03,2024-04,False
1765,2024-04,2024-05,False
1765,2024-05,2024-06,False
1765,2024-06,2024-07,False
1765,2024-07,2024-08,False
1765,2024-08,2024-09,False
1765,2024-09,2024-10,False
1765,2024-10,2024-11,False
1765,2024-11,2024-12,False
1766,2023-12,2024-01,False
1766,2024-01,2024-02,False
1766,2024-02,2024-03,False
1766,2024-03,2024-04,False
1766,2024-04,2024-05,False
1766,2024-05,2024-06,False
1766,2024-06,2024-07,False
1766,2024-07,2024-08,False
1766,2024-08,2024-09,False
1766,2024-09,2024-10,False
1766,2024-10,2024-11,False
1766,2024-11,2024-12,False
1768,2023-12,2024-01,False
1768,2024-01,2024-02,False
1768,2024-02,2024-03,False
1768,2024-03,2024-04,False
1768,2024-04,2024-05,False
1768,2024-05,2024-06,False
1768,2024-06,2024-07,False
1768,2024-07,2024-08,False
1768,2024-08,2024-09,False
1768,2024-09,2024-10,False
1768,2024-10,2024-11,False
1768,2024-11,2024-12,False
1769,2023-12,2024-01,False
1769,2024-01,2024-02,False
1769,2024-02,2024-03,False
1769,2024-03,2024-04,False
1769,2024-04,2024-05,False
1769,2024-05,2024-06,False
1769,2024-06,2024-07,False
1769,2024-07,2024-08,False
1769,2024-08,2024-09,False
1769,2024-09,2024-10,False
1769,2024-10,2024-11,False
1769,2024-11,2024-12,False
1770,2023-12,2024-01,False
1770,2024-01,2024-02,False
1770,2024-02,2024-03,False
1770,2024-03,2024-04,False
1770,2024-04,2024-05,False
1770,2024-05,2024-06,False
1770,2024-06,2024-07,False
1770,2024-07,2024-08,False
1770,2024-08,2024-09,False
1770,2024-09,2024-10,False
1770,2024-10,2024-11,False
1770,2024-11,2024-12,False
1771,2023-12,2024-01,False
1771,2024-01,2024-02,False
1771,2024-02,2024-03,False
1771,2024-03,2024-04,False
1771,2024-04,2024-05,False
1771,2024-05,2024-06,False
1771,2024-06,2024-07,False
1771,2024-07,2024-08,False
1771,2024-08,2024-09,False
1771,2024-09,2024-10,False
1771,2024-10,2024-11,False
1771,2024-11,2024-12,False
1773,2023-12,2024-01,False
1773,2024-01,2024-02,False
1773,2024-02,2024-03,False
1773,2024-03,2024-04,False
1773,2024-04,2024-05,False
1773,2024-05,2024-06,False
1773,2024-06,2024-07,False
1773,2024-07,2024-08,False
1773,2024-08,2024-09,False
1773,2024-09,2024-10,False
1773,2024-10,2024-11,False
1773,2024-11,2024-12,False
1774,2023-12,2024-01,False
1774,2024-01,2024-02,False
1774,2024-02,2024-03,False
1774,2024-03,2024-04,False
1774,2024-04,2024-05,False
1774,2024-05,2024-06,False
1774,2024-06,2024-07,False
1774,2024-07,2024-08,False
1774,2024-08,2024-09,False
1774,2024-09,2024-10,False
1774,2024-10,2024-11,False
1774,2024-11,2024-12,False
1775,2023-12,2024-01,False
1775,2024-01,2024-02,False
1775,2024-02,2024-03,False
1775,2024-03,2024-04,False
1775,2024-04,2024-05,False
1775,2024-05,2024-06,False
1775,2024-06,2024-07,False
1775,2024-07,2024-08,False
1775,2024-08,2024-09,False
1775,2024-09,2024-10,False
1775,2024-10,2024-11,False
1775,2024-11,2024-12,False
1776,2023-12,2024-01,False
1776,2024-01,2024-02,False
1776,2024-02,2024-03,False
1776,2024-03,2024-04,False
1776,2024-04,2024-05,False
1776,2024-05,2024-06,False
1776,2024-06,2024-07,False
1776,2024-07,2024-08,False
1776,2024-08,2024-09,False
1776,2024-09,2024-10,False
1776,2024-10,2024-11,False
1776,2024-11,2024-12,False
1777,2023-12,2024-01,False
1777,2024-01,2024-02,False
1777,2024-02,2024-03,False
1777,2024-03,2024-04,False
1777,2024-04,2024-05,False
1777,2024-05,2024-06,False
1777,2024-06,2024-07,False
1777,2024-07,2024-08,False
1777,2024-08,2024-09,False
1777,2024-09,2024-10,False
1777,2024-10,2024-11,False
1777,2024-11,2024-12,False
1778,2023-12,2024-01,False
1778,2024-01,2024-02,False
1778,2024-02,2024-03,False
1778,2024-03,2024-04,False
1778,2024-04,2024-05,False
1778,2024-05,2024-06,False
1778,2024-06,2024-07,False
1778,2024-07,2024-08,False
1778,2024-08,2024-09,False
1778,2024-09,2024-10,False
1778,2024-10,2024-11,False
1778,2024-11,2024-12,False
1780,2023-12,2024-01,False
1780,2024-01,2024-02,False
1780,2024-02,2024-03,False
1780,2024-03,2024-04,False
1780,2024-04,2024-05,False
1780,2024-05,2024-06,False
1780,2024-06,2024-07,False
1780,2024-07,2024-08,False
1780,2024-08,2024-09,False
1780,2024-09,2024-10,False
1780,2024-10,2024-11,False
1780,2024-11,2024-12,False
1781,2023-12,2024-01,False
1781,2024-01,2024-02,False
1781,2024-02,2024-03,False
1781,2024-03,2024-04,False
1781,2024-04,2024-05,False
1781,2024-05,2024-06,False
1781,2024-06,2024-07,False
1781,2024-07,2024-08,False
1781,2024-08,2024-09,False
1781,2024-09,2024-10,False
1781,2024-10,2024-11,False
1781,2024-11,2024-12,False
1782,2023-12,2024-01,False
1782,2024-01,2024-02,False
1782,2024-02,2024-03,False
1782,2024-03,2024-04,False
1782,2024-04,2024-05,False
1782,2024-05,2024-06,False
1782,2024-06,2024-07,False
1782,2024-07,2024-08,False
1782,2024-08,2024-09,False
1782,2024-09,2024-10,False
1782,2024-10,2024-11,False
1782,2024-11,2024-12,False
1783,2023-12,2024-01,False
1783,2024-01,2024-02,False
1783,2024-02,2024-03,False
1783,2024-03,2024-04,False
1783,2024-04,2024-05,False
1783,2024-05,2024-06,False
1783,2024-06,2024-07,False
1783,2024-07,2024-08,False
1783,2024-08,2024-09,False
1783,2024-09,2024-10,False
1783,2024-10,2024-11,False
1783,2024-11,2024-12,False
1784,2023-12,2024-01,False
1784,2024-01,2024-02,False
1784,2024-02,2024-03,False
1784,2024-03,2024-04,False
1784,2024-04,2024-05,False
1784,2024-05,2024-06,False
1784,2024-06,2024-07,False
1784,2024-07,2024-08,False
1784,2024-08,2024-09,False
1784,2024-09,2024-10,False
1784,2024-10,2024-11,False
1784,2024-11,2024-12,False
1785,2023-12,2024-01,False
1785,2024-01,2024-02,False
1785,2024-02,2024-03,False
1785,2024-03,2024-04,False
1785,2024-04,2024-05,False
1785,2024-05,2024-06,False
1785,2024-06,2024-07,False
1785,2024-07,2024-08,False
1785,2024-08,2024-09,False
1785,2024-09,2024-10,False
1785,2024-10,2024-11,False
1785,2024-11,2024-12,False
1786,2023-12,2024-01,False
1786,2024-01,2024-02,False
1786,2024-02,2024-03,False
1786,2024-03,2024-04,False
1786,2024-04,2024-05,False
1786,2024-05,2024-06,False
1786,2024-06,2024-07,False
1786,2024-07,2024-08,False
1786,2024-08,2024-09,False
1786,2024-09,2024-10,False
1786,2024-10,2024-11,False
1786,2024-11,2024-12,False
1787,2023-12,2024-01,False
1787,2024-01,2024-02,False
1787,2024-02,2024-03,False
1787,2024-03,2024-04,False
1787,2024-04,2024-05,False
1787,2024-05,2024-06,False
1787,2024-06,2024-07,False
1787,2024-07,2024-08,False
1787,2024-08,2024-09,False
1787,2024-09,2024-10,False
1787,2024-10,2024-11,False
1787,2024-11,2024-12,False
1788,2023-12,2024-01,False
1788,2024-01,2024-02,False
1788,2024-02,2024-03,False
1788,2024-03,2024-04,False
1788,2024-04,2024-05,False
1788,2024-05,2024-06,False
1788,2024-06,2024-07,False
1788,2024-07,2024-08,False
1788,2024-08,2024-09,False
1788,2024-09,2024-10,False
1788,2024-10,2024-11,False
1788,2024-11,2024-12,False
1845,2023-12,2024-01,False
1845,2024-01,2024-02,False
1845,2024-02,2024-03,False
1845,2024-03,2024-04,False
1845,2024-04,2024-05,False
1845,2024-05,2024-06,False
1845,2024-06,2024-07,False
1845,2024-07,2024-08,False
1845,2024-08,2024-09,False
1845,2024-09,2024-10,False
1845,2024-10,2024-11,False
1845,2024-11,2024-12,False
1846,2023-12,2024-01,False
1846,2024-01,2024-02,False
1846,2024-02,2024-03,False
1846,2024-03,2024-04,False
1846,2024-04,2024-05,False
1846,2024-05,2024-06,False
1846,2024-06,2024-07,False
1846,2024-07,2024-08,False
1846,2024-08,2024-09,False
1846,2024-09,2024-10,False
1846,2024-10,2024-11,False
1846,2024-11,2024-12,False
1848,2023-12,2024-01,False
1848,2024-01,2024-02,False
1848,2024-02,2024-03,False
1848,2024-03,2024-04,False
1848,2024-04,2024-05,False
1848,2024-05,2024-06,False
1848,2024-06,2024-07,False
1848,2024-07,2024-08,False
1848,2024-08,2024-09,False
1848,2024-09,2024-10,False
1848,2024-10,2024-11,False
1848,2024-11,2024-12,False
1849,2023-12,2024-01,False
1849,2024-01,2024-02,False
1849,2024-02,2024-03,False
1849,2024-03,2024-04,False
1849,2024-04,2024-05,False
1849,2024-05,2024-06,False
1849,2024-06,2024-07,False
1849,2024-07,2024-08,False
1849,2024-08,2024-09,False
1849,2024-09,2024-10,False
1849,2024-10,2024-11,False
1849,2024-11,2024-12,False
1850,2023-12,2024-01,False
1850,2024-01,2024-02,False
1850,2024-02,2024-03,False
1850,2024-03,2024-04,False
1850,2024-04,2024-05,False
1850,2024-05,2024-06,False
1850,2024-06,2024-07,False
1850,2024-07,2024-08,False
1850,2024-08,2024-09,False
1850,2024-09,2024-10,False
1850,2024-10,2024-11,False
1850,2024-11,2024-12,False
1851,2023-12,2024-01,False
1851,2024-01,2024-02,False
1851,2024-02,2024-03,False
1851,2024-03,2024-04,False
1851,2024-04,2024-05,False
1851,2024-05,2024-06,False
1851,2024-06,2024-07,False
1851,2024-07,2024-08,False
1851,2024-08,2024-09,False
1851,2024-09,2024-10,False
1851,2024-10,2024-11,False
1851,2024-11,2024-12,False
1852,2023-12,2024-01,False
1852,2024-01,2024-02,False
1852,2024-02,2024-03,False
1852,2024-03,2024-04,False
1852,2024-04,2024-05,False
1852,2024-05,2024-06,False
1852,2024-06,2024-07,False
1852,2024-07,2024-08,False
1852,2024-08,2024-09,False
1852,2024-09,2024-10,False
1852,2024-10,2024-11,False
1852,2024-11,2024-12,False
1853,2023-12,2024-01,False
1853,2024-01,2024-02,False
1853,2024-02,2024-03,False
1853,2024-03,2024-04,False
1853,2024-04,2024-05,False
1853,2024-05,2024-06,False
1853,2024-06,2024-07,False
1853,2024-07,2024-08,False
1853,2024-08,2024-09,False
1853,2024-09,2024-10,False
1853,2024-10,2024-11,False
1853,2024-11,2024-12,False
1854,2023-12,2024-01,False
1854,2024-01,2024-02,False
1854,2024-02,2024-03,False
1854,2024-03,2024-04,False
1854,2024-04,2024-05,False
1854,2024-05,2024-06,False
1854,2024-06,2024-07,False
1854,2024-07,2024-08,False
1854,2024-08,2024-09,False
1854,2024-09,2024-10,False
1854,2024-10,2024-11,False
1854,2024-11,2024-12,False
1855,2023-12,2024-01,False
1855,2024-01,2024-02,False
1855,2024-02,2024-03,False
1855,2024-03,2024-04,False
1855,2024-04,2024-05,False
1855,2024-05,2024-06,False
1855,2024-06,2024-07,False
1855,2024-07,2024-08,False
1855,2024-08,2024-09,False
1855,2024-09,2024-10,False
1855,2024-10,2024-11,False
1855,2024-11,2024-12,False
1856,2023-12,2024-01,False
1856,2024-01,2024-02,False
1856,2024-02,2024-03,False
1856,2024-03,2024-04,False
1856,2024-04,2024-05,False
1856,2024-05,2024-06,False
1856,2024-06,2024-07,False
1856,2024-07,2024-08,False
1856,2024-08,2024-09,False
1856,2024-09,2024-10,False
1856,2024-10,2024-11,False
1856,2024-11,2024-12,False
1857,2023-12,2024-01,False
1857,2024-01,2024-02,False
1857,2024-02,2024-03,False
1857,2024-03,2024-04,False
1857,2024-04,2024-05,False
1857,2024-05,2024-06,False
1857,2024-06,2024-07,False
1857,2024-07,2024-08,False
1857,2024-08,2024-09,False
1857,2024-09,2024-10,False
1857,2024-10,2024-11,False
1857,2024-11,2024-12,False
1858,2023-12,2024-01,False
1858,2024-01,2024-02,False
1858,2024-02,2024-03,False
1858,2024-03,2024-04,False
1858,2024-04,2024-05,False
1858,2024-05,2024-06,False
1858,2024-06,2024-07,False
1858,2024-07,2024-08,False
1858,2024-08,2024-09,False
1858,2024-09,2024-10,False
1858,2024-10,2024-11,False
1858,2024-11,2024-12,False
1859,2023-12,2024-01,False
1859,2024-01,2024-02,False
1859,2024-02,2024-03,False
1859,2024-03,2024-04,False
1859,2024-04,2024-05,False
1859,2024-05,2024-06,False
1859,2024-06,2024-07,False
1859,2024-07,2024-08,False
1859,2024-08,2024-09,False
1859,2024-09,2024-10,False
1859,2024-10,2024-11,False
1859,2024-11,2024-12,False
1860,2023-12,2024-01,False
1860,2024-01,2024-02,False
1860,2024-02,2024-03,False
1860,2024-03,2024-04,False
1860,2024-04,2024-05,False
1860,2024-05,2024-06,False
1860,2024-06,2024-07,False
1860,2024-07,2024-08,False
1860,2024-08,2024-09,False
1860,2024-09,2024-10,False
1860,2024-10,2024-11,False
1860,2024-11,2024-12,False
1861,2023-12,2024-01,False
1861,2024-01,2024-02,False
1861,2024-02,2024-03,False
1861,2024-03,2024-04,False
1861,2024-04,2024-05,False
1861,2024-05,2024-06,False
1861,2024-06,2024-07,False
1861,2024-07,2024-08,False
1861,2024-08,2024-09,False
1861,2024-09,2024-10,False
1861,2024-10,2024-11,False
1861,2024-11,2024-12,False
1862,2023-12,2024-01,False
1862,2024-01,2024-02,False
1862,2024-02,2024-03,False
1862,2024-03,2024-04,False
1862,2024-04,2024-05,False
1862,2024-05,2024-06,False
1862,2024-06,2024-07,False
1862,2024-07,2024-08,False
1862,2024-08,2024-09,False
1862,2024-09,2024-10,False
1862,2024-10,2024-11,False
1862,2024-11,2024-12,False
1863,2023-12,2024-01,False
1863,2024-01,2024-02,False
1863,2024-02,2024-03,False
1863,2024-03,2024-04,False
1863,2024-04,2024-05,False
1863,2024-05,2024-06,False
1863,2024-06,2024-07,False
1863,2024-07,2024-08,False
1863,2024-08,2024-09,False
1863,2024-09,2024-10,False
1863,2024-10,2024-11,False
1863,2024-11,2024-12,False
1864,2023-12,2024-01,False
1864,2024-01,2024-02,False
1864,2024-02,2024-03,False
1864,2024-03,2024-04,False
1864,2024-04,2024-05,False
1864,2024-05,2024-06,False
1864,2024-06,2024-07,False
1864,2024-07,2024-08,False
1864,2024-08,2024-09,False
1864,2024-09,2024-10,False
1864,2024-10,2024-11,False
1864,2024-11,2024-12,False
1865,2023-12,2024-01,False
1865,2024-01,2024-02,False
1865,2024-02,2024-03,False
1865,2024-03,2024-04,False
1865,2024-04,2024-05,False
1865,2024-05,2024-06,False
1865,2024-06,2024-07,False
1865,2024-07,2024-08,False
1865,2024-08,2024-09,False
1865,2024-09,2024-10,False
1865,2024-10,2024-11,False
1865,2024-11,2024-12,False
1868,2023-12,2024-01,False
1868,2024-01,2024-02,False
1868,2024-02,2024-03,False
1868,2024-03,2024-04,False
1868,2024-04,2024-05,False
1868,2024-05,2024-06,False
1868,2024-06,2024-07,False
1868,2024-07,2024-08,False
1868,2024-08,2024-09,False
1868,2024-09,2024-10,False
1868,2024-10,2024-11,False
1868,2024-11,2024-12,False
1869,2023-12,2024-01,False
1869,2024-01,2024-02,False
1869,2024-02,2024-03,False
1869,2024-03,2024-04,False
1869,2024-04,2024-05,False
1869,2024-05,2024-06,False
1869,2024-06,2024-07,False
1869,2024-07,2024-08,False
1869,2024-08,2024-09,False
1869,2024-09,2024-10,False
1869,2024-10,2024-11,False
1869,2024-11,2024-12,False
1870,2023-12,2024-01,False
1870,2024-01,2024-02,False
1870,2024-02,2024-03,False
1870,2024-03,2024-04,False
1870,2024-04,2024-05,False
1870,2024-05,2024-06,False
1870,2024-06,2024-07,False
1870,2024-07,2024-08,False
1870,2024-08,2024-09,False
1870,2024-09,2024-10,False
1870,2024-10,2024-11,False
1870,2024-11,2024-12,False
1871,2023-12,2024-01,False
1871,2024-01,2024-02,False
1871,2024-02,2024-03,False
1871,2024-03,2024-04,False
1871,2024-04,2024-05,False
1871,2024-05,2024-06,False
1871,2024-06,2024-07,False
1871,2024-07,2024-08,False
1871,2024-08,2024-09,False
1871,2024-09,2024-10,False
1871,2024-10,2024-11,False
1871,2024-11,2024-12,False
1872,2023-12,2024-01,False
1872,2024-01,2024-02,False
1872,2024-02,2024-03,False
1872,2024-03,2024-04,False
1872,2024-04,2024-05,False
1872,2024-05,2024-06,False
1872,2024-06,2024-07,False
1872,2024-07,2024-08,False
1872,2024-08,2024-09,False
1872,2024-09,2024-10,False
1872,2024-10,2024-11,False
1872,2024-11,2024-12,False
1873,2023-12,2024-01,False
1873,2024-01,2024-02,False
1873,2024-02,2024-03,False
1873,2024-03,2024-04,False
1873,2024-04,2024-05,False
1873,2024-05,2024-06,False
1873,2024-06,2024-07,False
1873,2024-07,2024-08,False
1873,2024-08,2024-09,False
1873,2024-09,2024-10,False
1873,2024-10,2024-11,False
1873,2024-11,2024-12,False
1874,2023-12,2024-01,False
1874,2024-01,2024-02,False
1874,2024-02,2024-03,False
1874,2024-03,2024-04,False
1874,2024-04,2024-05,False
1874,2024-05,2024-06,False
1874,2024-06,2024-07,False
1874,2024-07,2024-08,False
1874,2024-08,2024-09,False
1874,2024-09,2024-10,False
1874,2024-10,2024-11,False
1874,2024-11,2024-12,False
1875,2023-12,2024-01,False
1875,2024-01,2024-02,False
1875,2024-02,2024-03,False
1875,2024-03,2024-04,False
1875,2024-04,2024-05,False
1875,2024-05,2024-06,False
1875,2024-06,2024-07,False
1875,2024-07,2024-08,False
1875,2024-08,2024-09,False
1875,2024-09,2024-10,False
1875,2024-10,2024-11,False
1875,2024-11,2024-12,False
1876,2023-12,2024-01,False
1876,2024-01,2024-02,False
1876,2024-02,2024-03,False
1876,2024-03,2024-04,False
1876,2024-04,2024-05,False
1876,2024-05,2024-06,False
1876,2024-06,2024-07,False
1876,2024-07,2024-08,False
1876,2024-08,2024-09,False
1876,2024-09,2024-10,False
1876,2024-10,2024-11,False
1876,2024-11,2024-12,False
1877,2023-12,2024-01,False
1877,2024-01,2024-02,False
1877,2024-02,2024-03,False
1877,2024-03,2024-04,False
1877,2024-04,2024-05,False
1877,2024-05,2024-06,False
1877,2024-06,2024-07,False
1877,2024-07,2024-08,False
1877,2024-08,2024-09,False
1877,2024-09,2024-10,False
1877,2024-10,2024-11,False
1877,2024-11,2024-12,False
1878,2023-12,2024-01,False
1878,2024-01,2024-02,False
1878,2024-02,2024-03,False
1878,2024-03,2024-04,False
1878,2024-04,2024-05,False
1878,2024-05,2024-06,False
1878,2024-06,2024-07,False
1878,2024-07,2024-08,False
1878,2024-08,2024-09,False
1878,2024-09,2024-10,False
1878,2024-10,2024-11,False
1878,2024-11,2024-12,False
1879,2023-12,2024-01,False
1879,2024-01,2024-02,False
1879,2024-02,2024-03,False
1879,2024-03,2024-04,False
1879,2024-04,2024-05,False
1879,2024-05,2024-06,False
1879,2024-06,2024-07,False
1879,2024-07,2024-08,False
1879,2024-08,2024-09,False
1879,2024-09,2024-10,False
1879,2024-10,2024-11,False
1879,2024-11,2024-12,False
1880,2023-12,2024-01,False
1880,2024-01,2024-02,False
1880,2024-02,2024-03,False
1880,2024-03,2024-04,False
1880,2024-04,2024-05,False
1880,2024-05,2024-06,False
1880,2024-06,2024-07,False
1880,2024-07,2024-08,False
1880,2024-08,2024-09,False
1880,2024-09,2024-10,False
1880,2024-10,2024-11,False
1880,2024-11,2024-12,False
1881,2023-12,2024-01,False
1881,2024-01,2024-02,False
1881,2024-02,2024-03,False
1881,2024-03,2024-04,False
1881,2024-04,2024-05,False
1881,2024-05,2024-06,False
1881,2024-06,2024-07,False
1881,2024-07,2024-08,False
1881,2024-08,2024-09,False
1881,2024-09,2024-10,False
1881,2024-10,2024-11,False
1881,2024-11,2024-12,False
1883,2023-12,2024-01,False
1883,2024-01,2024-02,False
1883,2024-02,2024-03,False
1883,2024-03,2024-04,False
1883,2024-04,2024-05,False
1883,2024-05,2024-06,False
1883,2024-06,2024-07,False
1883,2024-07,2024-08,False
1883,2024-08,2024-09,False
1883,2024-09,2024-10,False
1883,2024-10,2024-11,False
1883,2024-11,2024-12,False
1884,2023-12,2024-01,False
1884,2024-01,2024-02,False
1884,2024-02,2024-03,False
1884,2024-03,2024-04,False
1884,2024-04,2024-05,False
1884,2024-05,2024-06,False
1884,2024-06,2024-07,False
1884,2024-07,2024-08,False
1884,2024-08,2024-09,False
1884,2024-09,2024-10,False
1884,2024-10,2024-11,False
1884,2024-11,2024-12,False
1885,2023-12,2024-01,False
1885,2024-01,2024-02,False
1885,2024-02,2024-03,False
1885,2024-03,2024-04,False
1885,2024-04,2024-05,False
1885,2024-05,2024-06,False
1885,2024-06,2024-07,False
1885,2024-07,2024-08,False
1885,2024-08,2024-09,False
1885,2024-09,2024-10,False
1885,2024-10,2024-11,False
1885,2024-11,2024-12,False
1886,2023-12,2024-01,False
1886,2024-01,2024-02,False
1886,2024-02,2024-03,False
1886,2024-03,2024-04,False
1886,2024-04,2024-05,False
1886,2024-05,2024-06,False
1886,2024-06,2024-07,False
1886,2024-07,2024-08,False
1886,2024-08,2024-09,False
1886,2024-09,2024-10,False
1886,2024-10,2024-11,False
1886,2024-11,2024-12,False
1887,2023-12,2024-01,False
1887,2024-01,2024-02,False
1887,2024-02,2024-03,False
1887,2024-03,2024-04,False
1887,2024-04,2024-05,False
1887,2024-05,2024-06,False
1887,2024-06,2024-07,False
1887,2024-07,2024-08,False
1887,2024-08,2024-09,False
1887,2024-09,2024-10,False
1887,2024-10,2024-11,False
1887,2024-11,2024-12,False
1888,2023-12,2024-01,False
1888,2024-01,2024-02,False
1888,2024-02,2024-03,False
1888,2024-03,2024-04,False
1888,2024-04,2024-05,False
1888,2024-05,2024-06,False
1888,2024-06,2024-07,False
1888,2024-07,2024-08,False
1888,2024-08,2024-09,False
1888,2024-09,2024-10,False
1888,2024-10,2024-11,False
1888,2024-11,2024-12,False
1889,2023-12,2024-01,False
1889,2024-01,2024-02,False
1889,2024-02,2024-03,False
1889,2024-03,2024-04,False
1889,2024-04,2024-05,False
1889,2024-05,2024-06,False
1889,2024-06,2024-07,False
1889,2024-07,2024-08,False
1889,2024-08,2024-09,False
1889,2024-09,2024-10,False
1889,2024-10,2024-11,False
1889,2024-11,2024-12,False
1890,2023-12,2024-01,False
1890,2024-01,2024-02,False
1890,2024-02,2024-03,False
1890,2024-03,2024-04,False
1890,2024-04,2024-05,False
1890,2024-05,2024-06,False
1890,2024-06,2024-07,False
1890,2024-07,2024-08,False
1890,2024-08,2024-09,False
1890,2024-09,2024-10,False
1890,2024-10,2024-11,False
1890,2024-11,2024-12,False
1891,2023-12,2024-01,False
1891,2024-01,2024-02,False
1891,2024-02,2024-03,False
1891,2024-03,2024-04,False
1891,2024-04,2024-05,False
1891,2024-05,2024-06,False
1891,2024-06,2024-07,False
1891,2024-07,2024-08,False
1891,2024-08,2024-09,False
1891,2024-09,2024-10,False
1891,2024-10,2024-11,False
1891,2024-11,2024-12,False
1892,2023-12,2024-01,False
1892,2024-01,2024-02,False
1892,2024-02,2024-03,False
1892,2024-03,2024-04,False
1892,2024-04,2024-05,False
1892,2024-05,2024-06,False
1892,2024-06,2024-07,False
1892,2024-07,2024-08,False
1892,2024-08,2024-09,False
1892,2024-09,2024-10,False
1892,2024-10,2024-11,False
1892,2024-11,2024-12,False
1893,2023-12,2024-01,False
1893,2024-01,2024-02,False
1893,2024-02,2024-03,False
1893,2024-03,2024-04,False
1893,2024-04,2024-05,False
1893,2024-05,2024-06,False
1893,2024-06,2024-07,False
1893,2024-07,2024-08,False
1893,2024-08,2024-09,False
1893,2024-09,2024-10,False
1893,2024-10,2024-11,False
1893,2024-11,2024-12,False
1894,2023-12,2024-01,False
1894,2024-01,2024-02,False
1894,2024-02,2024-03,False
1894,2024-03,2024-04,False
1894,2024-04,2024-05,False
1894,2024-05,2024-06,False
1894,2024-06,2024-07,False
1894,2024-07,2024-08,False
1894,2024-08,2024-09,False
1894,2024-09,2024-10,False
1894,2024-10,2024-11,False
1894,2024-11,2024-12,False
1895,2023-12,2024-01,False
1895,2024-01,2024-02,False
1895,2024-02,2024-03,False
1895,2024-03,2024-04,False
1895,2024-04,2024-05,False
1895,2024-05,2024-06,False
1895,2024-06,2024-07,False
1895,2024-07,2024-08,False
1895,2024-08,2024-09,False
1895,2024-09,2024-10,False
1895,2024-10,2024-11,False
1895,2024-11,2024-12,False
1896,2023-12,2024-01,False
1896,2024-01,2024-02,False
1896,2024-02,2024-03,False
1896,2024-03,2024-04,False
1896,2024-04,2024-05,False
1896,2024-05,2024-06,False
1896,2024-06,2024-07,False
1896,2024-07,2024-08,False
1896,2024-08,2024-09,False
1896,2024-09,2024-10,False
1896,2024-10,2024-11,False
1896,2024-11,2024-12,False
1897,2023-12,2024-01,False
1897,2024-01,2024-02,False
1897,2024-02,2024-03,False
1897,2024-03,2024-04,False
1897,2024-04,2024-05,False
1897,2024-05,2024-06,False
1897,2024-06,2024-07,False
1897,2024-07,2024-08,False
1897,2024-08,2024-09,False
1897,2024-09,2024-10,False
1897,2024-10,2024-11,False
1897,2024-11,2024-12,False
1898,2023-12,2024-01,False
1898,2024-01,2024-02,False
1898,2024-02,2024-03,False
1898,2024-03,2024-04,False
1898,2024-04,2024-05,False
1898,2024-05,2024-06,False
1898,2024-06,2024-07,False
1898,2024-07,2024-08,False
1898,2024-08,2024-09,False
1898,2024-09,2024-10,False
1898,2024-10,2024-11,False
1898,2024-11,2024-12,False
1899,2023-12,2024-01,False
1899,2024-01,2024-02,False
1899,2024-02,2024-03,False
1899,2024-03,2024-04,False
1899,2024-04,2024-05,False
1899,2024-05,2024-06,False
1899,2024-06,2024-07,False
1899,2024-07,2024-08,False
1899,2024-08,2024-09,False
1899,2024-09,2024-10,False
1899,2024-10,2024-11,False
1899,2024-11,2024-12,False
1900,2023-12,2024-01,False
1900,2024-01,2024-02,False
1900,2024-02,2024-03,False
1900,2024-03,2024-04,False
1900,2024-04,2024-05,False
1900,2024-05,2024-06,False
1900,2024-06,2024-07,False
1900,2024-07,2024-08,False
1900,2024-08,2024-09,False
1900,2024-09,2024-10,False
1900,2024-10,2024-11,False
1900,2024-11,2024-12,False
1901,2023-12,2024-01,False
1901,2024-01,2024-02,False
1901,2024-02,2024-03,False
1901,2024-03,2024-04,False
1901,2024-04,2024-05,False
1901,2024-05,2024-06,False
1901,2024-06,2024-07,False
1901,2024-07,2024-08,False
1901,2024-08,2024-09,False
1901,2024-09,2024-10,False
1901,2024-10,2024-11,False
1901,2024-11,2024-12,False
1902,2023-12,2024-01,False
1902,2024-01,2024-02,False
1902,2024-02,2024-03,False
1902,2024-03,2024-04,False
1902,2024-04,2024-05,False
1902,2024-05,2024-06,False
1902,2024-06,2024-07,False
1902,2024-07,2024-08,False
1902,2024-08,2024-09,False
1902,2024-09,2024-10,False
1902,2024-10,2024-11,False
1902,2024-11,2024-12,False
1903,2023-12,2024-01,False
1903,2024-01,2024-02,False
1903,2024-02,2024-03,False
1903,2024-03,2024-04,False
1903,2024-04,2024-05,False
1903,2024-05,2024-06,False
1903,2024-06,2024-07,False
1903,2024-07,2024-08,False
1903,2024-08,2024-09,False
1903,2024-09,2024-10,False
1903,2024-10,2024-11,False
1903,2024-11,2024-12,False
1904,2023-12,2024-01,False
1904,2024-01,2024-02,False
1904,2024-02,2024-03,False
1904,2024-03,2024-04,False
1904,2024-04,2024-05,False
1904,2024-05,2024-06,False
1904,2024-06,2024-07,False
1904,2024-07,2024-08,False
1904,2024-08,2024-09,False
1904,2024-09,2024-10,False
1904,2024-10,2024-11,False
1904,2024-11,2024-12,False
1905,2023-12,2024-01,False
1905,2024-01,2024-02,False
1905,2024-02,2024-03,False
1905,2024-03,2024-04,False
1905,2024-04,2024-05,False
1905,2024-05,2024-06,False
1905,2024-06,2024-07,False
1905,2024-07,2024-08,False
1905,2024-08,2024-09,False
1905,2024-09,2024-10,False
1905,2024-10,2024-11,False
1905,2024-11,2024-12,False
1906,2023-12,2024-01,False
1906,2024-01,2024-02,False
1906,2024-02,2024-03,False
1906,2024-03,2024-04,False
1906,2024-04,2024-05,False
1906,2024-05,2024-06,False
1906,2024-06,2024-07,False
1906,2024-07,2024-08,False
1906,2024-08,2024-09,False
1906,2024-09,2024-10,False
1906,2024-10,2024-11,False
1906,2024-11,2024-12,False
1907,2023-12,2024-01,False
1907,2024-01,2024-02,False
1907,2024-02,2024-03,False
1907,2024-03,2024-04,False
1907,2024-04,2024-05,False
1907,2024-05,2024-06,False
1907,2024-06,2024-07,False
1907,2024-07,2024-08,False
1907,2024-08,2024-09,False
1907,2024-09,2024-10,False
1907,2024-10,2024-11,False
1907,2024-11,2024-12,False
1908,2023-12,2024-01,False
1908,2024-01,2024-02,False
1908,2024-02,2024-03,False
1908,2024-03,2024-04,False
1908,2024-04,2024-05,False
1908,2024-05,2024-06,False
1908,2024-06,2024-07,False
1908,2024-07,2024-08,False
1908,2024-08,2024-09,False
1908,2024-09,2024-10,False
1908,2024-10,2024-11,False
1908,2024-11,2024-12,False
1909,2023-12,2024-01,False
1909,2024-01,2024-02,False
1909,2024-02,2024-03,False
1909,2024-03,2024-04,False
1909,2024-04,2024-05,False
1909,2024-05,2024-06,False
1909,2024-06,2024-07,False
1909,2024-07,2024-08,False
1909,2024-08,2024-09,False
1909,2024-09,2024-10,False
1909,2024-10,2024-11,False
1909,2024-11,2024-12,False
1910,2023-12,2024-01,False
1910,2024-01,2024-02,False
1910,2024-02,2024-03,False
1910,2024-03,2024-04,False
1910,2024-04,2024-05,False
1910,2024-05,2024-06,False
1910,2024-06,2024-07,False
1910,2024-07,2024-08,False
1910,2024-08,2024-09,False
1910,2024-09,2024-10,False
1910,2024-10,2024-11,False
1910,2024-11,2024-12,False
1912,2023-12,2024-01,False
1912,2024-01,2024-02,False
1912,2024-02,2024-03,False
1912,2024-03,2024-04,False
1912,2024-04,2024-05,False
1912,2024-05,2024-06,False
1912,2024-06,2024-07,False
1912,2024-07,2024-08,False
1912,2024-08,2024-09,False
1912,2024-09,2024-10,False
1912,2024-10,2024-11,False
1912,2024-11,2024-12,False
1915,2023-12,2024-01,False
1915,2024-01,2024-02,False
1915,2024-02,2024-03,False
1915,2024-03,2024-04,False
1915,2024-04,2024-05,False
1915,2024-05,2024-06,False
1915,2024-06,2024-07,False
1915,2024-07,2024-08,False
1915,2024-08,2024-09,False
1915,2024-09,2024-10,False
1915,2024-10,2024-11,False
1915,2024-11,2024-12,False
1916,2023-12,2024-01,False
1916,2024-01,2024-02,False
1916,2024-02,2024-03,False
1916,2024-03,2024-04,False
1916,2024-04,2024-05,False
1916,2024-05,2024-06,False
1916,2024-06,2024-07,False
1916,2024-07,2024-08,False
1916,2024-08,2024-09,False
1916,2024-09,2024-10,False
1916,2024-10,2024-11,False
1916,2024-11,2024-12,False
1917,2023-12,2024-01,False
1917,2024-01,2024-02,False
1917,2024-02,2024-03,False
1917,2024-03,2024-04,False
1917,2024-04,2024-05,False
1917,2024-05,2024-06,False
1917,2024-06,2024-07,False
1917,2024-07,2024-08,False
1917,2024-08,2024-09,False
1917,2024-09,2024-10,False
1917,2024-10,2024-11,False
1917,2024-11,2024-12,False
1918,2023-12,2024-01,False
1918,2024-01,2024-02,False
1918,2024-02,2024-03,False
1918,2024-03,2024-04,False
1918,2024-04,2024-05,False
1918,2024-05,2024-06,False
1918,2024-06,2024-07,False
1918,2024-07,2024-08,False
1918,2024-08,2024-09,False
1918,2024-09,2024-10,False
1918,2024-10,2024-11,False
1918,2024-11,2024-12,False
1919,2023-12,2024-01,False
1919,2024-01,2024-02,False
1919,2024-02,2024-03,False
1919,2024-03,2024-04,False
1919,2024-04,2024-05,False
1919,2024-05,2024-06,False
1919,2024-06,2024-07,False
1919,2024-07,2024-08,False
1919,2024-08,2024-09,False
1919,2024-09,2024-10,False
1919,2024-10,2024-11,False
1919,2024-11,2024-12,False
1920,2023-12,2024-01,False
1920,2024-01,2024-02,False
1920,2024-02,2024-03,False
1920,2024-03,2024-04,False
1920,2024-04,2024-05,False
1920,2024-05,2024-06,False
1920,2024-06,2024-07,False
1920,2024-07,2024-08,False
1920,2024-08,2024-09,False
1920,2024-09,2024-10,False
1920,2024-10,2024-11,False
1920,2024-11,2024-12,False
1921,2023-12,2024-01,False
1921,2024-01,2024-02,False
1921,2024-02,2024-03,False
1921,2024-03,2024-04,False
1921,2024-04,2024-05,False
1921,2024-05,2024-06,False
1921,2024-06,2024-07,False
1921,2024-07,2024-08,False
1921,2024-08,2024-09,False
1921,2024-09,2024-10,False
1921,2024-10,2024-11,False
1921,2024-11,2024-12,False
1922,2023-12,2024-01,False
1922,2024-01,2024-02,False
1922,2024-02,2024-03,False
1922,2024-03,2024-04,False
1922,2024-04,2024-05,False
1922,2024-05,2024-06,False
1922,2024-06,2024-07,False
1922,2024-07,2024-08,False
1922,2024-08,2024-09,False
1922,2024-09,2024-10,False
1922,2024-10,2024-11,False
1922,2024-11,2024-12,False
1923,2023-12,2024-01,False
1923,2024-01,2024-02,False
1923,2024-02,2024-03,False
1923,2024-03,2024-04,False
1923,2024-04,2024-05,False
1923,2024-05,2024-06,False
1923,2024-06,2024-07,False
1923,2024-07,2024-08,False
1923,2024-08,2024-09,False
1923,2024-09,2024-10,False
1923,2024-10,2024-11,False
1923,2024-11,2024-12,False
1924,2023-12,2024-01,False
1924,2024-01,2024-02,False
1924,2024-02,2024-03,False
1924,2024-03,2024-04,False
1924,2024-04,2024-05,False
1924,2024-05,2024-06,False
1924,2024-06,2024-07,False
1924,2024-07,2024-08,False
1924,2024-08,2024-09,False
1924,2024-09,2024-10,False
1924,2024-10,2024-11,False
1924,2024-11,2024-12,False
1925,2023-12,2024-01,False
1925,2024-01,2024-02,False
1925,2024-02,2024-03,False
1925,2024-03,2024-04,False
1925,2024-04,2024-05,False
1925,2024-05,2024-06,False
1925,2024-06,2024-07,False
1925,2024-07,2024-08,False
1925,2024-08,2024-09,False
1925,2024-09,2024-10,False
1925,2024-10,2024-11,False
1925,2024-11,2024-12,False
1926,2023-12,2024-01,False
1926,2024-01,2024-02,False
1926,2024-02,2024-03,False
1926,2024-03,2024-04,False
1926,2024-04,2024-05,False
1926,2024-05,2024-06,False
1926,2024-06,2024-07,False
1926,2024-07,2024-08,False
1926,2024-08,2024-09,False
1926,2024-09,2024-10,False
1926,2024-10,2024-11,False
1926,2024-11,2024-12,False
1927,2023-12,2024-01,False
1927,2024-01,2024-02,False
1927,2024-02,2024-03,False
1927,2024-03,2024-04,False
1927,2024-04,2024-05,False
1927,2024-05,2024-06,False
1927,2024-06,2024-07,False
1927,2024-07,2024-08,False
1927,2024-08,2024-09,False
1927,2024-09,2024-10,False
1927,2024-10,2024-11,False
1927,2024-11,2024-12,False
1928,2023-12,2024-01,False
1928,2024-01,2024-02,False
1928,2024-02,2024-03,False
1928,2024-03,2024-04,False
1928,2024-04,2024-05,False
1928,2024-05,2024-06,False
1928,2024-06,2024-07,False
1928,2024-07,2024-08,False
1928,2024-08,2024-09,False
1928,2024-09,2024-10,False
1928,2024-10,2024-11,False
1928,2024-11,2024-12,False
1929,2023-12,2024-01,False
1929,2024-01,2024-02,False
1929,2024-02,2024-03,False
1929,2024-03,2024-04,False
1929,2024-04,2024-05,False
1929,2024-05,2024-06,False
1929,2024-06,2024-07,False
1929,2024-07,2024-08,False
1929,2024-08,2024-09,False
1929,2024-09,2024-10,False
1929,2024-10,2024-11,False
1929,2024-11,2024-12,False
1930,2023-12,2024-01,False
1930,2024-01,2024-02,False
1930,2024-02,2024-03,False
1930,2024-03,2024-04,False
1930,2024-04,2024-05,False
1930,2024-05,2024-06,False
1930,2024-06,2024-07,False
1930,2024-07,2024-08,False
1930,2024-08,2024-09,False
1930,2024-09,2024-10,False
1930,2024-10,2024-11,False
1930,2024-11,2024-12,False
1931,2023-12,2024-01,False
1931,2024-01,2024-02,False
1931,2024-02,2024-03,False
1931,2024-03,2024-04,False
1931,2024-04,2024-05,False
1931,2024-05,2024-06,False
1931,2024-06,2024-07,False
1931,2024-07,2024-08,False
1931,2024-08,2024-09,False
1931,2024-09,2024-10,False
1931,2024-10,2024-11,False
1931,2024-11,2024-12,False
1932,2023-12,2024-01,False
1932,2024-01,2024-02,False
1932,2024-02,2024-03,False
1932,2024-03,2024-04,False
1932,2024-04,2024-05,False
1932,2024-05,2024-06,False
1932,2024-06,2024-07,False
1932,2024-07,2024-08,False
1932,2024-08,2024-09,False
1932,2024-09,2024-10,False
1932,2024-10,2024-11,False
1932,2024-11,2024-12,False
1933,2023-12,2024-01,False
1933,2024-01,2024-02,False
1933,2024-02,2024-03,False
1933,2024-03,2024-04,False
1933,2024-04,2024-05,False
1933,2024-05,2024-06,False
1933,2024-06,2024-07,False
1933,2024-07,2024-08,False
1933,2024-08,2024-09,False
1933,2024-09,2024-10,False
1933,2024-10,2024-11,False
1933,2024-11,2024-12,False
1934,2023-12,2024-01,False
1934,2024-01,2024-02,False
1934,2024-02,2024-03,False
1934,2024-03,2024-04,False
1934,2024-04,2024-05,False
1934,2024-05,2024-06,False
1934,2024-06,2024-07,False
1934,2024-07,2024-08,False
1934,2024-08,2024-09,False
1934,2024-09,2024-10,False
1934,2024-10,2024-11,False
1934,2024-11,2024-12,False
1935,2023-12,2024-01,False
1935,2024-01,2024-02,False
1935,2024-02,2024-03,False
1935,2024-03,2024-04,False
1935,2024-04,2024-05,False
1935,2024-05,2024-06,False
1935,2024-06,2024-07,False
1935,2024-07,2024-08,False
1935,2024-08,2024-09,False
1935,2024-09,2024-10,False
1935,2024-10,2024-11,False
1935,2024-11,2024-12,False
1936,2023-12,2024-01,False
1936,2024-01,2024-02,False
1936,2024-02,2024-03,False
1936,2024-03,2024-04,False
1936,2024-04,2024-05,False
1936,2024-05,2024-06,False
1936,2024-06,2024-07,False
1936,2024-07,2024-08,False
1936,2024-08,2024-09,False
1936,2024-09,2024-10,False
1936,2024-10,2024-11,False
1936,2024-11,2024-12,False
1937,2023-12,2024-01,False
1937,2024-01,2024-02,False
1937,2024-02,2024-03,False
1937,2024-03,2024-04,False
1937,2024-04,2024-05,False
1937,2024-05,2024-06,False
1937,2024-06,2024-07,False
1937,2024-07,2024-08,False
1937,2024-08,2024-09,False
1937,2024-09,2024-10,False
1937,2024-10,2024-11,False
1937,2024-11,2024-12,False
1938,2023-12,2024-01,False
1938,2024-01,2024-02,False
1938,2024-02,2024-03,False
1938,2024-03,2024-04,False
1938,2024-04,2024-05,False
1938,2024-05,2024-06,False
1938,2024-06,2024-07,False
1938,2024-07,2024-08,False
1938,2024-08,2024-09,False
1938,2024-09,2024-10,False
1938,2024-10,2024-11,False
1938,2024-11,2024-12,False
1939,2023-12,2024-01,False
1939,2024-01,2024-02,False
1939,2024-02,2024-03,False
1939,2024-03,2024-04,False
1939,2024-04,2024-05,False
1939,2024-05,2024-06,False
1939,2024-06,2024-07,False
1939,2024-07,2024-08,False
1939,2024-08,2024-09,False
1939,2024-09,2024-10,False
1939,2024-10,2024-11,False
1939,2024-11,2024-12,False
1940,2023-12,2024-01,False
1940,2024-01,2024-02,False
1940,2024-02,2024-03,False
1940,2024-03,2024-04,False
1940,2024-04,2024-05,False
1940,2024-05,2024-06,False
1940,2024-06,2024-07,False
1940,2024-07,2024-08,False
1940,2024-08,2024-09,False
1940,2024-09,2024-10,False
1940,2024-10,2024-11,False
1940,2024-11,2024-12,False
1941,2023-12,2024-01,False
1941,2024-01,2024-02,False
1941,2024-02,2024-03,False
1941,2024-03,2024-04,False
1941,2024-04,2024-05,False
1941,2024-05,2024-06,False
1941,2024-06,2024-07,False
1941,2024-07,2024-08,False
1941,2024-08,2024-09,False
1941,2024-09,2024-10,False
1941,2024-10,2024-11,False
1941,2024-11,2024-12,False
1942,2023-12,2024-01,False
1942,2024-01,2024-02,False
1942,2024-02,2024-03,False
1942,2024-03,2024-04,False
1942,2024-04,2024-05,False
1942,2024-05,2024-06,False
1942,2024-06,2024-07,False
1942,2024-07,2024-08,False
1942,2024-08,2024-09,False
1942,2024-09,2024-10,False
1942,2024-10,2024-11,False
1942,2024-11,2024-12,False
1943,2023-12,2024-01,False
1943,2024-01,2024-02,False
1943,2024-02,2024-03,False
1943,2024-03,2024-04,False
1943,2024-04,2024-05,False
1943,2024-05,2024-06,False
1943,2024-06,2024-07,False
1943,2024-07,2024-08,False
1943,2024-08,2024-09,False
1943,2024-09,2024-10,False
1943,2024-10,2024-11,False
1943,2024-11,2024-12,False
1944,2023-12,2024-01,False
1944,2024-01,2024-02,False
1944,2024-02,2024-03,False
1944,2024-03,2024-04,False
1944,2024-04,2024-05,False
1944,2024-05,2024-06,False
1944,2024-06,2024-07,False
1944,2024-07,2024-08,False
1944,2024-08,2024-09,False
1944,2024-09,2024-10,False
1944,2024-10,2024-11,False
1944,2024-11,2024-12,False
1945,2023-12,2024-01,False
1945,2024-01,2024-02,False
1945,2024-02,2024-03,False
1945,2024-03,2024-04,False
1945,2024-04,2024-05,False
1945,2024-05,2024-06,False
1945,2024-06,2024-07,False
1945,2024-07,2024-08,False
1945,2024-08,2024-09,False
1945,2024-09,2024-10,False
1945,2024-10,2024-11,False
1945,2024-11,2024-12,False
1947,2023-12,2024-01,False
1947,2024-01,2024-02,False
1947,2024-02,2024-03,False
1947,2024-03,2024-04,False
1947,2024-04,2024-05,False
1947,2024-05,2024-06,False
1947,2024-06,2024-07,False
1947,2024-07,2024-08,False
1947,2024-08,2024-09,False
1947,2024-09,2024-10,False
1947,2024-10,2024-11,False
1947,2024-11,2024-12,False
1948,2023-12,2024-01,False
1948,2024-01,2024-02,False
1948,2024-02,2024-03,False
1948,2024-03,2024-04,False
1948,2024-04,2024-05,False
1948,2024-05,2024-06,False
1948,2024-06,2024-07,False
1948,2024-07,2024-08,False
1948,2024-08,2024-09,False
1948,2024-09,2024-10,False
1948,2024-10,2024-11,False
1948,2024-11,2024-12,False
1949,2023-12,2024-01,False
1949,2024-01,2024-02,False
1949,2024-02,2024-03,False
1949,2024-03,2024-04,False
1949,2024-04,2024-05,False
1949,2024-05,2024-06,False
1949,2024-06,2024-07,False
1949,2024-07,2024-08,False
1949,2024-08,2024-09,False
1949,2024-09,2024-10,False
1949,2024-10,2024-11,False
1949,2024-11,2024-12,False
1950,2023-12,2024-01,False
1950,2024-01,2024-02,False
1950,2024-02,2024-03,False
1950,2024-03,2024-04,False
1950,2024-04,2024-05,False
1950,2024-05,2024-06,False
1950,2024-06,2024-07,False
1950,2024-07,2024-08,False
1950,2024-08,2024-09,False
1950,2024-09,2024-10,False
1950,2024-10,2024-11,False
1950,2024-11,2024-12,False
1951,2023-12,2024-01,False
1951,2024-01,2024-02,False
1951,2024-02,2024-03,False
1951,2024-03,2024-04,False
1951,2024-04,2024-05,False
1951,2024-05,2024-06,False
1951,2024-06,2024-07,False
1951,2024-07,2024-08,False
1951,2024-08,2024-09,False
1951,2024-09,2024-10,False
1951,2024-10,2024-11,False
1951,2024-11,2024-12,False
1952,2023-12,2024-01,False
1952,2024-01,2024-02,False
1952,2024-02,2024-03,False
1952,2024-03,2024-04,False
1952,2024-04,2024-05,False
1952,2024-05,2024-06,False
1952,2024-06,2024-07,False
1952,2024-07,2024-08,False
1952,2024-08,2024-09,False
1952,2024-09,2024-10,False
1952,2024-10,2024-11,False
1952,2024-11,2024-12,False
1954,2023-12,2024-01,False
1954,2024-01,2024-02,False
1954,2024-02,2024-03,False
1954,2024-03,2024-04,False
1954,2024-04,2024-05,False
1954,2024-05,2024-06,False
1954,2024-06,2024-07,False
1954,2024-07,2024-08,False
1954,2024-08,2024-09,False
1954,2024-09,2024-10,False
1954,2024-10,2024-11,False
1954,2024-11,2024-12,False
1955,2023-12,2024-01,False
1955,2024-01,2024-02,False
1955,2024-02,2024-03,False
1955,2024-03,2024-04,False
1955,2024-04,2024-05,False
1955,2024-05,2024-06,False
1955,2024-06,2024-07,False
1955,2024-07,2024-08,False
1955,2024-08,2024-09,False
1955,2024-09,2024-10,False
1955,2024-10,2024-11,False
1955,2024-11,2024-12,False
1956,2023-12,2024-01,False
1956,2024-01,2024-02,False
1956,2024-02,2024-03,False
1956,2024-03,2024-04,False
1956,2024-04,2024-05,False
1956,2024-05,2024-06,False
1956,2024-06,2024-07,False
1956,2024-07,2024-08,False
1956,2024-08,2024-09,False
1956,2024-09,2024-10,False
1956,2024-10,2024-11,False
1956,2024-11,2024-12,False
1957,2023-12,2024-01,False
1957,2024-01,2024-02,False
1957,2024-02,2024-03,False
1957,2024-03,2024-04,False
1957,2024-04,2024-05,False
1957,2024-05,2024-06,False
1957,2024-06,2024-07,False
1957,2024-07,2024-08,False
1957,2024-08,2024-09,False
1957,2024-09,2024-10,False
1957,2024-10,2024-11,False
1957,2024-11,2024-12,False
1958,2023-12,2024-01,False
1958,2024-01,2024-02,False
1958,2024-02,2024-03,False
1958,2024-03,2024-04,False
1958,2024-04,2024-05,False
1958,2024-05,2024-06,False
1958,2024-06,2024-07,False
1958,2024-07,2024-08,False
1958,2024-08,2024-09,False
1958,2024-09,2024-10,False
1958,2024-10,2024-11,False
1958,2024-11,2024-12,False
1959,2023-12,2024-01,False
1959,2024-01,2024-02,False
1959,2024-02,2024-03,False
1959,2024-03,2024-04,False
1959,2024-04,2024-05,False
1959,2024-05,2024-06,False
1959,2024-06,2024-07,False
1959,2024-07,2024-08,False
1959,2024-08,2024-09,False
1959,2024-09,2024-10,False
1959,2024-10,2024-11,False
1959,2024-11,2024-12,False
1960,2023-12,2024-01,False
1960,2024-01,2024-02,False
1960,2024-02,2024-03,False
1960,2024-03,2024-04,False
1960,2024-04,2024-05,False
1960,2024-05,2024-06,False
1960,2024-06,2024-07,False
1960,2024-07,2024-08,False
1960,2024-08,2024-09,False
1960,2024-09,2024-10,False
1960,2024-10,2024-11,False
1960,2024-11,2024-12,False
1961,2023-12,2024-01,False
1961,2024-01,2024-02,False
1961,2024-02,2024-03,False
1961,2024-03,2024-04,False
1961,2024-04,2024-05,False
1961,2024-05,2024-06,False
1961,2024-06,2024-07,False
1961,2024-07,2024-08,False
1961,2024-08,2024-09,False
1961,2024-09,2024-10,False
1961,2024-10,2024-11,False
1961,2024-11,2024-12,False
1962,2023-12,2024-01,False
1962,2024-01,2024-02,False
1962,2024-02,2024-03,False
1962,2024-03,2024-04,False
1962,2024-04,2024-05,False
1962,2024-05,2024-06,False
1962,2024-06,2024-07,False
1962,2024-07,2024-08,False
1962,2024-08,2024-09,False
1962,2024-09,2024-10,False
1962,2024-10,2024-11,False
1962,2024-11,2024-12,False
1963,2023-12,2024-01,False
1963,2024-01,2024-02,False
1963,2024-02,2024-03,False
1963,2024-03,2024-04,False
1963,2024-04,2024-05,False
1963,2024-05,2024-06,False
1963,2024-06,2024-07,False
1963,2024-07,2024-08,False
1963,2024-08,2024-09,False
1963,2024-09,2024-10,False
1963,2024-10,2024-11,False
1963,2024-11,2024-12,False
1964,2023-12,2024-01,False
1964,2024-01,2024-02,False
1964,2024-02,2024-03,False
1964,2024-03,2024-04,False
1964,2024-04,2024-05,False
1965,2023-12,2024-01,False
1965,2024-01,2024-02,False
1965,2024-02,2024-03,False
1965,2024-03,2024-04,False
1965,2024-04,2024-05,False
1965,2024-05,2024-06,False
1965,2024-06,2024-07,False
1965,2024-07,2024-08,False
1965,2024-08,2024-09,False
1965,2024-09,2024-10,False
1965,2024-10,2024-11,False
1965,2024-11,2024-12,False
1966,2023-12,2024-01,False
1966,2024-01,2024-02,False
1966,2024-02,2024-03,False
1966,2024-03,2024-04,False
1966,2024-04,2024-05,False
1966,2024-05,2024-06,False
1966,2024-06,2024-07,False
1966,2024-07,2024-08,False
1966,2024-08,2024-09,False
1966,2024-09,2024-10,False
1966,2024-10,2024-11,False
1966,2024-11,2024-12,False
1967,2023-12,2024-01,False
1967,2024-01,2024-02,False
1967,2024-02,2024-03,False
1967,2024-03,2024-04,False
1967,2024-04,2024-05,False
1967,2024-05,2024-06,False
1967,2024-06,2024-07,False
1967,2024-07,2024-08,False
1967,2024-08,2024-09,False
1967,2024-09,2024-10,False
1967,2024-10,2024-11,False
1967,2024-11,2024-12,False
1968,2023-12,2024-01,False
1968,2024-01,2024-02,False
1968,2024-02,2024-03,False
1968,2024-03,2024-04,False
1968,2024-04,2024-05,False
1968,2024-05,2024-06,False
1968,2024-06,2024-07,False
1968,2024-07,2024-08,False
1968,2024-08,2024-09,False
1968,2024-09,2024-10,False
1968,2024-10,2024-11,False
1968,2024-11,2024-12,False
1969,2023-12,2024-01,False
1969,2024-01,2024-02,False
1969,2024-02,2024-03,False
1969,2024-03,2024-04,False
1969,2024-04,2024-05,False
1969,2024-05,2024-06,False
1969,2024-06,2024-07,False
1969,2024-07,2024-08,False
1969,2024-08,2024-09,False
1969,2024-09,2024-10,False
1969,2024-10,2024-11,False
1969,2024-11,2024-12,False
1970,2023-12,2024-01,False
1970,2024-01,2024-02,False
1970,2024-02,2024-03,False
1970,2024-03,2024-04,False
1970,2024-04,2024-05,False
1970,2024-05,2024-06,False
1970,2024-06,2024-07,False
1970,2024-07,2024-08,False
1970,2024-08,2024-09,False
1970,2024-09,2024-10,False
1970,2024-10,2024-11,False
1970,2024-11,2024-12,False
1971,2023-12,2024-01,False
1971,2024-01,2024-02,False
1971,2024-02,2024-03,False
1971,2024-03,2024-04,False
1971,2024-04,2024-05,False
1971,2024-05,2024-06,False
1971,2024-06,2024-07,False
1971,2024-07,2024-08,False
1971,2024-08,2024-09,False
1971,2024-09,2024-10,False
1971,2024-10,2024-11,False
1971,2024-11,2024-12,False
1972,2023-12,2024-01,False
1972,2024-01,2024-02,False
1972,2024-02,2024-03,False
1972,2024-03,2024-04,False
1972,2024-04,2024-05,False
1972,2024-05,2024-06,False
1972,2024-06,2024-07,False
1972,2024-07,2024-08,False
1972,2024-08,2024-09,False
1972,2024-09,2024-10,False
1972,2024-10,2024-11,False
1972,2024-11,2024-12,False
1973,2023-12,2024-01,False
1973,2024-01,2024-02,False
1973,2024-02,2024-03,False
1973,2024-03,2024-04,False
1973,2024-04,2024-05,False
1973,2024-05,2024-06,False
1973,2024-06,2024-07,False
1973,2024-07,2024-08,False
1973,2024-08,2024-09,False
1973,2024-09,2024-10,False
1973,2024-10,2024-11,False
1973,2024-11,2024-12,False
1974,2023-12,2024-01,False
1974,2024-01,2024-02,False
1974,2024-02,2024-03,False
1974,2024-03,2024-04,False
1974,2024-04,2024-05,False
1974,2024-05,2024-06,False
1974,2024-06,2024-07,False
1974,2024-07,2024-08,False
1974,2024-08,2024-09,False
1974,2024-09,2024-10,False
1974,2024-10,2024-11,False
1974,2024-11,2024-12,False
1975,2023-12,2024-01,False
1975,2024-01,2024-02,False
1975,2024-02,2024-03,False
1975,2024-03,2024-04,False
1975,2024-04,2024-05,False
1975,2024-05,2024-06,False
1975,2024-06,2024-07,False
1975,2024-07,2024-08,False
1975,2024-08,2024-09,False
1975,2024-09,2024-10,False
1975,2024-10,2024-11,False
1975,2024-11,2024-12,False
1976,2023-12,2024-01,False
1976,2024-01,2024-02,False
1976,2024-02,2024-03,False
1976,2024-03,2024-04,False
1976,2024-04,2024-05,False
1976,2024-05,2024-06,False
1976,2024-06,2024-07,False
1976,2024-07,2024-08,False
1976,2024-08,2024-09,False
1976,2024-09,2024-10,False
1976,2024-10,2024-11,False
1976,2024-11,2024-12,False
1977,2023-12,2024-01,False
1977,2024-01,2024-02,False
1977,2024-02,2024-03,False
1977,2024-03,2024-04,False
1977,2024-04,2024-05,False
1977,2024-05,2024-06,False
1977,2024-06,2024-07,False
1977,2024-07,2024-08,False
1977,2024-08,2024-09,False
1977,2024-09,2024-10,False
1977,2024-10,2024-11,False
1977,2024-11,2024-12,False
1978,2023-12,2024-01,False
1978,2024-01,2024-02,False
1978,2024-02,2024-03,False
1978,2024-03,2024-04,False
1978,2024-04,2024-05,False
1978,2024-05,2024-06,False
1978,2024-06,2024-07,False
1978,2024-07,2024-08,False
1978,2024-08,2024-09,False
1978,2024-09,2024-10,False
1978,2024-10,2024-11,False
1978,2024-11,2024-12,False
1979,2023-12,2024-01,False
1979,2024-01,2024-02,False
1979,2024-02,2024-03,False
1979,2024-03,2024-04,False
1979,2024-04,2024-05,False
1979,2024-05,2024-06,False
1979,2024-06,2024-07,False
1979,2024-07,2024-08,False
1979,2024-08,2024-09,False
1979,2024-09,2024-10,False
1979,2024-10,2024-11,False
1979,2024-11,2024-12,False
1980,2023-12,2024-01,False
1980,2024-01,2024-02,False
1980,2024-02,2024-03,False
1980,2024-03,2024-04,False
1980,2024-04,2024-05,False
1980,2024-05,2024-06,False
1980,2024-06,2024-07,False
1980,2024-07,2024-08,False
1980,2024-08,2024-09,False
1980,2024-09,2024-10,False
1980,2024-10,2024-11,False
1980,2024-11,2024-12,False
1981,2023-12,2024-01,False
1981,2024-01,2024-02,False
1981,2024-02,2024-03,False
1981,2024-03,2024-04,False
1981,2024-04,2024-05,False
1981,2024-05,2024-06,False
1981,2024-06,2024-07,False
1981,2024-07,2024-08,False
1981,2024-08,2024-09,False
1981,2024-09,2024-10,False
1981,2024-10,2024-11,False
1981,2024-11,2024-12,False
1982,2023-12,2024-01,False
1982,2024-01,2024-02,False
1982,2024-02,2024-03,False
1982,2024-03,2024-04,False
1982,2024-04,2024-05,False
1982,2024-05,2024-06,False
1982,2024-06,2024-07,False
1982,2024-07,2024-08,False
1982,2024-08,2024-09,False
1982,2024-09,2024-10,False
1982,2024-10,2024-11,False
1982,2024-11,2024-12,False
1983,2023-12,2024-01,False
1983,2024-01,2024-02,False
1983,2024-02,2024-03,False
1983,2024-03,2024-04,False
1983,2024-04,2024-05,False
1983,2024-05,2024-06,False
1983,2024-06,2024-07,False
1983,2024-07,2024-08,False
1983,2024-08,2024-09,False
1983,2024-09,2024-10,False
1983,2024-10,2024-11,False
1983,2024-11,2024-12,False
1984,2023-12,2024-01,False
1984,2024-01,2024-02,False
1984,2024-02,2024-03,False
1984,2024-03,2024-04,False
1984,2024-04,2024-05,False
1984,2024-05,2024-06,False
1984,2024-06,2024-07,False
1984,2024-07,2024-08,False
1984,2024-08,2024-09,False
1984,2024-09,2024-10,False
1984,2024-10,2024-11,False
1984,2024-11,2024-12,False
1985,2023-12,2024-01,False
1985,2024-01,2024-02,False
1985,2024-02,2024-03,False
1985,2024-03,2024-04,False
1985,2024-04,2024-05,False
1985,2024-05,2024-06,False
1985,2024-06,2024-07,False
1985,2024-07,2024-08,False
1985,2024-08,2024-09,False
1985,2024-09,2024-10,False
1985,2024-10,2024-11,False
1985,2024-11,2024-12,False
1986,2023-12,2024-01,False
1986,2024-01,2024-02,False
1986,2024-02,2024-03,False
1986,2024-03,2024-04,False
1986,2024-04,2024-05,False
1986,2024-05,2024-06,False
1986,2024-06,2024-07,False
1986,2024-07,2024-08,False
1986,2024-08,2024-09,False
1986,2024-09,2024-10,False
1986,2024-10,2024-11,False
1986,2024-11,2024-12,False
1987,2023-12,2024-01,False
1987,2024-01,2024-02,False
1987,2024-02,2024-03,False
1987,2024-03,2024-04,False
1987,2024-04,2024-05,False
1987,2024-05,2024-06,False
1987,2024-06,2024-07,False
1987,2024-07,2024-08,False
1987,2024-08,2024-09,False
1987,2024-09,2024-10,False
1987,2024-10,2024-11,False
1987,2024-11,2024-12,False
1988,2023-12,2024-01,False
1988,2024-01,2024-02,False
1988,2024-02,2024-03,False
1988,2024-03,2024-04,False
1988,2024-04,2024-05,False
1988,2024-05,2024-06,False
1988,2024-06,2024-07,False
1988,2024-07,2024-08,False
1988,2024-08,2024-09,False
1988,2024-09,2024-10,False
1988,2024-10,2024-11,False
1988,2024-11,2024-12,False
1989,2023-12,2024-01,False
1989,2024-01,2024-02,False
1989,2024-02,2024-03,False
1989,2024-03,2024-04,False
1989,2024-04,2024-05,False
1989,2024-05,2024-06,False
1989,2024-06,2024-07,False
1989,2024-07,2024-08,False
1989,2024-08,2024-09,False
1989,2024-09,2024-10,False
1989,2024-10,2024-11,False
1989,2024-11,2024-12,False
1990,2023-12,2024-01,False
1990,2024-01,2024-02,False
1990,2024-02,2024-03,False
1990,2024-03,2024-04,False
1990,2024-04,2024-05,False
1990,2024-05,2024-06,False
1990,2024-06,2024-07,False
1990,2024-07,2024-08,False
1990,2024-08,2024-09,False
1990,2024-09,2024-10,False
1990,2024-10,2024-11,False
1990,2024-11,2024-12,False
1991,2023-12,2024-01,False
1991,2024-01,2024-02,False
1991,2024-02,2024-03,False
1991,2024-03,2024-04,False
1991,2024-04,2024-05,False
1991,2024-05,2024-06,False
1991,2024-06,2024-07,False
1991,2024-07,2024-08,False
1991,2024-08,2024-09,False
1991,2024-09,2024-10,False
1991,2024-10,2024-11,False
1991,2024-11,2024-12,False
1992,2023-12,2024-01,False
1992,2024-01,2024-02,False
1992,2024-02,2024-03,False
1992,2024-03,2024-04,False
1992,2024-04,2024-05,False
1992,2024-05,2024-06,False
1992,2024-06,2024-07,False
1992,2024-07,2024-08,False
1992,2024-08,2024-09,False
1992,2024-09,2024-10,False
1992,2024-10,2024-11,False
1992,2024-11,2024-12,False
1993,2023-12,2024-01,False
1993,2024-01,2024-02,False
1993,2024-02,2024-03,False
1993,2024-03,2024-04,False
1993,2024-04,2024-05,False
1993,2024-05,2024-06,False
1993,2024-06,2024-07,False
1993,2024-07,2024-08,False
1993,2024-08,2024-09,False
1993,2024-09,2024-10,False
1993,2024-10,2024-11,False
1993,2024-11,2024-12,False
1994,2023-12,2024-01,False
1994,2024-01,2024-02,False
1994,2024-02,2024-03,False
1994,2024-03,2024-04,False
1994,2024-04,2024-05,False
1994,2024-05,2024-06,False
1994,2024-06,2024-07,False
1994,2024-07,2024-08,False
1994,2024-08,2024-09,False
1994,2024-09,2024-10,False
1994,2024-10,2024-11,False
1994,2024-11,2024-12,False
1995,2023-12,2024-01,False
1995,2024-01,2024-02,False
1995,2024-02,2024-03,False
1995,2024-03,2024-04,False
1995,2024-04,2024-05,False
1995,2024-05,2024-06,False
1995,2024-06,2024-07,False
1995,2024-07,2024-08,False
1995,2024-08,2024-09,False
1995,2024-09,2024-10,False
1995,2024-10,2024-11,False
1995,2024-11,2024-12,False
1996,2023-12,2024-01,False
1996,2024-01,2024-02,False
1996,2024-02,2024-03,False
1996,2024-03,2024-04,False
1996,2024-04,2024-05,False
1996,2024-05,2024-06,False
1996,2024-06,2024-07,False
1996,2024-07,2024-08,False
1996,2024-08,2024-09,False
1996,2024-09,2024-10,False
1996,2024-10,2024-11,False
1996,2024-11,2024-12,False
1997,2023-12,2024-01,False
1997,2024-01,2024-02,False
1997,2024-02,2024-03,False
1997,2024-03,2024-04,False
1997,2024-04,2024-05,False
1997,2024-05,2024-06,False
1997,2024-06,2024-07,False
1997,2024-07,2024-08,False
1997,2024-08,2024-09,False
1997,2024-09,2024-10,False
1997,2024-10,2024-11,False
1997,2024-11,2024-12,False
1999,2023-12,2024-01,False
1999,2024-01,2024-02,False
1999,2024-02,2024-03,False
1999,2024-03,2024-04,False
1999,2024-04,2024-05,False
1999,2024-05,2024-06,False
1999,2024-06,2024-07,False
1999,2024-07,2024-08,False
1999,2024-08,2024-09,False
1999,2024-09,2024-10,False
1999,2024-10,2024-11,False
1999,2024-11,2024-12,False
2000,2023-12,2024-01,False
2000,2024-01,2024-02,False
2000,2024-02,2024-03,False
2000,2024-03,2024-04,False
2000,2024-04,2024-05,False
2000,2024-05,2024-06,False
2000,2024-06,2024-07,False
2000,2024-07,2024-08,False
2000,2024-08,2024-09,False
2000,2024-09,2024-10,False
2000,2024-10,2024-11,False
2000,2024-11,2024-12,False
2001,2023-12,2024-01,False
2001,2024-01,2024-02,False
2001,2024-02,2024-03,False
2001,2024-03,2024-04,False
2001,2024-04,2024-05,False
2001,2024-05,2024-06,False
2001,2024-06,2024-07,False
2001,2024-07,2024-08,False
2001,2024-08,2024-09,False
2001,2024-09,2024-10,False
2001,2024-10,2024-11,False
2001,2024-11,2024-12,False
2002,2023-12,2024-01,False
2002,2024-01,2024-02,False
2002,2024-02,2024-03,False
2002,2024-03,2024-04,False
2002,2024-04,2024-05,False
2002,2024-05,2024-06,False
2002,2024-06,2024-07,False
2002,2024-07,2024-08,False
2002,2024-08,2024-09,False
2002,2024-09,2024-10,False
2002,2024-10,2024-11,False
2002,2024-11,2024-12,False
2004,2023-12,2024-01,False
2004,2024-01,2024-02,False
2004,2024-02,2024-03,False
2004,2024-03,2024-04,False
2004,2024-04,2024-05,False
2004,2024-05,2024-06,False
2004,2024-06,2024-07,False
2004,2024-07,2024-08,False
2004,2024-08,2024-09,False
2004,2024-09,2024-10,False
2004,2024-10,2024-11,False
2004,2024-11,2024-12,False
2005,2023-12,2024-01,False
2005,2024-01,2024-02,False
2005,2024-02,2024-03,False
2005,2024-03,2024-04,False
2005,2024-04,2024-05,False
2005,2024-05,2024-06,False
2005,2024-06,2024-07,False
2005,2024-07,2024-08,False
2005,2024-08,2024-09,False
2005,2024-09,2024-10,False
2005,2024-10,2024-11,False
2005,2024-11,2024-12,False
2006,2023-12,2024-01,False
2006,2024-01,2024-02,False
2006,2024-02,2024-03,False
2006,2024-03,2024-04,False
2006,2024-04,2024-05,False
2006,2024-05,2024-06,False
2006,2024-06,2024-07,False
2006,2024-07,2024-08,False
2006,2024-08,2024-09,False
2006,2024-09,2024-10,False
2006,2024-10,2024-11,False
2006,2024-11,2024-12,False
2007,2023-12,2024-01,False
2007,2024-01,2024-02,False
2007,2024-02,2024-03,False
2007,2024-03,2024-04,False
2007,2024-04,2024-05,False
2007,2024-05,2024-06,False
2007,2024-06,2024-07,False
2007,2024-07,2024-08,False
2007,2024-08,2024-09,False
2007,2024-09,2024-10,False
2007,2024-10,2024-11,False
2007,2024-11,2024-12,False
2008,2023-12,2024-01,False
2008,2024-01,2024-02,False
2008,2024-02,2024-03,False
2008,2024-03,2024-04,False
2008,2024-04,2024-05,False
2008,2024-05,2024-06,False
2008,2024-06,2024-07,False
2008,2024-07,2024-08,False
2008,2024-08,2024-09,False
2008,2024-09,2024-10,False
2008,2024-10,2024-11,False
2008,2024-11,2024-12,False
2009,2023-12,2024-01,False
2009,2024-01,2024-02,False
2009,2024-02,2024-03,False
2009,2024-03,2024-04,False
2009,2024-04,2024-05,False
2009,2024-05,2024-06,False
2009,2024-06,2024-07,False
2009,2024-07,2024-08,False
2009,2024-08,2024-09,False
2009,2024-09,2024-10,False
2009,2024-10,2024-11,False
2009,2024-11,2024-12,False
2010,2023-12,2024-01,False
2010,2024-01,2024-02,False
2010,2024-02,2024-03,False
2010,2024-03,2024-04,False
2010,2024-04,2024-05,False
2010,2024-05,2024-06,False
2010,2024-06,2024-07,False
2010,2024-07,2024-08,False
2010,2024-08,2024-09,False
2010,2024-09,2024-10,False
2010,2024-10,2024-11,False
2010,2024-11,2024-12,False
2011,2023-12,2024-01,False
2011,2024-01,2024-02,False
2011,2024-02,2024-03,False
2011,2024-03,2024-04,False
2011,2024-04,2024-05,False
2011,2024-05,2024-06,False
2011,2024-06,2024-07,False
2011,2024-07,2024-08,False
2011,2024-08,2024-09,False
2011,2024-09,2024-10,False
2011,2024-10,2024-11,False
2011,2024-11,2024-12,False
2012,2023-12,2024-01,False
2012,2024-01,2024-02,False
2012,2024-02,2024-03,False
2012,2024-03,2024-04,False
2012,2024-04,2024-05,False
2012,2024-05,2024-06,False
2012,2024-06,2024-07,False
2012,2024-07,2024-08,False
2012,2024-08,2024-09,False
2012,2024-09,2024-10,False
2012,2024-10,2024-11,False
2012,2024-11,2024-12,False
2015,2023-12,2024-01,False
2015,2024-01,2024-02,False
2015,2024-02,2024-03,False
2015,2024-03,2024-04,False
2015,2024-04,2024-05,False
2015,2024-05,2024-06,False
2015,2024-06,2024-07,False
2015,2024-07,2024-08,False
2015,2024-08,2024-09,False
2015,2024-09,2024-10,False
2015,2024-10,2024-11,False
2015,2024-11,2024-12,False
2016,2023-12,2024-01,False
2016,2024-01,2024-02,False
2016,2024-02,2024-03,False
2016,2024-03,2024-04,False
2017,2023-12,2024-01,False
2017,2024-01,2024-02,False
2017,2024-02,2024-03,False
2017,2024-03,2024-04,False
2017,2024-04,2024-05,False
2017,2024-05,2024-06,False
2017,2024-06,2024-07,False
2017,2024-07,2024-08,False
2017,2024-08,2024-09,False
2017,2024-09,2024-10,False
2017,2024-10,2024-11,False
2017,2024-11,2024-12,False
2018,2023-12,2024-01,False
2018,2024-01,2024-02,False
2018,2024-02,2024-03,False
2018,2024-03,2024-04,False
2018,2024-04,2024-05,False
2018,2024-05,2024-06,False
2018,2024-06,2024-07,False
2018,2024-07,2024-08,False
2018,2024-08,2024-09,False
2018,2024-09,2024-10,False
2018,2024-10,2024-11,False
2018,2024-11,2024-12,False
2019,2023-12,2024-01,False
2019,2024-01,2024-02,False
2019,2024-02,2024-03,False
2019,2024-03,2024-04,False
2019,2024-04,2024-05,False
2019,2024-05,2024-06,False
2019,2024-06,2024-07,False
2019,2024-07,2024-08,False
2019,2024-08,2024-09,False
2019,2024-09,2024-10,False
2019,2024-10,2024-11,False
2019,2024-11,2024-12,False
2020,2023-12,2024-01,False
2020,2024-01,2024-02,False
2020,2024-02,2024-03,False
2020,2024-03,2024-04,False
2020,2024-04,2024-05,False
2021,2023-12,2024-01,False
2021,2024-01,2024-02,False
2021,2024-02,2024-03,False
2021,2024-03,2024-04,False
2021,2024-04,2024-05,False
2021,2024-05,2024-06,False
2021,2024-06,2024-07,False
2021,2024-07,2024-08,False
2021,2024-08,2024-09,False
2021,2024-09,2024-10,False
2021,2024-10,2024-11,False
2021,2024-11,2024-12,False
2022,2023-12,2024-01,False
2022,2024-01,2024-02,False
2022,2024-02,2024-03,False
2022,2024-03,2024-04,False
2022,2024-04,2024-05,False
2022,2024-05,2024-06,False
2022,2024-06,2024-07,False
2022,2024-07,2024-08,False
2022,2024-08,2024-09,False
2022,2024-09,2024-10,False
2022,2024-10,2024-11,False
2022,2024-11,2024-12,False
2023,2023-12,2024-01,False
2023,2024-01,2024-02,False
2023,2024-02,2024-03,False
2023,2024-03,2024-04,False
2023,2024-04,2024-05,False
2023,2024-05,2024-06,False
2023,2024-06,2024-07,False
2023,2024-07,2024-08,False
2023,2024-08,2024-09,False
2023,2024-09,2024-10,False
2023,2024-10,2024-11,False
2023,2024-11,2024-12,False
2024,2023-12,2024-01,False
2024,2024-01,2024-02,False
2024,2024-02,2024-03,False
2024,2024-03,2024-04,False
2024,2024-04,2024-05,False
2024,2024-05,2024-06,False
2024,2024-06,2024-07,False
2024,2024-07,2024-08,False
2024,2024-08,2024-09,False
2024,2024-09,2024-10,False
2024,2024-10,2024-11,False
2024,2024-11,2024-12,False
2025,2023-12,2024-01,False
2025,2024-01,2024-02,False
2025,2024-02,2024-03,False
2025,2024-03,2024-04,False
2025,2024-04,2024-05,False
2025,2024-05,2024-06,False
2025,2024-06,2024-07,False
2025,2024-07,2024-08,False
2025,2024-08,2024-09,False
2025,2024-09,2024-10,False
2025,2024-10,2024-11,False
2025,2024-11,2024-12,False
2027,2023-12,2024-01,False
2027,2024-01,2024-02,False
2027,2024-02,2024-03,False
2027,2024-03,2024-04,False
2027,2024-04,2024-05,False
2027,2024-05,2024-06,False
2027,2024-06,2024-07,False
2027,2024-07,2024-08,False
2027,2024-08,2024-09,False
2027,2024-09,2024-10,False
2027,2024-10,2024-11,False
2027,2024-11,2024-12,False
2028,2023-12,2024-01,False
2028,2024-01,2024-02,False
2028,2024-02,2024-03,False
2028,2024-03,2024-04,False
2028,2024-04,2024-05,False
2028,2024-05,2024-06,False
2028,2024-06,2024-07,False
2028,2024-07,2024-08,False
2028,2024-08,2024-09,False
2028,2024-09,2024-10,False
2028,2024-10,2024-11,False
2028,2024-11,2024-12,False
2030,2023-12,2024-01,False
2030,2024-01,2024-02,False
2030,2024-02,2024-03,False
2030,2024-03,2024-04,False
2030,2024-04,2024-05,False
2030,2024-05,2024-06,False
2030,2024-06,2024-07,False
2030,2024-07,2024-08,False
2030,2024-08,2024-09,False
2030,2024-09,2024-10,False
2030,2024-10,2024-11,False
2030,2024-11,2024-12,False
2031,2023-12,2024-01,False
2031,2024-01,2024-02,False
2031,2024-02,2024-03,False
2031,2024-03,2024-04,False
2031,2024-04,2024-05,False
2031,2024-05,2024-06,False
2031,2024-06,2024-07,False
2031,2024-07,2024-08,False
2031,2024-08,2024-09,False
2031,2024-09,2024-10,False
2031,2024-10,2024-11,False
2031,2024-11,2024-12,False
2032,2023-12,2024-01,False
2032,2024-01,2024-02,False
2032,2024-02,2024-03,False
2032,2024-03,2024-04,False
2032,2024-04,2024-05,False
2032,2024-05,2024-06,False
2032,2024-06,2024-07,False
2032,2024-07,2024-08,False
2032,2024-08,2024-09,False
2032,2024-09,2024-10,False
2032,2024-10,2024-11,False
2032,2024-11,2024-12,False
2033,2023-12,2024-01,False
2033,2024-01,2024-02,False
2033,2024-02,2024-03,False
2033,2024-03,2024-04,False
2033,2024-04,2024-05,False
2033,2024-05,2024-06,False
2033,2024-06,2024-07,False
2033,2024-07,2024-08,False
2033,2024-08,2024-09,False
2033,2024-09,2024-10,False
2033,2024-10,2024-11,False
2033,2024-11,2024-12,False
2034,2023-12,2024-01,False
2034,2024-01,2024-02,False
2034,2024-02,2024-03,False
2034,2024-03,2024-04,False
2034,2024-04,2024-05,False
2034,2024-05,2024-06,False
2034,2024-06,2024-07,False
2034,2024-07,2024-08,False
2034,2024-08,2024-09,False
2034,2024-09,2024-10,False
2034,2024-10,2024-11,False
2034,2024-11,2024-12,False
2035,2023-12,2024-01,False
2035,2024-01,2024-02,False
2035,2024-02,2024-03,False
2035,2024-03,2024-04,False
2035,2024-04,2024-05,False
2035,2024-05,2024-06,False
2035,2024-06,2024-07,False
2035,2024-07,2024-08,False
2035,2024-08,2024-09,False
2035,2024-09,2024-10,False
2035,2024-10,2024-11,False
2035,2024-11,2024-12,False
2036,2023-12,2024-01,False
2036,2024-01,2024-02,False
2036,2024-02,2024-03,False
2036,2024-03,2024-04,False
2036,2024-04,2024-05,False
2036,2024-05,2024-06,False
2036,2024-06,2024-07,False
2036,2024-07,2024-08,False
2036,2024-08,2024-09,False
2036,2024-09,2024-10,False
2036,2024-10,2024-11,False
2036,2024-11,2024-12,False
2037,2023-12,2024-01,False
2037,2024-01,2024-02,False
2037,2024-02,2024-03,False
2037,2024-03,2024-04,False
2037,2024-04,2024-05,False
2037,2024-05,2024-06,False
2037,2024-06,2024-07,False
2037,2024-07,2024-08,False
2037,2024-08,2024-09,False
2037,2024-09,2024-10,False
2037,2024-10,2024-11,False
2037,2024-11,2024-12,False
2039,2023-12,2024-01,False
2039,2024-01,2024-02,False
2039,2024-02,2024-03,False
2039,2024-03,2024-04,False
2039,2024-04,2024-05,False
2039,2024-05,2024-06,False
2039,2024-06,2024-07,False
2039,2024-07,2024-08,False
2039,2024-08,2024-09,False
2039,2024-09,2024-10,False
2039,2024-10,2024-11,False
2039,2024-11,2024-12,False
2040,2023-12,2024-01,False
2040,2024-01,2024-02,False
2040,2024-02,2024-03,False
2040,2024-03,2024-04,False
2040,2024-04,2024-05,False
2040,2024-05,2024-06,False
2040,2024-06,2024-07,False
2040,2024-07,2024-08,False
2040,2024-08,2024-09,False
2040,2024-09,2024-10,False
2040,2024-10,2024-11,False
2040,2024-11,2024-12,False
2041,2023-12,2024-01,False
2041,2024-01,2024-02,False
2041,2024-02,2024-03,False
2041,2024-03,2024-04,False
2041,2024-04,2024-05,False
2041,2024-05,2024-06,False
2041,2024-06,2024-07,False
2041,2024-07,2024-08,False
2041,2024-08,2024-09,False
2041,2024-09,2024-10,False
2041,2024-10,2024-11,False
2041,2024-11,2024-12,False
2042,2023-12,2024-01,False
2042,2024-01,2024-02,False
2042,2024-02,2024-03,False
2042,2024-03,2024-04,False
2042,2024-04,2024-05,False
2042,2024-05,2024-06,False
2042,2024-06,2024-07,False
2042,2024-07,2024-08,False
2042,2024-08,2024-09,False
2042,2024-09,2024-10,False
2042,2024-10,2024-11,False
2042,2024-11,2024-12,False
2043,2023-12,2024-01,False
2043,2024-01,2024-02,False
2043,2024-02,2024-03,False
2043,2024-03,2024-04,False
2043,2024-04,2024-05,False
2043,2024-05,2024-06,False
2043,2024-06,2024-07,False
2043,2024-07,2024-08,False
2043,2024-08,2024-09,False
2043,2024-09,2024-10,False
2043,2024-10,2024-11,False
2043,2024-11,2024-12,False
2044,2023-12,2024-01,False
2044,2024-01,2024-02,False
2044,2024-02,2024-03,False
2044,2024-03,2024-04,False
2044,2024-04,2024-05,False
2044,2024-05,2024-06,False
2044,2024-06,2024-07,False
2044,2024-07,2024-08,False
2044,2024-08,2024-09,False
2044,2024-09,2024-10,False
2044,2024-10,2024-11,False
2044,2024-11,2024-12,False
2045,2023-12,2024-01,False
2045,2024-01,2024-02,False
2045,2024-02,2024-03,False
2045,2024-03,2024-04,False
2045,2024-04,2024-05,False
2045,2024-05,2024-06,False
2045,2024-06,2024-07,False
2045,2024-07,2024-08,False
2045,2024-08,2024-09,False
2045,2024-09,2024-10,False
2045,2024-10,2024-11,False
2045,2024-11,2024-12,False
2046,2023-12,2024-01,False
2046,2024-01,2024-02,False
2046,2024-02,2024-03,False
2046,2024-03,2024-04,False
2046,2024-04,2024-05,False
2046,2024-05,2024-06,False
2046,2024-06,2024-07,False
2046,2024-07,2024-08,False
2046,2024-08,2024-09,False
2046,2024-09,2024-10,False
2046,2024-10,2024-11,False
2046,2024-11,2024-12,False
2047,2023-12,2024-01,False
2047,2024-01,2024-02,False
2047,2024-02,2024-03,False
2047,2024-03,2024-04,False
2047,2024-04,2024-05,False
2047,2024-05,2024-06,False
2047,2024-06,2024-07,False
2047,2024-07,2024-08,False
2047,2024-08,2024-09,False
2047,2024-09,2024-10,False
2047,2024-10,2024-11,False
2047,2024-11,2024-12,False
2048,2023-12,2024-01,False
2048,2024-01,2024-02,False
2048,2024-02,2024-03,False
2048,2024-03,2024-04,False
2048,2024-04,2024-05,False
2048,2024-05,2024-06,False
2048,2024-06,2024-07,False
2048,2024-07,2024-08,False
2048,2024-08,2024-09,False
2048,2024-09,2024-10,False
2048,2024-10,2024-11,False
2048,2024-11,2024-12,False
2049,2023-12,2024-01,False
2049,2024-01,2024-02,False
2049,2024-02,2024-03,False
2049,2024-03,2024-04,False
2049,2024-04,2024-05,False
2049,2024-05,2024-06,False
2049,2024-06,2024-07,False
2049,2024-07,2024-08,False
2049,2024-08,2024-09,False
2049,2024-09,2024-10,False
2049,2024-10,2024-11,False
2049,2024-11,2024-12,False
2050,2023-12,2024-01,False
2050,2024-01,2024-02,False
2050,2024-02,2024-03,False
2050,2024-03,2024-04,False
2050,2024-04,2024-05,False
2050,2024-05,2024-06,False
2050,2024-06,2024-07,False
2050,2024-07,2024-08,False
2050,2024-08,2024-09,False
2050,2024-09,2024-10,False
2050,2024-10,2024-11,False
2050,2024-11,2024-12,False
2051,2023-12,2024-01,False
2051,2024-01,2024-02,False
2051,2024-02,2024-03,False
2051,2024-03,2024-04,False
2051,2024-04,2024-05,False
2051,2024-05,2024-06,False
2051,2024-06,2024-07,False
2051,2024-07,2024-08,False
2051,2024-08,2024-09,False
2051,2024-09,2024-10,False
2051,2024-10,2024-11,False
2051,2024-11,2024-12,False
2052,2023-12,2024-01,False
2052,2024-01,2024-02,False
2052,2024-02,2024-03,False
2052,2024-03,2024-04,False
2052,2024-04,2024-05,False
2052,2024-05,2024-06,False
2052,2024-06,2024-07,False
2052,2024-07,2024-08,False
2052,2024-08,2024-09,False
2052,2024-09,2024-10,False
2052,2024-10,2024-11,False
2052,2024-11,2024-12,False
2053,2023-12,2024-01,False
2053,2024-01,2024-02,False
2053,2024-02,2024-03,False
2053,2024-03,2024-04,False
2053,2024-04,2024-05,False
2053,2024-05,2024-06,False
2053,2024-06,2024-07,False
2053,2024-07,2024-08,False
2053,2024-08,2024-09,False
2053,2024-09,2024-10,False
2053,2024-10,2024-11,False
2053,2024-11,2024-12,False
2054,2023-12,2024-01,False
2054,2024-01,2024-02,False
2054,2024-02,2024-03,False
2054,2024-03,2024-04,False
2054,2024-04,2024-05,False
2054,2024-05,2024-06,False
2054,2024-06,2024-07,False
2054,2024-07,2024-08,False
2054,2024-08,2024-09,False
2054,2024-09,2024-10,False
2054,2024-10,2024-11,False
2054,2024-11,2024-12,False
2055,2023-12,2024-01,False
2055,2024-01,2024-02,False
2055,2024-02,2024-03,False
2055,2024-03,2024-04,False
2055,2024-04,2024-05,False
2055,2024-05,2024-06,False
2055,2024-06,2024-07,False
2055,2024-07,2024-08,False
2055,2024-08,2024-09,False
2055,2024-09,2024-10,False
2055,2024-10,2024-11,False
2055,2024-11,2024-12,False
2056,2023-12,2024-01,False
2056,2024-01,2024-02,False
2056,2024-02,2024-03,False
2056,2024-03,2024-04,False
2056,2024-04,2024-05,False
2056,2024-05,2024-06,False
2056,2024-06,2024-07,False
2056,2024-07,2024-08,False
2056,2024-08,2024-09,False
2056,2024-09,2024-10,False
2056,2024-10,2024-11,False
2056,2024-11,2024-12,False
2057,2023-12,2024-01,False
2057,2024-01,2024-02,False
2057,2024-02,2024-03,False
2057,2024-03,2024-04,False
2057,2024-04,2024-05,False
2057,2024-05,2024-06,False
2057,2024-06,2024-07,False
2057,2024-07,2024-08,False
2057,2024-08,2024-09,False
2057,2024-09,2024-10,False
2057,2024-10,2024-11,False
2057,2024-11,2024-12,False
2058,2023-12,2024-01,False
2058,2024-01,2024-02,False
2058,2024-02,2024-03,False
2058,2024-03,2024-04,False
2058,2024-04,2024-05,False
2058,2024-05,2024-06,False
2058,2024-06,2024-07,False
2058,2024-07,2024-08,False
2058,2024-08,2024-09,False
2058,2024-09,2024-10,False
2058,2024-10,2024-11,False
2058,2024-11,2024-12,False
2059,2023-12,2024-01,False
2059,2024-01,2024-02,False
2059,2024-02,2024-03,False
2059,2024-03,2024-04,False
2059,2024-04,2024-05,False
2059,2024-05,2024-06,False
2059,2024-06,2024-07,False
2059,2024-07,2024-08,False
2059,2024-08,2024-09,False
2059,2024-09,2024-10,False
2059,2024-10,2024-11,False
2059,2024-11,2024-12,False
2060,2023-12,2024-01,False
2060,2024-01,2024-02,False
2060,2024-02,2024-03,False
2060,2024-03,2024-04,False
2060,2024-04,2024-05,False
2060,2024-05,2024-06,False
2060,2024-06,2024-07,False
2060,2024-07,2024-08,False
2060,2024-08,2024-09,False
2060,2024-09,2024-10,False
2060,2024-10,2024-11,False
2060,2024-11,2024-12,False
2061,2023-12,2024-01,False
2061,2024-01,2024-02,False
2061,2024-02,2024-03,False
2061,2024-03,2024-04,False
2061,2024-04,2024-05,False
2061,2024-05,2024-06,False
2061,2024-06,2024-07,False
2061,2024-07,2024-08,False
2061,2024-08,2024-09,False
2061,2024-09,2024-10,False
2061,2024-10,2024-11,False
2061,2024-11,2024-12,False
2062,2023-12,2024-01,False
2062,2024-01,2024-02,False
2062,2024-02,2024-03,False
2062,2024-03,2024-04,False
2062,2024-04,2024-05,False
2062,2024-05,2024-06,False
2062,2024-06,2024-07,False
2062,2024-07,2024-08,False
2062,2024-08,2024-09,False
2062,2024-09,2024-10,False
2062,2024-10,2024-11,False
2062,2024-11,2024-12,False
2063,2023-12,2024-01,False
2063,2024-01,2024-02,False
2063,2024-02,2024-03,False
2063,2024-03,2024-04,False
2063,2024-04,2024-05,False
2063,2024-05,2024-06,False
2063,2024-06,2024-07,False
2063,2024-07,2024-08,False
2063,2024-08,2024-09,False
2063,2024-09,2024-10,False
2063,2024-10,2024-11,False
2063,2024-11,2024-12,False
2064,2023-12,2024-01,False
2064,2024-01,2024-02,False
2064,2024-02,2024-03,False
2064,2024-03,2024-04,False
2064,2024-04,2024-05,False
2064,2024-05,2024-06,False
2064,2024-06,2024-07,False
2064,2024-07,2024-08,False
2064,2024-08,2024-09,False
2064,2024-09,2024-10,False
2064,2024-10,2024-11,False
2064,2024-11,2024-12,False
2065,2023-12,2024-01,False
2065,2024-01,2024-02,False
2065,2024-02,2024-03,False
2065,2024-03,2024-04,False
2065,2024-04,2024-05,False
2065,2024-05,2024-06,False
2065,2024-06,2024-07,False
2065,2024-07,2024-08,False
2065,2024-08,2024-09,False
2065,2024-09,2024-10,False
2065,2024-10,2024-11,False
2065,2024-11,2024-12,False
2066,2023-12,2024-01,False
2066,2024-01,2024-02,False
2066,2024-02,2024-03,False
2066,2024-03,2024-04,False
2066,2024-04,2024-05,False
2066,2024-05,2024-06,False
2066,2024-06,2024-07,False
2066,2024-07,2024-08,False
2066,2024-08,2024-09,False
2066,2024-09,2024-10,False
2066,2024-10,2024-11,False
2066,2024-11,2024-12,False
2067,2023-12,2024-01,False
2067,2024-01,2024-02,False
2067,2024-02,2024-03,False
2067,2024-03,2024-04,False
2067,2024-04,2024-05,False
2067,2024-05,2024-06,False
2067,2024-06,2024-07,False
2067,2024-07,2024-08,False
2067,2024-08,2024-09,False
2067,2024-09,2024-10,False
2067,2024-10,2024-11,False
2067,2024-11,2024-12,False
2068,2023-12,2024-01,False
2068,2024-01,2024-02,False
2068,2024-02,2024-03,False
2068,2024-03,2024-04,False
2068,2024-04,2024-05,False
2068,2024-05,2024-06,False
2068,2024-06,2024-07,False
2068,2024-07,2024-08,False
2068,2024-08,2024-09,False
2068,2024-09,2024-10,False
2068,2024-10,2024-11,False
2068,2024-11,2024-12,False
2069,2023-12,2024-01,False
2069,2024-01,2024-02,False
2069,2024-02,2024-03,False
2069,2024-03,2024-04,False
2069,2024-04,2024-05,False
2069,2024-05,2024-06,False
2069,2024-06,2024-07,False
2069,2024-07,2024-08,False
2069,2024-08,2024-09,False
2069,2024-09,2024-10,False
2069,2024-10,2024-11,False
2069,2024-11,2024-12,False
2070,2023-12,2024-01,False
2070,2024-01,2024-02,False
2070,2024-02,2024-03,False
2070,2024-03,2024-04,False
2070,2024-04,2024-05,False
2070,2024-05,2024-06,False
2070,2024-06,2024-07,False
2070,2024-07,2024-08,False
2070,2024-08,2024-09,False
2070,2024-09,2024-10,False
2070,2024-10,2024-11,False
2070,2024-11,2024-12,False
2072,2023-12,2024-01,False
2072,2024-01,2024-02,False
2072,2024-02,2024-03,False
2072,2024-03,2024-04,False
2072,2024-04,2024-05,False
2072,2024-05,2024-06,False
2072,2024-06,2024-07,False
2072,2024-07,2024-08,False
2072,2024-08,2024-09,False
2072,2024-09,2024-10,False
2072,2024-10,2024-11,False
2072,2024-11,2024-12,False
2073,2023-12,2024-01,False
2073,2024-01,2024-02,False
2073,2024-02,2024-03,False
2073,2024-03,2024-04,False
2073,2024-04,2024-05,False
2073,2024-05,2024-06,False
2073,2024-06,2024-07,False
2073,2024-07,2024-08,False
2073,2024-08,2024-09,False
2073,2024-09,2024-10,False
2073,2024-10,2024-11,False
2073,2024-11,2024-12,False
2074,2023-12,2024-01,False
2074,2024-01,2024-02,False
2074,2024-02,2024-03,False
2074,2024-03,2024-04,False
2074,2024-04,2024-05,False
2074,2024-05,2024-06,False
2074,2024-06,2024-07,False
2074,2024-07,2024-08,False
2074,2024-08,2024-09,False
2074,2024-09,2024-10,False
2074,2024-10,2024-11,False
2074,2024-11,2024-12,False
2075,2023-12,2024-01,False
2075,2024-01,2024-02,False
2075,2024-02,2024-03,False
2075,2024-03,2024-04,False
2075,2024-04,2024-05,False
2075,2024-05,2024-06,False
2075,2024-06,2024-07,False
2075,2024-07,2024-08,False
2075,2024-08,2024-09,False
2075,2024-09,2024-10,False
2075,2024-10,2024-11,False
2075,2024-11,2024-12,False
2076,2023-12,2024-01,False
2076,2024-01,2024-02,False
2076,2024-02,2024-03,False
2076,2024-03,2024-04,False
2076,2024-04,2024-05,False
2076,2024-05,2024-06,False
2076,2024-06,2024-07,False
2076,2024-07,2024-08,False
2076,2024-08,2024-09,False
2076,2024-09,2024-10,False
2076,2024-10,2024-11,False
2076,2024-11,2024-12,False
2077,2023-12,2024-01,False
2077,2024-01,2024-02,False
2077,2024-02,2024-03,False
2077,2024-03,2024-04,False
2077,2024-04,2024-05,False
2077,2024-05,2024-06,False
2077,2024-06,2024-07,False
2077,2024-07,2024-08,False
2077,2024-08,2024-09,False
2077,2024-09,2024-10,False
2077,2024-10,2024-11,False
2077,2024-11,2024-12,False
2078,2023-12,2024-01,False
2078,2024-01,2024-02,False
2078,2024-02,2024-03,False
2078,2024-03,2024-04,False
2078,2024-04,2024-05,False
2078,2024-05,2024-06,False
2078,2024-06,2024-07,False
2078,2024-07,2024-08,False
2078,2024-08,2024-09,False
2078,2024-09,2024-10,False
2078,2024-10,2024-11,False
2078,2024-11,2024-12,False
2079,2023-12,2024-01,False
2079,2024-01,2024-02,False
2079,2024-02,2024-03,False
2079,2024-03,2024-04,False
2079,2024-04,2024-05,False
2079,2024-05,2024-06,False
2079,2024-06,2024-07,False
2079,2024-07,2024-08,False
2079,2024-08,2024-09,False
2079,2024-09,2024-10,False
2079,2024-10,2024-11,False
2079,2024-11,2024-12,False
2080,2023-12,2024-01,False
2080,2024-01,2024-02,False
2080,2024-02,2024-03,False
2080,2024-03,2024-04,False
2080,2024-04,2024-05,False
2080,2024-05,2024-06,False
2080,2024-06,2024-07,False
2080,2024-07,2024-08,False
2080,2024-08,2024-09,False
2080,2024-09,2024-10,False
2080,2024-10,2024-11,False
2080,2024-11,2024-12,False
2081,2023-12,2024-01,False
2081,2024-01,2024-02,False
2081,2024-02,2024-03,False
2081,2024-03,2024-04,False
2081,2024-04,2024-05,False
2081,2024-05,2024-06,False
2081,2024-06,2024-07,False
2081,2024-07,2024-08,False
2081,2024-08,2024-09,False
2081,2024-09,2024-10,False
2081,2024-10,2024-11,False
2081,2024-11,2024-12,False
2082,2023-12,2024-01,False
2082,2024-01,2024-02,False
2082,2024-02,2024-03,False
2082,2024-03,2024-04,False
2082,2024-04,2024-05,False
2082,2024-05,2024-06,False
2082,2024-06,2024-07,False
2082,2024-07,2024-08,False
2082,2024-08,2024-09,False
2082,2024-09,2024-10,False
2082,2024-10,2024-11,False
2082,2024-11,2024-12,False
2085,2023-12,2024-01,False
2085,2024-01,2024-02,False
2085,2024-02,2024-03,False
2085,2024-03,2024-04,False
2085,2024-04,2024-05,False
2085,2024-05,2024-06,False
2085,2024-06,2024-07,False
2085,2024-07,2024-08,False
2085,2024-08,2024-09,False
2085,2024-09,2024-10,False
2085,2024-10,2024-11,False
2085,2024-11,2024-12,False
2087,2023-12,2024-01,False
2087,2024-01,2024-02,False
2087,2024-02,2024-03,False
2087,2024-03,2024-04,False
2087,2024-04,2024-05,False
2087,2024-05,2024-06,False
2087,2024-06,2024-07,False
2087,2024-07,2024-08,False
2087,2024-08,2024-09,False
2087,2024-09,2024-10,False
2087,2024-10,2024-11,False
2087,2024-11,2024-12,False
2088,2023-12,2024-01,False
2088,2024-01,2024-02,False
2088,2024-02,2024-03,False
2088,2024-03,2024-04,False
2088,2024-04,2024-05,False
2088,2024-05,2024-06,False
2088,2024-06,2024-07,False
2088,2024-07,2024-08,False
2088,2024-08,2024-09,False
2088,2024-09,2024-10,False
2088,2024-10,2024-11,False
2088,2024-11,2024-12,False
2089,2023-12,2024-01,False
2089,2024-01,2024-02,False
2089,2024-02,2024-03,False
2089,2024-03,2024-04,False
2089,2024-04,2024-05,False
2089,2024-05,2024-06,False
2089,2024-06,2024-07,False
2089,2024-07,2024-08,False
2089,2024-08,2024-09,False
2089,2024-09,2024-10,False
2089,2024-10,2024-11,False
2089,2024-11,2024-12,False
2090,2023-12,2024-01,False
2090,2024-01,2024-02,False
2090,2024-02,2024-03,False
2090,2024-03,2024-04,False
2090,2024-04,2024-05,False
2090,2024-05,2024-06,False
2090,2024-06,2024-07,False
2090,2024-07,2024-08,False
2090,2024-08,2024-09,False
2090,2024-09,2024-10,False
2090,2024-10,2024-11,False
2090,2024-11,2024-12,False
2091,2023-12,2024-01,False
2091,2024-01,2024-02,False
2091,2024-02,2024-03,False
2091,2024-03,2024-04,False
2091,2024-04,2024-05,False
2091,2024-05,2024-06,False
2091,2024-06,2024-07,False
2091,2024-07,2024-08,False
2091,2024-08,2024-09,False
2091,2024-09,2024-10,False
2091,2024-10,2024-11,False
2091,2024-11,2024-12,False
2093,2023-12,2024-01,False
2093,2024-01,2024-02,False
2093,2024-02,2024-03,False
2093,2024-03,2024-04,False
2093,2024-04,2024-05,False
2093,2024-05,2024-06,False
2093,2024-06,2024-07,False
2093,2024-07,2024-08,False
2093,2024-08,2024-09,False
2093,2024-09,2024-10,False
2093,2024-10,2024-11,False
2093,2024-11,2024-12,False
2094,2023-12,2024-01,False
2094,2024-01,2024-02,False
2094,2024-02,2024-03,False
2094,2024-03,2024-04,False
2094,2024-04,2024-05,False
2094,2024-05,2024-06,False
2094,2024-06,2024-07,False
2094,2024-07,2024-08,False
2094,2024-08,2024-09,False
2094,2024-09,2024-10,False
2094,2024-10,2024-11,False
2094,2024-11,2024-12,False
2095,2023-12,2024-01,False
2095,2024-01,2024-02,False
2095,2024-02,2024-03,False
2095,2024-03,2024-04,False
2095,2024-04,2024-05,False
2095,2024-05,2024-06,False
2095,2024-06,2024-07,False
2095,2024-07,2024-08,False
2095,2024-08,2024-09,False
2095,2024-09,2024-10,False
2095,2024-10,2024-11,False
2095,2024-11,2024-12,False
2096,2023-12,2024-01,False
2096,2024-01,2024-02,False
2096,2024-02,2024-03,False
2096,2024-03,2024-04,False
2096,2024-04,2024-05,False
2096,2024-05,2024-06,False
2096,2024-06,2024-07,False
2096,2024-07,2024-08,False
2096,2024-08,2024-09,False
2096,2024-09,2024-10,False
2096,2024-10,2024-11,False
2096,2024-11,2024-12,False
2098,2023-12,2024-01,False
2098,2024-01,2024-02,False
2098,2024-02,2024-03,False
2098,2024-03,2024-04,False
2098,2024-04,2024-05,False
2098,2024-05,2024-06,False
2098,2024-06,2024-07,False
2098,2024-07,2024-08,False
2098,2024-08,2024-09,False
2098,2024-09,2024-10,False
2098,2024-10,2024-11,False
2098,2024-11,2024-12,False
2100,2023-12,2024-01,False
2100,2024-01,2024-02,False
2100,2024-02,2024-03,False
2100,2024-03,2024-04,False
2100,2024-04,2024-05,False
2100,2024-05,2024-06,False
2100,2024-06,2024-07,False
2100,2024-07,2024-08,False
2100,2024-08,2024-09,False
2100,2024-09,2024-10,False
2100,2024-10,2024-11,False
2100,2024-11,2024-12,False
2101,2023-12,2024-01,False
2101,2024-01,2024-02,False
2101,2024-02,2024-03,False
2101,2024-03,2024-04,False
2101,2024-04,2024-05,False
2101,2024-05,2024-06,False
2101,2024-06,2024-07,False
2101,2024-07,2024-08,False
2101,2024-08,2024-09,False
2101,2024-09,2024-10,False
2101,2024-10,2024-11,False
2101,2024-11,2024-12,False
2105,2023-12,2024-01,False
2105,2024-01,2024-02,False
2105,2024-02,2024-03,False
2105,2024-03,2024-04,False
2105,2024-04,2024-05,False
2105,2024-05,2024-06,False
2105,2024-06,2024-07,False
2105,2024-07,2024-08,False
2105,2024-08,2024-09,False
2105,2024-09,2024-10,False
2105,2024-10,2024-11,False
2105,2024-11,2024-12,False
2108,2023-12,2024-01,False
2108,2024-01,2024-02,False
2108,2024-02,2024-03,False
2108,2024-03,2024-04,False
2108,2024-04,2024-05,False
2108,2024-05,2024-06,False
2108,2024-06,2024-07,False
2108,2024-07,2024-08,False
2108,2024-08,2024-09,False
2108,2024-09,2024-10,False
2108,2024-10,2024-11,False
2108,2024-11,2024-12,False
2109,2023-12,2024-01,False
2109,2024-01,2024-02,False
2109,2024-02,2024-03,False
2109,2024-03,2024-04,False
2109,2024-04,2024-05,False
2109,2024-05,2024-06,False
2109,2024-06,2024-07,False
2109,2024-07,2024-08,False
2109,2024-08,2024-09,False
2109,2024-09,2024-10,False
2109,2024-10,2024-11,False
2109,2024-11,2024-12,False
2110,2023-12,2024-01,False
2110,2024-01,2024-02,False
2110,2024-02,2024-03,False
2110,2024-03,2024-04,False
2110,2024-04,2024-05,False
2110,2024-05,2024-06,False
2110,2024-06,2024-07,False
2110,2024-07,2024-08,False
2110,2024-08,2024-09,False
2110,2024-09,2024-10,False
2110,2024-10,2024-11,False
2110,2024-11,2024-12,False
2111,2023-12,2024-01,False
2111,2024-01,2024-02,False
2111,2024-02,2024-03,False
2111,2024-03,2024-04,False
2111,2024-04,2024-05,False
2111,2024-05,2024-06,False
2111,2024-06,2024-07,False
2111,2024-07,2024-08,False
2111,2024-08,2024-09,False
2111,2024-09,2024-10,False
2111,2024-10,2024-11,False
2111,2024-11,2024-12,False
2112,2023-12,2024-01,False
2112,2024-01,2024-02,False
2112,2024-02,2024-03,False
2112,2024-03,2024-04,False
2112,2024-04,2024-05,False
2112,2024-05,2024-06,False
2112,2024-06,2024-07,False
2112,2024-07,2024-08,False
2112,2024-08,2024-09,False
2112,2024-09,2024-10,False
2112,2024-10,2024-11,False
2112,2024-11,2024-12,False
2113,2023-12,2024-01,False
2113,2024-01,2024-02,False
2113,2024-02,2024-03,False
2113,2024-03,2024-04,False
2113,2024-04,2024-05,False
2113,2024-05,2024-06,False
2113,2024-06,2024-07,False
2113,2024-07,2024-08,False
2113,2024-08,2024-09,False
2113,2024-09,2024-10,False
2113,2024-10,2024-11,False
2113,2024-11,2024-12,False
2114,2023-12,2024-01,False
2114,2024-01,2024-02,False
2114,2024-02,2024-03,False
2114,2024-03,2024-04,False
2114,2024-04,2024-05,False
2114,2024-05,2024-06,False
2114,2024-06,2024-07,False
2114,2024-07,2024-08,False
2114,2024-08,2024-09,False
2114,2024-09,2024-10,False
2114,2024-10,2024-11,False
2114,2024-11,2024-12,False
2116,2023-12,2024-01,False
2116,2024-01,2024-02,False
2116,2024-02,2024-03,False
2116,2024-03,2024-04,False
2116,2024-04,2024-05,False
2116,2024-05,2024-06,False
2116,2024-06,2024-07,False
2116,2024-07,2024-08,False
2116,2024-08,2024-09,False
2116,2024-09,2024-10,False
2116,2024-10,2024-11,False
2116,2024-11,2024-12,False
2117,2023-12,2024-01,False
2117,2024-01,2024-02,False
2117,2024-02,2024-03,False
2117,2024-03,2024-04,False
2117,2024-04,2024-05,False
2117,2024-05,2024-06,False
2117,2024-06,2024-07,False
2117,2024-07,2024-08,False
2117,2024-08,2024-09,False
2117,2024-09,2024-10,False
2117,2024-10,2024-11,False
2117,2024-11,2024-12,False
2118,2023-12,2024-01,False
2118,2024-01,2024-02,False
2118,2024-02,2024-03,False
2118,2024-03,2024-04,False
2118,2024-04,2024-05,False
2118,2024-05,2024-06,False
2118,2024-06,2024-07,False
2118,2024-07,2024-08,False
2118,2024-08,2024-09,False
2118,2024-09,2024-10,False
2118,2024-10,2024-11,False
2118,2024-11,2024-12,False
2119,2023-12,2024-01,False
2119,2024-01,2024-02,False
2119,2024-02,2024-03,False
2119,2024-03,2024-04,False
2119,2024-04,2024-05,False
2119,2024-05,2024-06,False
2119,2024-06,2024-07,False
2119,2024-07,2024-08,False
2119,2024-08,2024-09,False
2119,2024-09,2024-10,False
2119,2024-10,2024-11,False
2119,2024-11,2024-12,False
2120,2023-12,2024-01,False
2120,2024-01,2024-02,False
2120,2024-02,2024-03,False
2120,2024-03,2024-04,False
2120,2024-04,2024-05,False
2120,2024-05,2024-06,False
2120,2024-06,2024-07,False
2120,2024-07,2024-08,False
2120,2024-08,2024-09,False
2120,2024-09,2024-10,False
2120,2024-10,2024-11,False
2120,2024-11,2024-12,False
2121,2023-12,2024-01,False
2121,2024-01,2024-02,False
2121,2024-02,2024-03,False
2121,2024-03,2024-04,False
2121,2024-04,2024-05,False
2121,2024-05,2024-06,False
2121,2024-06,2024-07,False
2121,2024-07,2024-08,False
2121,2024-08,2024-09,False
2121,2024-09,2024-10,False
2121,2024-10,2024-11,False
2121,2024-11,2024-12,False
2122,2023-12,2024-01,False
2122,2024-01,2024-02,False
2122,2024-02,2024-03,False
2122,2024-03,2024-04,False
2122,2024-04,2024-05,False
2122,2024-05,2024-06,False
2122,2024-06,2024-07,False
2122,2024-07,2024-08,False
2122,2024-08,2024-09,False
2122,2024-09,2024-10,False
2122,2024-10,2024-11,False
2122,2024-11,2024-12,False
2124,2023-12,2024-01,False
2124,2024-01,2024-02,False
2124,2024-02,2024-03,False
2124,2024-03,2024-04,False
2124,2024-04,2024-05,False
2124,2024-05,2024-06,False
2124,2024-06,2024-07,False
2124,2024-07,2024-08,False
2124,2024-08,2024-09,False
2124,2024-09,2024-10,False
2124,2024-10,2024-11,False
2124,2024-11,2024-12,False
2125,2023-12,2024-01,False
2125,2024-01,2024-02,False
2125,2024-02,2024-03,False
2125,2024-03,2024-04,False
2125,2024-04,2024-05,False
2125,2024-05,2024-06,False
2125,2024-06,2024-07,False
2125,2024-07,2024-08,False
2125,2024-08,2024-09,False
2125,2024-09,2024-10,False
2125,2024-10,2024-11,False
2125,2024-11,2024-12,False
2126,2023-12,2024-01,False
2126,2024-01,2024-02,False
2126,2024-02,2024-03,False
2126,2024-03,2024-04,False
2126,2024-04,2024-05,False
2126,2024-05,2024-06,False
2126,2024-06,2024-07,False
2126,2024-07,2024-08,False
2126,2024-08,2024-09,False
2126,2024-09,2024-10,False
2126,2024-10,2024-11,False
2126,2024-11,2024-12,False
2127,2023-12,2024-01,False
2127,2024-01,2024-02,False
2127,2024-02,2024-03,False
2127,2024-03,2024-04,False
2127,2024-04,2024-05,False
2127,2024-05,2024-06,False
2127,2024-06,2024-07,False
2127,2024-07,2024-08,False
2127,2024-08,2024-09,False
2127,2024-09,2024-10,False
2127,2024-10,2024-11,False
2127,2024-11,2024-12,False
2128,2023-12,2024-01,False
2128,2024-01,2024-02,False
2128,2024-02,2024-03,False
2128,2024-03,2024-04,False
2128,2024-04,2024-05,False
2128,2024-05,2024-06,False
2128,2024-06,2024-07,False
2128,2024-07,2024-08,False
2128,2024-08,2024-09,False
2128,2024-09,2024-10,False
2128,2024-10,2024-11,False
2128,2024-11,2024-12,False
2129,2023-12,2024-01,False
2129,2024-01,2024-02,False
2129,2024-02,2024-03,False
2129,2024-03,2024-04,False
2129,2024-04,2024-05,False
2129,2024-05,2024-06,False
2129,2024-06,2024-07,False
2129,2024-07,2024-08,False
2129,2024-08,2024-09,False
2129,2024-09,2024-10,False
2129,2024-10,2024-11,False
2129,2024-11,2024-12,False
2130,2023-12,2024-01,False
2130,2024-01,2024-02,False
2130,2024-02,2024-03,False
2130,2024-03,2024-04,False
2130,2024-04,2024-05,False
2130,2024-05,2024-06,False
2130,2024-06,2024-07,False
2130,2024-07,2024-08,False
2130,2024-08,2024-09,False
2130,2024-09,2024-10,False
2130,2024-10,2024-11,False
2130,2024-11,2024-12,False
2131,2023-12,2024-01,False
2131,2024-01,2024-02,False
2131,2024-02,2024-03,False
2131,2024-03,2024-04,False
2131,2024-04,2024-05,False
2131,2024-05,2024-06,False
2131,2024-06,2024-07,False
2131,2024-07,2024-08,False
2131,2024-08,2024-09,False
2131,2024-09,2024-10,False
2131,2024-10,2024-11,False
2131,2024-11,2024-12,False
2132,2023-12,2024-01,False
2132,2024-01,2024-02,False
2132,2024-02,2024-03,False
2132,2024-03,2024-04,False
2132,2024-04,2024-05,False
2132,2024-05,2024-06,False
2132,2024-06,2024-07,False
2132,2024-07,2024-08,False
2132,2024-08,2024-09,False
2132,2024-09,2024-10,False
2132,2024-10,2024-11,False
2132,2024-11,2024-12,False
2133,2023-12,2024-01,False
2133,2024-01,2024-02,False
2133,2024-02,2024-03,False
2133,2024-03,2024-04,False
2133,2024-04,2024-05,False
2133,2024-05,2024-06,False
2133,2024-06,2024-07,False
2133,2024-07,2024-08,False
2133,2024-08,2024-09,False
2133,2024-09,2024-10,False
2133,2024-10,2024-11,False
2133,2024-11,2024-12,False
2134,2023-12,2024-01,False
2134,2024-01,2024-02,False
2134,2024-02,2024-03,False
2134,2024-03,2024-04,False
2134,2024-04,2024-05,False
2134,2024-05,2024-06,False
2134,2024-06,2024-07,False
2134,2024-07,2024-08,False
2134,2024-08,2024-09,False
2134,2024-09,2024-10,False
2134,2024-10,2024-11,False
2134,2024-11,2024-12,False
2136,2023-12,2024-01,False
2136,2024-01,2024-02,False
2136,2024-02,2024-03,False
2136,2024-03,2024-04,False
2136,2024-04,2024-05,False
2136,2024-05,2024-06,False
2136,2024-06,2024-07,False
2136,2024-07,2024-08,False
2136,2024-08,2024-09,False
2136,2024-09,2024-10,False
2136,2024-10,2024-11,False
2136,2024-11,2024-12,False
2137,2023-12,2024-01,False
2137,2024-01,2024-02,False
2137,2024-02,2024-03,False
2137,2024-03,2024-04,False
2137,2024-04,2024-05,False
2137,2024-05,2024-06,False
2137,2024-06,2024-07,False
2137,2024-07,2024-08,False
2137,2024-08,2024-09,False
2137,2024-09,2024-10,False
2137,2024-10,2024-11,False
2137,2024-11,2024-12,False
2138,2023-12,2024-01,False
2138,2024-01,2024-02,False
2138,2024-02,2024-03,False
2138,2024-03,2024-04,False
2138,2024-04,2024-05,False
2138,2024-05,2024-06,False
2138,2024-06,2024-07,False
2138,2024-07,2024-08,False
2138,2024-08,2024-09,False
2138,2024-09,2024-10,False
2138,2024-10,2024-11,False
2138,2024-11,2024-12,False
2139,2023-12,2024-01,False
2139,2024-01,2024-02,False
2139,2024-02,2024-03,False
2139,2024-03,2024-04,False
2139,2024-04,2024-05,False
2139,2024-05,2024-06,False
2139,2024-06,2024-07,False
2139,2024-07,2024-08,False
2139,2024-08,2024-09,False
2139,2024-09,2024-10,False
2139,2024-10,2024-11,False
2139,2024-11,2024-12,False
2140,2023-12,2024-01,False
2140,2024-01,2024-02,False
2140,2024-02,2024-03,False
2140,2024-03,2024-04,False
2140,2024-04,2024-05,False
2140,2024-05,2024-06,False
2140,2024-06,2024-07,False
2140,2024-07,2024-08,False
2140,2024-08,2024-09,False
2140,2024-09,2024-10,False
2140,2024-10,2024-11,False
2140,2024-11,2024-12,False
2142,2023-12,2024-01,False
2142,2024-01,2024-02,False
2142,2024-02,2024-03,False
2142,2024-03,2024-04,False
2142,2024-04,2024-05,False
2142,2024-05,2024-06,False
2142,2024-06,2024-07,False
2142,2024-07,2024-08,False
2142,2024-08,2024-09,False
2142,2024-09,2024-10,False
2142,2024-10,2024-11,False
2142,2024-11,2024-12,False
2143,2023-12,2024-01,False
2143,2024-01,2024-02,False
2143,2024-02,2024-03,False
2143,2024-03,2024-04,False
2143,2024-04,2024-05,False
2143,2024-05,2024-06,False
2143,2024-06,2024-07,False
2143,2024-07,2024-08,False
2143,2024-08,2024-09,False
2143,2024-09,2024-10,False
2143,2024-10,2024-11,False
2143,2024-11,2024-12,False
2144,2023-12,2024-01,False
2144,2024-01,2024-02,False
2144,2024-02,2024-03,False
2144,2024-03,2024-04,False
2144,2024-04,2024-05,False
2144,2024-05,2024-06,False
2144,2024-06,2024-07,False
2144,2024-07,2024-08,False
2144,2024-08,2024-09,False
2144,2024-09,2024-10,False
2144,2024-10,2024-11,False
2144,2024-11,2024-12,False
2145,2023-12,2024-01,False
2145,2024-01,2024-02,False
2145,2024-02,2024-03,False
2145,2024-03,2024-04,False
2145,2024-04,2024-05,False
2145,2024-05,2024-06,False
2145,2024-06,2024-07,False
2145,2024-07,2024-08,False
2145,2024-08,2024-09,False
2145,2024-09,2024-10,False
2145,2024-10,2024-11,False
2145,2024-11,2024-12,False
2146,2023-12,2024-01,False
2146,2024-01,2024-02,False
2146,2024-02,2024-03,False
2146,2024-03,2024-04,False
2146,2024-04,2024-05,False
2146,2024-05,2024-06,False
2146,2024-06,2024-07,False
2146,2024-07,2024-08,False
2146,2024-08,2024-09,False
2146,2024-09,2024-10,False
2146,2024-10,2024-11,False
2146,2024-11,2024-12,False
2148,2023-12,2024-01,False
2148,2024-01,2024-02,False
2148,2024-02,2024-03,False
2148,2024-03,2024-04,False
2148,2024-04,2024-05,False
2148,2024-05,2024-06,False
2148,2024-06,2024-07,False
2148,2024-07,2024-08,False
2148,2024-08,2024-09,False
2148,2024-09,2024-10,False
2148,2024-10,2024-11,False
2148,2024-11,2024-12,False
2149,2023-12,2024-01,False
2149,2024-01,2024-02,False
2149,2024-02,2024-03,False
2149,2024-03,2024-04,False
2149,2024-04,2024-05,False
2149,2024-05,2024-06,False
2149,2024-06,2024-07,False
2149,2024-07,2024-08,False
2149,2024-08,2024-09,False
2149,2024-09,2024-10,False
2149,2024-10,2024-11,False
2149,2024-11,2024-12,False
2150,2023-12,2024-01,False
2150,2024-01,2024-02,False
2150,2024-02,2024-03,False
2150,2024-03,2024-04,False
2150,2024-04,2024-05,False
2150,2024-05,2024-06,False
2150,2024-06,2024-07,False
2150,2024-07,2024-08,False
2150,2024-08,2024-09,False
2150,2024-09,2024-10,False
2150,2024-10,2024-11,False
2150,2024-11,2024-12,False
2151,2023-12,2024-01,False
2151,2024-01,2024-02,False
2151,2024-02,2024-03,False
2151,2024-03,2024-04,False
2151,2024-04,2024-05,False
2151,2024-05,2024-06,False
2151,2024-06,2024-07,False
2151,2024-07,2024-08,False
2151,2024-08,2024-09,False
2151,2024-09,2024-10,False
2151,2024-10,2024-11,False
2151,2024-11,2024-12,False
2152,2023-12,2024-01,False
2152,2024-01,2024-02,False
2152,2024-02,2024-03,False
2152,2024-03,2024-04,False
2152,2024-04,2024-05,False
2152,2024-05,2024-06,False
2152,2024-06,2024-07,False
2152,2024-07,2024-08,False
2152,2024-08,2024-09,False
2152,2024-09,2024-10,False
2152,2024-10,2024-11,False
2152,2024-11,2024-12,False
2153,2023-12,2024-01,False
2153,2024-01,2024-02,False
2153,2024-02,2024-03,False
2153,2024-03,2024-04,False
2153,2024-04,2024-05,False
2153,2024-05,2024-06,False
2153,2024-06,2024-07,False
2153,2024-07,2024-08,False
2153,2024-08,2024-09,False
2153,2024-09,2024-10,False
2153,2024-10,2024-11,False
2153,2024-11,2024-12,False
2154,2023-12,2024-01,False
2154,2024-01,2024-02,False
2154,2024-02,2024-03,False
2154,2024-03,2024-04,False
2154,2024-04,2024-05,False
2154,2024-05,2024-06,False
2154,2024-06,2024-07,False
2154,2024-07,2024-08,False
2154,2024-08,2024-09,False
2154,2024-09,2024-10,False
2154,2024-10,2024-11,False
2154,2024-11,2024-12,False
2155,2023-12,2024-01,False
2155,2024-01,2024-02,False
2155,2024-02,2024-03,False
2155,2024-03,2024-04,False
2155,2024-04,2024-05,False
2155,2024-05,2024-06,False
2155,2024-06,2024-07,False
2155,2024-07,2024-08,False
2155,2024-08,2024-09,False
2155,2024-09,2024-10,False
2155,2024-10,2024-11,False
2155,2024-11,2024-12,False
2156,2023-12,2024-01,False
2156,2024-01,2024-02,False
2156,2024-02,2024-03,False
2156,2024-03,2024-04,False
2156,2024-04,2024-05,False
2156,2024-05,2024-06,False
2156,2024-06,2024-07,False
2156,2024-07,2024-08,False
2156,2024-08,2024-09,False
2156,2024-09,2024-10,False
2156,2024-10,2024-11,False
2156,2024-11,2024-12,False
2157,2023-12,2024-01,False
2157,2024-01,2024-02,False
2157,2024-02,2024-03,False
2157,2024-03,2024-04,False
2157,2024-04,2024-05,False
2157,2024-05,2024-06,False
2157,2024-06,2024-07,False
2157,2024-07,2024-08,False
2157,2024-08,2024-09,False
2157,2024-09,2024-10,False
2157,2024-10,2024-11,False
2157,2024-11,2024-12,False
2158,2023-12,2024-01,False
2158,2024-01,2024-02,False
2158,2024-02,2024-03,False
2158,2024-03,2024-04,False
2158,2024-04,2024-05,False
2158,2024-05,2024-06,False
2158,2024-06,2024-07,False
2158,2024-07,2024-08,False
2158,2024-08,2024-09,False
2158,2024-09,2024-10,False
2158,2024-10,2024-11,False
2158,2024-11,2024-12,False
2159,2023-12,2024-01,False
2159,2024-01,2024-02,False
2159,2024-02,2024-03,False
2159,2024-03,2024-04,False
2159,2024-04,2024-05,False
2159,2024-05,2024-06,False
2159,2024-06,2024-07,False
2159,2024-07,2024-08,False
2159,2024-08,2024-09,False
2159,2024-09,2024-10,False
2159,2024-10,2024-11,False
2159,2024-11,2024-12,False
2160,2023-12,2024-01,False
2160,2024-01,2024-02,False
2160,2024-02,2024-03,False
2160,2024-03,2024-04,False
2160,2024-04,2024-05,False
2160,2024-05,2024-06,False
2160,2024-06,2024-07,False
2160,2024-07,2024-08,False
2160,2024-08,2024-09,False
2160,2024-09,2024-10,False
2160,2024-10,2024-11,False
2160,2024-11,2024-12,False
2161,2023-12,2024-01,False
2161,2024-01,2024-02,False
2161,2024-02,2024-03,False
2161,2024-03,2024-04,False
2161,2024-04,2024-05,False
2161,2024-05,2024-06,False
2161,2024-06,2024-07,False
2161,2024-07,2024-08,False
2161,2024-08,2024-09,False
2161,2024-09,2024-10,False
2161,2024-10,2024-11,False
2161,2024-11,2024-12,False
2162,2023-12,2024-01,False
2162,2024-01,2024-02,False
2162,2024-02,2024-03,False
2162,2024-03,2024-04,False
2162,2024-04,2024-05,False
2162,2024-05,2024-06,False
2162,2024-06,2024-07,False
2162,2024-07,2024-08,False
2162,2024-08,2024-09,False
2162,2024-09,2024-10,False
2162,2024-10,2024-11,False
2162,2024-11,2024-12,False
2163,2023-12,2024-01,False
2163,2024-01,2024-02,False
2163,2024-02,2024-03,False
2163,2024-03,2024-04,False
2163,2024-04,2024-05,False
2163,2024-05,2024-06,False
2163,2024-06,2024-07,False
2163,2024-07,2024-08,False
2163,2024-08,2024-09,False
2163,2024-09,2024-10,False
2163,2024-10,2024-11,False
2163,2024-11,2024-12,False
2164,2023-12,2024-01,False
2164,2024-01,2024-02,False
2164,2024-02,2024-03,False
2164,2024-03,2024-04,False
2164,2024-04,2024-05,False
2164,2024-05,2024-06,False
2164,2024-06,2024-07,False
2164,2024-07,2024-08,False
2164,2024-08,2024-09,False
2164,2024-09,2024-10,False
2164,2024-10,2024-11,False
2164,2024-11,2024-12,False
2165,2023-12,2024-01,False
2165,2024-01,2024-02,False
2165,2024-02,2024-03,False
2165,2024-03,2024-04,False
2165,2024-04,2024-05,False
2165,2024-05,2024-06,False
2165,2024-06,2024-07,False
2165,2024-07,2024-08,False
2165,2024-08,2024-09,False
2165,2024-09,2024-10,False
2165,2024-10,2024-11,False
2165,2024-11,2024-12,False
2167,2023-12,2024-01,False
2167,2024-01,2024-02,False
2167,2024-02,2024-03,False
2167,2024-03,2024-04,False
2167,2024-04,2024-05,False
2167,2024-05,2024-06,False
2167,2024-06,2024-07,False
2167,2024-07,2024-08,False
2167,2024-08,2024-09,False
2167,2024-09,2024-10,False
2167,2024-10,2024-11,False
2167,2024-11,2024-12,False
2168,2023-12,2024-01,False
2168,2024-01,2024-02,False
2168,2024-02,2024-03,False
2168,2024-03,2024-04,False
2168,2024-04,2024-05,False
2168,2024-05,2024-06,False
2168,2024-06,2024-07,False
2168,2024-07,2024-08,False
2168,2024-08,2024-09,False
2168,2024-09,2024-10,False
2168,2024-10,2024-11,False
2168,2024-11,2024-12,False
2169,2023-12,2024-01,False
2169,2024-01,2024-02,False
2169,2024-02,2024-03,False
2169,2024-03,2024-04,False
2169,2024-04,2024-05,False
2169,2024-05,2024-06,False
2169,2024-06,2024-07,False
2169,2024-07,2024-08,False
2169,2024-08,2024-09,False
2169,2024-09,2024-10,False
2169,2024-10,2024-11,False
2169,2024-11,2024-12,False
2171,2023-12,2024-01,False
2171,2024-01,2024-02,False
2171,2024-02,2024-03,False
2171,2024-03,2024-04,False
2171,2024-04,2024-05,False
2171,2024-05,2024-06,False
2171,2024-06,2024-07,False
2171,2024-07,2024-08,False
2171,2024-08,2024-09,False
2171,2024-09,2024-10,False
2171,2024-10,2024-11,False
2171,2024-11,2024-12,False
2172,2023-12,2024-01,False
2172,2024-01,2024-02,False
2172,2024-02,2024-03,False
2172,2024-03,2024-04,False
2172,2024-04,2024-05,False
2172,2024-05,2024-06,False
2172,2024-06,2024-07,False
2172,2024-07,2024-08,False
2172,2024-08,2024-09,False
2172,2024-09,2024-10,False
2172,2024-10,2024-11,False
2172,2024-11,2024-12,False
2173,2023-12,2024-01,False
2173,2024-01,2024-02,False
2173,2024-02,2024-03,False
2173,2024-03,2024-04,False
2173,2024-04,2024-05,False
2173,2024-05,2024-06,False
2173,2024-06,2024-07,False
2173,2024-07,2024-08,False
2173,2024-08,2024-09,False
2173,2024-09,2024-10,False
2173,2024-10,2024-11,False
2173,2024-11,2024-12,False
2174,2023-12,2024-01,False
2174,2024-01,2024-02,False
2174,2024-02,2024-03,False
2174,2024-03,2024-04,False
2174,2024-04,2024-05,False
2174,2024-05,2024-06,False
2174,2024-06,2024-07,False
2174,2024-07,2024-08,False
2174,2024-08,2024-09,False
2174,2024-09,2024-10,False
2174,2024-10,2024-11,False
2174,2024-11,2024-12,False
2175,2023-12,2024-01,False
2175,2024-01,2024-02,False
2175,2024-02,2024-03,False
2175,2024-03,2024-04,False
2175,2024-04,2024-05,False
2175,2024-05,2024-06,False
2175,2024-06,2024-07,False
2175,2024-07,2024-08,False
2175,2024-08,2024-09,False
2175,2024-09,2024-10,False
2175,2024-10,2024-11,False
2175,2024-11,2024-12,False
2176,2023-12,2024-01,False
2176,2024-01,2024-02,False
2176,2024-02,2024-03,False
2176,2024-03,2024-04,False
2176,2024-04,2024-05,False
2176,2024-05,2024-06,False
2176,2024-06,2024-07,False
2176,2024-07,2024-08,False
2176,2024-08,2024-09,False
2176,2024-09,2024-10,False
2176,2024-10,2024-11,False
2176,2024-11,2024-12,False
2177,2023-12,2024-01,False
2177,2024-01,2024-02,False
2177,2024-02,2024-03,False
2177,2024-03,2024-04,False
2177,2024-04,2024-05,False
2177,2024-05,2024-06,False
2177,2024-06,2024-07,False
2177,2024-07,2024-08,False
2177,2024-08,2024-09,False
2177,2024-09,2024-10,False
2177,2024-10,2024-11,False
2177,2024-11,2024-12,False
2178,2023-12,2024-01,False
2178,2024-01,2024-02,False
2178,2024-02,2024-03,False
2178,2024-03,2024-04,False
2178,2024-04,2024-05,False
2178,2024-05,2024-06,False
2178,2024-06,2024-07,False
2178,2024-07,2024-08,False
2178,2024-08,2024-09,False
2178,2024-09,2024-10,False
2178,2024-10,2024-11,False
2178,2024-11,2024-12,False
2179,2023-12,2024-01,False
2179,2024-01,2024-02,False
2179,2024-02,2024-03,False
2179,2024-03,2024-04,False
2179,2024-04,2024-05,False
2179,2024-05,2024-06,False
2179,2024-06,2024-07,False
2179,2024-07,2024-08,False
2179,2024-08,2024-09,False
2179,2024-09,2024-10,False
2179,2024-10,2024-11,False
2179,2024-11,2024-12,False
2180,2023-12,2024-01,False
2180,2024-01,2024-02,False
2180,2024-02,2024-03,False
2180,2024-03,2024-04,False
2180,2024-04,2024-05,False
2180,2024-05,2024-06,False
2180,2024-06,2024-07,False
2180,2024-07,2024-08,False
2180,2024-08,2024-09,False
2180,2024-09,2024-10,False
2180,2024-10,2024-11,False
2180,2024-11,2024-12,False
2181,2023-12,2024-01,False
2181,2024-01,2024-02,False
2181,2024-02,2024-03,False
2181,2024-03,2024-04,False
2181,2024-04,2024-05,False
2181,2024-05,2024-06,False
2181,2024-06,2024-07,False
2181,2024-07,2024-08,False
2181,2024-08,2024-09,False
2181,2024-09,2024-10,False
2181,2024-10,2024-11,False
2181,2024-11,2024-12,False
2182,2023-12,2024-01,False
2182,2024-01,2024-02,False
2182,2024-02,2024-03,False
2182,2024-03,2024-04,False
2182,2024-04,2024-05,False
2182,2024-05,2024-06,False
2182,2024-06,2024-07,False
2182,2024-07,2024-08,False
2182,2024-08,2024-09,False
2182,2024-09,2024-10,False
2182,2024-10,2024-11,False
2182,2024-11,2024-12,False
2183,2023-12,2024-01,False
2183,2024-01,2024-02,False
2183,2024-02,2024-03,False
2183,2024-03,2024-04,False
2183,2024-04,2024-05,False
2183,2024-05,2024-06,False
2183,2024-06,2024-07,False
2183,2024-07,2024-08,False
2183,2024-08,2024-09,False
2183,2024-09,2024-10,False
2183,2024-10,2024-11,False
2183,2024-11,2024-12,False
2184,2023-12,2024-01,False
2184,2024-01,2024-02,False
2184,2024-02,2024-03,False
2184,2024-03,2024-04,False
2184,2024-04,2024-05,False
2184,2024-05,2024-06,False
2184,2024-06,2024-07,False
2184,2024-07,2024-08,False
2184,2024-08,2024-09,False
2184,2024-09,2024-10,False
2184,2024-10,2024-11,False
2184,2024-11,2024-12,False
2185,2023-12,2024-01,False
2185,2024-01,2024-02,False
2185,2024-02,2024-03,False
2185,2024-03,2024-04,False
2185,2024-04,2024-05,False
2185,2024-05,2024-06,False
2185,2024-06,2024-07,False
2185,2024-07,2024-08,False
2185,2024-08,2024-09,False
2185,2024-09,2024-10,False
2185,2024-10,2024-11,False
2185,2024-11,2024-12,False
2186,2023-12,2024-01,False
2186,2024-01,2024-02,False
2186,2024-02,2024-03,False
2186,2024-03,2024-04,False
2186,2024-04,2024-05,False
2186,2024-05,2024-06,False
2186,2024-06,2024-07,False
2186,2024-07,2024-08,False
2186,2024-08,2024-09,False
2186,2024-09,2024-10,False
2186,2024-10,2024-11,False
2186,2024-11,2024-12,False
2187,2023-12,2024-01,False
2187,2024-01,2024-02,False
2187,2024-02,2024-03,False
2187,2024-03,2024-04,False
2187,2024-04,2024-05,False
2187,2024-05,2024-06,False
2187,2024-06,2024-07,False
2187,2024-07,2024-08,False
2187,2024-08,2024-09,False
2187,2024-09,2024-10,False
2187,2024-10,2024-11,False
2187,2024-11,2024-12,False
2188,2023-12,2024-01,False
2188,2024-01,2024-02,False
2188,2024-02,2024-03,False
2188,2024-03,2024-04,False
2188,2024-04,2024-05,False
2188,2024-05,2024-06,False
2188,2024-06,2024-07,False
2188,2024-07,2024-08,False
2188,2024-08,2024-09,False
2188,2024-09,2024-10,False
2188,2024-10,2024-11,False
2188,2024-11,2024-12,False
2189,2023-12,2024-01,False
2189,2024-01,2024-02,False
2189,2024-02,2024-03,False
2189,2024-03,2024-04,False
2189,2024-04,2024-05,False
2189,2024-05,2024-06,False
2189,2024-06,2024-07,False
2189,2024-07,2024-08,False
2189,2024-08,2024-09,False
2189,2024-09,2024-10,False
2189,2024-10,2024-11,False
2189,2024-11,2024-12,False
2190,2023-12,2024-01,False
2190,2024-01,2024-02,False
2190,2024-02,2024-03,False
2190,2024-03,2024-04,False
2190,2024-04,2024-05,False
2190,2024-05,2024-06,False
2190,2024-06,2024-07,False
2190,2024-07,2024-08,False
2190,2024-08,2024-09,False
2190,2024-09,2024-10,False
2190,2024-10,2024-11,False
2190,2024-11,2024-12,False
2191,2023-12,2024-01,False
2191,2024-01,2024-02,False
2191,2024-02,2024-03,False
2191,2024-03,2024-04,False
2191,2024-04,2024-05,False
2191,2024-05,2024-06,False
2191,2024-06,2024-07,False
2191,2024-07,2024-08,False
2191,2024-08,2024-09,False
2191,2024-09,2024-10,False
2191,2024-10,2024-11,False
2191,2024-11,2024-12,False
2192,2023-12,2024-01,False
2192,2024-01,2024-02,False
2192,2024-02,2024-03,False
2192,2024-03,2024-04,False
2192,2024-04,2024-05,False
2192,2024-05,2024-06,False
2192,2024-06,2024-07,False
2192,2024-07,2024-08,False
2192,2024-08,2024-09,False
2192,2024-09,2024-10,False
2192,2024-10,2024-11,False
2192,2024-11,2024-12,False
2193,2023-12,2024-01,False
2193,2024-01,2024-02,False
2193,2024-02,2024-03,False
2193,2024-03,2024-04,False
2193,2024-04,2024-05,False
2193,2024-05,2024-06,False
2193,2024-06,2024-07,False
2193,2024-07,2024-08,False
2193,2024-08,2024-09,False
2193,2024-09,2024-10,False
2193,2024-10,2024-11,False
2193,2024-11,2024-12,False
2194,2023-12,2024-01,False
2194,2024-01,2024-02,False
2194,2024-02,2024-03,False
2194,2024-03,2024-04,False
2194,2024-04,2024-05,False
2194,2024-05,2024-06,False
2194,2024-06,2024-07,False
2194,2024-07,2024-08,False
2194,2024-08,2024-09,False
2194,2024-09,2024-10,False
2194,2024-10,2024-11,False
2194,2024-11,2024-12,False
2195,2023-12,2024-01,False
2195,2024-01,2024-02,False
2195,2024-02,2024-03,False
2195,2024-03,2024-04,False
2195,2024-04,2024-05,True
2195,2024-05,2024-06,True
2195,2024-06,2024-07,False
2195,2024-07,2024-08,False
2195,2024-08,2024-09,False
2195,2024-09,2024-10,False
2195,2024-10,2024-11,False
2195,2024-11,2024-12,False
2196,2023-12,2024-01,False
2196,2024-01,2024-02,False
2196,2024-02,2024-03,False
2196,2024-03,2024-04,False
2196,2024-04,2024-05,False
2196,2024-05,2024-06,False
2196,2024-06,2024-07,False
2196,2024-07,2024-08,False
2196,2024-08,2024-09,False
2196,2024-09,2024-10,False
2196,2024-10,2024-11,False
2196,2024-11,2024-12,False
2197,2023-12,2024-01,False
2197,2024-01,2024-02,False
2197,2024-02,2024-03,False
2197,2024-03,2024-04,False
2197,2024-04,2024-05,False
2197,2024-05,2024-06,False
2197,2024-06,2024-07,False
2197,2024-07,2024-08,False
2197,2024-08,2024-09,False
2197,2024-09,2024-10,False
2197,2024-10,2024-11,False
2197,2024-11,2024-12,False
2198,2023-12,2024-01,False
2198,2024-01,2024-02,False
2198,2024-02,2024-03,False
2198,2024-03,2024-04,False
2198,2024-04,2024-05,False
2198,2024-05,2024-06,False
2198,2024-06,2024-07,False
2198,2024-07,2024-08,False
2198,2024-08,2024-09,False
2198,2024-09,2024-10,False
2198,2024-10,2024-11,False
2198,2024-11,2024-12,False
2199,2023-12,2024-01,False
2199,2024-01,2024-02,False
2199,2024-02,2024-03,False
2199,2024-03,2024-04,False
2199,2024-04,2024-05,False
2199,2024-05,2024-06,False
2199,2024-06,2024-07,False
2199,2024-07,2024-08,False
2199,2024-08,2024-09,False
2199,2024-09,2024-10,False
2199,2024-10,2024-11,False
2199,2024-11,2024-12,False
2200,2023-12,2024-01,False
2200,2024-01,2024-02,False
2200,2024-02,2024-03,False
2200,2024-03,2024-04,False
2200,2024-04,2024-05,False
2200,2024-05,2024-06,False
2200,2024-06,2024-07,False
2200,2024-07,2024-08,False
2200,2024-08,2024-09,False
2200,2024-09,2024-10,False
2200,2024-10,2024-11,False
2200,2024-11,2024-12,False
2201,2023-12,2024-01,False
2201,2024-01,2024-02,False
2201,2024-02,2024-03,False
2201,2024-03,2024-04,False
2201,2024-04,2024-05,False
2201,2024-05,2024-06,False
2201,2024-06,2024-07,False
2201,2024-07,2024-08,False
2201,2024-08,2024-09,False
2201,2024-09,2024-10,False
2201,2024-10,2024-11,False
2201,2024-11,2024-12,False
2202,2023-12,2024-01,False
2202,2024-01,2024-02,False
2202,2024-02,2024-03,False
2202,2024-03,2024-04,False
2202,2024-04,2024-05,False
2202,2024-05,2024-06,False
2202,2024-06,2024-07,False
2202,2024-07,2024-08,False
2202,2024-08,2024-09,False
2202,2024-09,2024-10,False
2202,2024-10,2024-11,False
2202,2024-11,2024-12,False
2203,2023-12,2024-01,False
2203,2024-01,2024-02,False
2203,2024-02,2024-03,False
2203,2024-03,2024-04,False
2203,2024-04,2024-05,False
2203,2024-05,2024-06,False
2203,2024-06,2024-07,False
2203,2024-07,2024-08,False
2203,2024-08,2024-09,False
2203,2024-09,2024-10,False
2203,2024-10,2024-11,False
2203,2024-11,2024-12,False
2204,2023-12,2024-01,False
2204,2024-01,2024-02,False
2204,2024-02,2024-03,False
2204,2024-03,2024-04,False
2204,2024-04,2024-05,False
2204,2024-05,2024-06,False
2204,2024-06,2024-07,False
2204,2024-07,2024-08,False
2204,2024-08,2024-09,False
2204,2024-09,2024-10,False
2204,2024-10,2024-11,False
2204,2024-11,2024-12,False
2205,2023-12,2024-01,False
2205,2024-01,2024-02,False
2205,2024-02,2024-03,False
2205,2024-03,2024-04,False
2205,2024-04,2024-05,False
2205,2024-05,2024-06,False
2205,2024-06,2024-07,False
2205,2024-07,2024-08,False
2205,2024-08,2024-09,False
2205,2024-09,2024-10,False
2205,2024-10,2024-11,False
2205,2024-11,2024-12,False
2206,2023-12,2024-01,False
2206,2024-01,2024-02,False
2206,2024-02,2024-03,False
2206,2024-03,2024-04,False
2206,2024-04,2024-05,False
2206,2024-05,2024-06,False
2206,2024-06,2024-07,False
2206,2024-07,2024-08,False
2206,2024-08,2024-09,False
2206,2024-09,2024-10,False
2206,2024-10,2024-11,False
2206,2024-11,2024-12,False
2207,2023-12,2024-01,False
2207,2024-01,2024-02,False
2207,2024-02,2024-03,False
2207,2024-03,2024-04,False
2207,2024-04,2024-05,False
2207,2024-05,2024-06,False
2207,2024-06,2024-07,False
2207,2024-07,2024-08,False
2207,2024-08,2024-09,False
2207,2024-09,2024-10,False
2207,2024-10,2024-11,False
2207,2024-11,2024-12,False
2208,2023-12,2024-01,False
2208,2024-01,2024-02,False
2208,2024-02,2024-03,False
2208,2024-03,2024-04,False
2208,2024-04,2024-05,False
2208,2024-05,2024-06,False
2208,2024-06,2024-07,False
2208,2024-07,2024-08,False
2208,2024-08,2024-09,False
2208,2024-09,2024-10,False
2208,2024-10,2024-11,False
2208,2024-11,2024-12,False
2210,2023-12,2024-01,False
2210,2024-01,2024-02,False
2210,2024-02,2024-03,False
2210,2024-03,2024-04,False
2210,2024-04,2024-05,False
2210,2024-05,2024-06,False
2210,2024-06,2024-07,False
2210,2024-07,2024-08,False
2210,2024-08,2024-09,False
2210,2024-09,2024-10,False
2210,2024-10,2024-11,False
2210,2024-11,2024-12,False
2211,2023-12,2024-01,False
2211,2024-01,2024-02,False
2211,2024-02,2024-03,False
2211,2024-03,2024-04,False
2211,2024-04,2024-05,False
2211,2024-05,2024-06,False
2211,2024-06,2024-07,False
2211,2024-07,2024-08,False
2211,2024-08,2024-09,False
2211,2024-09,2024-10,False
2211,2024-10,2024-11,False
2211,2024-11,2024-12,False
2212,2023-12,2024-01,False
2212,2024-01,2024-02,False
2212,2024-02,2024-03,False
2212,2024-03,2024-04,False
2212,2024-04,2024-05,False
2212,2024-05,2024-06,False
2212,2024-06,2024-07,False
2212,2024-07,2024-08,False
2212,2024-08,2024-09,False
2212,2024-09,2024-10,False
2212,2024-10,2024-11,False
2212,2024-11,2024-12,False
2213,2023-12,2024-01,False
2213,2024-01,2024-02,False
2213,2024-02,2024-03,False
2213,2024-03,2024-04,False
2213,2024-04,2024-05,False
2213,2024-05,2024-06,False
2213,2024-06,2024-07,False
2213,2024-07,2024-08,False
2213,2024-08,2024-09,False
2213,2024-09,2024-10,False
2213,2024-10,2024-11,False
2213,2024-11,2024-12,False
2215,2023-12,2024-01,False
2215,2024-01,2024-02,False
2215,2024-02,2024-03,False
2215,2024-03,2024-04,False
2215,2024-04,2024-05,False
2215,2024-05,2024-06,False
2215,2024-06,2024-07,False
2215,2024-07,2024-08,False
2215,2024-08,2024-09,False
2215,2024-09,2024-10,False
2215,2024-10,2024-11,False
2215,2024-11,2024-12,False
2216,2023-12,2024-01,False
2216,2024-01,2024-02,False
2216,2024-02,2024-03,False
2216,2024-03,2024-04,False
2216,2024-04,2024-05,False
2216,2024-05,2024-06,False
2216,2024-06,2024-07,False
2216,2024-07,2024-08,False
2216,2024-08,2024-09,False
2216,2024-09,2024-10,False
2216,2024-10,2024-11,False
2216,2024-11,2024-12,False
2217,2023-12,2024-01,False
2217,2024-01,2024-02,False
2217,2024-02,2024-03,False
2217,2024-03,2024-04,False
2217,2024-04,2024-05,False
2217,2024-05,2024-06,False
2217,2024-06,2024-07,False
2217,2024-07,2024-08,False
2217,2024-08,2024-09,False
2217,2024-09,2024-10,False
2217,2024-10,2024-11,False
2217,2024-11,2024-12,False
2218,2023-12,2024-01,False
2218,2024-01,2024-02,False
2218,2024-02,2024-03,False
2218,2024-03,2024-04,False
2218,2024-04,2024-05,False
2218,2024-05,2024-06,False
2218,2024-06,2024-07,False
2218,2024-07,2024-08,False
2218,2024-08,2024-09,False
2218,2024-09,2024-10,False
2218,2024-10,2024-11,False
2218,2024-11,2024-12,False
2219,2023-12,2024-01,False
2219,2024-01,2024-02,False
2219,2024-02,2024-03,False
2219,2024-03,2024-04,False
2219,2024-04,2024-05,False
2219,2024-05,2024-06,False
2219,2024-06,2024-07,False
2219,2024-07,2024-08,False
2219,2024-08,2024-09,False
2219,2024-09,2024-10,False
2219,2024-10,2024-11,False
2219,2024-11,2024-12,False
2220,2023-12,2024-01,False
2220,2024-01,2024-02,False
2220,2024-02,2024-03,False
2220,2024-03,2024-04,False
2220,2024-04,2024-05,False
2220,2024-05,2024-06,False
2220,2024-06,2024-07,False
2220,2024-07,2024-08,False
2220,2024-08,2024-09,False
2220,2024-09,2024-10,False
2220,2024-10,2024-11,False
2220,2024-11,2024-12,False
2221,2023-12,2024-01,False
2221,2024-01,2024-02,False
2221,2024-02,2024-03,False
2221,2024-03,2024-04,False
2221,2024-04,2024-05,False
2221,2024-05,2024-06,False
2221,2024-06,2024-07,False
2221,2024-07,2024-08,False
2221,2024-08,2024-09,False
2221,2024-09,2024-10,False
2221,2024-10,2024-11,False
2221,2024-11,2024-12,False
2222,2023-12,2024-01,False
2222,2024-01,2024-02,False
2222,2024-02,2024-03,False
2222,2024-03,2024-04,False
2222,2024-04,2024-05,False
2222,2024-05,2024-06,False
2222,2024-06,2024-07,False
2222,2024-07,2024-08,False
2222,2024-08,2024-09,False
2222,2024-09,2024-10,False
2222,2024-10,2024-11,False
2222,2024-11,2024-12,False
2223,2023-12,2024-01,False
2223,2024-01,2024-02,False
2223,2024-02,2024-03,False
2223,2024-03,2024-04,False
2223,2024-04,2024-05,False
2223,2024-05,2024-06,False
2223,2024-06,2024-07,False
2223,2024-07,2024-08,False
2223,2024-08,2024-09,False
2223,2024-09,2024-10,False
2223,2024-10,2024-11,False
2223,2024-11,2024-12,False
2224,2023-12,2024-01,False
2224,2024-01,2024-02,False
2224,2024-02,2024-03,False
2224,2024-03,2024-04,False
2224,2024-04,2024-05,False
2224,2024-05,2024-06,False
2224,2024-06,2024-07,False
2224,2024-07,2024-08,False
2224,2024-08,2024-09,False
2224,2024-09,2024-10,False
2224,2024-10,2024-11,False
2224,2024-11,2024-12,False
2225,2023-12,2024-01,False
2225,2024-01,2024-02,False
2225,2024-02,2024-03,False
2225,2024-03,2024-04,False
2225,2024-04,2024-05,False
2225,2024-05,2024-06,False
2225,2024-06,2024-07,False
2225,2024-07,2024-08,False
2225,2024-08,2024-09,False
2225,2024-09,2024-10,False
2225,2024-10,2024-11,False
2225,2024-11,2024-12,False
2226,2023-12,2024-01,False
2226,2024-01,2024-02,False
2226,2024-02,2024-03,False
2226,2024-03,2024-04,False
2226,2024-04,2024-05,False
2226,2024-05,2024-06,False
2226,2024-06,2024-07,False
2226,2024-07,2024-08,False
2226,2024-08,2024-09,False
2226,2024-09,2024-10,False
2226,2024-10,2024-11,False
2226,2024-11,2024-12,False
2227,2023-12,2024-01,False
2227,2024-01,2024-02,False
2227,2024-02,2024-03,False
2227,2024-03,2024-04,False
2227,2024-04,2024-05,False
2227,2024-05,2024-06,False
2227,2024-06,2024-07,False
2227,2024-07,2024-08,False
2227,2024-08,2024-09,False
2227,2024-09,2024-10,False
2227,2024-10,2024-11,False
2227,2024-11,2024-12,False
2228,2023-12,2024-01,False
2228,2024-01,2024-02,False
2228,2024-02,2024-03,False
2228,2024-03,2024-04,False
2228,2024-04,2024-05,False
2228,2024-05,2024-06,False
2228,2024-06,2024-07,False
2228,2024-07,2024-08,False
2228,2024-08,2024-09,False
2228,2024-09,2024-10,False
2228,2024-10,2024-11,False
2228,2024-11,2024-12,False
2229,2023-12,2024-01,False
2229,2024-01,2024-02,False
2229,2024-02,2024-03,False
2229,2024-03,2024-04,False
2229,2024-04,2024-05,False
2229,2024-05,2024-06,False
2229,2024-06,2024-07,False
2229,2024-07,2024-08,False
2229,2024-08,2024-09,False
2229,2024-09,2024-10,False
2229,2024-10,2024-11,False
2229,2024-11,2024-12,False
2230,2023-12,2024-01,False
2230,2024-01,2024-02,False
2230,2024-02,2024-03,False
2230,2024-03,2024-04,False
2230,2024-04,2024-05,False
2230,2024-05,2024-06,False
2230,2024-06,2024-07,False
2230,2024-07,2024-08,False
2230,2024-08,2024-09,False
2230,2024-09,2024-10,False
2230,2024-10,2024-11,False
2230,2024-11,2024-12,False
2231,2023-12,2024-01,False
2231,2024-01,2024-02,False
2231,2024-02,2024-03,False
2231,2024-03,2024-04,False
2231,2024-04,2024-05,False
2231,2024-05,2024-06,False
2231,2024-06,2024-07,False
2231,2024-07,2024-08,False
2231,2024-08,2024-09,False
2231,2024-09,2024-10,False
2231,2024-10,2024-11,False
2231,2024-11,2024-12,False
2232,2023-12,2024-01,False
2232,2024-01,2024-02,False
2232,2024-02,2024-03,False
2232,2024-03,2024-04,False
2232,2024-04,2024-05,False
2232,2024-05,2024-06,False
2232,2024-06,2024-07,False
2232,2024-07,2024-08,False
2232,2024-08,2024-09,False
2232,2024-09,2024-10,False
2232,2024-10,2024-11,False
2232,2024-11,2024-12,False
2233,2023-12,2024-01,False
2233,2024-01,2024-02,False
2233,2024-02,2024-03,False
2233,2024-03,2024-04,False
2233,2024-04,2024-05,False
2233,2024-05,2024-06,False
2233,2024-06,2024-07,False
2233,2024-07,2024-08,False
2233,2024-08,2024-09,False
2233,2024-09,2024-10,False
2233,2024-10,2024-11,False
2233,2024-11,2024-12,False
2234,2023-12,2024-01,False
2234,2024-01,2024-02,False
2234,2024-02,2024-03,False
2234,2024-03,2024-04,False
2234,2024-04,2024-05,False
2234,2024-05,2024-06,False
2234,2024-06,2024-07,False
2234,2024-07,2024-08,False
2234,2024-08,2024-09,False
2234,2024-09,2024-10,False
2234,2024-10,2024-11,False
2234,2024-11,2024-12,False
2235,2023-12,2024-01,False
2235,2024-01,2024-02,False
2235,2024-02,2024-03,False
2235,2024-03,2024-04,False
2235,2024-04,2024-05,False
2235,2024-05,2024-06,False
2235,2024-06,2024-07,False
2235,2024-07,2024-08,False
2235,2024-08,2024-09,False
2235,2024-09,2024-10,False
2235,2024-10,2024-11,False
2235,2024-11,2024-12,False
2236,2023-12,2024-01,False
2236,2024-01,2024-02,False
2236,2024-02,2024-03,False
2236,2024-03,2024-04,False
2236,2024-04,2024-05,False
2236,2024-05,2024-06,False
2236,2024-06,2024-07,False
2236,2024-07,2024-08,False
2236,2024-08,2024-09,False
2236,2024-09,2024-10,False
2236,2024-10,2024-11,False
2236,2024-11,2024-12,False
2237,2023-12,2024-01,False
2237,2024-01,2024-02,False
2237,2024-02,2024-03,False
2237,2024-03,2024-04,False
2237,2024-04,2024-05,False
2237,2024-05,2024-06,False
2237,2024-06,2024-07,False
2237,2024-07,2024-08,False
2237,2024-08,2024-09,False
2237,2024-09,2024-10,False
2237,2024-10,2024-11,False
2237,2024-11,2024-12,False
2238,2023-12,2024-01,False
2238,2024-01,2024-02,False
2238,2024-02,2024-03,False
2238,2024-03,2024-04,False
2238,2024-04,2024-05,False
2238,2024-05,2024-06,False
2238,2024-06,2024-07,False
2238,2024-07,2024-08,False
2238,2024-08,2024-09,False
2238,2024-09,2024-10,False
2238,2024-10,2024-11,False
2238,2024-11,2024-12,False
2241,2023-12,2024-01,False
2241,2024-01,2024-02,False
2241,2024-02,2024-03,False
2241,2024-03,2024-04,False
2241,2024-04,2024-05,False
2241,2024-05,2024-06,False
2241,2024-06,2024-07,False
2241,2024-07,2024-08,False
2241,2024-08,2024-09,False
2241,2024-09,2024-10,False
2241,2024-10,2024-11,False
2241,2024-11,2024-12,False
2242,2023-12,2024-01,False
2242,2024-01,2024-02,False
2242,2024-02,2024-03,False
2242,2024-03,2024-04,False
2242,2024-04,2024-05,False
2242,2024-05,2024-06,False
2242,2024-06,2024-07,False
2242,2024-07,2024-08,False
2242,2024-08,2024-09,False
2242,2024-09,2024-10,False
2242,2024-10,2024-11,False
2242,2024-11,2024-12,False
2243,2023-12,2024-01,False
2243,2024-01,2024-02,False
2243,2024-02,2024-03,False
2243,2024-03,2024-04,False
2243,2024-04,2024-05,False
2243,2024-05,2024-06,False
2243,2024-06,2024-07,False
2243,2024-07,2024-08,False
2243,2024-08,2024-09,False
2243,2024-09,2024-10,False
2243,2024-10,2024-11,False
2243,2024-11,2024-12,False
2244,2023-12,2024-01,False
2244,2024-01,2024-02,False
2244,2024-02,2024-03,False
2244,2024-03,2024-04,False
2244,2024-04,2024-05,False
2244,2024-05,2024-06,False
2244,2024-06,2024-07,False
2244,2024-07,2024-08,False
2244,2024-08,2024-09,False
2244,2024-09,2024-10,False
2244,2024-10,2024-11,False
2244,2024-11,2024-12,False
2245,2023-12,2024-01,False
2245,2024-01,2024-02,False
2245,2024-02,2024-03,False
2245,2024-03,2024-04,False
2245,2024-04,2024-05,False
2245,2024-05,2024-06,False
2245,2024-06,2024-07,False
2245,2024-07,2024-08,False
2245,2024-08,2024-09,False
2245,2024-09,2024-10,False
2245,2024-10,2024-11,False
2245,2024-11,2024-12,False
2248,2023-12,2024-01,False
2248,2024-01,2024-02,False
2248,2024-02,2024-03,False
2248,2024-03,2024-04,False
2248,2024-04,2024-05,False
2248,2024-05,2024-06,False
2248,2024-06,2024-07,False
2248,2024-07,2024-08,False
2248,2024-08,2024-09,False
2248,2024-09,2024-10,False
2248,2024-10,2024-11,False
2248,2024-11,2024-12,False
2249,2023-12,2024-01,False
2249,2024-01,2024-02,False
2249,2024-02,2024-03,False
2249,2024-03,2024-04,False
2249,2024-04,2024-05,False
2249,2024-05,2024-06,False
2249,2024-06,2024-07,False
2249,2024-07,2024-08,False
2249,2024-08,2024-09,False
2249,2024-09,2024-10,False
2249,2024-10,2024-11,False
2249,2024-11,2024-12,False
2250,2023-12,2024-01,False
2250,2024-01,2024-02,False
2250,2024-02,2024-03,False
2250,2024-03,2024-04,False
2250,2024-04,2024-05,False
2250,2024-05,2024-06,False
2250,2024-06,2024-07,False
2250,2024-07,2024-08,False
2250,2024-08,2024-09,False
2250,2024-09,2024-10,False
2250,2024-10,2024-11,False
2250,2024-11,2024-12,False
2251,2023-12,2024-01,False
2251,2024-01,2024-02,False
2251,2024-02,2024-03,False
2251,2024-03,2024-04,False
2251,2024-04,2024-05,False
2251,2024-05,2024-06,False
2251,2024-06,2024-07,False
2251,2024-07,2024-08,False
2251,2024-08,2024-09,False
2251,2024-09,2024-10,False
2251,2024-10,2024-11,False
2251,2024-11,2024-12,False
2252,2023-12,2024-01,False
2252,2024-01,2024-02,False
2252,2024-02,2024-03,False
2252,2024-03,2024-04,False
2252,2024-04,2024-05,False
2252,2024-05,2024-06,False
2252,2024-06,2024-07,False
2252,2024-07,2024-08,False
2252,2024-08,2024-09,False
2252,2024-09,2024-10,False
2252,2024-10,2024-11,False
2252,2024-11,2024-12,False
2253,2023-12,2024-01,False
2253,2024-01,2024-02,False
2253,2024-02,2024-03,False
2253,2024-03,2024-04,False
2253,2024-04,2024-05,False
2253,2024-05,2024-06,False
2253,2024-06,2024-07,False
2253,2024-07,2024-08,False
2253,2024-08,2024-09,False
2253,2024-09,2024-10,False
2253,2024-10,2024-11,False
2253,2024-11,2024-12,False
2254,2023-12,2024-01,False
2254,2024-01,2024-02,False
2254,2024-02,2024-03,False
2254,2024-03,2024-04,False
2254,2024-04,2024-05,False
2254,2024-05,2024-06,False
2254,2024-06,2024-07,False
2254,2024-07,2024-08,False
2254,2024-08,2024-09,False
2254,2024-09,2024-10,False
2254,2024-10,2024-11,False
2254,2024-11,2024-12,False
2255,2023-12,2024-01,False
2255,2024-01,2024-02,False
2255,2024-02,2024-03,False
2255,2024-03,2024-04,False
2255,2024-04,2024-05,False
2255,2024-05,2024-06,False
2255,2024-06,2024-07,False
2255,2024-07,2024-08,False
2255,2024-08,2024-09,False
2255,2024-09,2024-10,False
2255,2024-10,2024-11,False
2255,2024-11,2024-12,False
2256,2023-12,2024-01,False
2256,2024-01,2024-02,False
2256,2024-02,2024-03,False
2256,2024-03,2024-04,False
2256,2024-04,2024-05,False
2256,2024-05,2024-06,False
2256,2024-06,2024-07,False
2256,2024-07,2024-08,False
2256,2024-08,2024-09,False
2256,2024-09,2024-10,False
2256,2024-10,2024-11,False
2256,2024-11,2024-12,False
2257,2023-12,2024-01,False
2257,2024-01,2024-02,False
2257,2024-02,2024-03,False
2257,2024-03,2024-04,False
2257,2024-04,2024-05,False
2257,2024-05,2024-06,False
2257,2024-06,2024-07,False
2257,2024-07,2024-08,False
2257,2024-08,2024-09,False
2257,2024-09,2024-10,False
2257,2024-10,2024-11,False
2257,2024-11,2024-12,False
2258,2023-12,2024-01,False
2258,2024-01,2024-02,False
2258,2024-02,2024-03,False
2258,2024-03,2024-04,False
2258,2024-04,2024-05,False
2258,2024-05,2024-06,False
2258,2024-06,2024-07,False
2258,2024-07,2024-08,False
2258,2024-08,2024-09,False
2258,2024-09,2024-10,False
2258,2024-10,2024-11,False
2258,2024-11,2024-12,False
2259,2023-12,2024-01,False
2259,2024-01,2024-02,False
2259,2024-02,2024-03,False
2259,2024-03,2024-04,False
2259,2024-04,2024-05,False
2259,2024-05,2024-06,False
2259,2024-06,2024-07,False
2259,2024-07,2024-08,False
2259,2024-08,2024-09,False
2259,2024-09,2024-10,False
2259,2024-10,2024-11,False
2259,2024-11,2024-12,False
2260,2023-12,2024-01,False
2260,2024-01,2024-02,False
2260,2024-02,2024-03,False
2260,2024-03,2024-04,False
2260,2024-04,2024-05,False
2260,2024-05,2024-06,False
2260,2024-06,2024-07,False
2260,2024-07,2024-08,False
2260,2024-08,2024-09,False
2260,2024-09,2024-10,False
2260,2024-10,2024-11,False
2260,2024-11,2024-12,False
2262,2023-12,2024-01,False
2262,2024-01,2024-02,False
2262,2024-02,2024-03,False
2262,2024-03,2024-04,False
2262,2024-04,2024-05,False
2262,2024-05,2024-06,False
2262,2024-06,2024-07,False
2262,2024-07,2024-08,False
2262,2024-08,2024-09,False
2262,2024-09,2024-10,False
2262,2024-10,2024-11,False
2262,2024-11,2024-12,False
2264,2023-12,2024-01,False
2264,2024-01,2024-02,False
2264,2024-02,2024-03,False
2264,2024-03,2024-04,False
2264,2024-04,2024-05,False
2264,2024-05,2024-06,False
2264,2024-06,2024-07,False
2264,2024-07,2024-08,False
2264,2024-08,2024-09,False
2264,2024-09,2024-10,False
2264,2024-10,2024-11,False
2264,2024-11,2024-12,False
2265,2023-12,2024-01,False
2265,2024-01,2024-02,False
2265,2024-02,2024-03,False
2265,2024-03,2024-04,False
2265,2024-04,2024-05,False
2265,2024-05,2024-06,False
2265,2024-06,2024-07,False
2265,2024-07,2024-08,False
2265,2024-08,2024-09,False
2265,2024-09,2024-10,False
2265,2024-10,2024-11,False
2265,2024-11,2024-12,False
2266,2023-12,2024-01,False
2266,2024-01,2024-02,False
2266,2024-02,2024-03,False
2266,2024-03,2024-04,False
2266,2024-04,2024-05,False
2266,2024-05,2024-06,False
2266,2024-06,2024-07,False
2266,2024-07,2024-08,False
2266,2024-08,2024-09,False
2266,2024-09,2024-10,False
2266,2024-10,2024-11,False
2266,2024-11,2024-12,False
2267,2023-12,2024-01,False
2267,2024-01,2024-02,False
2267,2024-02,2024-03,False
2267,2024-03,2024-04,False
2267,2024-04,2024-05,False
2267,2024-05,2024-06,False
2267,2024-06,2024-07,False
2267,2024-07,2024-08,False
2267,2024-08,2024-09,False
2267,2024-09,2024-10,False
2267,2024-10,2024-11,False
2267,2024-11,2024-12,False
2268,2023-12,2024-01,False
2268,2024-01,2024-02,False
2268,2024-02,2024-03,False
2268,2024-03,2024-04,False
2268,2024-04,2024-05,False
2268,2024-05,2024-06,False
2268,2024-06,2024-07,False
2268,2024-07,2024-08,False
2268,2024-08,2024-09,False
2268,2024-09,2024-10,False
2268,2024-10,2024-11,False
2268,2024-11,2024-12,False
2269,2023-12,2024-01,False
2269,2024-01,2024-02,False
2269,2024-02,2024-03,False
2269,2024-03,2024-04,False
2269,2024-04,2024-05,False
2269,2024-05,2024-06,False
2269,2024-06,2024-07,False
2269,2024-07,2024-08,False
2269,2024-08,2024-09,False
2269,2024-09,2024-10,False
2269,2024-10,2024-11,False
2269,2024-11,2024-12,False
2270,2023-12,2024-01,False
2270,2024-01,2024-02,False
2270,2024-02,2024-03,False
2270,2024-03,2024-04,False
2270,2024-04,2024-05,False
2270,2024-05,2024-06,False
2270,2024-06,2024-07,False
2270,2024-07,2024-08,False
2270,2024-08,2024-09,False
2270,2024-09,2024-10,False
2270,2024-10,2024-11,False
2270,2024-11,2024-12,False
2271,2023-12,2024-01,False
2271,2024-01,2024-02,False
2271,2024-02,2024-03,False
2271,2024-03,2024-04,False
2271,2024-04,2024-05,False
2271,2024-05,2024-06,False
2271,2024-06,2024-07,False
2271,2024-07,2024-08,False
2271,2024-08,2024-09,False
2271,2024-09,2024-10,False
2271,2024-10,2024-11,False
2271,2024-11,2024-12,False
2272,2023-12,2024-01,False
2272,2024-01,2024-02,False
2272,2024-02,2024-03,False
2272,2024-03,2024-04,False
2272,2024-04,2024-05,False
2272,2024-05,2024-06,False
2272,2024-06,2024-07,False
2272,2024-07,2024-08,False
2272,2024-08,2024-09,False
2272,2024-09,2024-10,False
2272,2024-10,2024-11,False
2272,2024-11,2024-12,False
2274,2023-12,2024-01,False
2274,2024-01,2024-02,False
2274,2024-02,2024-03,False
2274,2024-03,2024-04,False
2274,2024-04,2024-05,False
2274,2024-05,2024-06,False
2274,2024-06,2024-07,False
2274,2024-07,2024-08,False
2274,2024-08,2024-09,False
2274,2024-09,2024-10,False
2274,2024-10,2024-11,False
2274,2024-11,2024-12,False
2275,2023-12,2024-01,False
2275,2024-01,2024-02,False
2275,2024-02,2024-03,False
2275,2024-03,2024-04,False
2275,2024-04,2024-05,False
2275,2024-05,2024-06,False
2275,2024-06,2024-07,False
2275,2024-07,2024-08,False
2275,2024-08,2024-09,False
2275,2024-09,2024-10,False
2275,2024-10,2024-11,False
2275,2024-11,2024-12,False
2276,2023-12,2024-01,False
2276,2024-01,2024-02,False
2276,2024-02,2024-03,False
2276,2024-03,2024-04,False
2276,2024-04,2024-05,False
2276,2024-05,2024-06,False
2276,2024-06,2024-07,False
2276,2024-07,2024-08,False
2276,2024-08,2024-09,False
2276,2024-09,2024-10,False
2276,2024-10,2024-11,False
2276,2024-11,2024-12,False
2278,2023-12,2024-01,False
2278,2024-01,2024-02,False
2278,2024-02,2024-03,False
2278,2024-03,2024-04,False
2278,2024-04,2024-05,False
2278,2024-05,2024-06,False
2278,2024-06,2024-07,False
2278,2024-07,2024-08,True
2278,2024-08,2024-09,True
2278,2024-09,2024-10,False
2278,2024-10,2024-11,False
2278,2024-11,2024-12,False
2279,2023-12,2024-01,False
2279,2024-01,2024-02,False
2279,2024-02,2024-03,False
2279,2024-03,2024-04,False
2279,2024-04,2024-05,False
2279,2024-05,2024-06,False
2279,2024-06,2024-07,False
2279,2024-07,2024-08,False
2279,2024-08,2024-09,False
2279,2024-09,2024-10,False
2279,2024-10,2024-11,False
2279,2024-11,2024-12,False
2280,2023-12,2024-01,False
2280,2024-01,2024-02,False
2280,2024-02,2024-03,False
2280,2024-03,2024-04,False
2280,2024-04,2024-05,False
2280,2024-05,2024-06,False
2280,2024-06,2024-07,False
2280,2024-07,2024-08,False
2280,2024-08,2024-09,False
2280,2024-09,2024-10,False
2280,2024-10,2024-11,False
2280,2024-11,2024-12,False
2281,2023-12,2024-01,False
2281,2024-01,2024-02,False
2281,2024-02,2024-03,False
2281,2024-03,2024-04,False
2281,2024-04,2024-05,False
2281,2024-05,2024-06,False
2281,2024-06,2024-07,False
2281,2024-07,2024-08,False
2281,2024-08,2024-09,False
2281,2024-09,2024-10,False
2281,2024-10,2024-11,False
2281,2024-11,2024-12,False
2282,2023-12,2024-01,False
2282,2024-01,2024-02,False
2282,2024-02,2024-03,False
2282,2024-03,2024-04,False
2282,2024-04,2024-05,False
2282,2024-05,2024-06,False
2282,2024-06,2024-07,False
2282,2024-07,2024-08,False
2282,2024-08,2024-09,False
2282,2024-09,2024-10,False
2282,2024-10,2024-11,False
2282,2024-11,2024-12,False
2286,2023-12,2024-01,False
2286,2024-01,2024-02,False
2286,2024-02,2024-03,False
2286,2024-03,2024-04,False
2286,2024-04,2024-05,False
2286,2024-05,2024-06,False
2286,2024-06,2024-07,False
2286,2024-07,2024-08,False
2286,2024-08,2024-09,False
2286,2024-09,2024-10,False
2286,2024-10,2024-11,False
2286,2024-11,2024-12,False
2287,2023-12,2024-01,False
2287,2024-01,2024-02,False
2287,2024-02,2024-03,False
2287,2024-03,2024-04,False
2287,2024-04,2024-05,False
2287,2024-05,2024-06,False
2287,2024-06,2024-07,False
2287,2024-07,2024-08,False
2287,2024-08,2024-09,False
2287,2024-09,2024-10,False
2287,2024-10,2024-11,False
2287,2024-11,2024-12,False
2288,2023-12,2024-01,False
2288,2024-01,2024-02,False
2288,2024-02,2024-03,False
2288,2024-03,2024-04,False
2288,2024-04,2024-05,False
2288,2024-05,2024-06,False
2288,2024-06,2024-07,False
2288,2024-07,2024-08,False
2288,2024-08,2024-09,False
2288,2024-09,2024-10,False
2288,2024-10,2024-11,False
2288,2024-11,2024-12,False
2289,2023-12,2024-01,False
2289,2024-01,2024-02,False
2289,2024-02,2024-03,False
2289,2024-03,2024-04,False
2289,2024-04,2024-05,False
2289,2024-05,2024-06,False
2289,2024-06,2024-07,False
2289,2024-07,2024-08,False
2289,2024-08,2024-09,False
2289,2024-09,2024-10,False
2289,2024-10,2024-11,False
2289,2024-11,2024-12,False
2292,2023-12,2024-01,False
2292,2024-01,2024-02,False
2292,2024-02,2024-03,False
2292,2024-03,2024-04,False
2292,2024-04,2024-05,False
2292,2024-05,2024-06,False
2292,2024-06,2024-07,False
2292,2024-07,2024-08,False
2292,2024-08,2024-09,False
2292,2024-09,2024-10,False
2292,2024-10,2024-11,False
2292,2024-11,2024-12,False
2293,2023-12,2024-01,False
2293,2024-01,2024-02,False
2293,2024-02,2024-03,False
2293,2024-03,2024-04,False
2293,2024-04,2024-05,False
2293,2024-05,2024-06,False
2293,2024-06,2024-07,False
2293,2024-07,2024-08,False
2293,2024-08,2024-09,False
2293,2024-09,2024-10,False
2293,2024-10,2024-11,False
2293,2024-11,2024-12,False
2294,2023-12,2024-01,False
2294,2024-01,2024-02,False
2294,2024-02,2024-03,False
2294,2024-03,2024-04,False
2294,2024-04,2024-05,False
2294,2024-05,2024-06,False
2294,2024-06,2024-07,False
2294,2024-07,2024-08,False
2294,2024-08,2024-09,False
2294,2024-09,2024-10,False
2294,2024-10,2024-11,False
2294,2024-11,2024-12,False
2295,2023-12,2024-01,False
2295,2024-01,2024-02,False
2295,2024-02,2024-03,False
2295,2024-03,2024-04,False
2295,2024-04,2024-05,False
2295,2024-05,2024-06,False
2295,2024-06,2024-07,False
2295,2024-07,2024-08,False
2295,2024-08,2024-09,False
2295,2024-09,2024-10,False
2295,2024-10,2024-11,False
2295,2024-11,2024-12,False
2296,2023-12,2024-01,False
2296,2024-01,2024-02,False
2296,2024-02,2024-03,False
2296,2024-03,2024-04,False
2296,2024-04,2024-05,False
2296,2024-05,2024-06,False
2296,2024-06,2024-07,False
2296,2024-07,2024-08,False
2296,2024-08,2024-09,False
2296,2024-09,2024-10,False
2296,2024-10,2024-11,False
2296,2024-11,2024-12,False
2297,2023-12,2024-01,False
2297,2024-01,2024-02,False
2297,2024-02,2024-03,False
2297,2024-03,2024-04,False
2297,2024-04,2024-05,False
2297,2024-05,2024-06,False
2297,2024-06,2024-07,False
2297,2024-07,2024-08,False
2297,2024-08,2024-09,False
2297,2024-09,2024-10,False
2297,2024-10,2024-11,False
2297,2024-11,2024-12,False
2298,2023-12,2024-01,False
2298,2024-01,2024-02,False
2298,2024-02,2024-03,False
2298,2024-03,2024-04,False
2298,2024-04,2024-05,False
2298,2024-05,2024-06,False
2298,2024-06,2024-07,False
2298,2024-07,2024-08,False
2298,2024-08,2024-09,False
2298,2024-09,2024-10,False
2298,2024-10,2024-11,False
2298,2024-11,2024-12,False
2299,2023-12,2024-01,False
2299,2024-01,2024-02,False
2299,2024-02,2024-03,False
2299,2024-03,2024-04,False
2299,2024-04,2024-05,False
2299,2024-05,2024-06,False
2299,2024-06,2024-07,False
2299,2024-07,2024-08,False
2299,2024-08,2024-09,False
2299,2024-09,2024-10,False
2299,2024-10,2024-11,False
2299,2024-11,2024-12,False
2300,2023-12,2024-01,False
2300,2024-01,2024-02,False
2300,2024-02,2024-03,False
2300,2024-03,2024-04,False
2300,2024-04,2024-05,False
2300,2024-05,2024-06,False
2300,2024-06,2024-07,False
2300,2024-07,2024-08,False
2300,2024-08,2024-09,False
2300,2024-09,2024-10,False
2300,2024-10,2024-11,False
2300,2024-11,2024-12,False
2301,2023-12,2024-01,False
2301,2024-01,2024-02,False
2301,2024-02,2024-03,False
2301,2024-03,2024-04,False
2301,2024-04,2024-05,False
2301,2024-05,2024-06,False
2301,2024-06,2024-07,False
2301,2024-07,2024-08,False
2301,2024-08,2024-09,False
2301,2024-09,2024-10,False
2301,2024-10,2024-11,False
2301,2024-11,2024-12,False
2302,2023-12,2024-01,False
2302,2024-01,2024-02,False
2302,2024-02,2024-03,False
2302,2024-03,2024-04,False
2302,2024-04,2024-05,False
2302,2024-05,2024-06,False
2302,2024-06,2024-07,False
2302,2024-07,2024-08,False
2302,2024-08,2024-09,False
2302,2024-09,2024-10,False
2302,2024-10,2024-11,False
2302,2024-11,2024-12,False
2303,2023-12,2024-01,False
2303,2024-01,2024-02,False
2303,2024-02,2024-03,False
2303,2024-03,2024-04,False
2303,2024-04,2024-05,False
2303,2024-05,2024-06,False
2303,2024-06,2024-07,False
2303,2024-07,2024-08,False
2303,2024-08,2024-09,False
2303,2024-09,2024-10,False
2303,2024-10,2024-11,False
2303,2024-11,2024-12,False
2304,2023-12,2024-01,False
2304,2024-01,2024-02,False
2304,2024-02,2024-03,False
2304,2024-03,2024-04,False
2304,2024-04,2024-05,False
2304,2024-05,2024-06,False
2304,2024-06,2024-07,False
2304,2024-07,2024-08,False
2304,2024-08,2024-09,False
2304,2024-09,2024-10,False
2304,2024-10,2024-11,False
2304,2024-11,2024-12,False
2305,2023-12,2024-01,False
2305,2024-01,2024-02,False
2305,2024-02,2024-03,False
2305,2024-03,2024-04,False
2305,2024-04,2024-05,False
2305,2024-05,2024-06,False
2305,2024-06,2024-07,False
2305,2024-07,2024-08,False
2305,2024-08,2024-09,False
2305,2024-09,2024-10,False
2305,2024-10,2024-11,False
2305,2024-11,2024-12,False
2307,2023-12,2024-01,False
2307,2024-01,2024-02,False
2307,2024-02,2024-03,False
2307,2024-03,2024-04,False
2307,2024-04,2024-05,False
2307,2024-05,2024-06,False
2307,2024-06,2024-07,False
2307,2024-07,2024-08,False
2307,2024-08,2024-09,False
2307,2024-09,2024-10,False
2307,2024-10,2024-11,False
2307,2024-11,2024-12,False
2308,2023-12,2024-01,False
2308,2024-01,2024-02,False
2308,2024-02,2024-03,False
2308,2024-03,2024-04,False
2308,2024-04,2024-05,False
2308,2024-05,2024-06,False
2308,2024-06,2024-07,False
2308,2024-07,2024-08,False
2308,2024-08,2024-09,False
2308,2024-09,2024-10,False
2308,2024-10,2024-11,False
2308,2024-11,2024-12,False
2309,2023-12,2024-01,False
2309,2024-01,2024-02,False
2309,2024-02,2024-03,False
2309,2024-03,2024-04,False
2309,2024-04,2024-05,False
2309,2024-05,2024-06,False
2309,2024-06,2024-07,False
2309,2024-07,2024-08,False
2309,2024-08,2024-09,False
2309,2024-09,2024-10,False
2309,2024-10,2024-11,False
2309,2024-11,2024-12,False
2310,2023-12,2024-01,False
2310,2024-01,2024-02,False
2310,2024-02,2024-03,False
2310,2024-03,2024-04,False
2310,2024-04,2024-05,False
2310,2024-05,2024-06,False
2310,2024-06,2024-07,False
2310,2024-07,2024-08,False
2310,2024-08,2024-09,False
2310,2024-09,2024-10,False
2310,2024-10,2024-11,False
2310,2024-11,2024-12,False
2311,2023-12,2024-01,False
2311,2024-01,2024-02,False
2311,2024-02,2024-03,False
2311,2024-03,2024-04,False
2311,2024-04,2024-05,False
2311,2024-05,2024-06,False
2311,2024-06,2024-07,False
2311,2024-07,2024-08,False
2311,2024-08,2024-09,False
2311,2024-09,2024-10,False
2311,2024-10,2024-11,False
2311,2024-11,2024-12,False
2312,2023-12,2024-01,False
2312,2024-01,2024-02,False
2312,2024-02,2024-03,False
2312,2024-03,2024-04,False
2312,2024-04,2024-05,False
2312,2024-05,2024-06,False
2312,2024-06,2024-07,False
2312,2024-07,2024-08,False
2312,2024-08,2024-09,False
2312,2024-09,2024-10,False
2312,2024-10,2024-11,False
2312,2024-11,2024-12,False
2314,2023-12,2024-01,False
2314,2024-01,2024-02,False
2314,2024-02,2024-03,False
2314,2024-03,2024-04,False
2314,2024-04,2024-05,False
2314,2024-05,2024-06,False
2314,2024-06,2024-07,False
2314,2024-07,2024-08,False
2314,2024-08,2024-09,False
2314,2024-09,2024-10,False
2314,2024-10,2024-11,False
2314,2024-11,2024-12,False
2315,2023-12,2024-01,False
2315,2024-01,2024-02,False
2315,2024-02,2024-03,False
2315,2024-03,2024-04,False
2315,2024-04,2024-05,False
2315,2024-05,2024-06,False
2315,2024-06,2024-07,False
2315,2024-07,2024-08,False
2315,2024-08,2024-09,False
2315,2024-09,2024-10,False
2315,2024-10,2024-11,False
2315,2024-11,2024-12,False
2316,2023-12,2024-01,False
2316,2024-01,2024-02,False
2316,2024-02,2024-03,False
2316,2024-03,2024-04,False
2316,2024-04,2024-05,False
2316,2024-05,2024-06,False
2316,2024-06,2024-07,False
2316,2024-07,2024-08,False
2316,2024-08,2024-09,False
2316,2024-09,2024-10,False
2316,2024-10,2024-11,False
2316,2024-11,2024-12,False
2317,2023-12,2024-01,False
2317,2024-01,2024-02,False
2317,2024-02,2024-03,False
2317,2024-03,2024-04,False
2317,2024-04,2024-05,False
2317,2024-05,2024-06,False
2317,2024-06,2024-07,False
2317,2024-07,2024-08,False
2317,2024-08,2024-09,False
2317,2024-09,2024-10,False
2317,2024-10,2024-11,False
2317,2024-11,2024-12,False
2318,2023-12,2024-01,False
2318,2024-01,2024-02,False
2318,2024-02,2024-03,False
2318,2024-03,2024-04,False
2318,2024-04,2024-05,False
2318,2024-05,2024-06,False
2318,2024-06,2024-07,False
2318,2024-07,2024-08,False
2318,2024-08,2024-09,False
2318,2024-09,2024-10,False
2318,2024-10,2024-11,False
2318,2024-11,2024-12,False
2320,2023-12,2024-01,False
2320,2024-01,2024-02,False
2320,2024-02,2024-03,False
2320,2024-03,2024-04,False
2320,2024-04,2024-05,False
2320,2024-05,2024-06,False
2320,2024-06,2024-07,False
2320,2024-07,2024-08,False
2320,2024-08,2024-09,False
2320,2024-09,2024-10,False
2320,2024-10,2024-11,False
2320,2024-11,2024-12,False
2321,2023-12,2024-01,False
2321,2024-01,2024-02,False
2321,2024-02,2024-03,False
2321,2024-03,2024-04,False
2321,2024-04,2024-05,False
2321,2024-05,2024-06,False
2321,2024-06,2024-07,False
2321,2024-07,2024-08,False
2321,2024-08,2024-09,False
2321,2024-09,2024-10,False
2321,2024-10,2024-11,False
2321,2024-11,2024-12,False
2322,2023-12,2024-01,False
2322,2024-01,2024-02,False
2322,2024-02,2024-03,False
2322,2024-03,2024-04,False
2322,2024-04,2024-05,False
2322,2024-05,2024-06,False
2322,2024-06,2024-07,False
2322,2024-07,2024-08,False
2322,2024-08,2024-09,False
2322,2024-09,2024-10,False
2322,2024-10,2024-11,False
2322,2024-11,2024-12,False
2323,2023-12,2024-01,False
2323,2024-01,2024-02,False
2323,2024-02,2024-03,False
2323,2024-03,2024-04,False
2323,2024-04,2024-05,False
2323,2024-05,2024-06,False
2323,2024-06,2024-07,False
2323,2024-07,2024-08,False
2323,2024-08,2024-09,False
2323,2024-09,2024-10,False
2323,2024-10,2024-11,False
2323,2024-11,2024-12,False
2324,2023-12,2024-01,False
2324,2024-01,2024-02,False
2324,2024-02,2024-03,False
2324,2024-03,2024-04,False
2324,2024-04,2024-05,False
2324,2024-05,2024-06,False
2324,2024-06,2024-07,False
2324,2024-07,2024-08,False
2324,2024-08,2024-09,False
2324,2024-09,2024-10,False
2324,2024-10,2024-11,False
2324,2024-11,2024-12,False
2325,2023-12,2024-01,False
2325,2024-01,2024-02,False
2325,2024-02,2024-03,False
2325,2024-03,2024-04,False
2325,2024-04,2024-05,False
2325,2024-05,2024-06,False
2325,2024-06,2024-07,False
2325,2024-07,2024-08,False
2325,2024-08,2024-09,False
2325,2024-09,2024-10,False
2325,2024-10,2024-11,False
2325,2024-11,2024-12,False
2326,2023-12,2024-01,False
2326,2024-01,2024-02,False
2326,2024-02,2024-03,False
2326,2024-03,2024-04,False
2326,2024-04,2024-05,False
2326,2024-05,2024-06,False
2326,2024-06,2024-07,False
2326,2024-07,2024-08,False
2326,2024-08,2024-09,False
2326,2024-09,2024-10,False
2326,2024-10,2024-11,False
2326,2024-11,2024-12,False
2327,2023-12,2024-01,False
2327,2024-01,2024-02,False
2327,2024-02,2024-03,False
2327,2024-03,2024-04,False
2327,2024-04,2024-05,False
2327,2024-05,2024-06,False
2327,2024-06,2024-07,False
2327,2024-07,2024-08,False
2327,2024-08,2024-09,False
2327,2024-09,2024-10,False
2327,2024-10,2024-11,False
2327,2024-11,2024-12,False
2328,2023-12,2024-01,False
2328,2024-01,2024-02,False
2328,2024-02,2024-03,False
2328,2024-03,2024-04,False
2328,2024-04,2024-05,False
2328,2024-05,2024-06,False
2328,2024-06,2024-07,False
2328,2024-07,2024-08,False
2328,2024-08,2024-09,False
2328,2024-09,2024-10,False
2328,2024-10,2024-11,False
2328,2024-11,2024-12,False
2329,2023-12,2024-01,False
2329,2024-01,2024-02,False
2329,2024-02,2024-03,False
2329,2024-03,2024-04,False
2329,2024-04,2024-05,False
2329,2024-05,2024-06,False
2329,2024-06,2024-07,False
2329,2024-07,2024-08,False
2329,2024-08,2024-09,False
2329,2024-09,2024-10,False
2329,2024-10,2024-11,False
2329,2024-11,2024-12,False
2330,2023-12,2024-01,False
2330,2024-01,2024-02,False
2330,2024-02,2024-03,False
2330,2024-03,2024-04,False
2330,2024-04,2024-05,False
2330,2024-05,2024-06,False
2330,2024-06,2024-07,False
2330,2024-07,2024-08,False
2330,2024-08,2024-09,False
2330,2024-09,2024-10,False
2330,2024-10,2024-11,False
2330,2024-11,2024-12,False
2332,2023-12,2024-01,False
2332,2024-01,2024-02,False
2332,2024-02,2024-03,False
2332,2024-03,2024-04,False
2332,2024-04,2024-05,False
2332,2024-05,2024-06,False
2332,2024-06,2024-07,False
2332,2024-07,2024-08,False
2332,2024-08,2024-09,False
2332,2024-09,2024-10,False
2332,2024-10,2024-11,False
2332,2024-11,2024-12,False
2333,2023-12,2024-01,False
2333,2024-01,2024-02,False
2333,2024-02,2024-03,False
2333,2024-03,2024-04,False
2333,2024-04,2024-05,False
2333,2024-05,2024-06,False
2333,2024-06,2024-07,False
2333,2024-07,2024-08,False
2333,2024-08,2024-09,False
2333,2024-09,2024-10,False
2333,2024-10,2024-11,False
2333,2024-11,2024-12,False
2334,2023-12,2024-01,False
2334,2024-01,2024-02,False
2334,2024-02,2024-03,False
2334,2024-03,2024-04,False
2334,2024-04,2024-05,False
2334,2024-05,2024-06,False
2334,2024-06,2024-07,False
2334,2024-07,2024-08,False
2334,2024-08,2024-09,False
2334,2024-09,2024-10,False
2334,2024-10,2024-11,False
2334,2024-11,2024-12,False
2335,2023-12,2024-01,False
2335,2024-01,2024-02,False
2335,2024-02,2024-03,False
2335,2024-03,2024-04,False
2335,2024-04,2024-05,False
2335,2024-05,2024-06,False
2335,2024-06,2024-07,False
2335,2024-07,2024-08,False
2335,2024-08,2024-09,False
2335,2024-09,2024-10,False
2335,2024-10,2024-11,False
2335,2024-11,2024-12,False
2336,2023-12,2024-01,False
2336,2024-01,2024-02,False
2336,2024-02,2024-03,False
2336,2024-03,2024-04,False
2336,2024-04,2024-05,False
2336,2024-05,2024-06,False
2336,2024-06,2024-07,False
2336,2024-07,2024-08,False
2336,2024-08,2024-09,False
2336,2024-09,2024-10,False
2336,2024-10,2024-11,False
2336,2024-11,2024-12,False
2337,2023-12,2024-01,False
2337,2024-01,2024-02,False
2337,2024-02,2024-03,False
2337,2024-03,2024-04,False
2337,2024-04,2024-05,False
2337,2024-05,2024-06,False
2337,2024-06,2024-07,False
2337,2024-07,2024-08,False
2337,2024-08,2024-09,False
2337,2024-09,2024-10,False
2337,2024-10,2024-11,False
2337,2024-11,2024-12,False
2338,2023-12,2024-01,False
2338,2024-01,2024-02,False
2338,2024-02,2024-03,False
2338,2024-03,2024-04,False
2338,2024-04,2024-05,False
2338,2024-05,2024-06,False
2338,2024-06,2024-07,False
2338,2024-07,2024-08,False
2338,2024-08,2024-09,False
2338,2024-09,2024-10,False
2338,2024-10,2024-11,False
2338,2024-11,2024-12,False
2339,2023-12,2024-01,False
2339,2024-01,2024-02,False
2339,2024-02,2024-03,False
2339,2024-03,2024-04,False
2339,2024-04,2024-05,False
2339,2024-05,2024-06,False
2339,2024-06,2024-07,False
2339,2024-07,2024-08,False
2339,2024-08,2024-09,False
2339,2024-09,2024-10,False
2339,2024-10,2024-11,False
2339,2024-11,2024-12,False
2340,2023-12,2024-01,False
2340,2024-01,2024-02,False
2340,2024-02,2024-03,False
2340,2024-03,2024-04,False
2340,2024-04,2024-05,False
2340,2024-05,2024-06,False
2340,2024-06,2024-07,False
2340,2024-07,2024-08,False
2340,2024-08,2024-09,False
2340,2024-09,2024-10,False
2340,2024-10,2024-11,False
2340,2024-11,2024-12,False
2341,2023-12,2024-01,False
2341,2024-01,2024-02,False
2341,2024-02,2024-03,False
2341,2024-03,2024-04,False
2341,2024-04,2024-05,False
2341,2024-05,2024-06,False
2341,2024-06,2024-07,False
2341,2024-07,2024-08,False
2341,2024-08,2024-09,False
2341,2024-09,2024-10,False
2341,2024-10,2024-11,False
2341,2024-11,2024-12,False
2342,2023-12,2024-01,False
2342,2024-01,2024-02,False
2342,2024-02,2024-03,False
2342,2024-03,2024-04,False
2342,2024-04,2024-05,False
2342,2024-05,2024-06,False
2342,2024-06,2024-07,False
2342,2024-07,2024-08,False
2342,2024-08,2024-09,False
2342,2024-09,2024-10,False
2342,2024-10,2024-11,False
2342,2024-11,2024-12,False
2343,2023-12,2024-01,False
2343,2024-01,2024-02,False
2343,2024-02,2024-03,False
2343,2024-03,2024-04,False
2343,2024-04,2024-05,False
2343,2024-05,2024-06,False
2343,2024-06,2024-07,False
2343,2024-07,2024-08,False
2343,2024-08,2024-09,False
2343,2024-09,2024-10,False
2343,2024-10,2024-11,False
2343,2024-11,2024-12,False
2344,2023-12,2024-01,False
2344,2024-01,2024-02,False
2344,2024-02,2024-03,False
2344,2024-03,2024-04,False
2344,2024-04,2024-05,False
2344,2024-05,2024-06,False
2344,2024-06,2024-07,False
2344,2024-07,2024-08,False
2344,2024-08,2024-09,False
2344,2024-09,2024-10,False
2344,2024-10,2024-11,False
2344,2024-11,2024-12,False
2345,2023-12,2024-01,False
2345,2024-01,2024-02,False
2345,2024-02,2024-03,False
2345,2024-03,2024-04,False
2345,2024-04,2024-05,False
2345,2024-05,2024-06,False
2345,2024-06,2024-07,False
2345,2024-07,2024-08,False
2345,2024-08,2024-09,False
2345,2024-09,2024-10,False
2345,2024-10,2024-11,False
2345,2024-11,2024-12,False
2348,2023-12,2024-01,False
2348,2024-01,2024-02,False
2348,2024-02,2024-03,False
2348,2024-03,2024-04,False
2348,2024-04,2024-05,False
2348,2024-05,2024-06,False
2348,2024-06,2024-07,False
2348,2024-07,2024-08,False
2348,2024-08,2024-09,False
2348,2024-09,2024-10,False
2348,2024-10,2024-11,False
2348,2024-11,2024-12,False
2349,2023-12,2024-01,False
2349,2024-01,2024-02,False
2349,2024-02,2024-03,False
2349,2024-03,2024-04,False
2349,2024-04,2024-05,False
2349,2024-05,2024-06,False
2349,2024-06,2024-07,False
2349,2024-07,2024-08,False
2349,2024-08,2024-09,False
2349,2024-09,2024-10,False
2349,2024-10,2024-11,False
2349,2024-11,2024-12,False
2351,2023-12,2024-01,False
2351,2024-01,2024-02,False
2351,2024-02,2024-03,False
2351,2024-03,2024-04,False
2351,2024-04,2024-05,False
2351,2024-05,2024-06,False
2351,2024-06,2024-07,False
2351,2024-07,2024-08,False
2351,2024-08,2024-09,False
2351,2024-09,2024-10,False
2351,2024-10,2024-11,False
2351,2024-11,2024-12,False
2352,2023-12,2024-01,False
2352,2024-01,2024-02,False
2352,2024-02,2024-03,False
2352,2024-03,2024-04,False
2352,2024-04,2024-05,False
2352,2024-05,2024-06,False
2352,2024-06,2024-07,False
2352,2024-07,2024-08,False
2352,2024-08,2024-09,False
2352,2024-09,2024-10,False
2352,2024-10,2024-11,False
2352,2024-11,2024-12,False
2353,2023-12,2024-01,False
2353,2024-01,2024-02,False
2353,2024-02,2024-03,False
2353,2024-03,2024-04,False
2353,2024-04,2024-05,False
2353,2024-05,2024-06,False
2353,2024-06,2024-07,False
2353,2024-07,2024-08,False
2353,2024-08,2024-09,False
2353,2024-09,2024-10,False
2353,2024-10,2024-11,False
2353,2024-11,2024-12,False
2354,2023-12,2024-01,False
2354,2024-01,2024-02,False
2354,2024-02,2024-03,False
2354,2024-03,2024-04,False
2354,2024-04,2024-05,False
2354,2024-05,2024-06,False
2354,2024-06,2024-07,False
2354,2024-07,2024-08,False
2354,2024-08,2024-09,False
2354,2024-09,2024-10,False
2354,2024-10,2024-11,False
2354,2024-11,2024-12,False
2355,2023-12,2024-01,False
2355,2024-01,2024-02,False
2355,2024-02,2024-03,False
2355,2024-03,2024-04,False
2355,2024-04,2024-05,False
2355,2024-05,2024-06,False
2355,2024-06,2024-07,False
2355,2024-07,2024-08,False
2355,2024-08,2024-09,False
2355,2024-09,2024-10,False
2355,2024-10,2024-11,False
2355,2024-11,2024-12,False
2356,2023-12,2024-01,False
2356,2024-01,2024-02,False
2356,2024-02,2024-03,False
2356,2024-03,2024-04,False
2356,2024-04,2024-05,False
2356,2024-05,2024-06,False
2356,2024-06,2024-07,False
2356,2024-07,2024-08,False
2356,2024-08,2024-09,False
2356,2024-09,2024-10,False
2356,2024-10,2024-11,False
2356,2024-11,2024-12,False
2357,2023-12,2024-01,False
2357,2024-01,2024-02,False
2357,2024-02,2024-03,False
2357,2024-03,2024-04,False
2357,2024-04,2024-05,False
2357,2024-05,2024-06,False
2357,2024-06,2024-07,False
2357,2024-07,2024-08,False
2357,2024-08,2024-09,False
2357,2024-09,2024-10,False
2357,2024-10,2024-11,False
2357,2024-11,2024-12,False
2358,2023-12,2024-01,False
2358,2024-01,2024-02,False
2358,2024-02,2024-03,False
2358,2024-03,2024-04,False
2358,2024-04,2024-05,False
2358,2024-05,2024-06,False
2358,2024-06,2024-07,False
2358,2024-07,2024-08,False
2358,2024-08,2024-09,False
2358,2024-09,2024-10,False
2358,2024-10,2024-11,False
2358,2024-11,2024-12,False
2359,2023-12,2024-01,False
2359,2024-01,2024-02,False
2359,2024-02,2024-03,False
2359,2024-03,2024-04,False
2359,2024-04,2024-05,False
2359,2024-05,2024-06,False
2359,2024-06,2024-07,False
2359,2024-07,2024-08,False
2359,2024-08,2024-09,False
2359,2024-09,2024-10,False
2359,2024-10,2024-11,False
2359,2024-11,2024-12,False
2360,2023-12,2024-01,False
2360,2024-01,2024-02,False
2360,2024-02,2024-03,False
2360,2024-03,2024-04,False
2360,2024-04,2024-05,False
2360,2024-05,2024-06,False
2360,2024-06,2024-07,False
2360,2024-07,2024-08,False
2360,2024-08,2024-09,False
2360,2024-09,2024-10,False
2360,2024-10,2024-11,False
2360,2024-11,2024-12,False
2361,2023-12,2024-01,False
2361,2024-01,2024-02,False
2361,2024-02,2024-03,False
2361,2024-03,2024-04,False
2361,2024-04,2024-05,False
2361,2024-05,2024-06,False
2361,2024-06,2024-07,False
2361,2024-07,2024-08,False
2361,2024-08,2024-09,False
2361,2024-09,2024-10,False
2361,2024-10,2024-11,False
2361,2024-11,2024-12,False
2362,2023-12,2024-01,False
2362,2024-01,2024-02,False
2362,2024-02,2024-03,False
2362,2024-03,2024-04,False
2362,2024-04,2024-05,False
2362,2024-05,2024-06,False
2362,2024-06,2024-07,False
2362,2024-07,2024-08,False
2362,2024-08,2024-09,False
2362,2024-09,2024-10,False
2362,2024-10,2024-11,False
2362,2024-11,2024-12,False
2363,2023-12,2024-01,False
2363,2024-01,2024-02,False
2363,2024-02,2024-03,False
2363,2024-03,2024-04,False
2363,2024-04,2024-05,False
2363,2024-05,2024-06,False
2363,2024-06,2024-07,False
2363,2024-07,2024-08,False
2363,2024-08,2024-09,False
2363,2024-09,2024-10,False
2363,2024-10,2024-11,False
2363,2024-11,2024-12,False
2364,2023-12,2024-01,False
2364,2024-01,2024-02,False
2364,2024-02,2024-03,False
2364,2024-03,2024-04,False
2364,2024-04,2024-05,False
2364,2024-05,2024-06,False
2364,2024-06,2024-07,False
2364,2024-07,2024-08,False
2364,2024-08,2024-09,False
2364,2024-09,2024-10,False
2364,2024-10,2024-11,False
2364,2024-11,2024-12,False
2365,2023-12,2024-01,False
2365,2024-01,2024-02,False
2365,2024-02,2024-03,False
2365,2024-03,2024-04,False
2365,2024-04,2024-05,False
2365,2024-05,2024-06,False
2365,2024-06,2024-07,False
2365,2024-07,2024-08,False
2365,2024-08,2024-09,False
2365,2024-09,2024-10,False
2365,2024-10,2024-11,False
2365,2024-11,2024-12,False
2366,2023-12,2024-01,False
2366,2024-01,2024-02,False
2366,2024-02,2024-03,False
2366,2024-03,2024-04,False
2366,2024-04,2024-05,False
2366,2024-05,2024-06,False
2366,2024-06,2024-07,False
2366,2024-07,2024-08,False
2366,2024-08,2024-09,False
2366,2024-09,2024-10,False
2366,2024-10,2024-11,False
2366,2024-11,2024-12,False
2367,2023-12,2024-01,False
2367,2024-01,2024-02,False
2367,2024-02,2024-03,False
2367,2024-03,2024-04,False
2367,2024-04,2024-05,False
2367,2024-05,2024-06,False
2367,2024-06,2024-07,False
2367,2024-07,2024-08,False
2367,2024-08,2024-09,False
2367,2024-09,2024-10,False
2367,2024-10,2024-11,False
2367,2024-11,2024-12,False
2368,2023-12,2024-01,False
2368,2024-01,2024-02,False
2368,2024-02,2024-03,False
2368,2024-03,2024-04,False
2368,2024-04,2024-05,False
2368,2024-05,2024-06,False
2368,2024-06,2024-07,False
2368,2024-07,2024-08,False
2368,2024-08,2024-09,False
2368,2024-09,2024-10,False
2368,2024-10,2024-11,False
2368,2024-11,2024-12,False
2369,2023-12,2024-01,False
2369,2024-01,2024-02,False
2369,2024-02,2024-03,False
2369,2024-03,2024-04,False
2369,2024-04,2024-05,False
2369,2024-05,2024-06,False
2369,2024-06,2024-07,False
2369,2024-07,2024-08,False
2369,2024-08,2024-09,False
2369,2024-09,2024-10,False
2369,2024-10,2024-11,False
2369,2024-11,2024-12,False
2370,2023-12,2024-01,False
2370,2024-01,2024-02,False
2370,2024-02,2024-03,False
2370,2024-03,2024-04,False
2370,2024-04,2024-05,False
2370,2024-05,2024-06,False
2370,2024-06,2024-07,False
2370,2024-07,2024-08,False
2370,2024-08,2024-09,False
2370,2024-09,2024-10,False
2370,2024-10,2024-11,False
2370,2024-11,2024-12,False
2371,2023-12,2024-01,False
2371,2024-01,2024-02,False
2371,2024-02,2024-03,False
2371,2024-03,2024-04,False
2371,2024-04,2024-05,False
2371,2024-05,2024-06,False
2371,2024-06,2024-07,False
2371,2024-07,2024-08,False
2371,2024-08,2024-09,False
2371,2024-09,2024-10,False
2371,2024-10,2024-11,False
2371,2024-11,2024-12,False
2372,2023-12,2024-01,False
2372,2024-01,2024-02,False
2372,2024-02,2024-03,False
2372,2024-03,2024-04,False
2372,2024-04,2024-05,False
2372,2024-05,2024-06,False
2372,2024-06,2024-07,False
2372,2024-07,2024-08,False
2372,2024-08,2024-09,False
2372,2024-09,2024-10,False
2372,2024-10,2024-11,False
2372,2024-11,2024-12,False
2373,2023-12,2024-01,False
2373,2024-01,2024-02,False
2373,2024-02,2024-03,False
2373,2024-03,2024-04,False
2373,2024-04,2024-05,False
2373,2024-05,2024-06,False
2373,2024-06,2024-07,False
2373,2024-07,2024-08,False
2373,2024-08,2024-09,False
2373,2024-09,2024-10,False
2373,2024-10,2024-11,False
2373,2024-11,2024-12,False
2374,2023-12,2024-01,False
2374,2024-01,2024-02,False
2374,2024-02,2024-03,False
2374,2024-03,2024-04,False
2374,2024-04,2024-05,False
2374,2024-05,2024-06,False
2374,2024-06,2024-07,False
2374,2024-07,2024-08,False
2374,2024-08,2024-09,False
2374,2024-09,2024-10,False
2374,2024-10,2024-11,False
2374,2024-11,2024-12,False
2375,2023-12,2024-01,False
2375,2024-01,2024-02,False
2375,2024-02,2024-03,False
2375,2024-03,2024-04,False
2375,2024-04,2024-05,False
2375,2024-05,2024-06,False
2375,2024-06,2024-07,False
2375,2024-07,2024-08,False
2375,2024-08,2024-09,False
2375,2024-09,2024-10,False
2375,2024-10,2024-11,False
2375,2024-11,2024-12,False
2376,2023-12,2024-01,False
2376,2024-01,2024-02,False
2376,2024-02,2024-03,False
2376,2024-03,2024-04,False
2376,2024-04,2024-05,False
2376,2024-05,2024-06,False
2376,2024-06,2024-07,False
2376,2024-07,2024-08,False
2376,2024-08,2024-09,False
2376,2024-09,2024-10,False
2376,2024-10,2024-11,False
2376,2024-11,2024-12,False
2377,2023-12,2024-01,False
2377,2024-01,2024-02,False
2377,2024-02,2024-03,False
2377,2024-03,2024-04,False
2377,2024-04,2024-05,False
2377,2024-05,2024-06,False
2377,2024-06,2024-07,False
2377,2024-07,2024-08,False
2377,2024-08,2024-09,False
2377,2024-09,2024-10,False
2377,2024-10,2024-11,False
2377,2024-11,2024-12,False
2378,2023-12,2024-01,False
2378,2024-01,2024-02,False
2378,2024-02,2024-03,False
2378,2024-03,2024-04,False
2378,2024-04,2024-05,False
2378,2024-05,2024-06,False
2378,2024-06,2024-07,False
2378,2024-07,2024-08,False
2378,2024-08,2024-09,False
2378,2024-09,2024-10,False
2378,2024-10,2024-11,False
2378,2024-11,2024-12,False
2379,2023-12,2024-01,False
2379,2024-01,2024-02,False
2379,2024-02,2024-03,False
2379,2024-03,2024-04,False
2379,2024-04,2024-05,False
2379,2024-05,2024-06,False
2379,2024-06,2024-07,False
2379,2024-07,2024-08,False
2379,2024-08,2024-09,False
2379,2024-09,2024-10,False
2379,2024-10,2024-11,False
2379,2024-11,2024-12,False
2380,2023-12,2024-01,False
2380,2024-01,2024-02,False
2380,2024-02,2024-03,False
2380,2024-03,2024-04,False
2380,2024-04,2024-05,False
2380,2024-05,2024-06,False
2380,2024-06,2024-07,False
2380,2024-07,2024-08,False
2380,2024-08,2024-09,False
2380,2024-09,2024-10,False
2380,2024-10,2024-11,False
2380,2024-11,2024-12,False
2381,2023-12,2024-01,False
2381,2024-01,2024-02,False
2381,2024-02,2024-03,False
2381,2024-03,2024-04,False
2381,2024-04,2024-05,False
2381,2024-05,2024-06,False
2381,2024-06,2024-07,False
2381,2024-07,2024-08,False
2381,2024-08,2024-09,False
2381,2024-09,2024-10,False
2381,2024-10,2024-11,False
2381,2024-11,2024-12,False
2382,2023-12,2024-01,False
2382,2024-01,2024-02,False
2382,2024-02,2024-03,False
2382,2024-03,2024-04,False
2382,2024-04,2024-05,False
2382,2024-05,2024-06,False
2382,2024-06,2024-07,False
2382,2024-07,2024-08,False
2382,2024-08,2024-09,False
2382,2024-09,2024-10,False
2382,2024-10,2024-11,False
2382,2024-11,2024-12,False
2383,2023-12,2024-01,False
2383,2024-01,2024-02,False
2383,2024-02,2024-03,False
2383,2024-03,2024-04,False
2383,2024-04,2024-05,False
2383,2024-05,2024-06,False
2383,2024-06,2024-07,False
2383,2024-07,2024-08,False
2383,2024-08,2024-09,False
2383,2024-09,2024-10,False
2383,2024-10,2024-11,False
2383,2024-11,2024-12,False
2384,2023-12,2024-01,False
2384,2024-01,2024-02,False
2384,2024-02,2024-03,False
2384,2024-03,2024-04,False
2384,2024-04,2024-05,False
2384,2024-05,2024-06,False
2384,2024-06,2024-07,False
2384,2024-07,2024-08,False
2384,2024-08,2024-09,False
2384,2024-09,2024-10,False
2384,2024-10,2024-11,False
2384,2024-11,2024-12,False
2385,2023-12,2024-01,False
2385,2024-01,2024-02,False
2385,2024-02,2024-03,False
2385,2024-03,2024-04,False
2385,2024-04,2024-05,False
2385,2024-05,2024-06,False
2385,2024-06,2024-07,False
2385,2024-07,2024-08,False
2385,2024-08,2024-09,False
2385,2024-09,2024-10,False
2385,2024-10,2024-11,False
2385,2024-11,2024-12,False
2386,2023-12,2024-01,False
2386,2024-01,2024-02,False
2386,2024-02,2024-03,False
2386,2024-03,2024-04,False
2386,2024-04,2024-05,False
2386,2024-05,2024-06,False
2386,2024-06,2024-07,False
2386,2024-07,2024-08,False
2386,2024-08,2024-09,False
2386,2024-09,2024-10,False
2386,2024-10,2024-11,False
2386,2024-11,2024-12,False
2387,2023-12,2024-01,False
2387,2024-01,2024-02,False
2387,2024-02,2024-03,False
2387,2024-03,2024-04,False
2387,2024-04,2024-05,False
2387,2024-05,2024-06,False
2387,2024-06,2024-07,False
2387,2024-07,2024-08,False
2387,2024-08,2024-09,False
2387,2024-09,2024-10,False
2387,2024-10,2024-11,False
2387,2024-11,2024-12,False
2388,2023-12,2024-01,False
2388,2024-01,2024-02,False
2388,2024-02,2024-03,False
2388,2024-03,2024-04,False
2388,2024-04,2024-05,False
2388,2024-05,2024-06,False
2388,2024-06,2024-07,False
2388,2024-07,2024-08,False
2388,2024-08,2024-09,False
2388,2024-09,2024-10,False
2388,2024-10,2024-11,False
2388,2024-11,2024-12,False
2389,2023-12,2024-01,False
2389,2024-01,2024-02,False
2389,2024-02,2024-03,False
2389,2024-03,2024-04,False
2389,2024-04,2024-05,False
2389,2024-05,2024-06,False
2389,2024-06,2024-07,False
2389,2024-07,2024-08,False
2389,2024-08,2024-09,False
2389,2024-09,2024-10,False
2389,2024-10,2024-11,False
2389,2024-11,2024-12,False
2390,2023-12,2024-01,False
2390,2024-01,2024-02,False
2390,2024-02,2024-03,False
2390,2024-03,2024-04,False
2390,2024-04,2024-05,False
2390,2024-05,2024-06,False
2390,2024-06,2024-07,False
2390,2024-07,2024-08,False
2390,2024-08,2024-09,False
2390,2024-09,2024-10,False
2390,2024-10,2024-11,False
2390,2024-11,2024-12,False
2391,2023-12,2024-01,False
2391,2024-01,2024-02,False
2391,2024-02,2024-03,False
2391,2024-03,2024-04,False
2391,2024-04,2024-05,False
2391,2024-05,2024-06,False
2391,2024-06,2024-07,False
2391,2024-07,2024-08,False
2391,2024-08,2024-09,False
2391,2024-09,2024-10,False
2391,2024-10,2024-11,False
2391,2024-11,2024-12,False
2392,2023-12,2024-01,False
2392,2024-01,2024-02,False
2392,2024-02,2024-03,False
2392,2024-03,2024-04,False
2392,2024-04,2024-05,False
2392,2024-05,2024-06,False
2392,2024-06,2024-07,False
2392,2024-07,2024-08,False
2392,2024-08,2024-09,False
2392,2024-09,2024-10,False
2392,2024-10,2024-11,False
2392,2024-11,2024-12,False
2393,2023-12,2024-01,False
2393,2024-01,2024-02,False
2393,2024-02,2024-03,False
2393,2024-03,2024-04,False
2393,2024-04,2024-05,False
2393,2024-05,2024-06,False
2393,2024-06,2024-07,False
2393,2024-07,2024-08,False
2393,2024-08,2024-09,False
2393,2024-09,2024-10,False
2393,2024-10,2024-11,False
2393,2024-11,2024-12,False
2394,2023-12,2024-01,False
2394,2024-01,2024-02,False
2394,2024-02,2024-03,False
2395,2023-12,2024-01,False
2395,2024-01,2024-02,False
2395,2024-02,2024-03,False
2395,2024-03,2024-04,False
2395,2024-04,2024-05,False
2395,2024-05,2024-06,False
2395,2024-06,2024-07,False
2395,2024-07,2024-08,False
2395,2024-08,2024-09,False
2395,2024-09,2024-10,False
2395,2024-10,2024-11,False
2395,2024-11,2024-12,False
2398,2023-12,2024-01,False
2398,2024-01,2024-02,False
2398,2024-02,2024-03,False
2398,2024-03,2024-04,False
2398,2024-04,2024-05,False
2398,2024-05,2024-06,False
2398,2024-06,2024-07,False
2398,2024-07,2024-08,False
2398,2024-08,2024-09,False
2398,2024-09,2024-10,False
2398,2024-10,2024-11,False
2398,2024-11,2024-12,False
2399,2023-12,2024-01,False
2399,2024-01,2024-02,False
2399,2024-02,2024-03,False
2399,2024-03,2024-04,False
2399,2024-04,2024-05,False
2399,2024-05,2024-06,False
2399,2024-06,2024-07,False
2399,2024-07,2024-08,False
2399,2024-08,2024-09,False
2399,2024-09,2024-10,False
2399,2024-10,2024-11,False
2399,2024-11,2024-12,False
2400,2023-12,2024-01,False
2400,2024-01,2024-02,False
2400,2024-02,2024-03,False
2400,2024-03,2024-04,False
2400,2024-04,2024-05,False
2400,2024-05,2024-06,False
2400,2024-06,2024-07,False
2400,2024-07,2024-08,False
2400,2024-08,2024-09,False
2400,2024-09,2024-10,False
2400,2024-10,2024-11,False
2400,2024-11,2024-12,False
2401,2023-12,2024-01,False
2401,2024-01,2024-02,False
2401,2024-02,2024-03,False
2401,2024-03,2024-04,False
2401,2024-04,2024-05,False
2401,2024-05,2024-06,False
2401,2024-06,2024-07,False
2401,2024-07,2024-08,False
2401,2024-08,2024-09,False
2401,2024-09,2024-10,False
2401,2024-10,2024-11,False
2401,2024-11,2024-12,False
2402,2023-12,2024-01,False
2402,2024-01,2024-02,False
2402,2024-02,2024-03,False
2402,2024-03,2024-04,False
2402,2024-04,2024-05,False
2402,2024-05,2024-06,False
2402,2024-06,2024-07,False
2402,2024-07,2024-08,False
2402,2024-08,2024-09,False
2402,2024-09,2024-10,False
2402,2024-10,2024-11,False
2402,2024-11,2024-12,False
2403,2023-12,2024-01,False
2403,2024-01,2024-02,False
2403,2024-02,2024-03,False
2403,2024-03,2024-04,False
2403,2024-04,2024-05,False
2403,2024-05,2024-06,False
2403,2024-06,2024-07,False
2403,2024-07,2024-08,False
2403,2024-08,2024-09,False
2403,2024-09,2024-10,False
2403,2024-10,2024-11,False
2403,2024-11,2024-12,False
2404,2023-12,2024-01,False
2404,2024-01,2024-02,False
2404,2024-02,2024-03,False
2404,2024-03,2024-04,False
2404,2024-04,2024-05,False
2404,2024-05,2024-06,False
2404,2024-06,2024-07,False
2404,2024-07,2024-08,False
2404,2024-08,2024-09,False
2404,2024-09,2024-10,False
2404,2024-10,2024-11,False
2404,2024-11,2024-12,False
2405,2023-12,2024-01,False
2405,2024-01,2024-02,False
2405,2024-02,2024-03,False
2405,2024-03,2024-04,False
2405,2024-04,2024-05,False
2405,2024-05,2024-06,False
2405,2024-06,2024-07,False
2405,2024-07,2024-08,False
2405,2024-08,2024-09,False
2405,2024-09,2024-10,False
2405,2024-10,2024-11,False
2405,2024-11,2024-12,False
2406,2023-12,2024-01,False
2406,2024-01,2024-02,False
2406,2024-02,2024-03,False
2406,2024-03,2024-04,False
2406,2024-04,2024-05,False
2406,2024-05,2024-06,False
2406,2024-06,2024-07,False
2406,2024-07,2024-08,False
2406,2024-08,2024-09,False
2406,2024-09,2024-10,False
2406,2024-10,2024-11,False
2406,2024-11,2024-12,False
2407,2023-12,2024-01,False
2407,2024-01,2024-02,False
2407,2024-02,2024-03,False
2407,2024-03,2024-04,False
2407,2024-04,2024-05,False
2407,2024-05,2024-06,False
2407,2024-06,2024-07,False
2407,2024-07,2024-08,False
2407,2024-08,2024-09,False
2407,2024-09,2024-10,False
2407,2024-10,2024-11,False
2407,2024-11,2024-12,False
2408,2023-12,2024-01,False
2408,2024-01,2024-02,False
2408,2024-02,2024-03,False
2408,2024-03,2024-04,False
2408,2024-04,2024-05,False
2408,2024-05,2024-06,False
2408,2024-06,2024-07,False
2408,2024-07,2024-08,False
2408,2024-08,2024-09,False
2408,2024-09,2024-10,False
2408,2024-10,2024-11,False
2408,2024-11,2024-12,False
2409,2023-12,2024-01,False
2409,2024-01,2024-02,False
2409,2024-02,2024-03,False
2409,2024-03,2024-04,False
2409,2024-04,2024-05,False
2409,2024-05,2024-06,False
2409,2024-06,2024-07,False
2409,2024-07,2024-08,False
2409,2024-08,2024-09,False
2409,2024-09,2024-10,False
2409,2024-10,2024-11,False
2409,2024-11,2024-12,False
2410,2023-12,2024-01,False
2410,2024-01,2024-02,False
2410,2024-02,2024-03,False
2410,2024-03,2024-04,False
2410,2024-04,2024-05,False
2410,2024-05,2024-06,False
2410,2024-06,2024-07,False
2410,2024-07,2024-08,False
2410,2024-08,2024-09,False
2410,2024-09,2024-10,False
2410,2024-10,2024-11,False
2410,2024-11,2024-12,False
2411,2023-12,2024-01,False
2411,2024-01,2024-02,False
2411,2024-02,2024-03,False
2411,2024-03,2024-04,False
2411,2024-04,2024-05,False
2411,2024-05,2024-06,False
2411,2024-06,2024-07,False
2411,2024-07,2024-08,False
2411,2024-08,2024-09,False
2411,2024-09,2024-10,False
2411,2024-10,2024-11,False
2411,2024-11,2024-12,False
2412,2023-12,2024-01,False
2412,2024-01,2024-02,False
2412,2024-02,2024-03,False
2412,2024-03,2024-04,False
2412,2024-04,2024-05,False
2412,2024-05,2024-06,False
2412,2024-06,2024-07,False
2412,2024-07,2024-08,False
2412,2024-08,2024-09,False
2412,2024-09,2024-10,False
2412,2024-10,2024-11,False
2412,2024-11,2024-12,False
2416,2023-12,2024-01,False
2416,2024-01,2024-02,False
2416,2024-02,2024-03,False
2416,2024-03,2024-04,False
2416,2024-04,2024-05,False
2416,2024-05,2024-06,False
2416,2024-06,2024-07,False
2416,2024-07,2024-08,False
2416,2024-08,2024-09,False
2416,2024-09,2024-10,False
2416,2024-10,2024-11,False
2416,2024-11,2024-12,False
2422,2023-12,2024-01,False
2422,2024-01,2024-02,False
2422,2024-02,2024-03,False
2422,2024-03,2024-04,False
2422,2024-04,2024-05,False
2422,2024-05,2024-06,False
2422,2024-06,2024-07,False
2422,2024-07,2024-08,False
2422,2024-08,2024-09,False
2422,2024-09,2024-10,False
2422,2024-10,2024-11,False
2422,2024-11,2024-12,False
2423,2023-12,2024-01,False
2423,2024-01,2024-02,False
2423,2024-02,2024-03,False
2423,2024-03,2024-04,False
2423,2024-04,2024-05,False
2423,2024-05,2024-06,False
2423,2024-06,2024-07,False
2423,2024-07,2024-08,False
2423,2024-08,2024-09,False
2423,2024-09,2024-10,False
2423,2024-10,2024-11,False
2423,2024-11,2024-12,False
2424,2023-12,2024-01,False
2424,2024-01,2024-02,False
2424,2024-02,2024-03,False
2424,2024-03,2024-04,False
2424,2024-04,2024-05,False
2424,2024-05,2024-06,False
2424,2024-06,2024-07,False
2424,2024-07,2024-08,False
2424,2024-08,2024-09,False
2424,2024-09,2024-10,False
2424,2024-10,2024-11,False
2424,2024-11,2024-12,False
2425,2023-12,2024-01,False
2425,2024-01,2024-02,False
2425,2024-02,2024-03,False
2425,2024-03,2024-04,False
2425,2024-04,2024-05,False
2425,2024-05,2024-06,False
2425,2024-06,2024-07,False
2425,2024-07,2024-08,False
2425,2024-08,2024-09,False
2425,2024-09,2024-10,False
2425,2024-10,2024-11,False
2425,2024-11,2024-12,False
2426,2023-12,2024-01,False
2426,2024-01,2024-02,False
2426,2024-02,2024-03,False
2426,2024-03,2024-04,False
2426,2024-04,2024-05,False
2426,2024-05,2024-06,False
2426,2024-06,2024-07,False
2426,2024-07,2024-08,False
2426,2024-08,2024-09,False
2426,2024-09,2024-10,False
2426,2024-10,2024-11,False
2426,2024-11,2024-12,False
2427,2023-12,2024-01,False
2427,2024-01,2024-02,False
2427,2024-02,2024-03,False
2427,2024-03,2024-04,False
2427,2024-04,2024-05,False
2427,2024-05,2024-06,False
2427,2024-06,2024-07,False
2427,2024-07,2024-08,False
2427,2024-08,2024-09,False
2427,2024-09,2024-10,False
2427,2024-10,2024-11,False
2427,2024-11,2024-12,False
2428,2023-12,2024-01,False
2428,2024-01,2024-02,False
2428,2024-02,2024-03,False
2428,2024-03,2024-04,False
2428,2024-04,2024-05,False
2428,2024-05,2024-06,False
2428,2024-06,2024-07,False
2428,2024-07,2024-08,False
2428,2024-08,2024-09,False
2428,2024-09,2024-10,False
2428,2024-10,2024-11,False
2428,2024-11,2024-12,False
2429,2023-12,2024-01,False
2429,2024-01,2024-02,False
2429,2024-02,2024-03,False
2429,2024-03,2024-04,False
2429,2024-04,2024-05,False
2429,2024-05,2024-06,False
2429,2024-06,2024-07,False
2429,2024-07,2024-08,False
2429,2024-08,2024-09,False
2429,2024-09,2024-10,False
2429,2024-10,2024-11,False
2429,2024-11,2024-12,False
2430,2023-12,2024-01,False
2430,2024-01,2024-02,False
2430,2024-02,2024-03,False
2430,2024-03,2024-04,False
2430,2024-04,2024-05,False
2430,2024-05,2024-06,False
2430,2024-06,2024-07,False
2430,2024-07,2024-08,False
2430,2024-08,2024-09,False
2430,2024-09,2024-10,False
2430,2024-10,2024-11,False
2430,2024-11,2024-12,False
2431,2023-12,2024-01,False
2431,2024-01,2024-02,False
2431,2024-02,2024-03,False
2431,2024-03,2024-04,False
2431,2024-04,2024-05,False
2431,2024-05,2024-06,False
2431,2024-06,2024-07,False
2431,2024-07,2024-08,False
2431,2024-08,2024-09,False
2431,2024-09,2024-10,False
2431,2024-10,2024-11,False
2431,2024-11,2024-12,False
2432,2023-12,2024-01,False
2432,2024-01,2024-02,False
2432,2024-02,2024-03,False
2432,2024-03,2024-04,False
2432,2024-04,2024-05,False
2432,2024-05,2024-06,False
2432,2024-06,2024-07,False
2432,2024-07,2024-08,False
2432,2024-08,2024-09,False
2432,2024-09,2024-10,False
2432,2024-10,2024-11,False
2432,2024-11,2024-12,False
2433,2023-12,2024-01,False
2433,2024-01,2024-02,False
2433,2024-02,2024-03,False
2433,2024-03,2024-04,False
2433,2024-04,2024-05,False
2433,2024-05,2024-06,False
2433,2024-06,2024-07,False
2433,2024-07,2024-08,False
2433,2024-08,2024-09,False
2433,2024-09,2024-10,False
2433,2024-10,2024-11,False
2433,2024-11,2024-12,False
2434,2023-12,2024-01,False
2434,2024-01,2024-02,False
2434,2024-02,2024-03,False
2434,2024-03,2024-04,False
2434,2024-04,2024-05,False
2434,2024-05,2024-06,False
2434,2024-06,2024-07,False
2434,2024-07,2024-08,False
2434,2024-08,2024-09,False
2434,2024-09,2024-10,False
2434,2024-10,2024-11,False
2434,2024-11,2024-12,False
2435,2023-12,2024-01,False
2435,2024-01,2024-02,False
2435,2024-02,2024-03,False
2435,2024-03,2024-04,False
2435,2024-04,2024-05,False
2435,2024-05,2024-06,False
2435,2024-06,2024-07,False
2435,2024-07,2024-08,False
2435,2024-08,2024-09,False
2435,2024-09,2024-10,False
2435,2024-10,2024-11,False
2435,2024-11,2024-12,False
2436,2023-12,2024-01,False
2436,2024-01,2024-02,False
2436,2024-02,2024-03,False
2436,2024-03,2024-04,False
2436,2024-04,2024-05,False
2436,2024-05,2024-06,False
2436,2024-06,2024-07,False
2436,2024-07,2024-08,False
2436,2024-08,2024-09,False
2436,2024-09,2024-10,False
2436,2024-10,2024-11,False
2436,2024-11,2024-12,False
2437,2023-12,2024-01,False
2437,2024-01,2024-02,False
2437,2024-02,2024-03,False
2437,2024-03,2024-04,False
2437,2024-04,2024-05,False
2437,2024-05,2024-06,False
2437,2024-06,2024-07,False
2437,2024-07,2024-08,False
2437,2024-08,2024-09,False
2437,2024-09,2024-10,False
2437,2024-10,2024-11,False
2437,2024-11,2024-12,False
2439,2023-12,2024-01,False
2439,2024-01,2024-02,False
2439,2024-02,2024-03,False
2439,2024-03,2024-04,False
2439,2024-04,2024-05,False
2439,2024-05,2024-06,False
2439,2024-06,2024-07,False
2439,2024-07,2024-08,False
2439,2024-08,2024-09,False
2439,2024-09,2024-10,False
2439,2024-10,2024-11,False
2439,2024-11,2024-12,False
2440,2023-12,2024-01,False
2440,2024-01,2024-02,False
2440,2024-02,2024-03,False
2440,2024-03,2024-04,False
2440,2024-04,2024-05,False
2440,2024-05,2024-06,False
2440,2024-06,2024-07,False
2440,2024-07,2024-08,False
2440,2024-08,2024-09,False
2440,2024-09,2024-10,False
2440,2024-10,2024-11,False
2440,2024-11,2024-12,False
2441,2023-12,2024-01,False
2441,2024-01,2024-02,False
2441,2024-02,2024-03,False
2441,2024-03,2024-04,False
2441,2024-04,2024-05,False
2441,2024-05,2024-06,False
2441,2024-06,2024-07,False
2441,2024-07,2024-08,False
2441,2024-08,2024-09,False
2441,2024-09,2024-10,False
2441,2024-10,2024-11,False
2441,2024-11,2024-12,False
2442,2023-12,2024-01,False
2442,2024-01,2024-02,False
2442,2024-02,2024-03,False
2442,2024-03,2024-04,False
2442,2024-04,2024-05,False
2442,2024-05,2024-06,False
2442,2024-06,2024-07,False
2442,2024-07,2024-08,False
2442,2024-08,2024-09,False
2442,2024-09,2024-10,False
2442,2024-10,2024-11,False
2442,2024-11,2024-12,False
2443,2023-12,2024-01,False
2443,2024-01,2024-02,False
2443,2024-02,2024-03,False
2443,2024-03,2024-04,False
2443,2024-04,2024-05,False
2443,2024-05,2024-06,False
2443,2024-06,2024-07,False
2443,2024-07,2024-08,False
2443,2024-08,2024-09,False
2443,2024-09,2024-10,False
2443,2024-10,2024-11,False
2443,2024-11,2024-12,False
2444,2023-12,2024-01,False
2444,2024-01,2024-02,False
2444,2024-02,2024-03,False
2444,2024-03,2024-04,False
2444,2024-04,2024-05,False
2444,2024-05,2024-06,False
2444,2024-06,2024-07,False
2444,2024-07,2024-08,False
2444,2024-08,2024-09,False
2444,2024-09,2024-10,False
2444,2024-10,2024-11,False
2444,2024-11,2024-12,False
2445,2023-12,2024-01,False
2445,2024-01,2024-02,False
2445,2024-02,2024-03,False
2445,2024-03,2024-04,False
2445,2024-04,2024-05,False
2445,2024-05,2024-06,False
2445,2024-06,2024-07,False
2445,2024-07,2024-08,False
2445,2024-08,2024-09,False
2445,2024-09,2024-10,False
2445,2024-10,2024-11,False
2445,2024-11,2024-12,False
2446,2023-12,2024-01,False
2446,2024-01,2024-02,False
2446,2024-02,2024-03,False
2446,2024-03,2024-04,False
2446,2024-04,2024-05,False
2446,2024-05,2024-06,False
2446,2024-06,2024-07,False
2446,2024-07,2024-08,False
2446,2024-08,2024-09,False
2446,2024-09,2024-10,False
2446,2024-10,2024-11,False
2446,2024-11,2024-12,False
2447,2023-12,2024-01,False
2447,2024-01,2024-02,False
2447,2024-02,2024-03,False
2447,2024-03,2024-04,False
2447,2024-04,2024-05,False
2447,2024-05,2024-06,False
2447,2024-06,2024-07,False
2447,2024-07,2024-08,False
2447,2024-08,2024-09,False
2447,2024-09,2024-10,False
2447,2024-10,2024-11,False
2447,2024-11,2024-12,False
2449,2023-12,2024-01,False
2449,2024-01,2024-02,False
2449,2024-02,2024-03,False
2449,2024-03,2024-04,False
2449,2024-04,2024-05,False
2449,2024-05,2024-06,False
2449,2024-06,2024-07,False
2449,2024-07,2024-08,False
2449,2024-08,2024-09,False
2449,2024-09,2024-10,False
2449,2024-10,2024-11,False
2449,2024-11,2024-12,False
2450,2023-12,2024-01,False
2450,2024-01,2024-02,False
2450,2024-02,2024-03,False
2450,2024-03,2024-04,False
2450,2024-04,2024-05,False
2450,2024-05,2024-06,False
2450,2024-06,2024-07,False
2450,2024-07,2024-08,False
2450,2024-08,2024-09,False
2450,2024-09,2024-10,False
2450,2024-10,2024-11,False
2450,2024-11,2024-12,False
2451,2023-12,2024-01,False
2451,2024-01,2024-02,False
2451,2024-02,2024-03,False
2451,2024-03,2024-04,False
2451,2024-04,2024-05,False
2451,2024-05,2024-06,False
2451,2024-06,2024-07,False
2451,2024-07,2024-08,False
2451,2024-08,2024-09,False
2451,2024-09,2024-10,False
2451,2024-10,2024-11,False
2451,2024-11,2024-12,False
2452,2023-12,2024-01,False
2452,2024-01,2024-02,False
2452,2024-02,2024-03,False
2452,2024-03,2024-04,False
2452,2024-04,2024-05,False
2452,2024-05,2024-06,False
2452,2024-06,2024-07,False
2452,2024-07,2024-08,False
2452,2024-08,2024-09,False
2452,2024-09,2024-10,False
2452,2024-10,2024-11,False
2452,2024-11,2024-12,False
2453,2023-12,2024-01,False
2453,2024-01,2024-02,False
2453,2024-02,2024-03,False
2453,2024-03,2024-04,False
2453,2024-04,2024-05,False
2453,2024-05,2024-06,False
2453,2024-06,2024-07,False
2453,2024-07,2024-08,False
2453,2024-08,2024-09,False
2453,2024-09,2024-10,False
2453,2024-10,2024-11,False
2453,2024-11,2024-12,False
2454,2023-12,2024-01,False
2454,2024-01,2024-02,False
2454,2024-02,2024-03,False
2454,2024-03,2024-04,False
2454,2024-04,2024-05,False
2454,2024-05,2024-06,False
2454,2024-06,2024-07,False
2454,2024-07,2024-08,False
2454,2024-08,2024-09,False
2454,2024-09,2024-10,False
2454,2024-10,2024-11,False
2454,2024-11,2024-12,False
2455,2023-12,2024-01,False
2455,2024-01,2024-02,False
2455,2024-02,2024-03,False
2455,2024-03,2024-04,False
2455,2024-04,2024-05,False
2455,2024-05,2024-06,False
2455,2024-06,2024-07,False
2455,2024-07,2024-08,False
2455,2024-08,2024-09,False
2455,2024-09,2024-10,False
2455,2024-10,2024-11,False
2455,2024-11,2024-12,False
2456,2023-12,2024-01,False
2456,2024-01,2024-02,False
2456,2024-02,2024-03,False
2456,2024-03,2024-04,False
2456,2024-04,2024-05,False
2456,2024-05,2024-06,False
2456,2024-06,2024-07,False
2456,2024-07,2024-08,False
2456,2024-08,2024-09,False
2456,2024-09,2024-10,False
2456,2024-10,2024-11,False
2456,2024-11,2024-12,False
2457,2023-12,2024-01,False
2457,2024-01,2024-02,False
2457,2024-02,2024-03,False
2457,2024-03,2024-04,False
2457,2024-04,2024-05,False
2457,2024-05,2024-06,False
2457,2024-06,2024-07,False
2457,2024-07,2024-08,False
2457,2024-08,2024-09,False
2457,2024-09,2024-10,False
2457,2024-10,2024-11,False
2457,2024-11,2024-12,False
2458,2023-12,2024-01,False
2458,2024-01,2024-02,False
2458,2024-02,2024-03,False
2458,2024-03,2024-04,False
2458,2024-04,2024-05,False
2458,2024-05,2024-06,False
2458,2024-06,2024-07,False
2458,2024-07,2024-08,False
2458,2024-08,2024-09,False
2458,2024-09,2024-10,False
2458,2024-10,2024-11,False
2458,2024-11,2024-12,False
2459,2023-12,2024-01,False
2459,2024-01,2024-02,False
2459,2024-02,2024-03,False
2459,2024-03,2024-04,False
2459,2024-04,2024-05,False
2459,2024-05,2024-06,False
2459,2024-06,2024-07,False
2459,2024-07,2024-08,False
2459,2024-08,2024-09,False
2459,2024-09,2024-10,False
2459,2024-10,2024-11,False
2459,2024-11,2024-12,False
2460,2023-12,2024-01,False
2460,2024-01,2024-02,False
2460,2024-02,2024-03,False
2460,2024-03,2024-04,False
2460,2024-04,2024-05,False
2460,2024-05,2024-06,False
2460,2024-06,2024-07,False
2460,2024-07,2024-08,False
2460,2024-08,2024-09,False
2460,2024-09,2024-10,False
2460,2024-10,2024-11,False
2460,2024-11,2024-12,False
2461,2023-12,2024-01,False
2461,2024-01,2024-02,False
2461,2024-02,2024-03,False
2461,2024-03,2024-04,False
2461,2024-04,2024-05,False
2461,2024-05,2024-06,False
2461,2024-06,2024-07,False
2461,2024-07,2024-08,False
2461,2024-08,2024-09,False
2461,2024-09,2024-10,False
2461,2024-10,2024-11,False
2461,2024-11,2024-12,False
2462,2023-12,2024-01,False
2462,2024-01,2024-02,False
2462,2024-02,2024-03,False
2462,2024-03,2024-04,False
2462,2024-04,2024-05,False
2462,2024-05,2024-06,False
2462,2024-06,2024-07,False
2462,2024-07,2024-08,False
2462,2024-08,2024-09,False
2462,2024-09,2024-10,False
2462,2024-10,2024-11,False
2462,2024-11,2024-12,False
2463,2023-12,2024-01,False
2463,2024-01,2024-02,False
2463,2024-02,2024-03,False
2463,2024-03,2024-04,False
2463,2024-04,2024-05,False
2463,2024-05,2024-06,False
2463,2024-06,2024-07,False
2463,2024-07,2024-08,False
2463,2024-08,2024-09,False
2463,2024-09,2024-10,False
2463,2024-10,2024-11,False
2463,2024-11,2024-12,False
2464,2023-12,2024-01,False
2464,2024-01,2024-02,False
2464,2024-02,2024-03,False
2464,2024-03,2024-04,False
2464,2024-04,2024-05,False
2464,2024-05,2024-06,False
2464,2024-06,2024-07,False
2464,2024-07,2024-08,False
2464,2024-08,2024-09,False
2464,2024-09,2024-10,False
2464,2024-10,2024-11,False
2464,2024-11,2024-12,False
2465,2023-12,2024-01,False
2465,2024-01,2024-02,False
2465,2024-02,2024-03,False
2465,2024-03,2024-04,False
2465,2024-04,2024-05,False
2465,2024-05,2024-06,False
2465,2024-06,2024-07,False
2465,2024-07,2024-08,False
2465,2024-08,2024-09,False
2465,2024-09,2024-10,False
2465,2024-10,2024-11,False
2465,2024-11,2024-12,False
2466,2023-12,2024-01,False
2466,2024-01,2024-02,False
2466,2024-02,2024-03,False
2466,2024-03,2024-04,False
2466,2024-04,2024-05,False
2466,2024-05,2024-06,False
2466,2024-06,2024-07,False
2466,2024-07,2024-08,False
2466,2024-08,2024-09,False
2466,2024-09,2024-10,False
2466,2024-10,2024-11,False
2466,2024-11,2024-12,False
2467,2023-12,2024-01,False
2467,2024-01,2024-02,False
2467,2024-02,2024-03,False
2467,2024-03,2024-04,False
2467,2024-04,2024-05,False
2467,2024-05,2024-06,False
2467,2024-06,2024-07,False
2467,2024-07,2024-08,False
2467,2024-08,2024-09,False
2467,2024-09,2024-10,False
2467,2024-10,2024-11,False
2467,2024-11,2024-12,False
2468,2023-12,2024-01,False
2468,2024-01,2024-02,False
2468,2024-02,2024-03,False
2468,2024-03,2024-04,False
2468,2024-04,2024-05,False
2468,2024-05,2024-06,False
2468,2024-06,2024-07,False
2468,2024-07,2024-08,False
2468,2024-08,2024-09,False
2468,2024-09,2024-10,False
2468,2024-10,2024-11,False
2468,2024-11,2024-12,False
2469,2023-12,2024-01,False
2469,2024-01,2024-02,False
2469,2024-02,2024-03,False
2469,2024-03,2024-04,False
2469,2024-04,2024-05,False
2469,2024-05,2024-06,False
2469,2024-06,2024-07,False
2469,2024-07,2024-08,False
2469,2024-08,2024-09,False
2469,2024-09,2024-10,False
2469,2024-10,2024-11,False
2469,2024-11,2024-12,False
2470,2023-12,2024-01,False
2470,2024-01,2024-02,False
2470,2024-02,2024-03,False
2470,2024-03,2024-04,False
2470,2024-04,2024-05,False
2470,2024-05,2024-06,False
2470,2024-06,2024-07,False
2470,2024-07,2024-08,False
2470,2024-08,2024-09,False
2470,2024-09,2024-10,False
2470,2024-10,2024-11,False
2470,2024-11,2024-12,False
2471,2023-12,2024-01,False
2471,2024-01,2024-02,False
2471,2024-02,2024-03,False
2471,2024-03,2024-04,False
2471,2024-04,2024-05,False
2471,2024-05,2024-06,False
2471,2024-06,2024-07,False
2471,2024-07,2024-08,False
2471,2024-08,2024-09,False
2471,2024-09,2024-10,False
2471,2024-10,2024-11,False
2471,2024-11,2024-12,False
2472,2023-12,2024-01,False
2472,2024-01,2024-02,False
2472,2024-02,2024-03,False
2472,2024-03,2024-04,False
2472,2024-04,2024-05,False
2472,2024-05,2024-06,False
2472,2024-06,2024-07,False
2472,2024-07,2024-08,False
2472,2024-08,2024-09,False
2472,2024-09,2024-10,False
2472,2024-10,2024-11,False
2472,2024-11,2024-12,False
2473,2023-12,2024-01,False
2473,2024-01,2024-02,False
2473,2024-02,2024-03,False
2473,2024-03,2024-04,False
2473,2024-04,2024-05,False
2473,2024-05,2024-06,False
2473,2024-06,2024-07,False
2473,2024-07,2024-08,False
2473,2024-08,2024-09,False
2473,2024-09,2024-10,False
2473,2024-10,2024-11,False
2473,2024-11,2024-12,False
2474,2023-12,2024-01,False
2474,2024-01,2024-02,False
2474,2024-02,2024-03,False
2474,2024-03,2024-04,False
2474,2024-04,2024-05,False
2474,2024-05,2024-06,False
2474,2024-06,2024-07,False
2474,2024-07,2024-08,False
2474,2024-08,2024-09,False
2474,2024-09,2024-10,False
2474,2024-10,2024-11,False
2474,2024-11,2024-12,False
2475,2023-12,2024-01,False
2475,2024-01,2024-02,False
2475,2024-02,2024-03,False
2475,2024-03,2024-04,False
2475,2024-04,2024-05,False
2475,2024-05,2024-06,False
2475,2024-06,2024-07,False
2475,2024-07,2024-08,False
2475,2024-08,2024-09,False
2475,2024-09,2024-10,False
2475,2024-10,2024-11,False
2475,2024-11,2024-12,False
2476,2023-12,2024-01,False
2476,2024-01,2024-02,False
2476,2024-02,2024-03,False
2476,2024-03,2024-04,False
2476,2024-04,2024-05,False
2476,2024-05,2024-06,False
2476,2024-06,2024-07,False
2476,2024-07,2024-08,False
2476,2024-08,2024-09,False
2476,2024-09,2024-10,False
2476,2024-10,2024-11,False
2476,2024-11,2024-12,False
2477,2023-12,2024-01,False
2477,2024-01,2024-02,False
2477,2024-02,2024-03,False
2477,2024-03,2024-04,False
2477,2024-04,2024-05,False
2477,2024-05,2024-06,False
2477,2024-06,2024-07,False
2477,2024-07,2024-08,False
2477,2024-08,2024-09,False
2477,2024-09,2024-10,False
2477,2024-10,2024-11,False
2477,2024-11,2024-12,False
2478,2023-12,2024-01,False
2478,2024-01,2024-02,False
2478,2024-02,2024-03,False
2478,2024-03,2024-04,False
2478,2024-04,2024-05,False
2478,2024-05,2024-06,False
2478,2024-06,2024-07,False
2478,2024-07,2024-08,False
2478,2024-08,2024-09,False
2478,2024-09,2024-10,False
2478,2024-10,2024-11,False
2478,2024-11,2024-12,False
2479,2023-12,2024-01,False
2479,2024-01,2024-02,False
2479,2024-02,2024-03,False
2479,2024-03,2024-04,False
2479,2024-04,2024-05,False
2479,2024-05,2024-06,False
2479,2024-06,2024-07,False
2479,2024-07,2024-08,False
2479,2024-08,2024-09,False
2479,2024-09,2024-10,False
2479,2024-10,2024-11,False
2479,2024-11,2024-12,False
2480,2023-12,2024-01,False
2480,2024-01,2024-02,False
2480,2024-02,2024-03,False
2480,2024-03,2024-04,False
2480,2024-04,2024-05,False
2480,2024-05,2024-06,False
2480,2024-06,2024-07,False
2480,2024-07,2024-08,False
2480,2024-08,2024-09,False
2480,2024-09,2024-10,False
2480,2024-10,2024-11,False
2480,2024-11,2024-12,False
2481,2023-12,2024-01,False
2481,2024-01,2024-02,False
2481,2024-02,2024-03,False
2481,2024-03,2024-04,False
2481,2024-04,2024-05,False
2481,2024-05,2024-06,False
2481,2024-06,2024-07,False
2481,2024-07,2024-08,False
2481,2024-08,2024-09,False
2481,2024-09,2024-10,False
2481,2024-10,2024-11,False
2481,2024-11,2024-12,False
2482,2023-12,2024-01,False
2482,2024-01,2024-02,False
2482,2024-02,2024-03,False
2482,2024-03,2024-04,False
2482,2024-04,2024-05,False
2482,2024-05,2024-06,False
2482,2024-06,2024-07,False
2482,2024-07,2024-08,False
2482,2024-08,2024-09,False
2482,2024-09,2024-10,False
2482,2024-10,2024-11,False
2482,2024-11,2024-12,False
2483,2023-12,2024-01,False
2483,2024-01,2024-02,False
2483,2024-02,2024-03,False
2483,2024-03,2024-04,False
2483,2024-04,2024-05,False
2483,2024-05,2024-06,False
2483,2024-06,2024-07,False
2483,2024-07,2024-08,False
2483,2024-08,2024-09,False
2483,2024-09,2024-10,False
2483,2024-10,2024-11,False
2483,2024-11,2024-12,False
2484,2023-12,2024-01,False
2484,2024-01,2024-02,False
2484,2024-02,2024-03,False
2484,2024-03,2024-04,False
2484,2024-04,2024-05,False
2484,2024-05,2024-06,False
2484,2024-06,2024-07,False
2484,2024-07,2024-08,False
2484,2024-08,2024-09,False
2484,2024-09,2024-10,False
2484,2024-10,2024-11,False
2484,2024-11,2024-12,False
2485,2023-12,2024-01,False
2485,2024-01,2024-02,False
2485,2024-02,2024-03,False
2485,2024-03,2024-04,False
2485,2024-04,2024-05,False
2485,2024-05,2024-06,False
2485,2024-06,2024-07,False
2485,2024-07,2024-08,False
2485,2024-08,2024-09,False
2485,2024-09,2024-10,False
2485,2024-10,2024-11,False
2485,2024-11,2024-12,False
2486,2023-12,2024-01,False
2486,2024-01,2024-02,False
2486,2024-02,2024-03,False
2486,2024-03,2024-04,False
2486,2024-04,2024-05,False
2486,2024-05,2024-06,False
2486,2024-06,2024-07,False
2486,2024-07,2024-08,False
2486,2024-08,2024-09,False
2486,2024-09,2024-10,False
2486,2024-10,2024-11,False
2486,2024-11,2024-12,False
2487,2023-12,2024-01,False
2487,2024-01,2024-02,False
2487,2024-02,2024-03,False
2487,2024-03,2024-04,False
2487,2024-04,2024-05,False
2487,2024-05,2024-06,False
2487,2024-06,2024-07,False
2487,2024-07,2024-08,False
2487,2024-08,2024-09,False
2487,2024-09,2024-10,False
2487,2024-10,2024-11,False
2487,2024-11,2024-12,False
2488,2023-12,2024-01,False
2488,2024-01,2024-02,False
2488,2024-02,2024-03,False
2488,2024-03,2024-04,False
2488,2024-04,2024-05,False
2488,2024-05,2024-06,False
2488,2024-06,2024-07,False
2488,2024-07,2024-08,False
2488,2024-08,2024-09,False
2488,2024-09,2024-10,False
2488,2024-10,2024-11,False
2488,2024-11,2024-12,False
2489,2023-12,2024-01,False
2489,2024-01,2024-02,False
2489,2024-02,2024-03,False
2489,2024-03,2024-04,False
2489,2024-04,2024-05,False
2489,2024-05,2024-06,False
2489,2024-06,2024-07,False
2489,2024-07,2024-08,False
2489,2024-08,2024-09,False
2489,2024-09,2024-10,False
2489,2024-10,2024-11,False
2489,2024-11,2024-12,False
2490,2023-12,2024-01,False
2490,2024-01,2024-02,False
2490,2024-02,2024-03,False
2490,2024-03,2024-04,False
2490,2024-04,2024-05,False
2490,2024-05,2024-06,False
2490,2024-06,2024-07,False
2490,2024-07,2024-08,False
2490,2024-08,2024-09,False
2490,2024-09,2024-10,False
2490,2024-10,2024-11,False
2490,2024-11,2024-12,False
2491,2023-12,2024-01,False
2491,2024-01,2024-02,False
2491,2024-02,2024-03,False
2491,2024-03,2024-04,False
2491,2024-04,2024-05,False
2491,2024-05,2024-06,False
2491,2024-06,2024-07,False
2491,2024-07,2024-08,False
2491,2024-08,2024-09,False
2491,2024-09,2024-10,False
2491,2024-10,2024-11,False
2491,2024-11,2024-12,False
2492,2023-12,2024-01,False
2492,2024-01,2024-02,False
2492,2024-02,2024-03,False
2492,2024-03,2024-04,False
2492,2024-04,2024-05,False
2492,2024-05,2024-06,False
2492,2024-06,2024-07,False
2492,2024-07,2024-08,False
2492,2024-08,2024-09,False
2492,2024-09,2024-10,False
2492,2024-10,2024-11,False
2492,2024-11,2024-12,False
2493,2023-12,2024-01,False
2493,2024-01,2024-02,False
2493,2024-02,2024-03,False
2493,2024-03,2024-04,False
2493,2024-04,2024-05,False
2493,2024-05,2024-06,False
2493,2024-06,2024-07,False
2493,2024-07,2024-08,False
2493,2024-08,2024-09,False
2493,2024-09,2024-10,False
2493,2024-10,2024-11,False
2493,2024-11,2024-12,False
2494,2023-12,2024-01,False
2494,2024-01,2024-02,False
2494,2024-02,2024-03,False
2494,2024-03,2024-04,False
2494,2024-04,2024-05,False
2494,2024-05,2024-06,False
2494,2024-06,2024-07,False
2494,2024-07,2024-08,False
2494,2024-08,2024-09,False
2494,2024-09,2024-10,False
2494,2024-10,2024-11,False
2494,2024-11,2024-12,False
2495,2023-12,2024-01,False
2495,2024-01,2024-02,False
2495,2024-02,2024-03,False
2495,2024-03,2024-04,False
2495,2024-04,2024-05,False
2495,2024-05,2024-06,False
2495,2024-06,2024-07,False
2495,2024-07,2024-08,False
2495,2024-08,2024-09,False
2495,2024-09,2024-10,False
2495,2024-10,2024-11,False
2495,2024-11,2024-12,False
2496,2023-12,2024-01,False
2496,2024-01,2024-02,False
2496,2024-02,2024-03,False
2496,2024-03,2024-04,False
2496,2024-04,2024-05,False
2496,2024-05,2024-06,False
2496,2024-06,2024-07,False
2496,2024-07,2024-08,False
2496,2024-08,2024-09,False
2496,2024-09,2024-10,False
2496,2024-10,2024-11,False
2496,2024-11,2024-12,False
2497,2023-12,2024-01,False
2497,2024-01,2024-02,False
2497,2024-02,2024-03,False
2497,2024-03,2024-04,False
2497,2024-04,2024-05,False
2497,2024-05,2024-06,False
2497,2024-06,2024-07,False
2497,2024-07,2024-08,False
2497,2024-08,2024-09,False
2497,2024-09,2024-10,False
2497,2024-10,2024-11,False
2497,2024-11,2024-12,False
2498,2023-12,2024-01,False
2498,2024-01,2024-02,False
2498,2024-02,2024-03,False
2498,2024-03,2024-04,False
2498,2024-04,2024-05,False
2498,2024-05,2024-06,False
2498,2024-06,2024-07,False
2498,2024-07,2024-08,False
2498,2024-08,2024-09,False
2498,2024-09,2024-10,False
2498,2024-10,2024-11,False
2498,2024-11,2024-12,False
2499,2023-12,2024-01,False
2499,2024-01,2024-02,False
2499,2024-02,2024-03,False
2499,2024-03,2024-04,False
2499,2024-04,2024-05,False
2499,2024-05,2024-06,False
2499,2024-06,2024-07,False
2499,2024-07,2024-08,False
2499,2024-08,2024-09,False
2499,2024-09,2024-10,False
2499,2024-10,2024-11,False
2499,2024-11,2024-12,False
2500,2023-12,2024-01,False
2500,2024-01,2024-02,False
2500,2024-02,2024-03,False
2500,2024-03,2024-04,False
2500,2024-04,2024-05,False
2500,2024-05,2024-06,False
2500,2024-06,2024-07,False
2500,2024-07,2024-08,False
2500,2024-08,2024-09,False
2500,2024-09,2024-10,False
2500,2024-10,2024-11,False
2500,2024-11,2024-12,False
2501,2023-12,2024-01,False
2501,2024-01,2024-02,False
2501,2024-02,2024-03,False
2501,2024-03,2024-04,False
2501,2024-04,2024-05,False
2501,2024-05,2024-06,False
2501,2024-06,2024-07,False
2501,2024-07,2024-08,False
2501,2024-08,2024-09,False
2501,2024-09,2024-10,False
2501,2024-10,2024-11,False
2501,2024-11,2024-12,False
2502,2023-12,2024-01,False
2502,2024-01,2024-02,False
2502,2024-02,2024-03,False
2502,2024-03,2024-04,False
2502,2024-04,2024-05,False
2502,2024-05,2024-06,False
2502,2024-06,2024-07,False
2502,2024-07,2024-08,False
2502,2024-08,2024-09,False
2502,2024-09,2024-10,False
2502,2024-10,2024-11,False
2502,2024-11,2024-12,False
2503,2023-12,2024-01,False
2503,2024-01,2024-02,False
2503,2024-02,2024-03,False
2503,2024-03,2024-04,False
2503,2024-04,2024-05,False
2503,2024-05,2024-06,False
2503,2024-06,2024-07,False
2503,2024-07,2024-08,False
2503,2024-08,2024-09,False
2503,2024-09,2024-10,False
2503,2024-10,2024-11,False
2503,2024-11,2024-12,False
2504,2023-12,2024-01,False
2504,2024-01,2024-02,False
2504,2024-02,2024-03,False
2504,2024-03,2024-04,False
2504,2024-04,2024-05,False
2504,2024-05,2024-06,False
2504,2024-06,2024-07,False
2504,2024-07,2024-08,False
2504,2024-08,2024-09,False
2504,2024-09,2024-10,False
2504,2024-10,2024-11,False
2504,2024-11,2024-12,False
2505,2023-12,2024-01,False
2505,2024-01,2024-02,False
2505,2024-02,2024-03,False
2505,2024-03,2024-04,False
2505,2024-04,2024-05,False
2505,2024-05,2024-06,False
2505,2024-06,2024-07,False
2505,2024-07,2024-08,False
2505,2024-08,2024-09,False
2505,2024-09,2024-10,False
2505,2024-10,2024-11,False
2505,2024-11,2024-12,False
2506,2023-12,2024-01,False
2506,2024-01,2024-02,False
2506,2024-02,2024-03,False
2506,2024-03,2024-04,False
2506,2024-04,2024-05,False
2506,2024-05,2024-06,False
2506,2024-06,2024-07,False
2506,2024-07,2024-08,False
2506,2024-08,2024-09,False
2506,2024-09,2024-10,False
2506,2024-10,2024-11,False
2506,2024-11,2024-12,False
2507,2023-12,2024-01,False
2507,2024-01,2024-02,False
2507,2024-02,2024-03,False
2507,2024-03,2024-04,False
2507,2024-04,2024-05,False
2507,2024-05,2024-06,False
2507,2024-06,2024-07,False
2507,2024-07,2024-08,False
2507,2024-08,2024-09,False
2507,2024-09,2024-10,False
2507,2024-10,2024-11,False
2507,2024-11,2024-12,False
2508,2023-12,2024-01,False
2508,2024-01,2024-02,False
2508,2024-02,2024-03,False
2508,2024-03,2024-04,False
2508,2024-04,2024-05,False
2508,2024-05,2024-06,False
2508,2024-06,2024-07,False
2508,2024-07,2024-08,False
2508,2024-08,2024-09,False
2508,2024-09,2024-10,False
2508,2024-10,2024-11,False
2508,2024-11,2024-12,False
2509,2023-12,2024-01,False
2509,2024-01,2024-02,False
2509,2024-02,2024-03,False
2509,2024-03,2024-04,False
2509,2024-04,2024-05,False
2509,2024-05,2024-06,False
2509,2024-06,2024-07,False
2509,2024-07,2024-08,False
2509,2024-08,2024-09,False
2509,2024-09,2024-10,False
2509,2024-10,2024-11,False
2509,2024-11,2024-12,False
2510,2023-12,2024-01,False
2510,2024-01,2024-02,False
2510,2024-02,2024-03,False
2510,2024-03,2024-04,False
2510,2024-04,2024-05,False
2510,2024-05,2024-06,False
2510,2024-06,2024-07,False
2510,2024-07,2024-08,False
2510,2024-08,2024-09,False
2510,2024-09,2024-10,False
2510,2024-10,2024-11,False
2510,2024-11,2024-12,False
2511,2023-12,2024-01,False
2511,2024-01,2024-02,False
2511,2024-02,2024-03,False
2511,2024-03,2024-04,False
2511,2024-04,2024-05,False
2511,2024-05,2024-06,False
2511,2024-06,2024-07,False
2511,2024-07,2024-08,False
2511,2024-08,2024-09,False
2511,2024-09,2024-10,False
2511,2024-10,2024-11,False
2511,2024-11,2024-12,False
2512,2023-12,2024-01,False
2512,2024-01,2024-02,False
2512,2024-02,2024-03,False
2512,2024-03,2024-04,False
2512,2024-04,2024-05,False
2512,2024-05,2024-06,False
2512,2024-06,2024-07,False
2512,2024-07,2024-08,False
2512,2024-08,2024-09,False
2512,2024-09,2024-10,False
2512,2024-10,2024-11,False
2512,2024-11,2024-12,False
2513,2023-12,2024-01,False
2513,2024-01,2024-02,False
2513,2024-02,2024-03,False
2513,2024-03,2024-04,False
2513,2024-04,2024-05,False
2513,2024-05,2024-06,False
2513,2024-06,2024-07,False
2513,2024-07,2024-08,False
2513,2024-08,2024-09,False
2513,2024-09,2024-10,False
2513,2024-10,2024-11,False
2513,2024-11,2024-12,False
2514,2023-12,2024-01,False
2514,2024-01,2024-02,False
2514,2024-02,2024-03,False
2514,2024-03,2024-04,False
2514,2024-04,2024-05,False
2514,2024-05,2024-06,False
2514,2024-06,2024-07,False
2514,2024-07,2024-08,False
2514,2024-08,2024-09,False
2514,2024-09,2024-10,False
2514,2024-10,2024-11,False
2514,2024-11,2024-12,False
2515,2023-12,2024-01,False
2515,2024-01,2024-02,False
2515,2024-02,2024-03,False
2515,2024-03,2024-04,False
2515,2024-04,2024-05,False
2515,2024-05,2024-06,False
2515,2024-06,2024-07,False
2515,2024-07,2024-08,False
2515,2024-08,2024-09,False
2515,2024-09,2024-10,False
2515,2024-10,2024-11,False
2515,2024-11,2024-12,False
2516,2023-12,2024-01,False
2516,2024-01,2024-02,False
2516,2024-02,2024-03,False
2516,2024-03,2024-04,False
2516,2024-04,2024-05,False
2516,2024-05,2024-06,False
2516,2024-06,2024-07,False
2516,2024-07,2024-08,False
2516,2024-08,2024-09,False
2516,2024-09,2024-10,False
2516,2024-10,2024-11,False
2516,2024-11,2024-12,False
2517,2023-12,2024-01,False
2517,2024-01,2024-02,False
2517,2024-02,2024-03,False
2517,2024-03,2024-04,False
2517,2024-04,2024-05,False
2517,2024-05,2024-06,False
2517,2024-06,2024-07,False
2517,2024-07,2024-08,False
2517,2024-08,2024-09,False
2517,2024-09,2024-10,False
2517,2024-10,2024-11,False
2517,2024-11,2024-12,False
2518,2023-12,2024-01,False
2518,2024-01,2024-02,False
2518,2024-02,2024-03,False
2518,2024-03,2024-04,False
2518,2024-04,2024-05,False
2518,2024-05,2024-06,False
2518,2024-06,2024-07,False
2518,2024-07,2024-08,False
2518,2024-08,2024-09,False
2518,2024-09,2024-10,False
2518,2024-10,2024-11,False
2518,2024-11,2024-12,False
2519,2023-12,2024-01,False
2519,2024-01,2024-02,False
2519,2024-02,2024-03,False
2519,2024-03,2024-04,False
2519,2024-04,2024-05,False
2519,2024-05,2024-06,False
2519,2024-06,2024-07,False
2519,2024-07,2024-08,False
2519,2024-08,2024-09,False
2519,2024-09,2024-10,False
2519,2024-10,2024-11,False
2519,2024-11,2024-12,False
2520,2023-12,2024-01,False
2520,2024-01,2024-02,False
2520,2024-02,2024-03,False
2520,2024-03,2024-04,False
2520,2024-04,2024-05,False
2520,2024-05,2024-06,False
2520,2024-06,2024-07,False
2520,2024-07,2024-08,False
2520,2024-08,2024-09,False
2520,2024-09,2024-10,False
2520,2024-10,2024-11,False
2520,2024-11,2024-12,False
2521,2023-12,2024-01,False
2521,2024-01,2024-02,False
2521,2024-02,2024-03,False
2521,2024-03,2024-04,False
2521,2024-04,2024-05,False
2521,2024-05,2024-06,False
2521,2024-06,2024-07,False
2521,2024-07,2024-08,False
2521,2024-08,2024-09,False
2521,2024-09,2024-10,False
2521,2024-10,2024-11,False
2521,2024-11,2024-12,False
2522,2023-12,2024-01,False
2522,2024-01,2024-02,False
2522,2024-02,2024-03,False
2522,2024-03,2024-04,False
2522,2024-04,2024-05,False
2522,2024-05,2024-06,False
2522,2024-06,2024-07,False
2522,2024-07,2024-08,False
2522,2024-08,2024-09,False
2522,2024-09,2024-10,False
2522,2024-10,2024-11,False
2522,2024-11,2024-12,False
2523,2023-12,2024-01,False
2523,2024-01,2024-02,False
2523,2024-02,2024-03,False
2523,2024-03,2024-04,False
2523,2024-04,2024-05,False
2523,2024-05,2024-06,False
2523,2024-06,2024-07,False
2523,2024-07,2024-08,False
2523,2024-08,2024-09,False
2523,2024-09,2024-10,False
2523,2024-10,2024-11,False
2523,2024-11,2024-12,False
2524,2023-12,2024-01,False
2524,2024-01,2024-02,False
2524,2024-02,2024-03,False
2524,2024-03,2024-04,False
2524,2024-04,2024-05,False
2524,2024-05,2024-06,False
2524,2024-06,2024-07,False
2524,2024-07,2024-08,False
2524,2024-08,2024-09,False
2524,2024-09,2024-10,False
2524,2024-10,2024-11,False
2524,2024-11,2024-12,False
2525,2023-12,2024-01,False
2525,2024-01,2024-02,False
2525,2024-02,2024-03,False
2525,2024-03,2024-04,False
2525,2024-04,2024-05,False
2525,2024-05,2024-06,False
2525,2024-06,2024-07,False
2525,2024-07,2024-08,False
2525,2024-08,2024-09,False
2525,2024-09,2024-10,False
2525,2024-10,2024-11,False
2525,2024-11,2024-12,False
2526,2023-12,2024-01,False
2526,2024-01,2024-02,False
2526,2024-02,2024-03,False
2526,2024-03,2024-04,False
2526,2024-04,2024-05,False
2526,2024-05,2024-06,False
2526,2024-06,2024-07,False
2526,2024-07,2024-08,False
2526,2024-08,2024-09,False
2526,2024-09,2024-10,False
2526,2024-10,2024-11,False
2526,2024-11,2024-12,False
2527,2023-12,2024-01,False
2527,2024-01,2024-02,False
2527,2024-02,2024-03,False
2527,2024-03,2024-04,False
2527,2024-04,2024-05,False
2527,2024-05,2024-06,False
2527,2024-06,2024-07,False
2527,2024-07,2024-08,False
2527,2024-08,2024-09,False
2527,2024-09,2024-10,False
2527,2024-10,2024-11,False
2527,2024-11,2024-12,False
2528,2023-12,2024-01,False
2528,2024-01,2024-02,False
2528,2024-02,2024-03,False
2528,2024-03,2024-04,False
2528,2024-04,2024-05,False
2528,2024-05,2024-06,False
2528,2024-06,2024-07,False
2528,2024-07,2024-08,False
2528,2024-08,2024-09,False
2528,2024-09,2024-10,False
2528,2024-10,2024-11,False
2528,2024-11,2024-12,False
2529,2023-12,2024-01,False
2529,2024-01,2024-02,False
2529,2024-02,2024-03,False
2529,2024-03,2024-04,False
2529,2024-04,2024-05,False
2529,2024-05,2024-06,False
2529,2024-06,2024-07,False
2529,2024-07,2024-08,False
2529,2024-08,2024-09,False
2529,2024-09,2024-10,False
2529,2024-10,2024-11,False
2529,2024-11,2024-12,False
2530,2023-12,2024-01,False
2530,2024-01,2024-02,False
2530,2024-02,2024-03,False
2530,2024-03,2024-04,False
2530,2024-04,2024-05,False
2530,2024-05,2024-06,False
2530,2024-06,2024-07,False
2530,2024-07,2024-08,False
2530,2024-08,2024-09,False
2530,2024-09,2024-10,False
2530,2024-10,2024-11,False
2530,2024-11,2024-12,False
2531,2023-12,2024-01,False
2531,2024-01,2024-02,False
2531,2024-02,2024-03,False
2531,2024-03,2024-04,False
2531,2024-04,2024-05,False
2531,2024-05,2024-06,False
2531,2024-06,2024-07,False
2531,2024-07,2024-08,False
2531,2024-08,2024-09,False
2531,2024-09,2024-10,False
2531,2024-10,2024-11,False
2531,2024-11,2024-12,False
2532,2023-12,2024-01,False
2532,2024-01,2024-02,False
2532,2024-02,2024-03,False
2532,2024-03,2024-04,False
2532,2024-04,2024-05,False
2532,2024-05,2024-06,False
2532,2024-06,2024-07,False
2532,2024-07,2024-08,False
2532,2024-08,2024-09,False
2532,2024-09,2024-10,False
2532,2024-10,2024-11,False
2532,2024-11,2024-12,False
2533,2023-12,2024-01,False
2533,2024-01,2024-02,False
2533,2024-02,2024-03,False
2533,2024-03,2024-04,False
2533,2024-04,2024-05,False
2533,2024-05,2024-06,False
2533,2024-06,2024-07,False
2533,2024-07,2024-08,False
2533,2024-08,2024-09,False
2533,2024-09,2024-10,False
2533,2024-10,2024-11,False
2533,2024-11,2024-12,False
2534,2023-12,2024-01,False
2534,2024-01,2024-02,False
2534,2024-02,2024-03,False
2534,2024-03,2024-04,False
2534,2024-04,2024-05,False
2534,2024-05,2024-06,False
2534,2024-06,2024-07,False
2534,2024-07,2024-08,False
2534,2024-08,2024-09,False
2534,2024-09,2024-10,False
2534,2024-10,2024-11,False
2534,2024-11,2024-12,False
2535,2023-12,2024-01,False
2535,2024-01,2024-02,False
2535,2024-02,2024-03,False
2535,2024-03,2024-04,False
2535,2024-04,2024-05,False
2535,2024-05,2024-06,False
2535,2024-06,2024-07,False
2535,2024-07,2024-08,False
2535,2024-08,2024-09,False
2535,2024-09,2024-10,False
2535,2024-10,2024-11,False
2535,2024-11,2024-12,False
2536,2023-12,2024-01,False
2536,2024-01,2024-02,False
2536,2024-02,2024-03,False
2536,2024-03,2024-04,False
2536,2024-04,2024-05,False
2536,2024-05,2024-06,False
2536,2024-06,2024-07,False
2536,2024-07,2024-08,False
2536,2024-08,2024-09,False
2536,2024-09,2024-10,False
2536,2024-10,2024-11,False
2536,2024-11,2024-12,False
2537,2023-12,2024-01,False
2537,2024-01,2024-02,False
2537,2024-02,2024-03,False
2537,2024-03,2024-04,False
2537,2024-04,2024-05,False
2537,2024-05,2024-06,False
2537,2024-06,2024-07,False
2537,2024-07,2024-08,False
2537,2024-08,2024-09,False
2537,2024-09,2024-10,False
2537,2024-10,2024-11,False
2537,2024-11,2024-12,False
2538,2023-12,2024-01,False
2538,2024-01,2024-02,False
2538,2024-02,2024-03,False
2538,2024-03,2024-04,False
2538,2024-04,2024-05,False
2538,2024-05,2024-06,False
2538,2024-06,2024-07,False
2538,2024-07,2024-08,False
2538,2024-08,2024-09,False
2538,2024-09,2024-10,False
2538,2024-10,2024-11,False
2538,2024-11,2024-12,False
2539,2023-12,2024-01,False
2539,2024-01,2024-02,False
2539,2024-02,2024-03,False
2539,2024-03,2024-04,False
2539,2024-04,2024-05,False
2539,2024-05,2024-06,False
2539,2024-06,2024-07,False
2539,2024-07,2024-08,False
2539,2024-08,2024-09,False
2539,2024-09,2024-10,False
2539,2024-10,2024-11,False
2539,2024-11,2024-12,False
2540,2023-12,2024-01,False
2540,2024-01,2024-02,False
2540,2024-02,2024-03,False
2540,2024-03,2024-04,False
2540,2024-04,2024-05,False
2540,2024-05,2024-06,False
2540,2024-06,2024-07,False
2540,2024-07,2024-08,False
2540,2024-08,2024-09,False
2540,2024-09,2024-10,False
2540,2024-10,2024-11,False
2540,2024-11,2024-12,False
2541,2023-12,2024-01,False
2541,2024-01,2024-02,False
2541,2024-02,2024-03,False
2541,2024-03,2024-04,False
2541,2024-04,2024-05,False
2541,2024-05,2024-06,False
2541,2024-06,2024-07,False
2541,2024-07,2024-08,False
2541,2024-08,2024-09,False
2541,2024-09,2024-10,False
2541,2024-10,2024-11,False
2541,2024-11,2024-12,False
2542,2023-12,2024-01,False
2542,2024-01,2024-02,False
2542,2024-02,2024-03,False
2542,2024-03,2024-04,False
2542,2024-04,2024-05,False
2542,2024-05,2024-06,False
2542,2024-06,2024-07,False
2542,2024-07,2024-08,False
2542,2024-08,2024-09,False
2542,2024-09,2024-10,False
2542,2024-10,2024-11,False
2542,2024-11,2024-12,False
2543,2023-12,2024-01,False
2543,2024-01,2024-02,False
2543,2024-02,2024-03,False
2543,2024-03,2024-04,False
2543,2024-04,2024-05,False
2543,2024-05,2024-06,False
2543,2024-06,2024-07,False
2543,2024-07,2024-08,False
2543,2024-08,2024-09,False
2543,2024-09,2024-10,False
2543,2024-10,2024-11,False
2543,2024-11,2024-12,False
2544,2023-12,2024-01,False
2544,2024-01,2024-02,False
2544,2024-02,2024-03,False
2544,2024-03,2024-04,False
2544,2024-04,2024-05,False
2544,2024-05,2024-06,False
2544,2024-06,2024-07,False
2544,2024-07,2024-08,False
2544,2024-08,2024-09,False
2544,2024-09,2024-10,False
2544,2024-10,2024-11,False
2544,2024-11,2024-12,False
2545,2023-12,2024-01,False
2545,2024-01,2024-02,False
2545,2024-02,2024-03,False
2545,2024-03,2024-04,False
2545,2024-04,2024-05,False
2545,2024-05,2024-06,False
2545,2024-06,2024-07,False
2545,2024-07,2024-08,False
2545,2024-08,2024-09,False
2545,2024-09,2024-10,False
2545,2024-10,2024-11,False
2545,2024-11,2024-12,False
2546,2023-12,2024-01,False
2546,2024-01,2024-02,False
2546,2024-02,2024-03,False
2546,2024-03,2024-04,False
2546,2024-04,2024-05,False
2546,2024-05,2024-06,False
2546,2024-06,2024-07,False
2546,2024-07,2024-08,False
2546,2024-08,2024-09,False
2546,2024-09,2024-10,False
2546,2024-10,2024-11,False
2546,2024-11,2024-12,False
2547,2023-12,2024-01,False
2547,2024-01,2024-02,False
2547,2024-02,2024-03,False
2547,2024-03,2024-04,False
2547,2024-04,2024-05,False
2547,2024-05,2024-06,False
2547,2024-06,2024-07,False
2547,2024-07,2024-08,False
2547,2024-08,2024-09,False
2547,2024-09,2024-10,False
2547,2024-10,2024-11,False
2547,2024-11,2024-12,False
2548,2023-12,2024-01,False
2548,2024-01,2024-02,False
2548,2024-02,2024-03,False
2548,2024-03,2024-04,False
2548,2024-04,2024-05,False
2548,2024-05,2024-06,False
2548,2024-06,2024-07,False
2548,2024-07,2024-08,False
2548,2024-08,2024-09,False
2548,2024-09,2024-10,False
2548,2024-10,2024-11,False
2548,2024-11,2024-12,False
2549,2023-12,2024-01,False
2549,2024-01,2024-02,False
2549,2024-02,2024-03,False
2549,2024-03,2024-04,False
2549,2024-04,2024-05,False
2549,2024-05,2024-06,False
2549,2024-06,2024-07,False
2549,2024-07,2024-08,False
2549,2024-08,2024-09,False
2549,2024-09,2024-10,False
2549,2024-10,2024-11,False
2549,2024-11,2024-12,False
2550,2023-12,2024-01,False
2550,2024-01,2024-02,False
2550,2024-02,2024-03,False
2550,2024-03,2024-04,False
2550,2024-04,2024-05,False
2550,2024-05,2024-06,False
2550,2024-06,2024-07,False
2550,2024-07,2024-08,False
2550,2024-08,2024-09,False
2550,2024-09,2024-10,False
2550,2024-10,2024-11,False
2550,2024-11,2024-12,False
2551,2023-12,2024-01,False
2551,2024-01,2024-02,False
2551,2024-02,2024-03,False
2551,2024-03,2024-04,False
2551,2024-04,2024-05,False
2551,2024-05,2024-06,False
2551,2024-06,2024-07,False
2551,2024-07,2024-08,False
2551,2024-08,2024-09,False
2551,2024-09,2024-10,False
2551,2024-10,2024-11,False
2551,2024-11,2024-12,False
2552,2023-12,2024-01,False
2552,2024-01,2024-02,False
2552,2024-02,2024-03,False
2552,2024-03,2024-04,False
2552,2024-04,2024-05,False
2552,2024-05,2024-06,False
2552,2024-06,2024-07,False
2552,2024-07,2024-08,False
2552,2024-08,2024-09,False
2552,2024-09,2024-10,False
2552,2024-10,2024-11,False
2552,2024-11,2024-12,False
2553,2023-12,2024-01,False
2553,2024-01,2024-02,False
2553,2024-02,2024-03,False
2553,2024-03,2024-04,False
2553,2024-04,2024-05,False
2553,2024-05,2024-06,False
2553,2024-06,2024-07,False
2553,2024-07,2024-08,False
2553,2024-08,2024-09,False
2553,2024-09,2024-10,False
2553,2024-10,2024-11,False
2553,2024-11,2024-12,False
2554,2023-12,2024-01,False
2554,2024-01,2024-02,False
2554,2024-02,2024-03,False
2554,2024-03,2024-04,False
2554,2024-04,2024-05,False
2554,2024-05,2024-06,False
2554,2024-06,2024-07,False
2554,2024-07,2024-08,False
2554,2024-08,2024-09,False
2554,2024-09,2024-10,False
2554,2024-10,2024-11,False
2554,2024-11,2024-12,False
2555,2023-12,2024-01,False
2555,2024-01,2024-02,False
2555,2024-02,2024-03,False
2555,2024-03,2024-04,False
2555,2024-04,2024-05,False
2555,2024-05,2024-06,False
2555,2024-06,2024-07,False
2555,2024-07,2024-08,False
2555,2024-08,2024-09,False
2555,2024-09,2024-10,False
2555,2024-10,2024-11,False
2555,2024-11,2024-12,False
2556,2023-12,2024-01,False
2556,2024-01,2024-02,False
2556,2024-02,2024-03,False
2556,2024-03,2024-04,False
2556,2024-04,2024-05,False
2556,2024-05,2024-06,False
2556,2024-06,2024-07,False
2556,2024-07,2024-08,False
2556,2024-08,2024-09,False
2556,2024-09,2024-10,False
2556,2024-10,2024-11,False
2556,2024-11,2024-12,False
2557,2023-12,2024-01,False
2557,2024-01,2024-02,False
2557,2024-02,2024-03,False
2557,2024-03,2024-04,False
2557,2024-04,2024-05,False
2557,2024-05,2024-06,False
2557,2024-06,2024-07,False
2557,2024-07,2024-08,False
2557,2024-08,2024-09,False
2557,2024-09,2024-10,False
2557,2024-10,2024-11,False
2557,2024-11,2024-12,False
2558,2023-12,2024-01,False
2558,2024-01,2024-02,False
2558,2024-02,2024-03,False
2558,2024-03,2024-04,False
2558,2024-04,2024-05,False
2558,2024-05,2024-06,False
2558,2024-06,2024-07,False
2558,2024-07,2024-08,False
2558,2024-08,2024-09,False
2558,2024-09,2024-10,False
2558,2024-10,2024-11,False
2558,2024-11,2024-12,False
2559,2023-12,2024-01,False
2559,2024-01,2024-02,False
2559,2024-02,2024-03,False
2559,2024-03,2024-04,False
2559,2024-04,2024-05,False
2559,2024-05,2024-06,False
2559,2024-06,2024-07,False
2559,2024-07,2024-08,False
2559,2024-08,2024-09,False
2559,2024-09,2024-10,False
2559,2024-10,2024-11,False
2559,2024-11,2024-12,False
2560,2023-12,2024-01,False
2560,2024-01,2024-02,False
2560,2024-02,2024-03,False
2560,2024-03,2024-04,False
2560,2024-04,2024-05,False
2560,2024-05,2024-06,False
2560,2024-06,2024-07,False
2560,2024-07,2024-08,False
2560,2024-08,2024-09,False
2560,2024-09,2024-10,False
2560,2024-10,2024-11,False
2560,2024-11,2024-12,False
2561,2023-12,2024-01,False
2561,2024-01,2024-02,False
2561,2024-02,2024-03,False
2561,2024-03,2024-04,False
2561,2024-04,2024-05,False
2561,2024-05,2024-06,False
2561,2024-06,2024-07,False
2561,2024-07,2024-08,False
2561,2024-08,2024-09,False
2561,2024-09,2024-10,False
2561,2024-10,2024-11,False
2561,2024-11,2024-12,False
2562,2023-12,2024-01,False
2562,2024-01,2024-02,False
2562,2024-02,2024-03,False
2562,2024-03,2024-04,False
2562,2024-04,2024-05,False
2562,2024-05,2024-06,False
2562,2024-06,2024-07,False
2562,2024-07,2024-08,False
2562,2024-08,2024-09,False
2562,2024-09,2024-10,False
2562,2024-10,2024-11,False
2562,2024-11,2024-12,False
2563,2023-12,2024-01,False
2563,2024-01,2024-02,False
2563,2024-02,2024-03,False
2563,2024-03,2024-04,False
2563,2024-04,2024-05,False
2563,2024-05,2024-06,False
2563,2024-06,2024-07,False
2563,2024-07,2024-08,False
2563,2024-08,2024-09,False
2563,2024-09,2024-10,False
2563,2024-10,2024-11,False
2563,2024-11,2024-12,False
2564,2023-12,2024-01,False
2564,2024-01,2024-02,False
2564,2024-02,2024-03,False
2564,2024-03,2024-04,False
2564,2024-04,2024-05,False
2564,2024-05,2024-06,False
2564,2024-06,2024-07,False
2564,2024-07,2024-08,False
2564,2024-08,2024-09,False
2564,2024-09,2024-10,False
2564,2024-10,2024-11,False
2564,2024-11,2024-12,False
2565,2023-12,2024-01,False
2565,2024-01,2024-02,False
2565,2024-02,2024-03,False
2565,2024-03,2024-04,False
2565,2024-04,2024-05,False
2565,2024-05,2024-06,False
2565,2024-06,2024-07,False
2565,2024-07,2024-08,False
2565,2024-08,2024-09,False
2565,2024-09,2024-10,False
2565,2024-10,2024-11,False
2565,2024-11,2024-12,False
2566,2023-12,2024-01,False
2566,2024-01,2024-02,False
2566,2024-02,2024-03,False
2566,2024-03,2024-04,False
2566,2024-04,2024-05,False
2566,2024-05,2024-06,False
2566,2024-06,2024-07,False
2566,2024-07,2024-08,False
2566,2024-08,2024-09,False
2566,2024-09,2024-10,False
2566,2024-10,2024-11,False
2566,2024-11,2024-12,False
2567,2023-12,2024-01,False
2567,2024-01,2024-02,False
2567,2024-02,2024-03,False
2567,2024-03,2024-04,False
2567,2024-04,2024-05,False
2567,2024-05,2024-06,False
2567,2024-06,2024-07,False
2567,2024-07,2024-08,False
2567,2024-08,2024-09,False
2567,2024-09,2024-10,False
2567,2024-10,2024-11,False
2567,2024-11,2024-12,False
2568,2023-12,2024-01,False
2568,2024-01,2024-02,False
2568,2024-02,2024-03,False
2568,2024-03,2024-04,False
2568,2024-04,2024-05,False
2568,2024-05,2024-06,False
2568,2024-06,2024-07,False
2568,2024-07,2024-08,False
2568,2024-08,2024-09,False
2568,2024-09,2024-10,False
2568,2024-10,2024-11,False
2568,2024-11,2024-12,False
2569,2023-12,2024-01,False
2569,2024-01,2024-02,False
2569,2024-02,2024-03,False
2569,2024-03,2024-04,False
2569,2024-04,2024-05,False
2569,2024-05,2024-06,False
2569,2024-06,2024-07,False
2569,2024-07,2024-08,False
2569,2024-08,2024-09,False
2569,2024-09,2024-10,False
2569,2024-10,2024-11,False
2569,2024-11,2024-12,False
2570,2023-12,2024-01,False
2570,2024-01,2024-02,False
2570,2024-02,2024-03,False
2570,2024-03,2024-04,False
2570,2024-04,2024-05,False
2570,2024-05,2024-06,False
2570,2024-06,2024-07,False
2570,2024-07,2024-08,False
2570,2024-08,2024-09,False
2570,2024-09,2024-10,False
2570,2024-10,2024-11,False
2570,2024-11,2024-12,False
2571,2023-12,2024-01,False
2571,2024-01,2024-02,False
2571,2024-02,2024-03,False
2571,2024-03,2024-04,False
2571,2024-04,2024-05,False
2571,2024-05,2024-06,False
2571,2024-06,2024-07,False
2571,2024-07,2024-08,False
2571,2024-08,2024-09,False
2571,2024-09,2024-10,False
2571,2024-10,2024-11,False
2571,2024-11,2024-12,False
2572,2023-12,2024-01,False
2572,2024-01,2024-02,False
2572,2024-02,2024-03,False
2572,2024-03,2024-04,False
2572,2024-04,2024-05,False
2572,2024-05,2024-06,False
2572,2024-06,2024-07,False
2572,2024-07,2024-08,False
2572,2024-08,2024-09,False
2572,2024-09,2024-10,False
2572,2024-10,2024-11,False
2572,2024-11,2024-12,False
2573,2023-12,2024-01,False
2573,2024-01,2024-02,False
2573,2024-02,2024-03,False
2573,2024-03,2024-04,False
2573,2024-04,2024-05,False
2573,2024-05,2024-06,False
2573,2024-06,2024-07,False
2573,2024-07,2024-08,False
2573,2024-08,2024-09,False
2573,2024-09,2024-10,False
2573,2024-10,2024-11,False
2573,2024-11,2024-12,False
2574,2023-12,2024-01,False
2574,2024-01,2024-02,False
2574,2024-02,2024-03,False
2574,2024-03,2024-04,False
2574,2024-04,2024-05,False
2574,2024-05,2024-06,False
2574,2024-06,2024-07,False
2574,2024-07,2024-08,False
2574,2024-08,2024-09,False
2574,2024-09,2024-10,False
2574,2024-10,2024-11,False
2574,2024-11,2024-12,False
2575,2023-12,2024-01,False
2575,2024-01,2024-02,False
2575,2024-02,2024-03,False
2575,2024-03,2024-04,False
2575,2024-04,2024-05,False
2575,2024-05,2024-06,False
2575,2024-06,2024-07,False
2575,2024-07,2024-08,False
2575,2024-08,2024-09,False
2575,2024-09,2024-10,False
2575,2024-10,2024-11,False
2575,2024-11,2024-12,False
2576,2023-12,2024-01,False
2576,2024-01,2024-02,False
2576,2024-02,2024-03,False
2576,2024-03,2024-04,False
2576,2024-04,2024-05,False
2576,2024-05,2024-06,False
2576,2024-06,2024-07,False
2576,2024-07,2024-08,False
2576,2024-08,2024-09,False
2576,2024-09,2024-10,False
2576,2024-10,2024-11,False
2576,2024-11,2024-12,False
2577,2023-12,2024-01,False
2577,2024-01,2024-02,False
2577,2024-02,2024-03,False
2577,2024-03,2024-04,False
2577,2024-04,2024-05,False
2577,2024-05,2024-06,False
2577,2024-06,2024-07,False
2577,2024-07,2024-08,False
2577,2024-08,2024-09,False
2577,2024-09,2024-10,False
2577,2024-10,2024-11,False
2577,2024-11,2024-12,False
2578,2023-12,2024-01,False
2578,2024-01,2024-02,False
2578,2024-02,2024-03,False
2578,2024-03,2024-04,False
2578,2024-04,2024-05,False
2578,2024-05,2024-06,False
2578,2024-06,2024-07,False
2578,2024-07,2024-08,False
2578,2024-08,2024-09,False
2578,2024-09,2024-10,False
2578,2024-10,2024-11,False
2578,2024-11,2024-12,False
2579,2023-12,2024-01,False
2579,2024-01,2024-02,False
2579,2024-02,2024-03,False
2579,2024-03,2024-04,False
2579,2024-04,2024-05,False
2579,2024-05,2024-06,False
2579,2024-06,2024-07,False
2579,2024-07,2024-08,False
2579,2024-08,2024-09,False
2579,2024-09,2024-10,False
2579,2024-10,2024-11,False
2579,2024-11,2024-12,False
2580,2023-12,2024-01,False
2580,2024-01,2024-02,False
2580,2024-02,2024-03,False
2580,2024-03,2024-04,False
2580,2024-04,2024-05,False
2580,2024-05,2024-06,False
2580,2024-06,2024-07,False
2580,2024-07,2024-08,False
2580,2024-08,2024-09,False
2580,2024-09,2024-10,False
2580,2024-10,2024-11,False
2580,2024-11,2024-12,False
2581,2023-12,2024-01,False
2581,2024-01,2024-02,False
2581,2024-02,2024-03,False
2581,2024-03,2024-04,False
2581,2024-04,2024-05,False
2581,2024-05,2024-06,False
2581,2024-06,2024-07,False
2581,2024-07,2024-08,False
2581,2024-08,2024-09,False
2581,2024-09,2024-10,False
2581,2024-10,2024-11,False
2581,2024-11,2024-12,False
2582,2023-12,2024-01,False
2582,2024-01,2024-02,False
2582,2024-02,2024-03,False
2582,2024-03,2024-04,False
2582,2024-04,2024-05,False
2582,2024-05,2024-06,False
2582,2024-06,2024-07,False
2582,2024-07,2024-08,False
2582,2024-08,2024-09,False
2582,2024-09,2024-10,False
2582,2024-10,2024-11,False
2582,2024-11,2024-12,False
2583,2023-12,2024-01,False
2583,2024-01,2024-02,False
2583,2024-02,2024-03,False
2583,2024-03,2024-04,False
2583,2024-04,2024-05,False
2583,2024-05,2024-06,False
2583,2024-06,2024-07,False
2583,2024-07,2024-08,False
2583,2024-08,2024-09,False
2583,2024-09,2024-10,False
2583,2024-10,2024-11,False
2583,2024-11,2024-12,False
2584,2023-12,2024-01,False
2584,2024-01,2024-02,False
2584,2024-02,2024-03,False
2584,2024-03,2024-04,False
2584,2024-04,2024-05,False
2584,2024-05,2024-06,False
2584,2024-06,2024-07,False
2584,2024-07,2024-08,False
2584,2024-08,2024-09,False
2584,2024-09,2024-10,False
2584,2024-10,2024-11,False
2584,2024-11,2024-12,False
2585,2023-12,2024-01,False
2585,2024-01,2024-02,False
2585,2024-02,2024-03,False
2585,2024-03,2024-04,False
2585,2024-04,2024-05,False
2585,2024-05,2024-06,False
2585,2024-06,2024-07,False
2585,2024-07,2024-08,False
2585,2024-08,2024-09,False
2585,2024-09,2024-10,False
2585,2024-10,2024-11,False
2585,2024-11,2024-12,False
2586,2023-12,2024-01,False
2586,2024-01,2024-02,False
2586,2024-02,2024-03,False
2586,2024-03,2024-04,False
2586,2024-04,2024-05,False
2586,2024-05,2024-06,False
2586,2024-06,2024-07,False
2586,2024-07,2024-08,False
2586,2024-08,2024-09,False
2586,2024-09,2024-10,False
2586,2024-10,2024-11,False
2586,2024-11,2024-12,False
2587,2023-12,2024-01,False
2587,2024-01,2024-02,False
2587,2024-02,2024-03,False
2587,2024-03,2024-04,False
2587,2024-04,2024-05,False
2587,2024-05,2024-06,False
2587,2024-06,2024-07,False
2587,2024-07,2024-08,False
2587,2024-08,2024-09,False
2587,2024-09,2024-10,False
2587,2024-10,2024-11,False
2587,2024-11,2024-12,False
2588,2023-12,2024-01,False
2588,2024-01,2024-02,False
2588,2024-02,2024-03,False
2588,2024-03,2024-04,False
2588,2024-04,2024-05,False
2588,2024-05,2024-06,False
2588,2024-06,2024-07,False
2588,2024-07,2024-08,False
2588,2024-08,2024-09,False
2588,2024-09,2024-10,False
2588,2024-10,2024-11,False
2588,2024-11,2024-12,False
2589,2023-12,2024-01,False
2589,2024-01,2024-02,False
2589,2024-02,2024-03,False
2589,2024-03,2024-04,False
2589,2024-04,2024-05,False
2589,2024-05,2024-06,False
2589,2024-06,2024-07,False
2589,2024-07,2024-08,False
2589,2024-08,2024-09,False
2589,2024-09,2024-10,False
2589,2024-10,2024-11,False
2589,2024-11,2024-12,False
2590,2023-12,2024-01,False
2590,2024-01,2024-02,False
2590,2024-02,2024-03,False
2590,2024-03,2024-04,False
2590,2024-04,2024-05,False
2590,2024-05,2024-06,False
2590,2024-06,2024-07,False
2590,2024-07,2024-08,False
2590,2024-08,2024-09,False
2590,2024-09,2024-10,False
2590,2024-10,2024-11,False
2590,2024-11,2024-12,False
2591,2023-12,2024-01,False
2591,2024-01,2024-02,False
2591,2024-02,2024-03,False
2591,2024-03,2024-04,False
2591,2024-04,2024-05,False
2591,2024-05,2024-06,False
2591,2024-06,2024-07,False
2591,2024-07,2024-08,False
2591,2024-08,2024-09,False
2591,2024-09,2024-10,False
2591,2024-10,2024-11,False
2591,2024-11,2024-12,False
2592,2023-12,2024-01,False
2592,2024-01,2024-02,False
2592,2024-02,2024-03,False
2592,2024-03,2024-04,False
2592,2024-04,2024-05,False
2592,2024-05,2024-06,False
2592,2024-06,2024-07,False
2592,2024-07,2024-08,False
2592,2024-08,2024-09,False
2592,2024-09,2024-10,False
2592,2024-10,2024-11,False
2592,2024-11,2024-12,False
2593,2023-12,2024-01,False
2593,2024-01,2024-02,False
2593,2024-02,2024-03,False
2593,2024-03,2024-04,False
2593,2024-04,2024-05,False
2593,2024-05,2024-06,False
2593,2024-06,2024-07,False
2593,2024-07,2024-08,False
2593,2024-08,2024-09,False
2593,2024-09,2024-10,False
2593,2024-10,2024-11,False
2593,2024-11,2024-12,False
2595,2023-12,2024-01,False
2595,2024-01,2024-02,False
2595,2024-02,2024-03,False
2595,2024-03,2024-04,False
2595,2024-04,2024-05,False
2595,2024-05,2024-06,False
2595,2024-06,2024-07,False
2595,2024-07,2024-08,False
2595,2024-08,2024-09,False
2595,2024-09,2024-10,False
2595,2024-10,2024-11,False
2595,2024-11,2024-12,False
2596,2023-12,2024-01,False
2596,2024-01,2024-02,False
2596,2024-02,2024-03,False
2596,2024-03,2024-04,False
2596,2024-04,2024-05,False
2596,2024-05,2024-06,False
2596,2024-06,2024-07,False
2596,2024-07,2024-08,False
2596,2024-08,2024-09,False
2596,2024-09,2024-10,False
2596,2024-10,2024-11,False
2596,2024-11,2024-12,False
2597,2023-12,2024-01,False
2597,2024-01,2024-02,False
2597,2024-02,2024-03,False
2597,2024-03,2024-04,False
2597,2024-04,2024-05,False
2597,2024-05,2024-06,False
2597,2024-06,2024-07,False
2597,2024-07,2024-08,False
2597,2024-08,2024-09,False
2597,2024-09,2024-10,False
2597,2024-10,2024-11,False
2597,2024-11,2024-12,False
2598,2023-12,2024-01,False
2598,2024-01,2024-02,False
2598,2024-02,2024-03,False
2598,2024-03,2024-04,False
2598,2024-04,2024-05,False
2598,2024-05,2024-06,False
2598,2024-06,2024-07,False
2598,2024-07,2024-08,False
2598,2024-08,2024-09,False
2598,2024-09,2024-10,False
2598,2024-10,2024-11,False
2598,2024-11,2024-12,False
2599,2023-12,2024-01,False
2599,2024-01,2024-02,False
2599,2024-02,2024-03,False
2599,2024-03,2024-04,False
2599,2024-04,2024-05,False
2599,2024-05,2024-06,False
2599,2024-06,2024-07,False
2599,2024-07,2024-08,False
2599,2024-08,2024-09,False
2599,2024-09,2024-10,False
2599,2024-10,2024-11,False
2599,2024-11,2024-12,False
2600,2023-12,2024-01,False
2600,2024-01,2024-02,False
2600,2024-02,2024-03,False
2600,2024-03,2024-04,False
2600,2024-04,2024-05,False
2600,2024-05,2024-06,False
2600,2024-06,2024-07,False
2600,2024-07,2024-08,False
2600,2024-08,2024-09,False
2600,2024-09,2024-10,False
2600,2024-10,2024-11,False
2600,2024-11,2024-12,False
2601,2023-12,2024-01,False
2601,2024-01,2024-02,False
2601,2024-02,2024-03,False
2601,2024-03,2024-04,False
2601,2024-04,2024-05,False
2601,2024-05,2024-06,False
2601,2024-06,2024-07,False
2601,2024-07,2024-08,False
2601,2024-08,2024-09,False
2601,2024-09,2024-10,False
2601,2024-10,2024-11,False
2601,2024-11,2024-12,False
2602,2023-12,2024-01,False
2602,2024-01,2024-02,False
2602,2024-02,2024-03,False
2602,2024-03,2024-04,False
2602,2024-04,2024-05,False
2602,2024-05,2024-06,False
2602,2024-06,2024-07,False
2602,2024-07,2024-08,False
2602,2024-08,2024-09,False
2602,2024-09,2024-10,False
2602,2024-10,2024-11,False
2602,2024-11,2024-12,False
2604,2023-12,2024-01,False
2604,2024-01,2024-02,False
2604,2024-02,2024-03,False
2604,2024-03,2024-04,False
2604,2024-04,2024-05,False
2604,2024-05,2024-06,False
2604,2024-06,2024-07,False
2604,2024-07,2024-08,False
2604,2024-08,2024-09,False
2604,2024-09,2024-10,False
2604,2024-10,2024-11,False
2604,2024-11,2024-12,False
2605,2023-12,2024-01,False
2605,2024-01,2024-02,False
2605,2024-02,2024-03,False
2605,2024-03,2024-04,False
2605,2024-04,2024-05,False
2605,2024-05,2024-06,False
2605,2024-06,2024-07,False
2605,2024-07,2024-08,False
2605,2024-08,2024-09,False
2605,2024-09,2024-10,False
2605,2024-10,2024-11,False
2605,2024-11,2024-12,False
2606,2023-12,2024-01,False
2606,2024-01,2024-02,False
2606,2024-02,2024-03,False
2606,2024-03,2024-04,False
2606,2024-04,2024-05,False
2606,2024-05,2024-06,False
2606,2024-06,2024-07,False
2606,2024-07,2024-08,False
2606,2024-08,2024-09,False
2606,2024-09,2024-10,False
2606,2024-10,2024-11,False
2606,2024-11,2024-12,False
2607,2023-12,2024-01,False
2607,2024-01,2024-02,False
2607,2024-02,2024-03,False
2607,2024-03,2024-04,False
2607,2024-04,2024-05,False
2607,2024-05,2024-06,False
2607,2024-06,2024-07,False
2607,2024-07,2024-08,False
2607,2024-08,2024-09,False
2607,2024-09,2024-10,False
2607,2024-10,2024-11,False
2607,2024-11,2024-12,False
2618,2023-12,2024-01,False
2618,2024-01,2024-02,False
2618,2024-02,2024-03,False
2618,2024-03,2024-04,False
2618,2024-04,2024-05,False
2618,2024-05,2024-06,False
2618,2024-06,2024-07,False
2618,2024-07,2024-08,False
2618,2024-08,2024-09,False
2618,2024-09,2024-10,False
2618,2024-10,2024-11,False
2618,2024-11,2024-12,False
2619,2023-12,2024-01,False
2619,2024-01,2024-02,False
2619,2024-02,2024-03,False
2619,2024-03,2024-04,False
2619,2024-04,2024-05,False
2619,2024-05,2024-06,False
2619,2024-06,2024-07,False
2619,2024-07,2024-08,False
2619,2024-08,2024-09,False
2619,2024-09,2024-10,False
2619,2024-10,2024-11,False
2619,2024-11,2024-12,False
2620,2023-12,2024-01,False
2620,2024-01,2024-02,False
2620,2024-02,2024-03,False
2620,2024-03,2024-04,False
2620,2024-04,2024-05,False
2620,2024-05,2024-06,False
2620,2024-06,2024-07,False
2620,2024-07,2024-08,False
2620,2024-08,2024-09,False
2620,2024-09,2024-10,False
2620,2024-10,2024-11,False
2620,2024-11,2024-12,False
2621,2023-12,2024-01,False
2621,2024-01,2024-02,False
2621,2024-02,2024-03,False
2621,2024-03,2024-04,False
2621,2024-04,2024-05,False
2621,2024-05,2024-06,False
2621,2024-06,2024-07,False
2621,2024-07,2024-08,False
2621,2024-08,2024-09,False
2621,2024-09,2024-10,False
2621,2024-10,2024-11,False
2621,2024-11,2024-12,False
2644,2023-12,2024-01,False
2644,2024-01,2024-02,False
2644,2024-02,2024-03,False
2644,2024-03,2024-04,False
2644,2024-04,2024-05,False
2644,2024-05,2024-06,False
2644,2024-06,2024-07,False
2644,2024-07,2024-08,False
2644,2024-08,2024-09,False
2644,2024-09,2024-10,False
2644,2024-10,2024-11,False
2644,2024-11,2024-12,False
2646,2023-12,2024-01,False
2646,2024-01,2024-02,False
2646,2024-02,2024-03,False
2646,2024-03,2024-04,False
2646,2024-04,2024-05,False
2646,2024-05,2024-06,False
2646,2024-06,2024-07,False
2646,2024-07,2024-08,False
2646,2024-08,2024-09,False
2646,2024-09,2024-10,False
2646,2024-10,2024-11,False
2646,2024-11,2024-12,False
2647,2023-12,2024-01,False
2647,2024-01,2024-02,False
2647,2024-02,2024-03,False
2647,2024-03,2024-04,False
2647,2024-04,2024-05,False
2647,2024-05,2024-06,False
2647,2024-06,2024-07,False
2647,2024-07,2024-08,False
2647,2024-08,2024-09,False
2647,2024-09,2024-10,False
2647,2024-10,2024-11,False
2647,2024-11,2024-12,False
2648,2023-12,2024-01,False
2648,2024-01,2024-02,False
2648,2024-02,2024-03,False
2648,2024-03,2024-04,False
2648,2024-04,2024-05,False
2648,2024-05,2024-06,False
2648,2024-06,2024-07,False
2648,2024-07,2024-08,False
2648,2024-08,2024-09,False
2648,2024-09,2024-10,False
2648,2024-10,2024-11,False
2648,2024-11,2024-12,False
2649,2023-12,2024-01,False
2649,2024-01,2024-02,False
2649,2024-02,2024-03,False
2649,2024-03,2024-04,False
2649,2024-04,2024-05,False
2649,2024-05,2024-06,False
2649,2024-06,2024-07,False
2649,2024-07,2024-08,False
2649,2024-08,2024-09,False
2649,2024-09,2024-10,False
2649,2024-10,2024-11,False
2649,2024-11,2024-12,False
2651,2023-12,2024-01,False
2651,2024-01,2024-02,False
2651,2024-02,2024-03,False
2651,2024-03,2024-04,False
2651,2024-04,2024-05,False
2651,2024-05,2024-06,False
2651,2024-06,2024-07,False
2651,2024-07,2024-08,False
2651,2024-08,2024-09,False
2651,2024-09,2024-10,False
2651,2024-10,2024-11,False
2651,2024-11,2024-12,False
2652,2023-12,2024-01,False
2652,2024-01,2024-02,False
2652,2024-02,2024-03,False
2652,2024-03,2024-04,False
2652,2024-04,2024-05,False
2652,2024-05,2024-06,False
2652,2024-06,2024-07,False
2652,2024-07,2024-08,False
2652,2024-08,2024-09,False
2652,2024-09,2024-10,False
2652,2024-10,2024-11,False
2652,2024-11,2024-12,False
2710,2023-12,2024-01,False
2710,2024-01,2024-02,False
2710,2024-02,2024-03,False
2710,2024-03,2024-04,False
2710,2024-04,2024-05,False
2710,2024-05,2024-06,False
2710,2024-06,2024-07,False
2710,2024-07,2024-08,False
2710,2024-08,2024-09,False
2710,2024-09,2024-10,False
2710,2024-10,2024-11,False
2710,2024-11,2024-12,False
2808,2023-12,2024-01,False
2808,2024-01,2024-02,False
2808,2024-02,2024-03,False
2808,2024-03,2024-04,False
2808,2024-04,2024-05,False
2808,2024-05,2024-06,False
2808,2024-06,2024-07,False
2808,2024-07,2024-08,False
2808,2024-08,2024-09,False
2808,2024-09,2024-10,False
2808,2024-10,2024-11,False
2808,2024-11,2024-12,False
2809,2023-12,2024-01,False
2809,2024-01,2024-02,False
2809,2024-02,2024-03,False
2809,2024-03,2024-04,False
2809,2024-04,2024-05,False
2809,2024-05,2024-06,False
2809,2024-06,2024-07,False
2809,2024-07,2024-08,False
2809,2024-08,2024-09,False
2809,2024-09,2024-10,False
2809,2024-10,2024-11,False
2809,2024-11,2024-12,False
2813,2023-12,2024-01,False
2813,2024-01,2024-02,False
2813,2024-02,2024-03,False
2813,2024-03,2024-04,False
2813,2024-04,2024-05,False
2813,2024-05,2024-06,False
2813,2024-06,2024-07,False
2813,2024-07,2024-08,False
2813,2024-08,2024-09,False
2813,2024-09,2024-10,False
2813,2024-10,2024-11,False
2813,2024-11,2024-12,False
2814,2023-12,2024-01,False
2814,2024-01,2024-02,False
2814,2024-02,2024-03,False
2814,2024-03,2024-04,False
2814,2024-04,2024-05,False
2814,2024-05,2024-06,False
2814,2024-06,2024-07,False
2814,2024-07,2024-08,False
2814,2024-08,2024-09,False
2814,2024-09,2024-10,False
2814,2024-10,2024-11,False
2814,2024-11,2024-12,False
2872,2023-12,2024-01,False
2872,2024-01,2024-02,False
2872,2024-02,2024-03,False
2872,2024-03,2024-04,False
2872,2024-04,2024-05,False
2872,2024-05,2024-06,False
2872,2024-06,2024-07,False
2872,2024-07,2024-08,False
2872,2024-08,2024-09,False
2872,2024-09,2024-10,False
2872,2024-10,2024-11,False
2872,2024-11,2024-12,False
2876,2023-12,2024-01,False
2876,2024-01,2024-02,False
2876,2024-02,2024-03,False
2876,2024-03,2024-04,False
2876,2024-04,2024-05,False
2876,2024-05,2024-06,False
2876,2024-06,2024-07,False
2876,2024-07,2024-08,False
2876,2024-08,2024-09,False
2876,2024-09,2024-10,False
2876,2024-10,2024-11,False
2876,2024-11,2024-12,False
2879,2023-12,2024-01,False
2879,2024-01,2024-02,False
2879,2024-02,2024-03,False
2879,2024-03,2024-04,False
2879,2024-04,2024-05,False
2879,2024-05,2024-06,False
2879,2024-06,2024-07,False
2879,2024-07,2024-08,False
2879,2024-08,2024-09,False
2879,2024-09,2024-10,False
2879,2024-10,2024-11,False
2879,2024-11,2024-12,False
2880,2023-12,2024-01,False
2880,2024-01,2024-02,False
2880,2024-02,2024-03,False
2880,2024-03,2024-04,False
2880,2024-04,2024-05,False
2880,2024-05,2024-06,False
2880,2024-06,2024-07,False
2880,2024-07,2024-08,False
2880,2024-08,2024-09,False
2880,2024-09,2024-10,False
2880,2024-10,2024-11,False
2880,2024-11,2024-12,False
2881,2023-12,2024-01,False
2881,2024-01,2024-02,False
2881,2024-02,2024-03,False
2881,2024-03,2024-04,False
2881,2024-04,2024-05,False
2881,2024-05,2024-06,False
2881,2024-06,2024-07,False
2881,2024-07,2024-08,False
2881,2024-08,2024-09,False
2881,2024-09,2024-10,False
2881,2024-10,2024-11,False
2881,2024-11,2024-12,False
2882,2023-12,2024-01,False
2882,2024-01,2024-02,False
2882,2024-02,2024-03,False
2882,2024-03,2024-04,False
2882,2024-04,2024-05,False
2882,2024-05,2024-06,False
2882,2024-06,2024-07,False
2882,2024-07,2024-08,False
2882,2024-08,2024-09,False
2882,2024-09,2024-10,False
2882,2024-10,2024-11,False
2882,2024-11,2024-12,False
2883,2023-12,2024-01,False
2883,2024-01,2024-02,False
2883,2024-02,2024-03,False
2883,2024-03,2024-04,False
2883,2024-04,2024-05,False
2883,2024-05,2024-06,False
2883,2024-06,2024-07,False
2883,2024-07,2024-08,False
2883,2024-08,2024-09,False
2883,2024-09,2024-10,False
2883,2024-10,2024-11,False
2883,2024-11,2024-12,False
2884,2023-12,2024-01,False
2884,2024-01,2024-02,False
2884,2024-02,2024-03,False
2884,2024-03,2024-04,False
2884,2024-04,2024-05,False
2884,2024-05,2024-06,False
2884,2024-06,2024-07,False
2884,2024-07,2024-08,False
2884,2024-08,2024-09,False
2884,2024-09,2024-10,False
2884,2024-10,2024-11,False
2884,2024-11,2024-12,False
2885,2023-12,2024-01,False
2885,2024-01,2024-02,False
2885,2024-02,2024-03,False
2885,2024-03,2024-04,False
2885,2024-04,2024-05,False
2885,2024-05,2024-06,False
2885,2024-06,2024-07,False
2885,2024-07,2024-08,False
2885,2024-08,2024-09,False
2885,2024-09,2024-10,False
2885,2024-10,2024-11,False
2885,2024-11,2024-12,False
2886,2023-12,2024-01,False
2886,2024-01,2024-02,False
2886,2024-02,2024-03,False
2886,2024-03,2024-04,False
2886,2024-04,2024-05,False
2886,2024-05,2024-06,False
2886,2024-06,2024-07,False
2886,2024-07,2024-08,False
2886,2024-08,2024-09,False
2886,2024-09,2024-10,False
2886,2024-10,2024-11,False
2886,2024-11,2024-12,False
2887,2023-12,2024-01,False
2887,2024-01,2024-02,False
2887,2024-02,2024-03,False
2887,2024-03,2024-04,False
2887,2024-04,2024-05,False
2887,2024-05,2024-06,False
2887,2024-06,2024-07,False
2887,2024-07,2024-08,False
2887,2024-08,2024-09,False
2887,2024-09,2024-10,False
2887,2024-10,2024-11,False
2887,2024-11,2024-12,False
3005,2023-12,2024-01,False
3005,2024-01,2024-02,False
3005,2024-02,2024-03,False
3005,2024-03,2024-04,False
3005,2024-04,2024-05,False
3005,2024-05,2024-06,False
3005,2024-06,2024-07,False
3005,2024-07,2024-08,False
3005,2024-08,2024-09,False
3005,2024-09,2024-10,False
3005,2024-10,2024-11,False
3005,2024-11,2024-12,False
3007,2023-12,2024-01,False
3007,2024-01,2024-02,False
3007,2024-02,2024-03,False
3007,2024-03,2024-04,False
3007,2024-04,2024-05,False
3007,2024-05,2024-06,False
3007,2024-06,2024-07,False
3007,2024-07,2024-08,False
3007,2024-08,2024-09,False
3007,2024-09,2024-10,False
3007,2024-10,2024-11,False
3007,2024-11,2024-12,False
3009,2023-12,2024-01,False
3009,2024-01,2024-02,False
3009,2024-02,2024-03,False
3009,2024-03,2024-04,False
3009,2024-04,2024-05,False
3009,2024-05,2024-06,False
3009,2024-06,2024-07,False
3009,2024-07,2024-08,False
3009,2024-08,2024-09,False
3009,2024-09,2024-10,False
3009,2024-10,2024-11,False
3009,2024-11,2024-12,False
3011,2023-12,2024-01,False
3011,2024-01,2024-02,False
3011,2024-02,2024-03,False
3011,2024-03,2024-04,False
3011,2024-04,2024-05,False
3011,2024-05,2024-06,False
3011,2024-06,2024-07,False
3011,2024-07,2024-08,False
3011,2024-08,2024-09,False
3011,2024-09,2024-10,False
3011,2024-10,2024-11,False
3011,2024-11,2024-12,False
3012,2023-12,2024-01,False
3012,2024-01,2024-02,False
3012,2024-02,2024-03,False
3012,2024-03,2024-04,False
3012,2024-04,2024-05,False
3012,2024-05,2024-06,False
3012,2024-06,2024-07,False
3012,2024-07,2024-08,False
3012,2024-08,2024-09,False
3012,2024-09,2024-10,False
3012,2024-10,2024-11,False
3012,2024-11,2024-12,False
3013,2023-12,2024-01,False
3013,2024-01,2024-02,False
3013,2024-02,2024-03,False
3013,2024-03,2024-04,False
3013,2024-04,2024-05,False
3013,2024-05,2024-06,False
3013,2024-06,2024-07,False
3013,2024-07,2024-08,False
3013,2024-08,2024-09,False
3013,2024-09,2024-10,False
3013,2024-10,2024-11,False
3013,2024-11,2024-12,False
