category,cohort,territory_id
Все категории,asof_june,1
Все категории,asof_june,2
Все категории,asof_june,3
Все категории,asof_june,4
Все категории,asof_june,5
Все категории,asof_june,6
Все категории,asof_june,7
Все категории,asof_june,8
Все категории,asof_june,9
Все категории,asof_june,10
Все категории,asof_june,11
Все категории,asof_june,12
Все категории,asof_june,13
Все категории,asof_june,14
Все категории,asof_june,15
Все категории,asof_june,16
Все категории,asof_june,17
Все категории,asof_june,18
Все категории,asof_june,19
Все категории,asof_june,20
Все категории,asof_june,21
Все категории,asof_june,22
Все категории,asof_june,23
Все категории,asof_june,25
Все категории,asof_june,26
Все категории,asof_june,27
Все категории,asof_june,28
Все категории,asof_june,29
Все категории,asof_june,30
Все категории,asof_june,31
Все категории,asof_june,32
Все категории,asof_june,33
Все категории,asof_june,34
Все категории,asof_june,35
Все категории,asof_june,36
Все категории,asof_june,37
Все категории,asof_june,38
Все категории,asof_june,39
Все категории,asof_june,40
Все категории,asof_june,41
Все категории,asof_june,42
Все категории,asof_june,43
Все категории,asof_june,44
Все категории,asof_june,45
Все категории,asof_june,46
Все категории,asof_june,47
Все категории,asof_june,48
Все категории,asof_june,49
Все категории,asof_june,50
Все категории,asof_june,51
Все категории,asof_june,52
Все категории,asof_june,53
Все категории,asof_june,54
Все категории,asof_june,55
Все категории,asof_june,56
Все категории,asof_june,57
Все категории,asof_june,58
Все категории,asof_june,59
Все категории,asof_june,60
Все категории,asof_june,61
Все категории,asof_june,62
Все категории,asof_june,63
Все категории,asof_june,65
Все категории,asof_june,66
Все категории,asof_june,67
Все категории,asof_june,68
Все категории,asof_june,69
Все категории,asof_june,70
Все категории,asof_june,71
Все категории,asof_june,72
Все категории,asof_june,73
Все категории,asof_june,74
Все категории,asof_june,75
Все категории,asof_june,76
Все категории,asof_june,77
Все категории,asof_june,78
Все категории,asof_june,79
Все категории,asof_june,80
Все категории,asof_june,81
Все категории,asof_june,82
Все категории,asof_june,83
Все категории,asof_june,167
Все категории,asof_june,168
Все категории,asof_june,169
Все категории,asof_june,173
Все категории,asof_june,181
Все категории,asof_june,184
Все категории,asof_june,185
Все категории,asof_june,188
Все категории,asof_june,191
Все категории,asof_june,194
Все категории,asof_june,195
Все категории,asof_june,196
Все категории,asof_june,198
Все категории,asof_june,201
Все категории,asof_june,203
Все категории,asof_june,204
Все категории,asof_june,205
Все категории,asof_june,206
Все категории,asof_june,207
Все категории,asof_june,208
Все категории,asof_june,209
Все категории,asof_june,210
Все категории,asof_june,211
Все категории,asof_june,212
Все категории,asof_june,213
Все категории,asof_june,214
Все категории,asof_june,215
Все категории,asof_june,216
Все категории,asof_june,217
Все категории,asof_june,218
Все категории,asof_june,219
Все категории,asof_june,220
Все категории,asof_june,221
Все категории,asof_june,222
Все категории,asof_june,223
Все категории,asof_june,224
Все категории,asof_june,225
Все категории,asof_june,226
Все категории,asof_june,227
Все категории,asof_june,228
Все категории,asof_june,229
Все категории,asof_june,230
Все категории,asof_june,231
Все категории,asof_june,232
Все категории,asof_june,233
Все категории,asof_june,234
Все категории,asof_june,235
Все категории,asof_june,236
Все категории,asof_june,237
Все категории,asof_june,238
Все категории,asof_june,239
Все категории,asof_june,240
Все категории,asof_june,241
Все категории,asof_june,242
Все категории,asof_june,243
Все категории,asof_june,269
Все категории,asof_june,270
Все категории,asof_june,271
Все категории,asof_june,272
Все категории,asof_june,273
Все категории,asof_june,274
Все категории,asof_june,275
Все категории,asof_june,276
Все категории,asof_june,277
Все категории,asof_june,278
Все категории,asof_june,279
Все категории,asof_june,280
Все категории,asof_june,281
Все категории,asof_june,282
Все категории,asof_june,283
Все категории,asof_june,284
Все категории,asof_june,285
Все категории,asof_june,287
Все категории,asof_june,288
Все категории,asof_june,289
Все категории,asof_june,290
Все категории,asof_june,292
Все категории,asof_june,293
Все категории,asof_june,294
Все категории,asof_june,295
Все категории,asof_june,296
Все категории,asof_june,297
Все категории,asof_june,298
Все категории,asof_june,300
Все категории,asof_june,301
Все категории,asof_june,302
Все категории,asof_june,303
Все категории,asof_june,304
Все категории,asof_june,305
Все категории,asof_june,306
Все категории,asof_june,307
Все категории,asof_june,308
Все категории,asof_june,309
Все категории,asof_june,311
Все категории,asof_june,312
Все категории,asof_june,314
Все категории,asof_june,315
Все категории,asof_june,316
Все категории,asof_june,317
Все категории,asof_june,318
Все категории,asof_june,319
Все категории,asof_june,320
Все категории,asof_june,321
Все категории,asof_june,322
Все категории,asof_june,323
Все категории,asof_june,324
Все категории,asof_june,325
Все категории,asof_june,326
Все категории,asof_june,327
Все категории,asof_june,328
Все категории,asof_june,329
Все категории,asof_june,330
Все категории,asof_june,331
Все категории,asof_june,332
Все категории,asof_june,333
Все категории,asof_june,334
Все категории,asof_june,335
Все категории,asof_june,336
Все категории,asof_june,337
Все категории,asof_june,338
Все категории,asof_june,339
Все категории,asof_june,340
Все категории,asof_june,341
Все категории,asof_june,342
Все категории,asof_june,343
Все категории,asof_june,345
Все категории,asof_june,346
Все категории,asof_june,347
Все категории,asof_june,348
Все категории,asof_june,349
Все категории,asof_june,351
Все категории,asof_june,352
Все категории,asof_june,354
Все категории,asof_june,355
Все категории,asof_june,356
Все категории,asof_june,357
Все категории,asof_june,358
Все категории,asof_june,359
Все категории,asof_june,360
Все категории,asof_june,361
Все категории,asof_june,362
Все категории,asof_june,363
Все категории,asof_june,364
Все категории,asof_june,365
Все категории,asof_june,366
Все категории,asof_june,367
Все категории,asof_june,368
Все категории,asof_june,369
Все категории,asof_june,370
Все категории,asof_june,371
Все категории,asof_june,372
Все категории,asof_june,373
Все категории,asof_june,374
Все категории,asof_june,375
Все категории,asof_june,376
Все категории,asof_june,377
Все категории,asof_june,378
Все категории,asof_june,379
Все категории,asof_june,380
Все категории,asof_june,381
Все категории,asof_june,382
Все категории,asof_june,383
Все категории,asof_june,384
Все категории,asof_june,385
Все категории,asof_june,386
Все категории,asof_june,387
Все категории,asof_june,388
Все категории,asof_june,390
Все категории,asof_june,391
Все категории,asof_june,392
Все категории,asof_june,393
Все категории,asof_june,395
Все категории,asof_june,396
Все категории,asof_june,397
Все категории,asof_june,398
Все категории,asof_june,401
Все категории,asof_june,402
Все категории,asof_june,403
Все категории,asof_june,404
Все категории,asof_june,405
Все категории,asof_june,408
Все категории,asof_june,410
Все категории,asof_june,413
Все категории,asof_june,414
Все категории,asof_june,416
Все категории,asof_june,418
Все категории,asof_june,419
Все категории,asof_june,420
Все категории,asof_june,421
Все категории,asof_june,422
Все категории,asof_june,423
Все категории,asof_june,424
Все категории,asof_june,425
Все категории,asof_june,428
Все категории,asof_june,429
Все категории,asof_june,430
Все категории,asof_june,431
Все категории,asof_june,432
Все категории,asof_june,433
Все категории,asof_june,434
Все категории,asof_june,435
Все категории,asof_june,436
Все категории,asof_june,437
Все категории,asof_june,438
Все категории,asof_june,440
Все категории,asof_june,441
Все категории,asof_june,442
Все категории,asof_june,443
Все категории,asof_june,444
Все категории,asof_june,445
Все категории,asof_june,446
Все категории,asof_june,447
Все категории,asof_june,448
Все категории,asof_june,449
Все категории,asof_june,450
Все категории,asof_june,451
Все категории,asof_june,452
Все категории,asof_june,453
Все категории,asof_june,455
Все категории,asof_june,456
Все категории,asof_june,457
Все категории,asof_june,458
Все категории,asof_june,459
Все категории,asof_june,460
Все категории,asof_june,478
Все категории,asof_june,479
Все категории,asof_june,480
Все категории,asof_june,481
Все категории,asof_june,482
Все категории,asof_june,484
Все категории,asof_june,485
Все категории,asof_june,486
Все категории,asof_june,487
Все категории,asof_june,489
Все категории,asof_june,490
Все категории,asof_june,491
Все категории,asof_june,492
Все категории,asof_june,493
Все категории,asof_june,494
Все категории,asof_june,495
Все категории,asof_june,496
Все категории,asof_june,497
Все категории,asof_june,498
Все категории,asof_june,499
Все категории,asof_june,501
Все категории,asof_june,502
Все категории,asof_june,503
Все категории,asof_june,504
Все категории,asof_june,505
Все категории,asof_june,506
Все категории,asof_june,507
Все категории,asof_june,508
Все категории,asof_june,509
Все категории,asof_june,510
Все категории,asof_june,511
Все категории,asof_june,512
Все категории,asof_june,515
Все категории,asof_june,516
Все категории,asof_june,517
Все категории,asof_june,518
Все категории,asof_june,519
Все категории,asof_june,520
Все категории,asof_june,521
Все категории,asof_june,522
Все категории,asof_june,523
Все категории,asof_june,524
Все категории,asof_june,525
Все категории,asof_june,527
Все категории,asof_june,528
Все категории,asof_june,529
Все категории,asof_june,530
Все категории,asof_june,531
Все категории,asof_june,532
Все категории,asof_june,533
Все категории,asof_june,534
Все категории,asof_june,535
Все категории,asof_june,536
Все категории,asof_june,537
Все категории,asof_june,538
Все категории,asof_june,539
Все категории,asof_june,540
Все категории,asof_june,541
Все категории,asof_june,542
Все категории,asof_june,543
Все категории,asof_june,544
Все категории,asof_june,545
Все категории,asof_june,546
Все категории,asof_june,547
Все категории,asof_june,548
Все категории,asof_june,549
Все категории,asof_june,550
Все категории,asof_june,552
Все категории,asof_june,553
Все категории,asof_june,554
Все категории,asof_june,555
Все категории,asof_june,556
Все категории,asof_june,557
Все категории,asof_june,558
Все категории,asof_june,559
Все категории,asof_june,560
Все категории,asof_june,561
Все категории,asof_june,562
Все категории,asof_june,563
Все категории,asof_june,564
Все категории,asof_june,565
Все категории,asof_june,566
Все категории,asof_june,567
Все категории,asof_june,568
Все категории,asof_june,569
Все категории,asof_june,570
Все категории,asof_june,571
Все категории,asof_june,572
Все категории,asof_june,574
Все категории,asof_june,578
Все категории,asof_june,579
Все категории,asof_june,580
Все категории,asof_june,581
Все категории,asof_june,582
Все категории,asof_june,583
Все категории,asof_june,584
Все категории,asof_june,585
Все категории,asof_june,586
Все категории,asof_june,587
Все категории,asof_june,588
Все категории,asof_june,589
Все категории,asof_june,591
Все категории,asof_june,592
Все категории,asof_june,593
Все категории,asof_june,594
Все категории,asof_june,595
Все категории,asof_june,598
Все категории,asof_june,599
Все категории,asof_june,600
Все категории,asof_june,601
Все категории,asof_june,602
Все категории,asof_june,603
Все категории,asof_june,604
Все категории,asof_june,605
Все категории,asof_june,606
Все категории,asof_june,607
Все категории,asof_june,608
Все категории,asof_june,611
Все категории,asof_june,612
Все категории,asof_june,613
Все категории,asof_june,614
Все категории,asof_june,615
Все категории,asof_june,616
Все категории,asof_june,618
Все категории,asof_june,619
Все категории,asof_june,621
Все категории,asof_june,666
Все категории,asof_june,667
Все категории,asof_june,668
Все категории,asof_june,669
Все категории,asof_june,670
Все категории,asof_june,671
Все категории,asof_june,674
Все категории,asof_june,675
Все категории,asof_june,676
Все категории,asof_june,677
Все категории,asof_june,678
Все категории,asof_june,679
Все категории,asof_june,680
Все категории,asof_june,683
Все категории,asof_june,685
Все категории,asof_june,686
Все категории,asof_june,687
Все категории,asof_june,689
Все категории,asof_june,690
Все категории,asof_june,691
Все категории,asof_june,692
Все категории,asof_june,693
Все категории,asof_june,694
Все категории,asof_june,695
Все категории,asof_june,696
Все категории,asof_june,697
Все категории,asof_june,698
Все категории,asof_june,699
Все категории,asof_june,701
Все категории,asof_june,702
Все категории,asof_june,703
Все категории,asof_june,704
Все категории,asof_june,705
Все категории,asof_june,706
Все категории,asof_june,708
Все категории,asof_june,710
Все категории,asof_june,711
Все категории,asof_june,712
Все категории,asof_june,713
Все категории,asof_june,714
Все категории,asof_june,715
Все категории,asof_june,716
Все категории,asof_june,717
Все категории,asof_june,718
Все категории,asof_june,719
Все категории,asof_june,720
Все категории,asof_june,721
Все категории,asof_june,722
Все категории,asof_june,723
Все категории,asof_june,725
Все категории,asof_june,726
Все категории,asof_june,727
Все категории,asof_june,731
Все категории,asof_june,734
Все категории,asof_june,735
Все категории,asof_june,736
Все категории,asof_june,737
Все категории,asof_june,738
Все категории,asof_june,739
Все категории,asof_june,741
Все категории,asof_june,742
Все категории,asof_june,743
Все категории,asof_june,744
Все категории,asof_june,745
Все категории,asof_june,746
Все категории,asof_june,747
Все категории,asof_june,748
Все категории,asof_june,749
Все категории,asof_june,751
Все категории,asof_june,752
Все категории,asof_june,753
Все категории,asof_june,754
Все категории,asof_june,755
Все категории,asof_june,756
Все категории,asof_june,757
Все категории,asof_june,758
Все категории,asof_june,760
Все категории,asof_june,761
Все категории,asof_june,763
Все категории,asof_june,764
Все категории,asof_june,765
Все категории,asof_june,766
Все категории,asof_june,767
Все категории,asof_june,769
Все категории,asof_june,770
Все категории,asof_june,771
Все категории,asof_june,773
Все категории,asof_june,774
Все категории,asof_june,775
Все категории,asof_june,776
Все категории,asof_june,777
Все категории,asof_june,778
Все категории,asof_june,779
Все категории,asof_june,780
Все категории,asof_june,781
Все категории,asof_june,782
Все категории,asof_june,783
Все категории,asof_june,784
Все категории,asof_june,785
Все категории,asof_june,787
Все категории,asof_june,788
Все категории,asof_june,789
Все категории,asof_june,790
Все категории,asof_june,791
Все категории,asof_june,792
Все категории,asof_june,793
Все категории,asof_june,794
Все категории,asof_june,795
Все категории,asof_june,796
Все категории,asof_june,797
Все категории,asof_june,798
Все категории,asof_june,799
Все категории,asof_june,800
Все категории,asof_june,801
Все категории,asof_june,802
Все категории,asof_june,803
Все категории,asof_june,804
Все категории,asof_june,805
Все категории,asof_june,806
Все категории,asof_june,807
Все категории,asof_june,808
Все категории,asof_june,809
Все категории,asof_june,810
Все категории,asof_june,811
Все категории,asof_june,812
Все категории,asof_june,813
Все категории,asof_june,814
Все категории,asof_june,815
Все категории,asof_june,817
Все категории,asof_june,818
Все категории,asof_june,819
Все категории,asof_june,820
Все категории,asof_june,821
Все категории,asof_june,822
Все категории,asof_june,823
Все категории,asof_june,824
Все категории,asof_june,825
Все категории,asof_june,826
Все категории,asof_june,827
Все категории,asof_june,828
Все категории,asof_june,829
Все категории,asof_june,830
Все категории,asof_june,831
Все категории,asof_june,832
Все категории,asof_june,833
Все категории,asof_june,834
Все категории,asof_june,835
Все категории,asof_june,836
Все категории,asof_june,838
Все категории,asof_june,839
Все категории,asof_june,840
Все категории,asof_june,841
Все категории,asof_june,842
Все категории,asof_june,843
Все категории,asof_june,844
Все категории,asof_june,846
Все категории,asof_june,847
Все категории,asof_june,848
Все категории,asof_june,849
Все категории,asof_june,851
Все категории,asof_june,852
Все категории,asof_june,853
Все категории,asof_june,854
Все категории,asof_june,855
Все категории,asof_june,856
Все категории,asof_june,857
Все категории,asof_june,859
Все категории,asof_june,860
Все категории,asof_june,870
Все категории,asof_june,871
Все категории,asof_june,872
Все категории,asof_june,873
Все категории,asof_june,874
Все категории,asof_june,875
Все категории,asof_june,876
Все категории,asof_june,877
Все категории,asof_june,878
Все категории,asof_june,879
Все категории,asof_june,880
Все категории,asof_june,881
Все категории,asof_june,882
Все категории,asof_june,883
Все категории,asof_june,884
Все категории,asof_june,885
Все категории,asof_june,886
Все категории,asof_june,888
Все категории,asof_june,889
Все категории,asof_june,890
Все категории,asof_june,891
Все категории,asof_june,892
Все категории,asof_june,895
Все категории,asof_june,896
Все категории,asof_june,897
Все категории,asof_june,898
Все категории,asof_june,899
Все категории,asof_june,900
Все категории,asof_june,901
Все категории,asof_june,902
Все категории,asof_june,903
Все категории,asof_june,904
Все категории,asof_june,905
Все категории,asof_june,907
Все категории,asof_june,908
Все категории,asof_june,909
Все категории,asof_june,911
Все категории,asof_june,912
Все категории,asof_june,913
Все категории,asof_june,914
Все категории,asof_june,915
Все категории,asof_june,916
Все категории,asof_june,917
Все категории,asof_june,918
Все категории,asof_june,920
Все категории,asof_june,922
Все категории,asof_june,923
Все категории,asof_june,924
Все категории,asof_june,925
Все категории,asof_june,926
Все категории,asof_june,927
Все категории,asof_june,928
Все категории,asof_june,929
Все категории,asof_june,930
Все категории,asof_june,986
Все категории,asof_june,987
Все категории,asof_june,988
Все категории,asof_june,989
Все категории,asof_june,991
Все категории,asof_june,992
Все категории,asof_june,993
Все категории,asof_june,994
Все категории,asof_june,995
Все категории,asof_june,996
Все категории,asof_june,998
Все категории,asof_june,999
Все категории,asof_june,1001
Все категории,asof_june,1002
Все категории,asof_june,1003
Все категории,asof_june,1004
Все категории,asof_june,1005
Все категории,asof_june,1006
Все категории,asof_june,1007
Все категории,asof_june,1008
Все категории,asof_june,1009
Все категории,asof_june,1010
Все категории,asof_june,1011
Все категории,asof_june,1012
Все категории,asof_june,1013
Все категории,asof_june,1014
Все категории,asof_june,1015
Все категории,asof_june,1016
Все категории,asof_june,1017
Все категории,asof_june,1018
Все категории,asof_june,1019
Все категории,asof_june,1020
Все категории,asof_june,1021
Все категории,asof_june,1023
Все категории,asof_june,1024
Все категории,asof_june,1025
Все категории,asof_june,1026
Все категории,asof_june,1027
Все категории,asof_june,1028
Все категории,asof_june,1029
Все категории,asof_june,1030
Все категории,asof_june,1031
Все категории,asof_june,1032
Все категории,asof_june,1033
Все категории,asof_june,1034
Все категории,asof_june,1035
Все категории,asof_june,1036
Все категории,asof_june,1037
Все категории,asof_june,1038
Все категории,asof_june,1039
Все категории,asof_june,1040
Все категории,asof_june,1041
Все категории,asof_june,1044
Все категории,asof_june,1047
Все категории,asof_june,1048
Все категории,asof_june,1049
Все категории,asof_june,1051
Все категории,asof_june,1052
Все категории,asof_june,1053
Все категории,asof_june,1054
Все категории,asof_june,1055
Все категории,asof_june,1056
Все категории,asof_june,1057
Все категории,asof_june,1058
Все категории,asof_june,1059
Все категории,asof_june,1060
Все категории,asof_june,1061
Все категории,asof_june,1062
Все категории,asof_june,1063
Все категории,asof_june,1064
Все категории,asof_june,1065
Все категории,asof_june,1066
Все категории,asof_june,1067
Все категории,asof_june,1068
Все категории,asof_june,1069
Все категории,asof_june,1070
Все категории,asof_june,1071
Все категории,asof_june,1072
Все категории,asof_june,1107
Все категории,asof_june,1108
Все категории,asof_june,1109
Все категории,asof_june,1110
Все категории,asof_june,1111
Все категории,asof_june,1112
Все категории,asof_june,1113
Все категории,asof_june,1115
Все категории,asof_june,1116
Все категории,asof_june,1117
Все категории,asof_june,1118
Все категории,asof_june,1119
Все категории,asof_june,1120
Все категории,asof_june,1121
Все категории,asof_june,1122
Все категории,asof_june,1123
Все категории,asof_june,1124
Все категории,asof_june,1125
Все категории,asof_june,1126
Все категории,asof_june,1127
Все категории,asof_june,1128
Все категории,asof_june,1129
Все категории,asof_june,1130
Все категории,asof_june,1131
Все категории,asof_june,1132
Все категории,asof_june,1133
Все категории,asof_june,1134
Все категории,asof_june,1135
Все категории,asof_june,1136
Все категории,asof_june,1137
Все категории,asof_june,1138
Все категории,asof_june,1139
Все категории,asof_june,1140
Все категории,asof_june,1141
Все категории,asof_june,1142
Все категории,asof_june,1143
Все категории,asof_june,1144
Все категории,asof_june,1146
Все категории,asof_june,1147
Все категории,asof_june,1148
Все категории,asof_june,1149
Все категории,asof_june,1150
Все категории,asof_june,1151
Все категории,asof_june,1152
Все категории,asof_june,1153
Все категории,asof_june,1154
Все категории,asof_june,1155
Все категории,asof_june,1157
Все категории,asof_june,1158
Все категории,asof_june,1159
Все категории,asof_june,1160
Все категории,asof_june,1161
Все категории,asof_june,1163
Все категории,asof_june,1164
Все категории,asof_june,1165
Все категории,asof_june,1166
Все категории,asof_june,1167
Все категории,asof_june,1168
Все категории,asof_june,1169
Все категории,asof_june,1170
Все категории,asof_june,1171
Все категории,asof_june,1172
Все категории,asof_june,1173
Все категории,asof_june,1174
Все категории,asof_june,1175
Все категории,asof_june,1176
Все категории,asof_june,1178
Все категории,asof_june,1179
Все категории,asof_june,1180
Все категории,asof_june,1181
Все категории,asof_june,1184
Все категории,asof_june,1185
Все категории,asof_june,1186
Все категории,asof_june,1187
Все категории,asof_june,1188
Все категории,asof_june,1189
Все категории,asof_june,1190
Все категории,asof_june,1191
Все категории,asof_june,1192
Все категории,asof_june,1193
Все категории,asof_june,1194
Все категории,asof_june,1195
Все категории,asof_june,1196
Все категории,asof_june,1197
Все категории,asof_june,1198
Все категории,asof_june,1200
Все категории,asof_june,1201
Все категории,asof_june,1203
Все категории,asof_june,1204
Все категории,asof_june,1205
Все категории,asof_june,1206
Все категории,asof_june,1207
Все категории,asof_june,1208
Все категории,asof_june,1209
Все категории,asof_june,1210
Все категории,asof_june,1211
Все категории,asof_june,1212
Все категории,asof_june,1213
Все категории,asof_june,1214
Все категории,asof_june,1215
Все категории,asof_june,1217
Все категории,asof_june,1218
Все категории,asof_june,1219
Все категории,asof_june,1220
Все категории,asof_june,1221
Все категории,asof_june,1222
Все категории,asof_june,1223
Все категории,asof_june,1224
Все категории,asof_june,1225
Все категории,asof_june,1226
Все категории,asof_june,1227
Все категории,asof_june,1228
Все категории,asof_june,1229
Все категории,asof_june,1230
Все категории,asof_june,1231
Все категории,asof_june,1232
Все категории,asof_june,1233
Все категории,asof_june,1234
Все категории,asof_june,1235
Все категории,asof_june,1236
Все категории,asof_june,1237
Все категории,asof_june,1238
Все категории,asof_june,1240
Все категории,asof_june,1241
Все категории,asof_june,1242
Все категории,asof_june,1243
Все категории,asof_june,1244
Все категории,asof_june,1246
Все категории,asof_june,1249
Все категории,asof_june,1250
Все категории,asof_june,1251
Все категории,asof_june,1252
Все категории,asof_june,1253
Все категории,asof_june,1254
Все категории,asof_june,1256
Все категории,asof_june,1257
Все категории,asof_june,1258
Все категории,asof_june,1259
Все категории,asof_june,1260
Все категории,asof_june,1261
Все категории,asof_june,1262
Все категории,asof_june,1264
Все категории,asof_june,1265
Все категории,asof_june,1266
Все категории,asof_june,1267
Все категории,asof_june,1268
Все категории,asof_june,1269
Все категории,asof_june,1270
Все категории,asof_june,1271
Все категории,asof_june,1272
Все категории,asof_june,1273
Все категории,asof_june,1274
Все категории,asof_june,1275
Все категории,asof_june,1276
Все категории,asof_june,1277
Все категории,asof_june,1278
Все категории,asof_june,1279
Все категории,asof_june,1280
Все категории,asof_june,1281
Все категории,asof_june,1282
Все категории,asof_june,1284
Все категории,asof_june,1285
Все категории,asof_june,1286
Все категории,asof_june,1287
Все категории,asof_june,1288
Все категории,asof_june,1289
Все категории,asof_june,1290
Все категории,asof_june,1291
Все категории,asof_june,1292
Все категории,asof_june,1293
Все категории,asof_june,1294
Все категории,asof_june,1295
Все категории,asof_june,1296
Все категории,asof_june,1297
Все категории,asof_june,1298
Все категории,asof_june,1299
Все категории,asof_june,1300
Все категории,asof_june,1301
Все категории,asof_june,1302
Все категории,asof_june,1303
Все категории,asof_june,1304
Все категории,asof_june,1305
Все категории,asof_june,1306
Все категории,asof_june,1308
Все категории,asof_june,1309
Все категории,asof_june,1310
Все категории,asof_june,1311
Все категории,asof_june,1312
Все категории,asof_june,1313
Все категории,asof_june,1314
Все категории,asof_june,1315
Все категории,asof_june,1316
Все категории,asof_june,1317
Все категории,asof_june,1319
Все категории,asof_june,1320
Все категории,asof_june,1321
Все категории,asof_june,1322
Все категории,asof_june,1323
Все категории,asof_june,1324
Все категории,asof_june,1325
Все категории,asof_june,1326
Все категории,asof_june,1327
Все категории,asof_june,1328
Все категории,asof_june,1329
Все категории,asof_june,1330
Все категории,asof_june,1331
Все категории,asof_june,1333
Все категории,asof_june,1334
Все категории,asof_june,1335
Все категории,asof_june,1336
Все категории,asof_june,1337
Все категории,asof_june,1338
Все категории,asof_june,1339
Все категории,asof_june,1340
Все категории,asof_june,1341
Все категории,asof_june,1343
Все категории,asof_june,1344
Все категории,asof_june,1345
Все категории,asof_june,1346
Все категории,asof_june,1347
Все категории,asof_june,1348
Все категории,asof_june,1349
Все категории,asof_june,1350
Все категории,asof_june,1351
Все категории,asof_june,1352
Все категории,asof_june,1353
Все категории,asof_june,1355
Все категории,asof_june,1356
Все категории,asof_june,1357
Все категории,asof_june,1358
Все категории,asof_june,1392
Все категории,asof_june,1393
Все категории,asof_june,1394
Все категории,asof_june,1395
Все категории,asof_june,1396
Все категории,asof_june,1397
Все категории,asof_june,1398
Все категории,asof_june,1399
Все категории,asof_june,1400
Все категории,asof_june,1401
Все категории,asof_june,1402
Все категории,asof_june,1403
Все категории,asof_june,1404
Все категории,asof_june,1405
Все категории,asof_june,1406
Все категории,asof_june,1407
Все категории,asof_june,1408
Все категории,asof_june,1409
Все категории,asof_june,1410
Все категории,asof_june,1411
Все категории,asof_june,1412
Все категории,asof_june,1413
Все категории,asof_june,1414
Все категории,asof_june,1415
Все категории,asof_june,1416
Все категории,asof_june,1417
Все категории,asof_june,1419
Все категории,asof_june,1420
Все категории,asof_june,1421
Все категории,asof_june,1422
Все категории,asof_june,1423
Все категории,asof_june,1425
Все категории,asof_june,1426
Все категории,asof_june,1427
Все категории,asof_june,1428
Все категории,asof_june,1429
Все категории,asof_june,1430
Все категории,asof_june,1431
Все категории,asof_june,1434
Все категории,asof_june,1435
Все категории,asof_june,1437
Все категории,asof_june,1438
Все категории,asof_june,1439
Все категории,asof_june,1440
Все категории,asof_june,1443
Все категории,asof_june,1444
Все категории,asof_june,1445
Все категории,asof_june,1446
Все категории,asof_june,1447
Все категории,asof_june,1448
Все категории,asof_june,1449
Все категории,asof_june,1453
Все категории,asof_june,1454
Все категории,asof_june,1456
Все категории,asof_june,1457
Все категории,asof_june,1459
Все категории,asof_june,1461
Все категории,asof_june,1463
Все категории,asof_june,1464
Все категории,asof_june,1465
Все категории,asof_june,1467
Все категории,asof_june,1468
Все категории,asof_june,1472
Все категории,asof_june,1473
Все категории,asof_june,1474
Все категории,asof_june,1475
Все категории,asof_june,1477
Все категории,asof_june,1478
Все категории,asof_june,1480
Все категории,asof_june,1481
Все категории,asof_june,1483
Все категории,asof_june,1484
Все категории,asof_june,1486
Все категории,asof_june,1488
Все категории,asof_june,1489
Все категории,asof_june,1490
Все категории,asof_june,1491
Все категории,asof_june,1492
Все категории,asof_june,1493
Все категории,asof_june,1494
Все категории,asof_june,1495
Все категории,asof_june,1496
Все категории,asof_june,1500
Все категории,asof_june,1501
Все категории,asof_june,1504
Все категории,asof_june,1506
Все категории,asof_june,1507
Все категории,asof_june,1508
Все категории,asof_june,1509
Все категории,asof_june,1510
Все категории,asof_june,1511
Все категории,asof_june,1512
Все категории,asof_june,1518
Все категории,asof_june,1519
Все категории,asof_june,1520
Все категории,asof_june,1521
Все категории,asof_june,1522
Все категории,asof_june,1523
Все категории,asof_june,1525
Все категории,asof_june,1526
Все категории,asof_june,1527
Все категории,asof_june,1528
Все категории,asof_june,1529
Все категории,asof_june,1530
Все категории,asof_june,1532
Все категории,asof_june,1533
Все категории,asof_june,1534
Все категории,asof_june,1535
Все категории,asof_june,1536
Все категории,asof_june,1537
Все категории,asof_june,1539
Все категории,asof_june,1540
Все категории,asof_june,1541
Все категории,asof_june,1542
Все категории,asof_june,1543
Все категории,asof_june,1544
Все категории,asof_june,1545
Все категории,asof_june,1546
Все категории,asof_june,1547
Все категории,asof_june,1548
Все категории,asof_june,1549
Все категории,asof_june,1550
Все категории,asof_june,1551
Все категории,asof_june,1552
Все категории,asof_june,1553
Все категории,asof_june,1554
Все категории,asof_june,1555
Все категории,asof_june,1556
Все категории,asof_june,1557
Все категории,asof_june,1558
Все категории,asof_june,1559
Все категории,asof_june,1560
Все категории,asof_june,1561
Все категории,asof_june,1562
Все категории,asof_june,1563
Все категории,asof_june,1564
Все категории,asof_june,1565
Все категории,asof_june,1566
Все категории,asof_june,1567
Все категории,asof_june,1568
Все категории,asof_june,1569
Все категории,asof_june,1570
Все категории,asof_june,1571
Все категории,asof_june,1572
Все категории,asof_june,1573
Все категории,asof_june,1574
Все категории,asof_june,1575
Все категории,asof_june,1577
Все категории,asof_june,1578
Все категории,asof_june,1579
Все категории,asof_june,1580
Все категории,asof_june,1581
Все категории,asof_june,1582
Все категории,asof_june,1583
Все категории,asof_june,1584
Все категории,asof_june,1585
Все категории,asof_june,1586
Все категории,asof_june,1587
Все категории,asof_june,1588
Все категории,asof_june,1589
Все категории,asof_june,1590
Все категории,asof_june,1591
Все категории,asof_june,1592
Все категории,asof_june,1593
Все категории,asof_june,1594
Все категории,asof_june,1595
Все категории,asof_june,1596
Все категории,asof_june,1597
Все категории,asof_june,1598
Все категории,asof_june,1599
Все категории,asof_june,1600
Все категории,asof_june,1601
Все категории,asof_june,1602
Все категории,asof_june,1603
Все категории,asof_june,1604
Все категории,asof_june,1605
Все категории,asof_june,1606
Все категории,asof_june,1607
Все категории,asof_june,1608
Все категории,asof_june,1609
Все категории,asof_june,1610
Все категории,asof_june,1611
Все категории,asof_june,1612
Все категории,asof_june,1613
Все категории,asof_june,1614
Все категории,asof_june,1615
Все категории,asof_june,1616
Все категории,asof_june,1617
Все категории,asof_june,1618
Все категории,asof_june,1619
Все категории,asof_june,1620
Все категории,asof_june,1621
Все категории,asof_june,1622
Все категории,asof_june,1623
Все категории,asof_june,1624
Все категории,asof_june,1625
Все категории,asof_june,1626
Все категории,asof_june,1627
Все категории,asof_june,1628
Все категории,asof_june,1629
Все категории,asof_june,1630
Все категории,asof_june,1631
Все категории,asof_june,1632
Все категории,asof_june,1633
Все категории,asof_june,1634
Все категории,asof_june,1635
Все категории,asof_june,1636
Все категории,asof_june,1637
Все категории,asof_june,1638
Все категории,asof_june,1639
Все категории,asof_june,1640
Все категории,asof_june,1641
Все категории,asof_june,1642
Все категории,asof_june,1643
Все категории,asof_june,1644
Все категории,asof_june,1645
Все категории,asof_june,1646
Все категории,asof_june,1647
Все категории,asof_june,1648
Все категории,asof_june,1649
Все категории,asof_june,1650
Все категории,asof_june,1651
Все категории,asof_june,1652
Все категории,asof_june,1653
Все категории,asof_june,1654
Все категории,asof_june,1655
Все категории,asof_june,1656
Все категории,asof_june,1657
Все категории,asof_june,1658
Все категории,asof_june,1659
Все категории,asof_june,1660
Все категории,asof_june,1661
Все категории,asof_june,1662
Все категории,asof_june,1663
Все категории,asof_june,1664
Все категории,asof_june,1665
Все категории,asof_june,1666
Все категории,asof_june,1667
Все категории,asof_june,1668
Все категории,asof_june,1669
Все категории,asof_june,1670
Все категории,asof_june,1671
Все категории,asof_june,1672
Все категории,asof_june,1673
Все категории,asof_june,1674
Все категории,asof_june,1675
Все категории,asof_june,1676
Все категории,asof_june,1678
Все категории,asof_june,1679
Все категории,asof_june,1680
Все категории,asof_june,1681
Все категории,asof_june,1682
Все категории,asof_june,1683
Все категории,asof_june,1685
Все категории,asof_june,1686
Все категории,asof_june,1687
Все категории,asof_june,1688
Все категории,asof_june,1689
Все категории,asof_june,1690
Все категории,asof_june,1691
Все категории,asof_june,1692
Все категории,asof_june,1693
Все категории,asof_june,1694
Все категории,asof_june,1696
Все категории,asof_june,1697
Все категории,asof_june,1698
Все категории,asof_june,1699
Все категории,asof_june,1700
Все категории,asof_june,1701
Все категории,asof_june,1702
Все категории,asof_june,1703
Все категории,asof_june,1704
Все категории,asof_june,1705
Все категории,asof_june,1706
Все категории,asof_june,1707
Все категории,asof_june,1708
Все категории,asof_june,1709
Все категории,asof_june,1710
Все категории,asof_june,1711
Все категории,asof_june,1712
Все категории,asof_june,1714
Все категории,asof_june,1715
Все категории,asof_june,1717
Все категории,asof_june,1718
Все категории,asof_june,1719
Все категории,asof_june,1722
Все категории,asof_june,1724
Все категории,asof_june,1725
Все категории,asof_june,1726
Все категории,asof_june,1727
Все категории,asof_june,1728
Все категории,asof_june,1730
Все категории,asof_june,1731
Все категории,asof_june,1732
Все категории,asof_june,1733
Все категории,asof_june,1737
Все категории,asof_june,1738
Все категории,asof_june,1739
Все категории,asof_june,1740
Все категории,asof_june,1741
Все категории,asof_june,1742
Все категории,asof_june,1743
Все категории,asof_june,1744
Все категории,asof_june,1745
Все категории,asof_june,1746
Все категории,asof_june,1747
Все категории,asof_june,1749
Все категории,asof_june,1750
Все категории,asof_june,1751
Все категории,asof_june,1752
Все категории,asof_june,1753
Все категории,asof_june,1754
Все категории,asof_june,1755
Все категории,asof_june,1756
Все категории,asof_june,1757
Все категории,asof_june,1758
Все категории,asof_june,1759
Все категории,asof_june,1760
Все категории,asof_june,1761
Все категории,asof_june,1762
Все категории,asof_june,1764
Все категории,asof_june,1765
Все категории,asof_june,1766
Все категории,asof_june,1768
Все категории,asof_june,1769
Все категории,asof_june,1770
Все категории,asof_june,1771
Все категории,asof_june,1773
Все категории,asof_june,1774
Все категории,asof_june,1775
Все категории,asof_june,1776
Все категории,asof_june,1777
Все категории,asof_june,1778
Все категории,asof_june,1780
Все категории,asof_june,1781
Все категории,asof_june,1782
Все категории,asof_june,1783
Все категории,asof_june,1784
Все категории,asof_june,1785
Все категории,asof_june,1786
Все категории,asof_june,1787
Все категории,asof_june,1788
Все категории,asof_june,1845
Все категории,asof_june,1846
Все категории,asof_june,1848
Все категории,asof_june,1849
Все категории,asof_june,1850
Все категории,asof_june,1851
Все категории,asof_june,1852
Все категории,asof_june,1853
Все категории,asof_june,1854
Все категории,asof_june,1855
Все категории,asof_june,1856
Все категории,asof_june,1857
Все категории,asof_june,1858
Все категории,asof_june,1859
Все категории,asof_june,1860
Все категории,asof_june,1861
Все категории,asof_june,1862
Все категории,asof_june,1863
Все категории,asof_june,1864
Все категории,asof_june,1865
Все категории,asof_june,1868
Все категории,asof_june,1869
Все категории,asof_june,1870
Все категории,asof_june,1871
Все категории,asof_june,1872
Все категории,asof_june,1873
Все категории,asof_june,1874
Все категории,asof_june,1875
Все категории,asof_june,1876
Все категории,asof_june,1877
Все категории,asof_june,1878
Все категории,asof_june,1879
Все категории,asof_june,1880
Все категории,asof_june,1881
Все категории,asof_june,1883
Все категории,asof_june,1884
Все категории,asof_june,1885
Все категории,asof_june,1886
Все категории,asof_june,1887
Все категории,asof_june,1888
Все категории,asof_june,1889
Все категории,asof_june,1890
Все категории,asof_june,1891
Все категории,asof_june,1892
Все категории,asof_june,1893
Все категории,asof_june,1894
Все категории,asof_june,1895
Все категории,asof_june,1896
Все категории,asof_june,1897
Все категории,asof_june,1898
Все категории,asof_june,1899
Все категории,asof_june,1900
Все категории,asof_june,1901
Все категории,asof_june,1902
Все категории,asof_june,1903
Все категории,asof_june,1904
Все категории,asof_june,1905
Все категории,asof_june,1906
Все категории,asof_june,1907
Все категории,asof_june,1908
Все категории,asof_june,1909
Все категории,asof_june,1910
Все категории,asof_june,1912
Все категории,asof_june,1915
Все категории,asof_june,1916
Все категории,asof_june,1917
Все категории,asof_june,1918
Все категории,asof_june,1919
Все категории,asof_june,1920
Все категории,asof_june,1921
Все категории,asof_june,1922
Все категории,asof_june,1923
Все категории,asof_june,1924
Все категории,asof_june,1925
Все категории,asof_june,1926
Все категории,asof_june,1927
Все категории,asof_june,1928
Все категории,asof_june,1929
Все категории,asof_june,1930
Все категории,asof_june,1931
Все категории,asof_june,1932
Все категории,asof_june,1933
Все категории,asof_june,1934
Все категории,asof_june,1935
Все категории,asof_june,1936
Все категории,asof_june,1937
Все категории,asof_june,1938
Все категории,asof_june,1939
Все категории,asof_june,1940
Все категории,asof_june,1941
Все категории,asof_june,1942
Все категории,asof_june,1943
Все категории,asof_june,1944
Все категории,asof_june,1945
Все категории,asof_june,1947
Все категории,asof_june,1948
Все категории,asof_june,1949
Все категории,asof_june,1950
Все категории,asof_june,1951
Все категории,asof_june,1952
Все категории,asof_june,1954
Все категории,asof_june,1955
Все категории,asof_june,1956
Все категории,asof_june,1957
Все категории,asof_june,1958
Все категории,asof_june,1959
Все категории,asof_june,1960
Все категории,asof_june,1961
Все категории,asof_june,1962
Все категории,asof_june,1963
Все категории,asof_june,1965
Все категории,asof_june,1966
Все категории,asof_june,1967
Все категории,asof_june,1968
Все категории,asof_june,1969
Все категории,asof_june,1970
Все категории,asof_june,1971
Все категории,asof_june,1972
Все категории,asof_june,1973
Все категории,asof_june,1974
Все категории,asof_june,1975
Все категории,asof_june,1976
Все категории,asof_june,1977
Все категории,asof_june,1978
Все категории,asof_june,1979
Все категории,asof_june,1980
Все категории,asof_june,1981
Все категории,asof_june,1982
Все категории,asof_june,1983
Все категории,asof_june,1984
Все категории,asof_june,1985
Все категории,asof_june,1986
Все категории,asof_june,1987
Все категории,asof_june,1988
Все категории,asof_june,1989
Все категории,asof_june,1990
Все категории,asof_june,1991
Все категории,asof_june,1992
Все категории,asof_june,1993
Все категории,asof_june,1994
Все категории,asof_june,1995
Все категории,asof_june,1996
Все категории,asof_june,1997
Все категории,asof_june,1999
Все категории,asof_june,2000
Все категории,asof_june,2001
Все категории,asof_june,2002
Все категории,asof_june,2004
Все категории,asof_june,2005
Все категории,asof_june,2006
Все категории,asof_june,2007
Все категории,asof_june,2008
Все категории,asof_june,2009
Все категории,asof_june,2010
Все категории,asof_june,2011
Все категории,asof_june,2012
Все категории,asof_june,2015
Все категории,asof_june,2017
Все категории,asof_june,2018
Все категории,asof_june,2019
Все категории,asof_june,2021
Все категории,asof_june,2022
Все категории,asof_june,2023
Все категории,asof_june,2024
Все категории,asof_june,2025
Все категории,asof_june,2027
Все категории,asof_june,2028
Все категории,asof_june,2030
Все категории,asof_june,2031
Все категории,asof_june,2032
Все категории,asof_june,2033
Все категории,asof_june,2034
Все категории,asof_june,2035
Все категории,asof_june,2036
Все категории,asof_june,2037
Все категории,asof_june,2039
Все категории,asof_june,2040
Все категории,asof_june,2041
Все категории,asof_june,2042
Все категории,asof_june,2043
Все категории,asof_june,2044
Все категории,asof_june,2045
Все категории,asof_june,2046
Все категории,asof_june,2047
Все категории,asof_june,2048
Все категории,asof_june,2049
Все категории,asof_june,2050
Все категории,asof_june,2051
Все категории,asof_june,2052
Все категории,asof_june,2053
Все категории,asof_june,2054
Все категории,asof_june,2055
Все категории,asof_june,2056
Все категории,asof_june,2057
Все категории,asof_june,2058
Все категории,asof_june,2059
Все категории,asof_june,2060
Все категории,asof_june,2061
Все категории,asof_june,2062
Все категории,asof_june,2063
Все категории,asof_june,2064
Все категории,asof_june,2065
Все категории,asof_june,2066
Все категории,asof_june,2067
Все категории,asof_june,2068
Все категории,asof_june,2069
Все категории,asof_june,2070
Все категории,asof_june,2072
Все категории,asof_june,2073
Все категории,asof_june,2074
Все категории,asof_june,2075
Все категории,asof_june,2076
Все категории,asof_june,2077
Все категории,asof_june,2078
Все категории,asof_june,2079
Все категории,asof_june,2080
Все категории,asof_june,2081
Все категории,asof_june,2082
Все категории,asof_june,2085
Все категории,asof_june,2087
Все категории,asof_june,2088
Все категории,asof_june,2089
Все категории,asof_june,2090
Все категории,asof_june,2091
Все категории,asof_june,2093
Все категории,asof_june,2094
Все категории,asof_june,2095
Все категории,asof_june,2096
Все категории,asof_june,2098
Все категории,asof_june,2100
Все категории,asof_june,2101
Все категории,asof_june,2105
Все категории,asof_june,2108
Все категории,asof_june,2109
Все категории,asof_june,2110
Все категории,asof_june,2111
Все категории,asof_june,2112
Все категории,asof_june,2113
Все категории,asof_june,2114
Все категории,asof_june,2116
Все категории,asof_june,2117
Все категории,asof_june,2118
Все категории,asof_june,2119
Все категории,asof_june,2120
Все категории,asof_june,2121
Все категории,asof_june,2122
Все категории,asof_june,2124
Все категории,asof_june,2125
Все категории,asof_june,2126
Все категории,asof_june,2127
Все категории,asof_june,2128
Все категории,asof_june,2129
Все категории,asof_june,2130
Все категории,asof_june,2131
Все категории,asof_june,2132
Все категории,asof_june,2133
Все категории,asof_june,2134
Все категории,asof_june,2136
Все категории,asof_june,2137
Все категории,asof_june,2138
Все категории,asof_june,2139
Все категории,asof_june,2140
Все категории,asof_june,2142
Все категории,asof_june,2143
Все категории,asof_june,2144
Все категории,asof_june,2145
Все категории,asof_june,2146
Все категории,asof_june,2148
Все категории,asof_june,2149
Все категории,asof_june,2150
Все категории,asof_june,2151
Все категории,asof_june,2152
Все категории,asof_june,2153
Все категории,asof_june,2154
Все категории,asof_june,2155
Все категории,asof_june,2156
Все категории,asof_june,2157
Все категории,asof_june,2158
Все категории,asof_june,2159
Все категории,asof_june,2160
Все категории,asof_june,2161
Все категории,asof_june,2162
Все категории,asof_june,2163
Все категории,asof_june,2164
Все категории,asof_june,2165
Все категории,asof_june,2167
Все категории,asof_june,2168
Все категории,asof_june,2169
Все категории,asof_june,2171
Все категории,asof_june,2172
Все категории,asof_june,2173
Все категории,asof_june,2174
Все категории,asof_june,2175
Все категории,asof_june,2176
Все категории,asof_june,2177
Все категории,asof_june,2178
Все категории,asof_june,2179
Все категории,asof_june,2180
Все категории,asof_june,2181
Все категории,asof_june,2182
Все категории,asof_june,2183
Все категории,asof_june,2184
Все категории,asof_june,2185
Все категории,asof_june,2186
Все категории,asof_june,2187
Все категории,asof_june,2188
Все категории,asof_june,2189
Все категории,asof_june,2190
Все категории,asof_june,2191
Все категории,asof_june,2192
Все категории,asof_june,2193
Все категории,asof_june,2194
Все категории,asof_june,2195
Все категории,asof_june,2196
Все категории,asof_june,2197
Все категории,asof_june,2198
Все категории,asof_june,2199
Все категории,asof_june,2200
Все категории,asof_june,2201
Все категории,asof_june,2202
Все категории,asof_june,2203
Все категории,asof_june,2204
Все категории,asof_june,2205
Все категории,asof_june,2206
Все категории,asof_june,2207
Все категории,asof_june,2208
Все категории,asof_june,2210
Все категории,asof_june,2211
Все категории,asof_june,2212
Все категории,asof_june,2213
Все категории,asof_june,2215
Все категории,asof_june,2216
Все категории,asof_june,2217
Все категории,asof_june,2218
Все категории,asof_june,2219
Все категории,asof_june,2220
Все категории,asof_june,2221
Все категории,asof_june,2222
Все категории,asof_june,2223
Все категории,asof_june,2224
Все категории,asof_june,2225
Все категории,asof_june,2226
Все категории,asof_june,2227
Все категории,asof_june,2228
Все категории,asof_june,2229
Все категории,asof_june,2230
Все категории,asof_june,2231
Все категории,asof_june,2232
Все категории,asof_june,2233
Все категории,asof_june,2234
Все категории,asof_june,2235
Все категории,asof_june,2236
Все категории,asof_june,2237
Все категории,asof_june,2238
Все категории,asof_june,2241
Все категории,asof_june,2242
Все категории,asof_june,2243
Все категории,asof_june,2244
Все категории,asof_june,2245
Все категории,asof_june,2248
Все категории,asof_june,2249
Все категории,asof_june,2250
Все категории,asof_june,2251
Все категории,asof_june,2252
Все категории,asof_june,2253
Все категории,asof_june,2254
Все категории,asof_june,2255
Все категории,asof_june,2256
Все категории,asof_june,2257
Все категории,asof_june,2258
Все категории,asof_june,2259
Все категории,asof_june,2260
Все категории,asof_june,2262
Все категории,asof_june,2264
Все категории,asof_june,2265
Все категории,asof_june,2266
Все категории,asof_june,2267
Все категории,asof_june,2268
Все категории,asof_june,2269
Все категории,asof_june,2270
Все категории,asof_june,2271
Все категории,asof_june,2272
Все категории,asof_june,2274
Все категории,asof_june,2275
Все категории,asof_june,2276
Все категории,asof_june,2278
Все категории,asof_june,2279
Все категории,asof_june,2280
Все категории,asof_june,2281
Все категории,asof_june,2282
Все категории,asof_june,2286
Все категории,asof_june,2287
Все категории,asof_june,2288
Все категории,asof_june,2289
Все категории,asof_june,2292
Все категории,asof_june,2293
Все категории,asof_june,2294
Все категории,asof_june,2295
Все категории,asof_june,2296
Все категории,asof_june,2297
Все категории,asof_june,2298
Все категории,asof_june,2299
Все категории,asof_june,2300
Все категории,asof_june,2301
Все категории,asof_june,2302
Все категории,asof_june,2303
Все категории,asof_june,2304
Все категории,asof_june,2305
Все категории,asof_june,2307
Все категории,asof_june,2308
Все категории,asof_june,2309
Все категории,asof_june,2310
Все категории,asof_june,2311
Все категории,asof_june,2312
Все категории,asof_june,2314
Все категории,asof_june,2315
Все категории,asof_june,2316
Все категории,asof_june,2317
Все категории,asof_june,2318
Все категории,asof_june,2320
Все категории,asof_june,2321
Все категории,asof_june,2322
Все категории,asof_june,2323
Все категории,asof_june,2324
Все категории,asof_june,2325
Все категории,asof_june,2326
Все категории,asof_june,2327
Все категории,asof_june,2328
Все категории,asof_june,2329
Все категории,asof_june,2330
Все категории,asof_june,2332
Все категории,asof_june,2333
Все категории,asof_june,2334
Все категории,asof_june,2335
Все категории,asof_june,2336
Все категории,asof_june,2337
Все категории,asof_june,2338
Все категории,asof_june,2339
Все категории,asof_june,2340
Все категории,asof_june,2341
Все категории,asof_june,2342
Все категории,asof_june,2343
Все категории,asof_june,2344
Все категории,asof_june,2345
Все категории,asof_june,2348
Все категории,asof_june,2349
Все категории,asof_june,2351
Все категории,asof_june,2352
Все категории,asof_june,2353
Все категории,asof_june,2354
Все категории,asof_june,2355
Все категории,asof_june,2356
Все категории,asof_june,2357
Все категории,asof_june,2358
Все категории,asof_june,2359
Все категории,asof_june,2360
Все категории,asof_june,2361
Все категории,asof_june,2362
Все категории,asof_june,2363
Все категории,asof_june,2364
Все категории,asof_june,2365
Все категории,asof_june,2366
Все категории,asof_june,2367
Все категории,asof_june,2368
Все категории,asof_june,2369
Все категории,asof_june,2370
Все категории,asof_june,2371
Все категории,asof_june,2372
Все категории,asof_june,2373
Все категории,asof_june,2374
Все категории,asof_june,2375
Все категории,asof_june,2376
Все категории,asof_june,2377
Все категории,asof_june,2378
Все категории,asof_june,2379
Все категории,asof_june,2380
Все категории,asof_june,2381
Все категории,asof_june,2382
Все категории,asof_june,2383
Все категории,asof_june,2384
Все категории,asof_june,2385
Все категории,asof_june,2386
Все категории,asof_june,2387
Все категории,asof_june,2388
Все категории,asof_june,2389
Все категории,asof_june,2390
Все категории,asof_june,2391
Все категории,asof_june,2392
Все категории,asof_june,2393
Все категории,asof_june,2395
Все категории,asof_june,2398
Все категории,asof_june,2399
Все категории,asof_june,2400
Все категории,asof_june,2401
Все категории,asof_june,2402
Все категории,asof_june,2403
Все категории,asof_june,2404
Все категории,asof_june,2405
Все категории,asof_june,2406
Все категории,asof_june,2407
Все категории,asof_june,2408
Все категории,asof_june,2409
Все категории,asof_june,2410
Все категории,asof_june,2411
Все категории,asof_june,2412
Все категории,asof_june,2416
Все категории,asof_june,2422
Все категории,asof_june,2423
Все категории,asof_june,2424
Все категории,asof_june,2425
Все категории,asof_june,2426
Все категории,asof_june,2427
Все категории,asof_june,2428
Все категории,asof_june,2429
Все категории,asof_june,2430
Все категории,asof_june,2431
Все категории,asof_june,2432
Все категории,asof_june,2433
Все категории,asof_june,2434
Все категории,asof_june,2435
Все категории,asof_june,2436
Все категории,asof_june,2437
Все категории,asof_june,2439
Все категории,asof_june,2440
Все категории,asof_june,2441
Все категории,asof_june,2442
Все категории,asof_june,2443
Все категории,asof_june,2444
Все категории,asof_june,2445
Все категории,asof_june,2446
Все категории,asof_june,2447
Все категории,asof_june,2449
Все категории,asof_june,2450
Все категории,asof_june,2451
Все категории,asof_june,2452
Все категории,asof_june,2453
Все категории,asof_june,2454
Все категории,asof_june,2455
Все категории,asof_june,2456
Все категории,asof_june,2457
Все категории,asof_june,2458
Все категории,asof_june,2459
Все категории,asof_june,2460
Все категории,asof_june,2461
Все категории,asof_june,2462
Все категории,asof_june,2463
Все категории,asof_june,2464
Все категории,asof_june,2465
Все категории,asof_june,2466
Все категории,asof_june,2467
Все категории,asof_june,2468
Все категории,asof_june,2469
Все категории,asof_june,2470
Все категории,asof_june,2471
Все категории,asof_june,2472
Все категории,asof_june,2473
Все категории,asof_june,2474
Все категории,asof_june,2475
Все категории,asof_june,2476
Все категории,asof_june,2477
Все категории,asof_june,2478
Все категории,asof_june,2479
Все категории,asof_june,2480
Все категории,asof_june,2481
Все категории,asof_june,2482
Все категории,asof_june,2483
Все категории,asof_june,2484
Все категории,asof_june,2485
Все категории,asof_june,2486
Все категории,asof_june,2487
Все категории,asof_june,2488
Все категории,asof_june,2489
Все категории,asof_june,2490
Все категории,asof_june,2491
Все категории,asof_june,2492
Все категории,asof_june,2493
Все категории,asof_june,2494
Все категории,asof_june,2495
Все категории,asof_june,2496
Все категории,asof_june,2497
Все категории,asof_june,2498
Все категории,asof_june,2499
Все категории,asof_june,2500
Все категории,asof_june,2501
Все категории,asof_june,2502
Все категории,asof_june,2503
Все категории,asof_june,2504
Все категории,asof_june,2505
Все категории,asof_june,2506
Все категории,asof_june,2507
Все категории,asof_june,2508
Все категории,asof_june,2509
Все категории,asof_june,2510
Все категории,asof_june,2511
Все категории,asof_june,2512
Все категории,asof_june,2513
Все категории,asof_june,2514
Все категории,asof_june,2515
Все категории,asof_june,2516
Все категории,asof_june,2517
Все категории,asof_june,2518
Все категории,asof_june,2519
Все категории,asof_june,2520
Все категории,asof_june,2521
Все категории,asof_june,2522
Все категории,asof_june,2523
Все категории,asof_june,2524
Все категории,asof_june,2525
Все категории,asof_june,2526
Все категории,asof_june,2527
Все категории,asof_june,2528
Все категории,asof_june,2529
Все категории,asof_june,2530
Все категории,asof_june,2531
Все категории,asof_june,2532
Все категории,asof_june,2533
Все категории,asof_june,2534
Все категории,asof_june,2535
Все категории,asof_june,2536
Все категории,asof_june,2537
Все категории,asof_june,2538
Все категории,asof_june,2539
Все категории,asof_june,2540
Все категории,asof_june,2541
Все категории,asof_june,2542
Все категории,asof_june,2543
Все категории,asof_june,2544
Все категории,asof_june,2545
Все категории,asof_june,2546
Все категории,asof_june,2547
Все категории,asof_june,2548
Все категории,asof_june,2549
Все категории,asof_june,2550
Все категории,asof_june,2551
Все категории,asof_june,2552
Все категории,asof_june,2553
Все категории,asof_june,2554
Все категории,asof_june,2555
Все категории,asof_june,2556
Все категории,asof_june,2557
Все категории,asof_june,2558
Все категории,asof_june,2559
Все категории,asof_june,2560
Все категории,asof_june,2561
Все категории,asof_june,2562
Все категории,asof_june,2563
Все категории,asof_june,2564
Все категории,asof_june,2565
Все категории,asof_june,2566
Все категории,asof_june,2567
Все категории,asof_june,2568
Все категории,asof_june,2569
Все категории,asof_june,2570
Все категории,asof_june,2571
Все категории,asof_june,2572
Все категории,asof_june,2573
Все категории,asof_june,2574
Все категории,asof_june,2575
Все категории,asof_june,2576
Все категории,asof_june,2577
Все категории,asof_june,2578
Все категории,asof_june,2579
Все категории,asof_june,2580
Все категории,asof_june,2581
Все категории,asof_june,2582
Все категории,asof_june,2583
Все категории,asof_june,2584
Все категории,asof_june,2585
Все категории,asof_june,2586
Все категории,asof_june,2587
Все категории,asof_june,2588
Все категории,asof_june,2589
Все категории,asof_june,2590
Все категории,asof_june,2591
Все категории,asof_june,2592
Все категории,asof_june,2593
Все категории,asof_june,2595
Все категории,asof_june,2596
Все категории,asof_june,2597
Все категории,asof_june,2598
Все категории,asof_june,2599
Все категории,asof_june,2600
Все категории,asof_june,2601
Все категории,asof_june,2602
Все категории,asof_june,2604
Все категории,asof_june,2605
Все категории,asof_june,2606
Все категории,asof_june,2607
Все категории,asof_june,2618
Все категории,asof_june,2619
Все категории,asof_june,2620
Все категории,asof_june,2621
Все категории,asof_june,2644
Все категории,asof_june,2646
Все категории,asof_june,2647
Все категории,asof_june,2648
Все категории,asof_june,2649
Все категории,asof_june,2651
Все категории,asof_june,2652
Все категории,asof_june,2710
Все категории,asof_june,2808
Все категории,asof_june,2809
Все категории,asof_june,2813
Все категории,asof_june,2814
Все категории,asof_june,2872
Все категории,asof_june,2876
Все категории,asof_june,2879
Все категории,asof_june,2880
Все категории,asof_june,2881
Все категории,asof_june,2882
Все категории,asof_june,2883
Все категории,asof_june,2884
Все категории,asof_june,2885
Все категории,asof_june,2886
Все категории,asof_june,2887
Все категории,asof_june,3005
Все категории,asof_june,3007
Все категории,asof_june,3009
Все категории,asof_june,3011
Все категории,asof_june,3012
Все категории,asof_june,3013
Все категории,balanced_future_reference,1
Все категории,balanced_future_reference,2
Все категории,balanced_future_reference,3
Все категории,balanced_future_reference,4
Все категории,balanced_future_reference,5
Все категории,balanced_future_reference,6
Все категории,balanced_future_reference,7
Все категории,balanced_future_reference,8
Все категории,balanced_future_reference,9
Все категории,balanced_future_reference,10
Все категории,balanced_future_reference,11
Все категории,balanced_future_reference,12
Все категории,balanced_future_reference,13
Все категории,balanced_future_reference,14
Все категории,balanced_future_reference,15
Все категории,balanced_future_reference,16
Все категории,balanced_future_reference,17
Все категории,balanced_future_reference,18
Все категории,balanced_future_reference,19
Все категории,balanced_future_reference,20
Все категории,balanced_future_reference,21
Все категории,balanced_future_reference,22
Все категории,balanced_future_reference,23
Все категории,balanced_future_reference,25
Все категории,balanced_future_reference,26
Все категории,balanced_future_reference,27
Все категории,balanced_future_reference,28
Все категории,balanced_future_reference,29
Все категории,balanced_future_reference,30
Все категории,balanced_future_reference,31
Все категории,balanced_future_reference,32
Все категории,balanced_future_reference,33
Все категории,balanced_future_reference,34
Все категории,balanced_future_reference,35
Все категории,balanced_future_reference,36
Все категории,balanced_future_reference,37
Все категории,balanced_future_reference,38
Все категории,balanced_future_reference,39
Все категории,balanced_future_reference,40
Все категории,balanced_future_reference,41
Все категории,balanced_future_reference,42
Все категории,balanced_future_reference,43
Все категории,balanced_future_reference,44
Все категории,balanced_future_reference,45
Все категории,balanced_future_reference,46
Все категории,balanced_future_reference,47
Все категории,balanced_future_reference,48
Все категории,balanced_future_reference,49
Все категории,balanced_future_reference,50
Все категории,balanced_future_reference,51
Все категории,balanced_future_reference,52
Все категории,balanced_future_reference,53
Все категории,balanced_future_reference,54
Все категории,balanced_future_reference,55
Все категории,balanced_future_reference,56
Все категории,balanced_future_reference,57
Все категории,balanced_future_reference,58
Все категории,balanced_future_reference,59
Все категории,balanced_future_reference,60
Все категории,balanced_future_reference,61
Все категории,balanced_future_reference,62
Все категории,balanced_future_reference,63
Все категории,balanced_future_reference,65
Все категории,balanced_future_reference,66
Все категории,balanced_future_reference,67
Все категории,balanced_future_reference,68
Все категории,balanced_future_reference,69
Все категории,balanced_future_reference,70
Все категории,balanced_future_reference,71
Все категории,balanced_future_reference,72
Все категории,balanced_future_reference,73
Все категории,balanced_future_reference,74
Все категории,balanced_future_reference,75
Все категории,balanced_future_reference,76
Все категории,balanced_future_reference,77
Все категории,balanced_future_reference,78
Все категории,balanced_future_reference,79
Все категории,balanced_future_reference,80
Все категории,balanced_future_reference,81
Все категории,balanced_future_reference,82
Все категории,balanced_future_reference,83
Все категории,balanced_future_reference,167
Все категории,balanced_future_reference,168
Все категории,balanced_future_reference,169
Все категории,balanced_future_reference,173
Все категории,balanced_future_reference,181
Все категории,balanced_future_reference,184
Все категории,balanced_future_reference,185
Все категории,balanced_future_reference,188
Все категории,balanced_future_reference,191
Все категории,balanced_future_reference,194
Все категории,balanced_future_reference,195
Все категории,balanced_future_reference,196
Все категории,balanced_future_reference,198
Все категории,balanced_future_reference,201
Все категории,balanced_future_reference,203
Все категории,balanced_future_reference,204
Все категории,balanced_future_reference,205
Все категории,balanced_future_reference,206
Все категории,balanced_future_reference,207
Все категории,balanced_future_reference,208
Все категории,balanced_future_reference,209
Все категории,balanced_future_reference,210
Все категории,balanced_future_reference,211
Все категории,balanced_future_reference,212
Все категории,balanced_future_reference,213
Все категории,balanced_future_reference,214
Все категории,balanced_future_reference,215
Все категории,balanced_future_reference,216
Все категории,balanced_future_reference,217
Все категории,balanced_future_reference,218
Все категории,balanced_future_reference,219
Все категории,balanced_future_reference,220
Все категории,balanced_future_reference,221
Все категории,balanced_future_reference,222
Все категории,balanced_future_reference,223
Все категории,balanced_future_reference,224
Все категории,balanced_future_reference,225
Все категории,balanced_future_reference,226
Все категории,balanced_future_reference,227
Все категории,balanced_future_reference,228
Все категории,balanced_future_reference,229
Все категории,balanced_future_reference,230
Все категории,balanced_future_reference,231
Все категории,balanced_future_reference,232
Все категории,balanced_future_reference,233
Все категории,balanced_future_reference,234
Все категории,balanced_future_reference,235
Все категории,balanced_future_reference,236
Все категории,balanced_future_reference,237
Все категории,balanced_future_reference,238
Все категории,balanced_future_reference,239
Все категории,balanced_future_reference,240
Все категории,balanced_future_reference,241
Все категории,balanced_future_reference,242
Все категории,balanced_future_reference,243
Все категории,balanced_future_reference,269
Все категории,balanced_future_reference,270
Все категории,balanced_future_reference,271
Все категории,balanced_future_reference,272
Все категории,balanced_future_reference,273
Все категории,balanced_future_reference,274
Все категории,balanced_future_reference,275
Все категории,balanced_future_reference,276
Все категории,balanced_future_reference,277
Все категории,balanced_future_reference,278
Все категории,balanced_future_reference,279
Все категории,balanced_future_reference,280
Все категории,balanced_future_reference,281
Все категории,balanced_future_reference,282
Все категории,balanced_future_reference,283
Все категории,balanced_future_reference,284
Все категории,balanced_future_reference,285
Все категории,balanced_future_reference,287
Все категории,balanced_future_reference,288
Все категории,balanced_future_reference,289
Все категории,balanced_future_reference,290
Все категории,balanced_future_reference,292
Все категории,balanced_future_reference,293
Все категории,balanced_future_reference,294
Все категории,balanced_future_reference,295
Все категории,balanced_future_reference,296
Все категории,balanced_future_reference,297
Все категории,balanced_future_reference,298
Все категории,balanced_future_reference,300
Все категории,balanced_future_reference,301
Все категории,balanced_future_reference,302
Все категории,balanced_future_reference,303
Все категории,balanced_future_reference,304
Все категории,balanced_future_reference,305
Все категории,balanced_future_reference,306
Все категории,balanced_future_reference,307
Все категории,balanced_future_reference,308
Все категории,balanced_future_reference,309
Все категории,balanced_future_reference,312
Все категории,balanced_future_reference,314
Все категории,balanced_future_reference,316
Все категории,balanced_future_reference,317
Все категории,balanced_future_reference,318
Все категории,balanced_future_reference,319
Все категории,balanced_future_reference,320
Все категории,balanced_future_reference,321
Все категории,balanced_future_reference,323
Все категории,balanced_future_reference,324
Все категории,balanced_future_reference,325
Все категории,balanced_future_reference,326
Все категории,balanced_future_reference,327
Все категории,balanced_future_reference,329
Все категории,balanced_future_reference,330
Все категории,balanced_future_reference,331
Все категории,balanced_future_reference,332
Все категории,balanced_future_reference,333
Все категории,balanced_future_reference,334
Все категории,balanced_future_reference,335
Все категории,balanced_future_reference,336
Все категории,balanced_future_reference,337
Все категории,balanced_future_reference,338
Все категории,balanced_future_reference,339
Все категории,balanced_future_reference,340
Все категории,balanced_future_reference,341
Все категории,balanced_future_reference,342
Все категории,balanced_future_reference,343
Все категории,balanced_future_reference,345
Все категории,balanced_future_reference,346
Все категории,balanced_future_reference,347
Все категории,balanced_future_reference,348
Все категории,balanced_future_reference,349
Все категории,balanced_future_reference,351
Все категории,balanced_future_reference,352
Все категории,balanced_future_reference,354
Все категории,balanced_future_reference,355
Все категории,balanced_future_reference,356
Все категории,balanced_future_reference,357
Все категории,balanced_future_reference,358
Все категории,balanced_future_reference,359
Все категории,balanced_future_reference,360
Все категории,balanced_future_reference,361
Все категории,balanced_future_reference,362
Все категории,balanced_future_reference,363
Все категории,balanced_future_reference,364
Все категории,balanced_future_reference,365
Все категории,balanced_future_reference,366
Все категории,balanced_future_reference,367
Все категории,balanced_future_reference,368
Все категории,balanced_future_reference,369
Все категории,balanced_future_reference,370
Все категории,balanced_future_reference,371
Все категории,balanced_future_reference,372
Все категории,balanced_future_reference,373
Все категории,balanced_future_reference,374
Все категории,balanced_future_reference,375
Все категории,balanced_future_reference,376
Все категории,balanced_future_reference,377
Все категории,balanced_future_reference,378
Все категории,balanced_future_reference,379
Все категории,balanced_future_reference,380
Все категории,balanced_future_reference,381
Все категории,balanced_future_reference,382
Все категории,balanced_future_reference,383
Все категории,balanced_future_reference,384
Все категории,balanced_future_reference,385
Все категории,balanced_future_reference,386
Все категории,balanced_future_reference,387
Все категории,balanced_future_reference,388
Все категории,balanced_future_reference,390
Все категории,balanced_future_reference,391
Все категории,balanced_future_reference,392
Все категории,balanced_future_reference,393
Все категории,balanced_future_reference,395
Все категории,balanced_future_reference,396
Все категории,balanced_future_reference,397
Все категории,balanced_future_reference,398
Все категории,balanced_future_reference,401
Все категории,balanced_future_reference,402
Все категории,balanced_future_reference,403
Все категории,balanced_future_reference,404
Все категории,balanced_future_reference,405
Все категории,balanced_future_reference,408
Все категории,balanced_future_reference,410
Все категории,balanced_future_reference,413
Все категории,balanced_future_reference,414
Все категории,balanced_future_reference,416
Все категории,balanced_future_reference,418
Все категории,balanced_future_reference,419
Все категории,balanced_future_reference,420
Все категории,balanced_future_reference,421
Все категории,balanced_future_reference,422
Все категории,balanced_future_reference,423
Все категории,balanced_future_reference,424
Все категории,balanced_future_reference,425
Все категории,balanced_future_reference,428
Все категории,balanced_future_reference,429
Все категории,balanced_future_reference,430
Все категории,balanced_future_reference,431
Все категории,balanced_future_reference,432
Все категории,balanced_future_reference,433
Все категории,balanced_future_reference,434
Все категории,balanced_future_reference,435
Все категории,balanced_future_reference,436
Все категории,balanced_future_reference,437
Все категории,balanced_future_reference,438
Все категории,balanced_future_reference,440
Все категории,balanced_future_reference,441
Все категории,balanced_future_reference,442
Все категории,balanced_future_reference,443
Все категории,balanced_future_reference,444
Все категории,balanced_future_reference,445
Все категории,balanced_future_reference,446
Все категории,balanced_future_reference,447
Все категории,balanced_future_reference,448
Все категории,balanced_future_reference,449
Все категории,balanced_future_reference,450
Все категории,balanced_future_reference,451
Все категории,balanced_future_reference,452
Все категории,balanced_future_reference,453
Все категории,balanced_future_reference,455
Все категории,balanced_future_reference,456
Все категории,balanced_future_reference,457
Все категории,balanced_future_reference,458
Все категории,balanced_future_reference,459
Все категории,balanced_future_reference,460
Все категории,balanced_future_reference,478
Все категории,balanced_future_reference,479
Все категории,balanced_future_reference,480
Все категории,balanced_future_reference,481
Все категории,balanced_future_reference,482
Все категории,balanced_future_reference,484
Все категории,balanced_future_reference,485
Все категории,balanced_future_reference,486
Все категории,balanced_future_reference,487
Все категории,balanced_future_reference,489
Все категории,balanced_future_reference,490
Все категории,balanced_future_reference,491
Все категории,balanced_future_reference,492
Все категории,balanced_future_reference,493
Все категории,balanced_future_reference,494
Все категории,balanced_future_reference,495
Все категории,balanced_future_reference,496
Все категории,balanced_future_reference,497
Все категории,balanced_future_reference,498
Все категории,balanced_future_reference,499
Все категории,balanced_future_reference,501
Все категории,balanced_future_reference,502
Все категории,balanced_future_reference,503
Все категории,balanced_future_reference,504
Все категории,balanced_future_reference,505
Все категории,balanced_future_reference,506
Все категории,balanced_future_reference,507
Все категории,balanced_future_reference,508
Все категории,balanced_future_reference,509
Все категории,balanced_future_reference,510
Все категории,balanced_future_reference,511
Все категории,balanced_future_reference,512
Все категории,balanced_future_reference,515
Все категории,balanced_future_reference,516
Все категории,balanced_future_reference,517
Все категории,balanced_future_reference,518
Все категории,balanced_future_reference,519
Все категории,balanced_future_reference,520
Все категории,balanced_future_reference,521
Все категории,balanced_future_reference,522
Все категории,balanced_future_reference,523
Все категории,balanced_future_reference,524
Все категории,balanced_future_reference,525
Все категории,balanced_future_reference,527
Все категории,balanced_future_reference,528
Все категории,balanced_future_reference,529
Все категории,balanced_future_reference,530
Все категории,balanced_future_reference,531
Все категории,balanced_future_reference,532
Все категории,balanced_future_reference,533
Все категории,balanced_future_reference,534
Все категории,balanced_future_reference,535
Все категории,balanced_future_reference,536
Все категории,balanced_future_reference,537
Все категории,balanced_future_reference,538
Все категории,balanced_future_reference,539
Все категории,balanced_future_reference,540
Все категории,balanced_future_reference,541
Все категории,balanced_future_reference,542
Все категории,balanced_future_reference,543
Все категории,balanced_future_reference,544
Все категории,balanced_future_reference,545
Все категории,balanced_future_reference,546
Все категории,balanced_future_reference,547
Все категории,balanced_future_reference,548
Все категории,balanced_future_reference,549
Все категории,balanced_future_reference,550
Все категории,balanced_future_reference,552
Все категории,balanced_future_reference,553
Все категории,balanced_future_reference,554
Все категории,balanced_future_reference,555
Все категории,balanced_future_reference,556
Все категории,balanced_future_reference,557
Все категории,balanced_future_reference,558
Все категории,balanced_future_reference,559
Все категории,balanced_future_reference,560
Все категории,balanced_future_reference,561
Все категории,balanced_future_reference,562
Все категории,balanced_future_reference,563
Все категории,balanced_future_reference,564
Все категории,balanced_future_reference,565
Все категории,balanced_future_reference,566
Все категории,balanced_future_reference,567
Все категории,balanced_future_reference,568
Все категории,balanced_future_reference,569
Все категории,balanced_future_reference,570
Все категории,balanced_future_reference,571
Все категории,balanced_future_reference,572
Все категории,balanced_future_reference,574
Все категории,balanced_future_reference,578
Все категории,balanced_future_reference,579
Все категории,balanced_future_reference,580
Все категории,balanced_future_reference,581
Все категории,balanced_future_reference,582
Все категории,balanced_future_reference,583
Все категории,balanced_future_reference,584
Все категории,balanced_future_reference,585
Все категории,balanced_future_reference,586
Все категории,balanced_future_reference,587
Все категории,balanced_future_reference,588
Все категории,balanced_future_reference,589
Все категории,balanced_future_reference,591
Все категории,balanced_future_reference,592
Все категории,balanced_future_reference,593
Все категории,balanced_future_reference,594
Все категории,balanced_future_reference,595
Все категории,balanced_future_reference,598
Все категории,balanced_future_reference,599
Все категории,balanced_future_reference,600
Все категории,balanced_future_reference,601
Все категории,balanced_future_reference,602
Все категории,balanced_future_reference,603
Все категории,balanced_future_reference,604
Все категории,balanced_future_reference,605
Все категории,balanced_future_reference,606
Все категории,balanced_future_reference,607
Все категории,balanced_future_reference,608
Все категории,balanced_future_reference,612
Все категории,balanced_future_reference,613
Все категории,balanced_future_reference,614
Все категории,balanced_future_reference,615
Все категории,balanced_future_reference,616
Все категории,balanced_future_reference,618
Все категории,balanced_future_reference,619
Все категории,balanced_future_reference,621
Все категории,balanced_future_reference,666
Все категории,balanced_future_reference,667
Все категории,balanced_future_reference,668
Все категории,balanced_future_reference,669
Все категории,balanced_future_reference,670
Все категории,balanced_future_reference,671
Все категории,balanced_future_reference,674
Все категории,balanced_future_reference,675
Все категории,balanced_future_reference,676
Все категории,balanced_future_reference,677
Все категории,balanced_future_reference,678
Все категории,balanced_future_reference,679
Все категории,balanced_future_reference,680
Все категории,balanced_future_reference,683
Все категории,balanced_future_reference,685
Все категории,balanced_future_reference,686
Все категории,balanced_future_reference,687
Все категории,balanced_future_reference,689
Все категории,balanced_future_reference,690
Все категории,balanced_future_reference,691
Все категории,balanced_future_reference,692
Все категории,balanced_future_reference,693
Все категории,balanced_future_reference,694
Все категории,balanced_future_reference,695
Все категории,balanced_future_reference,696
Все категории,balanced_future_reference,697
Все категории,balanced_future_reference,698
Все категории,balanced_future_reference,699
Все категории,balanced_future_reference,701
Все категории,balanced_future_reference,702
Все категории,balanced_future_reference,703
Все категории,balanced_future_reference,704
Все категории,balanced_future_reference,705
Все категории,balanced_future_reference,706
Все категории,balanced_future_reference,708
Все категории,balanced_future_reference,710
Все категории,balanced_future_reference,711
Все категории,balanced_future_reference,712
Все категории,balanced_future_reference,713
Все категории,balanced_future_reference,714
Все категории,balanced_future_reference,715
Все категории,balanced_future_reference,716
Все категории,balanced_future_reference,717
Все категории,balanced_future_reference,718
Все категории,balanced_future_reference,719
Все категории,balanced_future_reference,720
Все категории,balanced_future_reference,721
Все категории,balanced_future_reference,722
Все категории,balanced_future_reference,723
Все категории,balanced_future_reference,725
Все категории,balanced_future_reference,726
Все категории,balanced_future_reference,727
Все категории,balanced_future_reference,731
Все категории,balanced_future_reference,734
Все категории,balanced_future_reference,735
Все категории,balanced_future_reference,736
Все категории,balanced_future_reference,737
Все категории,balanced_future_reference,738
Все категории,balanced_future_reference,739
Все категории,balanced_future_reference,741
Все категории,balanced_future_reference,742
Все категории,balanced_future_reference,743
Все категории,balanced_future_reference,744
Все категории,balanced_future_reference,745
Все категории,balanced_future_reference,746
Все категории,balanced_future_reference,747
Все категории,balanced_future_reference,748
Все категории,balanced_future_reference,749
Все категории,balanced_future_reference,751
Все категории,balanced_future_reference,752
Все категории,balanced_future_reference,753
Все категории,balanced_future_reference,754
Все категории,balanced_future_reference,755
Все категории,balanced_future_reference,756
Все категории,balanced_future_reference,757
Все категории,balanced_future_reference,758
Все категории,balanced_future_reference,760
Все категории,balanced_future_reference,761
Все категории,balanced_future_reference,763
Все категории,balanced_future_reference,764
Все категории,balanced_future_reference,765
Все категории,balanced_future_reference,766
Все категории,balanced_future_reference,767
Все категории,balanced_future_reference,769
Все категории,balanced_future_reference,770
Все категории,balanced_future_reference,771
Все категории,balanced_future_reference,773
Все категории,balanced_future_reference,774
Все категории,balanced_future_reference,775
Все категории,balanced_future_reference,776
Все категории,balanced_future_reference,777
Все категории,balanced_future_reference,778
Все категории,balanced_future_reference,779
Все категории,balanced_future_reference,780
Все категории,balanced_future_reference,781
Все категории,balanced_future_reference,782
Все категории,balanced_future_reference,783
Все категории,balanced_future_reference,784
Все категории,balanced_future_reference,785
Все категории,balanced_future_reference,787
Все категории,balanced_future_reference,788
Все категории,balanced_future_reference,789
Все категории,balanced_future_reference,790
Все категории,balanced_future_reference,791
Все категории,balanced_future_reference,792
Все категории,balanced_future_reference,793
Все категории,balanced_future_reference,794
Все категории,balanced_future_reference,795
Все категории,balanced_future_reference,796
Все категории,balanced_future_reference,797
Все категории,balanced_future_reference,798
Все категории,balanced_future_reference,799
Все категории,balanced_future_reference,800
Все категории,balanced_future_reference,801
Все категории,balanced_future_reference,802
Все категории,balanced_future_reference,803
Все категории,balanced_future_reference,804
Все категории,balanced_future_reference,805
Все категории,balanced_future_reference,806
Все категории,balanced_future_reference,807
Все категории,balanced_future_reference,808
Все категории,balanced_future_reference,809
Все категории,balanced_future_reference,810
Все категории,balanced_future_reference,811
Все категории,balanced_future_reference,812
Все категории,balanced_future_reference,813
Все категории,balanced_future_reference,814
Все категории,balanced_future_reference,815
Все категории,balanced_future_reference,817
Все категории,balanced_future_reference,818
Все категории,balanced_future_reference,819
Все категории,balanced_future_reference,820
Все категории,balanced_future_reference,821
Все категории,balanced_future_reference,822
Все категории,balanced_future_reference,823
Все категории,balanced_future_reference,824
Все категории,balanced_future_reference,825
Все категории,balanced_future_reference,826
Все категории,balanced_future_reference,827
Все категории,balanced_future_reference,828
Все категории,balanced_future_reference,829
Все категории,balanced_future_reference,830
Все категории,balanced_future_reference,831
Все категории,balanced_future_reference,832
Все категории,balanced_future_reference,833
Все категории,balanced_future_reference,834
Все категории,balanced_future_reference,835
Все категории,balanced_future_reference,836
Все категории,balanced_future_reference,838
Все категории,balanced_future_reference,839
Все категории,balanced_future_reference,840
Все категории,balanced_future_reference,841
Все категории,balanced_future_reference,842
Все категории,balanced_future_reference,843
Все категории,balanced_future_reference,844
Все категории,balanced_future_reference,846
Все категории,balanced_future_reference,847
Все категории,balanced_future_reference,848
Все категории,balanced_future_reference,849
Все категории,balanced_future_reference,851
Все категории,balanced_future_reference,852
Все категории,balanced_future_reference,853
Все категории,balanced_future_reference,854
Все категории,balanced_future_reference,855
Все категории,balanced_future_reference,856
Все категории,balanced_future_reference,857
Все категории,balanced_future_reference,859
Все категории,balanced_future_reference,860
Все категории,balanced_future_reference,870
Все категории,balanced_future_reference,871
Все категории,balanced_future_reference,872
Все категории,balanced_future_reference,873
Все категории,balanced_future_reference,874
Все категории,balanced_future_reference,875
Все категории,balanced_future_reference,876
Все категории,balanced_future_reference,877
Все категории,balanced_future_reference,878
Все категории,balanced_future_reference,879
Все категории,balanced_future_reference,880
Все категории,balanced_future_reference,881
Все категории,balanced_future_reference,882
Все категории,balanced_future_reference,883
Все категории,balanced_future_reference,884
Все категории,balanced_future_reference,885
Все категории,balanced_future_reference,886
Все категории,balanced_future_reference,888
Все категории,balanced_future_reference,889
Все категории,balanced_future_reference,890
Все категории,balanced_future_reference,891
Все категории,balanced_future_reference,892
Все категории,balanced_future_reference,895
Все категории,balanced_future_reference,896
Все категории,balanced_future_reference,897
Все категории,balanced_future_reference,898
Все категории,balanced_future_reference,899
Все категории,balanced_future_reference,900
Все категории,balanced_future_reference,901
Все категории,balanced_future_reference,902
Все категории,balanced_future_reference,903
Все категории,balanced_future_reference,904
Все категории,balanced_future_reference,905
Все категории,balanced_future_reference,907
Все категории,balanced_future_reference,908
Все категории,balanced_future_reference,909
Все категории,balanced_future_reference,911
Все категории,balanced_future_reference,912
Все категории,balanced_future_reference,913
Все категории,balanced_future_reference,914
Все категории,balanced_future_reference,915
Все категории,balanced_future_reference,916
Все категории,balanced_future_reference,917
Все категории,balanced_future_reference,918
Все категории,balanced_future_reference,920
Все категории,balanced_future_reference,922
Все категории,balanced_future_reference,923
Все категории,balanced_future_reference,924
Все категории,balanced_future_reference,925
Все категории,balanced_future_reference,926
Все категории,balanced_future_reference,927
Все категории,balanced_future_reference,928
Все категории,balanced_future_reference,929
Все категории,balanced_future_reference,930
Все категории,balanced_future_reference,986
Все категории,balanced_future_reference,987
Все категории,balanced_future_reference,988
Все категории,balanced_future_reference,989
Все категории,balanced_future_reference,991
Все категории,balanced_future_reference,992
Все категории,balanced_future_reference,993
Все категории,balanced_future_reference,994
Все категории,balanced_future_reference,995
Все категории,balanced_future_reference,996
Все категории,balanced_future_reference,998
Все категории,balanced_future_reference,999
Все категории,balanced_future_reference,1001
Все категории,balanced_future_reference,1002
Все категории,balanced_future_reference,1003
Все категории,balanced_future_reference,1004
Все категории,balanced_future_reference,1005
Все категории,balanced_future_reference,1006
Все категории,balanced_future_reference,1007
Все категории,balanced_future_reference,1008
Все категории,balanced_future_reference,1009
Все категории,balanced_future_reference,1010
Все категории,balanced_future_reference,1011
Все категории,balanced_future_reference,1012
Все категории,balanced_future_reference,1013
Все категории,balanced_future_reference,1014
Все категории,balanced_future_reference,1015
Все категории,balanced_future_reference,1016
Все категории,balanced_future_reference,1017
Все категории,balanced_future_reference,1018
Все категории,balanced_future_reference,1019
Все категории,balanced_future_reference,1020
Все категории,balanced_future_reference,1021
Все категории,balanced_future_reference,1023
Все категории,balanced_future_reference,1024
Все категории,balanced_future_reference,1025
Все категории,balanced_future_reference,1026
Все категории,balanced_future_reference,1027
Все категории,balanced_future_reference,1028
Все категории,balanced_future_reference,1029
Все категории,balanced_future_reference,1030
Все категории,balanced_future_reference,1031
Все категории,balanced_future_reference,1032
Все категории,balanced_future_reference,1033
Все категории,balanced_future_reference,1034
Все категории,balanced_future_reference,1035
Все категории,balanced_future_reference,1036
Все категории,balanced_future_reference,1037
Все категории,balanced_future_reference,1038
Все категории,balanced_future_reference,1039
Все категории,balanced_future_reference,1040
Все категории,balanced_future_reference,1041
Все категории,balanced_future_reference,1044
Все категории,balanced_future_reference,1047
Все категории,balanced_future_reference,1048
Все категории,balanced_future_reference,1049
Все категории,balanced_future_reference,1051
Все категории,balanced_future_reference,1052
Все категории,balanced_future_reference,1053
Все категории,balanced_future_reference,1054
Все категории,balanced_future_reference,1055
Все категории,balanced_future_reference,1056
Все категории,balanced_future_reference,1057
Все категории,balanced_future_reference,1058
Все категории,balanced_future_reference,1059
Все категории,balanced_future_reference,1060
Все категории,balanced_future_reference,1061
Все категории,balanced_future_reference,1062
Все категории,balanced_future_reference,1063
Все категории,balanced_future_reference,1064
Все категории,balanced_future_reference,1065
Все категории,balanced_future_reference,1066
Все категории,balanced_future_reference,1067
Все категории,balanced_future_reference,1068
Все категории,balanced_future_reference,1069
Все категории,balanced_future_reference,1070
Все категории,balanced_future_reference,1071
Все категории,balanced_future_reference,1072
Все категории,balanced_future_reference,1107
Все категории,balanced_future_reference,1108
Все категории,balanced_future_reference,1109
Все категории,balanced_future_reference,1110
Все категории,balanced_future_reference,1111
Все категории,balanced_future_reference,1112
Все категории,balanced_future_reference,1113
Все категории,balanced_future_reference,1115
Все категории,balanced_future_reference,1116
Все категории,balanced_future_reference,1117
Все категории,balanced_future_reference,1118
Все категории,balanced_future_reference,1119
Все категории,balanced_future_reference,1120
Все категории,balanced_future_reference,1121
Все категории,balanced_future_reference,1122
Все категории,balanced_future_reference,1123
Все категории,balanced_future_reference,1124
Все категории,balanced_future_reference,1125
Все категории,balanced_future_reference,1126
Все категории,balanced_future_reference,1127
Все категории,balanced_future_reference,1128
Все категории,balanced_future_reference,1129
Все категории,balanced_future_reference,1130
Все категории,balanced_future_reference,1131
Все категории,balanced_future_reference,1132
Все категории,balanced_future_reference,1133
Все категории,balanced_future_reference,1134
Все категории,balanced_future_reference,1135
Все категории,balanced_future_reference,1136
Все категории,balanced_future_reference,1137
Все категории,balanced_future_reference,1138
Все категории,balanced_future_reference,1139
Все категории,balanced_future_reference,1140
Все категории,balanced_future_reference,1141
Все категории,balanced_future_reference,1142
Все категории,balanced_future_reference,1143
Все категории,balanced_future_reference,1144
Все категории,balanced_future_reference,1146
Все категории,balanced_future_reference,1147
Все категории,balanced_future_reference,1148
Все категории,balanced_future_reference,1149
Все категории,balanced_future_reference,1150
Все категории,balanced_future_reference,1151
Все категории,balanced_future_reference,1152
Все категории,balanced_future_reference,1153
Все категории,balanced_future_reference,1154
Все категории,balanced_future_reference,1155
Все категории,balanced_future_reference,1157
Все категории,balanced_future_reference,1158
Все категории,balanced_future_reference,1159
Все категории,balanced_future_reference,1160
Все категории,balanced_future_reference,1161
Все категории,balanced_future_reference,1163
Все категории,balanced_future_reference,1164
Все категории,balanced_future_reference,1165
Все категории,balanced_future_reference,1166
Все категории,balanced_future_reference,1167
Все категории,balanced_future_reference,1168
Все категории,balanced_future_reference,1169
Все категории,balanced_future_reference,1170
Все категории,balanced_future_reference,1171
Все категории,balanced_future_reference,1172
Все категории,balanced_future_reference,1173
Все категории,balanced_future_reference,1174
Все категории,balanced_future_reference,1175
Все категории,balanced_future_reference,1176
Все категории,balanced_future_reference,1178
Все категории,balanced_future_reference,1179
Все категории,balanced_future_reference,1180
Все категории,balanced_future_reference,1181
Все категории,balanced_future_reference,1184
Все категории,balanced_future_reference,1185
Все категории,balanced_future_reference,1186
Все категории,balanced_future_reference,1187
Все категории,balanced_future_reference,1188
Все категории,balanced_future_reference,1189
Все категории,balanced_future_reference,1190
Все категории,balanced_future_reference,1191
Все категории,balanced_future_reference,1192
Все категории,balanced_future_reference,1193
Все категории,balanced_future_reference,1194
Все категории,balanced_future_reference,1195
Все категории,balanced_future_reference,1196
Все категории,balanced_future_reference,1197
Все категории,balanced_future_reference,1198
Все категории,balanced_future_reference,1200
Все категории,balanced_future_reference,1201
Все категории,balanced_future_reference,1203
Все категории,balanced_future_reference,1204
Все категории,balanced_future_reference,1205
Все категории,balanced_future_reference,1206
Все категории,balanced_future_reference,1207
Все категории,balanced_future_reference,1208
Все категории,balanced_future_reference,1209
Все категории,balanced_future_reference,1210
Все категории,balanced_future_reference,1211
Все категории,balanced_future_reference,1212
Все категории,balanced_future_reference,1213
Все категории,balanced_future_reference,1214
Все категории,balanced_future_reference,1215
Все категории,balanced_future_reference,1217
Все категории,balanced_future_reference,1218
Все категории,balanced_future_reference,1219
Все категории,balanced_future_reference,1220
Все категории,balanced_future_reference,1221
Все категории,balanced_future_reference,1222
Все категории,balanced_future_reference,1223
Все категории,balanced_future_reference,1224
Все категории,balanced_future_reference,1225
Все категории,balanced_future_reference,1226
Все категории,balanced_future_reference,1227
Все категории,balanced_future_reference,1228
Все категории,balanced_future_reference,1229
Все категории,balanced_future_reference,1230
Все категории,balanced_future_reference,1231
Все категории,balanced_future_reference,1232
Все категории,balanced_future_reference,1233
Все категории,balanced_future_reference,1234
Все категории,balanced_future_reference,1235
Все категории,balanced_future_reference,1236
Все категории,balanced_future_reference,1237
Все категории,balanced_future_reference,1238
Все категории,balanced_future_reference,1240
Все категории,balanced_future_reference,1241
Все категории,balanced_future_reference,1242
Все категории,balanced_future_reference,1243
Все категории,balanced_future_reference,1244
Все категории,balanced_future_reference,1246
Все категории,balanced_future_reference,1249
Все категории,balanced_future_reference,1250
Все категории,balanced_future_reference,1251
Все категории,balanced_future_reference,1252
Все категории,balanced_future_reference,1253
Все категории,balanced_future_reference,1254
Все категории,balanced_future_reference,1256
Все категории,balanced_future_reference,1257
Все категории,balanced_future_reference,1258
Все категории,balanced_future_reference,1259
Все категории,balanced_future_reference,1260
Все категории,balanced_future_reference,1261
Все категории,balanced_future_reference,1262
Все категории,balanced_future_reference,1264
Все категории,balanced_future_reference,1265
Все категории,balanced_future_reference,1266
Все категории,balanced_future_reference,1267
Все категории,balanced_future_reference,1268
Все категории,balanced_future_reference,1269
Все категории,balanced_future_reference,1270
Все категории,balanced_future_reference,1271
Все категории,balanced_future_reference,1272
Все категории,balanced_future_reference,1273
Все категории,balanced_future_reference,1274
Все категории,balanced_future_reference,1275
Все категории,balanced_future_reference,1276
Все категории,balanced_future_reference,1277
Все категории,balanced_future_reference,1278
Все категории,balanced_future_reference,1279
Все категории,balanced_future_reference,1280
Все категории,balanced_future_reference,1281
Все категории,balanced_future_reference,1282
Все категории,balanced_future_reference,1284
Все категории,balanced_future_reference,1285
Все категории,balanced_future_reference,1286
Все категории,balanced_future_reference,1287
Все категории,balanced_future_reference,1288
Все категории,balanced_future_reference,1289
Все категории,balanced_future_reference,1290
Все категории,balanced_future_reference,1291
Все категории,balanced_future_reference,1292
Все категории,balanced_future_reference,1293
Все категории,balanced_future_reference,1294
Все категории,balanced_future_reference,1295
Все категории,balanced_future_reference,1296
Все категории,balanced_future_reference,1297
Все категории,balanced_future_reference,1298
Все категории,balanced_future_reference,1299
Все категории,balanced_future_reference,1300
Все категории,balanced_future_reference,1301
Все категории,balanced_future_reference,1302
Все категории,balanced_future_reference,1303
Все категории,balanced_future_reference,1304
Все категории,balanced_future_reference,1305
Все категории,balanced_future_reference,1306
Все категории,balanced_future_reference,1308
Все категории,balanced_future_reference,1309
Все категории,balanced_future_reference,1310
Все категории,balanced_future_reference,1311
Все категории,balanced_future_reference,1312
Все категории,balanced_future_reference,1313
Все категории,balanced_future_reference,1314
Все категории,balanced_future_reference,1315
Все категории,balanced_future_reference,1316
Все категории,balanced_future_reference,1317
Все категории,balanced_future_reference,1319
Все категории,balanced_future_reference,1320
Все категории,balanced_future_reference,1321
Все категории,balanced_future_reference,1322
Все категории,balanced_future_reference,1323
Все категории,balanced_future_reference,1324
Все категории,balanced_future_reference,1325
Все категории,balanced_future_reference,1326
Все категории,balanced_future_reference,1327
Все категории,balanced_future_reference,1328
Все категории,balanced_future_reference,1329
Все категории,balanced_future_reference,1330
Все категории,balanced_future_reference,1331
Все категории,balanced_future_reference,1333
Все категории,balanced_future_reference,1334
Все категории,balanced_future_reference,1335
Все категории,balanced_future_reference,1336
Все категории,balanced_future_reference,1337
Все категории,balanced_future_reference,1338
Все категории,balanced_future_reference,1339
Все категории,balanced_future_reference,1340
Все категории,balanced_future_reference,1341
Все категории,balanced_future_reference,1343
Все категории,balanced_future_reference,1344
Все категории,balanced_future_reference,1345
Все категории,balanced_future_reference,1346
Все категории,balanced_future_reference,1347
Все категории,balanced_future_reference,1348
Все категории,balanced_future_reference,1349
Все категории,balanced_future_reference,1350
Все категории,balanced_future_reference,1351
Все категории,balanced_future_reference,1352
Все категории,balanced_future_reference,1353
Все категории,balanced_future_reference,1355
Все категории,balanced_future_reference,1356
Все категории,balanced_future_reference,1357
Все категории,balanced_future_reference,1358
Все категории,balanced_future_reference,1392
Все категории,balanced_future_reference,1393
Все категории,balanced_future_reference,1394
Все категории,balanced_future_reference,1395
Все категории,balanced_future_reference,1396
Все категории,balanced_future_reference,1397
Все категории,balanced_future_reference,1398
Все категории,balanced_future_reference,1399
Все категории,balanced_future_reference,1400
Все категории,balanced_future_reference,1401
Все категории,balanced_future_reference,1402
Все категории,balanced_future_reference,1403
Все категории,balanced_future_reference,1404
Все категории,balanced_future_reference,1405
Все категории,balanced_future_reference,1406
Все категории,balanced_future_reference,1407
Все категории,balanced_future_reference,1408
Все категории,balanced_future_reference,1409
Все категории,balanced_future_reference,1410
Все категории,balanced_future_reference,1411
Все категории,balanced_future_reference,1412
Все категории,balanced_future_reference,1413
Все категории,balanced_future_reference,1414
Все категории,balanced_future_reference,1415
Все категории,balanced_future_reference,1416
Все категории,balanced_future_reference,1417
Все категории,balanced_future_reference,1419
Все категории,balanced_future_reference,1420
Все категории,balanced_future_reference,1421
Все категории,balanced_future_reference,1422
Все категории,balanced_future_reference,1423
Все категории,balanced_future_reference,1425
Все категории,balanced_future_reference,1426
Все категории,balanced_future_reference,1427
Все категории,balanced_future_reference,1428
Все категории,balanced_future_reference,1429
Все категории,balanced_future_reference,1430
Все категории,balanced_future_reference,1431
Все категории,balanced_future_reference,1438
Все категории,balanced_future_reference,1439
Все категории,balanced_future_reference,1440
Все категории,balanced_future_reference,1443
Все категории,balanced_future_reference,1444
Все категории,balanced_future_reference,1445
Все категории,balanced_future_reference,1446
Все категории,balanced_future_reference,1447
Все категории,balanced_future_reference,1448
Все категории,balanced_future_reference,1449
Все категории,balanced_future_reference,1453
Все категории,balanced_future_reference,1454
Все категории,balanced_future_reference,1456
Все категории,balanced_future_reference,1457
Все категории,balanced_future_reference,1459
Все категории,balanced_future_reference,1461
Все категории,balanced_future_reference,1463
Все категории,balanced_future_reference,1464
Все категории,balanced_future_reference,1465
Все категории,balanced_future_reference,1467
Все категории,balanced_future_reference,1468
Все категории,balanced_future_reference,1472
Все категории,balanced_future_reference,1473
Все категории,balanced_future_reference,1474
Все категории,balanced_future_reference,1475
Все категории,balanced_future_reference,1477
Все категории,balanced_future_reference,1478
Все категории,balanced_future_reference,1480
Все категории,balanced_future_reference,1481
Все категории,balanced_future_reference,1483
Все категории,balanced_future_reference,1484
Все категории,balanced_future_reference,1486
Все категории,balanced_future_reference,1488
Все категории,balanced_future_reference,1489
Все категории,balanced_future_reference,1490
Все категории,balanced_future_reference,1491
Все категории,balanced_future_reference,1492
Все категории,balanced_future_reference,1493
Все категории,balanced_future_reference,1494
Все категории,balanced_future_reference,1495
Все категории,balanced_future_reference,1496
Все категории,balanced_future_reference,1500
Все категории,balanced_future_reference,1501
Все категории,balanced_future_reference,1504
Все категории,balanced_future_reference,1506
Все категории,balanced_future_reference,1507
Все категории,balanced_future_reference,1508
Все категории,balanced_future_reference,1509
Все категории,balanced_future_reference,1510
Все категории,balanced_future_reference,1511
Все категории,balanced_future_reference,1512
Все категории,balanced_future_reference,1518
Все категории,balanced_future_reference,1519
Все категории,balanced_future_reference,1520
Все категории,balanced_future_reference,1521
Все категории,balanced_future_reference,1522
Все категории,balanced_future_reference,1523
Все категории,balanced_future_reference,1525
Все категории,balanced_future_reference,1526
Все категории,balanced_future_reference,1527
Все категории,balanced_future_reference,1528
Все категории,balanced_future_reference,1529
Все категории,balanced_future_reference,1530
Все категории,balanced_future_reference,1532
Все категории,balanced_future_reference,1533
Все категории,balanced_future_reference,1534
Все категории,balanced_future_reference,1535
Все категории,balanced_future_reference,1536
Все категории,balanced_future_reference,1537
Все категории,balanced_future_reference,1539
Все категории,balanced_future_reference,1540
Все категории,balanced_future_reference,1541
Все категории,balanced_future_reference,1542
Все категории,balanced_future_reference,1543
Все категории,balanced_future_reference,1544
Все категории,balanced_future_reference,1545
Все категории,balanced_future_reference,1546
Все категории,balanced_future_reference,1547
Все категории,balanced_future_reference,1548
Все категории,balanced_future_reference,1549
Все категории,balanced_future_reference,1550
Все категории,balanced_future_reference,1551
Все категории,balanced_future_reference,1552
Все категории,balanced_future_reference,1553
Все категории,balanced_future_reference,1554
Все категории,balanced_future_reference,1555
Все категории,balanced_future_reference,1556
Все категории,balanced_future_reference,1557
Все категории,balanced_future_reference,1558
Все категории,balanced_future_reference,1559
Все категории,balanced_future_reference,1560
Все категории,balanced_future_reference,1561
Все категории,balanced_future_reference,1562
Все категории,balanced_future_reference,1563
Все категории,balanced_future_reference,1564
Все категории,balanced_future_reference,1565
Все категории,balanced_future_reference,1566
Все категории,balanced_future_reference,1567
Все категории,balanced_future_reference,1568
Все категории,balanced_future_reference,1569
Все категории,balanced_future_reference,1570
Все категории,balanced_future_reference,1571
Все категории,balanced_future_reference,1572
Все категории,balanced_future_reference,1573
Все категории,balanced_future_reference,1574
Все категории,balanced_future_reference,1575
Все категории,balanced_future_reference,1577
Все категории,balanced_future_reference,1578
Все категории,balanced_future_reference,1579
Все категории,balanced_future_reference,1580
Все категории,balanced_future_reference,1581
Все категории,balanced_future_reference,1582
Все категории,balanced_future_reference,1583
Все категории,balanced_future_reference,1584
Все категории,balanced_future_reference,1585
Все категории,balanced_future_reference,1586
Все категории,balanced_future_reference,1587
Все категории,balanced_future_reference,1588
Все категории,balanced_future_reference,1589
Все категории,balanced_future_reference,1590
Все категории,balanced_future_reference,1591
Все категории,balanced_future_reference,1592
Все категории,balanced_future_reference,1593
Все категории,balanced_future_reference,1594
Все категории,balanced_future_reference,1595
Все категории,balanced_future_reference,1596
Все категории,balanced_future_reference,1597
Все категории,balanced_future_reference,1598
Все категории,balanced_future_reference,1599
Все категории,balanced_future_reference,1600
Все категории,balanced_future_reference,1601
Все категории,balanced_future_reference,1602
Все категории,balanced_future_reference,1603
Все категории,balanced_future_reference,1604
Все категории,balanced_future_reference,1605
Все категории,balanced_future_reference,1606
Все категории,balanced_future_reference,1607
Все категории,balanced_future_reference,1608
Все категории,balanced_future_reference,1609
Все категории,balanced_future_reference,1610
Все категории,balanced_future_reference,1611
Все категории,balanced_future_reference,1612
Все категории,balanced_future_reference,1613
Все категории,balanced_future_reference,1614
Все категории,balanced_future_reference,1615
Все категории,balanced_future_reference,1616
Все категории,balanced_future_reference,1617
Все категории,balanced_future_reference,1618
Все категории,balanced_future_reference,1619
Все категории,balanced_future_reference,1620
Все категории,balanced_future_reference,1621
Все категории,balanced_future_reference,1622
Все категории,balanced_future_reference,1623
Все категории,balanced_future_reference,1624
Все категории,balanced_future_reference,1625
Все категории,balanced_future_reference,1626
Все категории,balanced_future_reference,1627
Все категории,balanced_future_reference,1628
Все категории,balanced_future_reference,1629
Все категории,balanced_future_reference,1630
Все категории,balanced_future_reference,1631
Все категории,balanced_future_reference,1632
Все категории,balanced_future_reference,1633
Все категории,balanced_future_reference,1634
Все категории,balanced_future_reference,1635
Все категории,balanced_future_reference,1636
Все категории,balanced_future_reference,1637
Все категории,balanced_future_reference,1638
Все категории,balanced_future_reference,1639
Все категории,balanced_future_reference,1640
Все категории,balanced_future_reference,1641
Все категории,balanced_future_reference,1642
Все категории,balanced_future_reference,1643
Все категории,balanced_future_reference,1644
Все категории,balanced_future_reference,1645
Все категории,balanced_future_reference,1646
Все категории,balanced_future_reference,1647
Все категории,balanced_future_reference,1648
Все категории,balanced_future_reference,1649
Все категории,balanced_future_reference,1650
Все категории,balanced_future_reference,1651
Все категории,balanced_future_reference,1652
Все категории,balanced_future_reference,1653
Все категории,balanced_future_reference,1654
Все категории,balanced_future_reference,1655
Все категории,balanced_future_reference,1656
Все категории,balanced_future_reference,1657
Все категории,balanced_future_reference,1658
Все категории,balanced_future_reference,1659
Все категории,balanced_future_reference,1660
Все категории,balanced_future_reference,1661
Все категории,balanced_future_reference,1662
Все категории,balanced_future_reference,1663
Все категории,balanced_future_reference,1664
Все категории,balanced_future_reference,1665
Все категории,balanced_future_reference,1666
Все категории,balanced_future_reference,1667
Все категории,balanced_future_reference,1668
Все категории,balanced_future_reference,1669
Все категории,balanced_future_reference,1670
Все категории,balanced_future_reference,1671
Все категории,balanced_future_reference,1672
Все категории,balanced_future_reference,1673
Все категории,balanced_future_reference,1674
Все категории,balanced_future_reference,1675
Все категории,balanced_future_reference,1676
Все категории,balanced_future_reference,1678
Все категории,balanced_future_reference,1679
Все категории,balanced_future_reference,1680
Все категории,balanced_future_reference,1681
Все категории,balanced_future_reference,1682
Все категории,balanced_future_reference,1683
Все категории,balanced_future_reference,1685
Все категории,balanced_future_reference,1686
Все категории,balanced_future_reference,1687
Все категории,balanced_future_reference,1688
Все категории,balanced_future_reference,1689
Все категории,balanced_future_reference,1690
Все категории,balanced_future_reference,1691
Все категории,balanced_future_reference,1692
Все категории,balanced_future_reference,1693
Все категории,balanced_future_reference,1694
Все категории,balanced_future_reference,1696
Все категории,balanced_future_reference,1697
Все категории,balanced_future_reference,1698
Все категории,balanced_future_reference,1699
Все категории,balanced_future_reference,1700
Все категории,balanced_future_reference,1701
Все категории,balanced_future_reference,1702
Все категории,balanced_future_reference,1703
Все категории,balanced_future_reference,1704
Все категории,balanced_future_reference,1705
Все категории,balanced_future_reference,1706
Все категории,balanced_future_reference,1707
Все категории,balanced_future_reference,1708
Все категории,balanced_future_reference,1709
Все категории,balanced_future_reference,1710
Все категории,balanced_future_reference,1711
Все категории,balanced_future_reference,1712
Все категории,balanced_future_reference,1714
Все категории,balanced_future_reference,1715
Все категории,balanced_future_reference,1717
Все категории,balanced_future_reference,1718
Все категории,balanced_future_reference,1719
Все категории,balanced_future_reference,1722
Все категории,balanced_future_reference,1724
Все категории,balanced_future_reference,1725
Все категории,balanced_future_reference,1726
Все категории,balanced_future_reference,1727
Все категории,balanced_future_reference,1728
Все категории,balanced_future_reference,1730
Все категории,balanced_future_reference,1731
Все категории,balanced_future_reference,1732
Все категории,balanced_future_reference,1733
Все категории,balanced_future_reference,1737
Все категории,balanced_future_reference,1738
Все категории,balanced_future_reference,1739
Все категории,balanced_future_reference,1740
Все категории,balanced_future_reference,1741
Все категории,balanced_future_reference,1742
Все категории,balanced_future_reference,1743
Все категории,balanced_future_reference,1744
Все категории,balanced_future_reference,1745
Все категории,balanced_future_reference,1746
Все категории,balanced_future_reference,1747
Все категории,balanced_future_reference,1749
Все категории,balanced_future_reference,1750
Все категории,balanced_future_reference,1751
Все категории,balanced_future_reference,1752
Все категории,balanced_future_reference,1753
Все категории,balanced_future_reference,1754
Все категории,balanced_future_reference,1755
Все категории,balanced_future_reference,1756
Все категории,balanced_future_reference,1757
Все категории,balanced_future_reference,1758
Все категории,balanced_future_reference,1759
Все категории,balanced_future_reference,1760
Все категории,balanced_future_reference,1761
Все категории,balanced_future_reference,1762
Все категории,balanced_future_reference,1764
Все категории,balanced_future_reference,1765
Все категории,balanced_future_reference,1766
Все категории,balanced_future_reference,1768
Все категории,balanced_future_reference,1769
Все категории,balanced_future_reference,1770
Все категории,balanced_future_reference,1771
Все категории,balanced_future_reference,1773
Все категории,balanced_future_reference,1774
Все категории,balanced_future_reference,1775
Все категории,balanced_future_reference,1776
Все категории,balanced_future_reference,1777
Все категории,balanced_future_reference,1778
Все категории,balanced_future_reference,1780
Все категории,balanced_future_reference,1781
Все категории,balanced_future_reference,1782
Все категории,balanced_future_reference,1783
Все категории,balanced_future_reference,1784
Все категории,balanced_future_reference,1785
Все категории,balanced_future_reference,1786
Все категории,balanced_future_reference,1787
Все категории,balanced_future_reference,1788
Все категории,balanced_future_reference,1845
Все категории,balanced_future_reference,1846
Все категории,balanced_future_reference,1848
Все категории,balanced_future_reference,1849
Все категории,balanced_future_reference,1850
Все категории,balanced_future_reference,1851
Все категории,balanced_future_reference,1852
Все категории,balanced_future_reference,1853
Все категории,balanced_future_reference,1854
Все категории,balanced_future_reference,1855
Все категории,balanced_future_reference,1856
Все категории,balanced_future_reference,1857
Все категории,balanced_future_reference,1858
Все категории,balanced_future_reference,1859
Все категории,balanced_future_reference,1860
Все категории,balanced_future_reference,1861
Все категории,balanced_future_reference,1862
Все категории,balanced_future_reference,1863
Все категории,balanced_future_reference,1864
Все категории,balanced_future_reference,1865
Все категории,balanced_future_reference,1868
Все категории,balanced_future_reference,1869
Все категории,balanced_future_reference,1870
Все категории,balanced_future_reference,1871
Все категории,balanced_future_reference,1872
Все категории,balanced_future_reference,1873
Все категории,balanced_future_reference,1874
Все категории,balanced_future_reference,1875
Все категории,balanced_future_reference,1876
Все категории,balanced_future_reference,1877
Все категории,balanced_future_reference,1878
Все категории,balanced_future_reference,1879
Все категории,balanced_future_reference,1880
Все категории,balanced_future_reference,1881
Все категории,balanced_future_reference,1883
Все категории,balanced_future_reference,1884
Все категории,balanced_future_reference,1885
Все категории,balanced_future_reference,1886
Все категории,balanced_future_reference,1887
Все категории,balanced_future_reference,1888
Все категории,balanced_future_reference,1889
Все категории,balanced_future_reference,1890
Все категории,balanced_future_reference,1891
Все категории,balanced_future_reference,1892
Все категории,balanced_future_reference,1893
Все категории,balanced_future_reference,1894
Все категории,balanced_future_reference,1895
Все категории,balanced_future_reference,1896
Все категории,balanced_future_reference,1897
Все категории,balanced_future_reference,1898
Все категории,balanced_future_reference,1899
Все категории,balanced_future_reference,1900
Все категории,balanced_future_reference,1901
Все категории,balanced_future_reference,1902
Все категории,balanced_future_reference,1903
Все категории,balanced_future_reference,1904
Все категории,balanced_future_reference,1905
Все категории,balanced_future_reference,1906
Все категории,balanced_future_reference,1907
Все категории,balanced_future_reference,1908
Все категории,balanced_future_reference,1909
Все категории,balanced_future_reference,1910
Все категории,balanced_future_reference,1912
Все категории,balanced_future_reference,1915
Все категории,balanced_future_reference,1916
Все категории,balanced_future_reference,1917
Все категории,balanced_future_reference,1918
Все категории,balanced_future_reference,1919
Все категории,balanced_future_reference,1920
Все категории,balanced_future_reference,1921
Все категории,balanced_future_reference,1922
Все категории,balanced_future_reference,1923
Все категории,balanced_future_reference,1924
Все категории,balanced_future_reference,1925
Все категории,balanced_future_reference,1926
Все категории,balanced_future_reference,1927
Все категории,balanced_future_reference,1928
Все категории,balanced_future_reference,1929
Все категории,balanced_future_reference,1930
Все категории,balanced_future_reference,1931
Все категории,balanced_future_reference,1932
Все категории,balanced_future_reference,1933
Все категории,balanced_future_reference,1934
Все категории,balanced_future_reference,1935
Все категории,balanced_future_reference,1936
Все категории,balanced_future_reference,1937
Все категории,balanced_future_reference,1938
Все категории,balanced_future_reference,1939
Все категории,balanced_future_reference,1940
Все категории,balanced_future_reference,1941
Все категории,balanced_future_reference,1942
Все категории,balanced_future_reference,1943
Все категории,balanced_future_reference,1944
Все категории,balanced_future_reference,1945
Все категории,balanced_future_reference,1947
Все категории,balanced_future_reference,1948
Все категории,balanced_future_reference,1949
Все категории,balanced_future_reference,1950
Все категории,balanced_future_reference,1951
Все категории,balanced_future_reference,1952
Все категории,balanced_future_reference,1954
Все категории,balanced_future_reference,1955
Все категории,balanced_future_reference,1956
Все категории,balanced_future_reference,1957
Все категории,balanced_future_reference,1958
Все категории,balanced_future_reference,1959
Все категории,balanced_future_reference,1960
Все категории,balanced_future_reference,1961
Все категории,balanced_future_reference,1962
Все категории,balanced_future_reference,1963
Все категории,balanced_future_reference,1965
Все категории,balanced_future_reference,1966
Все категории,balanced_future_reference,1967
Все категории,balanced_future_reference,1968
Все категории,balanced_future_reference,1969
Все категории,balanced_future_reference,1970
Все категории,balanced_future_reference,1971
Все категории,balanced_future_reference,1972
Все категории,balanced_future_reference,1973
Все категории,balanced_future_reference,1974
Все категории,balanced_future_reference,1975
Все категории,balanced_future_reference,1976
Все категории,balanced_future_reference,1977
Все категории,balanced_future_reference,1978
Все категории,balanced_future_reference,1979
Все категории,balanced_future_reference,1980
Все категории,balanced_future_reference,1981
Все категории,balanced_future_reference,1982
Все категории,balanced_future_reference,1983
Все категории,balanced_future_reference,1984
Все категории,balanced_future_reference,1985
Все категории,balanced_future_reference,1986
Все категории,balanced_future_reference,1987
Все категории,balanced_future_reference,1988
Все категории,balanced_future_reference,1989
Все категории,balanced_future_reference,1990
Все категории,balanced_future_reference,1991
Все категории,balanced_future_reference,1992
Все категории,balanced_future_reference,1993
Все категории,balanced_future_reference,1994
Все категории,balanced_future_reference,1995
Все категории,balanced_future_reference,1996
Все категории,balanced_future_reference,1997
Все категории,balanced_future_reference,1999
Все категории,balanced_future_reference,2000
Все категории,balanced_future_reference,2001
Все категории,balanced_future_reference,2002
Все категории,balanced_future_reference,2004
Все категории,balanced_future_reference,2005
Все категории,balanced_future_reference,2006
Все категории,balanced_future_reference,2007
Все категории,balanced_future_reference,2008
Все категории,balanced_future_reference,2009
Все категории,balanced_future_reference,2010
Все категории,balanced_future_reference,2011
Все категории,balanced_future_reference,2012
Все категории,balanced_future_reference,2015
Все категории,balanced_future_reference,2017
Все категории,balanced_future_reference,2018
Все категории,balanced_future_reference,2019
Все категории,balanced_future_reference,2021
Все категории,balanced_future_reference,2022
Все категории,balanced_future_reference,2023
Все категории,balanced_future_reference,2024
Все категории,balanced_future_reference,2025
Все категории,balanced_future_reference,2027
Все категории,balanced_future_reference,2028
Все категории,balanced_future_reference,2030
Все категории,balanced_future_reference,2031
Все категории,balanced_future_reference,2032
Все категории,balanced_future_reference,2033
Все категории,balanced_future_reference,2034
Все категории,balanced_future_reference,2035
Все категории,balanced_future_reference,2036
Все категории,balanced_future_reference,2037
Все категории,balanced_future_reference,2039
Все категории,balanced_future_reference,2040
Все категории,balanced_future_reference,2041
Все категории,balanced_future_reference,2042
Все категории,balanced_future_reference,2043
Все категории,balanced_future_reference,2044
Все категории,balanced_future_reference,2045
Все категории,balanced_future_reference,2046
Все категории,balanced_future_reference,2047
Все категории,balanced_future_reference,2048
Все категории,balanced_future_reference,2049
Все категории,balanced_future_reference,2050
Все категории,balanced_future_reference,2051
Все категории,balanced_future_reference,2052
Все категории,balanced_future_reference,2053
Все категории,balanced_future_reference,2054
Все категории,balanced_future_reference,2055
Все категории,balanced_future_reference,2056
Все категории,balanced_future_reference,2057
Все категории,balanced_future_reference,2058
Все категории,balanced_future_reference,2059
Все категории,balanced_future_reference,2060
Все категории,balanced_future_reference,2061
Все категории,balanced_future_reference,2062
Все категории,balanced_future_reference,2063
Все категории,balanced_future_reference,2064
Все категории,balanced_future_reference,2065
Все категории,balanced_future_reference,2066
Все категории,balanced_future_reference,2067
Все категории,balanced_future_reference,2068
Все категории,balanced_future_reference,2069
Все категории,balanced_future_reference,2070
Все категории,balanced_future_reference,2072
Все категории,balanced_future_reference,2073
Все категории,balanced_future_reference,2074
Все категории,balanced_future_reference,2075
Все категории,balanced_future_reference,2076
Все категории,balanced_future_reference,2077
Все категории,balanced_future_reference,2078
Все категории,balanced_future_reference,2079
Все категории,balanced_future_reference,2080
Все категории,balanced_future_reference,2081
Все категории,balanced_future_reference,2082
Все категории,balanced_future_reference,2085
Все категории,balanced_future_reference,2087
Все категории,balanced_future_reference,2088
Все категории,balanced_future_reference,2089
Все категории,balanced_future_reference,2090
Все категории,balanced_future_reference,2091
Все категории,balanced_future_reference,2093
Все категории,balanced_future_reference,2094
Все категории,balanced_future_reference,2095
Все категории,balanced_future_reference,2096
Все категории,balanced_future_reference,2098
Все категории,balanced_future_reference,2100
Все категории,balanced_future_reference,2101
Все категории,balanced_future_reference,2105
Все категории,balanced_future_reference,2108
Все категории,balanced_future_reference,2109
Все категории,balanced_future_reference,2110
Все категории,balanced_future_reference,2111
Все категории,balanced_future_reference,2112
Все категории,balanced_future_reference,2113
Все категории,balanced_future_reference,2114
Все категории,balanced_future_reference,2116
Все категории,balanced_future_reference,2117
Все категории,balanced_future_reference,2118
Все категории,balanced_future_reference,2119
Все категории,balanced_future_reference,2120
Все категории,balanced_future_reference,2121
Все категории,balanced_future_reference,2122
Все категории,balanced_future_reference,2124
Все категории,balanced_future_reference,2125
Все категории,balanced_future_reference,2126
Все категории,balanced_future_reference,2127
Все категории,balanced_future_reference,2128
Все категории,balanced_future_reference,2129
Все категории,balanced_future_reference,2130
Все категории,balanced_future_reference,2131
Все категории,balanced_future_reference,2132
Все категории,balanced_future_reference,2133
Все категории,balanced_future_reference,2134
Все категории,balanced_future_reference,2136
Все категории,balanced_future_reference,2137
Все категории,balanced_future_reference,2138
Все категории,balanced_future_reference,2139
Все категории,balanced_future_reference,2140
Все категории,balanced_future_reference,2142
Все категории,balanced_future_reference,2143
Все категории,balanced_future_reference,2144
Все категории,balanced_future_reference,2145
Все категории,balanced_future_reference,2146
Все категории,balanced_future_reference,2148
Все категории,balanced_future_reference,2149
Все категории,balanced_future_reference,2150
Все категории,balanced_future_reference,2151
Все категории,balanced_future_reference,2152
Все категории,balanced_future_reference,2153
Все категории,balanced_future_reference,2154
Все категории,balanced_future_reference,2155
Все категории,balanced_future_reference,2156
Все категории,balanced_future_reference,2157
Все категории,balanced_future_reference,2158
Все категории,balanced_future_reference,2159
Все категории,balanced_future_reference,2160
Все категории,balanced_future_reference,2161
Все категории,balanced_future_reference,2162
Все категории,balanced_future_reference,2163
Все категории,balanced_future_reference,2164
Все категории,balanced_future_reference,2165
Все категории,balanced_future_reference,2167
Все категории,balanced_future_reference,2168
Все категории,balanced_future_reference,2169
Все категории,balanced_future_reference,2171
Все категории,balanced_future_reference,2172
Все категории,balanced_future_reference,2173
Все категории,balanced_future_reference,2174
Все категории,balanced_future_reference,2175
Все категории,balanced_future_reference,2176
Все категории,balanced_future_reference,2177
Все категории,balanced_future_reference,2178
Все категории,balanced_future_reference,2179
Все категории,balanced_future_reference,2180
Все категории,balanced_future_reference,2181
Все категории,balanced_future_reference,2182
Все категории,balanced_future_reference,2183
Все категории,balanced_future_reference,2184
Все категории,balanced_future_reference,2185
Все категории,balanced_future_reference,2186
Все категории,balanced_future_reference,2187
Все категории,balanced_future_reference,2188
Все категории,balanced_future_reference,2189
Все категории,balanced_future_reference,2190
Все категории,balanced_future_reference,2191
Все категории,balanced_future_reference,2192
Все категории,balanced_future_reference,2193
Все категории,balanced_future_reference,2194
Все категории,balanced_future_reference,2195
Все категории,balanced_future_reference,2196
Все категории,balanced_future_reference,2197
Все категории,balanced_future_reference,2198
Все категории,balanced_future_reference,2199
Все категории,balanced_future_reference,2200
Все категории,balanced_future_reference,2201
Все категории,balanced_future_reference,2202
Все категории,balanced_future_reference,2203
Все категории,balanced_future_reference,2204
Все категории,balanced_future_reference,2205
Все категории,balanced_future_reference,2206
Все категории,balanced_future_reference,2207
Все категории,balanced_future_reference,2208
Все категории,balanced_future_reference,2210
Все категории,balanced_future_reference,2211
Все категории,balanced_future_reference,2212
Все категории,balanced_future_reference,2213
Все категории,balanced_future_reference,2215
Все категории,balanced_future_reference,2216
Все категории,balanced_future_reference,2217
Все категории,balanced_future_reference,2218
Все категории,balanced_future_reference,2219
Все категории,balanced_future_reference,2220
Все категории,balanced_future_reference,2221
Все категории,balanced_future_reference,2222
Все категории,balanced_future_reference,2223
Все категории,balanced_future_reference,2224
Все категории,balanced_future_reference,2225
Все категории,balanced_future_reference,2226
Все категории,balanced_future_reference,2227
Все категории,balanced_future_reference,2228
Все категории,balanced_future_reference,2229
Все категории,balanced_future_reference,2230
Все категории,balanced_future_reference,2231
Все категории,balanced_future_reference,2232
Все категории,balanced_future_reference,2233
Все категории,balanced_future_reference,2234
Все категории,balanced_future_reference,2235
Все категории,balanced_future_reference,2236
Все категории,balanced_future_reference,2237
Все категории,balanced_future_reference,2238
Все категории,balanced_future_reference,2241
Все категории,balanced_future_reference,2242
Все категории,balanced_future_reference,2243
Все категории,balanced_future_reference,2244
Все категории,balanced_future_reference,2245
Все категории,balanced_future_reference,2248
Все категории,balanced_future_reference,2249
Все категории,balanced_future_reference,2250
Все категории,balanced_future_reference,2251
Все категории,balanced_future_reference,2252
Все категории,balanced_future_reference,2253
Все категории,balanced_future_reference,2254
Все категории,balanced_future_reference,2255
Все категории,balanced_future_reference,2256
Все категории,balanced_future_reference,2257
Все категории,balanced_future_reference,2258
Все категории,balanced_future_reference,2259
Все категории,balanced_future_reference,2260
Все категории,balanced_future_reference,2262
Все категории,balanced_future_reference,2264
Все категории,balanced_future_reference,2265
Все категории,balanced_future_reference,2266
Все категории,balanced_future_reference,2267
Все категории,balanced_future_reference,2268
Все категории,balanced_future_reference,2269
Все категории,balanced_future_reference,2270
Все категории,balanced_future_reference,2271
Все категории,balanced_future_reference,2272
Все категории,balanced_future_reference,2274
Все категории,balanced_future_reference,2275
Все категории,balanced_future_reference,2276
Все категории,balanced_future_reference,2278
Все категории,balanced_future_reference,2279
Все категории,balanced_future_reference,2280
Все категории,balanced_future_reference,2281
Все категории,balanced_future_reference,2282
Все категории,balanced_future_reference,2286
Все категории,balanced_future_reference,2287
Все категории,balanced_future_reference,2288
Все категории,balanced_future_reference,2289
Все категории,balanced_future_reference,2292
Все категории,balanced_future_reference,2293
Все категории,balanced_future_reference,2294
Все категории,balanced_future_reference,2295
Все категории,balanced_future_reference,2296
Все категории,balanced_future_reference,2297
Все категории,balanced_future_reference,2298
Все категории,balanced_future_reference,2299
Все категории,balanced_future_reference,2300
Все категории,balanced_future_reference,2301
Все категории,balanced_future_reference,2302
Все категории,balanced_future_reference,2303
Все категории,balanced_future_reference,2304
Все категории,balanced_future_reference,2305
Все категории,balanced_future_reference,2307
Все категории,balanced_future_reference,2308
Все категории,balanced_future_reference,2309
Все категории,balanced_future_reference,2310
Все категории,balanced_future_reference,2311
Все категории,balanced_future_reference,2312
Все категории,balanced_future_reference,2314
Все категории,balanced_future_reference,2315
Все категории,balanced_future_reference,2316
Все категории,balanced_future_reference,2317
Все категории,balanced_future_reference,2318
Все категории,balanced_future_reference,2320
Все категории,balanced_future_reference,2321
Все категории,balanced_future_reference,2322
Все категории,balanced_future_reference,2323
Все категории,balanced_future_reference,2324
Все категории,balanced_future_reference,2325
Все категории,balanced_future_reference,2326
Все категории,balanced_future_reference,2327
Все категории,balanced_future_reference,2328
Все категории,balanced_future_reference,2329
Все категории,balanced_future_reference,2330
Все категории,balanced_future_reference,2332
Все категории,balanced_future_reference,2333
Все категории,balanced_future_reference,2334
Все категории,balanced_future_reference,2335
Все категории,balanced_future_reference,2336
Все категории,balanced_future_reference,2337
Все категории,balanced_future_reference,2338
Все категории,balanced_future_reference,2339
Все категории,balanced_future_reference,2340
Все категории,balanced_future_reference,2341
Все категории,balanced_future_reference,2342
Все категории,balanced_future_reference,2343
Все категории,balanced_future_reference,2344
Все категории,balanced_future_reference,2345
Все категории,balanced_future_reference,2348
Все категории,balanced_future_reference,2349
Все категории,balanced_future_reference,2351
Все категории,balanced_future_reference,2352
Все категории,balanced_future_reference,2353
Все категории,balanced_future_reference,2354
Все категории,balanced_future_reference,2355
Все категории,balanced_future_reference,2356
Все категории,balanced_future_reference,2357
Все категории,balanced_future_reference,2358
Все категории,balanced_future_reference,2359
Все категории,balanced_future_reference,2360
Все категории,balanced_future_reference,2361
Все категории,balanced_future_reference,2362
Все категории,balanced_future_reference,2363
Все категории,balanced_future_reference,2364
Все категории,balanced_future_reference,2365
Все категории,balanced_future_reference,2366
Все категории,balanced_future_reference,2367
Все категории,balanced_future_reference,2368
Все категории,balanced_future_reference,2369
Все категории,balanced_future_reference,2370
Все категории,balanced_future_reference,2371
Все категории,balanced_future_reference,2372
Все категории,balanced_future_reference,2373
Все категории,balanced_future_reference,2374
Все категории,balanced_future_reference,2375
Все категории,balanced_future_reference,2376
Все категории,balanced_future_reference,2377
Все категории,balanced_future_reference,2378
Все категории,balanced_future_reference,2379
Все категории,balanced_future_reference,2380
Все категории,balanced_future_reference,2381
Все категории,balanced_future_reference,2382
Все категории,balanced_future_reference,2383
Все категории,balanced_future_reference,2384
Все категории,balanced_future_reference,2385
Все категории,balanced_future_reference,2386
Все категории,balanced_future_reference,2387
Все категории,balanced_future_reference,2388
Все категории,balanced_future_reference,2389
Все категории,balanced_future_reference,2390
Все категории,balanced_future_reference,2391
Все категории,balanced_future_reference,2392
Все категории,balanced_future_reference,2393
Все категории,balanced_future_reference,2395
Все категории,balanced_future_reference,2398
Все категории,balanced_future_reference,2399
Все категории,balanced_future_reference,2400
Все категории,balanced_future_reference,2401
Все категории,balanced_future_reference,2402
Все категории,balanced_future_reference,2403
Все категории,balanced_future_reference,2404
Все категории,balanced_future_reference,2405
Все категории,balanced_future_reference,2406
Все категории,balanced_future_reference,2407
Все категории,balanced_future_reference,2408
Все категории,balanced_future_reference,2409
Все категории,balanced_future_reference,2410
Все категории,balanced_future_reference,2411
Все категории,balanced_future_reference,2412
Все категории,balanced_future_reference,2416
Все категории,balanced_future_reference,2422
Все категории,balanced_future_reference,2423
Все категории,balanced_future_reference,2424
Все категории,balanced_future_reference,2425
Все категории,balanced_future_reference,2426
Все категории,balanced_future_reference,2427
Все категории,balanced_future_reference,2428
Все категории,balanced_future_reference,2429
Все категории,balanced_future_reference,2430
Все категории,balanced_future_reference,2431
Все категории,balanced_future_reference,2432
Все категории,balanced_future_reference,2433
Все категории,balanced_future_reference,2434
Все категории,balanced_future_reference,2435
Все категории,balanced_future_reference,2436
Все категории,balanced_future_reference,2437
Все категории,balanced_future_reference,2439
Все категории,balanced_future_reference,2440
Все категории,balanced_future_reference,2441
Все категории,balanced_future_reference,2442
Все категории,balanced_future_reference,2443
Все категории,balanced_future_reference,2444
Все категории,balanced_future_reference,2445
Все категории,balanced_future_reference,2446
Все категории,balanced_future_reference,2447
Все категории,balanced_future_reference,2449
Все категории,balanced_future_reference,2450
Все категории,balanced_future_reference,2451
Все категории,balanced_future_reference,2452
Все категории,balanced_future_reference,2453
Все категории,balanced_future_reference,2454
Все категории,balanced_future_reference,2455
Все категории,balanced_future_reference,2456
Все категории,balanced_future_reference,2457
Все категории,balanced_future_reference,2458
Все категории,balanced_future_reference,2459
Все категории,balanced_future_reference,2460
Все категории,balanced_future_reference,2461
Все категории,balanced_future_reference,2462
Все категории,balanced_future_reference,2463
Все категории,balanced_future_reference,2464
Все категории,balanced_future_reference,2465
Все категории,balanced_future_reference,2466
Все категории,balanced_future_reference,2467
Все категории,balanced_future_reference,2468
Все категории,balanced_future_reference,2469
Все категории,balanced_future_reference,2470
Все категории,balanced_future_reference,2471
Все категории,balanced_future_reference,2472
Все категории,balanced_future_reference,2473
Все категории,balanced_future_reference,2474
Все категории,balanced_future_reference,2475
Все категории,balanced_future_reference,2476
Все категории,balanced_future_reference,2477
Все категории,balanced_future_reference,2478
Все категории,balanced_future_reference,2479
Все категории,balanced_future_reference,2480
Все категории,balanced_future_reference,2481
Все категории,balanced_future_reference,2482
Все категории,balanced_future_reference,2483
Все категории,balanced_future_reference,2484
Все категории,balanced_future_reference,2485
Все категории,balanced_future_reference,2486
Все категории,balanced_future_reference,2487
Все категории,balanced_future_reference,2488
Все категории,balanced_future_reference,2489
Все категории,balanced_future_reference,2490
Все категории,balanced_future_reference,2491
Все категории,balanced_future_reference,2492
Все категории,balanced_future_reference,2493
Все категории,balanced_future_reference,2494
Все категории,balanced_future_reference,2495
Все категории,balanced_future_reference,2496
Все категории,balanced_future_reference,2497
Все категории,balanced_future_reference,2498
Все категории,balanced_future_reference,2499
Все категории,balanced_future_reference,2500
Все категории,balanced_future_reference,2501
Все категории,balanced_future_reference,2502
Все категории,balanced_future_reference,2503
Все категории,balanced_future_reference,2504
Все категории,balanced_future_reference,2505
Все категории,balanced_future_reference,2506
Все категории,balanced_future_reference,2507
Все категории,balanced_future_reference,2508
Все категории,balanced_future_reference,2509
Все категории,balanced_future_reference,2510
Все категории,balanced_future_reference,2511
Все категории,balanced_future_reference,2512
Все категории,balanced_future_reference,2513
Все категории,balanced_future_reference,2514
Все категории,balanced_future_reference,2515
Все категории,balanced_future_reference,2516
Все категории,balanced_future_reference,2517
Все категории,balanced_future_reference,2518
Все категории,balanced_future_reference,2519
Все категории,balanced_future_reference,2520
Все категории,balanced_future_reference,2521
Все категории,balanced_future_reference,2522
Все категории,balanced_future_reference,2523
Все категории,balanced_future_reference,2524
Все категории,balanced_future_reference,2525
Все категории,balanced_future_reference,2526
Все категории,balanced_future_reference,2527
Все категории,balanced_future_reference,2528
Все категории,balanced_future_reference,2529
Все категории,balanced_future_reference,2530
Все категории,balanced_future_reference,2531
Все категории,balanced_future_reference,2532
Все категории,balanced_future_reference,2533
Все категории,balanced_future_reference,2534
Все категории,balanced_future_reference,2535
Все категории,balanced_future_reference,2536
Все категории,balanced_future_reference,2537
Все категории,balanced_future_reference,2538
Все категории,balanced_future_reference,2539
Все категории,balanced_future_reference,2540
Все категории,balanced_future_reference,2541
Все категории,balanced_future_reference,2542
Все категории,balanced_future_reference,2543
Все категории,balanced_future_reference,2544
Все категории,balanced_future_reference,2545
Все категории,balanced_future_reference,2546
Все категории,balanced_future_reference,2547
Все категории,balanced_future_reference,2548
Все категории,balanced_future_reference,2549
Все категории,balanced_future_reference,2550
Все категории,balanced_future_reference,2551
Все категории,balanced_future_reference,2552
Все категории,balanced_future_reference,2553
Все категории,balanced_future_reference,2554
Все категории,balanced_future_reference,2555
Все категории,balanced_future_reference,2556
Все категории,balanced_future_reference,2557
Все категории,balanced_future_reference,2558
Все категории,balanced_future_reference,2559
Все категории,balanced_future_reference,2560
Все категории,balanced_future_reference,2561
Все категории,balanced_future_reference,2562
Все категории,balanced_future_reference,2563
Все категории,balanced_future_reference,2564
Все категории,balanced_future_reference,2565
Все категории,balanced_future_reference,2566
Все категории,balanced_future_reference,2567
Все категории,balanced_future_reference,2568
Все категории,balanced_future_reference,2569
Все категории,balanced_future_reference,2570
Все категории,balanced_future_reference,2571
Все категории,balanced_future_reference,2572
Все категории,balanced_future_reference,2573
Все категории,balanced_future_reference,2574
Все категории,balanced_future_reference,2575
Все категории,balanced_future_reference,2576
Все категории,balanced_future_reference,2577
Все категории,balanced_future_reference,2578
Все категории,balanced_future_reference,2579
Все категории,balanced_future_reference,2580
Все категории,balanced_future_reference,2581
Все категории,balanced_future_reference,2582
Все категории,balanced_future_reference,2583
Все категории,balanced_future_reference,2584
Все категории,balanced_future_reference,2585
Все категории,balanced_future_reference,2586
Все категории,balanced_future_reference,2587
Все категории,balanced_future_reference,2588
Все категории,balanced_future_reference,2589
Все категории,balanced_future_reference,2590
Все категории,balanced_future_reference,2591
Все категории,balanced_future_reference,2592
Все категории,balanced_future_reference,2593
Все категории,balanced_future_reference,2595
Все категории,balanced_future_reference,2596
Все категории,balanced_future_reference,2597
Все категории,balanced_future_reference,2598
Все категории,balanced_future_reference,2599
Все категории,balanced_future_reference,2600
Все категории,balanced_future_reference,2601
Все категории,balanced_future_reference,2602
Все категории,balanced_future_reference,2604
Все категории,balanced_future_reference,2605
Все категории,balanced_future_reference,2606
Все категории,balanced_future_reference,2607
Все категории,balanced_future_reference,2618
Все категории,balanced_future_reference,2619
Все категории,balanced_future_reference,2620
Все категории,balanced_future_reference,2621
Все категории,balanced_future_reference,2644
Все категории,balanced_future_reference,2646
Все категории,balanced_future_reference,2647
Все категории,balanced_future_reference,2648
Все категории,balanced_future_reference,2649
Все категории,balanced_future_reference,2651
Все категории,balanced_future_reference,2652
Все категории,balanced_future_reference,2710
Все категории,balanced_future_reference,2808
Все категории,balanced_future_reference,2809
Все категории,balanced_future_reference,2813
Все категории,balanced_future_reference,2814
Все категории,balanced_future_reference,2872
Все категории,balanced_future_reference,2876
Все категории,balanced_future_reference,2879
Все категории,balanced_future_reference,2880
Все категории,balanced_future_reference,2881
Все категории,balanced_future_reference,2882
Все категории,balanced_future_reference,2883
Все категории,balanced_future_reference,2884
Все категории,balanced_future_reference,2885
Все категории,balanced_future_reference,2886
Все категории,balanced_future_reference,2887
Все категории,balanced_future_reference,3005
Все категории,balanced_future_reference,3007
Все категории,balanced_future_reference,3009
Все категории,balanced_future_reference,3011
Все категории,balanced_future_reference,3012
Все категории,balanced_future_reference,3013
Здоровье,asof_june,1
Здоровье,asof_june,2
Здоровье,asof_june,3
Здоровье,asof_june,4
Здоровье,asof_june,5
Здоровье,asof_june,6
Здоровье,asof_june,7
Здоровье,asof_june,8
Здоровье,asof_june,9
Здоровье,asof_june,10
Здоровье,asof_june,11
Здоровье,asof_june,12
Здоровье,asof_june,13
Здоровье,asof_june,14
Здоровье,asof_june,15
Здоровье,asof_june,16
Здоровье,asof_june,17
Здоровье,asof_june,18
Здоровье,asof_june,19
Здоровье,asof_june,20
Здоровье,asof_june,21
Здоровье,asof_june,22
Здоровье,asof_june,23
Здоровье,asof_june,25
Здоровье,asof_june,26
Здоровье,asof_june,27
Здоровье,asof_june,28
Здоровье,asof_june,29
Здоровье,asof_june,30
Здоровье,asof_june,31
Здоровье,asof_june,32
Здоровье,asof_june,33
Здоровье,asof_june,34
Здоровье,asof_june,35
Здоровье,asof_june,36
Здоровье,asof_june,37
Здоровье,asof_june,38
Здоровье,asof_june,39
Здоровье,asof_june,40
Здоровье,asof_june,41
Здоровье,asof_june,42
Здоровье,asof_june,43
Здоровье,asof_june,44
Здоровье,asof_june,45
Здоровье,asof_june,46
Здоровье,asof_june,47
Здоровье,asof_june,48
Здоровье,asof_june,49
Здоровье,asof_june,50
Здоровье,asof_june,51
Здоровье,asof_june,52
Здоровье,asof_june,53
Здоровье,asof_june,54
Здоровье,asof_june,55
Здоровье,asof_june,56
Здоровье,asof_june,57
Здоровье,asof_june,58
Здоровье,asof_june,59
Здоровье,asof_june,60
Здоровье,asof_june,61
Здоровье,asof_june,62
Здоровье,asof_june,63
Здоровье,asof_june,65
Здоровье,asof_june,66
Здоровье,asof_june,67
Здоровье,asof_june,68
Здоровье,asof_june,69
Здоровье,asof_june,70
Здоровье,asof_june,71
Здоровье,asof_june,72
Здоровье,asof_june,73
Здоровье,asof_june,74
Здоровье,asof_june,75
Здоровье,asof_june,76
Здоровье,asof_june,77
Здоровье,asof_june,78
Здоровье,asof_june,79
Здоровье,asof_june,80
Здоровье,asof_june,81
Здоровье,asof_june,82
Здоровье,asof_june,83
Здоровье,asof_june,167
Здоровье,asof_june,168
Здоровье,asof_june,169
Здоровье,asof_june,173
Здоровье,asof_june,181
Здоровье,asof_june,184
Здоровье,asof_june,185
Здоровье,asof_june,188
Здоровье,asof_june,191
Здоровье,asof_june,194
Здоровье,asof_june,195
Здоровье,asof_june,196
Здоровье,asof_june,198
Здоровье,asof_june,201
Здоровье,asof_june,203
Здоровье,asof_june,204
Здоровье,asof_june,205
Здоровье,asof_june,206
Здоровье,asof_june,207
Здоровье,asof_june,208
Здоровье,asof_june,209
Здоровье,asof_june,210
Здоровье,asof_june,211
Здоровье,asof_june,212
Здоровье,asof_june,213
Здоровье,asof_june,214
Здоровье,asof_june,215
Здоровье,asof_june,216
Здоровье,asof_june,217
Здоровье,asof_june,218
Здоровье,asof_june,219
Здоровье,asof_june,220
Здоровье,asof_june,221
Здоровье,asof_june,222
Здоровье,asof_june,223
Здоровье,asof_june,224
Здоровье,asof_june,225
Здоровье,asof_june,226
Здоровье,asof_june,227
Здоровье,asof_june,228
Здоровье,asof_june,229
Здоровье,asof_june,230
Здоровье,asof_june,231
Здоровье,asof_june,232
Здоровье,asof_june,233
Здоровье,asof_june,234
Здоровье,asof_june,235
Здоровье,asof_june,236
Здоровье,asof_june,237
Здоровье,asof_june,238
Здоровье,asof_june,239
Здоровье,asof_june,240
Здоровье,asof_june,241
Здоровье,asof_june,242
Здоровье,asof_june,243
Здоровье,asof_june,269
Здоровье,asof_june,270
Здоровье,asof_june,271
Здоровье,asof_june,272
Здоровье,asof_june,273
Здоровье,asof_june,274
Здоровье,asof_june,275
Здоровье,asof_june,276
Здоровье,asof_june,277
Здоровье,asof_june,278
Здоровье,asof_june,279
Здоровье,asof_june,280
Здоровье,asof_june,281
Здоровье,asof_june,282
Здоровье,asof_june,283
Здоровье,asof_june,284
Здоровье,asof_june,285
Здоровье,asof_june,287
Здоровье,asof_june,288
Здоровье,asof_june,289
Здоровье,asof_june,290
Здоровье,asof_june,292
Здоровье,asof_june,293
Здоровье,asof_june,294
Здоровье,asof_june,295
Здоровье,asof_june,296
Здоровье,asof_june,297
Здоровье,asof_june,298
Здоровье,asof_june,300
Здоровье,asof_june,301
Здоровье,asof_june,302
Здоровье,asof_june,303
Здоровье,asof_june,304
Здоровье,asof_june,305
Здоровье,asof_june,306
Здоровье,asof_june,307
Здоровье,asof_june,308
Здоровье,asof_june,309
Здоровье,asof_june,311
Здоровье,asof_june,312
Здоровье,asof_june,314
Здоровье,asof_june,315
Здоровье,asof_june,316
Здоровье,asof_june,317
Здоровье,asof_june,318
Здоровье,asof_june,319
Здоровье,asof_june,320
Здоровье,asof_june,321
Здоровье,asof_june,322
Здоровье,asof_june,323
Здоровье,asof_june,324
Здоровье,asof_june,325
Здоровье,asof_june,326
Здоровье,asof_june,327
Здоровье,asof_june,328
Здоровье,asof_june,329
Здоровье,asof_june,330
Здоровье,asof_june,331
Здоровье,asof_june,332
Здоровье,asof_june,333
Здоровье,asof_june,334
Здоровье,asof_june,335
Здоровье,asof_june,336
Здоровье,asof_june,337
Здоровье,asof_june,338
Здоровье,asof_june,339
Здоровье,asof_june,340
Здоровье,asof_june,341
Здоровье,asof_june,342
Здоровье,asof_june,343
Здоровье,asof_june,345
Здоровье,asof_june,346
Здоровье,asof_june,347
Здоровье,asof_june,348
Здоровье,asof_june,349
Здоровье,asof_june,351
Здоровье,asof_june,352
Здоровье,asof_june,354
Здоровье,asof_june,355
Здоровье,asof_june,356
Здоровье,asof_june,357
Здоровье,asof_june,358
Здоровье,asof_june,359
Здоровье,asof_june,360
Здоровье,asof_june,361
Здоровье,asof_june,362
Здоровье,asof_june,363
Здоровье,asof_june,364
Здоровье,asof_june,365
Здоровье,asof_june,366
Здоровье,asof_june,367
Здоровье,asof_june,368
Здоровье,asof_june,369
Здоровье,asof_june,370
Здоровье,asof_june,371
Здоровье,asof_june,372
Здоровье,asof_june,373
Здоровье,asof_june,374
Здоровье,asof_june,375
Здоровье,asof_june,376
Здоровье,asof_june,377
Здоровье,asof_june,378
Здоровье,asof_june,379
Здоровье,asof_june,380
Здоровье,asof_june,381
Здоровье,asof_june,382
Здоровье,asof_june,383
Здоровье,asof_june,384
Здоровье,asof_june,385
Здоровье,asof_june,386
Здоровье,asof_june,387
Здоровье,asof_june,388
Здоровье,asof_june,390
Здоровье,asof_june,391
Здоровье,asof_june,392
Здоровье,asof_june,393
Здоровье,asof_june,395
Здоровье,asof_june,396
Здоровье,asof_june,397
Здоровье,asof_june,398
Здоровье,asof_june,401
Здоровье,asof_june,402
Здоровье,asof_june,403
Здоровье,asof_june,404
Здоровье,asof_june,405
Здоровье,asof_june,408
Здоровье,asof_june,410
Здоровье,asof_june,413
Здоровье,asof_june,414
Здоровье,asof_june,416
Здоровье,asof_june,418
Здоровье,asof_june,419
Здоровье,asof_june,420
Здоровье,asof_june,421
Здоровье,asof_june,422
Здоровье,asof_june,423
Здоровье,asof_june,424
Здоровье,asof_june,425
Здоровье,asof_june,428
Здоровье,asof_june,429
Здоровье,asof_june,430
Здоровье,asof_june,431
Здоровье,asof_june,432
Здоровье,asof_june,433
Здоровье,asof_june,434
Здоровье,asof_june,435
Здоровье,asof_june,436
Здоровье,asof_june,437
Здоровье,asof_june,438
Здоровье,asof_june,440
Здоровье,asof_june,441
Здоровье,asof_june,442
Здоровье,asof_june,443
Здоровье,asof_june,444
Здоровье,asof_june,445
Здоровье,asof_june,446
Здоровье,asof_june,447
Здоровье,asof_june,448
Здоровье,asof_june,449
Здоровье,asof_june,450
Здоровье,asof_june,451
Здоровье,asof_june,452
Здоровье,asof_june,453
Здоровье,asof_june,455
Здоровье,asof_june,456
Здоровье,asof_june,457
Здоровье,asof_june,458
Здоровье,asof_june,459
Здоровье,asof_june,460
Здоровье,asof_june,478
Здоровье,asof_june,479
Здоровье,asof_june,480
Здоровье,asof_june,481
Здоровье,asof_june,482
Здоровье,asof_june,484
Здоровье,asof_june,485
Здоровье,asof_june,486
Здоровье,asof_june,487
Здоровье,asof_june,489
Здоровье,asof_june,490
Здоровье,asof_june,491
Здоровье,asof_june,492
Здоровье,asof_june,493
Здоровье,asof_june,494
Здоровье,asof_june,495
Здоровье,asof_june,496
Здоровье,asof_june,497
Здоровье,asof_june,498
Здоровье,asof_june,499
Здоровье,asof_june,501
Здоровье,asof_june,502
Здоровье,asof_june,503
Здоровье,asof_june,504
Здоровье,asof_june,505
Здоровье,asof_june,506
Здоровье,asof_june,507
Здоровье,asof_june,508
Здоровье,asof_june,509
Здоровье,asof_june,510
Здоровье,asof_june,511
Здоровье,asof_june,512
Здоровье,asof_june,515
Здоровье,asof_june,516
Здоровье,asof_june,517
Здоровье,asof_june,518
Здоровье,asof_june,519
Здоровье,asof_june,520
Здоровье,asof_june,521
Здоровье,asof_june,522
Здоровье,asof_june,523
Здоровье,asof_june,524
Здоровье,asof_june,525
Здоровье,asof_june,527
Здоровье,asof_june,528
Здоровье,asof_june,529
Здоровье,asof_june,530
Здоровье,asof_june,531
Здоровье,asof_june,532
Здоровье,asof_june,533
Здоровье,asof_june,534
Здоровье,asof_june,535
Здоровье,asof_june,536
Здоровье,asof_june,537
Здоровье,asof_june,538
Здоровье,asof_june,539
Здоровье,asof_june,540
Здоровье,asof_june,541
Здоровье,asof_june,542
Здоровье,asof_june,543
Здоровье,asof_june,544
Здоровье,asof_june,545
Здоровье,asof_june,546
Здоровье,asof_june,547
Здоровье,asof_june,548
Здоровье,asof_june,549
Здоровье,asof_june,550
Здоровье,asof_june,552
Здоровье,asof_june,553
Здоровье,asof_june,554
Здоровье,asof_june,555
Здоровье,asof_june,556
Здоровье,asof_june,557
Здоровье,asof_june,558
Здоровье,asof_june,559
Здоровье,asof_june,560
Здоровье,asof_june,561
Здоровье,asof_june,562
Здоровье,asof_june,563
Здоровье,asof_june,564
Здоровье,asof_june,565
Здоровье,asof_june,566
Здоровье,asof_june,567
Здоровье,asof_june,568
Здоровье,asof_june,569
Здоровье,asof_june,570
Здоровье,asof_june,571
Здоровье,asof_june,572
Здоровье,asof_june,574
Здоровье,asof_june,578
Здоровье,asof_june,579
Здоровье,asof_june,580
Здоровье,asof_june,581
Здоровье,asof_june,582
Здоровье,asof_june,583
Здоровье,asof_june,584
Здоровье,asof_june,585
Здоровье,asof_june,586
Здоровье,asof_june,587
Здоровье,asof_june,588
Здоровье,asof_june,589
Здоровье,asof_june,591
Здоровье,asof_june,592
Здоровье,asof_june,593
Здоровье,asof_june,594
Здоровье,asof_june,595
Здоровье,asof_june,598
Здоровье,asof_june,599
Здоровье,asof_june,600
Здоровье,asof_june,601
Здоровье,asof_june,602
Здоровье,asof_june,603
Здоровье,asof_june,604
Здоровье,asof_june,605
Здоровье,asof_june,606
Здоровье,asof_june,607
Здоровье,asof_june,608
Здоровье,asof_june,611
Здоровье,asof_june,612
Здоровье,asof_june,613
Здоровье,asof_june,614
Здоровье,asof_june,615
Здоровье,asof_june,616
Здоровье,asof_june,618
Здоровье,asof_june,619
Здоровье,asof_june,621
Здоровье,asof_june,666
Здоровье,asof_june,667
Здоровье,asof_june,668
Здоровье,asof_june,669
Здоровье,asof_june,670
Здоровье,asof_june,671
Здоровье,asof_june,674
Здоровье,asof_june,675
Здоровье,asof_june,676
Здоровье,asof_june,677
Здоровье,asof_june,678
Здоровье,asof_june,679
Здоровье,asof_june,680
Здоровье,asof_june,683
Здоровье,asof_june,685
Здоровье,asof_june,686
Здоровье,asof_june,687
Здоровье,asof_june,689
Здоровье,asof_june,690
Здоровье,asof_june,691
Здоровье,asof_june,692
Здоровье,asof_june,693
Здоровье,asof_june,694
Здоровье,asof_june,695
Здоровье,asof_june,696
Здоровье,asof_june,697
Здоровье,asof_june,698
Здоровье,asof_june,699
Здоровье,asof_june,701
Здоровье,asof_june,702
Здоровье,asof_june,703
Здоровье,asof_june,704
Здоровье,asof_june,705
Здоровье,asof_june,706
Здоровье,asof_june,708
Здоровье,asof_june,710
Здоровье,asof_june,711
Здоровье,asof_june,712
Здоровье,asof_june,713
Здоровье,asof_june,714
Здоровье,asof_june,715
Здоровье,asof_june,716
Здоровье,asof_june,717
Здоровье,asof_june,718
Здоровье,asof_june,719
Здоровье,asof_june,720
Здоровье,asof_june,721
Здоровье,asof_june,722
Здоровье,asof_june,723
Здоровье,asof_june,725
Здоровье,asof_june,726
Здоровье,asof_june,727
Здоровье,asof_june,731
Здоровье,asof_june,734
Здоровье,asof_june,735
Здоровье,asof_june,736
Здоровье,asof_june,737
Здоровье,asof_june,738
Здоровье,asof_june,739
Здоровье,asof_june,741
Здоровье,asof_june,742
Здоровье,asof_june,743
Здоровье,asof_june,744
Здоровье,asof_june,745
Здоровье,asof_june,746
Здоровье,asof_june,747
Здоровье,asof_june,748
Здоровье,asof_june,749
Здоровье,asof_june,751
Здоровье,asof_june,752
Здоровье,asof_june,753
Здоровье,asof_june,754
Здоровье,asof_june,755
Здоровье,asof_june,756
Здоровье,asof_june,757
Здоровье,asof_june,758
Здоровье,asof_june,760
Здоровье,asof_june,761
Здоровье,asof_june,763
Здоровье,asof_june,764
Здоровье,asof_june,765
Здоровье,asof_june,766
Здоровье,asof_june,767
Здоровье,asof_june,769
Здоровье,asof_june,770
Здоровье,asof_june,771
Здоровье,asof_june,773
Здоровье,asof_june,774
Здоровье,asof_june,775
Здоровье,asof_june,776
Здоровье,asof_june,777
Здоровье,asof_june,778
Здоровье,asof_june,779
Здоровье,asof_june,780
Здоровье,asof_june,781
Здоровье,asof_june,782
Здоровье,asof_june,783
Здоровье,asof_june,784
Здоровье,asof_june,785
Здоровье,asof_june,787
Здоровье,asof_june,788
Здоровье,asof_june,789
Здоровье,asof_june,790
Здоровье,asof_june,791
Здоровье,asof_june,792
Здоровье,asof_june,793
Здоровье,asof_june,794
Здоровье,asof_june,795
Здоровье,asof_june,796
Здоровье,asof_june,797
Здоровье,asof_june,798
Здоровье,asof_june,799
Здоровье,asof_june,800
Здоровье,asof_june,801
Здоровье,asof_june,802
Здоровье,asof_june,803
Здоровье,asof_june,804
Здоровье,asof_june,805
Здоровье,asof_june,806
Здоровье,asof_june,807
Здоровье,asof_june,808
Здоровье,asof_june,809
Здоровье,asof_june,810
Здоровье,asof_june,811
Здоровье,asof_june,812
Здоровье,asof_june,813
Здоровье,asof_june,814
Здоровье,asof_june,815
Здоровье,asof_june,817
Здоровье,asof_june,818
Здоровье,asof_june,819
Здоровье,asof_june,820
Здоровье,asof_june,821
Здоровье,asof_june,822
Здоровье,asof_june,823
Здоровье,asof_june,824
Здоровье,asof_june,825
Здоровье,asof_june,826
Здоровье,asof_june,827
Здоровье,asof_june,828
Здоровье,asof_june,829
Здоровье,asof_june,830
Здоровье,asof_june,831
Здоровье,asof_june,832
Здоровье,asof_june,833
Здоровье,asof_june,834
Здоровье,asof_june,835
Здоровье,asof_june,836
Здоровье,asof_june,838
Здоровье,asof_june,839
Здоровье,asof_june,840
Здоровье,asof_june,841
Здоровье,asof_june,842
Здоровье,asof_june,843
Здоровье,asof_june,844
Здоровье,asof_june,846
Здоровье,asof_june,847
Здоровье,asof_june,848
Здоровье,asof_june,849
Здоровье,asof_june,851
Здоровье,asof_june,852
Здоровье,asof_june,853
Здоровье,asof_june,854
Здоровье,asof_june,855
Здоровье,asof_june,856
Здоровье,asof_june,857
Здоровье,asof_june,859
Здоровье,asof_june,860
Здоровье,asof_june,870
Здоровье,asof_june,871
Здоровье,asof_june,872
Здоровье,asof_june,873
Здоровье,asof_june,874
Здоровье,asof_june,875
Здоровье,asof_june,876
Здоровье,asof_june,877
Здоровье,asof_june,878
Здоровье,asof_june,879
Здоровье,asof_june,880
Здоровье,asof_june,881
Здоровье,asof_june,882
Здоровье,asof_june,883
Здоровье,asof_june,884
Здоровье,asof_june,885
Здоровье,asof_june,886
Здоровье,asof_june,888
Здоровье,asof_june,889
Здоровье,asof_june,890
Здоровье,asof_june,891
Здоровье,asof_june,892
Здоровье,asof_june,895
Здоровье,asof_june,896
Здоровье,asof_june,897
Здоровье,asof_june,898
Здоровье,asof_june,899
Здоровье,asof_june,900
Здоровье,asof_june,901
Здоровье,asof_june,902
Здоровье,asof_june,903
Здоровье,asof_june,904
Здоровье,asof_june,905
Здоровье,asof_june,907
Здоровье,asof_june,908
Здоровье,asof_june,909
Здоровье,asof_june,911
Здоровье,asof_june,912
Здоровье,asof_june,913
Здоровье,asof_june,914
Здоровье,asof_june,915
Здоровье,asof_june,916
Здоровье,asof_june,917
Здоровье,asof_june,918
Здоровье,asof_june,920
Здоровье,asof_june,922
Здоровье,asof_june,923
Здоровье,asof_june,924
Здоровье,asof_june,925
Здоровье,asof_june,926
Здоровье,asof_june,927
Здоровье,asof_june,928
Здоровье,asof_june,929
Здоровье,asof_june,930
Здоровье,asof_june,986
Здоровье,asof_june,987
Здоровье,asof_june,988
Здоровье,asof_june,989
Здоровье,asof_june,991
Здоровье,asof_june,992
Здоровье,asof_june,993
Здоровье,asof_june,994
Здоровье,asof_june,995
Здоровье,asof_june,996
Здоровье,asof_june,998
Здоровье,asof_june,999
Здоровье,asof_june,1001
Здоровье,asof_june,1002
Здоровье,asof_june,1003
Здоровье,asof_june,1004
Здоровье,asof_june,1005
Здоровье,asof_june,1006
Здоровье,asof_june,1007
Здоровье,asof_june,1008
Здоровье,asof_june,1009
Здоровье,asof_june,1010
Здоровье,asof_june,1011
Здоровье,asof_june,1012
Здоровье,asof_june,1013
Здоровье,asof_june,1014
Здоровье,asof_june,1015
Здоровье,asof_june,1016
Здоровье,asof_june,1017
Здоровье,asof_june,1018
Здоровье,asof_june,1019
Здоровье,asof_june,1020
Здоровье,asof_june,1021
Здоровье,asof_june,1023
Здоровье,asof_june,1024
Здоровье,asof_june,1025
Здоровье,asof_june,1026
Здоровье,asof_june,1027
Здоровье,asof_june,1028
Здоровье,asof_june,1029
Здоровье,asof_june,1030
Здоровье,asof_june,1031
Здоровье,asof_june,1032
Здоровье,asof_june,1033
Здоровье,asof_june,1034
Здоровье,asof_june,1035
Здоровье,asof_june,1036
Здоровье,asof_june,1037
Здоровье,asof_june,1038
Здоровье,asof_june,1039
Здоровье,asof_june,1040
Здоровье,asof_june,1041
Здоровье,asof_june,1044
Здоровье,asof_june,1047
Здоровье,asof_june,1048
Здоровье,asof_june,1049
Здоровье,asof_june,1051
Здоровье,asof_june,1052
Здоровье,asof_june,1053
Здоровье,asof_june,1054
Здоровье,asof_june,1055
Здоровье,asof_june,1056
Здоровье,asof_june,1057
Здоровье,asof_june,1058
Здоровье,asof_june,1059
Здоровье,asof_june,1060
Здоровье,asof_june,1061
Здоровье,asof_june,1062
Здоровье,asof_june,1063
Здоровье,asof_june,1064
Здоровье,asof_june,1065
Здоровье,asof_june,1066
Здоровье,asof_june,1067
Здоровье,asof_june,1068
Здоровье,asof_june,1069
Здоровье,asof_june,1070
Здоровье,asof_june,1071
Здоровье,asof_june,1072
Здоровье,asof_june,1107
Здоровье,asof_june,1108
Здоровье,asof_june,1109
Здоровье,asof_june,1110
Здоровье,asof_june,1111
Здоровье,asof_june,1112
Здоровье,asof_june,1113
Здоровье,asof_june,1115
Здоровье,asof_june,1116
Здоровье,asof_june,1117
Здоровье,asof_june,1118
Здоровье,asof_june,1119
Здоровье,asof_june,1120
Здоровье,asof_june,1121
Здоровье,asof_june,1122
Здоровье,asof_june,1123
Здоровье,asof_june,1124
Здоровье,asof_june,1125
Здоровье,asof_june,1126
Здоровье,asof_june,1127
Здоровье,asof_june,1128
Здоровье,asof_june,1129
Здоровье,asof_june,1130
Здоровье,asof_june,1131
Здоровье,asof_june,1132
Здоровье,asof_june,1133
Здоровье,asof_june,1134
Здоровье,asof_june,1135
Здоровье,asof_june,1136
Здоровье,asof_june,1137
Здоровье,asof_june,1138
Здоровье,asof_june,1139
Здоровье,asof_june,1140
Здоровье,asof_june,1141
Здоровье,asof_june,1142
Здоровье,asof_june,1143
Здоровье,asof_june,1144
Здоровье,asof_june,1146
Здоровье,asof_june,1147
Здоровье,asof_june,1148
Здоровье,asof_june,1149
Здоровье,asof_june,1150
Здоровье,asof_june,1151
Здоровье,asof_june,1152
Здоровье,asof_june,1153
Здоровье,asof_june,1154
Здоровье,asof_june,1155
Здоровье,asof_june,1157
Здоровье,asof_june,1158
Здоровье,asof_june,1159
Здоровье,asof_june,1160
Здоровье,asof_june,1161
Здоровье,asof_june,1163
Здоровье,asof_june,1164
Здоровье,asof_june,1165
Здоровье,asof_june,1166
Здоровье,asof_june,1167
Здоровье,asof_june,1168
Здоровье,asof_june,1169
Здоровье,asof_june,1170
Здоровье,asof_june,1171
Здоровье,asof_june,1172
Здоровье,asof_june,1173
Здоровье,asof_june,1174
Здоровье,asof_june,1175
Здоровье,asof_june,1176
Здоровье,asof_june,1178
Здоровье,asof_june,1179
Здоровье,asof_june,1180
Здоровье,asof_june,1181
Здоровье,asof_june,1184
Здоровье,asof_june,1185
Здоровье,asof_june,1186
Здоровье,asof_june,1187
Здоровье,asof_june,1188
Здоровье,asof_june,1189
Здоровье,asof_june,1190
Здоровье,asof_june,1191
Здоровье,asof_june,1192
Здоровье,asof_june,1193
Здоровье,asof_june,1194
Здоровье,asof_june,1195
Здоровье,asof_june,1196
Здоровье,asof_june,1197
Здоровье,asof_june,1198
Здоровье,asof_june,1200
Здоровье,asof_june,1201
Здоровье,asof_june,1203
Здоровье,asof_june,1204
Здоровье,asof_june,1205
Здоровье,asof_june,1206
Здоровье,asof_june,1207
Здоровье,asof_june,1208
Здоровье,asof_june,1209
Здоровье,asof_june,1210
Здоровье,asof_june,1211
Здоровье,asof_june,1212
Здоровье,asof_june,1213
Здоровье,asof_june,1214
Здоровье,asof_june,1215
Здоровье,asof_june,1217
Здоровье,asof_june,1218
Здоровье,asof_june,1219
Здоровье,asof_june,1220
Здоровье,asof_june,1221
Здоровье,asof_june,1222
Здоровье,asof_june,1223
Здоровье,asof_june,1224
Здоровье,asof_june,1225
Здоровье,asof_june,1226
Здоровье,asof_june,1227
Здоровье,asof_june,1228
Здоровье,asof_june,1229
Здоровье,asof_june,1230
Здоровье,asof_june,1231
Здоровье,asof_june,1232
Здоровье,asof_june,1233
Здоровье,asof_june,1234
Здоровье,asof_june,1235
Здоровье,asof_june,1236
Здоровье,asof_june,1237
Здоровье,asof_june,1238
Здоровье,asof_june,1240
Здоровье,asof_june,1241
Здоровье,asof_june,1242
Здоровье,asof_june,1243
Здоровье,asof_june,1244
Здоровье,asof_june,1246
Здоровье,asof_june,1249
Здоровье,asof_june,1250
Здоровье,asof_june,1251
Здоровье,asof_june,1252
Здоровье,asof_june,1253
Здоровье,asof_june,1254
Здоровье,asof_june,1256
Здоровье,asof_june,1257
Здоровье,asof_june,1258
Здоровье,asof_june,1259
Здоровье,asof_june,1260
Здоровье,asof_june,1261
Здоровье,asof_june,1262
Здоровье,asof_june,1264
Здоровье,asof_june,1265
Здоровье,asof_june,1266
Здоровье,asof_june,1267
Здоровье,asof_june,1268
Здоровье,asof_june,1269
Здоровье,asof_june,1270
Здоровье,asof_june,1271
Здоровье,asof_june,1272
Здоровье,asof_june,1273
Здоровье,asof_june,1274
Здоровье,asof_june,1275
Здоровье,asof_june,1276
Здоровье,asof_june,1277
Здоровье,asof_june,1278
Здоровье,asof_june,1279
Здоровье,asof_june,1280
Здоровье,asof_june,1281
Здоровье,asof_june,1282
Здоровье,asof_june,1284
Здоровье,asof_june,1285
Здоровье,asof_june,1286
Здоровье,asof_june,1287
Здоровье,asof_june,1288
Здоровье,asof_june,1289
Здоровье,asof_june,1290
Здоровье,asof_june,1291
Здоровье,asof_june,1292
Здоровье,asof_june,1293
Здоровье,asof_june,1294
Здоровье,asof_june,1295
Здоровье,asof_june,1296
Здоровье,asof_june,1297
Здоровье,asof_june,1298
Здоровье,asof_june,1299
Здоровье,asof_june,1300
Здоровье,asof_june,1301
Здоровье,asof_june,1302
Здоровье,asof_june,1303
Здоровье,asof_june,1304
Здоровье,asof_june,1305
Здоровье,asof_june,1306
Здоровье,asof_june,1308
Здоровье,asof_june,1309
Здоровье,asof_june,1310
Здоровье,asof_june,1311
Здоровье,asof_june,1312
Здоровье,asof_june,1313
Здоровье,asof_june,1314
Здоровье,asof_june,1315
Здоровье,asof_june,1316
Здоровье,asof_june,1317
Здоровье,asof_june,1319
Здоровье,asof_june,1320
Здоровье,asof_june,1321
Здоровье,asof_june,1322
Здоровье,asof_june,1323
Здоровье,asof_june,1324
Здоровье,asof_june,1325
Здоровье,asof_june,1326
Здоровье,asof_june,1327
Здоровье,asof_june,1328
Здоровье,asof_june,1329
Здоровье,asof_june,1330
Здоровье,asof_june,1331
Здоровье,asof_june,1333
Здоровье,asof_june,1334
Здоровье,asof_june,1335
Здоровье,asof_june,1336
Здоровье,asof_june,1337
Здоровье,asof_june,1338
Здоровье,asof_june,1339
Здоровье,asof_june,1340
Здоровье,asof_june,1341
Здоровье,asof_june,1343
Здоровье,asof_june,1344
Здоровье,asof_june,1345
Здоровье,asof_june,1346
Здоровье,asof_june,1347
Здоровье,asof_june,1348
Здоровье,asof_june,1349
Здоровье,asof_june,1350
Здоровье,asof_june,1351
Здоровье,asof_june,1352
Здоровье,asof_june,1353
Здоровье,asof_june,1355
Здоровье,asof_june,1356
Здоровье,asof_june,1357
Здоровье,asof_june,1358
Здоровье,asof_june,1392
Здоровье,asof_june,1393
Здоровье,asof_june,1394
Здоровье,asof_june,1395
Здоровье,asof_june,1396
Здоровье,asof_june,1397
Здоровье,asof_june,1398
Здоровье,asof_june,1399
Здоровье,asof_june,1400
Здоровье,asof_june,1401
Здоровье,asof_june,1402
Здоровье,asof_june,1403
Здоровье,asof_june,1404
Здоровье,asof_june,1405
Здоровье,asof_june,1406
Здоровье,asof_june,1407
Здоровье,asof_june,1408
Здоровье,asof_june,1409
Здоровье,asof_june,1410
Здоровье,asof_june,1411
Здоровье,asof_june,1412
Здоровье,asof_june,1413
Здоровье,asof_june,1414
Здоровье,asof_june,1415
Здоровье,asof_june,1416
Здоровье,asof_june,1417
Здоровье,asof_june,1419
Здоровье,asof_june,1420
Здоровье,asof_june,1421
Здоровье,asof_june,1422
Здоровье,asof_june,1423
Здоровье,asof_june,1425
Здоровье,asof_june,1426
Здоровье,asof_june,1427
Здоровье,asof_june,1428
Здоровье,asof_june,1429
Здоровье,asof_june,1430
Здоровье,asof_june,1431
Здоровье,asof_june,1434
Здоровье,asof_june,1435
Здоровье,asof_june,1437
Здоровье,asof_june,1438
Здоровье,asof_june,1439
Здоровье,asof_june,1440
Здоровье,asof_june,1443
Здоровье,asof_june,1444
Здоровье,asof_june,1445
Здоровье,asof_june,1446
Здоровье,asof_june,1447
Здоровье,asof_june,1448
Здоровье,asof_june,1449
Здоровье,asof_june,1453
Здоровье,asof_june,1454
Здоровье,asof_june,1456
Здоровье,asof_june,1457
Здоровье,asof_june,1459
Здоровье,asof_june,1461
Здоровье,asof_june,1463
Здоровье,asof_june,1464
Здоровье,asof_june,1465
Здоровье,asof_june,1467
Здоровье,asof_june,1468
Здоровье,asof_june,1472
Здоровье,asof_june,1473
Здоровье,asof_june,1474
Здоровье,asof_june,1475
Здоровье,asof_june,1477
Здоровье,asof_june,1478
Здоровье,asof_june,1480
Здоровье,asof_june,1481
Здоровье,asof_june,1483
Здоровье,asof_june,1484
Здоровье,asof_june,1486
Здоровье,asof_june,1488
Здоровье,asof_june,1489
Здоровье,asof_june,1490
Здоровье,asof_june,1491
Здоровье,asof_june,1492
Здоровье,asof_june,1493
Здоровье,asof_june,1494
Здоровье,asof_june,1495
Здоровье,asof_june,1496
Здоровье,asof_june,1500
Здоровье,asof_june,1501
Здоровье,asof_june,1504
Здоровье,asof_june,1506
Здоровье,asof_june,1507
Здоровье,asof_june,1508
Здоровье,asof_june,1509
Здоровье,asof_june,1510
Здоровье,asof_june,1511
Здоровье,asof_june,1512
Здоровье,asof_june,1518
Здоровье,asof_june,1519
Здоровье,asof_june,1520
Здоровье,asof_june,1521
Здоровье,asof_june,1522
Здоровье,asof_june,1523
Здоровье,asof_june,1525
Здоровье,asof_june,1526
Здоровье,asof_june,1527
Здоровье,asof_june,1528
Здоровье,asof_june,1529
Здоровье,asof_june,1530
Здоровье,asof_june,1532
Здоровье,asof_june,1533
Здоровье,asof_june,1534
Здоровье,asof_june,1535
Здоровье,asof_june,1536
Здоровье,asof_june,1537
Здоровье,asof_june,1539
Здоровье,asof_june,1540
Здоровье,asof_june,1541
Здоровье,asof_june,1542
Здоровье,asof_june,1543
Здоровье,asof_june,1544
Здоровье,asof_june,1545
Здоровье,asof_june,1546
Здоровье,asof_june,1547
Здоровье,asof_june,1548
Здоровье,asof_june,1549
Здоровье,asof_june,1550
Здоровье,asof_june,1551
Здоровье,asof_june,1552
Здоровье,asof_june,1553
Здоровье,asof_june,1554
Здоровье,asof_june,1555
Здоровье,asof_june,1556
Здоровье,asof_june,1557
Здоровье,asof_june,1558
Здоровье,asof_june,1559
Здоровье,asof_june,1560
Здоровье,asof_june,1561
Здоровье,asof_june,1562
Здоровье,asof_june,1563
Здоровье,asof_june,1564
Здоровье,asof_june,1565
Здоровье,asof_june,1566
Здоровье,asof_june,1567
Здоровье,asof_june,1568
Здоровье,asof_june,1569
Здоровье,asof_june,1570
Здоровье,asof_june,1571
Здоровье,asof_june,1572
Здоровье,asof_june,1573
Здоровье,asof_june,1574
Здоровье,asof_june,1575
Здоровье,asof_june,1577
Здоровье,asof_june,1578
Здоровье,asof_june,1579
Здоровье,asof_june,1580
Здоровье,asof_june,1581
Здоровье,asof_june,1582
Здоровье,asof_june,1583
Здоровье,asof_june,1584
Здоровье,asof_june,1585
Здоровье,asof_june,1586
Здоровье,asof_june,1587
Здоровье,asof_june,1588
Здоровье,asof_june,1589
Здоровье,asof_june,1590
Здоровье,asof_june,1591
Здоровье,asof_june,1592
Здоровье,asof_june,1593
Здоровье,asof_june,1594
Здоровье,asof_june,1595
Здоровье,asof_june,1596
Здоровье,asof_june,1597
Здоровье,asof_june,1598
Здоровье,asof_june,1599
Здоровье,asof_june,1600
Здоровье,asof_june,1601
Здоровье,asof_june,1602
Здоровье,asof_june,1603
Здоровье,asof_june,1604
Здоровье,asof_june,1605
Здоровье,asof_june,1606
Здоровье,asof_june,1607
Здоровье,asof_june,1608
Здоровье,asof_june,1609
Здоровье,asof_june,1610
Здоровье,asof_june,1611
Здоровье,asof_june,1612
Здоровье,asof_june,1613
Здоровье,asof_june,1614
Здоровье,asof_june,1615
Здоровье,asof_june,1616
Здоровье,asof_june,1617
Здоровье,asof_june,1618
Здоровье,asof_june,1619
Здоровье,asof_june,1620
Здоровье,asof_june,1621
Здоровье,asof_june,1622
Здоровье,asof_june,1623
Здоровье,asof_june,1624
Здоровье,asof_june,1625
Здоровье,asof_june,1626
Здоровье,asof_june,1627
Здоровье,asof_june,1628
Здоровье,asof_june,1629
Здоровье,asof_june,1630
Здоровье,asof_june,1631
Здоровье,asof_june,1632
Здоровье,asof_june,1633
Здоровье,asof_june,1634
Здоровье,asof_june,1635
Здоровье,asof_june,1636
Здоровье,asof_june,1637
Здоровье,asof_june,1638
Здоровье,asof_june,1639
Здоровье,asof_june,1640
Здоровье,asof_june,1641
Здоровье,asof_june,1642
Здоровье,asof_june,1643
Здоровье,asof_june,1644
Здоровье,asof_june,1645
Здоровье,asof_june,1646
Здоровье,asof_june,1647
Здоровье,asof_june,1648
Здоровье,asof_june,1649
Здоровье,asof_june,1650
Здоровье,asof_june,1651
Здоровье,asof_june,1652
Здоровье,asof_june,1653
Здоровье,asof_june,1654
Здоровье,asof_june,1655
Здоровье,asof_june,1656
Здоровье,asof_june,1657
Здоровье,asof_june,1658
Здоровье,asof_june,1659
Здоровье,asof_june,1660
Здоровье,asof_june,1661
Здоровье,asof_june,1662
Здоровье,asof_june,1663
Здоровье,asof_june,1664
Здоровье,asof_june,1665
Здоровье,asof_june,1666
Здоровье,asof_june,1667
Здоровье,asof_june,1668
Здоровье,asof_june,1669
Здоровье,asof_june,1670
Здоровье,asof_june,1671
Здоровье,asof_june,1672
Здоровье,asof_june,1673
Здоровье,asof_june,1674
Здоровье,asof_june,1675
Здоровье,asof_june,1676
Здоровье,asof_june,1678
Здоровье,asof_june,1679
Здоровье,asof_june,1680
Здоровье,asof_june,1681
Здоровье,asof_june,1682
Здоровье,asof_june,1683
Здоровье,asof_june,1685
Здоровье,asof_june,1686
Здоровье,asof_june,1687
Здоровье,asof_june,1688
Здоровье,asof_june,1689
Здоровье,asof_june,1690
Здоровье,asof_june,1691
Здоровье,asof_june,1692
Здоровье,asof_june,1693
Здоровье,asof_june,1694
Здоровье,asof_june,1696
Здоровье,asof_june,1697
Здоровье,asof_june,1698
Здоровье,asof_june,1699
Здоровье,asof_june,1700
Здоровье,asof_june,1701
Здоровье,asof_june,1702
Здоровье,asof_june,1703
Здоровье,asof_june,1704
Здоровье,asof_june,1705
Здоровье,asof_june,1706
Здоровье,asof_june,1707
Здоровье,asof_june,1708
Здоровье,asof_june,1709
Здоровье,asof_june,1710
Здоровье,asof_june,1711
Здоровье,asof_june,1712
Здоровье,asof_june,1714
Здоровье,asof_june,1715
Здоровье,asof_june,1717
Здоровье,asof_june,1718
Здоровье,asof_june,1719
Здоровье,asof_june,1722
Здоровье,asof_june,1724
Здоровье,asof_june,1725
Здоровье,asof_june,1726
Здоровье,asof_june,1727
Здоровье,asof_june,1728
Здоровье,asof_june,1730
Здоровье,asof_june,1731
Здоровье,asof_june,1732
Здоровье,asof_june,1733
Здоровье,asof_june,1737
Здоровье,asof_june,1738
Здоровье,asof_june,1739
Здоровье,asof_june,1740
Здоровье,asof_june,1741
Здоровье,asof_june,1742
Здоровье,asof_june,1743
Здоровье,asof_june,1744
Здоровье,asof_june,1745
Здоровье,asof_june,1746
Здоровье,asof_june,1747
Здоровье,asof_june,1749
Здоровье,asof_june,1750
Здоровье,asof_june,1751
Здоровье,asof_june,1752
Здоровье,asof_june,1753
Здоровье,asof_june,1754
Здоровье,asof_june,1755
Здоровье,asof_june,1756
Здоровье,asof_june,1757
Здоровье,asof_june,1758
Здоровье,asof_june,1759
Здоровье,asof_june,1760
Здоровье,asof_june,1761
Здоровье,asof_june,1762
Здоровье,asof_june,1764
Здоровье,asof_june,1765
Здоровье,asof_june,1766
Здоровье,asof_june,1768
Здоровье,asof_june,1769
Здоровье,asof_june,1770
Здоровье,asof_june,1771
Здоровье,asof_june,1773
Здоровье,asof_june,1774
Здоровье,asof_june,1775
Здоровье,asof_june,1776
Здоровье,asof_june,1777
Здоровье,asof_june,1778
Здоровье,asof_june,1780
Здоровье,asof_june,1781
Здоровье,asof_june,1782
Здоровье,asof_june,1783
Здоровье,asof_june,1784
Здоровье,asof_june,1785
Здоровье,asof_june,1786
Здоровье,asof_june,1787
Здоровье,asof_june,1788
Здоровье,asof_june,1845
Здоровье,asof_june,1846
Здоровье,asof_june,1848
Здоровье,asof_june,1849
Здоровье,asof_june,1850
Здоровье,asof_june,1851
Здоровье,asof_june,1852
Здоровье,asof_june,1853
Здоровье,asof_june,1854
Здоровье,asof_june,1855
Здоровье,asof_june,1856
Здоровье,asof_june,1857
Здоровье,asof_june,1858
Здоровье,asof_june,1859
Здоровье,asof_june,1860
Здоровье,asof_june,1861
Здоровье,asof_june,1862
Здоровье,asof_june,1863
Здоровье,asof_june,1864
Здоровье,asof_june,1865
Здоровье,asof_june,1868
Здоровье,asof_june,1869
Здоровье,asof_june,1870
Здоровье,asof_june,1871
Здоровье,asof_june,1872
Здоровье,asof_june,1873
Здоровье,asof_june,1874
Здоровье,asof_june,1875
Здоровье,asof_june,1876
Здоровье,asof_june,1877
Здоровье,asof_june,1878
Здоровье,asof_june,1879
Здоровье,asof_june,1880
Здоровье,asof_june,1881
Здоровье,asof_june,1883
Здоровье,asof_june,1884
Здоровье,asof_june,1885
Здоровье,asof_june,1886
Здоровье,asof_june,1887
Здоровье,asof_june,1888
Здоровье,asof_june,1889
Здоровье,asof_june,1890
Здоровье,asof_june,1891
Здоровье,asof_june,1892
Здоровье,asof_june,1893
Здоровье,asof_june,1894
Здоровье,asof_june,1895
Здоровье,asof_june,1896
Здоровье,asof_june,1897
Здоровье,asof_june,1898
Здоровье,asof_june,1899
Здоровье,asof_june,1900
Здоровье,asof_june,1901
Здоровье,asof_june,1902
Здоровье,asof_june,1903
Здоровье,asof_june,1904
Здоровье,asof_june,1905
Здоровье,asof_june,1906
Здоровье,asof_june,1907
Здоровье,asof_june,1908
Здоровье,asof_june,1909
Здоровье,asof_june,1910
Здоровье,asof_june,1912
Здоровье,asof_june,1915
Здоровье,asof_june,1916
Здоровье,asof_june,1917
Здоровье,asof_june,1918
Здоровье,asof_june,1919
Здоровье,asof_june,1920
Здоровье,asof_june,1921
Здоровье,asof_june,1922
Здоровье,asof_june,1923
Здоровье,asof_june,1924
Здоровье,asof_june,1925
Здоровье,asof_june,1926
Здоровье,asof_june,1927
Здоровье,asof_june,1928
Здоровье,asof_june,1929
Здоровье,asof_june,1930
Здоровье,asof_june,1931
Здоровье,asof_june,1932
Здоровье,asof_june,1933
Здоровье,asof_june,1934
Здоровье,asof_june,1935
Здоровье,asof_june,1936
Здоровье,asof_june,1937
Здоровье,asof_june,1938
Здоровье,asof_june,1939
Здоровье,asof_june,1940
Здоровье,asof_june,1941
Здоровье,asof_june,1942
Здоровье,asof_june,1943
Здоровье,asof_june,1944
Здоровье,asof_june,1945
Здоровье,asof_june,1947
Здоровье,asof_june,1948
Здоровье,asof_june,1949
Здоровье,asof_june,1950
Здоровье,asof_june,1951
Здоровье,asof_june,1952
Здоровье,asof_june,1954
Здоровье,asof_june,1955
Здоровье,asof_june,1956
Здоровье,asof_june,1957
Здоровье,asof_june,1958
Здоровье,asof_june,1959
Здоровье,asof_june,1960
Здоровье,asof_june,1961
Здоровье,asof_june,1962
Здоровье,asof_june,1963
Здоровье,asof_june,1965
Здоровье,asof_june,1966
Здоровье,asof_june,1967
Здоровье,asof_june,1968
Здоровье,asof_june,1969
Здоровье,asof_june,1970
Здоровье,asof_june,1971
Здоровье,asof_june,1972
Здоровье,asof_june,1973
Здоровье,asof_june,1974
Здоровье,asof_june,1975
Здоровье,asof_june,1976
Здоровье,asof_june,1977
Здоровье,asof_june,1978
Здоровье,asof_june,1979
Здоровье,asof_june,1980
Здоровье,asof_june,1981
Здоровье,asof_june,1982
Здоровье,asof_june,1983
Здоровье,asof_june,1984
Здоровье,asof_june,1985
Здоровье,asof_june,1986
Здоровье,asof_june,1987
Здоровье,asof_june,1988
Здоровье,asof_june,1989
Здоровье,asof_june,1990
Здоровье,asof_june,1991
Здоровье,asof_june,1992
Здоровье,asof_june,1993
Здоровье,asof_june,1994
Здоровье,asof_june,1995
Здоровье,asof_june,1996
Здоровье,asof_june,1997
Здоровье,asof_june,1999
Здоровье,asof_june,2000
Здоровье,asof_june,2001
Здоровье,asof_june,2002
Здоровье,asof_june,2004
Здоровье,asof_june,2005
Здоровье,asof_june,2006
Здоровье,asof_june,2007
Здоровье,asof_june,2008
Здоровье,asof_june,2009
Здоровье,asof_june,2010
Здоровье,asof_june,2011
Здоровье,asof_june,2012
Здоровье,asof_june,2015
Здоровье,asof_june,2017
Здоровье,asof_june,2018
Здоровье,asof_june,2019
Здоровье,asof_june,2021
Здоровье,asof_june,2022
Здоровье,asof_june,2023
Здоровье,asof_june,2024
Здоровье,asof_june,2025
Здоровье,asof_june,2027
Здоровье,asof_june,2028
Здоровье,asof_june,2030
Здоровье,asof_june,2031
Здоровье,asof_june,2032
Здоровье,asof_june,2033
Здоровье,asof_june,2034
Здоровье,asof_june,2035
Здоровье,asof_june,2036
Здоровье,asof_june,2037
Здоровье,asof_june,2039
Здоровье,asof_june,2040
Здоровье,asof_june,2041
Здоровье,asof_june,2042
Здоровье,asof_june,2043
Здоровье,asof_june,2044
Здоровье,asof_june,2045
Здоровье,asof_june,2046
Здоровье,asof_june,2047
Здоровье,asof_june,2048
Здоровье,asof_june,2049
Здоровье,asof_june,2050
Здоровье,asof_june,2051
Здоровье,asof_june,2052
Здоровье,asof_june,2053
Здоровье,asof_june,2054
Здоровье,asof_june,2055
Здоровье,asof_june,2056
Здоровье,asof_june,2057
Здоровье,asof_june,2058
Здоровье,asof_june,2059
Здоровье,asof_june,2060
Здоровье,asof_june,2061
Здоровье,asof_june,2062
Здоровье,asof_june,2063
Здоровье,asof_june,2064
Здоровье,asof_june,2065
Здоровье,asof_june,2066
Здоровье,asof_june,2067
Здоровье,asof_june,2068
Здоровье,asof_june,2069
Здоровье,asof_june,2070
Здоровье,asof_june,2072
Здоровье,asof_june,2073
Здоровье,asof_june,2074
Здоровье,asof_june,2075
Здоровье,asof_june,2076
Здоровье,asof_june,2077
Здоровье,asof_june,2078
Здоровье,asof_june,2079
Здоровье,asof_june,2080
Здоровье,asof_june,2081
Здоровье,asof_june,2082
Здоровье,asof_june,2085
Здоровье,asof_june,2087
Здоровье,asof_june,2088
Здоровье,asof_june,2089
Здоровье,asof_june,2090
Здоровье,asof_june,2091
Здоровье,asof_june,2093
Здоровье,asof_june,2094
Здоровье,asof_june,2095
Здоровье,asof_june,2096
Здоровье,asof_june,2098
Здоровье,asof_june,2100
Здоровье,asof_june,2101
Здоровье,asof_june,2105
Здоровье,asof_june,2108
Здоровье,asof_june,2109
Здоровье,asof_june,2110
Здоровье,asof_june,2111
Здоровье,asof_june,2112
Здоровье,asof_june,2113
Здоровье,asof_june,2114
Здоровье,asof_june,2116
Здоровье,asof_june,2117
Здоровье,asof_june,2118
Здоровье,asof_june,2119
Здоровье,asof_june,2120
Здоровье,asof_june,2121
Здоровье,asof_june,2122
Здоровье,asof_june,2124
Здоровье,asof_june,2125
Здоровье,asof_june,2126
Здоровье,asof_june,2127
Здоровье,asof_june,2128
Здоровье,asof_june,2129
Здоровье,asof_june,2130
Здоровье,asof_june,2131
Здоровье,asof_june,2132
Здоровье,asof_june,2133
Здоровье,asof_june,2134
Здоровье,asof_june,2136
Здоровье,asof_june,2137
Здоровье,asof_june,2138
Здоровье,asof_june,2139
Здоровье,asof_june,2140
Здоровье,asof_june,2142
Здоровье,asof_june,2143
Здоровье,asof_june,2144
Здоровье,asof_june,2145
Здоровье,asof_june,2146
Здоровье,asof_june,2148
Здоровье,asof_june,2149
Здоровье,asof_june,2150
Здоровье,asof_june,2151
Здоровье,asof_june,2152
Здоровье,asof_june,2153
Здоровье,asof_june,2154
Здоровье,asof_june,2155
Здоровье,asof_june,2156
Здоровье,asof_june,2157
Здоровье,asof_june,2158
Здоровье,asof_june,2159
Здоровье,asof_june,2160
Здоровье,asof_june,2161
Здоровье,asof_june,2162
Здоровье,asof_june,2163
Здоровье,asof_june,2164
Здоровье,asof_june,2165
Здоровье,asof_june,2167
Здоровье,asof_june,2168
Здоровье,asof_june,2169
Здоровье,asof_june,2171
Здоровье,asof_june,2172
Здоровье,asof_june,2173
Здоровье,asof_june,2174
Здоровье,asof_june,2175
Здоровье,asof_june,2176
Здоровье,asof_june,2177
Здоровье,asof_june,2178
Здоровье,asof_june,2179
Здоровье,asof_june,2180
Здоровье,asof_june,2181
Здоровье,asof_june,2182
Здоровье,asof_june,2183
Здоровье,asof_june,2184
Здоровье,asof_june,2185
Здоровье,asof_june,2186
Здоровье,asof_june,2187
Здоровье,asof_june,2188
Здоровье,asof_june,2189
Здоровье,asof_june,2190
Здоровье,asof_june,2191
Здоровье,asof_june,2192
Здоровье,asof_june,2193
Здоровье,asof_june,2194
Здоровье,asof_june,2195
Здоровье,asof_june,2196
Здоровье,asof_june,2197
Здоровье,asof_june,2198
Здоровье,asof_june,2199
Здоровье,asof_june,2200
Здоровье,asof_june,2201
Здоровье,asof_june,2202
Здоровье,asof_june,2203
Здоровье,asof_june,2204
Здоровье,asof_june,2205
Здоровье,asof_june,2206
Здоровье,asof_june,2207
Здоровье,asof_june,2208
Здоровье,asof_june,2210
Здоровье,asof_june,2211
Здоровье,asof_june,2212
Здоровье,asof_june,2213
Здоровье,asof_june,2215
Здоровье,asof_june,2216
Здоровье,asof_june,2217
Здоровье,asof_june,2218
Здоровье,asof_june,2219
Здоровье,asof_june,2220
Здоровье,asof_june,2221
Здоровье,asof_june,2222
Здоровье,asof_june,2223
Здоровье,asof_june,2224
Здоровье,asof_june,2225
Здоровье,asof_june,2226
Здоровье,asof_june,2227
Здоровье,asof_june,2228
Здоровье,asof_june,2229
Здоровье,asof_june,2230
Здоровье,asof_june,2231
Здоровье,asof_june,2232
Здоровье,asof_june,2233
Здоровье,asof_june,2234
Здоровье,asof_june,2235
Здоровье,asof_june,2236
Здоровье,asof_june,2237
Здоровье,asof_june,2238
Здоровье,asof_june,2241
Здоровье,asof_june,2242
Здоровье,asof_june,2243
Здоровье,asof_june,2244
Здоровье,asof_june,2245
Здоровье,asof_june,2248
Здоровье,asof_june,2249
Здоровье,asof_june,2250
Здоровье,asof_june,2251
Здоровье,asof_june,2252
Здоровье,asof_june,2253
Здоровье,asof_june,2254
Здоровье,asof_june,2255
Здоровье,asof_june,2256
Здоровье,asof_june,2257
Здоровье,asof_june,2258
Здоровье,asof_june,2259
Здоровье,asof_june,2260
Здоровье,asof_june,2262
Здоровье,asof_june,2264
Здоровье,asof_june,2265
Здоровье,asof_june,2266
Здоровье,asof_june,2267
Здоровье,asof_june,2268
Здоровье,asof_june,2269
Здоровье,asof_june,2270
Здоровье,asof_june,2271
Здоровье,asof_june,2272
Здоровье,asof_june,2274
Здоровье,asof_june,2275
Здоровье,asof_june,2276
Здоровье,asof_june,2278
Здоровье,asof_june,2279
Здоровье,asof_june,2280
Здоровье,asof_june,2281
Здоровье,asof_june,2282
Здоровье,asof_june,2286
Здоровье,asof_june,2287
Здоровье,asof_june,2288
Здоровье,asof_june,2289
Здоровье,asof_june,2292
Здоровье,asof_june,2293
Здоровье,asof_june,2294
Здоровье,asof_june,2295
Здоровье,asof_june,2296
Здоровье,asof_june,2297
Здоровье,asof_june,2298
Здоровье,asof_june,2299
Здоровье,asof_june,2300
Здоровье,asof_june,2301
Здоровье,asof_june,2302
Здоровье,asof_june,2303
Здоровье,asof_june,2304
Здоровье,asof_june,2305
Здоровье,asof_june,2307
Здоровье,asof_june,2308
Здоровье,asof_june,2309
Здоровье,asof_june,2310
Здоровье,asof_june,2311
Здоровье,asof_june,2312
Здоровье,asof_june,2314
Здоровье,asof_june,2315
Здоровье,asof_june,2316
Здоровье,asof_june,2317
Здоровье,asof_june,2318
Здоровье,asof_june,2320
Здоровье,asof_june,2321
Здоровье,asof_june,2322
Здоровье,asof_june,2323
Здоровье,asof_june,2324
Здоровье,asof_june,2325
Здоровье,asof_june,2326
Здоровье,asof_june,2327
Здоровье,asof_june,2328
Здоровье,asof_june,2329
Здоровье,asof_june,2330
Здоровье,asof_june,2332
Здоровье,asof_june,2333
Здоровье,asof_june,2334
Здоровье,asof_june,2335
Здоровье,asof_june,2336
Здоровье,asof_june,2337
Здоровье,asof_june,2338
Здоровье,asof_june,2339
Здоровье,asof_june,2340
Здоровье,asof_june,2341
Здоровье,asof_june,2342
Здоровье,asof_june,2343
Здоровье,asof_june,2344
Здоровье,asof_june,2345
Здоровье,asof_june,2348
Здоровье,asof_june,2349
Здоровье,asof_june,2351
Здоровье,asof_june,2352
Здоровье,asof_june,2353
Здоровье,asof_june,2354
Здоровье,asof_june,2355
Здоровье,asof_june,2356
Здоровье,asof_june,2357
Здоровье,asof_june,2358
Здоровье,asof_june,2359
Здоровье,asof_june,2360
Здоровье,asof_june,2361
Здоровье,asof_june,2362
Здоровье,asof_june,2363
Здоровье,asof_june,2364
Здоровье,asof_june,2365
Здоровье,asof_june,2366
Здоровье,asof_june,2367
Здоровье,asof_june,2368
Здоровье,asof_june,2369
Здоровье,asof_june,2370
Здоровье,asof_june,2371
Здоровье,asof_june,2372
Здоровье,asof_june,2373
Здоровье,asof_june,2374
Здоровье,asof_june,2375
Здоровье,asof_june,2376
Здоровье,asof_june,2377
Здоровье,asof_june,2378
Здоровье,asof_june,2379
Здоровье,asof_june,2380
Здоровье,asof_june,2381
Здоровье,asof_june,2382
Здоровье,asof_june,2383
Здоровье,asof_june,2384
Здоровье,asof_june,2385
Здоровье,asof_june,2386
Здоровье,asof_june,2387
Здоровье,asof_june,2388
Здоровье,asof_june,2389
Здоровье,asof_june,2390
Здоровье,asof_june,2391
Здоровье,asof_june,2392
Здоровье,asof_june,2393
Здоровье,asof_june,2395
Здоровье,asof_june,2398
Здоровье,asof_june,2399
Здоровье,asof_june,2400
Здоровье,asof_june,2401
Здоровье,asof_june,2402
Здоровье,asof_june,2403
Здоровье,asof_june,2404
Здоровье,asof_june,2405
Здоровье,asof_june,2406
Здоровье,asof_june,2407
Здоровье,asof_june,2408
Здоровье,asof_june,2409
Здоровье,asof_june,2410
Здоровье,asof_june,2411
Здоровье,asof_june,2412
Здоровье,asof_june,2416
Здоровье,asof_june,2422
Здоровье,asof_june,2423
Здоровье,asof_june,2424
Здоровье,asof_june,2425
Здоровье,asof_june,2426
Здоровье,asof_june,2427
Здоровье,asof_june,2428
Здоровье,asof_june,2429
Здоровье,asof_june,2430
Здоровье,asof_june,2431
Здоровье,asof_june,2432
Здоровье,asof_june,2433
Здоровье,asof_june,2434
Здоровье,asof_june,2435
Здоровье,asof_june,2436
Здоровье,asof_june,2437
Здоровье,asof_june,2439
Здоровье,asof_june,2440
Здоровье,asof_june,2441
Здоровье,asof_june,2442
Здоровье,asof_june,2443
Здоровье,asof_june,2444
Здоровье,asof_june,2445
Здоровье,asof_june,2446
Здоровье,asof_june,2447
Здоровье,asof_june,2449
Здоровье,asof_june,2450
Здоровье,asof_june,2451
Здоровье,asof_june,2452
Здоровье,asof_june,2453
Здоровье,asof_june,2454
Здоровье,asof_june,2455
Здоровье,asof_june,2456
Здоровье,asof_june,2457
Здоровье,asof_june,2458
Здоровье,asof_june,2459
Здоровье,asof_june,2460
Здоровье,asof_june,2461
Здоровье,asof_june,2462
Здоровье,asof_june,2463
Здоровье,asof_june,2464
Здоровье,asof_june,2465
Здоровье,asof_june,2466
Здоровье,asof_june,2467
Здоровье,asof_june,2468
Здоровье,asof_june,2469
Здоровье,asof_june,2470
Здоровье,asof_june,2471
Здоровье,asof_june,2472
Здоровье,asof_june,2473
Здоровье,asof_june,2474
Здоровье,asof_june,2475
Здоровье,asof_june,2476
Здоровье,asof_june,2477
Здоровье,asof_june,2478
Здоровье,asof_june,2479
Здоровье,asof_june,2480
Здоровье,asof_june,2481
Здоровье,asof_june,2482
Здоровье,asof_june,2483
Здоровье,asof_june,2484
Здоровье,asof_june,2485
Здоровье,asof_june,2486
Здоровье,asof_june,2487
Здоровье,asof_june,2488
Здоровье,asof_june,2489
Здоровье,asof_june,2490
Здоровье,asof_june,2491
Здоровье,asof_june,2492
Здоровье,asof_june,2493
Здоровье,asof_june,2494
Здоровье,asof_june,2495
Здоровье,asof_june,2496
Здоровье,asof_june,2497
Здоровье,asof_june,2498
Здоровье,asof_june,2499
Здоровье,asof_june,2500
Здоровье,asof_june,2501
Здоровье,asof_june,2502
Здоровье,asof_june,2503
Здоровье,asof_june,2504
Здоровье,asof_june,2505
Здоровье,asof_june,2506
Здоровье,asof_june,2507
Здоровье,asof_june,2508
Здоровье,asof_june,2509
Здоровье,asof_june,2510
Здоровье,asof_june,2511
Здоровье,asof_june,2512
Здоровье,asof_june,2513
Здоровье,asof_june,2514
Здоровье,asof_june,2515
Здоровье,asof_june,2516
Здоровье,asof_june,2517
Здоровье,asof_june,2518
Здоровье,asof_june,2519
Здоровье,asof_june,2520
Здоровье,asof_june,2521
Здоровье,asof_june,2522
Здоровье,asof_june,2523
Здоровье,asof_june,2524
Здоровье,asof_june,2525
Здоровье,asof_june,2526
Здоровье,asof_june,2527
Здоровье,asof_june,2528
Здоровье,asof_june,2529
Здоровье,asof_june,2530
Здоровье,asof_june,2531
Здоровье,asof_june,2532
Здоровье,asof_june,2533
Здоровье,asof_june,2534
Здоровье,asof_june,2535
Здоровье,asof_june,2536
Здоровье,asof_june,2537
Здоровье,asof_june,2538
Здоровье,asof_june,2539
Здоровье,asof_june,2540
Здоровье,asof_june,2541
Здоровье,asof_june,2542
Здоровье,asof_june,2543
Здоровье,asof_june,2544
Здоровье,asof_june,2545
Здоровье,asof_june,2546
Здоровье,asof_june,2547
Здоровье,asof_june,2548
Здоровье,asof_june,2549
Здоровье,asof_june,2550
Здоровье,asof_june,2551
Здоровье,asof_june,2552
Здоровье,asof_june,2553
Здоровье,asof_june,2554
Здоровье,asof_june,2555
Здоровье,asof_june,2556
Здоровье,asof_june,2557
Здоровье,asof_june,2558
Здоровье,asof_june,2559
Здоровье,asof_june,2560
Здоровье,asof_june,2561
Здоровье,asof_june,2562
Здоровье,asof_june,2563
Здоровье,asof_june,2564
Здоровье,asof_june,2565
Здоровье,asof_june,2566
Здоровье,asof_june,2567
Здоровье,asof_june,2568
Здоровье,asof_june,2569
Здоровье,asof_june,2570
Здоровье,asof_june,2571
Здоровье,asof_june,2572
Здоровье,asof_june,2573
Здоровье,asof_june,2574
Здоровье,asof_june,2575
Здоровье,asof_june,2576
Здоровье,asof_june,2577
Здоровье,asof_june,2578
Здоровье,asof_june,2579
Здоровье,asof_june,2580
Здоровье,asof_june,2581
Здоровье,asof_june,2582
Здоровье,asof_june,2583
Здоровье,asof_june,2584
Здоровье,asof_june,2585
Здоровье,asof_june,2586
Здоровье,asof_june,2587
Здоровье,asof_june,2588
Здоровье,asof_june,2589
Здоровье,asof_june,2590
Здоровье,asof_june,2591
Здоровье,asof_june,2592
Здоровье,asof_june,2593
Здоровье,asof_june,2595
Здоровье,asof_june,2596
Здоровье,asof_june,2597
Здоровье,asof_june,2598
Здоровье,asof_june,2599
Здоровье,asof_june,2600
Здоровье,asof_june,2601
Здоровье,asof_june,2602
Здоровье,asof_june,2604
Здоровье,asof_june,2605
Здоровье,asof_june,2606
Здоровье,asof_june,2607
Здоровье,asof_june,2618
Здоровье,asof_june,2619
Здоровье,asof_june,2620
Здоровье,asof_june,2621
Здоровье,asof_june,2644
Здоровье,asof_june,2646
Здоровье,asof_june,2647
Здоровье,asof_june,2648
Здоровье,asof_june,2649
Здоровье,asof_june,2651
Здоровье,asof_june,2652
Здоровье,asof_june,2710
Здоровье,asof_june,2808
Здоровье,asof_june,2809
Здоровье,asof_june,2813
Здоровье,asof_june,2814
Здоровье,asof_june,2872
Здоровье,asof_june,2876
Здоровье,asof_june,2879
Здоровье,asof_june,2880
Здоровье,asof_june,2881
Здоровье,asof_june,2882
Здоровье,asof_june,2883
Здоровье,asof_june,2884
Здоровье,asof_june,2885
Здоровье,asof_june,2886
Здоровье,asof_june,2887
Здоровье,asof_june,3005
Здоровье,asof_june,3007
Здоровье,asof_june,3009
Здоровье,asof_june,3011
Здоровье,asof_june,3012
Здоровье,asof_june,3013
Здоровье,balanced_future_reference,1
Здоровье,balanced_future_reference,2
Здоровье,balanced_future_reference,3
Здоровье,balanced_future_reference,4
Здоровье,balanced_future_reference,5
Здоровье,balanced_future_reference,6
Здоровье,balanced_future_reference,7
Здоровье,balanced_future_reference,8
Здоровье,balanced_future_reference,9
Здоровье,balanced_future_reference,10
Здоровье,balanced_future_reference,11
Здоровье,balanced_future_reference,12
Здоровье,balanced_future_reference,13
Здоровье,balanced_future_reference,14
Здоровье,balanced_future_reference,15
Здоровье,balanced_future_reference,16
Здоровье,balanced_future_reference,17
Здоровье,balanced_future_reference,18
Здоровье,balanced_future_reference,19
Здоровье,balanced_future_reference,20
Здоровье,balanced_future_reference,21
Здоровье,balanced_future_reference,22
Здоровье,balanced_future_reference,23
Здоровье,balanced_future_reference,25
Здоровье,balanced_future_reference,26
Здоровье,balanced_future_reference,27
Здоровье,balanced_future_reference,28
Здоровье,balanced_future_reference,29
Здоровье,balanced_future_reference,30
Здоровье,balanced_future_reference,31
Здоровье,balanced_future_reference,32
Здоровье,balanced_future_reference,33
Здоровье,balanced_future_reference,34
Здоровье,balanced_future_reference,35
Здоровье,balanced_future_reference,36
Здоровье,balanced_future_reference,37
Здоровье,balanced_future_reference,38
Здоровье,balanced_future_reference,39
Здоровье,balanced_future_reference,40
Здоровье,balanced_future_reference,41
Здоровье,balanced_future_reference,42
Здоровье,balanced_future_reference,43
Здоровье,balanced_future_reference,44
Здоровье,balanced_future_reference,45
Здоровье,balanced_future_reference,46
Здоровье,balanced_future_reference,47
Здоровье,balanced_future_reference,48
Здоровье,balanced_future_reference,49
Здоровье,balanced_future_reference,50
Здоровье,balanced_future_reference,51
Здоровье,balanced_future_reference,52
Здоровье,balanced_future_reference,53
Здоровье,balanced_future_reference,54
Здоровье,balanced_future_reference,55
Здоровье,balanced_future_reference,56
Здоровье,balanced_future_reference,57
Здоровье,balanced_future_reference,58
Здоровье,balanced_future_reference,59
Здоровье,balanced_future_reference,60
Здоровье,balanced_future_reference,61
Здоровье,balanced_future_reference,62
Здоровье,balanced_future_reference,63
Здоровье,balanced_future_reference,65
Здоровье,balanced_future_reference,66
Здоровье,balanced_future_reference,67
Здоровье,balanced_future_reference,68
Здоровье,balanced_future_reference,69
Здоровье,balanced_future_reference,70
Здоровье,balanced_future_reference,71
Здоровье,balanced_future_reference,72
Здоровье,balanced_future_reference,73
Здоровье,balanced_future_reference,74
Здоровье,balanced_future_reference,75
Здоровье,balanced_future_reference,76
Здоровье,balanced_future_reference,77
Здоровье,balanced_future_reference,78
Здоровье,balanced_future_reference,79
Здоровье,balanced_future_reference,80
Здоровье,balanced_future_reference,81
Здоровье,balanced_future_reference,82
Здоровье,balanced_future_reference,83
Здоровье,balanced_future_reference,167
Здоровье,balanced_future_reference,168
Здоровье,balanced_future_reference,169
Здоровье,balanced_future_reference,173
Здоровье,balanced_future_reference,181
Здоровье,balanced_future_reference,184
Здоровье,balanced_future_reference,185
Здоровье,balanced_future_reference,188
Здоровье,balanced_future_reference,191
Здоровье,balanced_future_reference,194
Здоровье,balanced_future_reference,195
Здоровье,balanced_future_reference,196
Здоровье,balanced_future_reference,198
Здоровье,balanced_future_reference,201
Здоровье,balanced_future_reference,203
Здоровье,balanced_future_reference,204
Здоровье,balanced_future_reference,205
Здоровье,balanced_future_reference,206
Здоровье,balanced_future_reference,207
Здоровье,balanced_future_reference,208
Здоровье,balanced_future_reference,209
Здоровье,balanced_future_reference,210
Здоровье,balanced_future_reference,211
Здоровье,balanced_future_reference,212
Здоровье,balanced_future_reference,213
Здоровье,balanced_future_reference,214
Здоровье,balanced_future_reference,215
Здоровье,balanced_future_reference,216
Здоровье,balanced_future_reference,217
Здоровье,balanced_future_reference,218
Здоровье,balanced_future_reference,219
Здоровье,balanced_future_reference,220
Здоровье,balanced_future_reference,221
Здоровье,balanced_future_reference,222
Здоровье,balanced_future_reference,223
Здоровье,balanced_future_reference,224
Здоровье,balanced_future_reference,225
Здоровье,balanced_future_reference,226
Здоровье,balanced_future_reference,227
Здоровье,balanced_future_reference,228
Здоровье,balanced_future_reference,229
Здоровье,balanced_future_reference,230
Здоровье,balanced_future_reference,231
Здоровье,balanced_future_reference,232
Здоровье,balanced_future_reference,233
Здоровье,balanced_future_reference,234
Здоровье,balanced_future_reference,235
Здоровье,balanced_future_reference,236
Здоровье,balanced_future_reference,237
Здоровье,balanced_future_reference,238
Здоровье,balanced_future_reference,239
Здоровье,balanced_future_reference,240
Здоровье,balanced_future_reference,241
Здоровье,balanced_future_reference,242
Здоровье,balanced_future_reference,243
Здоровье,balanced_future_reference,269
Здоровье,balanced_future_reference,270
Здоровье,balanced_future_reference,271
Здоровье,balanced_future_reference,272
Здоровье,balanced_future_reference,273
Здоровье,balanced_future_reference,274
Здоровье,balanced_future_reference,275
Здоровье,balanced_future_reference,276
Здоровье,balanced_future_reference,277
Здоровье,balanced_future_reference,278
Здоровье,balanced_future_reference,279
Здоровье,balanced_future_reference,280
Здоровье,balanced_future_reference,281
Здоровье,balanced_future_reference,282
Здоровье,balanced_future_reference,283
Здоровье,balanced_future_reference,284
Здоровье,balanced_future_reference,285
Здоровье,balanced_future_reference,287
Здоровье,balanced_future_reference,288
Здоровье,balanced_future_reference,289
Здоровье,balanced_future_reference,290
Здоровье,balanced_future_reference,292
Здоровье,balanced_future_reference,293
Здоровье,balanced_future_reference,294
Здоровье,balanced_future_reference,295
Здоровье,balanced_future_reference,296
Здоровье,balanced_future_reference,297
Здоровье,balanced_future_reference,298
Здоровье,balanced_future_reference,300
Здоровье,balanced_future_reference,301
Здоровье,balanced_future_reference,302
Здоровье,balanced_future_reference,303
Здоровье,balanced_future_reference,304
Здоровье,balanced_future_reference,305
Здоровье,balanced_future_reference,306
Здоровье,balanced_future_reference,307
Здоровье,balanced_future_reference,308
Здоровье,balanced_future_reference,309
Здоровье,balanced_future_reference,312
Здоровье,balanced_future_reference,314
Здоровье,balanced_future_reference,316
Здоровье,balanced_future_reference,317
Здоровье,balanced_future_reference,318
Здоровье,balanced_future_reference,319
Здоровье,balanced_future_reference,320
Здоровье,balanced_future_reference,321
Здоровье,balanced_future_reference,323
Здоровье,balanced_future_reference,324
Здоровье,balanced_future_reference,325
Здоровье,balanced_future_reference,326
Здоровье,balanced_future_reference,327
Здоровье,balanced_future_reference,329
Здоровье,balanced_future_reference,330
Здоровье,balanced_future_reference,331
Здоровье,balanced_future_reference,332
Здоровье,balanced_future_reference,333
Здоровье,balanced_future_reference,334
Здоровье,balanced_future_reference,335
Здоровье,balanced_future_reference,336
Здоровье,balanced_future_reference,337
Здоровье,balanced_future_reference,338
Здоровье,balanced_future_reference,339
Здоровье,balanced_future_reference,340
Здоровье,balanced_future_reference,341
Здоровье,balanced_future_reference,342
Здоровье,balanced_future_reference,343
Здоровье,balanced_future_reference,345
Здоровье,balanced_future_reference,346
Здоровье,balanced_future_reference,347
Здоровье,balanced_future_reference,348
Здоровье,balanced_future_reference,349
Здоровье,balanced_future_reference,351
Здоровье,balanced_future_reference,352
Здоровье,balanced_future_reference,354
Здоровье,balanced_future_reference,355
Здоровье,balanced_future_reference,356
Здоровье,balanced_future_reference,357
Здоровье,balanced_future_reference,358
Здоровье,balanced_future_reference,359
Здоровье,balanced_future_reference,360
Здоровье,balanced_future_reference,361
Здоровье,balanced_future_reference,362
Здоровье,balanced_future_reference,363
Здоровье,balanced_future_reference,364
Здоровье,balanced_future_reference,365
Здоровье,balanced_future_reference,366
Здоровье,balanced_future_reference,367
Здоровье,balanced_future_reference,368
Здоровье,balanced_future_reference,369
Здоровье,balanced_future_reference,370
Здоровье,balanced_future_reference,371
Здоровье,balanced_future_reference,372
Здоровье,balanced_future_reference,373
Здоровье,balanced_future_reference,374
Здоровье,balanced_future_reference,375
Здоровье,balanced_future_reference,376
Здоровье,balanced_future_reference,377
Здоровье,balanced_future_reference,378
Здоровье,balanced_future_reference,379
Здоровье,balanced_future_reference,380
Здоровье,balanced_future_reference,381
Здоровье,balanced_future_reference,382
Здоровье,balanced_future_reference,383
Здоровье,balanced_future_reference,384
Здоровье,balanced_future_reference,385
Здоровье,balanced_future_reference,386
Здоровье,balanced_future_reference,387
Здоровье,balanced_future_reference,388
Здоровье,balanced_future_reference,390
Здоровье,balanced_future_reference,391
Здоровье,balanced_future_reference,392
Здоровье,balanced_future_reference,393
Здоровье,balanced_future_reference,395
Здоровье,balanced_future_reference,396
Здоровье,balanced_future_reference,397
Здоровье,balanced_future_reference,398
Здоровье,balanced_future_reference,401
Здоровье,balanced_future_reference,402
Здоровье,balanced_future_reference,403
Здоровье,balanced_future_reference,404
Здоровье,balanced_future_reference,405
Здоровье,balanced_future_reference,408
Здоровье,balanced_future_reference,410
Здоровье,balanced_future_reference,413
Здоровье,balanced_future_reference,414
Здоровье,balanced_future_reference,416
Здоровье,balanced_future_reference,418
Здоровье,balanced_future_reference,419
Здоровье,balanced_future_reference,420
Здоровье,balanced_future_reference,421
Здоровье,balanced_future_reference,422
Здоровье,balanced_future_reference,423
Здоровье,balanced_future_reference,424
Здоровье,balanced_future_reference,425
Здоровье,balanced_future_reference,428
Здоровье,balanced_future_reference,429
Здоровье,balanced_future_reference,430
Здоровье,balanced_future_reference,431
Здоровье,balanced_future_reference,432
Здоровье,balanced_future_reference,433
Здоровье,balanced_future_reference,434
Здоровье,balanced_future_reference,435
Здоровье,balanced_future_reference,436
Здоровье,balanced_future_reference,437
Здоровье,balanced_future_reference,438
Здоровье,balanced_future_reference,440
Здоровье,balanced_future_reference,441
Здоровье,balanced_future_reference,442
Здоровье,balanced_future_reference,443
Здоровье,balanced_future_reference,444
Здоровье,balanced_future_reference,445
Здоровье,balanced_future_reference,446
Здоровье,balanced_future_reference,447
Здоровье,balanced_future_reference,448
Здоровье,balanced_future_reference,449
Здоровье,balanced_future_reference,450
Здоровье,balanced_future_reference,451
Здоровье,balanced_future_reference,452
Здоровье,balanced_future_reference,453
Здоровье,balanced_future_reference,455
Здоровье,balanced_future_reference,456
Здоровье,balanced_future_reference,457
Здоровье,balanced_future_reference,458
Здоровье,balanced_future_reference,459
Здоровье,balanced_future_reference,460
Здоровье,balanced_future_reference,478
Здоровье,balanced_future_reference,479
Здоровье,balanced_future_reference,480
Здоровье,balanced_future_reference,481
Здоровье,balanced_future_reference,482
Здоровье,balanced_future_reference,484
Здоровье,balanced_future_reference,485
Здоровье,balanced_future_reference,486
Здоровье,balanced_future_reference,487
Здоровье,balanced_future_reference,489
Здоровье,balanced_future_reference,490
Здоровье,balanced_future_reference,491
Здоровье,balanced_future_reference,492
Здоровье,balanced_future_reference,493
Здоровье,balanced_future_reference,494
Здоровье,balanced_future_reference,495
Здоровье,balanced_future_reference,496
Здоровье,balanced_future_reference,497
Здоровье,balanced_future_reference,498
Здоровье,balanced_future_reference,499
Здоровье,balanced_future_reference,501
Здоровье,balanced_future_reference,502
Здоровье,balanced_future_reference,503
Здоровье,balanced_future_reference,504
Здоровье,balanced_future_reference,505
Здоровье,balanced_future_reference,506
Здоровье,balanced_future_reference,507
Здоровье,balanced_future_reference,508
Здоровье,balanced_future_reference,509
Здоровье,balanced_future_reference,510
Здоровье,balanced_future_reference,511
Здоровье,balanced_future_reference,512
Здоровье,balanced_future_reference,515
Здоровье,balanced_future_reference,516
Здоровье,balanced_future_reference,517
Здоровье,balanced_future_reference,518
Здоровье,balanced_future_reference,519
Здоровье,balanced_future_reference,520
Здоровье,balanced_future_reference,521
Здоровье,balanced_future_reference,522
Здоровье,balanced_future_reference,523
Здоровье,balanced_future_reference,524
Здоровье,balanced_future_reference,525
Здоровье,balanced_future_reference,527
Здоровье,balanced_future_reference,528
Здоровье,balanced_future_reference,529
Здоровье,balanced_future_reference,530
Здоровье,balanced_future_reference,531
Здоровье,balanced_future_reference,532
Здоровье,balanced_future_reference,533
Здоровье,balanced_future_reference,534
Здоровье,balanced_future_reference,535
Здоровье,balanced_future_reference,536
Здоровье,balanced_future_reference,537
Здоровье,balanced_future_reference,538
Здоровье,balanced_future_reference,539
Здоровье,balanced_future_reference,540
Здоровье,balanced_future_reference,541
Здоровье,balanced_future_reference,542
Здоровье,balanced_future_reference,543
Здоровье,balanced_future_reference,544
Здоровье,balanced_future_reference,545
Здоровье,balanced_future_reference,546
Здоровье,balanced_future_reference,547
Здоровье,balanced_future_reference,548
Здоровье,balanced_future_reference,549
Здоровье,balanced_future_reference,550
Здоровье,balanced_future_reference,552
Здоровье,balanced_future_reference,553
Здоровье,balanced_future_reference,554
Здоровье,balanced_future_reference,555
Здоровье,balanced_future_reference,556
Здоровье,balanced_future_reference,557
Здоровье,balanced_future_reference,558
Здоровье,balanced_future_reference,559
Здоровье,balanced_future_reference,560
Здоровье,balanced_future_reference,561
Здоровье,balanced_future_reference,562
Здоровье,balanced_future_reference,563
Здоровье,balanced_future_reference,564
Здоровье,balanced_future_reference,565
Здоровье,balanced_future_reference,566
Здоровье,balanced_future_reference,567
Здоровье,balanced_future_reference,568
Здоровье,balanced_future_reference,569
Здоровье,balanced_future_reference,570
Здоровье,balanced_future_reference,571
Здоровье,balanced_future_reference,572
Здоровье,balanced_future_reference,574
Здоровье,balanced_future_reference,578
Здоровье,balanced_future_reference,579
Здоровье,balanced_future_reference,580
Здоровье,balanced_future_reference,581
Здоровье,balanced_future_reference,582
Здоровье,balanced_future_reference,583
Здоровье,balanced_future_reference,584
Здоровье,balanced_future_reference,585
Здоровье,balanced_future_reference,586
Здоровье,balanced_future_reference,587
Здоровье,balanced_future_reference,588
Здоровье,balanced_future_reference,589
Здоровье,balanced_future_reference,591
Здоровье,balanced_future_reference,592
Здоровье,balanced_future_reference,593
Здоровье,balanced_future_reference,594
Здоровье,balanced_future_reference,595
Здоровье,balanced_future_reference,598
Здоровье,balanced_future_reference,599
Здоровье,balanced_future_reference,600
Здоровье,balanced_future_reference,601
Здоровье,balanced_future_reference,602
Здоровье,balanced_future_reference,603
Здоровье,balanced_future_reference,604
Здоровье,balanced_future_reference,605
Здоровье,balanced_future_reference,606
Здоровье,balanced_future_reference,607
Здоровье,balanced_future_reference,608
Здоровье,balanced_future_reference,612
Здоровье,balanced_future_reference,613
Здоровье,balanced_future_reference,614
Здоровье,balanced_future_reference,615
Здоровье,balanced_future_reference,616
Здоровье,balanced_future_reference,618
Здоровье,balanced_future_reference,619
Здоровье,balanced_future_reference,621
Здоровье,balanced_future_reference,666
Здоровье,balanced_future_reference,667
Здоровье,balanced_future_reference,668
Здоровье,balanced_future_reference,669
Здоровье,balanced_future_reference,670
Здоровье,balanced_future_reference,671
Здоровье,balanced_future_reference,674
Здоровье,balanced_future_reference,675
Здоровье,balanced_future_reference,676
Здоровье,balanced_future_reference,677
Здоровье,balanced_future_reference,678
Здоровье,balanced_future_reference,679
Здоровье,balanced_future_reference,680
Здоровье,balanced_future_reference,683
Здоровье,balanced_future_reference,685
Здоровье,balanced_future_reference,686
Здоровье,balanced_future_reference,687
Здоровье,balanced_future_reference,689
Здоровье,balanced_future_reference,690
Здоровье,balanced_future_reference,691
Здоровье,balanced_future_reference,692
Здоровье,balanced_future_reference,693
Здоровье,balanced_future_reference,694
Здоровье,balanced_future_reference,695
Здоровье,balanced_future_reference,696
Здоровье,balanced_future_reference,697
Здоровье,balanced_future_reference,698
Здоровье,balanced_future_reference,699
Здоровье,balanced_future_reference,701
Здоровье,balanced_future_reference,702
Здоровье,balanced_future_reference,703
Здоровье,balanced_future_reference,704
Здоровье,balanced_future_reference,705
Здоровье,balanced_future_reference,706
Здоровье,balanced_future_reference,708
Здоровье,balanced_future_reference,710
Здоровье,balanced_future_reference,711
Здоровье,balanced_future_reference,712
Здоровье,balanced_future_reference,713
Здоровье,balanced_future_reference,714
Здоровье,balanced_future_reference,715
Здоровье,balanced_future_reference,716
Здоровье,balanced_future_reference,717
Здоровье,balanced_future_reference,718
Здоровье,balanced_future_reference,719
Здоровье,balanced_future_reference,720
Здоровье,balanced_future_reference,721
Здоровье,balanced_future_reference,722
Здоровье,balanced_future_reference,723
Здоровье,balanced_future_reference,725
Здоровье,balanced_future_reference,726
Здоровье,balanced_future_reference,727
Здоровье,balanced_future_reference,731
Здоровье,balanced_future_reference,734
Здоровье,balanced_future_reference,735
Здоровье,balanced_future_reference,736
Здоровье,balanced_future_reference,737
Здоровье,balanced_future_reference,738
Здоровье,balanced_future_reference,739
Здоровье,balanced_future_reference,741
Здоровье,balanced_future_reference,742
Здоровье,balanced_future_reference,743
Здоровье,balanced_future_reference,744
Здоровье,balanced_future_reference,745
Здоровье,balanced_future_reference,746
Здоровье,balanced_future_reference,747
Здоровье,balanced_future_reference,748
Здоровье,balanced_future_reference,749
Здоровье,balanced_future_reference,751
Здоровье,balanced_future_reference,752
Здоровье,balanced_future_reference,753
Здоровье,balanced_future_reference,754
Здоровье,balanced_future_reference,755
Здоровье,balanced_future_reference,756
Здоровье,balanced_future_reference,757
Здоровье,balanced_future_reference,758
Здоровье,balanced_future_reference,760
Здоровье,balanced_future_reference,761
Здоровье,balanced_future_reference,763
Здоровье,balanced_future_reference,764
Здоровье,balanced_future_reference,765
Здоровье,balanced_future_reference,766
Здоровье,balanced_future_reference,767
Здоровье,balanced_future_reference,769
Здоровье,balanced_future_reference,770
Здоровье,balanced_future_reference,771
Здоровье,balanced_future_reference,773
Здоровье,balanced_future_reference,774
Здоровье,balanced_future_reference,775
Здоровье,balanced_future_reference,776
Здоровье,balanced_future_reference,777
Здоровье,balanced_future_reference,778
Здоровье,balanced_future_reference,779
Здоровье,balanced_future_reference,780
Здоровье,balanced_future_reference,781
Здоровье,balanced_future_reference,782
Здоровье,balanced_future_reference,783
Здоровье,balanced_future_reference,784
Здоровье,balanced_future_reference,785
Здоровье,balanced_future_reference,787
Здоровье,balanced_future_reference,788
Здоровье,balanced_future_reference,789
Здоровье,balanced_future_reference,790
Здоровье,balanced_future_reference,791
Здоровье,balanced_future_reference,792
Здоровье,balanced_future_reference,793
Здоровье,balanced_future_reference,794
Здоровье,balanced_future_reference,795
Здоровье,balanced_future_reference,796
Здоровье,balanced_future_reference,797
Здоровье,balanced_future_reference,798
Здоровье,balanced_future_reference,799
Здоровье,balanced_future_reference,800
Здоровье,balanced_future_reference,801
Здоровье,balanced_future_reference,802
Здоровье,balanced_future_reference,803
Здоровье,balanced_future_reference,804
Здоровье,balanced_future_reference,805
Здоровье,balanced_future_reference,806
Здоровье,balanced_future_reference,807
Здоровье,balanced_future_reference,808
Здоровье,balanced_future_reference,809
Здоровье,balanced_future_reference,810
Здоровье,balanced_future_reference,811
Здоровье,balanced_future_reference,812
Здоровье,balanced_future_reference,813
Здоровье,balanced_future_reference,814
Здоровье,balanced_future_reference,815
Здоровье,balanced_future_reference,817
Здоровье,balanced_future_reference,818
Здоровье,balanced_future_reference,819
Здоровье,balanced_future_reference,820
Здоровье,balanced_future_reference,821
Здоровье,balanced_future_reference,822
Здоровье,balanced_future_reference,823
Здоровье,balanced_future_reference,824
Здоровье,balanced_future_reference,825
Здоровье,balanced_future_reference,826
Здоровье,balanced_future_reference,827
Здоровье,balanced_future_reference,828
Здоровье,balanced_future_reference,829
Здоровье,balanced_future_reference,830
Здоровье,balanced_future_reference,831
Здоровье,balanced_future_reference,832
Здоровье,balanced_future_reference,833
Здоровье,balanced_future_reference,834
Здоровье,balanced_future_reference,835
Здоровье,balanced_future_reference,836
Здоровье,balanced_future_reference,838
Здоровье,balanced_future_reference,839
Здоровье,balanced_future_reference,840
Здоровье,balanced_future_reference,841
Здоровье,balanced_future_reference,842
Здоровье,balanced_future_reference,843
Здоровье,balanced_future_reference,844
Здоровье,balanced_future_reference,846
Здоровье,balanced_future_reference,847
Здоровье,balanced_future_reference,848
Здоровье,balanced_future_reference,849
Здоровье,balanced_future_reference,851
Здоровье,balanced_future_reference,852
Здоровье,balanced_future_reference,853
Здоровье,balanced_future_reference,854
Здоровье,balanced_future_reference,855
Здоровье,balanced_future_reference,856
Здоровье,balanced_future_reference,857
Здоровье,balanced_future_reference,859
Здоровье,balanced_future_reference,860
Здоровье,balanced_future_reference,870
Здоровье,balanced_future_reference,871
Здоровье,balanced_future_reference,872
Здоровье,balanced_future_reference,873
Здоровье,balanced_future_reference,874
Здоровье,balanced_future_reference,875
Здоровье,balanced_future_reference,876
Здоровье,balanced_future_reference,877
Здоровье,balanced_future_reference,878
Здоровье,balanced_future_reference,879
Здоровье,balanced_future_reference,880
Здоровье,balanced_future_reference,881
Здоровье,balanced_future_reference,882
Здоровье,balanced_future_reference,883
Здоровье,balanced_future_reference,884
Здоровье,balanced_future_reference,885
Здоровье,balanced_future_reference,886
Здоровье,balanced_future_reference,888
Здоровье,balanced_future_reference,889
Здоровье,balanced_future_reference,890
Здоровье,balanced_future_reference,891
Здоровье,balanced_future_reference,892
Здоровье,balanced_future_reference,895
Здоровье,balanced_future_reference,896
Здоровье,balanced_future_reference,897
Здоровье,balanced_future_reference,898
Здоровье,balanced_future_reference,899
Здоровье,balanced_future_reference,900
Здоровье,balanced_future_reference,901
Здоровье,balanced_future_reference,902
Здоровье,balanced_future_reference,903
Здоровье,balanced_future_reference,904
Здоровье,balanced_future_reference,905
Здоровье,balanced_future_reference,907
Здоровье,balanced_future_reference,908
Здоровье,balanced_future_reference,909
Здоровье,balanced_future_reference,911
Здоровье,balanced_future_reference,912
Здоровье,balanced_future_reference,913
Здоровье,balanced_future_reference,914
Здоровье,balanced_future_reference,915
Здоровье,balanced_future_reference,916
Здоровье,balanced_future_reference,917
Здоровье,balanced_future_reference,918
Здоровье,balanced_future_reference,920
Здоровье,balanced_future_reference,922
Здоровье,balanced_future_reference,923
Здоровье,balanced_future_reference,924
Здоровье,balanced_future_reference,925
Здоровье,balanced_future_reference,926
Здоровье,balanced_future_reference,927
Здоровье,balanced_future_reference,928
Здоровье,balanced_future_reference,929
Здоровье,balanced_future_reference,930
Здоровье,balanced_future_reference,986
Здоровье,balanced_future_reference,987
Здоровье,balanced_future_reference,988
Здоровье,balanced_future_reference,989
Здоровье,balanced_future_reference,991
Здоровье,balanced_future_reference,992
Здоровье,balanced_future_reference,993
Здоровье,balanced_future_reference,994
Здоровье,balanced_future_reference,995
Здоровье,balanced_future_reference,996
Здоровье,balanced_future_reference,998
Здоровье,balanced_future_reference,999
Здоровье,balanced_future_reference,1001
Здоровье,balanced_future_reference,1002
Здоровье,balanced_future_reference,1003
Здоровье,balanced_future_reference,1004
Здоровье,balanced_future_reference,1005
Здоровье,balanced_future_reference,1006
Здоровье,balanced_future_reference,1007
Здоровье,balanced_future_reference,1008
Здоровье,balanced_future_reference,1009
Здоровье,balanced_future_reference,1010
Здоровье,balanced_future_reference,1011
Здоровье,balanced_future_reference,1012
Здоровье,balanced_future_reference,1013
Здоровье,balanced_future_reference,1014
Здоровье,balanced_future_reference,1015
Здоровье,balanced_future_reference,1016
Здоровье,balanced_future_reference,1017
Здоровье,balanced_future_reference,1018
Здоровье,balanced_future_reference,1019
Здоровье,balanced_future_reference,1020
Здоровье,balanced_future_reference,1021
Здоровье,balanced_future_reference,1023
Здоровье,balanced_future_reference,1024
Здоровье,balanced_future_reference,1025
Здоровье,balanced_future_reference,1026
Здоровье,balanced_future_reference,1027
Здоровье,balanced_future_reference,1028
Здоровье,balanced_future_reference,1029
Здоровье,balanced_future_reference,1030
Здоровье,balanced_future_reference,1031
Здоровье,balanced_future_reference,1032
Здоровье,balanced_future_reference,1033
Здоровье,balanced_future_reference,1034
Здоровье,balanced_future_reference,1035
Здоровье,balanced_future_reference,1036
Здоровье,balanced_future_reference,1037
Здоровье,balanced_future_reference,1038
Здоровье,balanced_future_reference,1039
Здоровье,balanced_future_reference,1040
Здоровье,balanced_future_reference,1041
Здоровье,balanced_future_reference,1044
Здоровье,balanced_future_reference,1047
Здоровье,balanced_future_reference,1048
Здоровье,balanced_future_reference,1049
Здоровье,balanced_future_reference,1051
Здоровье,balanced_future_reference,1052
Здоровье,balanced_future_reference,1053
Здоровье,balanced_future_reference,1054
Здоровье,balanced_future_reference,1055
Здоровье,balanced_future_reference,1056
Здоровье,balanced_future_reference,1057
Здоровье,balanced_future_reference,1058
Здоровье,balanced_future_reference,1059
Здоровье,balanced_future_reference,1060
Здоровье,balanced_future_reference,1061
Здоровье,balanced_future_reference,1062
Здоровье,balanced_future_reference,1063
Здоровье,balanced_future_reference,1064
Здоровье,balanced_future_reference,1065
Здоровье,balanced_future_reference,1066
Здоровье,balanced_future_reference,1067
Здоровье,balanced_future_reference,1068
Здоровье,balanced_future_reference,1069
Здоровье,balanced_future_reference,1070
Здоровье,balanced_future_reference,1071
Здоровье,balanced_future_reference,1072
Здоровье,balanced_future_reference,1107
Здоровье,balanced_future_reference,1108
Здоровье,balanced_future_reference,1109
Здоровье,balanced_future_reference,1110
Здоровье,balanced_future_reference,1111
Здоровье,balanced_future_reference,1112
Здоровье,balanced_future_reference,1113
Здоровье,balanced_future_reference,1115
Здоровье,balanced_future_reference,1116
Здоровье,balanced_future_reference,1117
Здоровье,balanced_future_reference,1118
Здоровье,balanced_future_reference,1119
Здоровье,balanced_future_reference,1120
Здоровье,balanced_future_reference,1121
Здоровье,balanced_future_reference,1122
Здоровье,balanced_future_reference,1123
Здоровье,balanced_future_reference,1124
Здоровье,balanced_future_reference,1125
Здоровье,balanced_future_reference,1126
Здоровье,balanced_future_reference,1127
Здоровье,balanced_future_reference,1128
Здоровье,balanced_future_reference,1129
Здоровье,balanced_future_reference,1130
Здоровье,balanced_future_reference,1131
Здоровье,balanced_future_reference,1132
Здоровье,balanced_future_reference,1133
Здоровье,balanced_future_reference,1134
Здоровье,balanced_future_reference,1135
Здоровье,balanced_future_reference,1136
Здоровье,balanced_future_reference,1137
Здоровье,balanced_future_reference,1138
Здоровье,balanced_future_reference,1139
Здоровье,balanced_future_reference,1140
Здоровье,balanced_future_reference,1141
Здоровье,balanced_future_reference,1142
Здоровье,balanced_future_reference,1143
Здоровье,balanced_future_reference,1144
Здоровье,balanced_future_reference,1146
Здоровье,balanced_future_reference,1147
Здоровье,balanced_future_reference,1148
Здоровье,balanced_future_reference,1149
Здоровье,balanced_future_reference,1150
Здоровье,balanced_future_reference,1151
Здоровье,balanced_future_reference,1152
Здоровье,balanced_future_reference,1153
Здоровье,balanced_future_reference,1154
Здоровье,balanced_future_reference,1155
Здоровье,balanced_future_reference,1157
Здоровье,balanced_future_reference,1158
Здоровье,balanced_future_reference,1159
Здоровье,balanced_future_reference,1160
Здоровье,balanced_future_reference,1161
Здоровье,balanced_future_reference,1163
Здоровье,balanced_future_reference,1164
Здоровье,balanced_future_reference,1165
Здоровье,balanced_future_reference,1166
Здоровье,balanced_future_reference,1167
Здоровье,balanced_future_reference,1168
Здоровье,balanced_future_reference,1169
Здоровье,balanced_future_reference,1170
Здоровье,balanced_future_reference,1171
Здоровье,balanced_future_reference,1172
Здоровье,balanced_future_reference,1173
Здоровье,balanced_future_reference,1174
Здоровье,balanced_future_reference,1175
Здоровье,balanced_future_reference,1176
Здоровье,balanced_future_reference,1178
Здоровье,balanced_future_reference,1179
Здоровье,balanced_future_reference,1180
Здоровье,balanced_future_reference,1181
Здоровье,balanced_future_reference,1184
Здоровье,balanced_future_reference,1185
Здоровье,balanced_future_reference,1186
Здоровье,balanced_future_reference,1187
Здоровье,balanced_future_reference,1188
Здоровье,balanced_future_reference,1189
Здоровье,balanced_future_reference,1190
Здоровье,balanced_future_reference,1191
Здоровье,balanced_future_reference,1192
Здоровье,balanced_future_reference,1193
Здоровье,balanced_future_reference,1194
Здоровье,balanced_future_reference,1195
Здоровье,balanced_future_reference,1196
Здоровье,balanced_future_reference,1197
Здоровье,balanced_future_reference,1198
Здоровье,balanced_future_reference,1200
Здоровье,balanced_future_reference,1201
Здоровье,balanced_future_reference,1203
Здоровье,balanced_future_reference,1204
Здоровье,balanced_future_reference,1205
Здоровье,balanced_future_reference,1206
Здоровье,balanced_future_reference,1207
Здоровье,balanced_future_reference,1208
Здоровье,balanced_future_reference,1209
Здоровье,balanced_future_reference,1210
Здоровье,balanced_future_reference,1211
Здоровье,balanced_future_reference,1212
Здоровье,balanced_future_reference,1213
Здоровье,balanced_future_reference,1214
Здоровье,balanced_future_reference,1215
Здоровье,balanced_future_reference,1217
Здоровье,balanced_future_reference,1218
Здоровье,balanced_future_reference,1219
Здоровье,balanced_future_reference,1220
Здоровье,balanced_future_reference,1221
Здоровье,balanced_future_reference,1222
Здоровье,balanced_future_reference,1223
Здоровье,balanced_future_reference,1224
Здоровье,balanced_future_reference,1225
Здоровье,balanced_future_reference,1226
Здоровье,balanced_future_reference,1227
Здоровье,balanced_future_reference,1228
Здоровье,balanced_future_reference,1229
Здоровье,balanced_future_reference,1230
Здоровье,balanced_future_reference,1231
Здоровье,balanced_future_reference,1232
Здоровье,balanced_future_reference,1233
Здоровье,balanced_future_reference,1234
Здоровье,balanced_future_reference,1235
Здоровье,balanced_future_reference,1236
Здоровье,balanced_future_reference,1237
Здоровье,balanced_future_reference,1238
Здоровье,balanced_future_reference,1240
Здоровье,balanced_future_reference,1241
Здоровье,balanced_future_reference,1242
Здоровье,balanced_future_reference,1243
Здоровье,balanced_future_reference,1244
Здоровье,balanced_future_reference,1246
Здоровье,balanced_future_reference,1249
Здоровье,balanced_future_reference,1250
Здоровье,balanced_future_reference,1251
Здоровье,balanced_future_reference,1252
Здоровье,balanced_future_reference,1253
Здоровье,balanced_future_reference,1254
Здоровье,balanced_future_reference,1256
Здоровье,balanced_future_reference,1257
Здоровье,balanced_future_reference,1258
Здоровье,balanced_future_reference,1259
Здоровье,balanced_future_reference,1260
Здоровье,balanced_future_reference,1261
Здоровье,balanced_future_reference,1262
Здоровье,balanced_future_reference,1264
Здоровье,balanced_future_reference,1265
Здоровье,balanced_future_reference,1266
Здоровье,balanced_future_reference,1267
Здоровье,balanced_future_reference,1268
Здоровье,balanced_future_reference,1269
Здоровье,balanced_future_reference,1270
Здоровье,balanced_future_reference,1271
Здоровье,balanced_future_reference,1272
Здоровье,balanced_future_reference,1273
Здоровье,balanced_future_reference,1274
Здоровье,balanced_future_reference,1275
Здоровье,balanced_future_reference,1276
Здоровье,balanced_future_reference,1277
Здоровье,balanced_future_reference,1278
Здоровье,balanced_future_reference,1279
Здоровье,balanced_future_reference,1280
Здоровье,balanced_future_reference,1281
Здоровье,balanced_future_reference,1282
Здоровье,balanced_future_reference,1284
Здоровье,balanced_future_reference,1285
Здоровье,balanced_future_reference,1286
Здоровье,balanced_future_reference,1287
Здоровье,balanced_future_reference,1288
Здоровье,balanced_future_reference,1289
Здоровье,balanced_future_reference,1290
Здоровье,balanced_future_reference,1291
Здоровье,balanced_future_reference,1292
Здоровье,balanced_future_reference,1293
Здоровье,balanced_future_reference,1294
Здоровье,balanced_future_reference,1295
Здоровье,balanced_future_reference,1296
Здоровье,balanced_future_reference,1297
Здоровье,balanced_future_reference,1298
Здоровье,balanced_future_reference,1299
Здоровье,balanced_future_reference,1300
Здоровье,balanced_future_reference,1301
Здоровье,balanced_future_reference,1302
Здоровье,balanced_future_reference,1303
Здоровье,balanced_future_reference,1304
Здоровье,balanced_future_reference,1305
Здоровье,balanced_future_reference,1306
Здоровье,balanced_future_reference,1308
Здоровье,balanced_future_reference,1309
Здоровье,balanced_future_reference,1310
Здоровье,balanced_future_reference,1311
Здоровье,balanced_future_reference,1312
Здоровье,balanced_future_reference,1313
Здоровье,balanced_future_reference,1314
Здоровье,balanced_future_reference,1315
Здоровье,balanced_future_reference,1316
Здоровье,balanced_future_reference,1317
Здоровье,balanced_future_reference,1319
Здоровье,balanced_future_reference,1320
Здоровье,balanced_future_reference,1321
Здоровье,balanced_future_reference,1322
Здоровье,balanced_future_reference,1323
Здоровье,balanced_future_reference,1324
Здоровье,balanced_future_reference,1325
Здоровье,balanced_future_reference,1326
Здоровье,balanced_future_reference,1327
Здоровье,balanced_future_reference,1328
Здоровье,balanced_future_reference,1329
Здоровье,balanced_future_reference,1330
Здоровье,balanced_future_reference,1331
Здоровье,balanced_future_reference,1333
Здоровье,balanced_future_reference,1334
Здоровье,balanced_future_reference,1335
Здоровье,balanced_future_reference,1336
Здоровье,balanced_future_reference,1337
Здоровье,balanced_future_reference,1338
Здоровье,balanced_future_reference,1339
Здоровье,balanced_future_reference,1340
Здоровье,balanced_future_reference,1341
Здоровье,balanced_future_reference,1343
Здоровье,balanced_future_reference,1344
Здоровье,balanced_future_reference,1345
Здоровье,balanced_future_reference,1346
Здоровье,balanced_future_reference,1347
Здоровье,balanced_future_reference,1348
Здоровье,balanced_future_reference,1349
Здоровье,balanced_future_reference,1350
Здоровье,balanced_future_reference,1351
Здоровье,balanced_future_reference,1352
Здоровье,balanced_future_reference,1353
Здоровье,balanced_future_reference,1355
Здоровье,balanced_future_reference,1356
Здоровье,balanced_future_reference,1357
Здоровье,balanced_future_reference,1358
Здоровье,balanced_future_reference,1392
Здоровье,balanced_future_reference,1393
Здоровье,balanced_future_reference,1394
Здоровье,balanced_future_reference,1395
Здоровье,balanced_future_reference,1396
Здоровье,balanced_future_reference,1397
Здоровье,balanced_future_reference,1398
Здоровье,balanced_future_reference,1399
Здоровье,balanced_future_reference,1400
Здоровье,balanced_future_reference,1401
Здоровье,balanced_future_reference,1402
Здоровье,balanced_future_reference,1403
Здоровье,balanced_future_reference,1404
Здоровье,balanced_future_reference,1405
Здоровье,balanced_future_reference,1406
Здоровье,balanced_future_reference,1407
Здоровье,balanced_future_reference,1408
Здоровье,balanced_future_reference,1409
Здоровье,balanced_future_reference,1410
Здоровье,balanced_future_reference,1411
Здоровье,balanced_future_reference,1412
Здоровье,balanced_future_reference,1413
Здоровье,balanced_future_reference,1414
Здоровье,balanced_future_reference,1415
Здоровье,balanced_future_reference,1416
Здоровье,balanced_future_reference,1417
Здоровье,balanced_future_reference,1419
Здоровье,balanced_future_reference,1420
Здоровье,balanced_future_reference,1421
Здоровье,balanced_future_reference,1422
Здоровье,balanced_future_reference,1423
Здоровье,balanced_future_reference,1425
Здоровье,balanced_future_reference,1426
Здоровье,balanced_future_reference,1427
Здоровье,balanced_future_reference,1428
Здоровье,balanced_future_reference,1429
Здоровье,balanced_future_reference,1430
Здоровье,balanced_future_reference,1431
Здоровье,balanced_future_reference,1438
Здоровье,balanced_future_reference,1439
Здоровье,balanced_future_reference,1440
Здоровье,balanced_future_reference,1443
Здоровье,balanced_future_reference,1444
Здоровье,balanced_future_reference,1445
Здоровье,balanced_future_reference,1446
Здоровье,balanced_future_reference,1447
Здоровье,balanced_future_reference,1448
Здоровье,balanced_future_reference,1449
Здоровье,balanced_future_reference,1453
Здоровье,balanced_future_reference,1454
Здоровье,balanced_future_reference,1456
Здоровье,balanced_future_reference,1457
Здоровье,balanced_future_reference,1459
Здоровье,balanced_future_reference,1461
Здоровье,balanced_future_reference,1463
Здоровье,balanced_future_reference,1464
Здоровье,balanced_future_reference,1465
Здоровье,balanced_future_reference,1467
Здоровье,balanced_future_reference,1468
Здоровье,balanced_future_reference,1472
Здоровье,balanced_future_reference,1473
Здоровье,balanced_future_reference,1474
Здоровье,balanced_future_reference,1475
Здоровье,balanced_future_reference,1477
Здоровье,balanced_future_reference,1478
Здоровье,balanced_future_reference,1480
Здоровье,balanced_future_reference,1481
Здоровье,balanced_future_reference,1483
Здоровье,balanced_future_reference,1484
Здоровье,balanced_future_reference,1486
Здоровье,balanced_future_reference,1488
Здоровье,balanced_future_reference,1489
Здоровье,balanced_future_reference,1490
Здоровье,balanced_future_reference,1491
Здоровье,balanced_future_reference,1492
Здоровье,balanced_future_reference,1493
Здоровье,balanced_future_reference,1494
Здоровье,balanced_future_reference,1495
Здоровье,balanced_future_reference,1496
Здоровье,balanced_future_reference,1500
Здоровье,balanced_future_reference,1501
Здоровье,balanced_future_reference,1504
Здоровье,balanced_future_reference,1506
Здоровье,balanced_future_reference,1507
Здоровье,balanced_future_reference,1508
Здоровье,balanced_future_reference,1509
Здоровье,balanced_future_reference,1510
Здоровье,balanced_future_reference,1511
Здоровье,balanced_future_reference,1512
Здоровье,balanced_future_reference,1518
Здоровье,balanced_future_reference,1519
Здоровье,balanced_future_reference,1520
Здоровье,balanced_future_reference,1521
Здоровье,balanced_future_reference,1522
Здоровье,balanced_future_reference,1523
Здоровье,balanced_future_reference,1525
Здоровье,balanced_future_reference,1526
Здоровье,balanced_future_reference,1527
Здоровье,balanced_future_reference,1528
Здоровье,balanced_future_reference,1529
Здоровье,balanced_future_reference,1530
Здоровье,balanced_future_reference,1532
Здоровье,balanced_future_reference,1533
Здоровье,balanced_future_reference,1534
Здоровье,balanced_future_reference,1535
Здоровье,balanced_future_reference,1536
Здоровье,balanced_future_reference,1537
Здоровье,balanced_future_reference,1539
Здоровье,balanced_future_reference,1540
Здоровье,balanced_future_reference,1541
Здоровье,balanced_future_reference,1542
Здоровье,balanced_future_reference,1543
Здоровье,balanced_future_reference,1544
Здоровье,balanced_future_reference,1545
Здоровье,balanced_future_reference,1546
Здоровье,balanced_future_reference,1547
Здоровье,balanced_future_reference,1548
Здоровье,balanced_future_reference,1549
Здоровье,balanced_future_reference,1550
Здоровье,balanced_future_reference,1551
Здоровье,balanced_future_reference,1552
Здоровье,balanced_future_reference,1553
Здоровье,balanced_future_reference,1554
Здоровье,balanced_future_reference,1555
Здоровье,balanced_future_reference,1556
Здоровье,balanced_future_reference,1557
Здоровье,balanced_future_reference,1558
Здоровье,balanced_future_reference,1559
Здоровье,balanced_future_reference,1560
Здоровье,balanced_future_reference,1561
Здоровье,balanced_future_reference,1562
Здоровье,balanced_future_reference,1563
Здоровье,balanced_future_reference,1564
Здоровье,balanced_future_reference,1565
Здоровье,balanced_future_reference,1566
Здоровье,balanced_future_reference,1567
Здоровье,balanced_future_reference,1568
Здоровье,balanced_future_reference,1569
Здоровье,balanced_future_reference,1570
Здоровье,balanced_future_reference,1571
Здоровье,balanced_future_reference,1572
Здоровье,balanced_future_reference,1573
Здоровье,balanced_future_reference,1574
Здоровье,balanced_future_reference,1575
Здоровье,balanced_future_reference,1577
Здоровье,balanced_future_reference,1578
Здоровье,balanced_future_reference,1579
Здоровье,balanced_future_reference,1580
Здоровье,balanced_future_reference,1581
Здоровье,balanced_future_reference,1582
Здоровье,balanced_future_reference,1583
Здоровье,balanced_future_reference,1584
Здоровье,balanced_future_reference,1585
Здоровье,balanced_future_reference,1586
Здоровье,balanced_future_reference,1587
Здоровье,balanced_future_reference,1588
Здоровье,balanced_future_reference,1589
Здоровье,balanced_future_reference,1590
Здоровье,balanced_future_reference,1591
Здоровье,balanced_future_reference,1592
Здоровье,balanced_future_reference,1593
Здоровье,balanced_future_reference,1594
Здоровье,balanced_future_reference,1595
Здоровье,balanced_future_reference,1596
Здоровье,balanced_future_reference,1597
Здоровье,balanced_future_reference,1598
Здоровье,balanced_future_reference,1599
Здоровье,balanced_future_reference,1600
Здоровье,balanced_future_reference,1601
Здоровье,balanced_future_reference,1602
Здоровье,balanced_future_reference,1603
Здоровье,balanced_future_reference,1604
Здоровье,balanced_future_reference,1605
Здоровье,balanced_future_reference,1606
Здоровье,balanced_future_reference,1607
Здоровье,balanced_future_reference,1608
Здоровье,balanced_future_reference,1609
Здоровье,balanced_future_reference,1610
Здоровье,balanced_future_reference,1611
Здоровье,balanced_future_reference,1612
Здоровье,balanced_future_reference,1613
Здоровье,balanced_future_reference,1614
Здоровье,balanced_future_reference,1615
Здоровье,balanced_future_reference,1616
Здоровье,balanced_future_reference,1617
Здоровье,balanced_future_reference,1618
Здоровье,balanced_future_reference,1619
Здоровье,balanced_future_reference,1620
Здоровье,balanced_future_reference,1621
Здоровье,balanced_future_reference,1622
Здоровье,balanced_future_reference,1623
Здоровье,balanced_future_reference,1624
Здоровье,balanced_future_reference,1625
Здоровье,balanced_future_reference,1626
Здоровье,balanced_future_reference,1627
Здоровье,balanced_future_reference,1628
Здоровье,balanced_future_reference,1629
Здоровье,balanced_future_reference,1630
Здоровье,balanced_future_reference,1631
Здоровье,balanced_future_reference,1632
Здоровье,balanced_future_reference,1633
Здоровье,balanced_future_reference,1634
Здоровье,balanced_future_reference,1635
Здоровье,balanced_future_reference,1636
Здоровье,balanced_future_reference,1637
Здоровье,balanced_future_reference,1638
Здоровье,balanced_future_reference,1639
Здоровье,balanced_future_reference,1640
Здоровье,balanced_future_reference,1641
Здоровье,balanced_future_reference,1642
Здоровье,balanced_future_reference,1643
Здоровье,balanced_future_reference,1644
Здоровье,balanced_future_reference,1645
Здоровье,balanced_future_reference,1646
Здоровье,balanced_future_reference,1647
Здоровье,balanced_future_reference,1648
Здоровье,balanced_future_reference,1649
Здоровье,balanced_future_reference,1650
Здоровье,balanced_future_reference,1651
Здоровье,balanced_future_reference,1652
Здоровье,balanced_future_reference,1653
Здоровье,balanced_future_reference,1654
Здоровье,balanced_future_reference,1655
Здоровье,balanced_future_reference,1656
Здоровье,balanced_future_reference,1657
Здоровье,balanced_future_reference,1658
Здоровье,balanced_future_reference,1659
Здоровье,balanced_future_reference,1660
Здоровье,balanced_future_reference,1661
Здоровье,balanced_future_reference,1662
Здоровье,balanced_future_reference,1663
Здоровье,balanced_future_reference,1664
Здоровье,balanced_future_reference,1665
Здоровье,balanced_future_reference,1666
Здоровье,balanced_future_reference,1667
Здоровье,balanced_future_reference,1668
Здоровье,balanced_future_reference,1669
Здоровье,balanced_future_reference,1670
Здоровье,balanced_future_reference,1671
Здоровье,balanced_future_reference,1672
Здоровье,balanced_future_reference,1673
Здоровье,balanced_future_reference,1674
Здоровье,balanced_future_reference,1675
Здоровье,balanced_future_reference,1676
Здоровье,balanced_future_reference,1678
Здоровье,balanced_future_reference,1679
Здоровье,balanced_future_reference,1680
Здоровье,balanced_future_reference,1681
Здоровье,balanced_future_reference,1682
Здоровье,balanced_future_reference,1683
Здоровье,balanced_future_reference,1685
Здоровье,balanced_future_reference,1686
Здоровье,balanced_future_reference,1687
Здоровье,balanced_future_reference,1688
Здоровье,balanced_future_reference,1689
Здоровье,balanced_future_reference,1690
Здоровье,balanced_future_reference,1691
Здоровье,balanced_future_reference,1692
Здоровье,balanced_future_reference,1693
Здоровье,balanced_future_reference,1694
Здоровье,balanced_future_reference,1696
Здоровье,balanced_future_reference,1697
Здоровье,balanced_future_reference,1698
Здоровье,balanced_future_reference,1699
Здоровье,balanced_future_reference,1700
Здоровье,balanced_future_reference,1701
Здоровье,balanced_future_reference,1702
Здоровье,balanced_future_reference,1703
Здоровье,balanced_future_reference,1704
Здоровье,balanced_future_reference,1705
Здоровье,balanced_future_reference,1706
Здоровье,balanced_future_reference,1707
Здоровье,balanced_future_reference,1708
Здоровье,balanced_future_reference,1709
Здоровье,balanced_future_reference,1710
Здоровье,balanced_future_reference,1711
Здоровье,balanced_future_reference,1712
Здоровье,balanced_future_reference,1714
Здоровье,balanced_future_reference,1715
Здоровье,balanced_future_reference,1717
Здоровье,balanced_future_reference,1718
Здоровье,balanced_future_reference,1719
Здоровье,balanced_future_reference,1722
Здоровье,balanced_future_reference,1724
Здоровье,balanced_future_reference,1725
Здоровье,balanced_future_reference,1726
Здоровье,balanced_future_reference,1727
Здоровье,balanced_future_reference,1728
Здоровье,balanced_future_reference,1730
Здоровье,balanced_future_reference,1731
Здоровье,balanced_future_reference,1732
Здоровье,balanced_future_reference,1733
Здоровье,balanced_future_reference,1737
Здоровье,balanced_future_reference,1738
Здоровье,balanced_future_reference,1739
Здоровье,balanced_future_reference,1740
Здоровье,balanced_future_reference,1741
Здоровье,balanced_future_reference,1742
Здоровье,balanced_future_reference,1743
Здоровье,balanced_future_reference,1744
Здоровье,balanced_future_reference,1745
Здоровье,balanced_future_reference,1746
Здоровье,balanced_future_reference,1747
Здоровье,balanced_future_reference,1749
Здоровье,balanced_future_reference,1750
Здоровье,balanced_future_reference,1751
Здоровье,balanced_future_reference,1752
Здоровье,balanced_future_reference,1753
Здоровье,balanced_future_reference,1754
Здоровье,balanced_future_reference,1755
Здоровье,balanced_future_reference,1756
Здоровье,balanced_future_reference,1757
Здоровье,balanced_future_reference,1758
Здоровье,balanced_future_reference,1759
Здоровье,balanced_future_reference,1760
Здоровье,balanced_future_reference,1761
Здоровье,balanced_future_reference,1762
Здоровье,balanced_future_reference,1764
Здоровье,balanced_future_reference,1765
Здоровье,balanced_future_reference,1766
Здоровье,balanced_future_reference,1768
Здоровье,balanced_future_reference,1769
Здоровье,balanced_future_reference,1770
Здоровье,balanced_future_reference,1771
Здоровье,balanced_future_reference,1773
Здоровье,balanced_future_reference,1774
Здоровье,balanced_future_reference,1775
Здоровье,balanced_future_reference,1776
Здоровье,balanced_future_reference,1777
Здоровье,balanced_future_reference,1778
Здоровье,balanced_future_reference,1780
Здоровье,balanced_future_reference,1781
Здоровье,balanced_future_reference,1782
Здоровье,balanced_future_reference,1783
Здоровье,balanced_future_reference,1784
Здоровье,balanced_future_reference,1785
Здоровье,balanced_future_reference,1786
Здоровье,balanced_future_reference,1787
Здоровье,balanced_future_reference,1788
Здоровье,balanced_future_reference,1845
Здоровье,balanced_future_reference,1846
Здоровье,balanced_future_reference,1848
Здоровье,balanced_future_reference,1849
Здоровье,balanced_future_reference,1850
Здоровье,balanced_future_reference,1851
Здоровье,balanced_future_reference,1852
Здоровье,balanced_future_reference,1853
Здоровье,balanced_future_reference,1854
Здоровье,balanced_future_reference,1855
Здоровье,balanced_future_reference,1856
Здоровье,balanced_future_reference,1857
Здоровье,balanced_future_reference,1858
Здоровье,balanced_future_reference,1859
Здоровье,balanced_future_reference,1860
Здоровье,balanced_future_reference,1861
Здоровье,balanced_future_reference,1862
Здоровье,balanced_future_reference,1863
Здоровье,balanced_future_reference,1864
Здоровье,balanced_future_reference,1865
Здоровье,balanced_future_reference,1868
Здоровье,balanced_future_reference,1869
Здоровье,balanced_future_reference,1870
Здоровье,balanced_future_reference,1871
Здоровье,balanced_future_reference,1872
Здоровье,balanced_future_reference,1873
Здоровье,balanced_future_reference,1874
Здоровье,balanced_future_reference,1875
Здоровье,balanced_future_reference,1876
Здоровье,balanced_future_reference,1877
Здоровье,balanced_future_reference,1878
Здоровье,balanced_future_reference,1879
Здоровье,balanced_future_reference,1880
Здоровье,balanced_future_reference,1881
Здоровье,balanced_future_reference,1883
Здоровье,balanced_future_reference,1884
Здоровье,balanced_future_reference,1885
Здоровье,balanced_future_reference,1886
Здоровье,balanced_future_reference,1887
Здоровье,balanced_future_reference,1888
Здоровье,balanced_future_reference,1889
Здоровье,balanced_future_reference,1890
Здоровье,balanced_future_reference,1891
Здоровье,balanced_future_reference,1892
Здоровье,balanced_future_reference,1893
Здоровье,balanced_future_reference,1894
Здоровье,balanced_future_reference,1895
Здоровье,balanced_future_reference,1896
Здоровье,balanced_future_reference,1897
Здоровье,balanced_future_reference,1898
Здоровье,balanced_future_reference,1899
Здоровье,balanced_future_reference,1900
Здоровье,balanced_future_reference,1901
Здоровье,balanced_future_reference,1902
Здоровье,balanced_future_reference,1903
Здоровье,balanced_future_reference,1904
Здоровье,balanced_future_reference,1905
Здоровье,balanced_future_reference,1906
Здоровье,balanced_future_reference,1907
Здоровье,balanced_future_reference,1908
Здоровье,balanced_future_reference,1909
Здоровье,balanced_future_reference,1910
Здоровье,balanced_future_reference,1912
Здоровье,balanced_future_reference,1915
Здоровье,balanced_future_reference,1916
Здоровье,balanced_future_reference,1917
Здоровье,balanced_future_reference,1918
Здоровье,balanced_future_reference,1919
Здоровье,balanced_future_reference,1920
Здоровье,balanced_future_reference,1921
Здоровье,balanced_future_reference,1922
Здоровье,balanced_future_reference,1923
Здоровье,balanced_future_reference,1924
Здоровье,balanced_future_reference,1925
Здоровье,balanced_future_reference,1926
Здоровье,balanced_future_reference,1927
Здоровье,balanced_future_reference,1928
Здоровье,balanced_future_reference,1929
Здоровье,balanced_future_reference,1930
Здоровье,balanced_future_reference,1931
Здоровье,balanced_future_reference,1932
Здоровье,balanced_future_reference,1933
Здоровье,balanced_future_reference,1934
Здоровье,balanced_future_reference,1935
Здоровье,balanced_future_reference,1936
Здоровье,balanced_future_reference,1937
Здоровье,balanced_future_reference,1938
Здоровье,balanced_future_reference,1939
Здоровье,balanced_future_reference,1940
Здоровье,balanced_future_reference,1941
Здоровье,balanced_future_reference,1942
Здоровье,balanced_future_reference,1943
Здоровье,balanced_future_reference,1944
Здоровье,balanced_future_reference,1945
Здоровье,balanced_future_reference,1947
Здоровье,balanced_future_reference,1948
Здоровье,balanced_future_reference,1949
Здоровье,balanced_future_reference,1950
Здоровье,balanced_future_reference,1951
Здоровье,balanced_future_reference,1952
Здоровье,balanced_future_reference,1954
Здоровье,balanced_future_reference,1955
Здоровье,balanced_future_reference,1956
Здоровье,balanced_future_reference,1957
Здоровье,balanced_future_reference,1958
Здоровье,balanced_future_reference,1959
Здоровье,balanced_future_reference,1960
Здоровье,balanced_future_reference,1961
Здоровье,balanced_future_reference,1962
Здоровье,balanced_future_reference,1963
Здоровье,balanced_future_reference,1965
Здоровье,balanced_future_reference,1966
Здоровье,balanced_future_reference,1967
Здоровье,balanced_future_reference,1968
Здоровье,balanced_future_reference,1969
Здоровье,balanced_future_reference,1970
Здоровье,balanced_future_reference,1971
Здоровье,balanced_future_reference,1972
Здоровье,balanced_future_reference,1973
Здоровье,balanced_future_reference,1974
Здоровье,balanced_future_reference,1975
Здоровье,balanced_future_reference,1976
Здоровье,balanced_future_reference,1977
Здоровье,balanced_future_reference,1978
Здоровье,balanced_future_reference,1979
Здоровье,balanced_future_reference,1980
Здоровье,balanced_future_reference,1981
Здоровье,balanced_future_reference,1982
Здоровье,balanced_future_reference,1983
Здоровье,balanced_future_reference,1984
Здоровье,balanced_future_reference,1985
Здоровье,balanced_future_reference,1986
Здоровье,balanced_future_reference,1987
Здоровье,balanced_future_reference,1988
Здоровье,balanced_future_reference,1989
Здоровье,balanced_future_reference,1990
Здоровье,balanced_future_reference,1991
Здоровье,balanced_future_reference,1992
Здоровье,balanced_future_reference,1993
Здоровье,balanced_future_reference,1994
Здоровье,balanced_future_reference,1995
Здоровье,balanced_future_reference,1996
Здоровье,balanced_future_reference,1997
Здоровье,balanced_future_reference,1999
Здоровье,balanced_future_reference,2000
Здоровье,balanced_future_reference,2001
Здоровье,balanced_future_reference,2002
Здоровье,balanced_future_reference,2004
Здоровье,balanced_future_reference,2005
Здоровье,balanced_future_reference,2006
Здоровье,balanced_future_reference,2007
Здоровье,balanced_future_reference,2008
Здоровье,balanced_future_reference,2009
Здоровье,balanced_future_reference,2010
Здоровье,balanced_future_reference,2011
Здоровье,balanced_future_reference,2012
Здоровье,balanced_future_reference,2015
Здоровье,balanced_future_reference,2017
Здоровье,balanced_future_reference,2018
Здоровье,balanced_future_reference,2019
Здоровье,balanced_future_reference,2021
Здоровье,balanced_future_reference,2022
Здоровье,balanced_future_reference,2023
Здоровье,balanced_future_reference,2024
Здоровье,balanced_future_reference,2025
Здоровье,balanced_future_reference,2027
Здоровье,balanced_future_reference,2028
Здоровье,balanced_future_reference,2030
Здоровье,balanced_future_reference,2031
Здоровье,balanced_future_reference,2032
Здоровье,balanced_future_reference,2033
Здоровье,balanced_future_reference,2034
Здоровье,balanced_future_reference,2035
Здоровье,balanced_future_reference,2036
Здоровье,balanced_future_reference,2037
Здоровье,balanced_future_reference,2039
Здоровье,balanced_future_reference,2040
Здоровье,balanced_future_reference,2041
Здоровье,balanced_future_reference,2042
Здоровье,balanced_future_reference,2043
Здоровье,balanced_future_reference,2044
Здоровье,balanced_future_reference,2045
Здоровье,balanced_future_reference,2046
Здоровье,balanced_future_reference,2047
Здоровье,balanced_future_reference,2048
Здоровье,balanced_future_reference,2049
Здоровье,balanced_future_reference,2050
Здоровье,balanced_future_reference,2051
Здоровье,balanced_future_reference,2052
Здоровье,balanced_future_reference,2053
Здоровье,balanced_future_reference,2054
Здоровье,balanced_future_reference,2055
Здоровье,balanced_future_reference,2056
Здоровье,balanced_future_reference,2057
Здоровье,balanced_future_reference,2058
Здоровье,balanced_future_reference,2059
Здоровье,balanced_future_reference,2060
Здоровье,balanced_future_reference,2061
Здоровье,balanced_future_reference,2062
Здоровье,balanced_future_reference,2063
Здоровье,balanced_future_reference,2064
Здоровье,balanced_future_reference,2065
Здоровье,balanced_future_reference,2066
Здоровье,balanced_future_reference,2067
Здоровье,balanced_future_reference,2068
Здоровье,balanced_future_reference,2069
Здоровье,balanced_future_reference,2070
Здоровье,balanced_future_reference,2072
Здоровье,balanced_future_reference,2073
Здоровье,balanced_future_reference,2074
Здоровье,balanced_future_reference,2075
Здоровье,balanced_future_reference,2076
Здоровье,balanced_future_reference,2077
Здоровье,balanced_future_reference,2078
Здоровье,balanced_future_reference,2079
Здоровье,balanced_future_reference,2080
Здоровье,balanced_future_reference,2081
Здоровье,balanced_future_reference,2082
Здоровье,balanced_future_reference,2085
Здоровье,balanced_future_reference,2087
Здоровье,balanced_future_reference,2088
Здоровье,balanced_future_reference,2089
Здоровье,balanced_future_reference,2090
Здоровье,balanced_future_reference,2091
Здоровье,balanced_future_reference,2093
Здоровье,balanced_future_reference,2094
Здоровье,balanced_future_reference,2095
Здоровье,balanced_future_reference,2096
Здоровье,balanced_future_reference,2098
Здоровье,balanced_future_reference,2100
Здоровье,balanced_future_reference,2101
Здоровье,balanced_future_reference,2105
Здоровье,balanced_future_reference,2108
Здоровье,balanced_future_reference,2109
Здоровье,balanced_future_reference,2110
Здоровье,balanced_future_reference,2111
Здоровье,balanced_future_reference,2112
Здоровье,balanced_future_reference,2113
Здоровье,balanced_future_reference,2114
Здоровье,balanced_future_reference,2116
Здоровье,balanced_future_reference,2117
Здоровье,balanced_future_reference,2118
Здоровье,balanced_future_reference,2119
Здоровье,balanced_future_reference,2120
Здоровье,balanced_future_reference,2121
Здоровье,balanced_future_reference,2122
Здоровье,balanced_future_reference,2124
Здоровье,balanced_future_reference,2125
Здоровье,balanced_future_reference,2126
Здоровье,balanced_future_reference,2127
Здоровье,balanced_future_reference,2128
Здоровье,balanced_future_reference,2129
Здоровье,balanced_future_reference,2130
Здоровье,balanced_future_reference,2131
Здоровье,balanced_future_reference,2132
Здоровье,balanced_future_reference,2133
Здоровье,balanced_future_reference,2134
Здоровье,balanced_future_reference,2136
Здоровье,balanced_future_reference,2137
Здоровье,balanced_future_reference,2138
Здоровье,balanced_future_reference,2139
Здоровье,balanced_future_reference,2140
Здоровье,balanced_future_reference,2142
Здоровье,balanced_future_reference,2143
Здоровье,balanced_future_reference,2144
Здоровье,balanced_future_reference,2145
Здоровье,balanced_future_reference,2146
Здоровье,balanced_future_reference,2148
Здоровье,balanced_future_reference,2149
Здоровье,balanced_future_reference,2150
Здоровье,balanced_future_reference,2151
Здоровье,balanced_future_reference,2152
Здоровье,balanced_future_reference,2153
Здоровье,balanced_future_reference,2154
Здоровье,balanced_future_reference,2155
Здоровье,balanced_future_reference,2156
Здоровье,balanced_future_reference,2157
Здоровье,balanced_future_reference,2158
Здоровье,balanced_future_reference,2159
Здоровье,balanced_future_reference,2160
Здоровье,balanced_future_reference,2161
Здоровье,balanced_future_reference,2162
Здоровье,balanced_future_reference,2163
Здоровье,balanced_future_reference,2164
Здоровье,balanced_future_reference,2165
Здоровье,balanced_future_reference,2167
Здоровье,balanced_future_reference,2168
Здоровье,balanced_future_reference,2169
Здоровье,balanced_future_reference,2171
Здоровье,balanced_future_reference,2172
Здоровье,balanced_future_reference,2173
Здоровье,balanced_future_reference,2174
Здоровье,balanced_future_reference,2175
Здоровье,balanced_future_reference,2176
Здоровье,balanced_future_reference,2177
Здоровье,balanced_future_reference,2178
Здоровье,balanced_future_reference,2179
Здоровье,balanced_future_reference,2180
Здоровье,balanced_future_reference,2181
Здоровье,balanced_future_reference,2182
Здоровье,balanced_future_reference,2183
Здоровье,balanced_future_reference,2184
Здоровье,balanced_future_reference,2185
Здоровье,balanced_future_reference,2186
Здоровье,balanced_future_reference,2187
Здоровье,balanced_future_reference,2188
Здоровье,balanced_future_reference,2189
Здоровье,balanced_future_reference,2190
Здоровье,balanced_future_reference,2191
Здоровье,balanced_future_reference,2192
Здоровье,balanced_future_reference,2193
Здоровье,balanced_future_reference,2194
Здоровье,balanced_future_reference,2195
Здоровье,balanced_future_reference,2196
Здоровье,balanced_future_reference,2197
Здоровье,balanced_future_reference,2198
Здоровье,balanced_future_reference,2199
Здоровье,balanced_future_reference,2200
Здоровье,balanced_future_reference,2201
Здоровье,balanced_future_reference,2202
Здоровье,balanced_future_reference,2203
Здоровье,balanced_future_reference,2204
Здоровье,balanced_future_reference,2205
Здоровье,balanced_future_reference,2206
Здоровье,balanced_future_reference,2207
Здоровье,balanced_future_reference,2208
Здоровье,balanced_future_reference,2210
Здоровье,balanced_future_reference,2211
Здоровье,balanced_future_reference,2212
Здоровье,balanced_future_reference,2213
Здоровье,balanced_future_reference,2215
Здоровье,balanced_future_reference,2216
Здоровье,balanced_future_reference,2217
Здоровье,balanced_future_reference,2218
Здоровье,balanced_future_reference,2219
Здоровье,balanced_future_reference,2220
Здоровье,balanced_future_reference,2221
Здоровье,balanced_future_reference,2222
Здоровье,balanced_future_reference,2223
Здоровье,balanced_future_reference,2224
Здоровье,balanced_future_reference,2225
Здоровье,balanced_future_reference,2226
Здоровье,balanced_future_reference,2227
Здоровье,balanced_future_reference,2228
Здоровье,balanced_future_reference,2229
Здоровье,balanced_future_reference,2230
Здоровье,balanced_future_reference,2231
Здоровье,balanced_future_reference,2232
Здоровье,balanced_future_reference,2233
Здоровье,balanced_future_reference,2234
Здоровье,balanced_future_reference,2235
Здоровье,balanced_future_reference,2236
Здоровье,balanced_future_reference,2237
Здоровье,balanced_future_reference,2238
Здоровье,balanced_future_reference,2241
Здоровье,balanced_future_reference,2242
Здоровье,balanced_future_reference,2243
Здоровье,balanced_future_reference,2244
Здоровье,balanced_future_reference,2245
Здоровье,balanced_future_reference,2248
Здоровье,balanced_future_reference,2249
Здоровье,balanced_future_reference,2250
Здоровье,balanced_future_reference,2251
Здоровье,balanced_future_reference,2252
Здоровье,balanced_future_reference,2253
Здоровье,balanced_future_reference,2254
Здоровье,balanced_future_reference,2255
Здоровье,balanced_future_reference,2256
Здоровье,balanced_future_reference,2257
Здоровье,balanced_future_reference,2258
Здоровье,balanced_future_reference,2259
Здоровье,balanced_future_reference,2260
Здоровье,balanced_future_reference,2262
Здоровье,balanced_future_reference,2264
Здоровье,balanced_future_reference,2265
Здоровье,balanced_future_reference,2266
Здоровье,balanced_future_reference,2267
Здоровье,balanced_future_reference,2268
Здоровье,balanced_future_reference,2269
Здоровье,balanced_future_reference,2270
Здоровье,balanced_future_reference,2271
Здоровье,balanced_future_reference,2272
Здоровье,balanced_future_reference,2274
Здоровье,balanced_future_reference,2275
Здоровье,balanced_future_reference,2276
Здоровье,balanced_future_reference,2278
Здоровье,balanced_future_reference,2279
Здоровье,balanced_future_reference,2280
Здоровье,balanced_future_reference,2281
Здоровье,balanced_future_reference,2282
Здоровье,balanced_future_reference,2286
Здоровье,balanced_future_reference,2287
Здоровье,balanced_future_reference,2288
Здоровье,balanced_future_reference,2289
Здоровье,balanced_future_reference,2292
Здоровье,balanced_future_reference,2293
Здоровье,balanced_future_reference,2294
Здоровье,balanced_future_reference,2295
Здоровье,balanced_future_reference,2296
Здоровье,balanced_future_reference,2297
Здоровье,balanced_future_reference,2298
Здоровье,balanced_future_reference,2299
Здоровье,balanced_future_reference,2300
Здоровье,balanced_future_reference,2301
Здоровье,balanced_future_reference,2302
Здоровье,balanced_future_reference,2303
Здоровье,balanced_future_reference,2304
Здоровье,balanced_future_reference,2305
Здоровье,balanced_future_reference,2307
Здоровье,balanced_future_reference,2308
Здоровье,balanced_future_reference,2309
Здоровье,balanced_future_reference,2310
Здоровье,balanced_future_reference,2311
Здоровье,balanced_future_reference,2312
Здоровье,balanced_future_reference,2314
Здоровье,balanced_future_reference,2315
Здоровье,balanced_future_reference,2316
Здоровье,balanced_future_reference,2317
Здоровье,balanced_future_reference,2318
Здоровье,balanced_future_reference,2320
Здоровье,balanced_future_reference,2321
Здоровье,balanced_future_reference,2322
Здоровье,balanced_future_reference,2323
Здоровье,balanced_future_reference,2324
Здоровье,balanced_future_reference,2325
Здоровье,balanced_future_reference,2326
Здоровье,balanced_future_reference,2327
Здоровье,balanced_future_reference,2328
Здоровье,balanced_future_reference,2329
Здоровье,balanced_future_reference,2330
Здоровье,balanced_future_reference,2332
Здоровье,balanced_future_reference,2333
Здоровье,balanced_future_reference,2334
Здоровье,balanced_future_reference,2335
Здоровье,balanced_future_reference,2336
Здоровье,balanced_future_reference,2337
Здоровье,balanced_future_reference,2338
Здоровье,balanced_future_reference,2339
Здоровье,balanced_future_reference,2340
Здоровье,balanced_future_reference,2341
Здоровье,balanced_future_reference,2342
Здоровье,balanced_future_reference,2343
Здоровье,balanced_future_reference,2344
Здоровье,balanced_future_reference,2345
Здоровье,balanced_future_reference,2348
Здоровье,balanced_future_reference,2349
Здоровье,balanced_future_reference,2351
Здоровье,balanced_future_reference,2352
Здоровье,balanced_future_reference,2353
Здоровье,balanced_future_reference,2354
Здоровье,balanced_future_reference,2355
Здоровье,balanced_future_reference,2356
Здоровье,balanced_future_reference,2357
Здоровье,balanced_future_reference,2358
Здоровье,balanced_future_reference,2359
Здоровье,balanced_future_reference,2360
Здоровье,balanced_future_reference,2361
Здоровье,balanced_future_reference,2362
Здоровье,balanced_future_reference,2363
Здоровье,balanced_future_reference,2364
Здоровье,balanced_future_reference,2365
Здоровье,balanced_future_reference,2366
Здоровье,balanced_future_reference,2367
Здоровье,balanced_future_reference,2368
Здоровье,balanced_future_reference,2369
Здоровье,balanced_future_reference,2370
Здоровье,balanced_future_reference,2371
Здоровье,balanced_future_reference,2372
Здоровье,balanced_future_reference,2373
Здоровье,balanced_future_reference,2374
Здоровье,balanced_future_reference,2375
Здоровье,balanced_future_reference,2376
Здоровье,balanced_future_reference,2377
Здоровье,balanced_future_reference,2378
Здоровье,balanced_future_reference,2379
Здоровье,balanced_future_reference,2380
Здоровье,balanced_future_reference,2381
Здоровье,balanced_future_reference,2382
Здоровье,balanced_future_reference,2383
Здоровье,balanced_future_reference,2384
Здоровье,balanced_future_reference,2385
Здоровье,balanced_future_reference,2386
Здоровье,balanced_future_reference,2387
Здоровье,balanced_future_reference,2388
Здоровье,balanced_future_reference,2389
Здоровье,balanced_future_reference,2390
Здоровье,balanced_future_reference,2391
Здоровье,balanced_future_reference,2392
Здоровье,balanced_future_reference,2393
Здоровье,balanced_future_reference,2395
Здоровье,balanced_future_reference,2398
Здоровье,balanced_future_reference,2399
Здоровье,balanced_future_reference,2400
Здоровье,balanced_future_reference,2401
Здоровье,balanced_future_reference,2402
Здоровье,balanced_future_reference,2403
Здоровье,balanced_future_reference,2404
Здоровье,balanced_future_reference,2405
Здоровье,balanced_future_reference,2406
Здоровье,balanced_future_reference,2407
Здоровье,balanced_future_reference,2408
Здоровье,balanced_future_reference,2409
Здоровье,balanced_future_reference,2410
Здоровье,balanced_future_reference,2411
Здоровье,balanced_future_reference,2412
Здоровье,balanced_future_reference,2416
Здоровье,balanced_future_reference,2422
Здоровье,balanced_future_reference,2423
Здоровье,balanced_future_reference,2424
Здоровье,balanced_future_reference,2425
Здоровье,balanced_future_reference,2426
Здоровье,balanced_future_reference,2427
Здоровье,balanced_future_reference,2428
Здоровье,balanced_future_reference,2429
Здоровье,balanced_future_reference,2430
Здоровье,balanced_future_reference,2431
Здоровье,balanced_future_reference,2432
Здоровье,balanced_future_reference,2433
Здоровье,balanced_future_reference,2434
Здоровье,balanced_future_reference,2435
Здоровье,balanced_future_reference,2436
Здоровье,balanced_future_reference,2437
Здоровье,balanced_future_reference,2439
Здоровье,balanced_future_reference,2440
Здоровье,balanced_future_reference,2441
Здоровье,balanced_future_reference,2442
Здоровье,balanced_future_reference,2443
Здоровье,balanced_future_reference,2444
Здоровье,balanced_future_reference,2445
Здоровье,balanced_future_reference,2446
Здоровье,balanced_future_reference,2447
Здоровье,balanced_future_reference,2449
Здоровье,balanced_future_reference,2450
Здоровье,balanced_future_reference,2451
Здоровье,balanced_future_reference,2452
Здоровье,balanced_future_reference,2453
Здоровье,balanced_future_reference,2454
Здоровье,balanced_future_reference,2455
Здоровье,balanced_future_reference,2456
Здоровье,balanced_future_reference,2457
Здоровье,balanced_future_reference,2458
Здоровье,balanced_future_reference,2459
Здоровье,balanced_future_reference,2460
Здоровье,balanced_future_reference,2461
Здоровье,balanced_future_reference,2462
Здоровье,balanced_future_reference,2463
Здоровье,balanced_future_reference,2464
Здоровье,balanced_future_reference,2465
Здоровье,balanced_future_reference,2466
Здоровье,balanced_future_reference,2467
Здоровье,balanced_future_reference,2468
Здоровье,balanced_future_reference,2469
Здоровье,balanced_future_reference,2470
Здоровье,balanced_future_reference,2471
Здоровье,balanced_future_reference,2472
Здоровье,balanced_future_reference,2473
Здоровье,balanced_future_reference,2474
Здоровье,balanced_future_reference,2475
Здоровье,balanced_future_reference,2476
Здоровье,balanced_future_reference,2477
Здоровье,balanced_future_reference,2478
Здоровье,balanced_future_reference,2479
Здоровье,balanced_future_reference,2480
Здоровье,balanced_future_reference,2481
Здоровье,balanced_future_reference,2482
Здоровье,balanced_future_reference,2483
Здоровье,balanced_future_reference,2484
Здоровье,balanced_future_reference,2485
Здоровье,balanced_future_reference,2486
Здоровье,balanced_future_reference,2487
Здоровье,balanced_future_reference,2488
Здоровье,balanced_future_reference,2489
Здоровье,balanced_future_reference,2490
Здоровье,balanced_future_reference,2491
Здоровье,balanced_future_reference,2492
Здоровье,balanced_future_reference,2493
Здоровье,balanced_future_reference,2494
Здоровье,balanced_future_reference,2495
Здоровье,balanced_future_reference,2496
Здоровье,balanced_future_reference,2497
Здоровье,balanced_future_reference,2498
Здоровье,balanced_future_reference,2499
Здоровье,balanced_future_reference,2500
Здоровье,balanced_future_reference,2501
Здоровье,balanced_future_reference,2502
Здоровье,balanced_future_reference,2503
Здоровье,balanced_future_reference,2504
Здоровье,balanced_future_reference,2505
Здоровье,balanced_future_reference,2506
Здоровье,balanced_future_reference,2507
Здоровье,balanced_future_reference,2508
Здоровье,balanced_future_reference,2509
Здоровье,balanced_future_reference,2510
Здоровье,balanced_future_reference,2511
Здоровье,balanced_future_reference,2512
Здоровье,balanced_future_reference,2513
Здоровье,balanced_future_reference,2514
Здоровье,balanced_future_reference,2515
Здоровье,balanced_future_reference,2516
Здоровье,balanced_future_reference,2517
Здоровье,balanced_future_reference,2518
Здоровье,balanced_future_reference,2519
Здоровье,balanced_future_reference,2520
Здоровье,balanced_future_reference,2521
Здоровье,balanced_future_reference,2522
Здоровье,balanced_future_reference,2523
Здоровье,balanced_future_reference,2524
Здоровье,balanced_future_reference,2525
Здоровье,balanced_future_reference,2526
Здоровье,balanced_future_reference,2527
Здоровье,balanced_future_reference,2528
Здоровье,balanced_future_reference,2529
Здоровье,balanced_future_reference,2530
Здоровье,balanced_future_reference,2531
Здоровье,balanced_future_reference,2532
Здоровье,balanced_future_reference,2533
Здоровье,balanced_future_reference,2534
Здоровье,balanced_future_reference,2535
Здоровье,balanced_future_reference,2536
Здоровье,balanced_future_reference,2537
Здоровье,balanced_future_reference,2538
Здоровье,balanced_future_reference,2539
Здоровье,balanced_future_reference,2540
Здоровье,balanced_future_reference,2541
Здоровье,balanced_future_reference,2542
Здоровье,balanced_future_reference,2543
Здоровье,balanced_future_reference,2544
Здоровье,balanced_future_reference,2545
Здоровье,balanced_future_reference,2546
Здоровье,balanced_future_reference,2547
Здоровье,balanced_future_reference,2548
Здоровье,balanced_future_reference,2549
Здоровье,balanced_future_reference,2550
Здоровье,balanced_future_reference,2551
Здоровье,balanced_future_reference,2552
Здоровье,balanced_future_reference,2553
Здоровье,balanced_future_reference,2554
Здоровье,balanced_future_reference,2555
Здоровье,balanced_future_reference,2556
Здоровье,balanced_future_reference,2557
Здоровье,balanced_future_reference,2558
Здоровье,balanced_future_reference,2559
Здоровье,balanced_future_reference,2560
Здоровье,balanced_future_reference,2561
Здоровье,balanced_future_reference,2562
Здоровье,balanced_future_reference,2563
Здоровье,balanced_future_reference,2564
Здоровье,balanced_future_reference,2565
Здоровье,balanced_future_reference,2566
Здоровье,balanced_future_reference,2567
Здоровье,balanced_future_reference,2568
Здоровье,balanced_future_reference,2569
Здоровье,balanced_future_reference,2570
Здоровье,balanced_future_reference,2571
Здоровье,balanced_future_reference,2572
Здоровье,balanced_future_reference,2573
Здоровье,balanced_future_reference,2574
Здоровье,balanced_future_reference,2575
Здоровье,balanced_future_reference,2576
Здоровье,balanced_future_reference,2577
Здоровье,balanced_future_reference,2578
Здоровье,balanced_future_reference,2579
Здоровье,balanced_future_reference,2580
Здоровье,balanced_future_reference,2581
Здоровье,balanced_future_reference,2582
Здоровье,balanced_future_reference,2583
Здоровье,balanced_future_reference,2584
Здоровье,balanced_future_reference,2585
Здоровье,balanced_future_reference,2586
Здоровье,balanced_future_reference,2587
Здоровье,balanced_future_reference,2588
Здоровье,balanced_future_reference,2589
Здоровье,balanced_future_reference,2590
Здоровье,balanced_future_reference,2591
Здоровье,balanced_future_reference,2592
Здоровье,balanced_future_reference,2593
Здоровье,balanced_future_reference,2595
Здоровье,balanced_future_reference,2596
Здоровье,balanced_future_reference,2597
Здоровье,balanced_future_reference,2598
Здоровье,balanced_future_reference,2599
Здоровье,balanced_future_reference,2600
Здоровье,balanced_future_reference,2601
Здоровье,balanced_future_reference,2602
Здоровье,balanced_future_reference,2604
Здоровье,balanced_future_reference,2605
Здоровье,balanced_future_reference,2606
Здоровье,balanced_future_reference,2607
Здоровье,balanced_future_reference,2618
Здоровье,balanced_future_reference,2619
Здоровье,balanced_future_reference,2620
Здоровье,balanced_future_reference,2621
Здоровье,balanced_future_reference,2644
Здоровье,balanced_future_reference,2646
Здоровье,balanced_future_reference,2647
Здоровье,balanced_future_reference,2648
Здоровье,balanced_future_reference,2649
Здоровье,balanced_future_reference,2651
Здоровье,balanced_future_reference,2652
Здоровье,balanced_future_reference,2710
Здоровье,balanced_future_reference,2808
Здоровье,balanced_future_reference,2809
Здоровье,balanced_future_reference,2813
Здоровье,balanced_future_reference,2814
Здоровье,balanced_future_reference,2872
Здоровье,balanced_future_reference,2876
Здоровье,balanced_future_reference,2879
Здоровье,balanced_future_reference,2880
Здоровье,balanced_future_reference,2881
Здоровье,balanced_future_reference,2882
Здоровье,balanced_future_reference,2883
Здоровье,balanced_future_reference,2884
Здоровье,balanced_future_reference,2885
Здоровье,balanced_future_reference,2886
Здоровье,balanced_future_reference,2887
Здоровье,balanced_future_reference,3005
Здоровье,balanced_future_reference,3007
Здоровье,balanced_future_reference,3009
Здоровье,balanced_future_reference,3011
Здоровье,balanced_future_reference,3012
Здоровье,balanced_future_reference,3013
Маркетплейсы,asof_june,1
Маркетплейсы,asof_june,2
Маркетплейсы,asof_june,3
Маркетплейсы,asof_june,4
Маркетплейсы,asof_june,5
Маркетплейсы,asof_june,6
Маркетплейсы,asof_june,7
Маркетплейсы,asof_june,8
Маркетплейсы,asof_june,9
Маркетплейсы,asof_june,10
Маркетплейсы,asof_june,11
Маркетплейсы,asof_june,12
Маркетплейсы,asof_june,13
Маркетплейсы,asof_june,14
Маркетплейсы,asof_june,15
Маркетплейсы,asof_june,16
Маркетплейсы,asof_june,17
Маркетплейсы,asof_june,18
Маркетплейсы,asof_june,19
Маркетплейсы,asof_june,20
Маркетплейсы,asof_june,21
Маркетплейсы,asof_june,22
Маркетплейсы,asof_june,23
Маркетплейсы,asof_june,25
Маркетплейсы,asof_june,26
Маркетплейсы,asof_june,27
Маркетплейсы,asof_june,28
Маркетплейсы,asof_june,29
Маркетплейсы,asof_june,30
Маркетплейсы,asof_june,31
Маркетплейсы,asof_june,32
Маркетплейсы,asof_june,33
Маркетплейсы,asof_june,34
Маркетплейсы,asof_june,35
Маркетплейсы,asof_june,36
Маркетплейсы,asof_june,37
Маркетплейсы,asof_june,38
Маркетплейсы,asof_june,39
Маркетплейсы,asof_june,40
Маркетплейсы,asof_june,41
Маркетплейсы,asof_june,42
Маркетплейсы,asof_june,43
Маркетплейсы,asof_june,44
Маркетплейсы,asof_june,45
Маркетплейсы,asof_june,46
Маркетплейсы,asof_june,47
Маркетплейсы,asof_june,48
Маркетплейсы,asof_june,49
Маркетплейсы,asof_june,50
Маркетплейсы,asof_june,51
Маркетплейсы,asof_june,52
Маркетплейсы,asof_june,53
Маркетплейсы,asof_june,54
Маркетплейсы,asof_june,55
Маркетплейсы,asof_june,56
Маркетплейсы,asof_june,57
Маркетплейсы,asof_june,58
Маркетплейсы,asof_june,59
Маркетплейсы,asof_june,60
Маркетплейсы,asof_june,61
Маркетплейсы,asof_june,62
Маркетплейсы,asof_june,63
Маркетплейсы,asof_june,65
Маркетплейсы,asof_june,66
Маркетплейсы,asof_june,67
Маркетплейсы,asof_june,68
Маркетплейсы,asof_june,69
Маркетплейсы,asof_june,70
Маркетплейсы,asof_june,71
Маркетплейсы,asof_june,72
Маркетплейсы,asof_june,73
Маркетплейсы,asof_june,74
Маркетплейсы,asof_june,75
Маркетплейсы,asof_june,76
Маркетплейсы,asof_june,77
Маркетплейсы,asof_june,78
Маркетплейсы,asof_june,79
Маркетплейсы,asof_june,80
Маркетплейсы,asof_june,81
Маркетплейсы,asof_june,82
Маркетплейсы,asof_june,83
Маркетплейсы,asof_june,167
Маркетплейсы,asof_june,168
Маркетплейсы,asof_june,169
Маркетплейсы,asof_june,173
Маркетплейсы,asof_june,181
Маркетплейсы,asof_june,184
Маркетплейсы,asof_june,185
Маркетплейсы,asof_june,188
Маркетплейсы,asof_june,191
Маркетплейсы,asof_june,194
Маркетплейсы,asof_june,195
Маркетплейсы,asof_june,196
Маркетплейсы,asof_june,198
Маркетплейсы,asof_june,201
Маркетплейсы,asof_june,203
Маркетплейсы,asof_june,204
Маркетплейсы,asof_june,205
Маркетплейсы,asof_june,206
Маркетплейсы,asof_june,207
Маркетплейсы,asof_june,208
Маркетплейсы,asof_june,209
Маркетплейсы,asof_june,210
Маркетплейсы,asof_june,211
Маркетплейсы,asof_june,212
Маркетплейсы,asof_june,213
Маркетплейсы,asof_june,214
Маркетплейсы,asof_june,215
Маркетплейсы,asof_june,216
Маркетплейсы,asof_june,217
Маркетплейсы,asof_june,218
Маркетплейсы,asof_june,219
Маркетплейсы,asof_june,220
Маркетплейсы,asof_june,221
Маркетплейсы,asof_june,222
Маркетплейсы,asof_june,223
Маркетплейсы,asof_june,224
Маркетплейсы,asof_june,225
Маркетплейсы,asof_june,226
Маркетплейсы,asof_june,227
Маркетплейсы,asof_june,228
Маркетплейсы,asof_june,229
Маркетплейсы,asof_june,230
Маркетплейсы,asof_june,231
Маркетплейсы,asof_june,232
Маркетплейсы,asof_june,233
Маркетплейсы,asof_june,234
Маркетплейсы,asof_june,235
Маркетплейсы,asof_june,236
Маркетплейсы,asof_june,237
Маркетплейсы,asof_june,238
Маркетплейсы,asof_june,239
Маркетплейсы,asof_june,240
Маркетплейсы,asof_june,241
Маркетплейсы,asof_june,242
Маркетплейсы,asof_june,243
Маркетплейсы,asof_june,269
Маркетплейсы,asof_june,270
Маркетплейсы,asof_june,271
Маркетплейсы,asof_june,272
Маркетплейсы,asof_june,273
Маркетплейсы,asof_june,274
Маркетплейсы,asof_june,275
Маркетплейсы,asof_june,276
Маркетплейсы,asof_june,277
Маркетплейсы,asof_june,278
Маркетплейсы,asof_june,279
Маркетплейсы,asof_june,280
Маркетплейсы,asof_june,281
Маркетплейсы,asof_june,282
Маркетплейсы,asof_june,283
Маркетплейсы,asof_june,284
Маркетплейсы,asof_june,285
Маркетплейсы,asof_june,287
Маркетплейсы,asof_june,288
Маркетплейсы,asof_june,289
Маркетплейсы,asof_june,290
Маркетплейсы,asof_june,292
Маркетплейсы,asof_june,293
Маркетплейсы,asof_june,294
Маркетплейсы,asof_june,295
Маркетплейсы,asof_june,296
Маркетплейсы,asof_june,297
Маркетплейсы,asof_june,298
Маркетплейсы,asof_june,300
Маркетплейсы,asof_june,301
Маркетплейсы,asof_june,302
Маркетплейсы,asof_june,303
Маркетплейсы,asof_june,304
Маркетплейсы,asof_june,305
Маркетплейсы,asof_june,306
Маркетплейсы,asof_june,307
Маркетплейсы,asof_june,308
Маркетплейсы,asof_june,309
Маркетплейсы,asof_june,311
Маркетплейсы,asof_june,312
Маркетплейсы,asof_june,314
Маркетплейсы,asof_june,315
Маркетплейсы,asof_june,316
Маркетплейсы,asof_june,317
Маркетплейсы,asof_june,318
Маркетплейсы,asof_june,319
Маркетплейсы,asof_june,320
Маркетплейсы,asof_june,321
Маркетплейсы,asof_june,322
Маркетплейсы,asof_june,323
Маркетплейсы,asof_june,324
Маркетплейсы,asof_june,325
Маркетплейсы,asof_june,326
Маркетплейсы,asof_june,327
Маркетплейсы,asof_june,328
Маркетплейсы,asof_june,329
Маркетплейсы,asof_june,330
Маркетплейсы,asof_june,331
Маркетплейсы,asof_june,332
Маркетплейсы,asof_june,333
Маркетплейсы,asof_june,334
Маркетплейсы,asof_june,335
Маркетплейсы,asof_june,336
Маркетплейсы,asof_june,337
Маркетплейсы,asof_june,338
Маркетплейсы,asof_june,339
Маркетплейсы,asof_june,340
Маркетплейсы,asof_june,341
Маркетплейсы,asof_june,342
Маркетплейсы,asof_june,343
Маркетплейсы,asof_june,345
Маркетплейсы,asof_june,346
Маркетплейсы,asof_june,347
Маркетплейсы,asof_june,348
Маркетплейсы,asof_june,349
Маркетплейсы,asof_june,351
Маркетплейсы,asof_june,352
Маркетплейсы,asof_june,354
Маркетплейсы,asof_june,355
Маркетплейсы,asof_june,356
Маркетплейсы,asof_june,357
Маркетплейсы,asof_june,358
Маркетплейсы,asof_june,359
Маркетплейсы,asof_june,360
Маркетплейсы,asof_june,361
Маркетплейсы,asof_june,362
Маркетплейсы,asof_june,363
Маркетплейсы,asof_june,364
Маркетплейсы,asof_june,365
Маркетплейсы,asof_june,366
Маркетплейсы,asof_june,367
Маркетплейсы,asof_june,368
Маркетплейсы,asof_june,369
Маркетплейсы,asof_june,370
Маркетплейсы,asof_june,371
Маркетплейсы,asof_june,372
Маркетплейсы,asof_june,373
Маркетплейсы,asof_june,374
Маркетплейсы,asof_june,375
Маркетплейсы,asof_june,376
Маркетплейсы,asof_june,377
Маркетплейсы,asof_june,378
Маркетплейсы,asof_june,379
Маркетплейсы,asof_june,380
Маркетплейсы,asof_june,381
Маркетплейсы,asof_june,382
Маркетплейсы,asof_june,383
Маркетплейсы,asof_june,384
Маркетплейсы,asof_june,385
Маркетплейсы,asof_june,386
Маркетплейсы,asof_june,387
Маркетплейсы,asof_june,388
Маркетплейсы,asof_june,390
Маркетплейсы,asof_june,391
Маркетплейсы,asof_june,392
Маркетплейсы,asof_june,393
Маркетплейсы,asof_june,395
Маркетплейсы,asof_june,396
Маркетплейсы,asof_june,397
Маркетплейсы,asof_june,398
Маркетплейсы,asof_june,401
Маркетплейсы,asof_june,402
Маркетплейсы,asof_june,403
Маркетплейсы,asof_june,404
Маркетплейсы,asof_june,405
Маркетплейсы,asof_june,408
Маркетплейсы,asof_june,410
Маркетплейсы,asof_june,413
Маркетплейсы,asof_june,414
Маркетплейсы,asof_june,416
Маркетплейсы,asof_june,418
Маркетплейсы,asof_june,419
Маркетплейсы,asof_june,420
Маркетплейсы,asof_june,421
Маркетплейсы,asof_june,422
Маркетплейсы,asof_june,423
Маркетплейсы,asof_june,424
Маркетплейсы,asof_june,425
Маркетплейсы,asof_june,428
Маркетплейсы,asof_june,429
Маркетплейсы,asof_june,430
Маркетплейсы,asof_june,431
Маркетплейсы,asof_june,432
Маркетплейсы,asof_june,433
Маркетплейсы,asof_june,434
Маркетплейсы,asof_june,435
Маркетплейсы,asof_june,436
Маркетплейсы,asof_june,437
Маркетплейсы,asof_june,438
Маркетплейсы,asof_june,440
Маркетплейсы,asof_june,441
Маркетплейсы,asof_june,442
Маркетплейсы,asof_june,443
Маркетплейсы,asof_june,444
Маркетплейсы,asof_june,445
Маркетплейсы,asof_june,446
Маркетплейсы,asof_june,447
Маркетплейсы,asof_june,448
Маркетплейсы,asof_june,449
Маркетплейсы,asof_june,450
Маркетплейсы,asof_june,451
Маркетплейсы,asof_june,452
Маркетплейсы,asof_june,453
Маркетплейсы,asof_june,455
Маркетплейсы,asof_june,456
Маркетплейсы,asof_june,457
Маркетплейсы,asof_june,458
Маркетплейсы,asof_june,459
Маркетплейсы,asof_june,460
Маркетплейсы,asof_june,478
Маркетплейсы,asof_june,479
Маркетплейсы,asof_june,480
Маркетплейсы,asof_june,481
Маркетплейсы,asof_june,482
Маркетплейсы,asof_june,484
Маркетплейсы,asof_june,485
Маркетплейсы,asof_june,486
Маркетплейсы,asof_june,487
Маркетплейсы,asof_june,489
Маркетплейсы,asof_june,490
Маркетплейсы,asof_june,491
Маркетплейсы,asof_june,492
Маркетплейсы,asof_june,493
Маркетплейсы,asof_june,494
Маркетплейсы,asof_june,495
Маркетплейсы,asof_june,496
Маркетплейсы,asof_june,497
Маркетплейсы,asof_june,498
Маркетплейсы,asof_june,499
Маркетплейсы,asof_june,501
Маркетплейсы,asof_june,502
Маркетплейсы,asof_june,503
Маркетплейсы,asof_june,504
Маркетплейсы,asof_june,505
Маркетплейсы,asof_june,506
Маркетплейсы,asof_june,507
Маркетплейсы,asof_june,508
Маркетплейсы,asof_june,509
Маркетплейсы,asof_june,510
Маркетплейсы,asof_june,511
Маркетплейсы,asof_june,512
Маркетплейсы,asof_june,515
Маркетплейсы,asof_june,516
Маркетплейсы,asof_june,517
Маркетплейсы,asof_june,518
Маркетплейсы,asof_june,519
Маркетплейсы,asof_june,520
Маркетплейсы,asof_june,521
Маркетплейсы,asof_june,522
Маркетплейсы,asof_june,523
Маркетплейсы,asof_june,524
Маркетплейсы,asof_june,525
Маркетплейсы,asof_june,527
Маркетплейсы,asof_june,528
Маркетплейсы,asof_june,529
Маркетплейсы,asof_june,530
Маркетплейсы,asof_june,531
Маркетплейсы,asof_june,532
Маркетплейсы,asof_june,533
Маркетплейсы,asof_june,534
Маркетплейсы,asof_june,535
Маркетплейсы,asof_june,536
Маркетплейсы,asof_june,537
Маркетплейсы,asof_june,538
Маркетплейсы,asof_june,539
Маркетплейсы,asof_june,540
Маркетплейсы,asof_june,541
Маркетплейсы,asof_june,542
Маркетплейсы,asof_june,543
Маркетплейсы,asof_june,544
Маркетплейсы,asof_june,545
Маркетплейсы,asof_june,546
Маркетплейсы,asof_june,547
Маркетплейсы,asof_june,548
Маркетплейсы,asof_june,549
Маркетплейсы,asof_june,550
Маркетплейсы,asof_june,552
Маркетплейсы,asof_june,553
Маркетплейсы,asof_june,554
Маркетплейсы,asof_june,555
Маркетплейсы,asof_june,556
Маркетплейсы,asof_june,557
Маркетплейсы,asof_june,558
Маркетплейсы,asof_june,559
Маркетплейсы,asof_june,560
Маркетплейсы,asof_june,561
Маркетплейсы,asof_june,562
Маркетплейсы,asof_june,563
Маркетплейсы,asof_june,564
Маркетплейсы,asof_june,565
Маркетплейсы,asof_june,566
Маркетплейсы,asof_june,567
Маркетплейсы,asof_june,568
Маркетплейсы,asof_june,569
Маркетплейсы,asof_june,570
Маркетплейсы,asof_june,571
Маркетплейсы,asof_june,572
Маркетплейсы,asof_june,574
Маркетплейсы,asof_june,578
Маркетплейсы,asof_june,579
Маркетплейсы,asof_june,580
Маркетплейсы,asof_june,581
Маркетплейсы,asof_june,582
Маркетплейсы,asof_june,583
Маркетплейсы,asof_june,584
Маркетплейсы,asof_june,585
Маркетплейсы,asof_june,586
Маркетплейсы,asof_june,587
Маркетплейсы,asof_june,588
Маркетплейсы,asof_june,589
Маркетплейсы,asof_june,591
Маркетплейсы,asof_june,592
Маркетплейсы,asof_june,593
Маркетплейсы,asof_june,594
Маркетплейсы,asof_june,595
Маркетплейсы,asof_june,598
Маркетплейсы,asof_june,599
Маркетплейсы,asof_june,600
Маркетплейсы,asof_june,601
Маркетплейсы,asof_june,602
Маркетплейсы,asof_june,603
Маркетплейсы,asof_june,604
Маркетплейсы,asof_june,605
Маркетплейсы,asof_june,606
Маркетплейсы,asof_june,607
Маркетплейсы,asof_june,608
Маркетплейсы,asof_june,611
Маркетплейсы,asof_june,612
Маркетплейсы,asof_june,613
Маркетплейсы,asof_june,614
Маркетплейсы,asof_june,615
Маркетплейсы,asof_june,616
Маркетплейсы,asof_june,618
Маркетплейсы,asof_june,619
Маркетплейсы,asof_june,621
Маркетплейсы,asof_june,666
Маркетплейсы,asof_june,667
Маркетплейсы,asof_june,668
Маркетплейсы,asof_june,669
Маркетплейсы,asof_june,670
Маркетплейсы,asof_june,671
Маркетплейсы,asof_june,674
Маркетплейсы,asof_june,675
Маркетплейсы,asof_june,676
Маркетплейсы,asof_june,677
Маркетплейсы,asof_june,678
Маркетплейсы,asof_june,679
Маркетплейсы,asof_june,680
Маркетплейсы,asof_june,683
Маркетплейсы,asof_june,685
Маркетплейсы,asof_june,686
Маркетплейсы,asof_june,687
Маркетплейсы,asof_june,689
Маркетплейсы,asof_june,690
Маркетплейсы,asof_june,691
Маркетплейсы,asof_june,692
Маркетплейсы,asof_june,693
Маркетплейсы,asof_june,694
Маркетплейсы,asof_june,695
Маркетплейсы,asof_june,696
Маркетплейсы,asof_june,697
Маркетплейсы,asof_june,698
Маркетплейсы,asof_june,699
Маркетплейсы,asof_june,701
Маркетплейсы,asof_june,702
Маркетплейсы,asof_june,703
Маркетплейсы,asof_june,704
Маркетплейсы,asof_june,705
Маркетплейсы,asof_june,706
Маркетплейсы,asof_june,708
Маркетплейсы,asof_june,710
Маркетплейсы,asof_june,711
Маркетплейсы,asof_june,712
Маркетплейсы,asof_june,713
Маркетплейсы,asof_june,714
Маркетплейсы,asof_june,715
Маркетплейсы,asof_june,716
Маркетплейсы,asof_june,717
Маркетплейсы,asof_june,718
Маркетплейсы,asof_june,719
Маркетплейсы,asof_june,720
Маркетплейсы,asof_june,721
Маркетплейсы,asof_june,722
Маркетплейсы,asof_june,723
Маркетплейсы,asof_june,725
Маркетплейсы,asof_june,726
Маркетплейсы,asof_june,727
Маркетплейсы,asof_june,731
Маркетплейсы,asof_june,734
Маркетплейсы,asof_june,735
Маркетплейсы,asof_june,736
Маркетплейсы,asof_june,737
Маркетплейсы,asof_june,738
Маркетплейсы,asof_june,739
Маркетплейсы,asof_june,741
Маркетплейсы,asof_june,742
Маркетплейсы,asof_june,743
Маркетплейсы,asof_june,744
Маркетплейсы,asof_june,745
Маркетплейсы,asof_june,746
Маркетплейсы,asof_june,747
Маркетплейсы,asof_june,748
Маркетплейсы,asof_june,749
Маркетплейсы,asof_june,751
Маркетплейсы,asof_june,752
Маркетплейсы,asof_june,753
Маркетплейсы,asof_june,754
Маркетплейсы,asof_june,755
Маркетплейсы,asof_june,756
Маркетплейсы,asof_june,757
Маркетплейсы,asof_june,758
Маркетплейсы,asof_june,760
Маркетплейсы,asof_june,761
Маркетплейсы,asof_june,763
Маркетплейсы,asof_june,764
Маркетплейсы,asof_june,765
Маркетплейсы,asof_june,766
Маркетплейсы,asof_june,767
Маркетплейсы,asof_june,769
Маркетплейсы,asof_june,770
Маркетплейсы,asof_june,771
Маркетплейсы,asof_june,773
Маркетплейсы,asof_june,774
Маркетплейсы,asof_june,775
Маркетплейсы,asof_june,776
Маркетплейсы,asof_june,777
Маркетплейсы,asof_june,778
Маркетплейсы,asof_june,779
Маркетплейсы,asof_june,780
Маркетплейсы,asof_june,781
Маркетплейсы,asof_june,782
Маркетплейсы,asof_june,783
Маркетплейсы,asof_june,784
Маркетплейсы,asof_june,785
Маркетплейсы,asof_june,787
Маркетплейсы,asof_june,788
Маркетплейсы,asof_june,789
Маркетплейсы,asof_june,790
Маркетплейсы,asof_june,791
Маркетплейсы,asof_june,792
Маркетплейсы,asof_june,793
Маркетплейсы,asof_june,794
Маркетплейсы,asof_june,795
Маркетплейсы,asof_june,796
Маркетплейсы,asof_june,797
Маркетплейсы,asof_june,798
Маркетплейсы,asof_june,799
Маркетплейсы,asof_june,800
Маркетплейсы,asof_june,801
Маркетплейсы,asof_june,802
Маркетплейсы,asof_june,803
Маркетплейсы,asof_june,804
Маркетплейсы,asof_june,805
Маркетплейсы,asof_june,806
Маркетплейсы,asof_june,807
Маркетплейсы,asof_june,808
Маркетплейсы,asof_june,809
Маркетплейсы,asof_june,810
Маркетплейсы,asof_june,811
Маркетплейсы,asof_june,812
Маркетплейсы,asof_june,813
Маркетплейсы,asof_june,814
Маркетплейсы,asof_june,815
Маркетплейсы,asof_june,817
Маркетплейсы,asof_june,818
Маркетплейсы,asof_june,819
Маркетплейсы,asof_june,820
Маркетплейсы,asof_june,821
Маркетплейсы,asof_june,822
Маркетплейсы,asof_june,823
Маркетплейсы,asof_june,824
Маркетплейсы,asof_june,825
Маркетплейсы,asof_june,826
Маркетплейсы,asof_june,827
Маркетплейсы,asof_june,828
Маркетплейсы,asof_june,829
Маркетплейсы,asof_june,830
Маркетплейсы,asof_june,831
Маркетплейсы,asof_june,832
Маркетплейсы,asof_june,833
Маркетплейсы,asof_june,834
Маркетплейсы,asof_june,835
Маркетплейсы,asof_june,836
Маркетплейсы,asof_june,838
Маркетплейсы,asof_june,839
Маркетплейсы,asof_june,840
Маркетплейсы,asof_june,841
Маркетплейсы,asof_june,842
Маркетплейсы,asof_june,843
Маркетплейсы,asof_june,844
Маркетплейсы,asof_june,846
Маркетплейсы,asof_june,847
Маркетплейсы,asof_june,848
Маркетплейсы,asof_june,849
Маркетплейсы,asof_june,851
Маркетплейсы,asof_june,852
Маркетплейсы,asof_june,853
Маркетплейсы,asof_june,854
Маркетплейсы,asof_june,855
Маркетплейсы,asof_june,856
Маркетплейсы,asof_june,857
Маркетплейсы,asof_june,859
Маркетплейсы,asof_june,860
Маркетплейсы,asof_june,870
Маркетплейсы,asof_june,871
Маркетплейсы,asof_june,872
Маркетплейсы,asof_june,873
Маркетплейсы,asof_june,874
Маркетплейсы,asof_june,875
Маркетплейсы,asof_june,876
Маркетплейсы,asof_june,877
Маркетплейсы,asof_june,878
Маркетплейсы,asof_june,879
Маркетплейсы,asof_june,880
Маркетплейсы,asof_june,881
Маркетплейсы,asof_june,882
Маркетплейсы,asof_june,883
Маркетплейсы,asof_june,884
Маркетплейсы,asof_june,885
Маркетплейсы,asof_june,886
Маркетплейсы,asof_june,888
Маркетплейсы,asof_june,889
Маркетплейсы,asof_june,890
Маркетплейсы,asof_june,891
Маркетплейсы,asof_june,892
Маркетплейсы,asof_june,895
Маркетплейсы,asof_june,896
Маркетплейсы,asof_june,897
Маркетплейсы,asof_june,898
Маркетплейсы,asof_june,899
Маркетплейсы,asof_june,900
Маркетплейсы,asof_june,901
Маркетплейсы,asof_june,902
Маркетплейсы,asof_june,903
Маркетплейсы,asof_june,904
Маркетплейсы,asof_june,905
Маркетплейсы,asof_june,907
Маркетплейсы,asof_june,908
Маркетплейсы,asof_june,909
Маркетплейсы,asof_june,911
Маркетплейсы,asof_june,912
Маркетплейсы,asof_june,913
Маркетплейсы,asof_june,914
Маркетплейсы,asof_june,915
Маркетплейсы,asof_june,916
Маркетплейсы,asof_june,917
Маркетплейсы,asof_june,918
Маркетплейсы,asof_june,920
Маркетплейсы,asof_june,922
Маркетплейсы,asof_june,923
Маркетплейсы,asof_june,924
Маркетплейсы,asof_june,925
Маркетплейсы,asof_june,926
Маркетплейсы,asof_june,927
Маркетплейсы,asof_june,928
Маркетплейсы,asof_june,929
Маркетплейсы,asof_june,930
Маркетплейсы,asof_june,986
Маркетплейсы,asof_june,987
Маркетплейсы,asof_june,988
Маркетплейсы,asof_june,989
Маркетплейсы,asof_june,991
Маркетплейсы,asof_june,992
Маркетплейсы,asof_june,993
Маркетплейсы,asof_june,994
Маркетплейсы,asof_june,995
Маркетплейсы,asof_june,996
Маркетплейсы,asof_june,998
Маркетплейсы,asof_june,999
Маркетплейсы,asof_june,1001
Маркетплейсы,asof_june,1002
Маркетплейсы,asof_june,1003
Маркетплейсы,asof_june,1004
Маркетплейсы,asof_june,1005
Маркетплейсы,asof_june,1006
Маркетплейсы,asof_june,1007
Маркетплейсы,asof_june,1008
Маркетплейсы,asof_june,1009
Маркетплейсы,asof_june,1010
Маркетплейсы,asof_june,1011
Маркетплейсы,asof_june,1012
Маркетплейсы,asof_june,1013
Маркетплейсы,asof_june,1014
Маркетплейсы,asof_june,1015
Маркетплейсы,asof_june,1016
Маркетплейсы,asof_june,1017
Маркетплейсы,asof_june,1018
Маркетплейсы,asof_june,1019
Маркетплейсы,asof_june,1020
Маркетплейсы,asof_june,1021
Маркетплейсы,asof_june,1023
Маркетплейсы,asof_june,1024
Маркетплейсы,asof_june,1025
Маркетплейсы,asof_june,1026
Маркетплейсы,asof_june,1027
Маркетплейсы,asof_june,1028
Маркетплейсы,asof_june,1029
Маркетплейсы,asof_june,1030
Маркетплейсы,asof_june,1031
Маркетплейсы,asof_june,1032
Маркетплейсы,asof_june,1033
Маркетплейсы,asof_june,1034
Маркетплейсы,asof_june,1035
Маркетплейсы,asof_june,1036
Маркетплейсы,asof_june,1037
Маркетплейсы,asof_june,1038
Маркетплейсы,asof_june,1039
Маркетплейсы,asof_june,1040
Маркетплейсы,asof_june,1041
Маркетплейсы,asof_june,1044
Маркетплейсы,asof_june,1047
Маркетплейсы,asof_june,1048
Маркетплейсы,asof_june,1049
Маркетплейсы,asof_june,1051
Маркетплейсы,asof_june,1052
Маркетплейсы,asof_june,1053
Маркетплейсы,asof_june,1054
Маркетплейсы,asof_june,1055
Маркетплейсы,asof_june,1056
Маркетплейсы,asof_june,1057
Маркетплейсы,asof_june,1058
Маркетплейсы,asof_june,1059
Маркетплейсы,asof_june,1060
Маркетплейсы,asof_june,1061
Маркетплейсы,asof_june,1062
Маркетплейсы,asof_june,1063
Маркетплейсы,asof_june,1064
Маркетплейсы,asof_june,1065
Маркетплейсы,asof_june,1066
Маркетплейсы,asof_june,1067
Маркетплейсы,asof_june,1068
Маркетплейсы,asof_june,1069
Маркетплейсы,asof_june,1070
Маркетплейсы,asof_june,1071
Маркетплейсы,asof_june,1072
Маркетплейсы,asof_june,1107
Маркетплейсы,asof_june,1108
Маркетплейсы,asof_june,1109
Маркетплейсы,asof_june,1110
Маркетплейсы,asof_june,1111
Маркетплейсы,asof_june,1112
Маркетплейсы,asof_june,1113
Маркетплейсы,asof_june,1115
Маркетплейсы,asof_june,1116
Маркетплейсы,asof_june,1117
Маркетплейсы,asof_june,1118
Маркетплейсы,asof_june,1119
Маркетплейсы,asof_june,1120
Маркетплейсы,asof_june,1121
Маркетплейсы,asof_june,1122
Маркетплейсы,asof_june,1123
Маркетплейсы,asof_june,1124
Маркетплейсы,asof_june,1125
Маркетплейсы,asof_june,1126
Маркетплейсы,asof_june,1127
Маркетплейсы,asof_june,1128
Маркетплейсы,asof_june,1129
Маркетплейсы,asof_june,1130
Маркетплейсы,asof_june,1131
Маркетплейсы,asof_june,1132
Маркетплейсы,asof_june,1133
Маркетплейсы,asof_june,1134
Маркетплейсы,asof_june,1135
Маркетплейсы,asof_june,1136
Маркетплейсы,asof_june,1137
Маркетплейсы,asof_june,1138
Маркетплейсы,asof_june,1139
Маркетплейсы,asof_june,1140
Маркетплейсы,asof_june,1141
Маркетплейсы,asof_june,1142
Маркетплейсы,asof_june,1143
Маркетплейсы,asof_june,1144
Маркетплейсы,asof_june,1146
Маркетплейсы,asof_june,1147
Маркетплейсы,asof_june,1148
Маркетплейсы,asof_june,1149
Маркетплейсы,asof_june,1150
Маркетплейсы,asof_june,1151
Маркетплейсы,asof_june,1152
Маркетплейсы,asof_june,1153
Маркетплейсы,asof_june,1154
Маркетплейсы,asof_june,1155
Маркетплейсы,asof_june,1157
Маркетплейсы,asof_june,1158
Маркетплейсы,asof_june,1159
Маркетплейсы,asof_june,1160
Маркетплейсы,asof_june,1161
Маркетплейсы,asof_june,1163
Маркетплейсы,asof_june,1164
Маркетплейсы,asof_june,1165
Маркетплейсы,asof_june,1166
Маркетплейсы,asof_june,1167
Маркетплейсы,asof_june,1168
Маркетплейсы,asof_june,1169
Маркетплейсы,asof_june,1170
Маркетплейсы,asof_june,1171
Маркетплейсы,asof_june,1172
Маркетплейсы,asof_june,1173
Маркетплейсы,asof_june,1174
Маркетплейсы,asof_june,1175
Маркетплейсы,asof_june,1176
Маркетплейсы,asof_june,1178
Маркетплейсы,asof_june,1179
Маркетплейсы,asof_june,1180
Маркетплейсы,asof_june,1181
Маркетплейсы,asof_june,1184
Маркетплейсы,asof_june,1185
Маркетплейсы,asof_june,1186
Маркетплейсы,asof_june,1187
Маркетплейсы,asof_june,1188
Маркетплейсы,asof_june,1189
Маркетплейсы,asof_june,1190
Маркетплейсы,asof_june,1191
Маркетплейсы,asof_june,1192
Маркетплейсы,asof_june,1193
Маркетплейсы,asof_june,1194
Маркетплейсы,asof_june,1195
Маркетплейсы,asof_june,1196
Маркетплейсы,asof_june,1197
Маркетплейсы,asof_june,1198
Маркетплейсы,asof_june,1200
Маркетплейсы,asof_june,1201
Маркетплейсы,asof_june,1203
Маркетплейсы,asof_june,1204
Маркетплейсы,asof_june,1205
Маркетплейсы,asof_june,1206
Маркетплейсы,asof_june,1207
Маркетплейсы,asof_june,1208
Маркетплейсы,asof_june,1209
Маркетплейсы,asof_june,1210
Маркетплейсы,asof_june,1211
Маркетплейсы,asof_june,1212
Маркетплейсы,asof_june,1213
Маркетплейсы,asof_june,1214
Маркетплейсы,asof_june,1215
Маркетплейсы,asof_june,1217
Маркетплейсы,asof_june,1218
Маркетплейсы,asof_june,1219
Маркетплейсы,asof_june,1220
Маркетплейсы,asof_june,1221
Маркетплейсы,asof_june,1222
Маркетплейсы,asof_june,1223
Маркетплейсы,asof_june,1224
Маркетплейсы,asof_june,1225
Маркетплейсы,asof_june,1226
Маркетплейсы,asof_june,1227
Маркетплейсы,asof_june,1228
Маркетплейсы,asof_june,1229
Маркетплейсы,asof_june,1230
Маркетплейсы,asof_june,1231
Маркетплейсы,asof_june,1232
Маркетплейсы,asof_june,1233
Маркетплейсы,asof_june,1234
Маркетплейсы,asof_june,1235
Маркетплейсы,asof_june,1236
Маркетплейсы,asof_june,1237
Маркетплейсы,asof_june,1238
Маркетплейсы,asof_june,1240
Маркетплейсы,asof_june,1241
Маркетплейсы,asof_june,1242
Маркетплейсы,asof_june,1243
Маркетплейсы,asof_june,1244
Маркетплейсы,asof_june,1246
Маркетплейсы,asof_june,1249
Маркетплейсы,asof_june,1250
Маркетплейсы,asof_june,1251
Маркетплейсы,asof_june,1252
Маркетплейсы,asof_june,1253
Маркетплейсы,asof_june,1254
Маркетплейсы,asof_june,1256
Маркетплейсы,asof_june,1257
Маркетплейсы,asof_june,1258
Маркетплейсы,asof_june,1259
Маркетплейсы,asof_june,1260
Маркетплейсы,asof_june,1261
Маркетплейсы,asof_june,1262
Маркетплейсы,asof_june,1264
Маркетплейсы,asof_june,1265
Маркетплейсы,asof_june,1266
Маркетплейсы,asof_june,1267
Маркетплейсы,asof_june,1268
Маркетплейсы,asof_june,1269
Маркетплейсы,asof_june,1270
Маркетплейсы,asof_june,1271
Маркетплейсы,asof_june,1272
Маркетплейсы,asof_june,1273
Маркетплейсы,asof_june,1274
Маркетплейсы,asof_june,1275
Маркетплейсы,asof_june,1276
Маркетплейсы,asof_june,1277
Маркетплейсы,asof_june,1278
Маркетплейсы,asof_june,1279
Маркетплейсы,asof_june,1280
Маркетплейсы,asof_june,1281
Маркетплейсы,asof_june,1282
Маркетплейсы,asof_june,1284
Маркетплейсы,asof_june,1285
Маркетплейсы,asof_june,1286
Маркетплейсы,asof_june,1287
Маркетплейсы,asof_june,1288
Маркетплейсы,asof_june,1289
Маркетплейсы,asof_june,1290
Маркетплейсы,asof_june,1291
Маркетплейсы,asof_june,1292
Маркетплейсы,asof_june,1293
Маркетплейсы,asof_june,1294
Маркетплейсы,asof_june,1295
Маркетплейсы,asof_june,1296
Маркетплейсы,asof_june,1297
Маркетплейсы,asof_june,1298
Маркетплейсы,asof_june,1299
Маркетплейсы,asof_june,1300
Маркетплейсы,asof_june,1301
Маркетплейсы,asof_june,1302
Маркетплейсы,asof_june,1303
Маркетплейсы,asof_june,1304
Маркетплейсы,asof_june,1305
Маркетплейсы,asof_june,1306
Маркетплейсы,asof_june,1308
Маркетплейсы,asof_june,1309
Маркетплейсы,asof_june,1310
Маркетплейсы,asof_june,1311
Маркетплейсы,asof_june,1312
Маркетплейсы,asof_june,1313
Маркетплейсы,asof_june,1314
Маркетплейсы,asof_june,1315
Маркетплейсы,asof_june,1316
Маркетплейсы,asof_june,1317
Маркетплейсы,asof_june,1319
Маркетплейсы,asof_june,1320
Маркетплейсы,asof_june,1321
Маркетплейсы,asof_june,1322
Маркетплейсы,asof_june,1323
Маркетплейсы,asof_june,1324
Маркетплейсы,asof_june,1325
Маркетплейсы,asof_june,1326
Маркетплейсы,asof_june,1327
Маркетплейсы,asof_june,1328
Маркетплейсы,asof_june,1329
Маркетплейсы,asof_june,1330
Маркетплейсы,asof_june,1331
Маркетплейсы,asof_june,1333
Маркетплейсы,asof_june,1334
Маркетплейсы,asof_june,1335
Маркетплейсы,asof_june,1336
Маркетплейсы,asof_june,1337
Маркетплейсы,asof_june,1338
Маркетплейсы,asof_june,1339
Маркетплейсы,asof_june,1340
Маркетплейсы,asof_june,1341
Маркетплейсы,asof_june,1343
Маркетплейсы,asof_june,1344
Маркетплейсы,asof_june,1345
Маркетплейсы,asof_june,1346
Маркетплейсы,asof_june,1347
Маркетплейсы,asof_june,1348
Маркетплейсы,asof_june,1349
Маркетплейсы,asof_june,1350
Маркетплейсы,asof_june,1351
Маркетплейсы,asof_june,1352
Маркетплейсы,asof_june,1353
Маркетплейсы,asof_june,1355
Маркетплейсы,asof_june,1356
Маркетплейсы,asof_june,1357
Маркетплейсы,asof_june,1358
Маркетплейсы,asof_june,1392
Маркетплейсы,asof_june,1393
Маркетплейсы,asof_june,1394
Маркетплейсы,asof_june,1395
Маркетплейсы,asof_june,1396
Маркетплейсы,asof_june,1397
Маркетплейсы,asof_june,1398
Маркетплейсы,asof_june,1399
Маркетплейсы,asof_june,1400
Маркетплейсы,asof_june,1401
Маркетплейсы,asof_june,1402
Маркетплейсы,asof_june,1403
Маркетплейсы,asof_june,1404
Маркетплейсы,asof_june,1405
Маркетплейсы,asof_june,1406
Маркетплейсы,asof_june,1407
Маркетплейсы,asof_june,1408
Маркетплейсы,asof_june,1409
Маркетплейсы,asof_june,1410
Маркетплейсы,asof_june,1411
Маркетплейсы,asof_june,1412
Маркетплейсы,asof_june,1413
Маркетплейсы,asof_june,1414
Маркетплейсы,asof_june,1415
Маркетплейсы,asof_june,1416
Маркетплейсы,asof_june,1417
Маркетплейсы,asof_june,1419
Маркетплейсы,asof_june,1420
Маркетплейсы,asof_june,1421
Маркетплейсы,asof_june,1422
Маркетплейсы,asof_june,1423
Маркетплейсы,asof_june,1425
Маркетплейсы,asof_june,1426
Маркетплейсы,asof_june,1427
Маркетплейсы,asof_june,1428
Маркетплейсы,asof_june,1429
Маркетплейсы,asof_june,1430
Маркетплейсы,asof_june,1431
Маркетплейсы,asof_june,1434
Маркетплейсы,asof_june,1435
Маркетплейсы,asof_june,1437
Маркетплейсы,asof_june,1438
Маркетплейсы,asof_june,1439
Маркетплейсы,asof_june,1440
Маркетплейсы,asof_june,1443
Маркетплейсы,asof_june,1444
Маркетплейсы,asof_june,1445
Маркетплейсы,asof_june,1446
Маркетплейсы,asof_june,1447
Маркетплейсы,asof_june,1448
Маркетплейсы,asof_june,1449
Маркетплейсы,asof_june,1453
Маркетплейсы,asof_june,1454
Маркетплейсы,asof_june,1456
Маркетплейсы,asof_june,1457
Маркетплейсы,asof_june,1459
Маркетплейсы,asof_june,1461
Маркетплейсы,asof_june,1463
Маркетплейсы,asof_june,1464
Маркетплейсы,asof_june,1465
Маркетплейсы,asof_june,1467
Маркетплейсы,asof_june,1468
Маркетплейсы,asof_june,1472
Маркетплейсы,asof_june,1473
Маркетплейсы,asof_june,1474
Маркетплейсы,asof_june,1475
Маркетплейсы,asof_june,1477
Маркетплейсы,asof_june,1478
Маркетплейсы,asof_june,1480
Маркетплейсы,asof_june,1481
Маркетплейсы,asof_june,1483
Маркетплейсы,asof_june,1484
Маркетплейсы,asof_june,1486
Маркетплейсы,asof_june,1488
Маркетплейсы,asof_june,1489
Маркетплейсы,asof_june,1490
Маркетплейсы,asof_june,1491
Маркетплейсы,asof_june,1492
Маркетплейсы,asof_june,1493
Маркетплейсы,asof_june,1494
Маркетплейсы,asof_june,1495
Маркетплейсы,asof_june,1496
Маркетплейсы,asof_june,1500
Маркетплейсы,asof_june,1501
Маркетплейсы,asof_june,1504
Маркетплейсы,asof_june,1506
Маркетплейсы,asof_june,1507
Маркетплейсы,asof_june,1508
Маркетплейсы,asof_june,1509
Маркетплейсы,asof_june,1510
Маркетплейсы,asof_june,1511
Маркетплейсы,asof_june,1512
Маркетплейсы,asof_june,1518
Маркетплейсы,asof_june,1519
Маркетплейсы,asof_june,1520
Маркетплейсы,asof_june,1521
Маркетплейсы,asof_june,1522
Маркетплейсы,asof_june,1523
Маркетплейсы,asof_june,1525
Маркетплейсы,asof_june,1526
Маркетплейсы,asof_june,1527
Маркетплейсы,asof_june,1528
Маркетплейсы,asof_june,1529
Маркетплейсы,asof_june,1530
Маркетплейсы,asof_june,1532
Маркетплейсы,asof_june,1533
Маркетплейсы,asof_june,1534
Маркетплейсы,asof_june,1535
Маркетплейсы,asof_june,1536
Маркетплейсы,asof_june,1537
Маркетплейсы,asof_june,1539
Маркетплейсы,asof_june,1540
Маркетплейсы,asof_june,1541
Маркетплейсы,asof_june,1542
Маркетплейсы,asof_june,1543
Маркетплейсы,asof_june,1544
Маркетплейсы,asof_june,1545
Маркетплейсы,asof_june,1546
Маркетплейсы,asof_june,1547
Маркетплейсы,asof_june,1548
Маркетплейсы,asof_june,1549
Маркетплейсы,asof_june,1550
Маркетплейсы,asof_june,1551
Маркетплейсы,asof_june,1552
Маркетплейсы,asof_june,1553
Маркетплейсы,asof_june,1554
Маркетплейсы,asof_june,1555
Маркетплейсы,asof_june,1556
Маркетплейсы,asof_june,1557
Маркетплейсы,asof_june,1558
Маркетплейсы,asof_june,1559
Маркетплейсы,asof_june,1560
Маркетплейсы,asof_june,1561
Маркетплейсы,asof_june,1562
Маркетплейсы,asof_june,1563
Маркетплейсы,asof_june,1564
Маркетплейсы,asof_june,1565
Маркетплейсы,asof_june,1566
Маркетплейсы,asof_june,1567
Маркетплейсы,asof_june,1568
Маркетплейсы,asof_june,1569
Маркетплейсы,asof_june,1570
Маркетплейсы,asof_june,1571
Маркетплейсы,asof_june,1572
Маркетплейсы,asof_june,1573
Маркетплейсы,asof_june,1574
Маркетплейсы,asof_june,1575
Маркетплейсы,asof_june,1577
Маркетплейсы,asof_june,1578
Маркетплейсы,asof_june,1579
Маркетплейсы,asof_june,1580
Маркетплейсы,asof_june,1581
Маркетплейсы,asof_june,1582
Маркетплейсы,asof_june,1583
Маркетплейсы,asof_june,1584
Маркетплейсы,asof_june,1585
Маркетплейсы,asof_june,1586
Маркетплейсы,asof_june,1587
Маркетплейсы,asof_june,1588
Маркетплейсы,asof_june,1589
Маркетплейсы,asof_june,1590
Маркетплейсы,asof_june,1591
Маркетплейсы,asof_june,1592
Маркетплейсы,asof_june,1593
Маркетплейсы,asof_june,1594
Маркетплейсы,asof_june,1595
Маркетплейсы,asof_june,1596
Маркетплейсы,asof_june,1597
Маркетплейсы,asof_june,1598
Маркетплейсы,asof_june,1599
Маркетплейсы,asof_june,1600
Маркетплейсы,asof_june,1601
Маркетплейсы,asof_june,1602
Маркетплейсы,asof_june,1603
Маркетплейсы,asof_june,1604
Маркетплейсы,asof_june,1605
Маркетплейсы,asof_june,1606
Маркетплейсы,asof_june,1607
Маркетплейсы,asof_june,1608
Маркетплейсы,asof_june,1609
Маркетплейсы,asof_june,1610
Маркетплейсы,asof_june,1611
Маркетплейсы,asof_june,1612
Маркетплейсы,asof_june,1613
Маркетплейсы,asof_june,1614
Маркетплейсы,asof_june,1615
Маркетплейсы,asof_june,1616
Маркетплейсы,asof_june,1617
Маркетплейсы,asof_june,1618
Маркетплейсы,asof_june,1619
Маркетплейсы,asof_june,1620
Маркетплейсы,asof_june,1621
Маркетплейсы,asof_june,1622
Маркетплейсы,asof_june,1623
Маркетплейсы,asof_june,1624
Маркетплейсы,asof_june,1625
Маркетплейсы,asof_june,1626
Маркетплейсы,asof_june,1627
Маркетплейсы,asof_june,1628
Маркетплейсы,asof_june,1629
Маркетплейсы,asof_june,1630
Маркетплейсы,asof_june,1631
Маркетплейсы,asof_june,1632
Маркетплейсы,asof_june,1633
Маркетплейсы,asof_june,1634
Маркетплейсы,asof_june,1635
Маркетплейсы,asof_june,1636
Маркетплейсы,asof_june,1637
Маркетплейсы,asof_june,1638
Маркетплейсы,asof_june,1639
Маркетплейсы,asof_june,1640
Маркетплейсы,asof_june,1641
Маркетплейсы,asof_june,1642
Маркетплейсы,asof_june,1643
Маркетплейсы,asof_june,1644
Маркетплейсы,asof_june,1645
Маркетплейсы,asof_june,1646
Маркетплейсы,asof_june,1647
Маркетплейсы,asof_june,1648
Маркетплейсы,asof_june,1649
Маркетплейсы,asof_june,1650
Маркетплейсы,asof_june,1651
Маркетплейсы,asof_june,1652
Маркетплейсы,asof_june,1653
Маркетплейсы,asof_june,1654
Маркетплейсы,asof_june,1655
Маркетплейсы,asof_june,1656
Маркетплейсы,asof_june,1657
Маркетплейсы,asof_june,1658
Маркетплейсы,asof_june,1659
Маркетплейсы,asof_june,1660
Маркетплейсы,asof_june,1661
Маркетплейсы,asof_june,1662
Маркетплейсы,asof_june,1663
Маркетплейсы,asof_june,1664
Маркетплейсы,asof_june,1665
Маркетплейсы,asof_june,1666
Маркетплейсы,asof_june,1667
Маркетплейсы,asof_june,1668
Маркетплейсы,asof_june,1669
Маркетплейсы,asof_june,1670
Маркетплейсы,asof_june,1671
Маркетплейсы,asof_june,1672
Маркетплейсы,asof_june,1673
Маркетплейсы,asof_june,1674
Маркетплейсы,asof_june,1675
Маркетплейсы,asof_june,1676
Маркетплейсы,asof_june,1678
Маркетплейсы,asof_june,1679
Маркетплейсы,asof_june,1680
Маркетплейсы,asof_june,1681
Маркетплейсы,asof_june,1682
Маркетплейсы,asof_june,1683
Маркетплейсы,asof_june,1685
Маркетплейсы,asof_june,1686
Маркетплейсы,asof_june,1687
Маркетплейсы,asof_june,1688
Маркетплейсы,asof_june,1689
Маркетплейсы,asof_june,1690
Маркетплейсы,asof_june,1691
Маркетплейсы,asof_june,1692
Маркетплейсы,asof_june,1693
Маркетплейсы,asof_june,1694
Маркетплейсы,asof_june,1696
Маркетплейсы,asof_june,1697
Маркетплейсы,asof_june,1698
Маркетплейсы,asof_june,1699
Маркетплейсы,asof_june,1700
Маркетплейсы,asof_june,1701
Маркетплейсы,asof_june,1702
Маркетплейсы,asof_june,1703
Маркетплейсы,asof_june,1704
Маркетплейсы,asof_june,1705
Маркетплейсы,asof_june,1706
Маркетплейсы,asof_june,1707
Маркетплейсы,asof_june,1708
Маркетплейсы,asof_june,1709
Маркетплейсы,asof_june,1710
Маркетплейсы,asof_june,1711
Маркетплейсы,asof_june,1712
Маркетплейсы,asof_june,1714
Маркетплейсы,asof_june,1715
Маркетплейсы,asof_june,1717
Маркетплейсы,asof_june,1718
Маркетплейсы,asof_june,1719
Маркетплейсы,asof_june,1722
Маркетплейсы,asof_june,1724
Маркетплейсы,asof_june,1725
Маркетплейсы,asof_june,1726
Маркетплейсы,asof_june,1727
Маркетплейсы,asof_june,1728
Маркетплейсы,asof_june,1730
Маркетплейсы,asof_june,1731
Маркетплейсы,asof_june,1732
Маркетплейсы,asof_june,1733
Маркетплейсы,asof_june,1737
Маркетплейсы,asof_june,1738
Маркетплейсы,asof_june,1739
Маркетплейсы,asof_june,1740
Маркетплейсы,asof_june,1741
Маркетплейсы,asof_june,1742
Маркетплейсы,asof_june,1743
Маркетплейсы,asof_june,1744
Маркетплейсы,asof_june,1745
Маркетплейсы,asof_june,1746
Маркетплейсы,asof_june,1747
Маркетплейсы,asof_june,1749
Маркетплейсы,asof_june,1750
Маркетплейсы,asof_june,1751
Маркетплейсы,asof_june,1752
Маркетплейсы,asof_june,1753
Маркетплейсы,asof_june,1754
Маркетплейсы,asof_june,1755
Маркетплейсы,asof_june,1756
Маркетплейсы,asof_june,1757
Маркетплейсы,asof_june,1758
Маркетплейсы,asof_june,1759
Маркетплейсы,asof_june,1760
Маркетплейсы,asof_june,1761
Маркетплейсы,asof_june,1762
Маркетплейсы,asof_june,1764
Маркетплейсы,asof_june,1765
Маркетплейсы,asof_june,1766
Маркетплейсы,asof_june,1768
Маркетплейсы,asof_june,1769
Маркетплейсы,asof_june,1770
Маркетплейсы,asof_june,1771
Маркетплейсы,asof_june,1773
Маркетплейсы,asof_june,1774
Маркетплейсы,asof_june,1775
Маркетплейсы,asof_june,1776
Маркетплейсы,asof_june,1777
Маркетплейсы,asof_june,1778
Маркетплейсы,asof_june,1780
Маркетплейсы,asof_june,1781
Маркетплейсы,asof_june,1782
Маркетплейсы,asof_june,1783
Маркетплейсы,asof_june,1784
Маркетплейсы,asof_june,1785
Маркетплейсы,asof_june,1786
Маркетплейсы,asof_june,1787
Маркетплейсы,asof_june,1788
Маркетплейсы,asof_june,1845
Маркетплейсы,asof_june,1846
Маркетплейсы,asof_june,1848
Маркетплейсы,asof_june,1849
Маркетплейсы,asof_june,1850
Маркетплейсы,asof_june,1851
Маркетплейсы,asof_june,1852
Маркетплейсы,asof_june,1853
Маркетплейсы,asof_june,1854
Маркетплейсы,asof_june,1855
Маркетплейсы,asof_june,1856
Маркетплейсы,asof_june,1857
Маркетплейсы,asof_june,1858
Маркетплейсы,asof_june,1859
Маркетплейсы,asof_june,1860
Маркетплейсы,asof_june,1861
Маркетплейсы,asof_june,1862
Маркетплейсы,asof_june,1863
Маркетплейсы,asof_june,1864
Маркетплейсы,asof_june,1865
Маркетплейсы,asof_june,1868
Маркетплейсы,asof_june,1869
Маркетплейсы,asof_june,1870
Маркетплейсы,asof_june,1871
Маркетплейсы,asof_june,1872
Маркетплейсы,asof_june,1873
Маркетплейсы,asof_june,1874
Маркетплейсы,asof_june,1875
Маркетплейсы,asof_june,1876
Маркетплейсы,asof_june,1877
Маркетплейсы,asof_june,1878
Маркетплейсы,asof_june,1879
Маркетплейсы,asof_june,1880
Маркетплейсы,asof_june,1881
Маркетплейсы,asof_june,1883
Маркетплейсы,asof_june,1884
Маркетплейсы,asof_june,1885
Маркетплейсы,asof_june,1886
Маркетплейсы,asof_june,1887
Маркетплейсы,asof_june,1888
Маркетплейсы,asof_june,1889
Маркетплейсы,asof_june,1890
Маркетплейсы,asof_june,1891
Маркетплейсы,asof_june,1892
Маркетплейсы,asof_june,1893
Маркетплейсы,asof_june,1894
Маркетплейсы,asof_june,1895
Маркетплейсы,asof_june,1896
Маркетплейсы,asof_june,1897
Маркетплейсы,asof_june,1898
Маркетплейсы,asof_june,1899
Маркетплейсы,asof_june,1900
Маркетплейсы,asof_june,1901
Маркетплейсы,asof_june,1902
Маркетплейсы,asof_june,1903
Маркетплейсы,asof_june,1904
Маркетплейсы,asof_june,1905
Маркетплейсы,asof_june,1906
Маркетплейсы,asof_june,1907
Маркетплейсы,asof_june,1908
Маркетплейсы,asof_june,1909
Маркетплейсы,asof_june,1910
Маркетплейсы,asof_june,1912
Маркетплейсы,asof_june,1915
Маркетплейсы,asof_june,1916
Маркетплейсы,asof_june,1917
Маркетплейсы,asof_june,1918
Маркетплейсы,asof_june,1919
Маркетплейсы,asof_june,1920
Маркетплейсы,asof_june,1921
Маркетплейсы,asof_june,1922
Маркетплейсы,asof_june,1923
Маркетплейсы,asof_june,1924
Маркетплейсы,asof_june,1925
Маркетплейсы,asof_june,1926
Маркетплейсы,asof_june,1927
Маркетплейсы,asof_june,1928
Маркетплейсы,asof_june,1929
Маркетплейсы,asof_june,1930
Маркетплейсы,asof_june,1931
Маркетплейсы,asof_june,1932
Маркетплейсы,asof_june,1933
Маркетплейсы,asof_june,1934
Маркетплейсы,asof_june,1935
Маркетплейсы,asof_june,1936
Маркетплейсы,asof_june,1937
Маркетплейсы,asof_june,1938
Маркетплейсы,asof_june,1939
Маркетплейсы,asof_june,1940
Маркетплейсы,asof_june,1941
Маркетплейсы,asof_june,1942
Маркетплейсы,asof_june,1943
Маркетплейсы,asof_june,1944
Маркетплейсы,asof_june,1945
Маркетплейсы,asof_june,1947
Маркетплейсы,asof_june,1948
Маркетплейсы,asof_june,1949
Маркетплейсы,asof_june,1950
Маркетплейсы,asof_june,1951
Маркетплейсы,asof_june,1952
Маркетплейсы,asof_june,1954
Маркетплейсы,asof_june,1955
Маркетплейсы,asof_june,1956
Маркетплейсы,asof_june,1957
Маркетплейсы,asof_june,1958
Маркетплейсы,asof_june,1959
Маркетплейсы,asof_june,1960
Маркетплейсы,asof_june,1961
Маркетплейсы,asof_june,1962
Маркетплейсы,asof_june,1963
Маркетплейсы,asof_june,1965
Маркетплейсы,asof_june,1966
Маркетплейсы,asof_june,1967
Маркетплейсы,asof_june,1968
Маркетплейсы,asof_june,1969
Маркетплейсы,asof_june,1970
Маркетплейсы,asof_june,1971
Маркетплейсы,asof_june,1972
Маркетплейсы,asof_june,1973
Маркетплейсы,asof_june,1974
Маркетплейсы,asof_june,1975
Маркетплейсы,asof_june,1976
Маркетплейсы,asof_june,1977
Маркетплейсы,asof_june,1978
Маркетплейсы,asof_june,1979
Маркетплейсы,asof_june,1980
Маркетплейсы,asof_june,1981
Маркетплейсы,asof_june,1982
Маркетплейсы,asof_june,1983
Маркетплейсы,asof_june,1984
Маркетплейсы,asof_june,1985
Маркетплейсы,asof_june,1986
Маркетплейсы,asof_june,1987
Маркетплейсы,asof_june,1988
Маркетплейсы,asof_june,1989
Маркетплейсы,asof_june,1990
Маркетплейсы,asof_june,1991
Маркетплейсы,asof_june,1992
Маркетплейсы,asof_june,1993
Маркетплейсы,asof_june,1994
Маркетплейсы,asof_june,1995
Маркетплейсы,asof_june,1996
Маркетплейсы,asof_june,1997
Маркетплейсы,asof_june,1999
Маркетплейсы,asof_june,2000
Маркетплейсы,asof_june,2001
Маркетплейсы,asof_june,2002
Маркетплейсы,asof_june,2004
Маркетплейсы,asof_june,2005
Маркетплейсы,asof_june,2006
Маркетплейсы,asof_june,2007
Маркетплейсы,asof_june,2008
Маркетплейсы,asof_june,2009
Маркетплейсы,asof_june,2010
Маркетплейсы,asof_june,2011
Маркетплейсы,asof_june,2012
Маркетплейсы,asof_june,2015
Маркетплейсы,asof_june,2017
Маркетплейсы,asof_june,2018
Маркетплейсы,asof_june,2019
Маркетплейсы,asof_june,2021
Маркетплейсы,asof_june,2022
Маркетплейсы,asof_june,2023
Маркетплейсы,asof_june,2024
Маркетплейсы,asof_june,2025
Маркетплейсы,asof_june,2027
Маркетплейсы,asof_june,2028
Маркетплейсы,asof_june,2030
Маркетплейсы,asof_june,2031
Маркетплейсы,asof_june,2032
Маркетплейсы,asof_june,2033
Маркетплейсы,asof_june,2034
Маркетплейсы,asof_june,2035
Маркетплейсы,asof_june,2036
Маркетплейсы,asof_june,2037
Маркетплейсы,asof_june,2039
Маркетплейсы,asof_june,2040
Маркетплейсы,asof_june,2041
Маркетплейсы,asof_june,2042
Маркетплейсы,asof_june,2043
Маркетплейсы,asof_june,2044
Маркетплейсы,asof_june,2045
Маркетплейсы,asof_june,2046
Маркетплейсы,asof_june,2047
Маркетплейсы,asof_june,2048
Маркетплейсы,asof_june,2049
Маркетплейсы,asof_june,2050
Маркетплейсы,asof_june,2051
Маркетплейсы,asof_june,2052
Маркетплейсы,asof_june,2053
Маркетплейсы,asof_june,2054
Маркетплейсы,asof_june,2055
Маркетплейсы,asof_june,2056
Маркетплейсы,asof_june,2057
Маркетплейсы,asof_june,2058
Маркетплейсы,asof_june,2059
Маркетплейсы,asof_june,2060
Маркетплейсы,asof_june,2061
Маркетплейсы,asof_june,2062
Маркетплейсы,asof_june,2063
Маркетплейсы,asof_june,2064
Маркетплейсы,asof_june,2065
Маркетплейсы,asof_june,2066
Маркетплейсы,asof_june,2067
Маркетплейсы,asof_june,2068
Маркетплейсы,asof_june,2069
Маркетплейсы,asof_june,2070
Маркетплейсы,asof_june,2072
Маркетплейсы,asof_june,2073
Маркетплейсы,asof_june,2074
Маркетплейсы,asof_june,2075
Маркетплейсы,asof_june,2076
Маркетплейсы,asof_june,2077
Маркетплейсы,asof_june,2078
Маркетплейсы,asof_june,2079
Маркетплейсы,asof_june,2080
Маркетплейсы,asof_june,2081
Маркетплейсы,asof_june,2082
Маркетплейсы,asof_june,2085
Маркетплейсы,asof_june,2087
Маркетплейсы,asof_june,2088
Маркетплейсы,asof_june,2089
Маркетплейсы,asof_june,2090
Маркетплейсы,asof_june,2091
Маркетплейсы,asof_june,2093
Маркетплейсы,asof_june,2094
Маркетплейсы,asof_june,2095
Маркетплейсы,asof_june,2096
Маркетплейсы,asof_june,2098
Маркетплейсы,asof_june,2100
Маркетплейсы,asof_june,2101
Маркетплейсы,asof_june,2105
Маркетплейсы,asof_june,2108
Маркетплейсы,asof_june,2109
Маркетплейсы,asof_june,2110
Маркетплейсы,asof_june,2111
Маркетплейсы,asof_june,2112
Маркетплейсы,asof_june,2113
Маркетплейсы,asof_june,2114
Маркетплейсы,asof_june,2116
Маркетплейсы,asof_june,2117
Маркетплейсы,asof_june,2118
Маркетплейсы,asof_june,2119
Маркетплейсы,asof_june,2120
Маркетплейсы,asof_june,2121
Маркетплейсы,asof_june,2122
Маркетплейсы,asof_june,2124
Маркетплейсы,asof_june,2125
Маркетплейсы,asof_june,2126
Маркетплейсы,asof_june,2127
Маркетплейсы,asof_june,2128
Маркетплейсы,asof_june,2129
Маркетплейсы,asof_june,2130
Маркетплейсы,asof_june,2131
Маркетплейсы,asof_june,2132
Маркетплейсы,asof_june,2133
Маркетплейсы,asof_june,2134
Маркетплейсы,asof_june,2136
Маркетплейсы,asof_june,2137
Маркетплейсы,asof_june,2138
Маркетплейсы,asof_june,2139
Маркетплейсы,asof_june,2140
Маркетплейсы,asof_june,2142
Маркетплейсы,asof_june,2143
Маркетплейсы,asof_june,2144
Маркетплейсы,asof_june,2145
Маркетплейсы,asof_june,2146
Маркетплейсы,asof_june,2148
Маркетплейсы,asof_june,2149
Маркетплейсы,asof_june,2150
Маркетплейсы,asof_june,2151
Маркетплейсы,asof_june,2152
Маркетплейсы,asof_june,2153
Маркетплейсы,asof_june,2154
Маркетплейсы,asof_june,2155
Маркетплейсы,asof_june,2156
Маркетплейсы,asof_june,2157
Маркетплейсы,asof_june,2158
Маркетплейсы,asof_june,2159
Маркетплейсы,asof_june,2160
Маркетплейсы,asof_june,2161
Маркетплейсы,asof_june,2162
Маркетплейсы,asof_june,2163
Маркетплейсы,asof_june,2164
Маркетплейсы,asof_june,2165
Маркетплейсы,asof_june,2167
Маркетплейсы,asof_june,2168
Маркетплейсы,asof_june,2169
Маркетплейсы,asof_june,2171
Маркетплейсы,asof_june,2172
Маркетплейсы,asof_june,2173
Маркетплейсы,asof_june,2174
Маркетплейсы,asof_june,2175
Маркетплейсы,asof_june,2176
Маркетплейсы,asof_june,2177
Маркетплейсы,asof_june,2178
Маркетплейсы,asof_june,2179
Маркетплейсы,asof_june,2180
Маркетплейсы,asof_june,2181
Маркетплейсы,asof_june,2182
Маркетплейсы,asof_june,2183
Маркетплейсы,asof_june,2184
Маркетплейсы,asof_june,2185
Маркетплейсы,asof_june,2186
Маркетплейсы,asof_june,2187
Маркетплейсы,asof_june,2188
Маркетплейсы,asof_june,2189
Маркетплейсы,asof_june,2190
Маркетплейсы,asof_june,2191
Маркетплейсы,asof_june,2192
Маркетплейсы,asof_june,2193
Маркетплейсы,asof_june,2194
Маркетплейсы,asof_june,2195
Маркетплейсы,asof_june,2196
Маркетплейсы,asof_june,2197
Маркетплейсы,asof_june,2198
Маркетплейсы,asof_june,2199
Маркетплейсы,asof_june,2200
Маркетплейсы,asof_june,2201
Маркетплейсы,asof_june,2202
Маркетплейсы,asof_june,2203
Маркетплейсы,asof_june,2204
Маркетплейсы,asof_june,2205
Маркетплейсы,asof_june,2206
Маркетплейсы,asof_june,2207
Маркетплейсы,asof_june,2208
Маркетплейсы,asof_june,2210
Маркетплейсы,asof_june,2211
Маркетплейсы,asof_june,2212
Маркетплейсы,asof_june,2213
Маркетплейсы,asof_june,2215
Маркетплейсы,asof_june,2216
Маркетплейсы,asof_june,2217
Маркетплейсы,asof_june,2218
Маркетплейсы,asof_june,2219
Маркетплейсы,asof_june,2220
Маркетплейсы,asof_june,2221
Маркетплейсы,asof_june,2222
Маркетплейсы,asof_june,2223
Маркетплейсы,asof_june,2224
Маркетплейсы,asof_june,2225
Маркетплейсы,asof_june,2226
Маркетплейсы,asof_june,2227
Маркетплейсы,asof_june,2228
Маркетплейсы,asof_june,2229
Маркетплейсы,asof_june,2230
Маркетплейсы,asof_june,2231
Маркетплейсы,asof_june,2232
Маркетплейсы,asof_june,2233
Маркетплейсы,asof_june,2234
Маркетплейсы,asof_june,2235
Маркетплейсы,asof_june,2236
Маркетплейсы,asof_june,2237
Маркетплейсы,asof_june,2238
Маркетплейсы,asof_june,2241
Маркетплейсы,asof_june,2242
Маркетплейсы,asof_june,2243
Маркетплейсы,asof_june,2244
Маркетплейсы,asof_june,2245
Маркетплейсы,asof_june,2248
Маркетплейсы,asof_june,2249
Маркетплейсы,asof_june,2250
Маркетплейсы,asof_june,2251
Маркетплейсы,asof_june,2252
Маркетплейсы,asof_june,2253
Маркетплейсы,asof_june,2254
Маркетплейсы,asof_june,2255
Маркетплейсы,asof_june,2256
Маркетплейсы,asof_june,2257
Маркетплейсы,asof_june,2258
Маркетплейсы,asof_june,2259
Маркетплейсы,asof_june,2260
Маркетплейсы,asof_june,2262
Маркетплейсы,asof_june,2264
Маркетплейсы,asof_june,2265
Маркетплейсы,asof_june,2266
Маркетплейсы,asof_june,2267
Маркетплейсы,asof_june,2268
Маркетплейсы,asof_june,2269
Маркетплейсы,asof_june,2270
Маркетплейсы,asof_june,2271
Маркетплейсы,asof_june,2272
Маркетплейсы,asof_june,2274
Маркетплейсы,asof_june,2275
Маркетплейсы,asof_june,2276
Маркетплейсы,asof_june,2278
Маркетплейсы,asof_june,2279
Маркетплейсы,asof_june,2280
Маркетплейсы,asof_june,2281
Маркетплейсы,asof_june,2282
Маркетплейсы,asof_june,2286
Маркетплейсы,asof_june,2287
Маркетплейсы,asof_june,2288
Маркетплейсы,asof_june,2289
Маркетплейсы,asof_june,2292
Маркетплейсы,asof_june,2293
Маркетплейсы,asof_june,2294
Маркетплейсы,asof_june,2295
Маркетплейсы,asof_june,2296
Маркетплейсы,asof_june,2297
Маркетплейсы,asof_june,2298
Маркетплейсы,asof_june,2299
Маркетплейсы,asof_june,2300
Маркетплейсы,asof_june,2301
Маркетплейсы,asof_june,2302
Маркетплейсы,asof_june,2303
Маркетплейсы,asof_june,2304
Маркетплейсы,asof_june,2305
Маркетплейсы,asof_june,2307
Маркетплейсы,asof_june,2308
Маркетплейсы,asof_june,2309
Маркетплейсы,asof_june,2310
Маркетплейсы,asof_june,2311
Маркетплейсы,asof_june,2312
Маркетплейсы,asof_june,2314
Маркетплейсы,asof_june,2315
Маркетплейсы,asof_june,2316
Маркетплейсы,asof_june,2317
Маркетплейсы,asof_june,2318
Маркетплейсы,asof_june,2320
Маркетплейсы,asof_june,2321
Маркетплейсы,asof_june,2322
Маркетплейсы,asof_june,2323
Маркетплейсы,asof_june,2324
Маркетплейсы,asof_june,2325
Маркетплейсы,asof_june,2326
Маркетплейсы,asof_june,2327
Маркетплейсы,asof_june,2328
Маркетплейсы,asof_june,2329
Маркетплейсы,asof_june,2330
Маркетплейсы,asof_june,2332
Маркетплейсы,asof_june,2333
Маркетплейсы,asof_june,2334
Маркетплейсы,asof_june,2335
Маркетплейсы,asof_june,2336
Маркетплейсы,asof_june,2337
Маркетплейсы,asof_june,2338
Маркетплейсы,asof_june,2339
Маркетплейсы,asof_june,2340
Маркетплейсы,asof_june,2341
Маркетплейсы,asof_june,2342
Маркетплейсы,asof_june,2343
Маркетплейсы,asof_june,2344
Маркетплейсы,asof_june,2345
Маркетплейсы,asof_june,2348
Маркетплейсы,asof_june,2349
Маркетплейсы,asof_june,2351
Маркетплейсы,asof_june,2352
Маркетплейсы,asof_june,2353
Маркетплейсы,asof_june,2354
Маркетплейсы,asof_june,2355
Маркетплейсы,asof_june,2356
Маркетплейсы,asof_june,2357
Маркетплейсы,asof_june,2358
Маркетплейсы,asof_june,2359
Маркетплейсы,asof_june,2360
Маркетплейсы,asof_june,2361
Маркетплейсы,asof_june,2362
Маркетплейсы,asof_june,2363
Маркетплейсы,asof_june,2364
Маркетплейсы,asof_june,2365
Маркетплейсы,asof_june,2366
Маркетплейсы,asof_june,2367
Маркетплейсы,asof_june,2368
Маркетплейсы,asof_june,2369
Маркетплейсы,asof_june,2370
Маркетплейсы,asof_june,2371
Маркетплейсы,asof_june,2372
Маркетплейсы,asof_june,2373
Маркетплейсы,asof_june,2374
Маркетплейсы,asof_june,2375
Маркетплейсы,asof_june,2376
Маркетплейсы,asof_june,2377
Маркетплейсы,asof_june,2378
Маркетплейсы,asof_june,2379
Маркетплейсы,asof_june,2380
Маркетплейсы,asof_june,2381
Маркетплейсы,asof_june,2382
Маркетплейсы,asof_june,2383
Маркетплейсы,asof_june,2384
Маркетплейсы,asof_june,2385
Маркетплейсы,asof_june,2386
Маркетплейсы,asof_june,2387
Маркетплейсы,asof_june,2388
Маркетплейсы,asof_june,2389
Маркетплейсы,asof_june,2390
Маркетплейсы,asof_june,2391
Маркетплейсы,asof_june,2392
Маркетплейсы,asof_june,2393
Маркетплейсы,asof_june,2395
Маркетплейсы,asof_june,2398
Маркетплейсы,asof_june,2399
Маркетплейсы,asof_june,2400
Маркетплейсы,asof_june,2401
Маркетплейсы,asof_june,2402
Маркетплейсы,asof_june,2403
Маркетплейсы,asof_june,2404
Маркетплейсы,asof_june,2405
Маркетплейсы,asof_june,2406
Маркетплейсы,asof_june,2407
Маркетплейсы,asof_june,2408
Маркетплейсы,asof_june,2409
Маркетплейсы,asof_june,2410
Маркетплейсы,asof_june,2411
Маркетплейсы,asof_june,2412
Маркетплейсы,asof_june,2416
Маркетплейсы,asof_june,2422
Маркетплейсы,asof_june,2423
Маркетплейсы,asof_june,2424
Маркетплейсы,asof_june,2425
Маркетплейсы,asof_june,2426
Маркетплейсы,asof_june,2427
Маркетплейсы,asof_june,2428
Маркетплейсы,asof_june,2429
Маркетплейсы,asof_june,2430
Маркетплейсы,asof_june,2431
Маркетплейсы,asof_june,2432
Маркетплейсы,asof_june,2433
Маркетплейсы,asof_june,2434
Маркетплейсы,asof_june,2435
Маркетплейсы,asof_june,2436
Маркетплейсы,asof_june,2437
Маркетплейсы,asof_june,2439
Маркетплейсы,asof_june,2440
Маркетплейсы,asof_june,2441
Маркетплейсы,asof_june,2442
Маркетплейсы,asof_june,2443
Маркетплейсы,asof_june,2444
Маркетплейсы,asof_june,2445
Маркетплейсы,asof_june,2446
Маркетплейсы,asof_june,2447
Маркетплейсы,asof_june,2449
Маркетплейсы,asof_june,2450
Маркетплейсы,asof_june,2451
Маркетплейсы,asof_june,2452
Маркетплейсы,asof_june,2453
Маркетплейсы,asof_june,2454
Маркетплейсы,asof_june,2455
Маркетплейсы,asof_june,2456
Маркетплейсы,asof_june,2457
Маркетплейсы,asof_june,2458
Маркетплейсы,asof_june,2459
Маркетплейсы,asof_june,2460
Маркетплейсы,asof_june,2461
Маркетплейсы,asof_june,2462
Маркетплейсы,asof_june,2463
Маркетплейсы,asof_june,2464
Маркетплейсы,asof_june,2465
Маркетплейсы,asof_june,2466
Маркетплейсы,asof_june,2467
Маркетплейсы,asof_june,2468
Маркетплейсы,asof_june,2469
Маркетплейсы,asof_june,2470
Маркетплейсы,asof_june,2471
Маркетплейсы,asof_june,2472
Маркетплейсы,asof_june,2473
Маркетплейсы,asof_june,2474
Маркетплейсы,asof_june,2475
Маркетплейсы,asof_june,2476
Маркетплейсы,asof_june,2477
Маркетплейсы,asof_june,2478
Маркетплейсы,asof_june,2479
Маркетплейсы,asof_june,2480
Маркетплейсы,asof_june,2481
Маркетплейсы,asof_june,2482
Маркетплейсы,asof_june,2483
Маркетплейсы,asof_june,2484
Маркетплейсы,asof_june,2485
Маркетплейсы,asof_june,2486
Маркетплейсы,asof_june,2487
Маркетплейсы,asof_june,2488
Маркетплейсы,asof_june,2489
Маркетплейсы,asof_june,2490
Маркетплейсы,asof_june,2491
Маркетплейсы,asof_june,2492
Маркетплейсы,asof_june,2493
Маркетплейсы,asof_june,2494
Маркетплейсы,asof_june,2495
Маркетплейсы,asof_june,2496
Маркетплейсы,asof_june,2497
Маркетплейсы,asof_june,2498
Маркетплейсы,asof_june,2499
Маркетплейсы,asof_june,2500
Маркетплейсы,asof_june,2501
Маркетплейсы,asof_june,2502
Маркетплейсы,asof_june,2503
Маркетплейсы,asof_june,2504
Маркетплейсы,asof_june,2505
Маркетплейсы,asof_june,2506
Маркетплейсы,asof_june,2507
Маркетплейсы,asof_june,2508
Маркетплейсы,asof_june,2509
Маркетплейсы,asof_june,2510
Маркетплейсы,asof_june,2511
Маркетплейсы,asof_june,2512
Маркетплейсы,asof_june,2513
Маркетплейсы,asof_june,2514
Маркетплейсы,asof_june,2515
Маркетплейсы,asof_june,2516
Маркетплейсы,asof_june,2517
Маркетплейсы,asof_june,2518
Маркетплейсы,asof_june,2519
Маркетплейсы,asof_june,2520
Маркетплейсы,asof_june,2521
Маркетплейсы,asof_june,2522
Маркетплейсы,asof_june,2523
Маркетплейсы,asof_june,2524
Маркетплейсы,asof_june,2525
Маркетплейсы,asof_june,2526
Маркетплейсы,asof_june,2527
Маркетплейсы,asof_june,2528
Маркетплейсы,asof_june,2529
Маркетплейсы,asof_june,2530
Маркетплейсы,asof_june,2531
Маркетплейсы,asof_june,2532
Маркетплейсы,asof_june,2533
Маркетплейсы,asof_june,2534
Маркетплейсы,asof_june,2535
Маркетплейсы,asof_june,2536
Маркетплейсы,asof_june,2537
Маркетплейсы,asof_june,2538
Маркетплейсы,asof_june,2539
Маркетплейсы,asof_june,2540
Маркетплейсы,asof_june,2541
Маркетплейсы,asof_june,2542
Маркетплейсы,asof_june,2543
Маркетплейсы,asof_june,2544
Маркетплейсы,asof_june,2545
Маркетплейсы,asof_june,2546
Маркетплейсы,asof_june,2547
Маркетплейсы,asof_june,2548
Маркетплейсы,asof_june,2549
Маркетплейсы,asof_june,2550
Маркетплейсы,asof_june,2551
Маркетплейсы,asof_june,2552
Маркетплейсы,asof_june,2553
Маркетплейсы,asof_june,2554
Маркетплейсы,asof_june,2555
Маркетплейсы,asof_june,2556
Маркетплейсы,asof_june,2557
Маркетплейсы,asof_june,2558
Маркетплейсы,asof_june,2559
Маркетплейсы,asof_june,2560
Маркетплейсы,asof_june,2561
Маркетплейсы,asof_june,2562
Маркетплейсы,asof_june,2563
Маркетплейсы,asof_june,2564
Маркетплейсы,asof_june,2565
Маркетплейсы,asof_june,2566
Маркетплейсы,asof_june,2567
Маркетплейсы,asof_june,2568
Маркетплейсы,asof_june,2569
Маркетплейсы,asof_june,2570
Маркетплейсы,asof_june,2571
Маркетплейсы,asof_june,2572
Маркетплейсы,asof_june,2573
Маркетплейсы,asof_june,2574
Маркетплейсы,asof_june,2575
Маркетплейсы,asof_june,2576
Маркетплейсы,asof_june,2577
Маркетплейсы,asof_june,2578
Маркетплейсы,asof_june,2579
Маркетплейсы,asof_june,2580
Маркетплейсы,asof_june,2581
Маркетплейсы,asof_june,2582
Маркетплейсы,asof_june,2583
Маркетплейсы,asof_june,2584
Маркетплейсы,asof_june,2585
Маркетплейсы,asof_june,2586
Маркетплейсы,asof_june,2587
Маркетплейсы,asof_june,2588
Маркетплейсы,asof_june,2589
Маркетплейсы,asof_june,2590
Маркетплейсы,asof_june,2591
Маркетплейсы,asof_june,2592
Маркетплейсы,asof_june,2593
Маркетплейсы,asof_june,2595
Маркетплейсы,asof_june,2596
Маркетплейсы,asof_june,2597
Маркетплейсы,asof_june,2598
Маркетплейсы,asof_june,2599
Маркетплейсы,asof_june,2600
Маркетплейсы,asof_june,2601
Маркетплейсы,asof_june,2602
Маркетплейсы,asof_june,2604
Маркетплейсы,asof_june,2605
Маркетплейсы,asof_june,2606
Маркетплейсы,asof_june,2607
Маркетплейсы,asof_june,2618
Маркетплейсы,asof_june,2619
Маркетплейсы,asof_june,2620
Маркетплейсы,asof_june,2621
Маркетплейсы,asof_june,2644
Маркетплейсы,asof_june,2646
Маркетплейсы,asof_june,2647
Маркетплейсы,asof_june,2648
Маркетплейсы,asof_june,2649
Маркетплейсы,asof_june,2651
Маркетплейсы,asof_june,2652
Маркетплейсы,asof_june,2710
Маркетплейсы,asof_june,2808
Маркетплейсы,asof_june,2809
Маркетплейсы,asof_june,2813
Маркетплейсы,asof_june,2814
Маркетплейсы,asof_june,2872
Маркетплейсы,asof_june,2876
Маркетплейсы,asof_june,2879
Маркетплейсы,asof_june,2880
Маркетплейсы,asof_june,2881
Маркетплейсы,asof_june,2882
Маркетплейсы,asof_june,2883
Маркетплейсы,asof_june,2884
Маркетплейсы,asof_june,2885
Маркетплейсы,asof_june,2886
Маркетплейсы,asof_june,2887
Маркетплейсы,asof_june,3005
Маркетплейсы,asof_june,3007
Маркетплейсы,asof_june,3009
Маркетплейсы,asof_june,3011
Маркетплейсы,asof_june,3012
Маркетплейсы,asof_june,3013
Маркетплейсы,balanced_future_reference,1
Маркетплейсы,balanced_future_reference,2
Маркетплейсы,balanced_future_reference,3
Маркетплейсы,balanced_future_reference,4
Маркетплейсы,balanced_future_reference,5
Маркетплейсы,balanced_future_reference,6
Маркетплейсы,balanced_future_reference,7
Маркетплейсы,balanced_future_reference,8
Маркетплейсы,balanced_future_reference,9
Маркетплейсы,balanced_future_reference,10
Маркетплейсы,balanced_future_reference,11
Маркетплейсы,balanced_future_reference,12
Маркетплейсы,balanced_future_reference,13
Маркетплейсы,balanced_future_reference,14
Маркетплейсы,balanced_future_reference,15
Маркетплейсы,balanced_future_reference,16
Маркетплейсы,balanced_future_reference,17
Маркетплейсы,balanced_future_reference,18
Маркетплейсы,balanced_future_reference,19
Маркетплейсы,balanced_future_reference,20
Маркетплейсы,balanced_future_reference,21
Маркетплейсы,balanced_future_reference,22
Маркетплейсы,balanced_future_reference,23
Маркетплейсы,balanced_future_reference,25
Маркетплейсы,balanced_future_reference,26
Маркетплейсы,balanced_future_reference,27
Маркетплейсы,balanced_future_reference,28
Маркетплейсы,balanced_future_reference,29
Маркетплейсы,balanced_future_reference,30
Маркетплейсы,balanced_future_reference,31
Маркетплейсы,balanced_future_reference,32
Маркетплейсы,balanced_future_reference,33
Маркетплейсы,balanced_future_reference,34
Маркетплейсы,balanced_future_reference,35
Маркетплейсы,balanced_future_reference,36
Маркетплейсы,balanced_future_reference,37
Маркетплейсы,balanced_future_reference,38
Маркетплейсы,balanced_future_reference,39
Маркетплейсы,balanced_future_reference,40
Маркетплейсы,balanced_future_reference,41
Маркетплейсы,balanced_future_reference,42
Маркетплейсы,balanced_future_reference,43
Маркетплейсы,balanced_future_reference,44
Маркетплейсы,balanced_future_reference,45
Маркетплейсы,balanced_future_reference,46
Маркетплейсы,balanced_future_reference,47
Маркетплейсы,balanced_future_reference,48
Маркетплейсы,balanced_future_reference,49
Маркетплейсы,balanced_future_reference,50
Маркетплейсы,balanced_future_reference,51
Маркетплейсы,balanced_future_reference,52
Маркетплейсы,balanced_future_reference,53
Маркетплейсы,balanced_future_reference,54
Маркетплейсы,balanced_future_reference,55
Маркетплейсы,balanced_future_reference,56
Маркетплейсы,balanced_future_reference,57
Маркетплейсы,balanced_future_reference,58
Маркетплейсы,balanced_future_reference,59
Маркетплейсы,balanced_future_reference,60
Маркетплейсы,balanced_future_reference,61
Маркетплейсы,balanced_future_reference,62
Маркетплейсы,balanced_future_reference,63
Маркетплейсы,balanced_future_reference,65
Маркетплейсы,balanced_future_reference,66
Маркетплейсы,balanced_future_reference,67
Маркетплейсы,balanced_future_reference,68
Маркетплейсы,balanced_future_reference,69
Маркетплейсы,balanced_future_reference,70
Маркетплейсы,balanced_future_reference,71
Маркетплейсы,balanced_future_reference,72
Маркетплейсы,balanced_future_reference,73
Маркетплейсы,balanced_future_reference,74
Маркетплейсы,balanced_future_reference,75
Маркетплейсы,balanced_future_reference,76
Маркетплейсы,balanced_future_reference,77
Маркетплейсы,balanced_future_reference,78
Маркетплейсы,balanced_future_reference,79
Маркетплейсы,balanced_future_reference,80
Маркетплейсы,balanced_future_reference,81
Маркетплейсы,balanced_future_reference,82
Маркетплейсы,balanced_future_reference,83
Маркетплейсы,balanced_future_reference,167
Маркетплейсы,balanced_future_reference,168
Маркетплейсы,balanced_future_reference,169
Маркетплейсы,balanced_future_reference,173
Маркетплейсы,balanced_future_reference,181
Маркетплейсы,balanced_future_reference,184
Маркетплейсы,balanced_future_reference,185
Маркетплейсы,balanced_future_reference,188
Маркетплейсы,balanced_future_reference,191
Маркетплейсы,balanced_future_reference,194
Маркетплейсы,balanced_future_reference,195
Маркетплейсы,balanced_future_reference,196
Маркетплейсы,balanced_future_reference,198
Маркетплейсы,balanced_future_reference,201
Маркетплейсы,balanced_future_reference,203
Маркетплейсы,balanced_future_reference,204
Маркетплейсы,balanced_future_reference,205
Маркетплейсы,balanced_future_reference,206
Маркетплейсы,balanced_future_reference,207
Маркетплейсы,balanced_future_reference,208
Маркетплейсы,balanced_future_reference,209
Маркетплейсы,balanced_future_reference,210
Маркетплейсы,balanced_future_reference,211
Маркетплейсы,balanced_future_reference,212
Маркетплейсы,balanced_future_reference,213
Маркетплейсы,balanced_future_reference,214
Маркетплейсы,balanced_future_reference,215
Маркетплейсы,balanced_future_reference,216
Маркетплейсы,balanced_future_reference,217
Маркетплейсы,balanced_future_reference,218
Маркетплейсы,balanced_future_reference,219
Маркетплейсы,balanced_future_reference,220
Маркетплейсы,balanced_future_reference,221
Маркетплейсы,balanced_future_reference,222
Маркетплейсы,balanced_future_reference,223
Маркетплейсы,balanced_future_reference,224
Маркетплейсы,balanced_future_reference,225
Маркетплейсы,balanced_future_reference,226
Маркетплейсы,balanced_future_reference,227
Маркетплейсы,balanced_future_reference,228
Маркетплейсы,balanced_future_reference,229
Маркетплейсы,balanced_future_reference,230
Маркетплейсы,balanced_future_reference,231
Маркетплейсы,balanced_future_reference,232
Маркетплейсы,balanced_future_reference,233
Маркетплейсы,balanced_future_reference,234
Маркетплейсы,balanced_future_reference,235
Маркетплейсы,balanced_future_reference,236
Маркетплейсы,balanced_future_reference,237
Маркетплейсы,balanced_future_reference,238
Маркетплейсы,balanced_future_reference,239
Маркетплейсы,balanced_future_reference,240
Маркетплейсы,balanced_future_reference,241
Маркетплейсы,balanced_future_reference,242
Маркетплейсы,balanced_future_reference,243
Маркетплейсы,balanced_future_reference,269
Маркетплейсы,balanced_future_reference,270
Маркетплейсы,balanced_future_reference,271
Маркетплейсы,balanced_future_reference,272
Маркетплейсы,balanced_future_reference,273
Маркетплейсы,balanced_future_reference,274
Маркетплейсы,balanced_future_reference,275
Маркетплейсы,balanced_future_reference,276
Маркетплейсы,balanced_future_reference,277
Маркетплейсы,balanced_future_reference,278
Маркетплейсы,balanced_future_reference,279
Маркетплейсы,balanced_future_reference,280
Маркетплейсы,balanced_future_reference,281
Маркетплейсы,balanced_future_reference,282
Маркетплейсы,balanced_future_reference,283
Маркетплейсы,balanced_future_reference,284
Маркетплейсы,balanced_future_reference,285
Маркетплейсы,balanced_future_reference,287
Маркетплейсы,balanced_future_reference,288
Маркетплейсы,balanced_future_reference,289
Маркетплейсы,balanced_future_reference,290
Маркетплейсы,balanced_future_reference,292
Маркетплейсы,balanced_future_reference,293
Маркетплейсы,balanced_future_reference,294
Маркетплейсы,balanced_future_reference,295
Маркетплейсы,balanced_future_reference,296
Маркетплейсы,balanced_future_reference,297
Маркетплейсы,balanced_future_reference,298
Маркетплейсы,balanced_future_reference,300
Маркетплейсы,balanced_future_reference,301
Маркетплейсы,balanced_future_reference,302
Маркетплейсы,balanced_future_reference,303
Маркетплейсы,balanced_future_reference,304
Маркетплейсы,balanced_future_reference,305
Маркетплейсы,balanced_future_reference,306
Маркетплейсы,balanced_future_reference,307
Маркетплейсы,balanced_future_reference,308
Маркетплейсы,balanced_future_reference,309
Маркетплейсы,balanced_future_reference,312
Маркетплейсы,balanced_future_reference,314
Маркетплейсы,balanced_future_reference,316
Маркетплейсы,balanced_future_reference,317
Маркетплейсы,balanced_future_reference,318
Маркетплейсы,balanced_future_reference,319
Маркетплейсы,balanced_future_reference,320
Маркетплейсы,balanced_future_reference,321
Маркетплейсы,balanced_future_reference,323
Маркетплейсы,balanced_future_reference,324
Маркетплейсы,balanced_future_reference,325
Маркетплейсы,balanced_future_reference,326
Маркетплейсы,balanced_future_reference,327
Маркетплейсы,balanced_future_reference,329
Маркетплейсы,balanced_future_reference,330
Маркетплейсы,balanced_future_reference,331
Маркетплейсы,balanced_future_reference,332
Маркетплейсы,balanced_future_reference,333
Маркетплейсы,balanced_future_reference,334
Маркетплейсы,balanced_future_reference,335
Маркетплейсы,balanced_future_reference,336
Маркетплейсы,balanced_future_reference,337
Маркетплейсы,balanced_future_reference,338
Маркетплейсы,balanced_future_reference,339
Маркетплейсы,balanced_future_reference,340
Маркетплейсы,balanced_future_reference,341
Маркетплейсы,balanced_future_reference,342
Маркетплейсы,balanced_future_reference,343
Маркетплейсы,balanced_future_reference,345
Маркетплейсы,balanced_future_reference,346
Маркетплейсы,balanced_future_reference,347
Маркетплейсы,balanced_future_reference,348
Маркетплейсы,balanced_future_reference,349
Маркетплейсы,balanced_future_reference,351
Маркетплейсы,balanced_future_reference,352
Маркетплейсы,balanced_future_reference,354
Маркетплейсы,balanced_future_reference,355
Маркетплейсы,balanced_future_reference,356
Маркетплейсы,balanced_future_reference,357
Маркетплейсы,balanced_future_reference,358
Маркетплейсы,balanced_future_reference,359
Маркетплейсы,balanced_future_reference,360
Маркетплейсы,balanced_future_reference,361
Маркетплейсы,balanced_future_reference,362
Маркетплейсы,balanced_future_reference,363
Маркетплейсы,balanced_future_reference,364
Маркетплейсы,balanced_future_reference,365
Маркетплейсы,balanced_future_reference,366
Маркетплейсы,balanced_future_reference,367
Маркетплейсы,balanced_future_reference,368
Маркетплейсы,balanced_future_reference,369
Маркетплейсы,balanced_future_reference,370
Маркетплейсы,balanced_future_reference,371
Маркетплейсы,balanced_future_reference,372
Маркетплейсы,balanced_future_reference,373
Маркетплейсы,balanced_future_reference,374
Маркетплейсы,balanced_future_reference,375
Маркетплейсы,balanced_future_reference,376
Маркетплейсы,balanced_future_reference,377
Маркетплейсы,balanced_future_reference,378
Маркетплейсы,balanced_future_reference,379
Маркетплейсы,balanced_future_reference,380
Маркетплейсы,balanced_future_reference,381
Маркетплейсы,balanced_future_reference,382
Маркетплейсы,balanced_future_reference,383
Маркетплейсы,balanced_future_reference,384
Маркетплейсы,balanced_future_reference,385
Маркетплейсы,balanced_future_reference,386
Маркетплейсы,balanced_future_reference,387
Маркетплейсы,balanced_future_reference,388
Маркетплейсы,balanced_future_reference,390
Маркетплейсы,balanced_future_reference,391
Маркетплейсы,balanced_future_reference,392
Маркетплейсы,balanced_future_reference,393
Маркетплейсы,balanced_future_reference,395
Маркетплейсы,balanced_future_reference,396
Маркетплейсы,balanced_future_reference,397
Маркетплейсы,balanced_future_reference,398
Маркетплейсы,balanced_future_reference,401
Маркетплейсы,balanced_future_reference,402
Маркетплейсы,balanced_future_reference,403
Маркетплейсы,balanced_future_reference,404
Маркетплейсы,balanced_future_reference,405
Маркетплейсы,balanced_future_reference,408
Маркетплейсы,balanced_future_reference,410
Маркетплейсы,balanced_future_reference,413
Маркетплейсы,balanced_future_reference,414
Маркетплейсы,balanced_future_reference,416
Маркетплейсы,balanced_future_reference,418
Маркетплейсы,balanced_future_reference,419
Маркетплейсы,balanced_future_reference,420
Маркетплейсы,balanced_future_reference,421
Маркетплейсы,balanced_future_reference,422
Маркетплейсы,balanced_future_reference,423
Маркетплейсы,balanced_future_reference,424
Маркетплейсы,balanced_future_reference,425
Маркетплейсы,balanced_future_reference,428
Маркетплейсы,balanced_future_reference,429
Маркетплейсы,balanced_future_reference,430
Маркетплейсы,balanced_future_reference,431
Маркетплейсы,balanced_future_reference,432
Маркетплейсы,balanced_future_reference,433
Маркетплейсы,balanced_future_reference,434
Маркетплейсы,balanced_future_reference,435
Маркетплейсы,balanced_future_reference,436
Маркетплейсы,balanced_future_reference,437
Маркетплейсы,balanced_future_reference,438
Маркетплейсы,balanced_future_reference,440
Маркетплейсы,balanced_future_reference,441
Маркетплейсы,balanced_future_reference,442
Маркетплейсы,balanced_future_reference,443
Маркетплейсы,balanced_future_reference,444
Маркетплейсы,balanced_future_reference,445
Маркетплейсы,balanced_future_reference,446
Маркетплейсы,balanced_future_reference,447
Маркетплейсы,balanced_future_reference,448
Маркетплейсы,balanced_future_reference,449
Маркетплейсы,balanced_future_reference,450
Маркетплейсы,balanced_future_reference,451
Маркетплейсы,balanced_future_reference,452
Маркетплейсы,balanced_future_reference,453
Маркетплейсы,balanced_future_reference,455
Маркетплейсы,balanced_future_reference,456
Маркетплейсы,balanced_future_reference,457
Маркетплейсы,balanced_future_reference,458
Маркетплейсы,balanced_future_reference,459
Маркетплейсы,balanced_future_reference,460
Маркетплейсы,balanced_future_reference,478
Маркетплейсы,balanced_future_reference,479
Маркетплейсы,balanced_future_reference,480
Маркетплейсы,balanced_future_reference,481
Маркетплейсы,balanced_future_reference,482
Маркетплейсы,balanced_future_reference,484
Маркетплейсы,balanced_future_reference,485
Маркетплейсы,balanced_future_reference,486
Маркетплейсы,balanced_future_reference,487
Маркетплейсы,balanced_future_reference,489
Маркетплейсы,balanced_future_reference,490
Маркетплейсы,balanced_future_reference,491
Маркетплейсы,balanced_future_reference,492
Маркетплейсы,balanced_future_reference,493
Маркетплейсы,balanced_future_reference,494
Маркетплейсы,balanced_future_reference,495
Маркетплейсы,balanced_future_reference,496
Маркетплейсы,balanced_future_reference,497
Маркетплейсы,balanced_future_reference,498
Маркетплейсы,balanced_future_reference,499
Маркетплейсы,balanced_future_reference,501
Маркетплейсы,balanced_future_reference,502
Маркетплейсы,balanced_future_reference,503
Маркетплейсы,balanced_future_reference,504
Маркетплейсы,balanced_future_reference,505
Маркетплейсы,balanced_future_reference,506
Маркетплейсы,balanced_future_reference,507
Маркетплейсы,balanced_future_reference,508
Маркетплейсы,balanced_future_reference,509
Маркетплейсы,balanced_future_reference,510
Маркетплейсы,balanced_future_reference,511
Маркетплейсы,balanced_future_reference,512
Маркетплейсы,balanced_future_reference,515
Маркетплейсы,balanced_future_reference,516
Маркетплейсы,balanced_future_reference,517
Маркетплейсы,balanced_future_reference,518
Маркетплейсы,balanced_future_reference,519
Маркетплейсы,balanced_future_reference,520
Маркетплейсы,balanced_future_reference,521
Маркетплейсы,balanced_future_reference,522
Маркетплейсы,balanced_future_reference,523
Маркетплейсы,balanced_future_reference,524
Маркетплейсы,balanced_future_reference,525
Маркетплейсы,balanced_future_reference,527
Маркетплейсы,balanced_future_reference,528
Маркетплейсы,balanced_future_reference,529
Маркетплейсы,balanced_future_reference,530
Маркетплейсы,balanced_future_reference,531
Маркетплейсы,balanced_future_reference,532
Маркетплейсы,balanced_future_reference,533
Маркетплейсы,balanced_future_reference,534
Маркетплейсы,balanced_future_reference,535
Маркетплейсы,balanced_future_reference,536
Маркетплейсы,balanced_future_reference,537
Маркетплейсы,balanced_future_reference,538
Маркетплейсы,balanced_future_reference,539
Маркетплейсы,balanced_future_reference,540
Маркетплейсы,balanced_future_reference,541
Маркетплейсы,balanced_future_reference,542
Маркетплейсы,balanced_future_reference,543
Маркетплейсы,balanced_future_reference,544
Маркетплейсы,balanced_future_reference,545
Маркетплейсы,balanced_future_reference,546
Маркетплейсы,balanced_future_reference,547
Маркетплейсы,balanced_future_reference,548
Маркетплейсы,balanced_future_reference,549
Маркетплейсы,balanced_future_reference,550
Маркетплейсы,balanced_future_reference,552
Маркетплейсы,balanced_future_reference,553
Маркетплейсы,balanced_future_reference,554
Маркетплейсы,balanced_future_reference,555
Маркетплейсы,balanced_future_reference,556
Маркетплейсы,balanced_future_reference,557
Маркетплейсы,balanced_future_reference,558
Маркетплейсы,balanced_future_reference,559
Маркетплейсы,balanced_future_reference,560
Маркетплейсы,balanced_future_reference,561
Маркетплейсы,balanced_future_reference,562
Маркетплейсы,balanced_future_reference,563
Маркетплейсы,balanced_future_reference,564
Маркетплейсы,balanced_future_reference,565
Маркетплейсы,balanced_future_reference,566
Маркетплейсы,balanced_future_reference,567
Маркетплейсы,balanced_future_reference,568
Маркетплейсы,balanced_future_reference,569
Маркетплейсы,balanced_future_reference,570
Маркетплейсы,balanced_future_reference,571
Маркетплейсы,balanced_future_reference,572
Маркетплейсы,balanced_future_reference,574
Маркетплейсы,balanced_future_reference,578
Маркетплейсы,balanced_future_reference,579
Маркетплейсы,balanced_future_reference,580
Маркетплейсы,balanced_future_reference,581
Маркетплейсы,balanced_future_reference,582
Маркетплейсы,balanced_future_reference,583
Маркетплейсы,balanced_future_reference,584
Маркетплейсы,balanced_future_reference,585
Маркетплейсы,balanced_future_reference,586
Маркетплейсы,balanced_future_reference,587
Маркетплейсы,balanced_future_reference,588
Маркетплейсы,balanced_future_reference,589
Маркетплейсы,balanced_future_reference,591
Маркетплейсы,balanced_future_reference,592
Маркетплейсы,balanced_future_reference,593
Маркетплейсы,balanced_future_reference,594
Маркетплейсы,balanced_future_reference,595
Маркетплейсы,balanced_future_reference,598
Маркетплейсы,balanced_future_reference,599
Маркетплейсы,balanced_future_reference,600
Маркетплейсы,balanced_future_reference,601
Маркетплейсы,balanced_future_reference,602
Маркетплейсы,balanced_future_reference,603
Маркетплейсы,balanced_future_reference,604
Маркетплейсы,balanced_future_reference,605
Маркетплейсы,balanced_future_reference,606
Маркетплейсы,balanced_future_reference,607
Маркетплейсы,balanced_future_reference,608
Маркетплейсы,balanced_future_reference,612
Маркетплейсы,balanced_future_reference,613
Маркетплейсы,balanced_future_reference,614
Маркетплейсы,balanced_future_reference,615
Маркетплейсы,balanced_future_reference,616
Маркетплейсы,balanced_future_reference,618
Маркетплейсы,balanced_future_reference,619
Маркетплейсы,balanced_future_reference,621
Маркетплейсы,balanced_future_reference,666
Маркетплейсы,balanced_future_reference,667
Маркетплейсы,balanced_future_reference,668
Маркетплейсы,balanced_future_reference,669
Маркетплейсы,balanced_future_reference,670
Маркетплейсы,balanced_future_reference,671
Маркетплейсы,balanced_future_reference,674
Маркетплейсы,balanced_future_reference,675
Маркетплейсы,balanced_future_reference,676
Маркетплейсы,balanced_future_reference,677
Маркетплейсы,balanced_future_reference,678
Маркетплейсы,balanced_future_reference,679
Маркетплейсы,balanced_future_reference,680
Маркетплейсы,balanced_future_reference,683
Маркетплейсы,balanced_future_reference,685
Маркетплейсы,balanced_future_reference,686
Маркетплейсы,balanced_future_reference,687
Маркетплейсы,balanced_future_reference,689
Маркетплейсы,balanced_future_reference,690
Маркетплейсы,balanced_future_reference,691
Маркетплейсы,balanced_future_reference,692
Маркетплейсы,balanced_future_reference,693
Маркетплейсы,balanced_future_reference,694
Маркетплейсы,balanced_future_reference,695
Маркетплейсы,balanced_future_reference,696
Маркетплейсы,balanced_future_reference,697
Маркетплейсы,balanced_future_reference,698
Маркетплейсы,balanced_future_reference,699
Маркетплейсы,balanced_future_reference,701
Маркетплейсы,balanced_future_reference,702
Маркетплейсы,balanced_future_reference,703
Маркетплейсы,balanced_future_reference,704
Маркетплейсы,balanced_future_reference,705
Маркетплейсы,balanced_future_reference,706
Маркетплейсы,balanced_future_reference,708
Маркетплейсы,balanced_future_reference,710
Маркетплейсы,balanced_future_reference,711
Маркетплейсы,balanced_future_reference,712
Маркетплейсы,balanced_future_reference,713
Маркетплейсы,balanced_future_reference,714
Маркетплейсы,balanced_future_reference,715
Маркетплейсы,balanced_future_reference,716
Маркетплейсы,balanced_future_reference,717
Маркетплейсы,balanced_future_reference,718
Маркетплейсы,balanced_future_reference,719
Маркетплейсы,balanced_future_reference,720
Маркетплейсы,balanced_future_reference,721
Маркетплейсы,balanced_future_reference,722
Маркетплейсы,balanced_future_reference,723
Маркетплейсы,balanced_future_reference,725
Маркетплейсы,balanced_future_reference,726
Маркетплейсы,balanced_future_reference,727
Маркетплейсы,balanced_future_reference,731
Маркетплейсы,balanced_future_reference,734
Маркетплейсы,balanced_future_reference,735
Маркетплейсы,balanced_future_reference,736
Маркетплейсы,balanced_future_reference,737
Маркетплейсы,balanced_future_reference,738
Маркетплейсы,balanced_future_reference,739
Маркетплейсы,balanced_future_reference,741
Маркетплейсы,balanced_future_reference,742
Маркетплейсы,balanced_future_reference,743
Маркетплейсы,balanced_future_reference,744
Маркетплейсы,balanced_future_reference,745
Маркетплейсы,balanced_future_reference,746
Маркетплейсы,balanced_future_reference,747
Маркетплейсы,balanced_future_reference,748
Маркетплейсы,balanced_future_reference,749
Маркетплейсы,balanced_future_reference,751
Маркетплейсы,balanced_future_reference,752
Маркетплейсы,balanced_future_reference,753
Маркетплейсы,balanced_future_reference,754
Маркетплейсы,balanced_future_reference,755
Маркетплейсы,balanced_future_reference,756
Маркетплейсы,balanced_future_reference,757
Маркетплейсы,balanced_future_reference,758
Маркетплейсы,balanced_future_reference,760
Маркетплейсы,balanced_future_reference,761
Маркетплейсы,balanced_future_reference,763
Маркетплейсы,balanced_future_reference,764
Маркетплейсы,balanced_future_reference,765
Маркетплейсы,balanced_future_reference,766
Маркетплейсы,balanced_future_reference,767
Маркетплейсы,balanced_future_reference,769
Маркетплейсы,balanced_future_reference,770
Маркетплейсы,balanced_future_reference,771
Маркетплейсы,balanced_future_reference,773
Маркетплейсы,balanced_future_reference,774
Маркетплейсы,balanced_future_reference,775
Маркетплейсы,balanced_future_reference,776
Маркетплейсы,balanced_future_reference,777
Маркетплейсы,balanced_future_reference,778
Маркетплейсы,balanced_future_reference,779
Маркетплейсы,balanced_future_reference,780
Маркетплейсы,balanced_future_reference,781
Маркетплейсы,balanced_future_reference,782
Маркетплейсы,balanced_future_reference,783
Маркетплейсы,balanced_future_reference,784
Маркетплейсы,balanced_future_reference,785
Маркетплейсы,balanced_future_reference,787
Маркетплейсы,balanced_future_reference,788
Маркетплейсы,balanced_future_reference,789
Маркетплейсы,balanced_future_reference,790
Маркетплейсы,balanced_future_reference,791
Маркетплейсы,balanced_future_reference,792
Маркетплейсы,balanced_future_reference,793
Маркетплейсы,balanced_future_reference,794
Маркетплейсы,balanced_future_reference,795
Маркетплейсы,balanced_future_reference,796
Маркетплейсы,balanced_future_reference,797
Маркетплейсы,balanced_future_reference,798
Маркетплейсы,balanced_future_reference,799
Маркетплейсы,balanced_future_reference,800
Маркетплейсы,balanced_future_reference,801
Маркетплейсы,balanced_future_reference,802
Маркетплейсы,balanced_future_reference,803
Маркетплейсы,balanced_future_reference,804
Маркетплейсы,balanced_future_reference,805
Маркетплейсы,balanced_future_reference,806
Маркетплейсы,balanced_future_reference,807
Маркетплейсы,balanced_future_reference,808
Маркетплейсы,balanced_future_reference,809
Маркетплейсы,balanced_future_reference,810
Маркетплейсы,balanced_future_reference,811
Маркетплейсы,balanced_future_reference,812
Маркетплейсы,balanced_future_reference,813
Маркетплейсы,balanced_future_reference,814
Маркетплейсы,balanced_future_reference,815
Маркетплейсы,balanced_future_reference,817
Маркетплейсы,balanced_future_reference,818
Маркетплейсы,balanced_future_reference,819
Маркетплейсы,balanced_future_reference,820
Маркетплейсы,balanced_future_reference,821
Маркетплейсы,balanced_future_reference,822
Маркетплейсы,balanced_future_reference,823
Маркетплейсы,balanced_future_reference,824
Маркетплейсы,balanced_future_reference,825
Маркетплейсы,balanced_future_reference,826
Маркетплейсы,balanced_future_reference,827
Маркетплейсы,balanced_future_reference,828
Маркетплейсы,balanced_future_reference,829
Маркетплейсы,balanced_future_reference,830
Маркетплейсы,balanced_future_reference,831
Маркетплейсы,balanced_future_reference,832
Маркетплейсы,balanced_future_reference,833
Маркетплейсы,balanced_future_reference,834
Маркетплейсы,balanced_future_reference,835
Маркетплейсы,balanced_future_reference,836
Маркетплейсы,balanced_future_reference,838
Маркетплейсы,balanced_future_reference,839
Маркетплейсы,balanced_future_reference,840
Маркетплейсы,balanced_future_reference,841
Маркетплейсы,balanced_future_reference,842
Маркетплейсы,balanced_future_reference,843
Маркетплейсы,balanced_future_reference,844
Маркетплейсы,balanced_future_reference,846
Маркетплейсы,balanced_future_reference,847
Маркетплейсы,balanced_future_reference,848
Маркетплейсы,balanced_future_reference,849
Маркетплейсы,balanced_future_reference,851
Маркетплейсы,balanced_future_reference,852
Маркетплейсы,balanced_future_reference,853
Маркетплейсы,balanced_future_reference,854
Маркетплейсы,balanced_future_reference,855
Маркетплейсы,balanced_future_reference,856
Маркетплейсы,balanced_future_reference,857
Маркетплейсы,balanced_future_reference,859
Маркетплейсы,balanced_future_reference,860
Маркетплейсы,balanced_future_reference,870
Маркетплейсы,balanced_future_reference,871
Маркетплейсы,balanced_future_reference,872
Маркетплейсы,balanced_future_reference,873
Маркетплейсы,balanced_future_reference,874
Маркетплейсы,balanced_future_reference,875
Маркетплейсы,balanced_future_reference,876
Маркетплейсы,balanced_future_reference,877
Маркетплейсы,balanced_future_reference,878
Маркетплейсы,balanced_future_reference,879
Маркетплейсы,balanced_future_reference,880
Маркетплейсы,balanced_future_reference,881
Маркетплейсы,balanced_future_reference,882
Маркетплейсы,balanced_future_reference,883
Маркетплейсы,balanced_future_reference,884
Маркетплейсы,balanced_future_reference,885
Маркетплейсы,balanced_future_reference,886
Маркетплейсы,balanced_future_reference,888
Маркетплейсы,balanced_future_reference,889
Маркетплейсы,balanced_future_reference,890
Маркетплейсы,balanced_future_reference,891
Маркетплейсы,balanced_future_reference,892
Маркетплейсы,balanced_future_reference,895
Маркетплейсы,balanced_future_reference,896
Маркетплейсы,balanced_future_reference,897
Маркетплейсы,balanced_future_reference,898
Маркетплейсы,balanced_future_reference,899
Маркетплейсы,balanced_future_reference,900
Маркетплейсы,balanced_future_reference,901
Маркетплейсы,balanced_future_reference,902
Маркетплейсы,balanced_future_reference,903
Маркетплейсы,balanced_future_reference,904
Маркетплейсы,balanced_future_reference,905
Маркетплейсы,balanced_future_reference,907
Маркетплейсы,balanced_future_reference,908
Маркетплейсы,balanced_future_reference,909
Маркетплейсы,balanced_future_reference,911
Маркетплейсы,balanced_future_reference,912
Маркетплейсы,balanced_future_reference,913
Маркетплейсы,balanced_future_reference,914
Маркетплейсы,balanced_future_reference,915
Маркетплейсы,balanced_future_reference,916
Маркетплейсы,balanced_future_reference,917
Маркетплейсы,balanced_future_reference,918
Маркетплейсы,balanced_future_reference,920
Маркетплейсы,balanced_future_reference,922
Маркетплейсы,balanced_future_reference,923
Маркетплейсы,balanced_future_reference,924
Маркетплейсы,balanced_future_reference,925
Маркетплейсы,balanced_future_reference,926
Маркетплейсы,balanced_future_reference,927
Маркетплейсы,balanced_future_reference,928
Маркетплейсы,balanced_future_reference,929
Маркетплейсы,balanced_future_reference,930
Маркетплейсы,balanced_future_reference,986
Маркетплейсы,balanced_future_reference,987
Маркетплейсы,balanced_future_reference,988
Маркетплейсы,balanced_future_reference,989
Маркетплейсы,balanced_future_reference,991
Маркетплейсы,balanced_future_reference,992
Маркетплейсы,balanced_future_reference,993
Маркетплейсы,balanced_future_reference,994
Маркетплейсы,balanced_future_reference,995
Маркетплейсы,balanced_future_reference,996
Маркетплейсы,balanced_future_reference,998
Маркетплейсы,balanced_future_reference,999
Маркетплейсы,balanced_future_reference,1001
Маркетплейсы,balanced_future_reference,1002
Маркетплейсы,balanced_future_reference,1003
Маркетплейсы,balanced_future_reference,1004
Маркетплейсы,balanced_future_reference,1005
Маркетплейсы,balanced_future_reference,1006
Маркетплейсы,balanced_future_reference,1007
Маркетплейсы,balanced_future_reference,1008
Маркетплейсы,balanced_future_reference,1009
Маркетплейсы,balanced_future_reference,1010
Маркетплейсы,balanced_future_reference,1011
Маркетплейсы,balanced_future_reference,1012
Маркетплейсы,balanced_future_reference,1013
Маркетплейсы,balanced_future_reference,1014
Маркетплейсы,balanced_future_reference,1015
Маркетплейсы,balanced_future_reference,1016
Маркетплейсы,balanced_future_reference,1017
Маркетплейсы,balanced_future_reference,1018
Маркетплейсы,balanced_future_reference,1019
Маркетплейсы,balanced_future_reference,1020
Маркетплейсы,balanced_future_reference,1021
Маркетплейсы,balanced_future_reference,1023
Маркетплейсы,balanced_future_reference,1024
Маркетплейсы,balanced_future_reference,1025
Маркетплейсы,balanced_future_reference,1026
Маркетплейсы,balanced_future_reference,1027
Маркетплейсы,balanced_future_reference,1028
Маркетплейсы,balanced_future_reference,1029
Маркетплейсы,balanced_future_reference,1030
Маркетплейсы,balanced_future_reference,1031
Маркетплейсы,balanced_future_reference,1032
Маркетплейсы,balanced_future_reference,1033
Маркетплейсы,balanced_future_reference,1034
Маркетплейсы,balanced_future_reference,1035
Маркетплейсы,balanced_future_reference,1036
Маркетплейсы,balanced_future_reference,1037
Маркетплейсы,balanced_future_reference,1038
Маркетплейсы,balanced_future_reference,1039
Маркетплейсы,balanced_future_reference,1040
Маркетплейсы,balanced_future_reference,1041
Маркетплейсы,balanced_future_reference,1044
Маркетплейсы,balanced_future_reference,1047
Маркетплейсы,balanced_future_reference,1048
Маркетплейсы,balanced_future_reference,1049
Маркетплейсы,balanced_future_reference,1051
Маркетплейсы,balanced_future_reference,1052
Маркетплейсы,balanced_future_reference,1053
Маркетплейсы,balanced_future_reference,1054
Маркетплейсы,balanced_future_reference,1055
Маркетплейсы,balanced_future_reference,1056
Маркетплейсы,balanced_future_reference,1057
Маркетплейсы,balanced_future_reference,1058
Маркетплейсы,balanced_future_reference,1059
Маркетплейсы,balanced_future_reference,1060
Маркетплейсы,balanced_future_reference,1061
Маркетплейсы,balanced_future_reference,1062
Маркетплейсы,balanced_future_reference,1063
Маркетплейсы,balanced_future_reference,1064
Маркетплейсы,balanced_future_reference,1065
Маркетплейсы,balanced_future_reference,1066
Маркетплейсы,balanced_future_reference,1067
Маркетплейсы,balanced_future_reference,1068
Маркетплейсы,balanced_future_reference,1069
Маркетплейсы,balanced_future_reference,1070
Маркетплейсы,balanced_future_reference,1071
Маркетплейсы,balanced_future_reference,1072
Маркетплейсы,balanced_future_reference,1107
Маркетплейсы,balanced_future_reference,1108
Маркетплейсы,balanced_future_reference,1109
Маркетплейсы,balanced_future_reference,1110
Маркетплейсы,balanced_future_reference,1111
Маркетплейсы,balanced_future_reference,1112
Маркетплейсы,balanced_future_reference,1113
Маркетплейсы,balanced_future_reference,1115
Маркетплейсы,balanced_future_reference,1116
Маркетплейсы,balanced_future_reference,1117
Маркетплейсы,balanced_future_reference,1118
Маркетплейсы,balanced_future_reference,1119
Маркетплейсы,balanced_future_reference,1120
Маркетплейсы,balanced_future_reference,1121
Маркетплейсы,balanced_future_reference,1122
Маркетплейсы,balanced_future_reference,1123
Маркетплейсы,balanced_future_reference,1124
Маркетплейсы,balanced_future_reference,1125
Маркетплейсы,balanced_future_reference,1126
Маркетплейсы,balanced_future_reference,1127
Маркетплейсы,balanced_future_reference,1128
Маркетплейсы,balanced_future_reference,1129
Маркетплейсы,balanced_future_reference,1130
Маркетплейсы,balanced_future_reference,1131
Маркетплейсы,balanced_future_reference,1132
Маркетплейсы,balanced_future_reference,1133
Маркетплейсы,balanced_future_reference,1134
Маркетплейсы,balanced_future_reference,1135
Маркетплейсы,balanced_future_reference,1136
Маркетплейсы,balanced_future_reference,1137
Маркетплейсы,balanced_future_reference,1138
Маркетплейсы,balanced_future_reference,1139
Маркетплейсы,balanced_future_reference,1140
Маркетплейсы,balanced_future_reference,1141
Маркетплейсы,balanced_future_reference,1142
Маркетплейсы,balanced_future_reference,1143
Маркетплейсы,balanced_future_reference,1144
Маркетплейсы,balanced_future_reference,1146
Маркетплейсы,balanced_future_reference,1147
Маркетплейсы,balanced_future_reference,1148
Маркетплейсы,balanced_future_reference,1149
Маркетплейсы,balanced_future_reference,1150
Маркетплейсы,balanced_future_reference,1151
Маркетплейсы,balanced_future_reference,1152
Маркетплейсы,balanced_future_reference,1153
Маркетплейсы,balanced_future_reference,1154
Маркетплейсы,balanced_future_reference,1155
Маркетплейсы,balanced_future_reference,1157
Маркетплейсы,balanced_future_reference,1158
Маркетплейсы,balanced_future_reference,1159
Маркетплейсы,balanced_future_reference,1160
Маркетплейсы,balanced_future_reference,1161
Маркетплейсы,balanced_future_reference,1163
Маркетплейсы,balanced_future_reference,1164
Маркетплейсы,balanced_future_reference,1165
Маркетплейсы,balanced_future_reference,1166
Маркетплейсы,balanced_future_reference,1167
Маркетплейсы,balanced_future_reference,1168
Маркетплейсы,balanced_future_reference,1169
Маркетплейсы,balanced_future_reference,1170
Маркетплейсы,balanced_future_reference,1171
Маркетплейсы,balanced_future_reference,1172
Маркетплейсы,balanced_future_reference,1173
Маркетплейсы,balanced_future_reference,1174
Маркетплейсы,balanced_future_reference,1175
Маркетплейсы,balanced_future_reference,1176
Маркетплейсы,balanced_future_reference,1178
Маркетплейсы,balanced_future_reference,1179
Маркетплейсы,balanced_future_reference,1180
Маркетплейсы,balanced_future_reference,1181
Маркетплейсы,balanced_future_reference,1184
Маркетплейсы,balanced_future_reference,1185
Маркетплейсы,balanced_future_reference,1186
Маркетплейсы,balanced_future_reference,1187
Маркетплейсы,balanced_future_reference,1188
Маркетплейсы,balanced_future_reference,1189
Маркетплейсы,balanced_future_reference,1190
Маркетплейсы,balanced_future_reference,1191
Маркетплейсы,balanced_future_reference,1192
Маркетплейсы,balanced_future_reference,1193
Маркетплейсы,balanced_future_reference,1194
Маркетплейсы,balanced_future_reference,1195
Маркетплейсы,balanced_future_reference,1196
Маркетплейсы,balanced_future_reference,1197
Маркетплейсы,balanced_future_reference,1198
Маркетплейсы,balanced_future_reference,1200
Маркетплейсы,balanced_future_reference,1201
Маркетплейсы,balanced_future_reference,1203
Маркетплейсы,balanced_future_reference,1204
Маркетплейсы,balanced_future_reference,1205
Маркетплейсы,balanced_future_reference,1206
Маркетплейсы,balanced_future_reference,1207
Маркетплейсы,balanced_future_reference,1208
Маркетплейсы,balanced_future_reference,1209
Маркетплейсы,balanced_future_reference,1210
Маркетплейсы,balanced_future_reference,1211
Маркетплейсы,balanced_future_reference,1212
Маркетплейсы,balanced_future_reference,1213
Маркетплейсы,balanced_future_reference,1214
Маркетплейсы,balanced_future_reference,1215
Маркетплейсы,balanced_future_reference,1217
Маркетплейсы,balanced_future_reference,1218
Маркетплейсы,balanced_future_reference,1219
Маркетплейсы,balanced_future_reference,1220
Маркетплейсы,balanced_future_reference,1221
Маркетплейсы,balanced_future_reference,1222
Маркетплейсы,balanced_future_reference,1223
Маркетплейсы,balanced_future_reference,1224
Маркетплейсы,balanced_future_reference,1225
Маркетплейсы,balanced_future_reference,1226
Маркетплейсы,balanced_future_reference,1227
Маркетплейсы,balanced_future_reference,1228
Маркетплейсы,balanced_future_reference,1229
Маркетплейсы,balanced_future_reference,1230
Маркетплейсы,balanced_future_reference,1231
Маркетплейсы,balanced_future_reference,1232
Маркетплейсы,balanced_future_reference,1233
Маркетплейсы,balanced_future_reference,1234
Маркетплейсы,balanced_future_reference,1235
Маркетплейсы,balanced_future_reference,1236
Маркетплейсы,balanced_future_reference,1237
Маркетплейсы,balanced_future_reference,1238
Маркетплейсы,balanced_future_reference,1240
Маркетплейсы,balanced_future_reference,1241
Маркетплейсы,balanced_future_reference,1242
Маркетплейсы,balanced_future_reference,1243
Маркетплейсы,balanced_future_reference,1244
Маркетплейсы,balanced_future_reference,1246
Маркетплейсы,balanced_future_reference,1249
Маркетплейсы,balanced_future_reference,1250
Маркетплейсы,balanced_future_reference,1251
Маркетплейсы,balanced_future_reference,1252
Маркетплейсы,balanced_future_reference,1253
Маркетплейсы,balanced_future_reference,1254
Маркетплейсы,balanced_future_reference,1256
Маркетплейсы,balanced_future_reference,1257
Маркетплейсы,balanced_future_reference,1258
Маркетплейсы,balanced_future_reference,1259
Маркетплейсы,balanced_future_reference,1260
Маркетплейсы,balanced_future_reference,1261
Маркетплейсы,balanced_future_reference,1262
Маркетплейсы,balanced_future_reference,1264
Маркетплейсы,balanced_future_reference,1265
Маркетплейсы,balanced_future_reference,1266
Маркетплейсы,balanced_future_reference,1267
Маркетплейсы,balanced_future_reference,1268
Маркетплейсы,balanced_future_reference,1269
Маркетплейсы,balanced_future_reference,1270
Маркетплейсы,balanced_future_reference,1271
Маркетплейсы,balanced_future_reference,1272
Маркетплейсы,balanced_future_reference,1273
Маркетплейсы,balanced_future_reference,1274
Маркетплейсы,balanced_future_reference,1275
Маркетплейсы,balanced_future_reference,1276
Маркетплейсы,balanced_future_reference,1277
Маркетплейсы,balanced_future_reference,1278
Маркетплейсы,balanced_future_reference,1279
Маркетплейсы,balanced_future_reference,1280
Маркетплейсы,balanced_future_reference,1281
Маркетплейсы,balanced_future_reference,1282
Маркетплейсы,balanced_future_reference,1284
Маркетплейсы,balanced_future_reference,1285
Маркетплейсы,balanced_future_reference,1286
Маркетплейсы,balanced_future_reference,1287
Маркетплейсы,balanced_future_reference,1288
Маркетплейсы,balanced_future_reference,1289
Маркетплейсы,balanced_future_reference,1290
Маркетплейсы,balanced_future_reference,1291
Маркетплейсы,balanced_future_reference,1292
Маркетплейсы,balanced_future_reference,1293
Маркетплейсы,balanced_future_reference,1294
Маркетплейсы,balanced_future_reference,1295
Маркетплейсы,balanced_future_reference,1296
Маркетплейсы,balanced_future_reference,1297
Маркетплейсы,balanced_future_reference,1298
Маркетплейсы,balanced_future_reference,1299
Маркетплейсы,balanced_future_reference,1300
Маркетплейсы,balanced_future_reference,1301
Маркетплейсы,balanced_future_reference,1302
Маркетплейсы,balanced_future_reference,1303
Маркетплейсы,balanced_future_reference,1304
Маркетплейсы,balanced_future_reference,1305
Маркетплейсы,balanced_future_reference,1306
Маркетплейсы,balanced_future_reference,1308
Маркетплейсы,balanced_future_reference,1309
Маркетплейсы,balanced_future_reference,1310
Маркетплейсы,balanced_future_reference,1311
Маркетплейсы,balanced_future_reference,1312
Маркетплейсы,balanced_future_reference,1313
Маркетплейсы,balanced_future_reference,1314
Маркетплейсы,balanced_future_reference,1315
Маркетплейсы,balanced_future_reference,1316
Маркетплейсы,balanced_future_reference,1317
Маркетплейсы,balanced_future_reference,1319
Маркетплейсы,balanced_future_reference,1320
Маркетплейсы,balanced_future_reference,1321
Маркетплейсы,balanced_future_reference,1322
Маркетплейсы,balanced_future_reference,1323
Маркетплейсы,balanced_future_reference,1324
Маркетплейсы,balanced_future_reference,1325
Маркетплейсы,balanced_future_reference,1326
Маркетплейсы,balanced_future_reference,1327
Маркетплейсы,balanced_future_reference,1328
Маркетплейсы,balanced_future_reference,1329
Маркетплейсы,balanced_future_reference,1330
Маркетплейсы,balanced_future_reference,1331
Маркетплейсы,balanced_future_reference,1333
Маркетплейсы,balanced_future_reference,1334
Маркетплейсы,balanced_future_reference,1335
Маркетплейсы,balanced_future_reference,1336
Маркетплейсы,balanced_future_reference,1337
Маркетплейсы,balanced_future_reference,1338
Маркетплейсы,balanced_future_reference,1339
Маркетплейсы,balanced_future_reference,1340
Маркетплейсы,balanced_future_reference,1341
Маркетплейсы,balanced_future_reference,1343
Маркетплейсы,balanced_future_reference,1344
Маркетплейсы,balanced_future_reference,1345
Маркетплейсы,balanced_future_reference,1346
Маркетплейсы,balanced_future_reference,1347
Маркетплейсы,balanced_future_reference,1348
Маркетплейсы,balanced_future_reference,1349
Маркетплейсы,balanced_future_reference,1350
Маркетплейсы,balanced_future_reference,1351
Маркетплейсы,balanced_future_reference,1352
Маркетплейсы,balanced_future_reference,1353
Маркетплейсы,balanced_future_reference,1355
Маркетплейсы,balanced_future_reference,1356
Маркетплейсы,balanced_future_reference,1357
Маркетплейсы,balanced_future_reference,1358
Маркетплейсы,balanced_future_reference,1392
Маркетплейсы,balanced_future_reference,1393
Маркетплейсы,balanced_future_reference,1394
Маркетплейсы,balanced_future_reference,1395
Маркетплейсы,balanced_future_reference,1396
Маркетплейсы,balanced_future_reference,1397
Маркетплейсы,balanced_future_reference,1398
Маркетплейсы,balanced_future_reference,1399
Маркетплейсы,balanced_future_reference,1400
Маркетплейсы,balanced_future_reference,1401
Маркетплейсы,balanced_future_reference,1402
Маркетплейсы,balanced_future_reference,1403
Маркетплейсы,balanced_future_reference,1404
Маркетплейсы,balanced_future_reference,1405
Маркетплейсы,balanced_future_reference,1406
Маркетплейсы,balanced_future_reference,1407
Маркетплейсы,balanced_future_reference,1408
Маркетплейсы,balanced_future_reference,1409
Маркетплейсы,balanced_future_reference,1410
Маркетплейсы,balanced_future_reference,1411
Маркетплейсы,balanced_future_reference,1412
Маркетплейсы,balanced_future_reference,1413
Маркетплейсы,balanced_future_reference,1414
Маркетплейсы,balanced_future_reference,1415
Маркетплейсы,balanced_future_reference,1416
Маркетплейсы,balanced_future_reference,1417
Маркетплейсы,balanced_future_reference,1419
Маркетплейсы,balanced_future_reference,1420
Маркетплейсы,balanced_future_reference,1421
Маркетплейсы,balanced_future_reference,1422
Маркетплейсы,balanced_future_reference,1423
Маркетплейсы,balanced_future_reference,1425
Маркетплейсы,balanced_future_reference,1426
Маркетплейсы,balanced_future_reference,1427
Маркетплейсы,balanced_future_reference,1428
Маркетплейсы,balanced_future_reference,1429
Маркетплейсы,balanced_future_reference,1430
Маркетплейсы,balanced_future_reference,1431
Маркетплейсы,balanced_future_reference,1438
Маркетплейсы,balanced_future_reference,1439
Маркетплейсы,balanced_future_reference,1440
Маркетплейсы,balanced_future_reference,1443
Маркетплейсы,balanced_future_reference,1444
Маркетплейсы,balanced_future_reference,1445
Маркетплейсы,balanced_future_reference,1446
Маркетплейсы,balanced_future_reference,1447
Маркетплейсы,balanced_future_reference,1448
Маркетплейсы,balanced_future_reference,1449
Маркетплейсы,balanced_future_reference,1453
Маркетплейсы,balanced_future_reference,1454
Маркетплейсы,balanced_future_reference,1456
Маркетплейсы,balanced_future_reference,1457
Маркетплейсы,balanced_future_reference,1459
Маркетплейсы,balanced_future_reference,1461
Маркетплейсы,balanced_future_reference,1463
Маркетплейсы,balanced_future_reference,1464
Маркетплейсы,balanced_future_reference,1465
Маркетплейсы,balanced_future_reference,1467
Маркетплейсы,balanced_future_reference,1468
Маркетплейсы,balanced_future_reference,1472
Маркетплейсы,balanced_future_reference,1473
Маркетплейсы,balanced_future_reference,1474
Маркетплейсы,balanced_future_reference,1475
Маркетплейсы,balanced_future_reference,1477
Маркетплейсы,balanced_future_reference,1478
Маркетплейсы,balanced_future_reference,1480
Маркетплейсы,balanced_future_reference,1481
Маркетплейсы,balanced_future_reference,1483
Маркетплейсы,balanced_future_reference,1484
Маркетплейсы,balanced_future_reference,1486
Маркетплейсы,balanced_future_reference,1488
Маркетплейсы,balanced_future_reference,1489
Маркетплейсы,balanced_future_reference,1490
Маркетплейсы,balanced_future_reference,1491
Маркетплейсы,balanced_future_reference,1492
Маркетплейсы,balanced_future_reference,1493
Маркетплейсы,balanced_future_reference,1494
Маркетплейсы,balanced_future_reference,1495
Маркетплейсы,balanced_future_reference,1496
Маркетплейсы,balanced_future_reference,1500
Маркетплейсы,balanced_future_reference,1501
Маркетплейсы,balanced_future_reference,1504
Маркетплейсы,balanced_future_reference,1506
Маркетплейсы,balanced_future_reference,1507
Маркетплейсы,balanced_future_reference,1508
Маркетплейсы,balanced_future_reference,1509
Маркетплейсы,balanced_future_reference,1510
Маркетплейсы,balanced_future_reference,1511
Маркетплейсы,balanced_future_reference,1512
Маркетплейсы,balanced_future_reference,1518
Маркетплейсы,balanced_future_reference,1519
Маркетплейсы,balanced_future_reference,1520
Маркетплейсы,balanced_future_reference,1521
Маркетплейсы,balanced_future_reference,1522
Маркетплейсы,balanced_future_reference,1523
Маркетплейсы,balanced_future_reference,1525
Маркетплейсы,balanced_future_reference,1526
Маркетплейсы,balanced_future_reference,1527
Маркетплейсы,balanced_future_reference,1528
Маркетплейсы,balanced_future_reference,1529
Маркетплейсы,balanced_future_reference,1530
Маркетплейсы,balanced_future_reference,1532
Маркетплейсы,balanced_future_reference,1533
Маркетплейсы,balanced_future_reference,1534
Маркетплейсы,balanced_future_reference,1535
Маркетплейсы,balanced_future_reference,1536
Маркетплейсы,balanced_future_reference,1537
Маркетплейсы,balanced_future_reference,1539
Маркетплейсы,balanced_future_reference,1540
Маркетплейсы,balanced_future_reference,1541
Маркетплейсы,balanced_future_reference,1542
Маркетплейсы,balanced_future_reference,1543
Маркетплейсы,balanced_future_reference,1544
Маркетплейсы,balanced_future_reference,1545
Маркетплейсы,balanced_future_reference,1546
Маркетплейсы,balanced_future_reference,1547
Маркетплейсы,balanced_future_reference,1548
Маркетплейсы,balanced_future_reference,1549
Маркетплейсы,balanced_future_reference,1550
Маркетплейсы,balanced_future_reference,1551
Маркетплейсы,balanced_future_reference,1552
Маркетплейсы,balanced_future_reference,1553
Маркетплейсы,balanced_future_reference,1554
Маркетплейсы,balanced_future_reference,1555
Маркетплейсы,balanced_future_reference,1556
Маркетплейсы,balanced_future_reference,1557
Маркетплейсы,balanced_future_reference,1558
Маркетплейсы,balanced_future_reference,1559
Маркетплейсы,balanced_future_reference,1560
Маркетплейсы,balanced_future_reference,1561
Маркетплейсы,balanced_future_reference,1562
Маркетплейсы,balanced_future_reference,1563
Маркетплейсы,balanced_future_reference,1564
Маркетплейсы,balanced_future_reference,1565
Маркетплейсы,balanced_future_reference,1566
Маркетплейсы,balanced_future_reference,1567
Маркетплейсы,balanced_future_reference,1568
Маркетплейсы,balanced_future_reference,1569
Маркетплейсы,balanced_future_reference,1570
Маркетплейсы,balanced_future_reference,1571
Маркетплейсы,balanced_future_reference,1572
Маркетплейсы,balanced_future_reference,1573
Маркетплейсы,balanced_future_reference,1574
Маркетплейсы,balanced_future_reference,1575
Маркетплейсы,balanced_future_reference,1577
Маркетплейсы,balanced_future_reference,1578
Маркетплейсы,balanced_future_reference,1579
Маркетплейсы,balanced_future_reference,1580
Маркетплейсы,balanced_future_reference,1581
Маркетплейсы,balanced_future_reference,1582
Маркетплейсы,balanced_future_reference,1583
Маркетплейсы,balanced_future_reference,1584
Маркетплейсы,balanced_future_reference,1585
Маркетплейсы,balanced_future_reference,1586
Маркетплейсы,balanced_future_reference,1587
Маркетплейсы,balanced_future_reference,1588
Маркетплейсы,balanced_future_reference,1589
Маркетплейсы,balanced_future_reference,1590
Маркетплейсы,balanced_future_reference,1591
Маркетплейсы,balanced_future_reference,1592
Маркетплейсы,balanced_future_reference,1593
Маркетплейсы,balanced_future_reference,1594
Маркетплейсы,balanced_future_reference,1595
Маркетплейсы,balanced_future_reference,1596
Маркетплейсы,balanced_future_reference,1597
Маркетплейсы,balanced_future_reference,1598
Маркетплейсы,balanced_future_reference,1599
Маркетплейсы,balanced_future_reference,1600
Маркетплейсы,balanced_future_reference,1601
Маркетплейсы,balanced_future_reference,1602
Маркетплейсы,balanced_future_reference,1603
Маркетплейсы,balanced_future_reference,1604
Маркетплейсы,balanced_future_reference,1605
Маркетплейсы,balanced_future_reference,1606
Маркетплейсы,balanced_future_reference,1607
Маркетплейсы,balanced_future_reference,1608
Маркетплейсы,balanced_future_reference,1609
Маркетплейсы,balanced_future_reference,1610
Маркетплейсы,balanced_future_reference,1611
Маркетплейсы,balanced_future_reference,1612
Маркетплейсы,balanced_future_reference,1613
Маркетплейсы,balanced_future_reference,1614
Маркетплейсы,balanced_future_reference,1615
Маркетплейсы,balanced_future_reference,1616
Маркетплейсы,balanced_future_reference,1617
Маркетплейсы,balanced_future_reference,1618
Маркетплейсы,balanced_future_reference,1619
Маркетплейсы,balanced_future_reference,1620
Маркетплейсы,balanced_future_reference,1621
Маркетплейсы,balanced_future_reference,1622
Маркетплейсы,balanced_future_reference,1623
Маркетплейсы,balanced_future_reference,1624
Маркетплейсы,balanced_future_reference,1625
Маркетплейсы,balanced_future_reference,1626
Маркетплейсы,balanced_future_reference,1627
Маркетплейсы,balanced_future_reference,1628
Маркетплейсы,balanced_future_reference,1629
Маркетплейсы,balanced_future_reference,1630
Маркетплейсы,balanced_future_reference,1631
Маркетплейсы,balanced_future_reference,1632
Маркетплейсы,balanced_future_reference,1633
Маркетплейсы,balanced_future_reference,1634
Маркетплейсы,balanced_future_reference,1635
Маркетплейсы,balanced_future_reference,1636
Маркетплейсы,balanced_future_reference,1637
Маркетплейсы,balanced_future_reference,1638
Маркетплейсы,balanced_future_reference,1639
Маркетплейсы,balanced_future_reference,1640
Маркетплейсы,balanced_future_reference,1641
Маркетплейсы,balanced_future_reference,1642
Маркетплейсы,balanced_future_reference,1643
Маркетплейсы,balanced_future_reference,1644
Маркетплейсы,balanced_future_reference,1645
Маркетплейсы,balanced_future_reference,1646
Маркетплейсы,balanced_future_reference,1647
Маркетплейсы,balanced_future_reference,1648
Маркетплейсы,balanced_future_reference,1649
Маркетплейсы,balanced_future_reference,1650
Маркетплейсы,balanced_future_reference,1651
Маркетплейсы,balanced_future_reference,1652
Маркетплейсы,balanced_future_reference,1653
Маркетплейсы,balanced_future_reference,1654
Маркетплейсы,balanced_future_reference,1655
Маркетплейсы,balanced_future_reference,1656
Маркетплейсы,balanced_future_reference,1657
Маркетплейсы,balanced_future_reference,1658
Маркетплейсы,balanced_future_reference,1659
Маркетплейсы,balanced_future_reference,1660
Маркетплейсы,balanced_future_reference,1661
Маркетплейсы,balanced_future_reference,1662
Маркетплейсы,balanced_future_reference,1663
Маркетплейсы,balanced_future_reference,1664
Маркетплейсы,balanced_future_reference,1665
Маркетплейсы,balanced_future_reference,1666
Маркетплейсы,balanced_future_reference,1667
Маркетплейсы,balanced_future_reference,1668
Маркетплейсы,balanced_future_reference,1669
Маркетплейсы,balanced_future_reference,1670
Маркетплейсы,balanced_future_reference,1671
Маркетплейсы,balanced_future_reference,1672
Маркетплейсы,balanced_future_reference,1673
Маркетплейсы,balanced_future_reference,1674
Маркетплейсы,balanced_future_reference,1675
Маркетплейсы,balanced_future_reference,1676
Маркетплейсы,balanced_future_reference,1678
Маркетплейсы,balanced_future_reference,1679
Маркетплейсы,balanced_future_reference,1680
Маркетплейсы,balanced_future_reference,1681
Маркетплейсы,balanced_future_reference,1682
Маркетплейсы,balanced_future_reference,1683
Маркетплейсы,balanced_future_reference,1685
Маркетплейсы,balanced_future_reference,1686
Маркетплейсы,balanced_future_reference,1687
Маркетплейсы,balanced_future_reference,1688
Маркетплейсы,balanced_future_reference,1689
Маркетплейсы,balanced_future_reference,1690
Маркетплейсы,balanced_future_reference,1691
Маркетплейсы,balanced_future_reference,1692
Маркетплейсы,balanced_future_reference,1693
Маркетплейсы,balanced_future_reference,1694
Маркетплейсы,balanced_future_reference,1696
Маркетплейсы,balanced_future_reference,1697
Маркетплейсы,balanced_future_reference,1698
Маркетплейсы,balanced_future_reference,1699
Маркетплейсы,balanced_future_reference,1700
Маркетплейсы,balanced_future_reference,1701
Маркетплейсы,balanced_future_reference,1702
Маркетплейсы,balanced_future_reference,1703
Маркетплейсы,balanced_future_reference,1704
Маркетплейсы,balanced_future_reference,1705
Маркетплейсы,balanced_future_reference,1706
Маркетплейсы,balanced_future_reference,1707
Маркетплейсы,balanced_future_reference,1708
Маркетплейсы,balanced_future_reference,1709
Маркетплейсы,balanced_future_reference,1710
Маркетплейсы,balanced_future_reference,1711
Маркетплейсы,balanced_future_reference,1712
Маркетплейсы,balanced_future_reference,1714
Маркетплейсы,balanced_future_reference,1715
Маркетплейсы,balanced_future_reference,1717
Маркетплейсы,balanced_future_reference,1718
Маркетплейсы,balanced_future_reference,1719
Маркетплейсы,balanced_future_reference,1722
Маркетплейсы,balanced_future_reference,1724
Маркетплейсы,balanced_future_reference,1725
Маркетплейсы,balanced_future_reference,1726
Маркетплейсы,balanced_future_reference,1727
Маркетплейсы,balanced_future_reference,1728
Маркетплейсы,balanced_future_reference,1730
Маркетплейсы,balanced_future_reference,1731
Маркетплейсы,balanced_future_reference,1732
Маркетплейсы,balanced_future_reference,1733
Маркетплейсы,balanced_future_reference,1737
Маркетплейсы,balanced_future_reference,1738
Маркетплейсы,balanced_future_reference,1739
Маркетплейсы,balanced_future_reference,1740
Маркетплейсы,balanced_future_reference,1741
Маркетплейсы,balanced_future_reference,1742
Маркетплейсы,balanced_future_reference,1743
Маркетплейсы,balanced_future_reference,1744
Маркетплейсы,balanced_future_reference,1745
Маркетплейсы,balanced_future_reference,1746
Маркетплейсы,balanced_future_reference,1747
Маркетплейсы,balanced_future_reference,1749
Маркетплейсы,balanced_future_reference,1750
Маркетплейсы,balanced_future_reference,1751
Маркетплейсы,balanced_future_reference,1752
Маркетплейсы,balanced_future_reference,1753
Маркетплейсы,balanced_future_reference,1754
Маркетплейсы,balanced_future_reference,1755
Маркетплейсы,balanced_future_reference,1756
Маркетплейсы,balanced_future_reference,1757
Маркетплейсы,balanced_future_reference,1758
Маркетплейсы,balanced_future_reference,1759
Маркетплейсы,balanced_future_reference,1760
Маркетплейсы,balanced_future_reference,1761
Маркетплейсы,balanced_future_reference,1762
Маркетплейсы,balanced_future_reference,1764
Маркетплейсы,balanced_future_reference,1765
Маркетплейсы,balanced_future_reference,1766
Маркетплейсы,balanced_future_reference,1768
Маркетплейсы,balanced_future_reference,1769
Маркетплейсы,balanced_future_reference,1770
Маркетплейсы,balanced_future_reference,1771
Маркетплейсы,balanced_future_reference,1773
Маркетплейсы,balanced_future_reference,1774
Маркетплейсы,balanced_future_reference,1775
Маркетплейсы,balanced_future_reference,1776
Маркетплейсы,balanced_future_reference,1777
Маркетплейсы,balanced_future_reference,1778
Маркетплейсы,balanced_future_reference,1780
Маркетплейсы,balanced_future_reference,1781
Маркетплейсы,balanced_future_reference,1782
Маркетплейсы,balanced_future_reference,1783
Маркетплейсы,balanced_future_reference,1784
Маркетплейсы,balanced_future_reference,1785
Маркетплейсы,balanced_future_reference,1786
Маркетплейсы,balanced_future_reference,1787
Маркетплейсы,balanced_future_reference,1788
Маркетплейсы,balanced_future_reference,1845
Маркетплейсы,balanced_future_reference,1846
Маркетплейсы,balanced_future_reference,1848
Маркетплейсы,balanced_future_reference,1849
Маркетплейсы,balanced_future_reference,1850
Маркетплейсы,balanced_future_reference,1851
Маркетплейсы,balanced_future_reference,1852
Маркетплейсы,balanced_future_reference,1853
Маркетплейсы,balanced_future_reference,1854
Маркетплейсы,balanced_future_reference,1855
Маркетплейсы,balanced_future_reference,1856
Маркетплейсы,balanced_future_reference,1857
Маркетплейсы,balanced_future_reference,1858
Маркетплейсы,balanced_future_reference,1859
Маркетплейсы,balanced_future_reference,1860
Маркетплейсы,balanced_future_reference,1861
Маркетплейсы,balanced_future_reference,1862
Маркетплейсы,balanced_future_reference,1863
Маркетплейсы,balanced_future_reference,1864
Маркетплейсы,balanced_future_reference,1865
Маркетплейсы,balanced_future_reference,1868
Маркетплейсы,balanced_future_reference,1869
Маркетплейсы,balanced_future_reference,1870
Маркетплейсы,balanced_future_reference,1871
Маркетплейсы,balanced_future_reference,1872
Маркетплейсы,balanced_future_reference,1873
Маркетплейсы,balanced_future_reference,1874
Маркетплейсы,balanced_future_reference,1875
Маркетплейсы,balanced_future_reference,1876
Маркетплейсы,balanced_future_reference,1877
Маркетплейсы,balanced_future_reference,1878
Маркетплейсы,balanced_future_reference,1879
Маркетплейсы,balanced_future_reference,1880
Маркетплейсы,balanced_future_reference,1881
Маркетплейсы,balanced_future_reference,1883
Маркетплейсы,balanced_future_reference,1884
Маркетплейсы,balanced_future_reference,1885
Маркетплейсы,balanced_future_reference,1886
Маркетплейсы,balanced_future_reference,1887
Маркетплейсы,balanced_future_reference,1888
Маркетплейсы,balanced_future_reference,1889
Маркетплейсы,balanced_future_reference,1890
Маркетплейсы,balanced_future_reference,1891
Маркетплейсы,balanced_future_reference,1892
Маркетплейсы,balanced_future_reference,1893
Маркетплейсы,balanced_future_reference,1894
Маркетплейсы,balanced_future_reference,1895
Маркетплейсы,balanced_future_reference,1896
Маркетплейсы,balanced_future_reference,1897
Маркетплейсы,balanced_future_reference,1898
Маркетплейсы,balanced_future_reference,1899
Маркетплейсы,balanced_future_reference,1900
Маркетплейсы,balanced_future_reference,1901
Маркетплейсы,balanced_future_reference,1902
Маркетплейсы,balanced_future_reference,1903
Маркетплейсы,balanced_future_reference,1904
Маркетплейсы,balanced_future_reference,1905
Маркетплейсы,balanced_future_reference,1906
Маркетплейсы,balanced_future_reference,1907
Маркетплейсы,balanced_future_reference,1908
Маркетплейсы,balanced_future_reference,1909
Маркетплейсы,balanced_future_reference,1910
Маркетплейсы,balanced_future_reference,1912
Маркетплейсы,balanced_future_reference,1915
Маркетплейсы,balanced_future_reference,1916
Маркетплейсы,balanced_future_reference,1917
Маркетплейсы,balanced_future_reference,1918
Маркетплейсы,balanced_future_reference,1919
Маркетплейсы,balanced_future_reference,1920
Маркетплейсы,balanced_future_reference,1921
Маркетплейсы,balanced_future_reference,1922
Маркетплейсы,balanced_future_reference,1923
Маркетплейсы,balanced_future_reference,1924
Маркетплейсы,balanced_future_reference,1925
Маркетплейсы,balanced_future_reference,1926
Маркетплейсы,balanced_future_reference,1927
Маркетплейсы,balanced_future_reference,1928
Маркетплейсы,balanced_future_reference,1929
Маркетплейсы,balanced_future_reference,1930
Маркетплейсы,balanced_future_reference,1931
Маркетплейсы,balanced_future_reference,1932
Маркетплейсы,balanced_future_reference,1933
Маркетплейсы,balanced_future_reference,1934
Маркетплейсы,balanced_future_reference,1935
Маркетплейсы,balanced_future_reference,1936
Маркетплейсы,balanced_future_reference,1937
Маркетплейсы,balanced_future_reference,1938
Маркетплейсы,balanced_future_reference,1939
Маркетплейсы,balanced_future_reference,1940
Маркетплейсы,balanced_future_reference,1941
Маркетплейсы,balanced_future_reference,1942
Маркетплейсы,balanced_future_reference,1943
Маркетплейсы,balanced_future_reference,1944
Маркетплейсы,balanced_future_reference,1945
Маркетплейсы,balanced_future_reference,1947
Маркетплейсы,balanced_future_reference,1948
Маркетплейсы,balanced_future_reference,1949
Маркетплейсы,balanced_future_reference,1950
Маркетплейсы,balanced_future_reference,1951
Маркетплейсы,balanced_future_reference,1952
Маркетплейсы,balanced_future_reference,1954
Маркетплейсы,balanced_future_reference,1955
Маркетплейсы,balanced_future_reference,1956
Маркетплейсы,balanced_future_reference,1957
Маркетплейсы,balanced_future_reference,1958
Маркетплейсы,balanced_future_reference,1959
Маркетплейсы,balanced_future_reference,1960
Маркетплейсы,balanced_future_reference,1961
Маркетплейсы,balanced_future_reference,1962
Маркетплейсы,balanced_future_reference,1963
Маркетплейсы,balanced_future_reference,1965
Маркетплейсы,balanced_future_reference,1966
Маркетплейсы,balanced_future_reference,1967
Маркетплейсы,balanced_future_reference,1968
Маркетплейсы,balanced_future_reference,1969
Маркетплейсы,balanced_future_reference,1970
Маркетплейсы,balanced_future_reference,1971
Маркетплейсы,balanced_future_reference,1972
Маркетплейсы,balanced_future_reference,1973
Маркетплейсы,balanced_future_reference,1974
Маркетплейсы,balanced_future_reference,1975
Маркетплейсы,balanced_future_reference,1976
Маркетплейсы,balanced_future_reference,1977
Маркетплейсы,balanced_future_reference,1978
Маркетплейсы,balanced_future_reference,1979
Маркетплейсы,balanced_future_reference,1980
Маркетплейсы,balanced_future_reference,1981
Маркетплейсы,balanced_future_reference,1982
Маркетплейсы,balanced_future_reference,1983
Маркетплейсы,balanced_future_reference,1984
Маркетплейсы,balanced_future_reference,1985
Маркетплейсы,balanced_future_reference,1986
Маркетплейсы,balanced_future_reference,1987
Маркетплейсы,balanced_future_reference,1988
Маркетплейсы,balanced_future_reference,1989
Маркетплейсы,balanced_future_reference,1990
Маркетплейсы,balanced_future_reference,1991
Маркетплейсы,balanced_future_reference,1992
Маркетплейсы,balanced_future_reference,1993
Маркетплейсы,balanced_future_reference,1994
Маркетплейсы,balanced_future_reference,1995
Маркетплейсы,balanced_future_reference,1996
Маркетплейсы,balanced_future_reference,1997
Маркетплейсы,balanced_future_reference,1999
Маркетплейсы,balanced_future_reference,2000
Маркетплейсы,balanced_future_reference,2001
Маркетплейсы,balanced_future_reference,2002
Маркетплейсы,balanced_future_reference,2004
Маркетплейсы,balanced_future_reference,2005
Маркетплейсы,balanced_future_reference,2006
Маркетплейсы,balanced_future_reference,2007
Маркетплейсы,balanced_future_reference,2008
Маркетплейсы,balanced_future_reference,2009
Маркетплейсы,balanced_future_reference,2010
Маркетплейсы,balanced_future_reference,2011
Маркетплейсы,balanced_future_reference,2012
Маркетплейсы,balanced_future_reference,2015
Маркетплейсы,balanced_future_reference,2017
Маркетплейсы,balanced_future_reference,2018
Маркетплейсы,balanced_future_reference,2019
Маркетплейсы,balanced_future_reference,2021
Маркетплейсы,balanced_future_reference,2022
Маркетплейсы,balanced_future_reference,2023
Маркетплейсы,balanced_future_reference,2024
Маркетплейсы,balanced_future_reference,2025
Маркетплейсы,balanced_future_reference,2027
Маркетплейсы,balanced_future_reference,2028
Маркетплейсы,balanced_future_reference,2030
Маркетплейсы,balanced_future_reference,2031
Маркетплейсы,balanced_future_reference,2032
Маркетплейсы,balanced_future_reference,2033
Маркетплейсы,balanced_future_reference,2034
Маркетплейсы,balanced_future_reference,2035
Маркетплейсы,balanced_future_reference,2036
Маркетплейсы,balanced_future_reference,2037
Маркетплейсы,balanced_future_reference,2039
Маркетплейсы,balanced_future_reference,2040
Маркетплейсы,balanced_future_reference,2041
Маркетплейсы,balanced_future_reference,2042
Маркетплейсы,balanced_future_reference,2043
Маркетплейсы,balanced_future_reference,2044
Маркетплейсы,balanced_future_reference,2045
Маркетплейсы,balanced_future_reference,2046
Маркетплейсы,balanced_future_reference,2047
Маркетплейсы,balanced_future_reference,2048
Маркетплейсы,balanced_future_reference,2049
Маркетплейсы,balanced_future_reference,2050
Маркетплейсы,balanced_future_reference,2051
Маркетплейсы,balanced_future_reference,2052
Маркетплейсы,balanced_future_reference,2053
Маркетплейсы,balanced_future_reference,2054
Маркетплейсы,balanced_future_reference,2055
Маркетплейсы,balanced_future_reference,2056
Маркетплейсы,balanced_future_reference,2057
Маркетплейсы,balanced_future_reference,2058
Маркетплейсы,balanced_future_reference,2059
Маркетплейсы,balanced_future_reference,2060
Маркетплейсы,balanced_future_reference,2061
Маркетплейсы,balanced_future_reference,2062
Маркетплейсы,balanced_future_reference,2063
Маркетплейсы,balanced_future_reference,2064
Маркетплейсы,balanced_future_reference,2065
Маркетплейсы,balanced_future_reference,2066
Маркетплейсы,balanced_future_reference,2067
Маркетплейсы,balanced_future_reference,2068
Маркетплейсы,balanced_future_reference,2069
Маркетплейсы,balanced_future_reference,2070
Маркетплейсы,balanced_future_reference,2072
Маркетплейсы,balanced_future_reference,2073
Маркетплейсы,balanced_future_reference,2074
Маркетплейсы,balanced_future_reference,2075
Маркетплейсы,balanced_future_reference,2076
Маркетплейсы,balanced_future_reference,2077
Маркетплейсы,balanced_future_reference,2078
Маркетплейсы,balanced_future_reference,2079
Маркетплейсы,balanced_future_reference,2080
Маркетплейсы,balanced_future_reference,2081
Маркетплейсы,balanced_future_reference,2082
Маркетплейсы,balanced_future_reference,2085
Маркетплейсы,balanced_future_reference,2087
Маркетплейсы,balanced_future_reference,2088
Маркетплейсы,balanced_future_reference,2089
Маркетплейсы,balanced_future_reference,2090
Маркетплейсы,balanced_future_reference,2091
Маркетплейсы,balanced_future_reference,2093
Маркетплейсы,balanced_future_reference,2094
Маркетплейсы,balanced_future_reference,2095
Маркетплейсы,balanced_future_reference,2096
Маркетплейсы,balanced_future_reference,2098
Маркетплейсы,balanced_future_reference,2100
Маркетплейсы,balanced_future_reference,2101
Маркетплейсы,balanced_future_reference,2105
Маркетплейсы,balanced_future_reference,2108
Маркетплейсы,balanced_future_reference,2109
Маркетплейсы,balanced_future_reference,2110
Маркетплейсы,balanced_future_reference,2111
Маркетплейсы,balanced_future_reference,2112
Маркетплейсы,balanced_future_reference,2113
Маркетплейсы,balanced_future_reference,2114
Маркетплейсы,balanced_future_reference,2116
Маркетплейсы,balanced_future_reference,2117
Маркетплейсы,balanced_future_reference,2118
Маркетплейсы,balanced_future_reference,2119
Маркетплейсы,balanced_future_reference,2120
Маркетплейсы,balanced_future_reference,2121
Маркетплейсы,balanced_future_reference,2122
Маркетплейсы,balanced_future_reference,2124
Маркетплейсы,balanced_future_reference,2125
Маркетплейсы,balanced_future_reference,2126
Маркетплейсы,balanced_future_reference,2127
Маркетплейсы,balanced_future_reference,2128
Маркетплейсы,balanced_future_reference,2129
Маркетплейсы,balanced_future_reference,2130
Маркетплейсы,balanced_future_reference,2131
Маркетплейсы,balanced_future_reference,2132
Маркетплейсы,balanced_future_reference,2133
Маркетплейсы,balanced_future_reference,2134
Маркетплейсы,balanced_future_reference,2136
Маркетплейсы,balanced_future_reference,2137
Маркетплейсы,balanced_future_reference,2138
Маркетплейсы,balanced_future_reference,2139
Маркетплейсы,balanced_future_reference,2140
Маркетплейсы,balanced_future_reference,2142
Маркетплейсы,balanced_future_reference,2143
Маркетплейсы,balanced_future_reference,2144
Маркетплейсы,balanced_future_reference,2145
Маркетплейсы,balanced_future_reference,2146
Маркетплейсы,balanced_future_reference,2148
Маркетплейсы,balanced_future_reference,2149
Маркетплейсы,balanced_future_reference,2150
Маркетплейсы,balanced_future_reference,2151
Маркетплейсы,balanced_future_reference,2152
Маркетплейсы,balanced_future_reference,2153
Маркетплейсы,balanced_future_reference,2154
Маркетплейсы,balanced_future_reference,2155
Маркетплейсы,balanced_future_reference,2156
Маркетплейсы,balanced_future_reference,2157
Маркетплейсы,balanced_future_reference,2158
Маркетплейсы,balanced_future_reference,2159
Маркетплейсы,balanced_future_reference,2160
Маркетплейсы,balanced_future_reference,2161
Маркетплейсы,balanced_future_reference,2162
Маркетплейсы,balanced_future_reference,2163
Маркетплейсы,balanced_future_reference,2164
Маркетплейсы,balanced_future_reference,2165
Маркетплейсы,balanced_future_reference,2167
Маркетплейсы,balanced_future_reference,2168
Маркетплейсы,balanced_future_reference,2169
Маркетплейсы,balanced_future_reference,2171
Маркетплейсы,balanced_future_reference,2172
Маркетплейсы,balanced_future_reference,2173
Маркетплейсы,balanced_future_reference,2174
Маркетплейсы,balanced_future_reference,2175
Маркетплейсы,balanced_future_reference,2176
Маркетплейсы,balanced_future_reference,2177
Маркетплейсы,balanced_future_reference,2178
Маркетплейсы,balanced_future_reference,2179
Маркетплейсы,balanced_future_reference,2180
Маркетплейсы,balanced_future_reference,2181
Маркетплейсы,balanced_future_reference,2182
Маркетплейсы,balanced_future_reference,2183
Маркетплейсы,balanced_future_reference,2184
Маркетплейсы,balanced_future_reference,2185
Маркетплейсы,balanced_future_reference,2186
Маркетплейсы,balanced_future_reference,2187
Маркетплейсы,balanced_future_reference,2188
Маркетплейсы,balanced_future_reference,2189
Маркетплейсы,balanced_future_reference,2190
Маркетплейсы,balanced_future_reference,2191
Маркетплейсы,balanced_future_reference,2192
Маркетплейсы,balanced_future_reference,2193
Маркетплейсы,balanced_future_reference,2194
Маркетплейсы,balanced_future_reference,2195
Маркетплейсы,balanced_future_reference,2196
Маркетплейсы,balanced_future_reference,2197
Маркетплейсы,balanced_future_reference,2198
Маркетплейсы,balanced_future_reference,2199
Маркетплейсы,balanced_future_reference,2200
Маркетплейсы,balanced_future_reference,2201
Маркетплейсы,balanced_future_reference,2202
Маркетплейсы,balanced_future_reference,2203
Маркетплейсы,balanced_future_reference,2204
Маркетплейсы,balanced_future_reference,2205
Маркетплейсы,balanced_future_reference,2206
Маркетплейсы,balanced_future_reference,2207
Маркетплейсы,balanced_future_reference,2208
Маркетплейсы,balanced_future_reference,2210
Маркетплейсы,balanced_future_reference,2211
Маркетплейсы,balanced_future_reference,2212
Маркетплейсы,balanced_future_reference,2213
Маркетплейсы,balanced_future_reference,2215
Маркетплейсы,balanced_future_reference,2216
Маркетплейсы,balanced_future_reference,2217
Маркетплейсы,balanced_future_reference,2218
Маркетплейсы,balanced_future_reference,2219
Маркетплейсы,balanced_future_reference,2220
Маркетплейсы,balanced_future_reference,2221
Маркетплейсы,balanced_future_reference,2222
Маркетплейсы,balanced_future_reference,2223
Маркетплейсы,balanced_future_reference,2224
Маркетплейсы,balanced_future_reference,2225
Маркетплейсы,balanced_future_reference,2226
Маркетплейсы,balanced_future_reference,2227
Маркетплейсы,balanced_future_reference,2228
Маркетплейсы,balanced_future_reference,2229
Маркетплейсы,balanced_future_reference,2230
Маркетплейсы,balanced_future_reference,2231
Маркетплейсы,balanced_future_reference,2232
Маркетплейсы,balanced_future_reference,2233
Маркетплейсы,balanced_future_reference,2234
Маркетплейсы,balanced_future_reference,2235
Маркетплейсы,balanced_future_reference,2236
Маркетплейсы,balanced_future_reference,2237
Маркетплейсы,balanced_future_reference,2238
Маркетплейсы,balanced_future_reference,2241
Маркетплейсы,balanced_future_reference,2242
Маркетплейсы,balanced_future_reference,2243
Маркетплейсы,balanced_future_reference,2244
Маркетплейсы,balanced_future_reference,2245
Маркетплейсы,balanced_future_reference,2248
Маркетплейсы,balanced_future_reference,2249
Маркетплейсы,balanced_future_reference,2250
Маркетплейсы,balanced_future_reference,2251
Маркетплейсы,balanced_future_reference,2252
Маркетплейсы,balanced_future_reference,2253
Маркетплейсы,balanced_future_reference,2254
Маркетплейсы,balanced_future_reference,2255
Маркетплейсы,balanced_future_reference,2256
Маркетплейсы,balanced_future_reference,2257
Маркетплейсы,balanced_future_reference,2258
Маркетплейсы,balanced_future_reference,2259
Маркетплейсы,balanced_future_reference,2260
Маркетплейсы,balanced_future_reference,2262
Маркетплейсы,balanced_future_reference,2264
Маркетплейсы,balanced_future_reference,2265
Маркетплейсы,balanced_future_reference,2266
Маркетплейсы,balanced_future_reference,2267
Маркетплейсы,balanced_future_reference,2268
Маркетплейсы,balanced_future_reference,2269
Маркетплейсы,balanced_future_reference,2270
Маркетплейсы,balanced_future_reference,2271
Маркетплейсы,balanced_future_reference,2272
Маркетплейсы,balanced_future_reference,2274
Маркетплейсы,balanced_future_reference,2275
Маркетплейсы,balanced_future_reference,2276
Маркетплейсы,balanced_future_reference,2278
Маркетплейсы,balanced_future_reference,2279
Маркетплейсы,balanced_future_reference,2280
Маркетплейсы,balanced_future_reference,2281
Маркетплейсы,balanced_future_reference,2282
Маркетплейсы,balanced_future_reference,2286
Маркетплейсы,balanced_future_reference,2287
Маркетплейсы,balanced_future_reference,2288
Маркетплейсы,balanced_future_reference,2289
Маркетплейсы,balanced_future_reference,2292
Маркетплейсы,balanced_future_reference,2293
Маркетплейсы,balanced_future_reference,2294
Маркетплейсы,balanced_future_reference,2295
Маркетплейсы,balanced_future_reference,2296
Маркетплейсы,balanced_future_reference,2297
Маркетплейсы,balanced_future_reference,2298
Маркетплейсы,balanced_future_reference,2299
Маркетплейсы,balanced_future_reference,2300
Маркетплейсы,balanced_future_reference,2301
Маркетплейсы,balanced_future_reference,2302
Маркетплейсы,balanced_future_reference,2303
Маркетплейсы,balanced_future_reference,2304
Маркетплейсы,balanced_future_reference,2305
Маркетплейсы,balanced_future_reference,2307
Маркетплейсы,balanced_future_reference,2308
Маркетплейсы,balanced_future_reference,2309
Маркетплейсы,balanced_future_reference,2310
Маркетплейсы,balanced_future_reference,2311
Маркетплейсы,balanced_future_reference,2312
Маркетплейсы,balanced_future_reference,2314
Маркетплейсы,balanced_future_reference,2315
Маркетплейсы,balanced_future_reference,2316
Маркетплейсы,balanced_future_reference,2317
Маркетплейсы,balanced_future_reference,2318
Маркетплейсы,balanced_future_reference,2320
Маркетплейсы,balanced_future_reference,2321
Маркетплейсы,balanced_future_reference,2322
Маркетплейсы,balanced_future_reference,2323
Маркетплейсы,balanced_future_reference,2324
Маркетплейсы,balanced_future_reference,2325
Маркетплейсы,balanced_future_reference,2326
Маркетплейсы,balanced_future_reference,2327
Маркетплейсы,balanced_future_reference,2328
Маркетплейсы,balanced_future_reference,2329
Маркетплейсы,balanced_future_reference,2330
Маркетплейсы,balanced_future_reference,2332
Маркетплейсы,balanced_future_reference,2333
Маркетплейсы,balanced_future_reference,2334
Маркетплейсы,balanced_future_reference,2335
Маркетплейсы,balanced_future_reference,2336
Маркетплейсы,balanced_future_reference,2337
Маркетплейсы,balanced_future_reference,2338
Маркетплейсы,balanced_future_reference,2339
Маркетплейсы,balanced_future_reference,2340
Маркетплейсы,balanced_future_reference,2341
Маркетплейсы,balanced_future_reference,2342
Маркетплейсы,balanced_future_reference,2343
Маркетплейсы,balanced_future_reference,2344
Маркетплейсы,balanced_future_reference,2345
Маркетплейсы,balanced_future_reference,2348
Маркетплейсы,balanced_future_reference,2349
Маркетплейсы,balanced_future_reference,2351
Маркетплейсы,balanced_future_reference,2352
Маркетплейсы,balanced_future_reference,2353
Маркетплейсы,balanced_future_reference,2354
Маркетплейсы,balanced_future_reference,2355
Маркетплейсы,balanced_future_reference,2356
Маркетплейсы,balanced_future_reference,2357
Маркетплейсы,balanced_future_reference,2358
Маркетплейсы,balanced_future_reference,2359
Маркетплейсы,balanced_future_reference,2360
Маркетплейсы,balanced_future_reference,2361
Маркетплейсы,balanced_future_reference,2362
Маркетплейсы,balanced_future_reference,2363
Маркетплейсы,balanced_future_reference,2364
Маркетплейсы,balanced_future_reference,2365
Маркетплейсы,balanced_future_reference,2366
Маркетплейсы,balanced_future_reference,2367
Маркетплейсы,balanced_future_reference,2368
Маркетплейсы,balanced_future_reference,2369
Маркетплейсы,balanced_future_reference,2370
Маркетплейсы,balanced_future_reference,2371
Маркетплейсы,balanced_future_reference,2372
Маркетплейсы,balanced_future_reference,2373
Маркетплейсы,balanced_future_reference,2374
Маркетплейсы,balanced_future_reference,2375
Маркетплейсы,balanced_future_reference,2376
Маркетплейсы,balanced_future_reference,2377
Маркетплейсы,balanced_future_reference,2378
Маркетплейсы,balanced_future_reference,2379
Маркетплейсы,balanced_future_reference,2380
Маркетплейсы,balanced_future_reference,2381
Маркетплейсы,balanced_future_reference,2382
Маркетплейсы,balanced_future_reference,2383
Маркетплейсы,balanced_future_reference,2384
Маркетплейсы,balanced_future_reference,2385
Маркетплейсы,balanced_future_reference,2386
Маркетплейсы,balanced_future_reference,2387
Маркетплейсы,balanced_future_reference,2388
Маркетплейсы,balanced_future_reference,2389
Маркетплейсы,balanced_future_reference,2390
Маркетплейсы,balanced_future_reference,2391
Маркетплейсы,balanced_future_reference,2392
Маркетплейсы,balanced_future_reference,2393
Маркетплейсы,balanced_future_reference,2395
Маркетплейсы,balanced_future_reference,2398
Маркетплейсы,balanced_future_reference,2399
Маркетплейсы,balanced_future_reference,2400
Маркетплейсы,balanced_future_reference,2401
Маркетплейсы,balanced_future_reference,2402
Маркетплейсы,balanced_future_reference,2403
Маркетплейсы,balanced_future_reference,2404
Маркетплейсы,balanced_future_reference,2405
Маркетплейсы,balanced_future_reference,2406
Маркетплейсы,balanced_future_reference,2407
Маркетплейсы,balanced_future_reference,2408
Маркетплейсы,balanced_future_reference,2409
Маркетплейсы,balanced_future_reference,2410
Маркетплейсы,balanced_future_reference,2411
Маркетплейсы,balanced_future_reference,2412
Маркетплейсы,balanced_future_reference,2416
Маркетплейсы,balanced_future_reference,2422
Маркетплейсы,balanced_future_reference,2423
Маркетплейсы,balanced_future_reference,2424
Маркетплейсы,balanced_future_reference,2425
Маркетплейсы,balanced_future_reference,2426
Маркетплейсы,balanced_future_reference,2427
Маркетплейсы,balanced_future_reference,2428
Маркетплейсы,balanced_future_reference,2429
Маркетплейсы,balanced_future_reference,2430
Маркетплейсы,balanced_future_reference,2431
Маркетплейсы,balanced_future_reference,2432
Маркетплейсы,balanced_future_reference,2433
Маркетплейсы,balanced_future_reference,2434
Маркетплейсы,balanced_future_reference,2435
Маркетплейсы,balanced_future_reference,2436
Маркетплейсы,balanced_future_reference,2437
Маркетплейсы,balanced_future_reference,2439
Маркетплейсы,balanced_future_reference,2440
Маркетплейсы,balanced_future_reference,2441
Маркетплейсы,balanced_future_reference,2442
Маркетплейсы,balanced_future_reference,2443
Маркетплейсы,balanced_future_reference,2444
Маркетплейсы,balanced_future_reference,2445
Маркетплейсы,balanced_future_reference,2446
Маркетплейсы,balanced_future_reference,2447
Маркетплейсы,balanced_future_reference,2449
Маркетплейсы,balanced_future_reference,2450
Маркетплейсы,balanced_future_reference,2451
Маркетплейсы,balanced_future_reference,2452
Маркетплейсы,balanced_future_reference,2453
Маркетплейсы,balanced_future_reference,2454
Маркетплейсы,balanced_future_reference,2455
Маркетплейсы,balanced_future_reference,2456
Маркетплейсы,balanced_future_reference,2457
Маркетплейсы,balanced_future_reference,2458
Маркетплейсы,balanced_future_reference,2459
Маркетплейсы,balanced_future_reference,2460
Маркетплейсы,balanced_future_reference,2461
Маркетплейсы,balanced_future_reference,2462
Маркетплейсы,balanced_future_reference,2463
Маркетплейсы,balanced_future_reference,2464
Маркетплейсы,balanced_future_reference,2465
Маркетплейсы,balanced_future_reference,2466
Маркетплейсы,balanced_future_reference,2467
Маркетплейсы,balanced_future_reference,2468
Маркетплейсы,balanced_future_reference,2469
Маркетплейсы,balanced_future_reference,2470
Маркетплейсы,balanced_future_reference,2471
Маркетплейсы,balanced_future_reference,2472
Маркетплейсы,balanced_future_reference,2473
Маркетплейсы,balanced_future_reference,2474
Маркетплейсы,balanced_future_reference,2475
Маркетплейсы,balanced_future_reference,2476
Маркетплейсы,balanced_future_reference,2477
Маркетплейсы,balanced_future_reference,2478
Маркетплейсы,balanced_future_reference,2479
Маркетплейсы,balanced_future_reference,2480
Маркетплейсы,balanced_future_reference,2481
Маркетплейсы,balanced_future_reference,2482
Маркетплейсы,balanced_future_reference,2483
Маркетплейсы,balanced_future_reference,2484
Маркетплейсы,balanced_future_reference,2485
Маркетплейсы,balanced_future_reference,2486
Маркетплейсы,balanced_future_reference,2487
Маркетплейсы,balanced_future_reference,2488
Маркетплейсы,balanced_future_reference,2489
Маркетплейсы,balanced_future_reference,2490
Маркетплейсы,balanced_future_reference,2491
Маркетплейсы,balanced_future_reference,2492
Маркетплейсы,balanced_future_reference,2493
Маркетплейсы,balanced_future_reference,2494
Маркетплейсы,balanced_future_reference,2495
Маркетплейсы,balanced_future_reference,2496
Маркетплейсы,balanced_future_reference,2497
Маркетплейсы,balanced_future_reference,2498
Маркетплейсы,balanced_future_reference,2499
Маркетплейсы,balanced_future_reference,2500
Маркетплейсы,balanced_future_reference,2501
Маркетплейсы,balanced_future_reference,2502
Маркетплейсы,balanced_future_reference,2503
Маркетплейсы,balanced_future_reference,2504
Маркетплейсы,balanced_future_reference,2505
Маркетплейсы,balanced_future_reference,2506
Маркетплейсы,balanced_future_reference,2507
Маркетплейсы,balanced_future_reference,2508
Маркетплейсы,balanced_future_reference,2509
Маркетплейсы,balanced_future_reference,2510
Маркетплейсы,balanced_future_reference,2511
Маркетплейсы,balanced_future_reference,2512
Маркетплейсы,balanced_future_reference,2513
Маркетплейсы,balanced_future_reference,2514
Маркетплейсы,balanced_future_reference,2515
Маркетплейсы,balanced_future_reference,2516
Маркетплейсы,balanced_future_reference,2517
Маркетплейсы,balanced_future_reference,2518
Маркетплейсы,balanced_future_reference,2519
Маркетплейсы,balanced_future_reference,2520
Маркетплейсы,balanced_future_reference,2521
Маркетплейсы,balanced_future_reference,2522
Маркетплейсы,balanced_future_reference,2523
Маркетплейсы,balanced_future_reference,2524
Маркетплейсы,balanced_future_reference,2525
Маркетплейсы,balanced_future_reference,2526
Маркетплейсы,balanced_future_reference,2527
Маркетплейсы,balanced_future_reference,2528
Маркетплейсы,balanced_future_reference,2529
Маркетплейсы,balanced_future_reference,2530
Маркетплейсы,balanced_future_reference,2531
Маркетплейсы,balanced_future_reference,2532
Маркетплейсы,balanced_future_reference,2533
Маркетплейсы,balanced_future_reference,2534
Маркетплейсы,balanced_future_reference,2535
Маркетплейсы,balanced_future_reference,2536
Маркетплейсы,balanced_future_reference,2537
Маркетплейсы,balanced_future_reference,2538
Маркетплейсы,balanced_future_reference,2539
Маркетплейсы,balanced_future_reference,2540
Маркетплейсы,balanced_future_reference,2541
Маркетплейсы,balanced_future_reference,2542
Маркетплейсы,balanced_future_reference,2543
Маркетплейсы,balanced_future_reference,2544
Маркетплейсы,balanced_future_reference,2545
Маркетплейсы,balanced_future_reference,2546
Маркетплейсы,balanced_future_reference,2547
Маркетплейсы,balanced_future_reference,2548
Маркетплейсы,balanced_future_reference,2549
Маркетплейсы,balanced_future_reference,2550
Маркетплейсы,balanced_future_reference,2551
Маркетплейсы,balanced_future_reference,2552
Маркетплейсы,balanced_future_reference,2553
Маркетплейсы,balanced_future_reference,2554
Маркетплейсы,balanced_future_reference,2555
Маркетплейсы,balanced_future_reference,2556
Маркетплейсы,balanced_future_reference,2557
Маркетплейсы,balanced_future_reference,2558
Маркетплейсы,balanced_future_reference,2559
Маркетплейсы,balanced_future_reference,2560
Маркетплейсы,balanced_future_reference,2561
Маркетплейсы,balanced_future_reference,2562
Маркетплейсы,balanced_future_reference,2563
Маркетплейсы,balanced_future_reference,2564
Маркетплейсы,balanced_future_reference,2565
Маркетплейсы,balanced_future_reference,2566
Маркетплейсы,balanced_future_reference,2567
Маркетплейсы,balanced_future_reference,2568
Маркетплейсы,balanced_future_reference,2569
Маркетплейсы,balanced_future_reference,2570
Маркетплейсы,balanced_future_reference,2571
Маркетплейсы,balanced_future_reference,2572
Маркетплейсы,balanced_future_reference,2573
Маркетплейсы,balanced_future_reference,2574
Маркетплейсы,balanced_future_reference,2575
Маркетплейсы,balanced_future_reference,2576
Маркетплейсы,balanced_future_reference,2577
Маркетплейсы,balanced_future_reference,2578
Маркетплейсы,balanced_future_reference,2579
Маркетплейсы,balanced_future_reference,2580
Маркетплейсы,balanced_future_reference,2581
Маркетплейсы,balanced_future_reference,2582
Маркетплейсы,balanced_future_reference,2583
Маркетплейсы,balanced_future_reference,2584
Маркетплейсы,balanced_future_reference,2585
Маркетплейсы,balanced_future_reference,2586
Маркетплейсы,balanced_future_reference,2587
Маркетплейсы,balanced_future_reference,2588
Маркетплейсы,balanced_future_reference,2589
Маркетплейсы,balanced_future_reference,2590
Маркетплейсы,balanced_future_reference,2591
Маркетплейсы,balanced_future_reference,2592
Маркетплейсы,balanced_future_reference,2593
Маркетплейсы,balanced_future_reference,2595
Маркетплейсы,balanced_future_reference,2596
Маркетплейсы,balanced_future_reference,2597
Маркетплейсы,balanced_future_reference,2598
Маркетплейсы,balanced_future_reference,2599
Маркетплейсы,balanced_future_reference,2600
Маркетплейсы,balanced_future_reference,2601
Маркетплейсы,balanced_future_reference,2602
Маркетплейсы,balanced_future_reference,2604
Маркетплейсы,balanced_future_reference,2605
Маркетплейсы,balanced_future_reference,2606
Маркетплейсы,balanced_future_reference,2607
Маркетплейсы,balanced_future_reference,2618
Маркетплейсы,balanced_future_reference,2619
Маркетплейсы,balanced_future_reference,2620
Маркетплейсы,balanced_future_reference,2621
Маркетплейсы,balanced_future_reference,2644
Маркетплейсы,balanced_future_reference,2646
Маркетплейсы,balanced_future_reference,2647
Маркетплейсы,balanced_future_reference,2648
Маркетплейсы,balanced_future_reference,2649
Маркетплейсы,balanced_future_reference,2651
Маркетплейсы,balanced_future_reference,2652
Маркетплейсы,balanced_future_reference,2710
Маркетплейсы,balanced_future_reference,2808
Маркетплейсы,balanced_future_reference,2809
Маркетплейсы,balanced_future_reference,2813
Маркетплейсы,balanced_future_reference,2814
Маркетплейсы,balanced_future_reference,2872
Маркетплейсы,balanced_future_reference,2876
Маркетплейсы,balanced_future_reference,2879
Маркетплейсы,balanced_future_reference,2880
Маркетплейсы,balanced_future_reference,2881
Маркетплейсы,balanced_future_reference,2882
Маркетплейсы,balanced_future_reference,2883
Маркетплейсы,balanced_future_reference,2884
Маркетплейсы,balanced_future_reference,2885
Маркетплейсы,balanced_future_reference,2886
Маркетплейсы,balanced_future_reference,2887
Маркетплейсы,balanced_future_reference,3005
Маркетплейсы,balanced_future_reference,3007
Маркетплейсы,balanced_future_reference,3009
Маркетплейсы,balanced_future_reference,3011
Маркетплейсы,balanced_future_reference,3012
Маркетплейсы,balanced_future_reference,3013
Общественное питание,asof_june,1
Общественное питание,asof_june,2
Общественное питание,asof_june,3
Общественное питание,asof_june,4
Общественное питание,asof_june,5
Общественное питание,asof_june,6
Общественное питание,asof_june,7
Общественное питание,asof_june,8
Общественное питание,asof_june,9
Общественное питание,asof_june,10
Общественное питание,asof_june,11
Общественное питание,asof_june,12
Общественное питание,asof_june,13
Общественное питание,asof_june,14
Общественное питание,asof_june,15
Общественное питание,asof_june,16
Общественное питание,asof_june,17
Общественное питание,asof_june,18
Общественное питание,asof_june,19
Общественное питание,asof_june,20
Общественное питание,asof_june,21
Общественное питание,asof_june,22
Общественное питание,asof_june,23
Общественное питание,asof_june,25
Общественное питание,asof_june,26
Общественное питание,asof_june,27
Общественное питание,asof_june,28
Общественное питание,asof_june,29
Общественное питание,asof_june,30
Общественное питание,asof_june,31
Общественное питание,asof_june,32
Общественное питание,asof_june,33
Общественное питание,asof_june,34
Общественное питание,asof_june,35
Общественное питание,asof_june,36
Общественное питание,asof_june,37
Общественное питание,asof_june,38
Общественное питание,asof_june,39
Общественное питание,asof_june,40
Общественное питание,asof_june,41
Общественное питание,asof_june,42
Общественное питание,asof_june,43
Общественное питание,asof_june,44
Общественное питание,asof_june,45
Общественное питание,asof_june,46
Общественное питание,asof_june,47
Общественное питание,asof_june,48
Общественное питание,asof_june,49
Общественное питание,asof_june,50
Общественное питание,asof_june,51
Общественное питание,asof_june,52
Общественное питание,asof_june,53
Общественное питание,asof_june,54
Общественное питание,asof_june,55
Общественное питание,asof_june,56
Общественное питание,asof_june,57
Общественное питание,asof_june,58
Общественное питание,asof_june,59
Общественное питание,asof_june,60
Общественное питание,asof_june,61
Общественное питание,asof_june,62
Общественное питание,asof_june,63
Общественное питание,asof_june,65
Общественное питание,asof_june,66
Общественное питание,asof_june,67
Общественное питание,asof_june,68
Общественное питание,asof_june,69
Общественное питание,asof_june,70
Общественное питание,asof_june,71
Общественное питание,asof_june,72
Общественное питание,asof_june,73
Общественное питание,asof_june,74
Общественное питание,asof_june,75
Общественное питание,asof_june,76
Общественное питание,asof_june,77
Общественное питание,asof_june,78
Общественное питание,asof_june,79
Общественное питание,asof_june,80
Общественное питание,asof_june,81
Общественное питание,asof_june,82
Общественное питание,asof_june,83
Общественное питание,asof_june,167
Общественное питание,asof_june,168
Общественное питание,asof_june,169
Общественное питание,asof_june,173
Общественное питание,asof_june,181
Общественное питание,asof_june,184
Общественное питание,asof_june,185
Общественное питание,asof_june,188
Общественное питание,asof_june,191
Общественное питание,asof_june,194
Общественное питание,asof_june,195
Общественное питание,asof_june,196
Общественное питание,asof_june,198
Общественное питание,asof_june,201
Общественное питание,asof_june,203
Общественное питание,asof_june,204
Общественное питание,asof_june,205
Общественное питание,asof_june,206
Общественное питание,asof_june,207
Общественное питание,asof_june,208
Общественное питание,asof_june,209
Общественное питание,asof_june,210
Общественное питание,asof_june,211
Общественное питание,asof_june,212
Общественное питание,asof_june,213
Общественное питание,asof_june,214
Общественное питание,asof_june,215
Общественное питание,asof_june,216
Общественное питание,asof_june,217
Общественное питание,asof_june,218
Общественное питание,asof_june,219
Общественное питание,asof_june,220
Общественное питание,asof_june,221
Общественное питание,asof_june,222
Общественное питание,asof_june,223
Общественное питание,asof_june,224
Общественное питание,asof_june,225
Общественное питание,asof_june,226
Общественное питание,asof_june,227
Общественное питание,asof_june,228
Общественное питание,asof_june,229
Общественное питание,asof_june,230
Общественное питание,asof_june,231
Общественное питание,asof_june,232
Общественное питание,asof_june,233
Общественное питание,asof_june,234
Общественное питание,asof_june,235
Общественное питание,asof_june,236
Общественное питание,asof_june,237
Общественное питание,asof_june,238
Общественное питание,asof_june,239
Общественное питание,asof_june,240
Общественное питание,asof_june,241
Общественное питание,asof_june,242
Общественное питание,asof_june,243
Общественное питание,asof_june,269
Общественное питание,asof_june,270
Общественное питание,asof_june,271
Общественное питание,asof_june,272
Общественное питание,asof_june,273
Общественное питание,asof_june,274
Общественное питание,asof_june,275
Общественное питание,asof_june,276
Общественное питание,asof_june,277
Общественное питание,asof_june,278
Общественное питание,asof_june,279
Общественное питание,asof_june,280
Общественное питание,asof_june,281
Общественное питание,asof_june,282
Общественное питание,asof_june,283
Общественное питание,asof_june,284
Общественное питание,asof_june,285
Общественное питание,asof_june,287
Общественное питание,asof_june,288
Общественное питание,asof_june,289
Общественное питание,asof_june,290
Общественное питание,asof_june,292
Общественное питание,asof_june,293
Общественное питание,asof_june,294
Общественное питание,asof_june,295
Общественное питание,asof_june,296
Общественное питание,asof_june,297
Общественное питание,asof_june,298
Общественное питание,asof_june,300
Общественное питание,asof_june,301
Общественное питание,asof_june,302
Общественное питание,asof_june,303
Общественное питание,asof_june,304
Общественное питание,asof_june,305
Общественное питание,asof_june,306
Общественное питание,asof_june,307
Общественное питание,asof_june,308
Общественное питание,asof_june,309
Общественное питание,asof_june,311
Общественное питание,asof_june,312
Общественное питание,asof_june,314
Общественное питание,asof_june,315
Общественное питание,asof_june,316
Общественное питание,asof_june,317
Общественное питание,asof_june,318
Общественное питание,asof_june,319
Общественное питание,asof_june,320
Общественное питание,asof_june,321
Общественное питание,asof_june,322
Общественное питание,asof_june,323
Общественное питание,asof_june,324
Общественное питание,asof_june,325
Общественное питание,asof_june,326
Общественное питание,asof_june,327
Общественное питание,asof_june,328
Общественное питание,asof_june,329
Общественное питание,asof_june,330
Общественное питание,asof_june,331
Общественное питание,asof_june,332
Общественное питание,asof_june,333
Общественное питание,asof_june,334
Общественное питание,asof_june,335
Общественное питание,asof_june,336
Общественное питание,asof_june,337
Общественное питание,asof_june,338
Общественное питание,asof_june,339
Общественное питание,asof_june,340
Общественное питание,asof_june,341
Общественное питание,asof_june,342
Общественное питание,asof_june,343
Общественное питание,asof_june,345
Общественное питание,asof_june,346
Общественное питание,asof_june,347
Общественное питание,asof_june,348
Общественное питание,asof_june,349
Общественное питание,asof_june,351
Общественное питание,asof_june,352
Общественное питание,asof_june,354
Общественное питание,asof_june,355
Общественное питание,asof_june,356
Общественное питание,asof_june,357
Общественное питание,asof_june,358
Общественное питание,asof_june,359
Общественное питание,asof_june,360
Общественное питание,asof_june,361
Общественное питание,asof_june,362
Общественное питание,asof_june,363
Общественное питание,asof_june,364
Общественное питание,asof_june,365
Общественное питание,asof_june,366
Общественное питание,asof_june,367
Общественное питание,asof_june,368
Общественное питание,asof_june,369
Общественное питание,asof_june,370
Общественное питание,asof_june,371
Общественное питание,asof_june,372
Общественное питание,asof_june,373
Общественное питание,asof_june,374
Общественное питание,asof_june,375
Общественное питание,asof_june,376
Общественное питание,asof_june,377
Общественное питание,asof_june,378
Общественное питание,asof_june,379
Общественное питание,asof_june,380
Общественное питание,asof_june,381
Общественное питание,asof_june,382
Общественное питание,asof_june,383
Общественное питание,asof_june,384
Общественное питание,asof_june,385
Общественное питание,asof_june,386
Общественное питание,asof_june,387
Общественное питание,asof_june,388
Общественное питание,asof_june,390
Общественное питание,asof_june,391
Общественное питание,asof_june,392
Общественное питание,asof_june,393
Общественное питание,asof_june,395
Общественное питание,asof_june,396
Общественное питание,asof_june,397
Общественное питание,asof_june,398
Общественное питание,asof_june,401
Общественное питание,asof_june,402
Общественное питание,asof_june,403
Общественное питание,asof_june,404
Общественное питание,asof_june,405
Общественное питание,asof_june,408
Общественное питание,asof_june,410
Общественное питание,asof_june,413
Общественное питание,asof_june,414
Общественное питание,asof_june,416
Общественное питание,asof_june,418
Общественное питание,asof_june,419
Общественное питание,asof_june,420
Общественное питание,asof_june,421
Общественное питание,asof_june,422
Общественное питание,asof_june,423
Общественное питание,asof_june,424
Общественное питание,asof_june,425
Общественное питание,asof_june,428
Общественное питание,asof_june,429
Общественное питание,asof_june,430
Общественное питание,asof_june,431
Общественное питание,asof_june,432
Общественное питание,asof_june,433
Общественное питание,asof_june,434
Общественное питание,asof_june,435
Общественное питание,asof_june,436
Общественное питание,asof_june,437
Общественное питание,asof_june,438
Общественное питание,asof_june,440
Общественное питание,asof_june,441
Общественное питание,asof_june,442
Общественное питание,asof_june,443
Общественное питание,asof_june,444
Общественное питание,asof_june,445
Общественное питание,asof_june,446
Общественное питание,asof_june,447
Общественное питание,asof_june,448
Общественное питание,asof_june,449
Общественное питание,asof_june,450
Общественное питание,asof_june,451
Общественное питание,asof_june,452
Общественное питание,asof_june,453
Общественное питание,asof_june,455
Общественное питание,asof_june,456
Общественное питание,asof_june,457
Общественное питание,asof_june,458
Общественное питание,asof_june,459
Общественное питание,asof_june,460
Общественное питание,asof_june,478
Общественное питание,asof_june,479
Общественное питание,asof_june,480
Общественное питание,asof_june,481
Общественное питание,asof_june,482
Общественное питание,asof_june,484
Общественное питание,asof_june,485
Общественное питание,asof_june,486
Общественное питание,asof_june,487
Общественное питание,asof_june,489
Общественное питание,asof_june,490
Общественное питание,asof_june,491
Общественное питание,asof_june,492
Общественное питание,asof_june,493
Общественное питание,asof_june,494
Общественное питание,asof_june,495
Общественное питание,asof_june,496
Общественное питание,asof_june,497
Общественное питание,asof_june,498
Общественное питание,asof_june,499
Общественное питание,asof_june,501
Общественное питание,asof_june,502
Общественное питание,asof_june,503
Общественное питание,asof_june,504
Общественное питание,asof_june,505
Общественное питание,asof_june,506
Общественное питание,asof_june,507
Общественное питание,asof_june,508
Общественное питание,asof_june,509
Общественное питание,asof_june,510
Общественное питание,asof_june,511
Общественное питание,asof_june,512
Общественное питание,asof_june,515
Общественное питание,asof_june,516
Общественное питание,asof_june,517
Общественное питание,asof_june,518
Общественное питание,asof_june,519
Общественное питание,asof_june,520
Общественное питание,asof_june,521
Общественное питание,asof_june,522
Общественное питание,asof_june,523
Общественное питание,asof_june,524
Общественное питание,asof_june,525
Общественное питание,asof_june,527
Общественное питание,asof_june,528
Общественное питание,asof_june,529
Общественное питание,asof_june,530
Общественное питание,asof_june,531
Общественное питание,asof_june,532
Общественное питание,asof_june,533
Общественное питание,asof_june,534
Общественное питание,asof_june,535
Общественное питание,asof_june,536
Общественное питание,asof_june,537
Общественное питание,asof_june,538
Общественное питание,asof_june,539
Общественное питание,asof_june,540
Общественное питание,asof_june,541
Общественное питание,asof_june,542
Общественное питание,asof_june,543
Общественное питание,asof_june,544
Общественное питание,asof_june,545
Общественное питание,asof_june,546
Общественное питание,asof_june,547
Общественное питание,asof_june,548
Общественное питание,asof_june,549
Общественное питание,asof_june,550
Общественное питание,asof_june,552
Общественное питание,asof_june,553
Общественное питание,asof_june,554
Общественное питание,asof_june,555
Общественное питание,asof_june,556
Общественное питание,asof_june,557
Общественное питание,asof_june,558
Общественное питание,asof_june,559
Общественное питание,asof_june,560
Общественное питание,asof_june,561
Общественное питание,asof_june,562
Общественное питание,asof_june,563
Общественное питание,asof_june,564
Общественное питание,asof_june,565
Общественное питание,asof_june,566
Общественное питание,asof_june,567
Общественное питание,asof_june,568
Общественное питание,asof_june,569
Общественное питание,asof_june,570
Общественное питание,asof_june,571
Общественное питание,asof_june,572
Общественное питание,asof_june,574
Общественное питание,asof_june,578
Общественное питание,asof_june,579
Общественное питание,asof_june,580
Общественное питание,asof_june,581
Общественное питание,asof_june,582
Общественное питание,asof_june,583
Общественное питание,asof_june,584
Общественное питание,asof_june,585
Общественное питание,asof_june,586
Общественное питание,asof_june,587
Общественное питание,asof_june,588
Общественное питание,asof_june,589
Общественное питание,asof_june,591
Общественное питание,asof_june,592
Общественное питание,asof_june,593
Общественное питание,asof_june,594
Общественное питание,asof_june,595
Общественное питание,asof_june,598
Общественное питание,asof_june,599
Общественное питание,asof_june,600
Общественное питание,asof_june,601
Общественное питание,asof_june,602
Общественное питание,asof_june,603
Общественное питание,asof_june,604
Общественное питание,asof_june,605
Общественное питание,asof_june,606
Общественное питание,asof_june,607
Общественное питание,asof_june,608
Общественное питание,asof_june,611
Общественное питание,asof_june,612
Общественное питание,asof_june,613
Общественное питание,asof_june,614
Общественное питание,asof_june,615
Общественное питание,asof_june,616
Общественное питание,asof_june,618
Общественное питание,asof_june,619
Общественное питание,asof_june,621
Общественное питание,asof_june,666
Общественное питание,asof_june,667
Общественное питание,asof_june,668
Общественное питание,asof_june,669
Общественное питание,asof_june,670
Общественное питание,asof_june,671
Общественное питание,asof_june,674
Общественное питание,asof_june,675
Общественное питание,asof_june,676
Общественное питание,asof_june,677
Общественное питание,asof_june,678
Общественное питание,asof_june,679
Общественное питание,asof_june,680
Общественное питание,asof_june,683
Общественное питание,asof_june,685
Общественное питание,asof_june,686
Общественное питание,asof_june,687
Общественное питание,asof_june,689
Общественное питание,asof_june,690
Общественное питание,asof_june,691
Общественное питание,asof_june,692
Общественное питание,asof_june,693
Общественное питание,asof_june,694
Общественное питание,asof_june,695
Общественное питание,asof_june,696
Общественное питание,asof_june,697
Общественное питание,asof_june,698
Общественное питание,asof_june,699
Общественное питание,asof_june,701
Общественное питание,asof_june,702
Общественное питание,asof_june,703
Общественное питание,asof_june,704
Общественное питание,asof_june,705
Общественное питание,asof_june,706
Общественное питание,asof_june,708
Общественное питание,asof_june,710
Общественное питание,asof_june,711
Общественное питание,asof_june,712
Общественное питание,asof_june,713
Общественное питание,asof_june,714
Общественное питание,asof_june,715
Общественное питание,asof_june,716
Общественное питание,asof_june,717
Общественное питание,asof_june,718
Общественное питание,asof_june,719
Общественное питание,asof_june,720
Общественное питание,asof_june,721
Общественное питание,asof_june,722
Общественное питание,asof_june,723
Общественное питание,asof_june,725
Общественное питание,asof_june,726
Общественное питание,asof_june,727
Общественное питание,asof_june,731
Общественное питание,asof_june,734
Общественное питание,asof_june,735
Общественное питание,asof_june,736
Общественное питание,asof_june,737
Общественное питание,asof_june,738
Общественное питание,asof_june,739
Общественное питание,asof_june,741
Общественное питание,asof_june,742
Общественное питание,asof_june,743
Общественное питание,asof_june,744
Общественное питание,asof_june,745
Общественное питание,asof_june,746
Общественное питание,asof_june,747
Общественное питание,asof_june,748
Общественное питание,asof_june,749
Общественное питание,asof_june,751
Общественное питание,asof_june,752
Общественное питание,asof_june,753
Общественное питание,asof_june,754
Общественное питание,asof_june,755
Общественное питание,asof_june,756
Общественное питание,asof_june,757
Общественное питание,asof_june,758
Общественное питание,asof_june,760
Общественное питание,asof_june,761
Общественное питание,asof_june,763
Общественное питание,asof_june,764
Общественное питание,asof_june,765
Общественное питание,asof_june,766
Общественное питание,asof_june,767
Общественное питание,asof_june,769
Общественное питание,asof_june,770
Общественное питание,asof_june,771
Общественное питание,asof_june,773
Общественное питание,asof_june,774
Общественное питание,asof_june,775
Общественное питание,asof_june,776
Общественное питание,asof_june,777
Общественное питание,asof_june,778
Общественное питание,asof_june,779
Общественное питание,asof_june,780
Общественное питание,asof_june,781
Общественное питание,asof_june,782
Общественное питание,asof_june,783
Общественное питание,asof_june,784
Общественное питание,asof_june,785
Общественное питание,asof_june,787
Общественное питание,asof_june,788
Общественное питание,asof_june,789
Общественное питание,asof_june,790
Общественное питание,asof_june,791
Общественное питание,asof_june,792
Общественное питание,asof_june,793
Общественное питание,asof_june,794
Общественное питание,asof_june,795
Общественное питание,asof_june,796
Общественное питание,asof_june,797
Общественное питание,asof_june,798
Общественное питание,asof_june,799
Общественное питание,asof_june,800
Общественное питание,asof_june,801
Общественное питание,asof_june,802
Общественное питание,asof_june,803
Общественное питание,asof_june,804
Общественное питание,asof_june,805
Общественное питание,asof_june,806
Общественное питание,asof_june,807
Общественное питание,asof_june,808
Общественное питание,asof_june,809
Общественное питание,asof_june,810
Общественное питание,asof_june,811
Общественное питание,asof_june,812
Общественное питание,asof_june,813
Общественное питание,asof_june,814
Общественное питание,asof_june,815
Общественное питание,asof_june,817
Общественное питание,asof_june,818
Общественное питание,asof_june,819
Общественное питание,asof_june,820
Общественное питание,asof_june,821
Общественное питание,asof_june,822
Общественное питание,asof_june,823
Общественное питание,asof_june,824
Общественное питание,asof_june,825
Общественное питание,asof_june,826
Общественное питание,asof_june,827
Общественное питание,asof_june,828
Общественное питание,asof_june,829
Общественное питание,asof_june,830
Общественное питание,asof_june,831
Общественное питание,asof_june,832
Общественное питание,asof_june,833
Общественное питание,asof_june,834
Общественное питание,asof_june,835
Общественное питание,asof_june,836
Общественное питание,asof_june,838
Общественное питание,asof_june,839
Общественное питание,asof_june,840
Общественное питание,asof_june,841
Общественное питание,asof_june,842
Общественное питание,asof_june,843
Общественное питание,asof_june,844
Общественное питание,asof_june,846
Общественное питание,asof_june,847
Общественное питание,asof_june,848
Общественное питание,asof_june,849
Общественное питание,asof_june,851
Общественное питание,asof_june,852
Общественное питание,asof_june,853
Общественное питание,asof_june,854
Общественное питание,asof_june,855
Общественное питание,asof_june,856
Общественное питание,asof_june,857
Общественное питание,asof_june,859
Общественное питание,asof_june,860
Общественное питание,asof_june,870
Общественное питание,asof_june,871
Общественное питание,asof_june,872
Общественное питание,asof_june,873
Общественное питание,asof_june,874
Общественное питание,asof_june,875
Общественное питание,asof_june,876
Общественное питание,asof_june,877
Общественное питание,asof_june,878
Общественное питание,asof_june,879
Общественное питание,asof_june,880
Общественное питание,asof_june,881
Общественное питание,asof_june,882
Общественное питание,asof_june,883
Общественное питание,asof_june,884
Общественное питание,asof_june,885
Общественное питание,asof_june,886
Общественное питание,asof_june,888
Общественное питание,asof_june,889
Общественное питание,asof_june,890
Общественное питание,asof_june,891
Общественное питание,asof_june,892
Общественное питание,asof_june,895
Общественное питание,asof_june,896
Общественное питание,asof_june,897
Общественное питание,asof_june,898
Общественное питание,asof_june,899
Общественное питание,asof_june,900
Общественное питание,asof_june,901
Общественное питание,asof_june,902
Общественное питание,asof_june,903
Общественное питание,asof_june,904
Общественное питание,asof_june,905
Общественное питание,asof_june,907
Общественное питание,asof_june,908
Общественное питание,asof_june,909
Общественное питание,asof_june,911
Общественное питание,asof_june,912
Общественное питание,asof_june,913
Общественное питание,asof_june,914
Общественное питание,asof_june,915
Общественное питание,asof_june,916
Общественное питание,asof_june,917
Общественное питание,asof_june,918
Общественное питание,asof_june,920
Общественное питание,asof_june,922
Общественное питание,asof_june,923
Общественное питание,asof_june,924
Общественное питание,asof_june,925
Общественное питание,asof_june,926
Общественное питание,asof_june,927
Общественное питание,asof_june,928
Общественное питание,asof_june,929
Общественное питание,asof_june,930
Общественное питание,asof_june,986
Общественное питание,asof_june,987
Общественное питание,asof_june,988
Общественное питание,asof_june,989
Общественное питание,asof_june,991
Общественное питание,asof_june,992
Общественное питание,asof_june,993
Общественное питание,asof_june,994
Общественное питание,asof_june,995
Общественное питание,asof_june,996
Общественное питание,asof_june,998
Общественное питание,asof_june,999
Общественное питание,asof_june,1001
Общественное питание,asof_june,1002
Общественное питание,asof_june,1003
Общественное питание,asof_june,1004
Общественное питание,asof_june,1005
Общественное питание,asof_june,1006
Общественное питание,asof_june,1007
Общественное питание,asof_june,1008
Общественное питание,asof_june,1009
Общественное питание,asof_june,1010
Общественное питание,asof_june,1011
Общественное питание,asof_june,1012
Общественное питание,asof_june,1013
Общественное питание,asof_june,1014
Общественное питание,asof_june,1015
Общественное питание,asof_june,1016
Общественное питание,asof_june,1017
Общественное питание,asof_june,1018
Общественное питание,asof_june,1019
Общественное питание,asof_june,1020
Общественное питание,asof_june,1021
Общественное питание,asof_june,1023
Общественное питание,asof_june,1024
Общественное питание,asof_june,1025
Общественное питание,asof_june,1026
Общественное питание,asof_june,1027
Общественное питание,asof_june,1028
Общественное питание,asof_june,1029
Общественное питание,asof_june,1030
Общественное питание,asof_june,1031
Общественное питание,asof_june,1032
Общественное питание,asof_june,1033
Общественное питание,asof_june,1034
Общественное питание,asof_june,1035
Общественное питание,asof_june,1036
Общественное питание,asof_june,1037
Общественное питание,asof_june,1038
Общественное питание,asof_june,1039
Общественное питание,asof_june,1040
Общественное питание,asof_june,1041
Общественное питание,asof_june,1044
Общественное питание,asof_june,1047
Общественное питание,asof_june,1048
Общественное питание,asof_june,1049
Общественное питание,asof_june,1051
Общественное питание,asof_june,1052
Общественное питание,asof_june,1053
Общественное питание,asof_june,1054
Общественное питание,asof_june,1055
Общественное питание,asof_june,1056
Общественное питание,asof_june,1057
Общественное питание,asof_june,1058
Общественное питание,asof_june,1059
Общественное питание,asof_june,1060
Общественное питание,asof_june,1061
Общественное питание,asof_june,1062
Общественное питание,asof_june,1063
Общественное питание,asof_june,1064
Общественное питание,asof_june,1065
Общественное питание,asof_june,1066
Общественное питание,asof_june,1067
Общественное питание,asof_june,1068
Общественное питание,asof_june,1069
Общественное питание,asof_june,1070
Общественное питание,asof_june,1071
Общественное питание,asof_june,1072
Общественное питание,asof_june,1107
Общественное питание,asof_june,1108
Общественное питание,asof_june,1109
Общественное питание,asof_june,1110
Общественное питание,asof_june,1111
Общественное питание,asof_june,1112
Общественное питание,asof_june,1113
Общественное питание,asof_june,1115
Общественное питание,asof_june,1116
Общественное питание,asof_june,1117
Общественное питание,asof_june,1118
Общественное питание,asof_june,1119
Общественное питание,asof_june,1120
Общественное питание,asof_june,1121
Общественное питание,asof_june,1122
Общественное питание,asof_june,1123
Общественное питание,asof_june,1124
Общественное питание,asof_june,1125
Общественное питание,asof_june,1126
Общественное питание,asof_june,1127
Общественное питание,asof_june,1128
Общественное питание,asof_june,1129
Общественное питание,asof_june,1130
Общественное питание,asof_june,1131
Общественное питание,asof_june,1132
Общественное питание,asof_june,1133
Общественное питание,asof_june,1134
Общественное питание,asof_june,1135
Общественное питание,asof_june,1136
Общественное питание,asof_june,1137
Общественное питание,asof_june,1138
Общественное питание,asof_june,1139
Общественное питание,asof_june,1140
Общественное питание,asof_june,1141
Общественное питание,asof_june,1142
Общественное питание,asof_june,1143
Общественное питание,asof_june,1144
Общественное питание,asof_june,1146
Общественное питание,asof_june,1147
Общественное питание,asof_june,1148
Общественное питание,asof_june,1149
Общественное питание,asof_june,1150
Общественное питание,asof_june,1151
Общественное питание,asof_june,1152
Общественное питание,asof_june,1153
Общественное питание,asof_june,1154
Общественное питание,asof_june,1155
Общественное питание,asof_june,1157
Общественное питание,asof_june,1158
Общественное питание,asof_june,1159
Общественное питание,asof_june,1160
Общественное питание,asof_june,1161
Общественное питание,asof_june,1163
Общественное питание,asof_june,1164
Общественное питание,asof_june,1165
Общественное питание,asof_june,1166
Общественное питание,asof_june,1167
Общественное питание,asof_june,1168
Общественное питание,asof_june,1169
Общественное питание,asof_june,1170
Общественное питание,asof_june,1171
Общественное питание,asof_june,1172
Общественное питание,asof_june,1173
Общественное питание,asof_june,1174
Общественное питание,asof_june,1175
Общественное питание,asof_june,1176
Общественное питание,asof_june,1178
Общественное питание,asof_june,1179
Общественное питание,asof_june,1180
Общественное питание,asof_june,1181
Общественное питание,asof_june,1184
Общественное питание,asof_june,1185
Общественное питание,asof_june,1186
Общественное питание,asof_june,1187
Общественное питание,asof_june,1188
Общественное питание,asof_june,1189
Общественное питание,asof_june,1190
Общественное питание,asof_june,1191
Общественное питание,asof_june,1192
Общественное питание,asof_june,1193
Общественное питание,asof_june,1194
Общественное питание,asof_june,1195
Общественное питание,asof_june,1196
Общественное питание,asof_june,1197
Общественное питание,asof_june,1198
Общественное питание,asof_june,1200
Общественное питание,asof_june,1201
Общественное питание,asof_june,1203
Общественное питание,asof_june,1204
Общественное питание,asof_june,1205
Общественное питание,asof_june,1206
Общественное питание,asof_june,1207
Общественное питание,asof_june,1208
Общественное питание,asof_june,1209
Общественное питание,asof_june,1210
Общественное питание,asof_june,1211
Общественное питание,asof_june,1212
Общественное питание,asof_june,1213
Общественное питание,asof_june,1214
Общественное питание,asof_june,1215
Общественное питание,asof_june,1217
Общественное питание,asof_june,1218
Общественное питание,asof_june,1219
Общественное питание,asof_june,1220
Общественное питание,asof_june,1221
Общественное питание,asof_june,1222
Общественное питание,asof_june,1223
Общественное питание,asof_june,1224
Общественное питание,asof_june,1225
Общественное питание,asof_june,1226
Общественное питание,asof_june,1227
Общественное питание,asof_june,1228
Общественное питание,asof_june,1229
Общественное питание,asof_june,1230
Общественное питание,asof_june,1231
Общественное питание,asof_june,1232
Общественное питание,asof_june,1233
Общественное питание,asof_june,1234
Общественное питание,asof_june,1235
Общественное питание,asof_june,1236
Общественное питание,asof_june,1237
Общественное питание,asof_june,1238
Общественное питание,asof_june,1240
Общественное питание,asof_june,1241
Общественное питание,asof_june,1242
Общественное питание,asof_june,1243
Общественное питание,asof_june,1244
Общественное питание,asof_june,1246
Общественное питание,asof_june,1249
Общественное питание,asof_june,1250
Общественное питание,asof_june,1251
Общественное питание,asof_june,1252
Общественное питание,asof_june,1253
Общественное питание,asof_june,1254
Общественное питание,asof_june,1256
Общественное питание,asof_june,1257
Общественное питание,asof_june,1258
Общественное питание,asof_june,1259
Общественное питание,asof_june,1260
Общественное питание,asof_june,1261
Общественное питание,asof_june,1262
Общественное питание,asof_june,1264
Общественное питание,asof_june,1265
Общественное питание,asof_june,1266
Общественное питание,asof_june,1267
Общественное питание,asof_june,1268
Общественное питание,asof_june,1269
Общественное питание,asof_june,1270
Общественное питание,asof_june,1271
Общественное питание,asof_june,1272
Общественное питание,asof_june,1273
Общественное питание,asof_june,1274
Общественное питание,asof_june,1275
Общественное питание,asof_june,1276
Общественное питание,asof_june,1277
Общественное питание,asof_june,1278
Общественное питание,asof_june,1279
Общественное питание,asof_june,1280
Общественное питание,asof_june,1281
Общественное питание,asof_june,1282
Общественное питание,asof_june,1284
Общественное питание,asof_june,1285
Общественное питание,asof_june,1286
Общественное питание,asof_june,1287
Общественное питание,asof_june,1288
Общественное питание,asof_june,1289
Общественное питание,asof_june,1290
Общественное питание,asof_june,1291
Общественное питание,asof_june,1292
Общественное питание,asof_june,1293
Общественное питание,asof_june,1294
Общественное питание,asof_june,1295
Общественное питание,asof_june,1296
Общественное питание,asof_june,1297
Общественное питание,asof_june,1298
Общественное питание,asof_june,1299
Общественное питание,asof_june,1300
Общественное питание,asof_june,1301
Общественное питание,asof_june,1302
Общественное питание,asof_june,1303
Общественное питание,asof_june,1304
Общественное питание,asof_june,1305
Общественное питание,asof_june,1306
Общественное питание,asof_june,1308
Общественное питание,asof_june,1309
Общественное питание,asof_june,1310
Общественное питание,asof_june,1311
Общественное питание,asof_june,1312
Общественное питание,asof_june,1313
Общественное питание,asof_june,1314
Общественное питание,asof_june,1315
Общественное питание,asof_june,1316
Общественное питание,asof_june,1317
Общественное питание,asof_june,1319
Общественное питание,asof_june,1320
Общественное питание,asof_june,1321
Общественное питание,asof_june,1322
Общественное питание,asof_june,1323
Общественное питание,asof_june,1324
Общественное питание,asof_june,1325
Общественное питание,asof_june,1326
Общественное питание,asof_june,1327
Общественное питание,asof_june,1328
Общественное питание,asof_june,1329
Общественное питание,asof_june,1330
Общественное питание,asof_june,1331
Общественное питание,asof_june,1333
Общественное питание,asof_june,1334
Общественное питание,asof_june,1335
Общественное питание,asof_june,1336
Общественное питание,asof_june,1337
Общественное питание,asof_june,1338
Общественное питание,asof_june,1339
Общественное питание,asof_june,1340
Общественное питание,asof_june,1341
Общественное питание,asof_june,1343
Общественное питание,asof_june,1344
Общественное питание,asof_june,1345
Общественное питание,asof_june,1346
Общественное питание,asof_june,1347
Общественное питание,asof_june,1348
Общественное питание,asof_june,1349
Общественное питание,asof_june,1350
Общественное питание,asof_june,1351
Общественное питание,asof_june,1352
Общественное питание,asof_june,1353
Общественное питание,asof_june,1355
Общественное питание,asof_june,1356
Общественное питание,asof_june,1357
Общественное питание,asof_june,1358
Общественное питание,asof_june,1392
Общественное питание,asof_june,1393
Общественное питание,asof_june,1394
Общественное питание,asof_june,1395
Общественное питание,asof_june,1396
Общественное питание,asof_june,1397
Общественное питание,asof_june,1398
Общественное питание,asof_june,1399
Общественное питание,asof_june,1400
Общественное питание,asof_june,1401
Общественное питание,asof_june,1402
Общественное питание,asof_june,1403
Общественное питание,asof_june,1404
Общественное питание,asof_june,1405
Общественное питание,asof_june,1406
Общественное питание,asof_june,1407
Общественное питание,asof_june,1408
Общественное питание,asof_june,1409
Общественное питание,asof_june,1410
Общественное питание,asof_june,1411
Общественное питание,asof_june,1412
Общественное питание,asof_june,1413
Общественное питание,asof_june,1414
Общественное питание,asof_june,1415
Общественное питание,asof_june,1416
Общественное питание,asof_june,1417
Общественное питание,asof_june,1419
Общественное питание,asof_june,1420
Общественное питание,asof_june,1421
Общественное питание,asof_june,1422
Общественное питание,asof_june,1423
Общественное питание,asof_june,1425
Общественное питание,asof_june,1426
Общественное питание,asof_june,1427
Общественное питание,asof_june,1428
Общественное питание,asof_june,1429
Общественное питание,asof_june,1430
Общественное питание,asof_june,1431
Общественное питание,asof_june,1434
Общественное питание,asof_june,1435
Общественное питание,asof_june,1437
Общественное питание,asof_june,1438
Общественное питание,asof_june,1439
Общественное питание,asof_june,1440
Общественное питание,asof_june,1443
Общественное питание,asof_june,1444
Общественное питание,asof_june,1445
Общественное питание,asof_june,1446
Общественное питание,asof_june,1447
Общественное питание,asof_june,1448
Общественное питание,asof_june,1449
Общественное питание,asof_june,1453
Общественное питание,asof_june,1454
Общественное питание,asof_june,1456
Общественное питание,asof_june,1457
Общественное питание,asof_june,1459
Общественное питание,asof_june,1461
Общественное питание,asof_june,1463
Общественное питание,asof_june,1464
Общественное питание,asof_june,1465
Общественное питание,asof_june,1467
Общественное питание,asof_june,1468
Общественное питание,asof_june,1472
Общественное питание,asof_june,1473
Общественное питание,asof_june,1474
Общественное питание,asof_june,1475
Общественное питание,asof_june,1477
Общественное питание,asof_june,1478
Общественное питание,asof_june,1480
Общественное питание,asof_june,1481
Общественное питание,asof_june,1483
Общественное питание,asof_june,1484
Общественное питание,asof_june,1486
Общественное питание,asof_june,1488
Общественное питание,asof_june,1489
Общественное питание,asof_june,1490
Общественное питание,asof_june,1491
Общественное питание,asof_june,1492
Общественное питание,asof_june,1493
Общественное питание,asof_june,1494
Общественное питание,asof_june,1495
Общественное питание,asof_june,1496
Общественное питание,asof_june,1500
Общественное питание,asof_june,1501
Общественное питание,asof_june,1504
Общественное питание,asof_june,1506
Общественное питание,asof_june,1507
Общественное питание,asof_june,1508
Общественное питание,asof_june,1509
Общественное питание,asof_june,1510
Общественное питание,asof_june,1511
Общественное питание,asof_june,1512
Общественное питание,asof_june,1518
Общественное питание,asof_june,1519
Общественное питание,asof_june,1520
Общественное питание,asof_june,1521
Общественное питание,asof_june,1522
Общественное питание,asof_june,1523
Общественное питание,asof_june,1525
Общественное питание,asof_june,1526
Общественное питание,asof_june,1527
Общественное питание,asof_june,1528
Общественное питание,asof_june,1529
Общественное питание,asof_june,1530
Общественное питание,asof_june,1532
Общественное питание,asof_june,1533
Общественное питание,asof_june,1534
Общественное питание,asof_june,1535
Общественное питание,asof_june,1536
Общественное питание,asof_june,1537
Общественное питание,asof_june,1539
Общественное питание,asof_june,1540
Общественное питание,asof_june,1541
Общественное питание,asof_june,1542
Общественное питание,asof_june,1543
Общественное питание,asof_june,1544
Общественное питание,asof_june,1545
Общественное питание,asof_june,1546
Общественное питание,asof_june,1547
Общественное питание,asof_june,1548
Общественное питание,asof_june,1549
Общественное питание,asof_june,1550
Общественное питание,asof_june,1551
Общественное питание,asof_june,1552
Общественное питание,asof_june,1553
Общественное питание,asof_june,1554
Общественное питание,asof_june,1555
Общественное питание,asof_june,1556
Общественное питание,asof_june,1557
Общественное питание,asof_june,1558
Общественное питание,asof_june,1559
Общественное питание,asof_june,1560
Общественное питание,asof_june,1561
Общественное питание,asof_june,1562
Общественное питание,asof_june,1563
Общественное питание,asof_june,1564
Общественное питание,asof_june,1565
Общественное питание,asof_june,1566
Общественное питание,asof_june,1567
Общественное питание,asof_june,1568
Общественное питание,asof_june,1569
Общественное питание,asof_june,1570
Общественное питание,asof_june,1571
Общественное питание,asof_june,1572
Общественное питание,asof_june,1573
Общественное питание,asof_june,1574
Общественное питание,asof_june,1575
Общественное питание,asof_june,1577
Общественное питание,asof_june,1578
Общественное питание,asof_june,1579
Общественное питание,asof_june,1580
Общественное питание,asof_june,1581
Общественное питание,asof_june,1582
Общественное питание,asof_june,1583
Общественное питание,asof_june,1584
Общественное питание,asof_june,1585
Общественное питание,asof_june,1586
Общественное питание,asof_june,1587
Общественное питание,asof_june,1588
Общественное питание,asof_june,1589
Общественное питание,asof_june,1590
Общественное питание,asof_june,1591
Общественное питание,asof_june,1592
Общественное питание,asof_june,1593
Общественное питание,asof_june,1594
Общественное питание,asof_june,1595
Общественное питание,asof_june,1596
Общественное питание,asof_june,1597
Общественное питание,asof_june,1598
Общественное питание,asof_june,1599
Общественное питание,asof_june,1600
Общественное питание,asof_june,1601
Общественное питание,asof_june,1602
Общественное питание,asof_june,1603
Общественное питание,asof_june,1604
Общественное питание,asof_june,1605
Общественное питание,asof_june,1606
Общественное питание,asof_june,1607
Общественное питание,asof_june,1608
Общественное питание,asof_june,1609
Общественное питание,asof_june,1610
Общественное питание,asof_june,1611
Общественное питание,asof_june,1612
Общественное питание,asof_june,1613
Общественное питание,asof_june,1614
Общественное питание,asof_june,1615
Общественное питание,asof_june,1616
Общественное питание,asof_june,1617
Общественное питание,asof_june,1618
Общественное питание,asof_june,1619
Общественное питание,asof_june,1620
Общественное питание,asof_june,1621
Общественное питание,asof_june,1622
Общественное питание,asof_june,1623
Общественное питание,asof_june,1624
Общественное питание,asof_june,1625
Общественное питание,asof_june,1626
Общественное питание,asof_june,1627
Общественное питание,asof_june,1628
Общественное питание,asof_june,1629
Общественное питание,asof_june,1630
Общественное питание,asof_june,1631
Общественное питание,asof_june,1632
Общественное питание,asof_june,1633
Общественное питание,asof_june,1634
Общественное питание,asof_june,1635
Общественное питание,asof_june,1636
Общественное питание,asof_june,1637
Общественное питание,asof_june,1638
Общественное питание,asof_june,1639
Общественное питание,asof_june,1640
Общественное питание,asof_june,1641
Общественное питание,asof_june,1642
Общественное питание,asof_june,1643
Общественное питание,asof_june,1644
Общественное питание,asof_june,1645
Общественное питание,asof_june,1646
Общественное питание,asof_june,1647
Общественное питание,asof_june,1648
Общественное питание,asof_june,1649
Общественное питание,asof_june,1650
Общественное питание,asof_june,1651
Общественное питание,asof_june,1652
Общественное питание,asof_june,1653
Общественное питание,asof_june,1654
Общественное питание,asof_june,1655
Общественное питание,asof_june,1656
Общественное питание,asof_june,1657
Общественное питание,asof_june,1658
Общественное питание,asof_june,1659
Общественное питание,asof_june,1660
Общественное питание,asof_june,1661
Общественное питание,asof_june,1662
Общественное питание,asof_june,1663
Общественное питание,asof_june,1664
Общественное питание,asof_june,1665
Общественное питание,asof_june,1666
Общественное питание,asof_june,1667
Общественное питание,asof_june,1668
Общественное питание,asof_june,1669
Общественное питание,asof_june,1670
Общественное питание,asof_june,1671
Общественное питание,asof_june,1672
Общественное питание,asof_june,1673
Общественное питание,asof_june,1674
Общественное питание,asof_june,1675
Общественное питание,asof_june,1676
Общественное питание,asof_june,1678
Общественное питание,asof_june,1679
Общественное питание,asof_june,1680
Общественное питание,asof_june,1681
Общественное питание,asof_june,1682
Общественное питание,asof_june,1683
Общественное питание,asof_june,1685
Общественное питание,asof_june,1686
Общественное питание,asof_june,1687
Общественное питание,asof_june,1688
Общественное питание,asof_june,1689
Общественное питание,asof_june,1690
Общественное питание,asof_june,1691
Общественное питание,asof_june,1692
Общественное питание,asof_june,1693
Общественное питание,asof_june,1694
Общественное питание,asof_june,1696
Общественное питание,asof_june,1697
Общественное питание,asof_june,1698
Общественное питание,asof_june,1699
Общественное питание,asof_june,1700
Общественное питание,asof_june,1701
Общественное питание,asof_june,1702
Общественное питание,asof_june,1703
Общественное питание,asof_june,1704
Общественное питание,asof_june,1705
Общественное питание,asof_june,1706
Общественное питание,asof_june,1707
Общественное питание,asof_june,1708
Общественное питание,asof_june,1709
Общественное питание,asof_june,1710
Общественное питание,asof_june,1711
Общественное питание,asof_june,1712
Общественное питание,asof_june,1714
Общественное питание,asof_june,1715
Общественное питание,asof_june,1717
Общественное питание,asof_june,1718
Общественное питание,asof_june,1719
Общественное питание,asof_june,1722
Общественное питание,asof_june,1724
Общественное питание,asof_june,1725
Общественное питание,asof_june,1726
Общественное питание,asof_june,1727
Общественное питание,asof_june,1728
Общественное питание,asof_june,1730
Общественное питание,asof_june,1731
Общественное питание,asof_june,1732
Общественное питание,asof_june,1733
Общественное питание,asof_june,1737
Общественное питание,asof_june,1738
Общественное питание,asof_june,1739
Общественное питание,asof_june,1740
Общественное питание,asof_june,1741
Общественное питание,asof_june,1742
Общественное питание,asof_june,1743
Общественное питание,asof_june,1744
Общественное питание,asof_june,1745
Общественное питание,asof_june,1746
Общественное питание,asof_june,1747
Общественное питание,asof_june,1749
Общественное питание,asof_june,1750
Общественное питание,asof_june,1751
Общественное питание,asof_june,1752
Общественное питание,asof_june,1753
Общественное питание,asof_june,1754
Общественное питание,asof_june,1755
Общественное питание,asof_june,1756
Общественное питание,asof_june,1757
Общественное питание,asof_june,1758
Общественное питание,asof_june,1759
Общественное питание,asof_june,1760
Общественное питание,asof_june,1761
Общественное питание,asof_june,1762
Общественное питание,asof_june,1764
Общественное питание,asof_june,1765
Общественное питание,asof_june,1766
Общественное питание,asof_june,1768
Общественное питание,asof_june,1769
Общественное питание,asof_june,1770
Общественное питание,asof_june,1771
Общественное питание,asof_june,1773
Общественное питание,asof_june,1774
Общественное питание,asof_june,1775
Общественное питание,asof_june,1776
Общественное питание,asof_june,1777
Общественное питание,asof_june,1778
Общественное питание,asof_june,1780
Общественное питание,asof_june,1781
Общественное питание,asof_june,1782
Общественное питание,asof_june,1783
Общественное питание,asof_june,1784
Общественное питание,asof_june,1785
Общественное питание,asof_june,1786
Общественное питание,asof_june,1787
Общественное питание,asof_june,1788
Общественное питание,asof_june,1845
Общественное питание,asof_june,1846
Общественное питание,asof_june,1848
Общественное питание,asof_june,1849
Общественное питание,asof_june,1850
Общественное питание,asof_june,1851
Общественное питание,asof_june,1852
Общественное питание,asof_june,1853
Общественное питание,asof_june,1854
Общественное питание,asof_june,1855
Общественное питание,asof_june,1856
Общественное питание,asof_june,1857
Общественное питание,asof_june,1858
Общественное питание,asof_june,1859
Общественное питание,asof_june,1860
Общественное питание,asof_june,1861
Общественное питание,asof_june,1862
Общественное питание,asof_june,1863
Общественное питание,asof_june,1864
Общественное питание,asof_june,1865
Общественное питание,asof_june,1868
Общественное питание,asof_june,1869
Общественное питание,asof_june,1870
Общественное питание,asof_june,1871
Общественное питание,asof_june,1872
Общественное питание,asof_june,1873
Общественное питание,asof_june,1874
Общественное питание,asof_june,1875
Общественное питание,asof_june,1876
Общественное питание,asof_june,1877
Общественное питание,asof_june,1878
Общественное питание,asof_june,1879
Общественное питание,asof_june,1880
Общественное питание,asof_june,1881
Общественное питание,asof_june,1883
Общественное питание,asof_june,1884
Общественное питание,asof_june,1885
Общественное питание,asof_june,1886
Общественное питание,asof_june,1887
Общественное питание,asof_june,1888
Общественное питание,asof_june,1889
Общественное питание,asof_june,1890
Общественное питание,asof_june,1891
Общественное питание,asof_june,1892
Общественное питание,asof_june,1893
Общественное питание,asof_june,1894
Общественное питание,asof_june,1895
Общественное питание,asof_june,1896
Общественное питание,asof_june,1897
Общественное питание,asof_june,1898
Общественное питание,asof_june,1899
Общественное питание,asof_june,1900
Общественное питание,asof_june,1901
Общественное питание,asof_june,1902
Общественное питание,asof_june,1903
Общественное питание,asof_june,1904
Общественное питание,asof_june,1905
Общественное питание,asof_june,1906
Общественное питание,asof_june,1907
Общественное питание,asof_june,1908
Общественное питание,asof_june,1909
Общественное питание,asof_june,1910
Общественное питание,asof_june,1912
Общественное питание,asof_june,1915
Общественное питание,asof_june,1916
Общественное питание,asof_june,1917
Общественное питание,asof_june,1918
Общественное питание,asof_june,1919
Общественное питание,asof_june,1920
Общественное питание,asof_june,1921
Общественное питание,asof_june,1922
Общественное питание,asof_june,1923
Общественное питание,asof_june,1924
Общественное питание,asof_june,1925
Общественное питание,asof_june,1926
Общественное питание,asof_june,1927
Общественное питание,asof_june,1928
Общественное питание,asof_june,1929
Общественное питание,asof_june,1930
Общественное питание,asof_june,1931
Общественное питание,asof_june,1932
Общественное питание,asof_june,1933
Общественное питание,asof_june,1934
Общественное питание,asof_june,1935
Общественное питание,asof_june,1936
Общественное питание,asof_june,1937
Общественное питание,asof_june,1938
Общественное питание,asof_june,1939
Общественное питание,asof_june,1940
Общественное питание,asof_june,1941
Общественное питание,asof_june,1942
Общественное питание,asof_june,1943
Общественное питание,asof_june,1944
Общественное питание,asof_june,1945
Общественное питание,asof_june,1947
Общественное питание,asof_june,1948
Общественное питание,asof_june,1949
Общественное питание,asof_june,1950
Общественное питание,asof_june,1951
Общественное питание,asof_june,1952
Общественное питание,asof_june,1954
Общественное питание,asof_june,1955
Общественное питание,asof_june,1956
Общественное питание,asof_june,1957
Общественное питание,asof_june,1958
Общественное питание,asof_june,1959
Общественное питание,asof_june,1960
Общественное питание,asof_june,1961
Общественное питание,asof_june,1962
Общественное питание,asof_june,1963
Общественное питание,asof_june,1965
Общественное питание,asof_june,1966
Общественное питание,asof_june,1967
Общественное питание,asof_june,1968
Общественное питание,asof_june,1969
Общественное питание,asof_june,1970
Общественное питание,asof_june,1971
Общественное питание,asof_june,1972
Общественное питание,asof_june,1973
Общественное питание,asof_june,1974
Общественное питание,asof_june,1975
Общественное питание,asof_june,1976
Общественное питание,asof_june,1977
Общественное питание,asof_june,1978
Общественное питание,asof_june,1979
Общественное питание,asof_june,1980
Общественное питание,asof_june,1981
Общественное питание,asof_june,1982
Общественное питание,asof_june,1983
Общественное питание,asof_june,1984
Общественное питание,asof_june,1985
Общественное питание,asof_june,1986
Общественное питание,asof_june,1987
Общественное питание,asof_june,1988
Общественное питание,asof_june,1989
Общественное питание,asof_june,1990
Общественное питание,asof_june,1991
Общественное питание,asof_june,1992
Общественное питание,asof_june,1993
Общественное питание,asof_june,1994
Общественное питание,asof_june,1995
Общественное питание,asof_june,1996
Общественное питание,asof_june,1997
Общественное питание,asof_june,1999
Общественное питание,asof_june,2000
Общественное питание,asof_june,2001
Общественное питание,asof_june,2002
Общественное питание,asof_june,2004
Общественное питание,asof_june,2005
Общественное питание,asof_june,2006
Общественное питание,asof_june,2007
Общественное питание,asof_june,2008
Общественное питание,asof_june,2009
Общественное питание,asof_june,2010
Общественное питание,asof_june,2011
Общественное питание,asof_june,2012
Общественное питание,asof_june,2015
Общественное питание,asof_june,2017
Общественное питание,asof_june,2018
Общественное питание,asof_june,2019
Общественное питание,asof_june,2021
Общественное питание,asof_june,2022
Общественное питание,asof_june,2023
Общественное питание,asof_june,2024
Общественное питание,asof_june,2025
Общественное питание,asof_june,2027
Общественное питание,asof_june,2028
Общественное питание,asof_june,2030
Общественное питание,asof_june,2031
Общественное питание,asof_june,2032
Общественное питание,asof_june,2033
Общественное питание,asof_june,2034
Общественное питание,asof_june,2035
Общественное питание,asof_june,2036
Общественное питание,asof_june,2037
Общественное питание,asof_june,2039
Общественное питание,asof_june,2040
Общественное питание,asof_june,2041
Общественное питание,asof_june,2042
Общественное питание,asof_june,2043
Общественное питание,asof_june,2044
Общественное питание,asof_june,2045
Общественное питание,asof_june,2046
Общественное питание,asof_june,2047
Общественное питание,asof_june,2048
Общественное питание,asof_june,2049
Общественное питание,asof_june,2050
Общественное питание,asof_june,2051
Общественное питание,asof_june,2052
Общественное питание,asof_june,2053
Общественное питание,asof_june,2054
Общественное питание,asof_june,2055
Общественное питание,asof_june,2056
Общественное питание,asof_june,2057
Общественное питание,asof_june,2058
Общественное питание,asof_june,2059
Общественное питание,asof_june,2060
Общественное питание,asof_june,2061
Общественное питание,asof_june,2062
Общественное питание,asof_june,2063
Общественное питание,asof_june,2064
Общественное питание,asof_june,2065
Общественное питание,asof_june,2066
Общественное питание,asof_june,2067
Общественное питание,asof_june,2068
Общественное питание,asof_june,2069
Общественное питание,asof_june,2070
Общественное питание,asof_june,2072
Общественное питание,asof_june,2073
Общественное питание,asof_june,2074
Общественное питание,asof_june,2075
Общественное питание,asof_june,2076
Общественное питание,asof_june,2077
Общественное питание,asof_june,2078
Общественное питание,asof_june,2079
Общественное питание,asof_june,2080
Общественное питание,asof_june,2081
Общественное питание,asof_june,2082
Общественное питание,asof_june,2085
Общественное питание,asof_june,2087
Общественное питание,asof_june,2088
Общественное питание,asof_june,2089
Общественное питание,asof_june,2090
Общественное питание,asof_june,2091
Общественное питание,asof_june,2093
Общественное питание,asof_june,2094
Общественное питание,asof_june,2095
Общественное питание,asof_june,2096
Общественное питание,asof_june,2098
Общественное питание,asof_june,2100
Общественное питание,asof_june,2101
Общественное питание,asof_june,2105
Общественное питание,asof_june,2108
Общественное питание,asof_june,2109
Общественное питание,asof_june,2110
Общественное питание,asof_june,2111
Общественное питание,asof_june,2112
Общественное питание,asof_june,2113
Общественное питание,asof_june,2114
Общественное питание,asof_june,2116
Общественное питание,asof_june,2117
Общественное питание,asof_june,2118
Общественное питание,asof_june,2119
Общественное питание,asof_june,2120
Общественное питание,asof_june,2121
Общественное питание,asof_june,2122
Общественное питание,asof_june,2124
Общественное питание,asof_june,2125
Общественное питание,asof_june,2126
Общественное питание,asof_june,2127
Общественное питание,asof_june,2128
Общественное питание,asof_june,2129
Общественное питание,asof_june,2130
Общественное питание,asof_june,2131
Общественное питание,asof_june,2132
Общественное питание,asof_june,2133
Общественное питание,asof_june,2134
Общественное питание,asof_june,2136
Общественное питание,asof_june,2137
Общественное питание,asof_june,2138
Общественное питание,asof_june,2139
Общественное питание,asof_june,2140
Общественное питание,asof_june,2142
Общественное питание,asof_june,2143
Общественное питание,asof_june,2144
Общественное питание,asof_june,2145
Общественное питание,asof_june,2146
Общественное питание,asof_june,2148
Общественное питание,asof_june,2149
Общественное питание,asof_june,2150
Общественное питание,asof_june,2151
Общественное питание,asof_june,2152
Общественное питание,asof_june,2153
Общественное питание,asof_june,2154
Общественное питание,asof_june,2155
Общественное питание,asof_june,2156
Общественное питание,asof_june,2157
Общественное питание,asof_june,2158
Общественное питание,asof_june,2159
Общественное питание,asof_june,2160
Общественное питание,asof_june,2161
Общественное питание,asof_june,2162
Общественное питание,asof_june,2163
Общественное питание,asof_june,2164
Общественное питание,asof_june,2165
Общественное питание,asof_june,2167
Общественное питание,asof_june,2168
Общественное питание,asof_june,2169
Общественное питание,asof_june,2171
Общественное питание,asof_june,2172
Общественное питание,asof_june,2173
Общественное питание,asof_june,2174
Общественное питание,asof_june,2175
Общественное питание,asof_june,2176
Общественное питание,asof_june,2177
Общественное питание,asof_june,2178
Общественное питание,asof_june,2179
Общественное питание,asof_june,2180
Общественное питание,asof_june,2181
Общественное питание,asof_june,2182
Общественное питание,asof_june,2183
Общественное питание,asof_june,2184
Общественное питание,asof_june,2185
Общественное питание,asof_june,2186
Общественное питание,asof_june,2187
Общественное питание,asof_june,2188
Общественное питание,asof_june,2189
Общественное питание,asof_june,2190
Общественное питание,asof_june,2191
Общественное питание,asof_june,2192
Общественное питание,asof_june,2193
Общественное питание,asof_june,2194
Общественное питание,asof_june,2195
Общественное питание,asof_june,2196
Общественное питание,asof_june,2197
Общественное питание,asof_june,2198
Общественное питание,asof_june,2199
Общественное питание,asof_june,2200
Общественное питание,asof_june,2201
Общественное питание,asof_june,2202
Общественное питание,asof_june,2203
Общественное питание,asof_june,2204
Общественное питание,asof_june,2205
Общественное питание,asof_june,2206
Общественное питание,asof_june,2207
Общественное питание,asof_june,2208
Общественное питание,asof_june,2210
Общественное питание,asof_june,2211
Общественное питание,asof_june,2212
Общественное питание,asof_june,2213
Общественное питание,asof_june,2215
Общественное питание,asof_june,2216
Общественное питание,asof_june,2217
Общественное питание,asof_june,2218
Общественное питание,asof_june,2219
Общественное питание,asof_june,2220
Общественное питание,asof_june,2221
Общественное питание,asof_june,2222
Общественное питание,asof_june,2223
Общественное питание,asof_june,2224
Общественное питание,asof_june,2225
Общественное питание,asof_june,2226
Общественное питание,asof_june,2227
Общественное питание,asof_june,2228
Общественное питание,asof_june,2229
Общественное питание,asof_june,2230
Общественное питание,asof_june,2231
Общественное питание,asof_june,2232
Общественное питание,asof_june,2233
Общественное питание,asof_june,2234
Общественное питание,asof_june,2235
Общественное питание,asof_june,2236
Общественное питание,asof_june,2237
Общественное питание,asof_june,2238
Общественное питание,asof_june,2241
Общественное питание,asof_june,2242
Общественное питание,asof_june,2243
Общественное питание,asof_june,2244
Общественное питание,asof_june,2245
Общественное питание,asof_june,2248
Общественное питание,asof_june,2249
Общественное питание,asof_june,2250
Общественное питание,asof_june,2251
Общественное питание,asof_june,2252
Общественное питание,asof_june,2253
Общественное питание,asof_june,2254
Общественное питание,asof_june,2255
Общественное питание,asof_june,2256
Общественное питание,asof_june,2257
Общественное питание,asof_june,2258
Общественное питание,asof_june,2259
Общественное питание,asof_june,2260
Общественное питание,asof_june,2262
Общественное питание,asof_june,2264
Общественное питание,asof_june,2265
Общественное питание,asof_june,2266
Общественное питание,asof_june,2267
Общественное питание,asof_june,2268
Общественное питание,asof_june,2269
Общественное питание,asof_june,2270
Общественное питание,asof_june,2271
Общественное питание,asof_june,2272
Общественное питание,asof_june,2274
Общественное питание,asof_june,2275
Общественное питание,asof_june,2276
Общественное питание,asof_june,2278
Общественное питание,asof_june,2279
Общественное питание,asof_june,2280
Общественное питание,asof_june,2281
Общественное питание,asof_june,2282
Общественное питание,asof_june,2286
Общественное питание,asof_june,2287
Общественное питание,asof_june,2288
Общественное питание,asof_june,2289
Общественное питание,asof_june,2292
Общественное питание,asof_june,2293
Общественное питание,asof_june,2294
Общественное питание,asof_june,2295
Общественное питание,asof_june,2296
Общественное питание,asof_june,2297
Общественное питание,asof_june,2298
Общественное питание,asof_june,2299
Общественное питание,asof_june,2300
Общественное питание,asof_june,2301
Общественное питание,asof_june,2302
Общественное питание,asof_june,2303
Общественное питание,asof_june,2304
Общественное питание,asof_june,2305
Общественное питание,asof_june,2307
Общественное питание,asof_june,2308
Общественное питание,asof_june,2309
Общественное питание,asof_june,2310
Общественное питание,asof_june,2311
Общественное питание,asof_june,2312
Общественное питание,asof_june,2314
Общественное питание,asof_june,2315
Общественное питание,asof_june,2316
Общественное питание,asof_june,2317
Общественное питание,asof_june,2318
Общественное питание,asof_june,2320
Общественное питание,asof_june,2321
Общественное питание,asof_june,2322
Общественное питание,asof_june,2323
Общественное питание,asof_june,2324
Общественное питание,asof_june,2325
Общественное питание,asof_june,2326
Общественное питание,asof_june,2327
Общественное питание,asof_june,2328
Общественное питание,asof_june,2329
Общественное питание,asof_june,2330
Общественное питание,asof_june,2332
Общественное питание,asof_june,2333
Общественное питание,asof_june,2334
Общественное питание,asof_june,2335
Общественное питание,asof_june,2336
Общественное питание,asof_june,2337
Общественное питание,asof_june,2338
Общественное питание,asof_june,2339
Общественное питание,asof_june,2340
Общественное питание,asof_june,2341
Общественное питание,asof_june,2342
Общественное питание,asof_june,2343
Общественное питание,asof_june,2344
Общественное питание,asof_june,2345
Общественное питание,asof_june,2348
Общественное питание,asof_june,2349
Общественное питание,asof_june,2351
Общественное питание,asof_june,2352
Общественное питание,asof_june,2353
Общественное питание,asof_june,2354
Общественное питание,asof_june,2355
Общественное питание,asof_june,2356
Общественное питание,asof_june,2357
Общественное питание,asof_june,2358
Общественное питание,asof_june,2359
Общественное питание,asof_june,2360
Общественное питание,asof_june,2361
Общественное питание,asof_june,2362
Общественное питание,asof_june,2363
Общественное питание,asof_june,2364
Общественное питание,asof_june,2365
Общественное питание,asof_june,2366
Общественное питание,asof_june,2367
Общественное питание,asof_june,2368
Общественное питание,asof_june,2369
Общественное питание,asof_june,2370
Общественное питание,asof_june,2371
Общественное питание,asof_june,2372
Общественное питание,asof_june,2373
Общественное питание,asof_june,2374
Общественное питание,asof_june,2375
Общественное питание,asof_june,2376
Общественное питание,asof_june,2377
Общественное питание,asof_june,2378
Общественное питание,asof_june,2379
Общественное питание,asof_june,2380
Общественное питание,asof_june,2381
Общественное питание,asof_june,2382
Общественное питание,asof_june,2383
Общественное питание,asof_june,2384
Общественное питание,asof_june,2385
Общественное питание,asof_june,2386
Общественное питание,asof_june,2387
Общественное питание,asof_june,2388
Общественное питание,asof_june,2389
Общественное питание,asof_june,2390
Общественное питание,asof_june,2391
Общественное питание,asof_june,2392
Общественное питание,asof_june,2393
Общественное питание,asof_june,2395
Общественное питание,asof_june,2398
Общественное питание,asof_june,2399
Общественное питание,asof_june,2400
Общественное питание,asof_june,2401
Общественное питание,asof_june,2402
Общественное питание,asof_june,2403
Общественное питание,asof_june,2404
Общественное питание,asof_june,2405
Общественное питание,asof_june,2406
Общественное питание,asof_june,2407
Общественное питание,asof_june,2408
Общественное питание,asof_june,2409
Общественное питание,asof_june,2410
Общественное питание,asof_june,2411
Общественное питание,asof_june,2412
Общественное питание,asof_june,2416
Общественное питание,asof_june,2422
Общественное питание,asof_june,2423
Общественное питание,asof_june,2424
Общественное питание,asof_june,2425
Общественное питание,asof_june,2426
Общественное питание,asof_june,2427
Общественное питание,asof_june,2428
Общественное питание,asof_june,2429
Общественное питание,asof_june,2430
Общественное питание,asof_june,2431
Общественное питание,asof_june,2432
Общественное питание,asof_june,2433
Общественное питание,asof_june,2434
Общественное питание,asof_june,2435
Общественное питание,asof_june,2436
Общественное питание,asof_june,2437
Общественное питание,asof_june,2439
Общественное питание,asof_june,2440
Общественное питание,asof_june,2441
Общественное питание,asof_june,2442
Общественное питание,asof_june,2443
Общественное питание,asof_june,2444
Общественное питание,asof_june,2445
Общественное питание,asof_june,2446
Общественное питание,asof_june,2447
Общественное питание,asof_june,2449
Общественное питание,asof_june,2450
Общественное питание,asof_june,2451
Общественное питание,asof_june,2452
Общественное питание,asof_june,2453
Общественное питание,asof_june,2454
Общественное питание,asof_june,2455
Общественное питание,asof_june,2456
Общественное питание,asof_june,2457
Общественное питание,asof_june,2458
Общественное питание,asof_june,2459
Общественное питание,asof_june,2460
Общественное питание,asof_june,2461
Общественное питание,asof_june,2462
Общественное питание,asof_june,2463
Общественное питание,asof_june,2464
Общественное питание,asof_june,2465
Общественное питание,asof_june,2466
Общественное питание,asof_june,2467
Общественное питание,asof_june,2468
Общественное питание,asof_june,2469
Общественное питание,asof_june,2470
Общественное питание,asof_june,2471
Общественное питание,asof_june,2472
Общественное питание,asof_june,2473
Общественное питание,asof_june,2474
Общественное питание,asof_june,2475
Общественное питание,asof_june,2476
Общественное питание,asof_june,2477
Общественное питание,asof_june,2478
Общественное питание,asof_june,2479
Общественное питание,asof_june,2480
Общественное питание,asof_june,2481
Общественное питание,asof_june,2482
Общественное питание,asof_june,2483
Общественное питание,asof_june,2484
Общественное питание,asof_june,2485
Общественное питание,asof_june,2486
Общественное питание,asof_june,2487
Общественное питание,asof_june,2488
Общественное питание,asof_june,2489
Общественное питание,asof_june,2490
Общественное питание,asof_june,2491
Общественное питание,asof_june,2492
Общественное питание,asof_june,2493
Общественное питание,asof_june,2494
Общественное питание,asof_june,2495
Общественное питание,asof_june,2496
Общественное питание,asof_june,2497
Общественное питание,asof_june,2498
Общественное питание,asof_june,2499
Общественное питание,asof_june,2500
Общественное питание,asof_june,2501
Общественное питание,asof_june,2502
Общественное питание,asof_june,2503
Общественное питание,asof_june,2504
Общественное питание,asof_june,2505
Общественное питание,asof_june,2506
Общественное питание,asof_june,2507
Общественное питание,asof_june,2508
Общественное питание,asof_june,2509
Общественное питание,asof_june,2510
Общественное питание,asof_june,2511
Общественное питание,asof_june,2512
Общественное питание,asof_june,2513
Общественное питание,asof_june,2514
Общественное питание,asof_june,2515
Общественное питание,asof_june,2516
Общественное питание,asof_june,2517
Общественное питание,asof_june,2518
Общественное питание,asof_june,2519
Общественное питание,asof_june,2520
Общественное питание,asof_june,2521
Общественное питание,asof_june,2522
Общественное питание,asof_june,2523
Общественное питание,asof_june,2524
Общественное питание,asof_june,2525
Общественное питание,asof_june,2526
Общественное питание,asof_june,2527
Общественное питание,asof_june,2528
Общественное питание,asof_june,2529
Общественное питание,asof_june,2530
Общественное питание,asof_june,2531
Общественное питание,asof_june,2532
Общественное питание,asof_june,2533
Общественное питание,asof_june,2534
Общественное питание,asof_june,2535
Общественное питание,asof_june,2536
Общественное питание,asof_june,2537
Общественное питание,asof_june,2538
Общественное питание,asof_june,2539
Общественное питание,asof_june,2540
Общественное питание,asof_june,2541
Общественное питание,asof_june,2542
Общественное питание,asof_june,2543
Общественное питание,asof_june,2544
Общественное питание,asof_june,2545
Общественное питание,asof_june,2546
Общественное питание,asof_june,2547
Общественное питание,asof_june,2548
Общественное питание,asof_june,2549
Общественное питание,asof_june,2550
Общественное питание,asof_june,2551
Общественное питание,asof_june,2552
Общественное питание,asof_june,2553
Общественное питание,asof_june,2554
Общественное питание,asof_june,2555
Общественное питание,asof_june,2556
Общественное питание,asof_june,2557
Общественное питание,asof_june,2558
Общественное питание,asof_june,2559
Общественное питание,asof_june,2560
Общественное питание,asof_june,2561
Общественное питание,asof_june,2562
Общественное питание,asof_june,2563
Общественное питание,asof_june,2564
Общественное питание,asof_june,2565
Общественное питание,asof_june,2566
Общественное питание,asof_june,2567
Общественное питание,asof_june,2568
Общественное питание,asof_june,2569
Общественное питание,asof_june,2570
Общественное питание,asof_june,2571
Общественное питание,asof_june,2572
Общественное питание,asof_june,2573
Общественное питание,asof_june,2574
Общественное питание,asof_june,2575
Общественное питание,asof_june,2576
Общественное питание,asof_june,2577
Общественное питание,asof_june,2578
Общественное питание,asof_june,2579
Общественное питание,asof_june,2580
Общественное питание,asof_june,2581
Общественное питание,asof_june,2582
Общественное питание,asof_june,2583
Общественное питание,asof_june,2584
Общественное питание,asof_june,2585
Общественное питание,asof_june,2586
Общественное питание,asof_june,2587
Общественное питание,asof_june,2588
Общественное питание,asof_june,2589
Общественное питание,asof_june,2590
Общественное питание,asof_june,2591
Общественное питание,asof_june,2592
Общественное питание,asof_june,2593
Общественное питание,asof_june,2595
Общественное питание,asof_june,2596
Общественное питание,asof_june,2597
Общественное питание,asof_june,2598
Общественное питание,asof_june,2599
Общественное питание,asof_june,2600
Общественное питание,asof_june,2601
Общественное питание,asof_june,2602
Общественное питание,asof_june,2604
Общественное питание,asof_june,2605
Общественное питание,asof_june,2606
Общественное питание,asof_june,2607
Общественное питание,asof_june,2618
Общественное питание,asof_june,2619
Общественное питание,asof_june,2620
Общественное питание,asof_june,2621
Общественное питание,asof_june,2644
Общественное питание,asof_june,2646
Общественное питание,asof_june,2647
Общественное питание,asof_june,2648
Общественное питание,asof_june,2649
Общественное питание,asof_june,2651
Общественное питание,asof_june,2652
Общественное питание,asof_june,2710
Общественное питание,asof_june,2808
Общественное питание,asof_june,2809
Общественное питание,asof_june,2813
Общественное питание,asof_june,2814
Общественное питание,asof_june,2872
Общественное питание,asof_june,2876
Общественное питание,asof_june,2879
Общественное питание,asof_june,2880
Общественное питание,asof_june,2881
Общественное питание,asof_june,2882
Общественное питание,asof_june,2883
Общественное питание,asof_june,2884
Общественное питание,asof_june,2885
Общественное питание,asof_june,2886
Общественное питание,asof_june,2887
Общественное питание,asof_june,3005
Общественное питание,asof_june,3007
Общественное питание,asof_june,3009
Общественное питание,asof_june,3011
Общественное питание,asof_june,3012
Общественное питание,asof_june,3013
Общественное питание,balanced_future_reference,1
Общественное питание,balanced_future_reference,2
Общественное питание,balanced_future_reference,3
Общественное питание,balanced_future_reference,4
Общественное питание,balanced_future_reference,5
Общественное питание,balanced_future_reference,6
Общественное питание,balanced_future_reference,7
Общественное питание,balanced_future_reference,8
Общественное питание,balanced_future_reference,9
Общественное питание,balanced_future_reference,10
Общественное питание,balanced_future_reference,11
Общественное питание,balanced_future_reference,12
Общественное питание,balanced_future_reference,13
Общественное питание,balanced_future_reference,14
Общественное питание,balanced_future_reference,15
Общественное питание,balanced_future_reference,16
Общественное питание,balanced_future_reference,17
Общественное питание,balanced_future_reference,18
Общественное питание,balanced_future_reference,19
Общественное питание,balanced_future_reference,20
Общественное питание,balanced_future_reference,21
Общественное питание,balanced_future_reference,22
Общественное питание,balanced_future_reference,23
Общественное питание,balanced_future_reference,25
Общественное питание,balanced_future_reference,26
Общественное питание,balanced_future_reference,27
Общественное питание,balanced_future_reference,28
Общественное питание,balanced_future_reference,29
Общественное питание,balanced_future_reference,30
Общественное питание,balanced_future_reference,31
Общественное питание,balanced_future_reference,32
Общественное питание,balanced_future_reference,33
Общественное питание,balanced_future_reference,34
Общественное питание,balanced_future_reference,35
Общественное питание,balanced_future_reference,36
Общественное питание,balanced_future_reference,37
Общественное питание,balanced_future_reference,38
Общественное питание,balanced_future_reference,39
Общественное питание,balanced_future_reference,40
Общественное питание,balanced_future_reference,41
Общественное питание,balanced_future_reference,42
Общественное питание,balanced_future_reference,43
Общественное питание,balanced_future_reference,44
Общественное питание,balanced_future_reference,45
Общественное питание,balanced_future_reference,46
Общественное питание,balanced_future_reference,47
Общественное питание,balanced_future_reference,48
Общественное питание,balanced_future_reference,49
Общественное питание,balanced_future_reference,50
Общественное питание,balanced_future_reference,51
Общественное питание,balanced_future_reference,52
Общественное питание,balanced_future_reference,53
Общественное питание,balanced_future_reference,54
Общественное питание,balanced_future_reference,55
Общественное питание,balanced_future_reference,56
Общественное питание,balanced_future_reference,57
Общественное питание,balanced_future_reference,58
Общественное питание,balanced_future_reference,59
Общественное питание,balanced_future_reference,60
Общественное питание,balanced_future_reference,61
Общественное питание,balanced_future_reference,62
Общественное питание,balanced_future_reference,63
Общественное питание,balanced_future_reference,65
Общественное питание,balanced_future_reference,66
Общественное питание,balanced_future_reference,67
Общественное питание,balanced_future_reference,68
Общественное питание,balanced_future_reference,69
Общественное питание,balanced_future_reference,70
Общественное питание,balanced_future_reference,71
Общественное питание,balanced_future_reference,72
Общественное питание,balanced_future_reference,73
Общественное питание,balanced_future_reference,74
Общественное питание,balanced_future_reference,75
Общественное питание,balanced_future_reference,76
Общественное питание,balanced_future_reference,77
Общественное питание,balanced_future_reference,78
Общественное питание,balanced_future_reference,79
Общественное питание,balanced_future_reference,80
Общественное питание,balanced_future_reference,81
Общественное питание,balanced_future_reference,82
Общественное питание,balanced_future_reference,83
Общественное питание,balanced_future_reference,167
Общественное питание,balanced_future_reference,168
Общественное питание,balanced_future_reference,169
Общественное питание,balanced_future_reference,173
Общественное питание,balanced_future_reference,181
Общественное питание,balanced_future_reference,184
Общественное питание,balanced_future_reference,185
Общественное питание,balanced_future_reference,188
Общественное питание,balanced_future_reference,191
Общественное питание,balanced_future_reference,194
Общественное питание,balanced_future_reference,195
Общественное питание,balanced_future_reference,196
Общественное питание,balanced_future_reference,198
Общественное питание,balanced_future_reference,201
Общественное питание,balanced_future_reference,203
Общественное питание,balanced_future_reference,204
Общественное питание,balanced_future_reference,205
Общественное питание,balanced_future_reference,206
Общественное питание,balanced_future_reference,207
Общественное питание,balanced_future_reference,208
Общественное питание,balanced_future_reference,209
Общественное питание,balanced_future_reference,210
Общественное питание,balanced_future_reference,211
Общественное питание,balanced_future_reference,212
Общественное питание,balanced_future_reference,213
Общественное питание,balanced_future_reference,214
Общественное питание,balanced_future_reference,215
Общественное питание,balanced_future_reference,216
Общественное питание,balanced_future_reference,217
Общественное питание,balanced_future_reference,218
Общественное питание,balanced_future_reference,219
Общественное питание,balanced_future_reference,220
Общественное питание,balanced_future_reference,221
Общественное питание,balanced_future_reference,222
Общественное питание,balanced_future_reference,223
Общественное питание,balanced_future_reference,224
Общественное питание,balanced_future_reference,225
Общественное питание,balanced_future_reference,226
Общественное питание,balanced_future_reference,227
Общественное питание,balanced_future_reference,228
Общественное питание,balanced_future_reference,229
Общественное питание,balanced_future_reference,230
Общественное питание,balanced_future_reference,231
Общественное питание,balanced_future_reference,232
Общественное питание,balanced_future_reference,233
Общественное питание,balanced_future_reference,234
Общественное питание,balanced_future_reference,235
Общественное питание,balanced_future_reference,236
Общественное питание,balanced_future_reference,237
Общественное питание,balanced_future_reference,238
Общественное питание,balanced_future_reference,239
Общественное питание,balanced_future_reference,240
Общественное питание,balanced_future_reference,241
Общественное питание,balanced_future_reference,242
Общественное питание,balanced_future_reference,243
Общественное питание,balanced_future_reference,269
Общественное питание,balanced_future_reference,270
Общественное питание,balanced_future_reference,271
Общественное питание,balanced_future_reference,272
Общественное питание,balanced_future_reference,273
Общественное питание,balanced_future_reference,274
Общественное питание,balanced_future_reference,275
Общественное питание,balanced_future_reference,276
Общественное питание,balanced_future_reference,277
Общественное питание,balanced_future_reference,278
Общественное питание,balanced_future_reference,279
Общественное питание,balanced_future_reference,280
Общественное питание,balanced_future_reference,281
Общественное питание,balanced_future_reference,282
Общественное питание,balanced_future_reference,283
Общественное питание,balanced_future_reference,284
Общественное питание,balanced_future_reference,285
Общественное питание,balanced_future_reference,287
Общественное питание,balanced_future_reference,288
Общественное питание,balanced_future_reference,289
Общественное питание,balanced_future_reference,290
Общественное питание,balanced_future_reference,292
Общественное питание,balanced_future_reference,293
Общественное питание,balanced_future_reference,294
Общественное питание,balanced_future_reference,295
Общественное питание,balanced_future_reference,296
Общественное питание,balanced_future_reference,297
Общественное питание,balanced_future_reference,298
Общественное питание,balanced_future_reference,300
Общественное питание,balanced_future_reference,301
Общественное питание,balanced_future_reference,302
Общественное питание,balanced_future_reference,303
Общественное питание,balanced_future_reference,304
Общественное питание,balanced_future_reference,305
Общественное питание,balanced_future_reference,306
Общественное питание,balanced_future_reference,307
Общественное питание,balanced_future_reference,308
Общественное питание,balanced_future_reference,309
Общественное питание,balanced_future_reference,312
Общественное питание,balanced_future_reference,314
Общественное питание,balanced_future_reference,316
Общественное питание,balanced_future_reference,317
Общественное питание,balanced_future_reference,318
Общественное питание,balanced_future_reference,319
Общественное питание,balanced_future_reference,320
Общественное питание,balanced_future_reference,321
Общественное питание,balanced_future_reference,323
Общественное питание,balanced_future_reference,324
Общественное питание,balanced_future_reference,325
Общественное питание,balanced_future_reference,326
Общественное питание,balanced_future_reference,327
Общественное питание,balanced_future_reference,329
Общественное питание,balanced_future_reference,330
Общественное питание,balanced_future_reference,331
Общественное питание,balanced_future_reference,332
Общественное питание,balanced_future_reference,333
Общественное питание,balanced_future_reference,334
Общественное питание,balanced_future_reference,335
Общественное питание,balanced_future_reference,336
Общественное питание,balanced_future_reference,337
Общественное питание,balanced_future_reference,338
Общественное питание,balanced_future_reference,339
Общественное питание,balanced_future_reference,340
Общественное питание,balanced_future_reference,341
Общественное питание,balanced_future_reference,342
Общественное питание,balanced_future_reference,343
Общественное питание,balanced_future_reference,345
Общественное питание,balanced_future_reference,346
Общественное питание,balanced_future_reference,347
Общественное питание,balanced_future_reference,348
Общественное питание,balanced_future_reference,349
Общественное питание,balanced_future_reference,351
Общественное питание,balanced_future_reference,352
Общественное питание,balanced_future_reference,354
Общественное питание,balanced_future_reference,355
Общественное питание,balanced_future_reference,356
Общественное питание,balanced_future_reference,357
Общественное питание,balanced_future_reference,358
Общественное питание,balanced_future_reference,359
Общественное питание,balanced_future_reference,360
Общественное питание,balanced_future_reference,361
Общественное питание,balanced_future_reference,362
Общественное питание,balanced_future_reference,363
Общественное питание,balanced_future_reference,364
Общественное питание,balanced_future_reference,365
Общественное питание,balanced_future_reference,366
Общественное питание,balanced_future_reference,367
Общественное питание,balanced_future_reference,368
Общественное питание,balanced_future_reference,369
Общественное питание,balanced_future_reference,370
Общественное питание,balanced_future_reference,371
Общественное питание,balanced_future_reference,372
Общественное питание,balanced_future_reference,373
Общественное питание,balanced_future_reference,374
Общественное питание,balanced_future_reference,375
Общественное питание,balanced_future_reference,376
Общественное питание,balanced_future_reference,377
Общественное питание,balanced_future_reference,378
Общественное питание,balanced_future_reference,379
Общественное питание,balanced_future_reference,380
Общественное питание,balanced_future_reference,381
Общественное питание,balanced_future_reference,382
Общественное питание,balanced_future_reference,383
Общественное питание,balanced_future_reference,384
Общественное питание,balanced_future_reference,385
Общественное питание,balanced_future_reference,386
Общественное питание,balanced_future_reference,387
Общественное питание,balanced_future_reference,388
Общественное питание,balanced_future_reference,390
Общественное питание,balanced_future_reference,391
Общественное питание,balanced_future_reference,392
Общественное питание,balanced_future_reference,393
Общественное питание,balanced_future_reference,395
Общественное питание,balanced_future_reference,396
Общественное питание,balanced_future_reference,397
Общественное питание,balanced_future_reference,398
Общественное питание,balanced_future_reference,401
Общественное питание,balanced_future_reference,402
Общественное питание,balanced_future_reference,403
Общественное питание,balanced_future_reference,404
Общественное питание,balanced_future_reference,405
Общественное питание,balanced_future_reference,408
Общественное питание,balanced_future_reference,410
Общественное питание,balanced_future_reference,413
Общественное питание,balanced_future_reference,414
Общественное питание,balanced_future_reference,416
Общественное питание,balanced_future_reference,418
Общественное питание,balanced_future_reference,419
Общественное питание,balanced_future_reference,420
Общественное питание,balanced_future_reference,421
Общественное питание,balanced_future_reference,422
Общественное питание,balanced_future_reference,423
Общественное питание,balanced_future_reference,424
Общественное питание,balanced_future_reference,425
Общественное питание,balanced_future_reference,428
Общественное питание,balanced_future_reference,429
Общественное питание,balanced_future_reference,430
Общественное питание,balanced_future_reference,431
Общественное питание,balanced_future_reference,432
Общественное питание,balanced_future_reference,433
Общественное питание,balanced_future_reference,434
Общественное питание,balanced_future_reference,435
Общественное питание,balanced_future_reference,436
Общественное питание,balanced_future_reference,437
Общественное питание,balanced_future_reference,438
Общественное питание,balanced_future_reference,440
Общественное питание,balanced_future_reference,441
Общественное питание,balanced_future_reference,442
Общественное питание,balanced_future_reference,443
Общественное питание,balanced_future_reference,444
Общественное питание,balanced_future_reference,445
Общественное питание,balanced_future_reference,446
Общественное питание,balanced_future_reference,447
Общественное питание,balanced_future_reference,448
Общественное питание,balanced_future_reference,449
Общественное питание,balanced_future_reference,450
Общественное питание,balanced_future_reference,451
Общественное питание,balanced_future_reference,452
Общественное питание,balanced_future_reference,453
Общественное питание,balanced_future_reference,455
Общественное питание,balanced_future_reference,456
Общественное питание,balanced_future_reference,457
Общественное питание,balanced_future_reference,458
Общественное питание,balanced_future_reference,459
Общественное питание,balanced_future_reference,460
Общественное питание,balanced_future_reference,478
Общественное питание,balanced_future_reference,479
Общественное питание,balanced_future_reference,480
Общественное питание,balanced_future_reference,481
Общественное питание,balanced_future_reference,482
Общественное питание,balanced_future_reference,484
Общественное питание,balanced_future_reference,485
Общественное питание,balanced_future_reference,486
Общественное питание,balanced_future_reference,487
Общественное питание,balanced_future_reference,489
Общественное питание,balanced_future_reference,490
Общественное питание,balanced_future_reference,491
Общественное питание,balanced_future_reference,492
Общественное питание,balanced_future_reference,493
Общественное питание,balanced_future_reference,494
Общественное питание,balanced_future_reference,495
Общественное питание,balanced_future_reference,496
Общественное питание,balanced_future_reference,497
Общественное питание,balanced_future_reference,498
Общественное питание,balanced_future_reference,499
Общественное питание,balanced_future_reference,501
Общественное питание,balanced_future_reference,502
Общественное питание,balanced_future_reference,503
Общественное питание,balanced_future_reference,504
Общественное питание,balanced_future_reference,505
Общественное питание,balanced_future_reference,506
Общественное питание,balanced_future_reference,507
Общественное питание,balanced_future_reference,508
Общественное питание,balanced_future_reference,509
Общественное питание,balanced_future_reference,510
Общественное питание,balanced_future_reference,511
Общественное питание,balanced_future_reference,512
Общественное питание,balanced_future_reference,515
Общественное питание,balanced_future_reference,516
Общественное питание,balanced_future_reference,517
Общественное питание,balanced_future_reference,518
Общественное питание,balanced_future_reference,519
Общественное питание,balanced_future_reference,520
Общественное питание,balanced_future_reference,521
Общественное питание,balanced_future_reference,522
Общественное питание,balanced_future_reference,523
Общественное питание,balanced_future_reference,524
Общественное питание,balanced_future_reference,525
Общественное питание,balanced_future_reference,527
Общественное питание,balanced_future_reference,528
Общественное питание,balanced_future_reference,529
Общественное питание,balanced_future_reference,530
Общественное питание,balanced_future_reference,531
Общественное питание,balanced_future_reference,532
Общественное питание,balanced_future_reference,533
Общественное питание,balanced_future_reference,534
Общественное питание,balanced_future_reference,535
Общественное питание,balanced_future_reference,536
Общественное питание,balanced_future_reference,537
Общественное питание,balanced_future_reference,538
Общественное питание,balanced_future_reference,539
Общественное питание,balanced_future_reference,540
Общественное питание,balanced_future_reference,541
Общественное питание,balanced_future_reference,542
Общественное питание,balanced_future_reference,543
Общественное питание,balanced_future_reference,544
Общественное питание,balanced_future_reference,545
Общественное питание,balanced_future_reference,546
Общественное питание,balanced_future_reference,547
Общественное питание,balanced_future_reference,548
Общественное питание,balanced_future_reference,549
Общественное питание,balanced_future_reference,550
Общественное питание,balanced_future_reference,552
Общественное питание,balanced_future_reference,553
Общественное питание,balanced_future_reference,554
Общественное питание,balanced_future_reference,555
Общественное питание,balanced_future_reference,556
Общественное питание,balanced_future_reference,557
Общественное питание,balanced_future_reference,558
Общественное питание,balanced_future_reference,559
Общественное питание,balanced_future_reference,560
Общественное питание,balanced_future_reference,561
Общественное питание,balanced_future_reference,562
Общественное питание,balanced_future_reference,563
Общественное питание,balanced_future_reference,564
Общественное питание,balanced_future_reference,565
Общественное питание,balanced_future_reference,566
Общественное питание,balanced_future_reference,567
Общественное питание,balanced_future_reference,568
Общественное питание,balanced_future_reference,569
Общественное питание,balanced_future_reference,570
Общественное питание,balanced_future_reference,571
Общественное питание,balanced_future_reference,572
Общественное питание,balanced_future_reference,574
Общественное питание,balanced_future_reference,578
Общественное питание,balanced_future_reference,579
Общественное питание,balanced_future_reference,580
Общественное питание,balanced_future_reference,581
Общественное питание,balanced_future_reference,582
Общественное питание,balanced_future_reference,583
Общественное питание,balanced_future_reference,584
Общественное питание,balanced_future_reference,585
Общественное питание,balanced_future_reference,586
Общественное питание,balanced_future_reference,587
Общественное питание,balanced_future_reference,588
Общественное питание,balanced_future_reference,589
Общественное питание,balanced_future_reference,591
Общественное питание,balanced_future_reference,592
Общественное питание,balanced_future_reference,593
Общественное питание,balanced_future_reference,594
Общественное питание,balanced_future_reference,595
Общественное питание,balanced_future_reference,598
Общественное питание,balanced_future_reference,599
Общественное питание,balanced_future_reference,600
Общественное питание,balanced_future_reference,601
Общественное питание,balanced_future_reference,602
Общественное питание,balanced_future_reference,603
Общественное питание,balanced_future_reference,604
Общественное питание,balanced_future_reference,605
Общественное питание,balanced_future_reference,606
Общественное питание,balanced_future_reference,607
Общественное питание,balanced_future_reference,608
Общественное питание,balanced_future_reference,612
Общественное питание,balanced_future_reference,613
Общественное питание,balanced_future_reference,614
Общественное питание,balanced_future_reference,615
Общественное питание,balanced_future_reference,616
Общественное питание,balanced_future_reference,618
Общественное питание,balanced_future_reference,619
Общественное питание,balanced_future_reference,621
Общественное питание,balanced_future_reference,666
Общественное питание,balanced_future_reference,667
Общественное питание,balanced_future_reference,668
Общественное питание,balanced_future_reference,669
Общественное питание,balanced_future_reference,670
Общественное питание,balanced_future_reference,671
Общественное питание,balanced_future_reference,674
Общественное питание,balanced_future_reference,675
Общественное питание,balanced_future_reference,676
Общественное питание,balanced_future_reference,677
Общественное питание,balanced_future_reference,678
Общественное питание,balanced_future_reference,679
Общественное питание,balanced_future_reference,680
Общественное питание,balanced_future_reference,683
Общественное питание,balanced_future_reference,685
Общественное питание,balanced_future_reference,686
Общественное питание,balanced_future_reference,687
Общественное питание,balanced_future_reference,689
Общественное питание,balanced_future_reference,690
Общественное питание,balanced_future_reference,691
Общественное питание,balanced_future_reference,692
Общественное питание,balanced_future_reference,693
Общественное питание,balanced_future_reference,694
Общественное питание,balanced_future_reference,695
Общественное питание,balanced_future_reference,696
Общественное питание,balanced_future_reference,697
Общественное питание,balanced_future_reference,698
Общественное питание,balanced_future_reference,699
Общественное питание,balanced_future_reference,701
Общественное питание,balanced_future_reference,702
Общественное питание,balanced_future_reference,703
Общественное питание,balanced_future_reference,704
Общественное питание,balanced_future_reference,705
Общественное питание,balanced_future_reference,706
Общественное питание,balanced_future_reference,708
Общественное питание,balanced_future_reference,710
Общественное питание,balanced_future_reference,711
Общественное питание,balanced_future_reference,712
Общественное питание,balanced_future_reference,713
Общественное питание,balanced_future_reference,714
Общественное питание,balanced_future_reference,715
Общественное питание,balanced_future_reference,716
Общественное питание,balanced_future_reference,717
Общественное питание,balanced_future_reference,718
Общественное питание,balanced_future_reference,719
Общественное питание,balanced_future_reference,720
Общественное питание,balanced_future_reference,721
Общественное питание,balanced_future_reference,722
Общественное питание,balanced_future_reference,723
Общественное питание,balanced_future_reference,725
Общественное питание,balanced_future_reference,726
Общественное питание,balanced_future_reference,727
Общественное питание,balanced_future_reference,731
Общественное питание,balanced_future_reference,734
Общественное питание,balanced_future_reference,735
Общественное питание,balanced_future_reference,736
Общественное питание,balanced_future_reference,737
Общественное питание,balanced_future_reference,738
Общественное питание,balanced_future_reference,739
Общественное питание,balanced_future_reference,741
Общественное питание,balanced_future_reference,742
Общественное питание,balanced_future_reference,743
Общественное питание,balanced_future_reference,744
Общественное питание,balanced_future_reference,745
Общественное питание,balanced_future_reference,746
Общественное питание,balanced_future_reference,747
Общественное питание,balanced_future_reference,748
Общественное питание,balanced_future_reference,749
Общественное питание,balanced_future_reference,751
Общественное питание,balanced_future_reference,752
Общественное питание,balanced_future_reference,753
Общественное питание,balanced_future_reference,754
Общественное питание,balanced_future_reference,755
Общественное питание,balanced_future_reference,756
Общественное питание,balanced_future_reference,757
Общественное питание,balanced_future_reference,758
Общественное питание,balanced_future_reference,760
Общественное питание,balanced_future_reference,761
Общественное питание,balanced_future_reference,763
Общественное питание,balanced_future_reference,764
Общественное питание,balanced_future_reference,765
Общественное питание,balanced_future_reference,766
Общественное питание,balanced_future_reference,767
Общественное питание,balanced_future_reference,769
Общественное питание,balanced_future_reference,770
Общественное питание,balanced_future_reference,771
Общественное питание,balanced_future_reference,773
Общественное питание,balanced_future_reference,774
Общественное питание,balanced_future_reference,775
Общественное питание,balanced_future_reference,776
Общественное питание,balanced_future_reference,777
Общественное питание,balanced_future_reference,778
Общественное питание,balanced_future_reference,779
Общественное питание,balanced_future_reference,780
Общественное питание,balanced_future_reference,781
Общественное питание,balanced_future_reference,782
Общественное питание,balanced_future_reference,783
Общественное питание,balanced_future_reference,784
Общественное питание,balanced_future_reference,785
Общественное питание,balanced_future_reference,787
Общественное питание,balanced_future_reference,788
Общественное питание,balanced_future_reference,789
Общественное питание,balanced_future_reference,790
Общественное питание,balanced_future_reference,791
Общественное питание,balanced_future_reference,792
Общественное питание,balanced_future_reference,793
Общественное питание,balanced_future_reference,794
Общественное питание,balanced_future_reference,795
Общественное питание,balanced_future_reference,796
Общественное питание,balanced_future_reference,797
Общественное питание,balanced_future_reference,798
Общественное питание,balanced_future_reference,799
Общественное питание,balanced_future_reference,800
Общественное питание,balanced_future_reference,801
Общественное питание,balanced_future_reference,802
Общественное питание,balanced_future_reference,803
Общественное питание,balanced_future_reference,804
Общественное питание,balanced_future_reference,805
Общественное питание,balanced_future_reference,806
Общественное питание,balanced_future_reference,807
Общественное питание,balanced_future_reference,808
Общественное питание,balanced_future_reference,809
Общественное питание,balanced_future_reference,810
Общественное питание,balanced_future_reference,811
Общественное питание,balanced_future_reference,812
Общественное питание,balanced_future_reference,813
Общественное питание,balanced_future_reference,814
Общественное питание,balanced_future_reference,815
Общественное питание,balanced_future_reference,817
Общественное питание,balanced_future_reference,818
Общественное питание,balanced_future_reference,819
Общественное питание,balanced_future_reference,820
Общественное питание,balanced_future_reference,821
Общественное питание,balanced_future_reference,822
Общественное питание,balanced_future_reference,823
Общественное питание,balanced_future_reference,824
Общественное питание,balanced_future_reference,825
Общественное питание,balanced_future_reference,826
Общественное питание,balanced_future_reference,827
Общественное питание,balanced_future_reference,828
Общественное питание,balanced_future_reference,829
Общественное питание,balanced_future_reference,830
Общественное питание,balanced_future_reference,831
Общественное питание,balanced_future_reference,832
Общественное питание,balanced_future_reference,833
Общественное питание,balanced_future_reference,834
Общественное питание,balanced_future_reference,835
Общественное питание,balanced_future_reference,836
Общественное питание,balanced_future_reference,838
Общественное питание,balanced_future_reference,839
Общественное питание,balanced_future_reference,840
Общественное питание,balanced_future_reference,841
Общественное питание,balanced_future_reference,842
Общественное питание,balanced_future_reference,843
Общественное питание,balanced_future_reference,844
Общественное питание,balanced_future_reference,846
Общественное питание,balanced_future_reference,847
Общественное питание,balanced_future_reference,848
Общественное питание,balanced_future_reference,849
Общественное питание,balanced_future_reference,851
Общественное питание,balanced_future_reference,852
Общественное питание,balanced_future_reference,853
Общественное питание,balanced_future_reference,854
Общественное питание,balanced_future_reference,855
Общественное питание,balanced_future_reference,856
Общественное питание,balanced_future_reference,857
Общественное питание,balanced_future_reference,859
Общественное питание,balanced_future_reference,860
Общественное питание,balanced_future_reference,870
Общественное питание,balanced_future_reference,871
Общественное питание,balanced_future_reference,872
Общественное питание,balanced_future_reference,873
Общественное питание,balanced_future_reference,874
Общественное питание,balanced_future_reference,875
Общественное питание,balanced_future_reference,876
Общественное питание,balanced_future_reference,877
Общественное питание,balanced_future_reference,878
Общественное питание,balanced_future_reference,879
Общественное питание,balanced_future_reference,880
Общественное питание,balanced_future_reference,881
Общественное питание,balanced_future_reference,882
Общественное питание,balanced_future_reference,883
Общественное питание,balanced_future_reference,884
Общественное питание,balanced_future_reference,885
Общественное питание,balanced_future_reference,886
Общественное питание,balanced_future_reference,888
Общественное питание,balanced_future_reference,889
Общественное питание,balanced_future_reference,890
Общественное питание,balanced_future_reference,891
Общественное питание,balanced_future_reference,892
Общественное питание,balanced_future_reference,895
Общественное питание,balanced_future_reference,896
Общественное питание,balanced_future_reference,897
Общественное питание,balanced_future_reference,898
Общественное питание,balanced_future_reference,899
Общественное питание,balanced_future_reference,900
Общественное питание,balanced_future_reference,901
Общественное питание,balanced_future_reference,902
Общественное питание,balanced_future_reference,903
Общественное питание,balanced_future_reference,904
Общественное питание,balanced_future_reference,905
Общественное питание,balanced_future_reference,907
Общественное питание,balanced_future_reference,908
Общественное питание,balanced_future_reference,909
Общественное питание,balanced_future_reference,911
Общественное питание,balanced_future_reference,912
Общественное питание,balanced_future_reference,913
Общественное питание,balanced_future_reference,914
Общественное питание,balanced_future_reference,915
Общественное питание,balanced_future_reference,916
Общественное питание,balanced_future_reference,917
Общественное питание,balanced_future_reference,918
Общественное питание,balanced_future_reference,920
Общественное питание,balanced_future_reference,922
Общественное питание,balanced_future_reference,923
Общественное питание,balanced_future_reference,924
Общественное питание,balanced_future_reference,925
Общественное питание,balanced_future_reference,926
Общественное питание,balanced_future_reference,927
Общественное питание,balanced_future_reference,928
Общественное питание,balanced_future_reference,929
Общественное питание,balanced_future_reference,930
Общественное питание,balanced_future_reference,986
Общественное питание,balanced_future_reference,987
Общественное питание,balanced_future_reference,988
Общественное питание,balanced_future_reference,989
Общественное питание,balanced_future_reference,991
Общественное питание,balanced_future_reference,992
Общественное питание,balanced_future_reference,993
Общественное питание,balanced_future_reference,994
Общественное питание,balanced_future_reference,995
Общественное питание,balanced_future_reference,996
Общественное питание,balanced_future_reference,998
Общественное питание,balanced_future_reference,999
Общественное питание,balanced_future_reference,1001
Общественное питание,balanced_future_reference,1002
Общественное питание,balanced_future_reference,1003
Общественное питание,balanced_future_reference,1004
Общественное питание,balanced_future_reference,1005
Общественное питание,balanced_future_reference,1006
Общественное питание,balanced_future_reference,1007
Общественное питание,balanced_future_reference,1008
Общественное питание,balanced_future_reference,1009
Общественное питание,balanced_future_reference,1010
Общественное питание,balanced_future_reference,1011
Общественное питание,balanced_future_reference,1012
Общественное питание,balanced_future_reference,1013
Общественное питание,balanced_future_reference,1014
Общественное питание,balanced_future_reference,1015
Общественное питание,balanced_future_reference,1016
Общественное питание,balanced_future_reference,1017
Общественное питание,balanced_future_reference,1018
Общественное питание,balanced_future_reference,1019
Общественное питание,balanced_future_reference,1020
Общественное питание,balanced_future_reference,1021
Общественное питание,balanced_future_reference,1023
Общественное питание,balanced_future_reference,1024
Общественное питание,balanced_future_reference,1025
Общественное питание,balanced_future_reference,1026
Общественное питание,balanced_future_reference,1027
Общественное питание,balanced_future_reference,1028
Общественное питание,balanced_future_reference,1029
Общественное питание,balanced_future_reference,1030
Общественное питание,balanced_future_reference,1031
Общественное питание,balanced_future_reference,1032
Общественное питание,balanced_future_reference,1033
Общественное питание,balanced_future_reference,1034
Общественное питание,balanced_future_reference,1035
Общественное питание,balanced_future_reference,1036
Общественное питание,balanced_future_reference,1037
Общественное питание,balanced_future_reference,1038
Общественное питание,balanced_future_reference,1039
Общественное питание,balanced_future_reference,1040
Общественное питание,balanced_future_reference,1041
Общественное питание,balanced_future_reference,1044
Общественное питание,balanced_future_reference,1047
Общественное питание,balanced_future_reference,1048
Общественное питание,balanced_future_reference,1049
Общественное питание,balanced_future_reference,1051
Общественное питание,balanced_future_reference,1052
Общественное питание,balanced_future_reference,1053
Общественное питание,balanced_future_reference,1054
Общественное питание,balanced_future_reference,1055
Общественное питание,balanced_future_reference,1056
Общественное питание,balanced_future_reference,1057
Общественное питание,balanced_future_reference,1058
Общественное питание,balanced_future_reference,1059
Общественное питание,balanced_future_reference,1060
Общественное питание,balanced_future_reference,1061
Общественное питание,balanced_future_reference,1062
Общественное питание,balanced_future_reference,1063
Общественное питание,balanced_future_reference,1064
Общественное питание,balanced_future_reference,1065
Общественное питание,balanced_future_reference,1066
Общественное питание,balanced_future_reference,1067
Общественное питание,balanced_future_reference,1068
Общественное питание,balanced_future_reference,1069
Общественное питание,balanced_future_reference,1070
Общественное питание,balanced_future_reference,1071
Общественное питание,balanced_future_reference,1072
Общественное питание,balanced_future_reference,1107
Общественное питание,balanced_future_reference,1108
Общественное питание,balanced_future_reference,1109
Общественное питание,balanced_future_reference,1110
Общественное питание,balanced_future_reference,1111
Общественное питание,balanced_future_reference,1112
Общественное питание,balanced_future_reference,1113
Общественное питание,balanced_future_reference,1115
Общественное питание,balanced_future_reference,1116
Общественное питание,balanced_future_reference,1117
Общественное питание,balanced_future_reference,1118
Общественное питание,balanced_future_reference,1119
Общественное питание,balanced_future_reference,1120
Общественное питание,balanced_future_reference,1121
Общественное питание,balanced_future_reference,1122
Общественное питание,balanced_future_reference,1123
Общественное питание,balanced_future_reference,1124
Общественное питание,balanced_future_reference,1125
Общественное питание,balanced_future_reference,1126
Общественное питание,balanced_future_reference,1127
Общественное питание,balanced_future_reference,1128
Общественное питание,balanced_future_reference,1129
Общественное питание,balanced_future_reference,1130
Общественное питание,balanced_future_reference,1131
Общественное питание,balanced_future_reference,1132
Общественное питание,balanced_future_reference,1133
Общественное питание,balanced_future_reference,1134
Общественное питание,balanced_future_reference,1135
Общественное питание,balanced_future_reference,1136
Общественное питание,balanced_future_reference,1137
Общественное питание,balanced_future_reference,1138
Общественное питание,balanced_future_reference,1139
Общественное питание,balanced_future_reference,1140
Общественное питание,balanced_future_reference,1141
Общественное питание,balanced_future_reference,1142
Общественное питание,balanced_future_reference,1143
Общественное питание,balanced_future_reference,1144
Общественное питание,balanced_future_reference,1146
Общественное питание,balanced_future_reference,1147
Общественное питание,balanced_future_reference,1148
Общественное питание,balanced_future_reference,1149
Общественное питание,balanced_future_reference,1150
Общественное питание,balanced_future_reference,1151
Общественное питание,balanced_future_reference,1152
Общественное питание,balanced_future_reference,1153
Общественное питание,balanced_future_reference,1154
Общественное питание,balanced_future_reference,1155
Общественное питание,balanced_future_reference,1157
Общественное питание,balanced_future_reference,1158
Общественное питание,balanced_future_reference,1159
Общественное питание,balanced_future_reference,1160
Общественное питание,balanced_future_reference,1161
Общественное питание,balanced_future_reference,1163
Общественное питание,balanced_future_reference,1164
Общественное питание,balanced_future_reference,1165
Общественное питание,balanced_future_reference,1166
Общественное питание,balanced_future_reference,1167
Общественное питание,balanced_future_reference,1168
Общественное питание,balanced_future_reference,1169
Общественное питание,balanced_future_reference,1170
Общественное питание,balanced_future_reference,1171
Общественное питание,balanced_future_reference,1172
Общественное питание,balanced_future_reference,1173
Общественное питание,balanced_future_reference,1174
Общественное питание,balanced_future_reference,1175
Общественное питание,balanced_future_reference,1176
Общественное питание,balanced_future_reference,1178
Общественное питание,balanced_future_reference,1179
Общественное питание,balanced_future_reference,1180
Общественное питание,balanced_future_reference,1181
Общественное питание,balanced_future_reference,1184
Общественное питание,balanced_future_reference,1185
Общественное питание,balanced_future_reference,1186
Общественное питание,balanced_future_reference,1187
Общественное питание,balanced_future_reference,1188
Общественное питание,balanced_future_reference,1189
Общественное питание,balanced_future_reference,1190
Общественное питание,balanced_future_reference,1191
Общественное питание,balanced_future_reference,1192
Общественное питание,balanced_future_reference,1193
Общественное питание,balanced_future_reference,1194
Общественное питание,balanced_future_reference,1195
Общественное питание,balanced_future_reference,1196
Общественное питание,balanced_future_reference,1197
Общественное питание,balanced_future_reference,1198
Общественное питание,balanced_future_reference,1200
Общественное питание,balanced_future_reference,1201
Общественное питание,balanced_future_reference,1203
Общественное питание,balanced_future_reference,1204
Общественное питание,balanced_future_reference,1205
Общественное питание,balanced_future_reference,1206
Общественное питание,balanced_future_reference,1207
Общественное питание,balanced_future_reference,1208
Общественное питание,balanced_future_reference,1209
Общественное питание,balanced_future_reference,1210
Общественное питание,balanced_future_reference,1211
Общественное питание,balanced_future_reference,1212
Общественное питание,balanced_future_reference,1213
Общественное питание,balanced_future_reference,1214
Общественное питание,balanced_future_reference,1215
Общественное питание,balanced_future_reference,1217
Общественное питание,balanced_future_reference,1218
Общественное питание,balanced_future_reference,1219
Общественное питание,balanced_future_reference,1220
Общественное питание,balanced_future_reference,1221
Общественное питание,balanced_future_reference,1222
Общественное питание,balanced_future_reference,1223
Общественное питание,balanced_future_reference,1224
Общественное питание,balanced_future_reference,1225
Общественное питание,balanced_future_reference,1226
Общественное питание,balanced_future_reference,1227
Общественное питание,balanced_future_reference,1228
Общественное питание,balanced_future_reference,1229
Общественное питание,balanced_future_reference,1230
Общественное питание,balanced_future_reference,1231
Общественное питание,balanced_future_reference,1232
Общественное питание,balanced_future_reference,1233
Общественное питание,balanced_future_reference,1234
Общественное питание,balanced_future_reference,1235
Общественное питание,balanced_future_reference,1236
Общественное питание,balanced_future_reference,1237
Общественное питание,balanced_future_reference,1238
Общественное питание,balanced_future_reference,1240
Общественное питание,balanced_future_reference,1241
Общественное питание,balanced_future_reference,1242
Общественное питание,balanced_future_reference,1243
Общественное питание,balanced_future_reference,1244
Общественное питание,balanced_future_reference,1246
Общественное питание,balanced_future_reference,1249
Общественное питание,balanced_future_reference,1250
Общественное питание,balanced_future_reference,1251
Общественное питание,balanced_future_reference,1252
Общественное питание,balanced_future_reference,1253
Общественное питание,balanced_future_reference,1254
Общественное питание,balanced_future_reference,1256
Общественное питание,balanced_future_reference,1257
Общественное питание,balanced_future_reference,1258
Общественное питание,balanced_future_reference,1259
Общественное питание,balanced_future_reference,1260
Общественное питание,balanced_future_reference,1261
Общественное питание,balanced_future_reference,1262
Общественное питание,balanced_future_reference,1264
Общественное питание,balanced_future_reference,1265
Общественное питание,balanced_future_reference,1266
Общественное питание,balanced_future_reference,1267
Общественное питание,balanced_future_reference,1268
Общественное питание,balanced_future_reference,1269
Общественное питание,balanced_future_reference,1270
Общественное питание,balanced_future_reference,1271
Общественное питание,balanced_future_reference,1272
Общественное питание,balanced_future_reference,1273
Общественное питание,balanced_future_reference,1274
Общественное питание,balanced_future_reference,1275
Общественное питание,balanced_future_reference,1276
Общественное питание,balanced_future_reference,1277
Общественное питание,balanced_future_reference,1278
Общественное питание,balanced_future_reference,1279
Общественное питание,balanced_future_reference,1280
Общественное питание,balanced_future_reference,1281
Общественное питание,balanced_future_reference,1282
Общественное питание,balanced_future_reference,1284
Общественное питание,balanced_future_reference,1285
Общественное питание,balanced_future_reference,1286
Общественное питание,balanced_future_reference,1287
Общественное питание,balanced_future_reference,1288
Общественное питание,balanced_future_reference,1289
Общественное питание,balanced_future_reference,1290
Общественное питание,balanced_future_reference,1291
Общественное питание,balanced_future_reference,1292
Общественное питание,balanced_future_reference,1293
Общественное питание,balanced_future_reference,1294
Общественное питание,balanced_future_reference,1295
Общественное питание,balanced_future_reference,1296
Общественное питание,balanced_future_reference,1297
Общественное питание,balanced_future_reference,1298
Общественное питание,balanced_future_reference,1299
Общественное питание,balanced_future_reference,1300
Общественное питание,balanced_future_reference,1301
Общественное питание,balanced_future_reference,1302
Общественное питание,balanced_future_reference,1303
Общественное питание,balanced_future_reference,1304
Общественное питание,balanced_future_reference,1305
Общественное питание,balanced_future_reference,1306
Общественное питание,balanced_future_reference,1308
Общественное питание,balanced_future_reference,1309
Общественное питание,balanced_future_reference,1310
Общественное питание,balanced_future_reference,1311
Общественное питание,balanced_future_reference,1312
Общественное питание,balanced_future_reference,1313
Общественное питание,balanced_future_reference,1314
Общественное питание,balanced_future_reference,1315
Общественное питание,balanced_future_reference,1316
Общественное питание,balanced_future_reference,1317
Общественное питание,balanced_future_reference,1319
Общественное питание,balanced_future_reference,1320
Общественное питание,balanced_future_reference,1321
Общественное питание,balanced_future_reference,1322
Общественное питание,balanced_future_reference,1323
Общественное питание,balanced_future_reference,1324
Общественное питание,balanced_future_reference,1325
Общественное питание,balanced_future_reference,1326
Общественное питание,balanced_future_reference,1327
Общественное питание,balanced_future_reference,1328
Общественное питание,balanced_future_reference,1329
Общественное питание,balanced_future_reference,1330
Общественное питание,balanced_future_reference,1331
Общественное питание,balanced_future_reference,1333
Общественное питание,balanced_future_reference,1334
Общественное питание,balanced_future_reference,1335
Общественное питание,balanced_future_reference,1336
Общественное питание,balanced_future_reference,1337
Общественное питание,balanced_future_reference,1338
Общественное питание,balanced_future_reference,1339
Общественное питание,balanced_future_reference,1340
Общественное питание,balanced_future_reference,1341
Общественное питание,balanced_future_reference,1343
Общественное питание,balanced_future_reference,1344
Общественное питание,balanced_future_reference,1345
Общественное питание,balanced_future_reference,1346
Общественное питание,balanced_future_reference,1347
Общественное питание,balanced_future_reference,1348
Общественное питание,balanced_future_reference,1349
Общественное питание,balanced_future_reference,1350
Общественное питание,balanced_future_reference,1351
Общественное питание,balanced_future_reference,1352
Общественное питание,balanced_future_reference,1353
Общественное питание,balanced_future_reference,1355
Общественное питание,balanced_future_reference,1356
Общественное питание,balanced_future_reference,1357
Общественное питание,balanced_future_reference,1358
Общественное питание,balanced_future_reference,1392
Общественное питание,balanced_future_reference,1393
Общественное питание,balanced_future_reference,1394
Общественное питание,balanced_future_reference,1395
Общественное питание,balanced_future_reference,1396
Общественное питание,balanced_future_reference,1397
Общественное питание,balanced_future_reference,1398
Общественное питание,balanced_future_reference,1399
Общественное питание,balanced_future_reference,1400
Общественное питание,balanced_future_reference,1401
Общественное питание,balanced_future_reference,1402
Общественное питание,balanced_future_reference,1403
Общественное питание,balanced_future_reference,1404
Общественное питание,balanced_future_reference,1405
Общественное питание,balanced_future_reference,1406
Общественное питание,balanced_future_reference,1407
Общественное питание,balanced_future_reference,1408
Общественное питание,balanced_future_reference,1409
Общественное питание,balanced_future_reference,1410
Общественное питание,balanced_future_reference,1411
Общественное питание,balanced_future_reference,1412
Общественное питание,balanced_future_reference,1413
Общественное питание,balanced_future_reference,1414
Общественное питание,balanced_future_reference,1415
Общественное питание,balanced_future_reference,1416
Общественное питание,balanced_future_reference,1417
Общественное питание,balanced_future_reference,1419
Общественное питание,balanced_future_reference,1420
Общественное питание,balanced_future_reference,1421
Общественное питание,balanced_future_reference,1422
Общественное питание,balanced_future_reference,1423
Общественное питание,balanced_future_reference,1425
Общественное питание,balanced_future_reference,1426
Общественное питание,balanced_future_reference,1427
Общественное питание,balanced_future_reference,1428
Общественное питание,balanced_future_reference,1429
Общественное питание,balanced_future_reference,1430
Общественное питание,balanced_future_reference,1431
Общественное питание,balanced_future_reference,1438
Общественное питание,balanced_future_reference,1439
Общественное питание,balanced_future_reference,1440
Общественное питание,balanced_future_reference,1443
Общественное питание,balanced_future_reference,1444
Общественное питание,balanced_future_reference,1445
Общественное питание,balanced_future_reference,1446
Общественное питание,balanced_future_reference,1447
Общественное питание,balanced_future_reference,1448
Общественное питание,balanced_future_reference,1449
Общественное питание,balanced_future_reference,1453
Общественное питание,balanced_future_reference,1454
Общественное питание,balanced_future_reference,1456
Общественное питание,balanced_future_reference,1457
Общественное питание,balanced_future_reference,1459
Общественное питание,balanced_future_reference,1461
Общественное питание,balanced_future_reference,1463
Общественное питание,balanced_future_reference,1464
Общественное питание,balanced_future_reference,1465
Общественное питание,balanced_future_reference,1467
Общественное питание,balanced_future_reference,1468
Общественное питание,balanced_future_reference,1472
Общественное питание,balanced_future_reference,1473
Общественное питание,balanced_future_reference,1474
Общественное питание,balanced_future_reference,1475
Общественное питание,balanced_future_reference,1477
Общественное питание,balanced_future_reference,1478
Общественное питание,balanced_future_reference,1480
Общественное питание,balanced_future_reference,1481
Общественное питание,balanced_future_reference,1483
Общественное питание,balanced_future_reference,1484
Общественное питание,balanced_future_reference,1486
Общественное питание,balanced_future_reference,1488
Общественное питание,balanced_future_reference,1489
Общественное питание,balanced_future_reference,1490
Общественное питание,balanced_future_reference,1491
Общественное питание,balanced_future_reference,1492
Общественное питание,balanced_future_reference,1493
Общественное питание,balanced_future_reference,1494
Общественное питание,balanced_future_reference,1495
Общественное питание,balanced_future_reference,1496
Общественное питание,balanced_future_reference,1500
Общественное питание,balanced_future_reference,1501
Общественное питание,balanced_future_reference,1504
Общественное питание,balanced_future_reference,1506
Общественное питание,balanced_future_reference,1507
Общественное питание,balanced_future_reference,1508
Общественное питание,balanced_future_reference,1509
Общественное питание,balanced_future_reference,1510
Общественное питание,balanced_future_reference,1511
Общественное питание,balanced_future_reference,1512
Общественное питание,balanced_future_reference,1518
Общественное питание,balanced_future_reference,1519
Общественное питание,balanced_future_reference,1520
Общественное питание,balanced_future_reference,1521
Общественное питание,balanced_future_reference,1522
Общественное питание,balanced_future_reference,1523
Общественное питание,balanced_future_reference,1525
Общественное питание,balanced_future_reference,1526
Общественное питание,balanced_future_reference,1527
Общественное питание,balanced_future_reference,1528
Общественное питание,balanced_future_reference,1529
Общественное питание,balanced_future_reference,1530
Общественное питание,balanced_future_reference,1532
Общественное питание,balanced_future_reference,1533
Общественное питание,balanced_future_reference,1534
Общественное питание,balanced_future_reference,1535
Общественное питание,balanced_future_reference,1536
Общественное питание,balanced_future_reference,1537
Общественное питание,balanced_future_reference,1539
Общественное питание,balanced_future_reference,1540
Общественное питание,balanced_future_reference,1541
Общественное питание,balanced_future_reference,1542
Общественное питание,balanced_future_reference,1543
Общественное питание,balanced_future_reference,1544
Общественное питание,balanced_future_reference,1545
Общественное питание,balanced_future_reference,1546
Общественное питание,balanced_future_reference,1547
Общественное питание,balanced_future_reference,1548
Общественное питание,balanced_future_reference,1549
Общественное питание,balanced_future_reference,1550
Общественное питание,balanced_future_reference,1551
Общественное питание,balanced_future_reference,1552
Общественное питание,balanced_future_reference,1553
Общественное питание,balanced_future_reference,1554
Общественное питание,balanced_future_reference,1555
Общественное питание,balanced_future_reference,1556
Общественное питание,balanced_future_reference,1557
Общественное питание,balanced_future_reference,1558
Общественное питание,balanced_future_reference,1559
Общественное питание,balanced_future_reference,1560
Общественное питание,balanced_future_reference,1561
Общественное питание,balanced_future_reference,1562
Общественное питание,balanced_future_reference,1563
Общественное питание,balanced_future_reference,1564
Общественное питание,balanced_future_reference,1565
Общественное питание,balanced_future_reference,1566
Общественное питание,balanced_future_reference,1567
Общественное питание,balanced_future_reference,1568
Общественное питание,balanced_future_reference,1569
Общественное питание,balanced_future_reference,1570
Общественное питание,balanced_future_reference,1571
Общественное питание,balanced_future_reference,1572
Общественное питание,balanced_future_reference,1573
Общественное питание,balanced_future_reference,1574
Общественное питание,balanced_future_reference,1575
Общественное питание,balanced_future_reference,1577
Общественное питание,balanced_future_reference,1578
Общественное питание,balanced_future_reference,1579
Общественное питание,balanced_future_reference,1580
Общественное питание,balanced_future_reference,1581
Общественное питание,balanced_future_reference,1582
Общественное питание,balanced_future_reference,1583
Общественное питание,balanced_future_reference,1584
Общественное питание,balanced_future_reference,1585
Общественное питание,balanced_future_reference,1586
Общественное питание,balanced_future_reference,1587
Общественное питание,balanced_future_reference,1588
Общественное питание,balanced_future_reference,1589
Общественное питание,balanced_future_reference,1590
Общественное питание,balanced_future_reference,1591
Общественное питание,balanced_future_reference,1592
Общественное питание,balanced_future_reference,1593
Общественное питание,balanced_future_reference,1594
Общественное питание,balanced_future_reference,1595
Общественное питание,balanced_future_reference,1596
Общественное питание,balanced_future_reference,1597
Общественное питание,balanced_future_reference,1598
Общественное питание,balanced_future_reference,1599
Общественное питание,balanced_future_reference,1600
Общественное питание,balanced_future_reference,1601
Общественное питание,balanced_future_reference,1602
Общественное питание,balanced_future_reference,1603
Общественное питание,balanced_future_reference,1604
Общественное питание,balanced_future_reference,1605
Общественное питание,balanced_future_reference,1606
Общественное питание,balanced_future_reference,1607
Общественное питание,balanced_future_reference,1608
Общественное питание,balanced_future_reference,1609
Общественное питание,balanced_future_reference,1610
Общественное питание,balanced_future_reference,1611
Общественное питание,balanced_future_reference,1612
Общественное питание,balanced_future_reference,1613
Общественное питание,balanced_future_reference,1614
Общественное питание,balanced_future_reference,1615
Общественное питание,balanced_future_reference,1616
Общественное питание,balanced_future_reference,1617
Общественное питание,balanced_future_reference,1618
Общественное питание,balanced_future_reference,1619
Общественное питание,balanced_future_reference,1620
Общественное питание,balanced_future_reference,1621
Общественное питание,balanced_future_reference,1622
Общественное питание,balanced_future_reference,1623
Общественное питание,balanced_future_reference,1624
Общественное питание,balanced_future_reference,1625
Общественное питание,balanced_future_reference,1626
Общественное питание,balanced_future_reference,1627
Общественное питание,balanced_future_reference,1628
Общественное питание,balanced_future_reference,1629
Общественное питание,balanced_future_reference,1630
Общественное питание,balanced_future_reference,1631
Общественное питание,balanced_future_reference,1632
Общественное питание,balanced_future_reference,1633
Общественное питание,balanced_future_reference,1634
Общественное питание,balanced_future_reference,1635
Общественное питание,balanced_future_reference,1636
Общественное питание,balanced_future_reference,1637
Общественное питание,balanced_future_reference,1638
Общественное питание,balanced_future_reference,1639
Общественное питание,balanced_future_reference,1640
Общественное питание,balanced_future_reference,1641
Общественное питание,balanced_future_reference,1642
Общественное питание,balanced_future_reference,1643
Общественное питание,balanced_future_reference,1644
Общественное питание,balanced_future_reference,1645
Общественное питание,balanced_future_reference,1646
Общественное питание,balanced_future_reference,1647
Общественное питание,balanced_future_reference,1648
Общественное питание,balanced_future_reference,1649
Общественное питание,balanced_future_reference,1650
Общественное питание,balanced_future_reference,1651
Общественное питание,balanced_future_reference,1652
Общественное питание,balanced_future_reference,1653
Общественное питание,balanced_future_reference,1654
Общественное питание,balanced_future_reference,1655
Общественное питание,balanced_future_reference,1656
Общественное питание,balanced_future_reference,1657
Общественное питание,balanced_future_reference,1658
Общественное питание,balanced_future_reference,1659
Общественное питание,balanced_future_reference,1660
Общественное питание,balanced_future_reference,1661
Общественное питание,balanced_future_reference,1662
Общественное питание,balanced_future_reference,1663
Общественное питание,balanced_future_reference,1664
Общественное питание,balanced_future_reference,1665
Общественное питание,balanced_future_reference,1666
Общественное питание,balanced_future_reference,1667
Общественное питание,balanced_future_reference,1668
Общественное питание,balanced_future_reference,1669
Общественное питание,balanced_future_reference,1670
Общественное питание,balanced_future_reference,1671
Общественное питание,balanced_future_reference,1672
Общественное питание,balanced_future_reference,1673
Общественное питание,balanced_future_reference,1674
Общественное питание,balanced_future_reference,1675
Общественное питание,balanced_future_reference,1676
Общественное питание,balanced_future_reference,1678
Общественное питание,balanced_future_reference,1679
Общественное питание,balanced_future_reference,1680
Общественное питание,balanced_future_reference,1681
Общественное питание,balanced_future_reference,1682
Общественное питание,balanced_future_reference,1683
Общественное питание,balanced_future_reference,1685
Общественное питание,balanced_future_reference,1686
Общественное питание,balanced_future_reference,1687
Общественное питание,balanced_future_reference,1688
Общественное питание,balanced_future_reference,1689
Общественное питание,balanced_future_reference,1690
Общественное питание,balanced_future_reference,1691
Общественное питание,balanced_future_reference,1692
Общественное питание,balanced_future_reference,1693
Общественное питание,balanced_future_reference,1694
Общественное питание,balanced_future_reference,1696
Общественное питание,balanced_future_reference,1697
Общественное питание,balanced_future_reference,1698
Общественное питание,balanced_future_reference,1699
Общественное питание,balanced_future_reference,1700
Общественное питание,balanced_future_reference,1701
Общественное питание,balanced_future_reference,1702
Общественное питание,balanced_future_reference,1703
Общественное питание,balanced_future_reference,1704
Общественное питание,balanced_future_reference,1705
Общественное питание,balanced_future_reference,1706
Общественное питание,balanced_future_reference,1707
Общественное питание,balanced_future_reference,1708
Общественное питание,balanced_future_reference,1709
Общественное питание,balanced_future_reference,1710
Общественное питание,balanced_future_reference,1711
Общественное питание,balanced_future_reference,1712
Общественное питание,balanced_future_reference,1714
Общественное питание,balanced_future_reference,1715
Общественное питание,balanced_future_reference,1717
Общественное питание,balanced_future_reference,1718
Общественное питание,balanced_future_reference,1719
Общественное питание,balanced_future_reference,1722
Общественное питание,balanced_future_reference,1724
Общественное питание,balanced_future_reference,1725
Общественное питание,balanced_future_reference,1726
Общественное питание,balanced_future_reference,1727
Общественное питание,balanced_future_reference,1728
Общественное питание,balanced_future_reference,1730
Общественное питание,balanced_future_reference,1731
Общественное питание,balanced_future_reference,1732
Общественное питание,balanced_future_reference,1733
Общественное питание,balanced_future_reference,1737
Общественное питание,balanced_future_reference,1738
Общественное питание,balanced_future_reference,1739
Общественное питание,balanced_future_reference,1740
Общественное питание,balanced_future_reference,1741
Общественное питание,balanced_future_reference,1742
Общественное питание,balanced_future_reference,1743
Общественное питание,balanced_future_reference,1744
Общественное питание,balanced_future_reference,1745
Общественное питание,balanced_future_reference,1746
Общественное питание,balanced_future_reference,1747
Общественное питание,balanced_future_reference,1749
Общественное питание,balanced_future_reference,1750
Общественное питание,balanced_future_reference,1751
Общественное питание,balanced_future_reference,1752
Общественное питание,balanced_future_reference,1753
Общественное питание,balanced_future_reference,1754
Общественное питание,balanced_future_reference,1755
Общественное питание,balanced_future_reference,1756
Общественное питание,balanced_future_reference,1757
Общественное питание,balanced_future_reference,1758
Общественное питание,balanced_future_reference,1759
Общественное питание,balanced_future_reference,1760
Общественное питание,balanced_future_reference,1761
Общественное питание,balanced_future_reference,1762
Общественное питание,balanced_future_reference,1764
Общественное питание,balanced_future_reference,1765
Общественное питание,balanced_future_reference,1766
Общественное питание,balanced_future_reference,1768
Общественное питание,balanced_future_reference,1769
Общественное питание,balanced_future_reference,1770
Общественное питание,balanced_future_reference,1771
Общественное питание,balanced_future_reference,1773
Общественное питание,balanced_future_reference,1774
Общественное питание,balanced_future_reference,1775
Общественное питание,balanced_future_reference,1776
Общественное питание,balanced_future_reference,1777
Общественное питание,balanced_future_reference,1778
Общественное питание,balanced_future_reference,1780
Общественное питание,balanced_future_reference,1781
Общественное питание,balanced_future_reference,1782
Общественное питание,balanced_future_reference,1783
Общественное питание,balanced_future_reference,1784
Общественное питание,balanced_future_reference,1785
Общественное питание,balanced_future_reference,1786
Общественное питание,balanced_future_reference,1787
Общественное питание,balanced_future_reference,1788
Общественное питание,balanced_future_reference,1845
Общественное питание,balanced_future_reference,1846
Общественное питание,balanced_future_reference,1848
Общественное питание,balanced_future_reference,1849
Общественное питание,balanced_future_reference,1850
Общественное питание,balanced_future_reference,1851
Общественное питание,balanced_future_reference,1852
Общественное питание,balanced_future_reference,1853
Общественное питание,balanced_future_reference,1854
Общественное питание,balanced_future_reference,1855
Общественное питание,balanced_future_reference,1856
Общественное питание,balanced_future_reference,1857
Общественное питание,balanced_future_reference,1858
Общественное питание,balanced_future_reference,1859
Общественное питание,balanced_future_reference,1860
Общественное питание,balanced_future_reference,1861
Общественное питание,balanced_future_reference,1862
Общественное питание,balanced_future_reference,1863
Общественное питание,balanced_future_reference,1864
Общественное питание,balanced_future_reference,1865
Общественное питание,balanced_future_reference,1868
Общественное питание,balanced_future_reference,1869
Общественное питание,balanced_future_reference,1870
Общественное питание,balanced_future_reference,1871
Общественное питание,balanced_future_reference,1872
Общественное питание,balanced_future_reference,1873
Общественное питание,balanced_future_reference,1874
Общественное питание,balanced_future_reference,1875
Общественное питание,balanced_future_reference,1876
Общественное питание,balanced_future_reference,1877
Общественное питание,balanced_future_reference,1878
Общественное питание,balanced_future_reference,1879
Общественное питание,balanced_future_reference,1880
Общественное питание,balanced_future_reference,1881
Общественное питание,balanced_future_reference,1883
Общественное питание,balanced_future_reference,1884
Общественное питание,balanced_future_reference,1885
Общественное питание,balanced_future_reference,1886
Общественное питание,balanced_future_reference,1887
Общественное питание,balanced_future_reference,1888
Общественное питание,balanced_future_reference,1889
Общественное питание,balanced_future_reference,1890
Общественное питание,balanced_future_reference,1891
Общественное питание,balanced_future_reference,1892
Общественное питание,balanced_future_reference,1893
Общественное питание,balanced_future_reference,1894
Общественное питание,balanced_future_reference,1895
Общественное питание,balanced_future_reference,1896
Общественное питание,balanced_future_reference,1897
Общественное питание,balanced_future_reference,1898
Общественное питание,balanced_future_reference,1899
Общественное питание,balanced_future_reference,1900
Общественное питание,balanced_future_reference,1901
Общественное питание,balanced_future_reference,1902
Общественное питание,balanced_future_reference,1903
Общественное питание,balanced_future_reference,1904
Общественное питание,balanced_future_reference,1905
Общественное питание,balanced_future_reference,1906
Общественное питание,balanced_future_reference,1907
Общественное питание,balanced_future_reference,1908
Общественное питание,balanced_future_reference,1909
Общественное питание,balanced_future_reference,1910
Общественное питание,balanced_future_reference,1912
Общественное питание,balanced_future_reference,1915
Общественное питание,balanced_future_reference,1916
Общественное питание,balanced_future_reference,1917
Общественное питание,balanced_future_reference,1918
Общественное питание,balanced_future_reference,1919
Общественное питание,balanced_future_reference,1920
Общественное питание,balanced_future_reference,1921
Общественное питание,balanced_future_reference,1922
Общественное питание,balanced_future_reference,1923
Общественное питание,balanced_future_reference,1924
Общественное питание,balanced_future_reference,1925
Общественное питание,balanced_future_reference,1926
Общественное питание,balanced_future_reference,1927
Общественное питание,balanced_future_reference,1928
Общественное питание,balanced_future_reference,1929
Общественное питание,balanced_future_reference,1930
Общественное питание,balanced_future_reference,1931
Общественное питание,balanced_future_reference,1932
Общественное питание,balanced_future_reference,1933
Общественное питание,balanced_future_reference,1934
Общественное питание,balanced_future_reference,1935
Общественное питание,balanced_future_reference,1936
Общественное питание,balanced_future_reference,1937
Общественное питание,balanced_future_reference,1938
Общественное питание,balanced_future_reference,1939
Общественное питание,balanced_future_reference,1940
Общественное питание,balanced_future_reference,1941
Общественное питание,balanced_future_reference,1942
Общественное питание,balanced_future_reference,1943
Общественное питание,balanced_future_reference,1944
Общественное питание,balanced_future_reference,1945
Общественное питание,balanced_future_reference,1947
Общественное питание,balanced_future_reference,1948
Общественное питание,balanced_future_reference,1949
Общественное питание,balanced_future_reference,1950
Общественное питание,balanced_future_reference,1951
Общественное питание,balanced_future_reference,1952
Общественное питание,balanced_future_reference,1954
Общественное питание,balanced_future_reference,1955
Общественное питание,balanced_future_reference,1956
Общественное питание,balanced_future_reference,1957
Общественное питание,balanced_future_reference,1958
Общественное питание,balanced_future_reference,1959
Общественное питание,balanced_future_reference,1960
Общественное питание,balanced_future_reference,1961
Общественное питание,balanced_future_reference,1962
Общественное питание,balanced_future_reference,1963
Общественное питание,balanced_future_reference,1965
Общественное питание,balanced_future_reference,1966
Общественное питание,balanced_future_reference,1967
Общественное питание,balanced_future_reference,1968
Общественное питание,balanced_future_reference,1969
Общественное питание,balanced_future_reference,1970
Общественное питание,balanced_future_reference,1971
Общественное питание,balanced_future_reference,1972
Общественное питание,balanced_future_reference,1973
Общественное питание,balanced_future_reference,1974
Общественное питание,balanced_future_reference,1975
Общественное питание,balanced_future_reference,1976
Общественное питание,balanced_future_reference,1977
Общественное питание,balanced_future_reference,1978
Общественное питание,balanced_future_reference,1979
Общественное питание,balanced_future_reference,1980
Общественное питание,balanced_future_reference,1981
Общественное питание,balanced_future_reference,1982
Общественное питание,balanced_future_reference,1983
Общественное питание,balanced_future_reference,1984
Общественное питание,balanced_future_reference,1985
Общественное питание,balanced_future_reference,1986
Общественное питание,balanced_future_reference,1987
Общественное питание,balanced_future_reference,1988
Общественное питание,balanced_future_reference,1989
Общественное питание,balanced_future_reference,1990
Общественное питание,balanced_future_reference,1991
Общественное питание,balanced_future_reference,1992
Общественное питание,balanced_future_reference,1993
Общественное питание,balanced_future_reference,1994
Общественное питание,balanced_future_reference,1995
Общественное питание,balanced_future_reference,1996
Общественное питание,balanced_future_reference,1997
Общественное питание,balanced_future_reference,1999
Общественное питание,balanced_future_reference,2000
Общественное питание,balanced_future_reference,2001
Общественное питание,balanced_future_reference,2002
Общественное питание,balanced_future_reference,2004
Общественное питание,balanced_future_reference,2005
Общественное питание,balanced_future_reference,2006
Общественное питание,balanced_future_reference,2007
Общественное питание,balanced_future_reference,2008
Общественное питание,balanced_future_reference,2009
Общественное питание,balanced_future_reference,2010
Общественное питание,balanced_future_reference,2011
Общественное питание,balanced_future_reference,2012
Общественное питание,balanced_future_reference,2015
Общественное питание,balanced_future_reference,2017
Общественное питание,balanced_future_reference,2018
Общественное питание,balanced_future_reference,2019
Общественное питание,balanced_future_reference,2021
Общественное питание,balanced_future_reference,2022
Общественное питание,balanced_future_reference,2023
Общественное питание,balanced_future_reference,2024
Общественное питание,balanced_future_reference,2025
Общественное питание,balanced_future_reference,2027
Общественное питание,balanced_future_reference,2028
Общественное питание,balanced_future_reference,2030
Общественное питание,balanced_future_reference,2031
Общественное питание,balanced_future_reference,2032
Общественное питание,balanced_future_reference,2033
Общественное питание,balanced_future_reference,2034
Общественное питание,balanced_future_reference,2035
Общественное питание,balanced_future_reference,2036
Общественное питание,balanced_future_reference,2037
Общественное питание,balanced_future_reference,2039
Общественное питание,balanced_future_reference,2040
Общественное питание,balanced_future_reference,2041
Общественное питание,balanced_future_reference,2042
Общественное питание,balanced_future_reference,2043
Общественное питание,balanced_future_reference,2044
Общественное питание,balanced_future_reference,2045
Общественное питание,balanced_future_reference,2046
Общественное питание,balanced_future_reference,2047
Общественное питание,balanced_future_reference,2048
Общественное питание,balanced_future_reference,2049
Общественное питание,balanced_future_reference,2050
Общественное питание,balanced_future_reference,2051
Общественное питание,balanced_future_reference,2052
Общественное питание,balanced_future_reference,2053
Общественное питание,balanced_future_reference,2054
Общественное питание,balanced_future_reference,2055
Общественное питание,balanced_future_reference,2056
Общественное питание,balanced_future_reference,2057
Общественное питание,balanced_future_reference,2058
Общественное питание,balanced_future_reference,2059
Общественное питание,balanced_future_reference,2060
Общественное питание,balanced_future_reference,2061
Общественное питание,balanced_future_reference,2062
Общественное питание,balanced_future_reference,2063
Общественное питание,balanced_future_reference,2064
Общественное питание,balanced_future_reference,2065
Общественное питание,balanced_future_reference,2066
Общественное питание,balanced_future_reference,2067
Общественное питание,balanced_future_reference,2068
Общественное питание,balanced_future_reference,2069
Общественное питание,balanced_future_reference,2070
Общественное питание,balanced_future_reference,2072
Общественное питание,balanced_future_reference,2073
Общественное питание,balanced_future_reference,2074
Общественное питание,balanced_future_reference,2075
Общественное питание,balanced_future_reference,2076
Общественное питание,balanced_future_reference,2077
Общественное питание,balanced_future_reference,2078
Общественное питание,balanced_future_reference,2079
Общественное питание,balanced_future_reference,2080
Общественное питание,balanced_future_reference,2081
Общественное питание,balanced_future_reference,2082
Общественное питание,balanced_future_reference,2085
Общественное питание,balanced_future_reference,2087
Общественное питание,balanced_future_reference,2088
Общественное питание,balanced_future_reference,2089
Общественное питание,balanced_future_reference,2090
Общественное питание,balanced_future_reference,2091
Общественное питание,balanced_future_reference,2093
Общественное питание,balanced_future_reference,2094
Общественное питание,balanced_future_reference,2095
Общественное питание,balanced_future_reference,2096
Общественное питание,balanced_future_reference,2098
Общественное питание,balanced_future_reference,2100
Общественное питание,balanced_future_reference,2101
Общественное питание,balanced_future_reference,2105
Общественное питание,balanced_future_reference,2108
Общественное питание,balanced_future_reference,2109
Общественное питание,balanced_future_reference,2110
Общественное питание,balanced_future_reference,2111
Общественное питание,balanced_future_reference,2112
Общественное питание,balanced_future_reference,2113
Общественное питание,balanced_future_reference,2114
Общественное питание,balanced_future_reference,2116
Общественное питание,balanced_future_reference,2117
Общественное питание,balanced_future_reference,2118
Общественное питание,balanced_future_reference,2119
Общественное питание,balanced_future_reference,2120
Общественное питание,balanced_future_reference,2121
Общественное питание,balanced_future_reference,2122
Общественное питание,balanced_future_reference,2124
Общественное питание,balanced_future_reference,2125
Общественное питание,balanced_future_reference,2126
Общественное питание,balanced_future_reference,2127
Общественное питание,balanced_future_reference,2128
Общественное питание,balanced_future_reference,2129
Общественное питание,balanced_future_reference,2130
Общественное питание,balanced_future_reference,2131
Общественное питание,balanced_future_reference,2132
Общественное питание,balanced_future_reference,2133
Общественное питание,balanced_future_reference,2134
Общественное питание,balanced_future_reference,2136
Общественное питание,balanced_future_reference,2137
Общественное питание,balanced_future_reference,2138
Общественное питание,balanced_future_reference,2139
Общественное питание,balanced_future_reference,2140
Общественное питание,balanced_future_reference,2142
Общественное питание,balanced_future_reference,2143
Общественное питание,balanced_future_reference,2144
Общественное питание,balanced_future_reference,2145
Общественное питание,balanced_future_reference,2146
Общественное питание,balanced_future_reference,2148
Общественное питание,balanced_future_reference,2149
Общественное питание,balanced_future_reference,2150
Общественное питание,balanced_future_reference,2151
Общественное питание,balanced_future_reference,2152
Общественное питание,balanced_future_reference,2153
Общественное питание,balanced_future_reference,2154
Общественное питание,balanced_future_reference,2155
Общественное питание,balanced_future_reference,2156
Общественное питание,balanced_future_reference,2157
Общественное питание,balanced_future_reference,2158
Общественное питание,balanced_future_reference,2159
Общественное питание,balanced_future_reference,2160
Общественное питание,balanced_future_reference,2161
Общественное питание,balanced_future_reference,2162
Общественное питание,balanced_future_reference,2163
Общественное питание,balanced_future_reference,2164
Общественное питание,balanced_future_reference,2165
Общественное питание,balanced_future_reference,2167
Общественное питание,balanced_future_reference,2168
Общественное питание,balanced_future_reference,2169
Общественное питание,balanced_future_reference,2171
Общественное питание,balanced_future_reference,2172
Общественное питание,balanced_future_reference,2173
Общественное питание,balanced_future_reference,2174
Общественное питание,balanced_future_reference,2175
Общественное питание,balanced_future_reference,2176
Общественное питание,balanced_future_reference,2177
Общественное питание,balanced_future_reference,2178
Общественное питание,balanced_future_reference,2179
Общественное питание,balanced_future_reference,2180
Общественное питание,balanced_future_reference,2181
Общественное питание,balanced_future_reference,2182
Общественное питание,balanced_future_reference,2183
Общественное питание,balanced_future_reference,2184
Общественное питание,balanced_future_reference,2185
Общественное питание,balanced_future_reference,2186
Общественное питание,balanced_future_reference,2187
Общественное питание,balanced_future_reference,2188
Общественное питание,balanced_future_reference,2189
Общественное питание,balanced_future_reference,2190
Общественное питание,balanced_future_reference,2191
Общественное питание,balanced_future_reference,2192
Общественное питание,balanced_future_reference,2193
Общественное питание,balanced_future_reference,2194
Общественное питание,balanced_future_reference,2195
Общественное питание,balanced_future_reference,2196
Общественное питание,balanced_future_reference,2197
Общественное питание,balanced_future_reference,2198
Общественное питание,balanced_future_reference,2199
Общественное питание,balanced_future_reference,2200
Общественное питание,balanced_future_reference,2201
Общественное питание,balanced_future_reference,2202
Общественное питание,balanced_future_reference,2203
Общественное питание,balanced_future_reference,2204
Общественное питание,balanced_future_reference,2205
Общественное питание,balanced_future_reference,2206
Общественное питание,balanced_future_reference,2207
Общественное питание,balanced_future_reference,2208
Общественное питание,balanced_future_reference,2210
Общественное питание,balanced_future_reference,2211
Общественное питание,balanced_future_reference,2212
Общественное питание,balanced_future_reference,2213
Общественное питание,balanced_future_reference,2215
Общественное питание,balanced_future_reference,2216
Общественное питание,balanced_future_reference,2217
Общественное питание,balanced_future_reference,2218
Общественное питание,balanced_future_reference,2219
Общественное питание,balanced_future_reference,2220
Общественное питание,balanced_future_reference,2221
Общественное питание,balanced_future_reference,2222
Общественное питание,balanced_future_reference,2223
Общественное питание,balanced_future_reference,2224
Общественное питание,balanced_future_reference,2225
Общественное питание,balanced_future_reference,2226
Общественное питание,balanced_future_reference,2227
Общественное питание,balanced_future_reference,2228
Общественное питание,balanced_future_reference,2229
Общественное питание,balanced_future_reference,2230
Общественное питание,balanced_future_reference,2231
Общественное питание,balanced_future_reference,2232
Общественное питание,balanced_future_reference,2233
Общественное питание,balanced_future_reference,2234
Общественное питание,balanced_future_reference,2235
Общественное питание,balanced_future_reference,2236
Общественное питание,balanced_future_reference,2237
Общественное питание,balanced_future_reference,2238
Общественное питание,balanced_future_reference,2241
Общественное питание,balanced_future_reference,2242
Общественное питание,balanced_future_reference,2243
Общественное питание,balanced_future_reference,2244
Общественное питание,balanced_future_reference,2245
Общественное питание,balanced_future_reference,2248
Общественное питание,balanced_future_reference,2249
Общественное питание,balanced_future_reference,2250
Общественное питание,balanced_future_reference,2251
Общественное питание,balanced_future_reference,2252
Общественное питание,balanced_future_reference,2253
Общественное питание,balanced_future_reference,2254
Общественное питание,balanced_future_reference,2255
Общественное питание,balanced_future_reference,2256
Общественное питание,balanced_future_reference,2257
Общественное питание,balanced_future_reference,2258
Общественное питание,balanced_future_reference,2259
Общественное питание,balanced_future_reference,2260
Общественное питание,balanced_future_reference,2262
Общественное питание,balanced_future_reference,2264
Общественное питание,balanced_future_reference,2265
Общественное питание,balanced_future_reference,2266
Общественное питание,balanced_future_reference,2267
Общественное питание,balanced_future_reference,2268
Общественное питание,balanced_future_reference,2269
Общественное питание,balanced_future_reference,2270
Общественное питание,balanced_future_reference,2271
Общественное питание,balanced_future_reference,2272
Общественное питание,balanced_future_reference,2274
Общественное питание,balanced_future_reference,2275
Общественное питание,balanced_future_reference,2276
Общественное питание,balanced_future_reference,2278
Общественное питание,balanced_future_reference,2279
Общественное питание,balanced_future_reference,2280
Общественное питание,balanced_future_reference,2281
Общественное питание,balanced_future_reference,2282
Общественное питание,balanced_future_reference,2286
Общественное питание,balanced_future_reference,2287
Общественное питание,balanced_future_reference,2288
Общественное питание,balanced_future_reference,2289
Общественное питание,balanced_future_reference,2292
Общественное питание,balanced_future_reference,2293
Общественное питание,balanced_future_reference,2294
Общественное питание,balanced_future_reference,2295
Общественное питание,balanced_future_reference,2296
Общественное питание,balanced_future_reference,2297
Общественное питание,balanced_future_reference,2298
Общественное питание,balanced_future_reference,2299
Общественное питание,balanced_future_reference,2300
Общественное питание,balanced_future_reference,2301
Общественное питание,balanced_future_reference,2302
Общественное питание,balanced_future_reference,2303
Общественное питание,balanced_future_reference,2304
Общественное питание,balanced_future_reference,2305
Общественное питание,balanced_future_reference,2307
Общественное питание,balanced_future_reference,2308
Общественное питание,balanced_future_reference,2309
Общественное питание,balanced_future_reference,2310
Общественное питание,balanced_future_reference,2311
Общественное питание,balanced_future_reference,2312
Общественное питание,balanced_future_reference,2314
Общественное питание,balanced_future_reference,2315
Общественное питание,balanced_future_reference,2316
Общественное питание,balanced_future_reference,2317
Общественное питание,balanced_future_reference,2318
Общественное питание,balanced_future_reference,2320
Общественное питание,balanced_future_reference,2321
Общественное питание,balanced_future_reference,2322
Общественное питание,balanced_future_reference,2323
Общественное питание,balanced_future_reference,2324
Общественное питание,balanced_future_reference,2325
Общественное питание,balanced_future_reference,2326
Общественное питание,balanced_future_reference,2327
Общественное питание,balanced_future_reference,2328
Общественное питание,balanced_future_reference,2329
Общественное питание,balanced_future_reference,2330
Общественное питание,balanced_future_reference,2332
Общественное питание,balanced_future_reference,2333
Общественное питание,balanced_future_reference,2334
Общественное питание,balanced_future_reference,2335
Общественное питание,balanced_future_reference,2336
Общественное питание,balanced_future_reference,2337
Общественное питание,balanced_future_reference,2338
Общественное питание,balanced_future_reference,2339
Общественное питание,balanced_future_reference,2340
Общественное питание,balanced_future_reference,2341
Общественное питание,balanced_future_reference,2342
Общественное питание,balanced_future_reference,2343
Общественное питание,balanced_future_reference,2344
Общественное питание,balanced_future_reference,2345
Общественное питание,balanced_future_reference,2348
Общественное питание,balanced_future_reference,2349
Общественное питание,balanced_future_reference,2351
Общественное питание,balanced_future_reference,2352
Общественное питание,balanced_future_reference,2353
Общественное питание,balanced_future_reference,2354
Общественное питание,balanced_future_reference,2355
Общественное питание,balanced_future_reference,2356
Общественное питание,balanced_future_reference,2357
Общественное питание,balanced_future_reference,2358
Общественное питание,balanced_future_reference,2359
Общественное питание,balanced_future_reference,2360
Общественное питание,balanced_future_reference,2361
Общественное питание,balanced_future_reference,2362
Общественное питание,balanced_future_reference,2363
Общественное питание,balanced_future_reference,2364
Общественное питание,balanced_future_reference,2365
Общественное питание,balanced_future_reference,2366
Общественное питание,balanced_future_reference,2367
Общественное питание,balanced_future_reference,2368
Общественное питание,balanced_future_reference,2369
Общественное питание,balanced_future_reference,2370
Общественное питание,balanced_future_reference,2371
Общественное питание,balanced_future_reference,2372
Общественное питание,balanced_future_reference,2373
Общественное питание,balanced_future_reference,2374
Общественное питание,balanced_future_reference,2375
Общественное питание,balanced_future_reference,2376
Общественное питание,balanced_future_reference,2377
Общественное питание,balanced_future_reference,2378
Общественное питание,balanced_future_reference,2379
Общественное питание,balanced_future_reference,2380
Общественное питание,balanced_future_reference,2381
Общественное питание,balanced_future_reference,2382
Общественное питание,balanced_future_reference,2383
Общественное питание,balanced_future_reference,2384
Общественное питание,balanced_future_reference,2385
Общественное питание,balanced_future_reference,2386
Общественное питание,balanced_future_reference,2387
Общественное питание,balanced_future_reference,2388
Общественное питание,balanced_future_reference,2389
Общественное питание,balanced_future_reference,2390
Общественное питание,balanced_future_reference,2391
Общественное питание,balanced_future_reference,2392
Общественное питание,balanced_future_reference,2393
Общественное питание,balanced_future_reference,2395
Общественное питание,balanced_future_reference,2398
Общественное питание,balanced_future_reference,2399
Общественное питание,balanced_future_reference,2400
Общественное питание,balanced_future_reference,2401
Общественное питание,balanced_future_reference,2402
Общественное питание,balanced_future_reference,2403
Общественное питание,balanced_future_reference,2404
Общественное питание,balanced_future_reference,2405
Общественное питание,balanced_future_reference,2406
Общественное питание,balanced_future_reference,2407
Общественное питание,balanced_future_reference,2408
Общественное питание,balanced_future_reference,2409
Общественное питание,balanced_future_reference,2410
Общественное питание,balanced_future_reference,2411
Общественное питание,balanced_future_reference,2412
Общественное питание,balanced_future_reference,2416
Общественное питание,balanced_future_reference,2422
Общественное питание,balanced_future_reference,2423
Общественное питание,balanced_future_reference,2424
Общественное питание,balanced_future_reference,2425
Общественное питание,balanced_future_reference,2426
Общественное питание,balanced_future_reference,2427
Общественное питание,balanced_future_reference,2428
Общественное питание,balanced_future_reference,2429
Общественное питание,balanced_future_reference,2430
Общественное питание,balanced_future_reference,2431
Общественное питание,balanced_future_reference,2432
Общественное питание,balanced_future_reference,2433
Общественное питание,balanced_future_reference,2434
Общественное питание,balanced_future_reference,2435
Общественное питание,balanced_future_reference,2436
Общественное питание,balanced_future_reference,2437
Общественное питание,balanced_future_reference,2439
Общественное питание,balanced_future_reference,2440
Общественное питание,balanced_future_reference,2441
Общественное питание,balanced_future_reference,2442
Общественное питание,balanced_future_reference,2443
Общественное питание,balanced_future_reference,2444
Общественное питание,balanced_future_reference,2445
Общественное питание,balanced_future_reference,2446
Общественное питание,balanced_future_reference,2447
Общественное питание,balanced_future_reference,2449
Общественное питание,balanced_future_reference,2450
Общественное питание,balanced_future_reference,2451
Общественное питание,balanced_future_reference,2452
Общественное питание,balanced_future_reference,2453
Общественное питание,balanced_future_reference,2454
Общественное питание,balanced_future_reference,2455
Общественное питание,balanced_future_reference,2456
Общественное питание,balanced_future_reference,2457
Общественное питание,balanced_future_reference,2458
Общественное питание,balanced_future_reference,2459
Общественное питание,balanced_future_reference,2460
Общественное питание,balanced_future_reference,2461
Общественное питание,balanced_future_reference,2462
Общественное питание,balanced_future_reference,2463
Общественное питание,balanced_future_reference,2464
Общественное питание,balanced_future_reference,2465
Общественное питание,balanced_future_reference,2466
Общественное питание,balanced_future_reference,2467
Общественное питание,balanced_future_reference,2468
Общественное питание,balanced_future_reference,2469
Общественное питание,balanced_future_reference,2470
Общественное питание,balanced_future_reference,2471
Общественное питание,balanced_future_reference,2472
Общественное питание,balanced_future_reference,2473
Общественное питание,balanced_future_reference,2474
Общественное питание,balanced_future_reference,2475
Общественное питание,balanced_future_reference,2476
Общественное питание,balanced_future_reference,2477
Общественное питание,balanced_future_reference,2478
Общественное питание,balanced_future_reference,2479
Общественное питание,balanced_future_reference,2480
Общественное питание,balanced_future_reference,2481
Общественное питание,balanced_future_reference,2482
Общественное питание,balanced_future_reference,2483
Общественное питание,balanced_future_reference,2484
Общественное питание,balanced_future_reference,2485
Общественное питание,balanced_future_reference,2486
Общественное питание,balanced_future_reference,2487
Общественное питание,balanced_future_reference,2488
Общественное питание,balanced_future_reference,2489
Общественное питание,balanced_future_reference,2490
Общественное питание,balanced_future_reference,2491
Общественное питание,balanced_future_reference,2492
Общественное питание,balanced_future_reference,2493
Общественное питание,balanced_future_reference,2494
Общественное питание,balanced_future_reference,2495
Общественное питание,balanced_future_reference,2496
Общественное питание,balanced_future_reference,2497
Общественное питание,balanced_future_reference,2498
Общественное питание,balanced_future_reference,2499
Общественное питание,balanced_future_reference,2500
Общественное питание,balanced_future_reference,2501
Общественное питание,balanced_future_reference,2502
Общественное питание,balanced_future_reference,2503
Общественное питание,balanced_future_reference,2504
Общественное питание,balanced_future_reference,2505
Общественное питание,balanced_future_reference,2506
Общественное питание,balanced_future_reference,2507
Общественное питание,balanced_future_reference,2508
Общественное питание,balanced_future_reference,2509
Общественное питание,balanced_future_reference,2510
Общественное питание,balanced_future_reference,2511
Общественное питание,balanced_future_reference,2512
Общественное питание,balanced_future_reference,2513
Общественное питание,balanced_future_reference,2514
Общественное питание,balanced_future_reference,2515
Общественное питание,balanced_future_reference,2516
Общественное питание,balanced_future_reference,2517
Общественное питание,balanced_future_reference,2518
Общественное питание,balanced_future_reference,2519
Общественное питание,balanced_future_reference,2520
Общественное питание,balanced_future_reference,2521
Общественное питание,balanced_future_reference,2522
Общественное питание,balanced_future_reference,2523
Общественное питание,balanced_future_reference,2524
Общественное питание,balanced_future_reference,2525
Общественное питание,balanced_future_reference,2526
Общественное питание,balanced_future_reference,2527
Общественное питание,balanced_future_reference,2528
Общественное питание,balanced_future_reference,2529
Общественное питание,balanced_future_reference,2530
Общественное питание,balanced_future_reference,2531
Общественное питание,balanced_future_reference,2532
Общественное питание,balanced_future_reference,2533
Общественное питание,balanced_future_reference,2534
Общественное питание,balanced_future_reference,2535
Общественное питание,balanced_future_reference,2536
Общественное питание,balanced_future_reference,2537
Общественное питание,balanced_future_reference,2538
Общественное питание,balanced_future_reference,2539
Общественное питание,balanced_future_reference,2540
Общественное питание,balanced_future_reference,2541
Общественное питание,balanced_future_reference,2542
Общественное питание,balanced_future_reference,2543
Общественное питание,balanced_future_reference,2544
Общественное питание,balanced_future_reference,2545
Общественное питание,balanced_future_reference,2546
Общественное питание,balanced_future_reference,2547
Общественное питание,balanced_future_reference,2548
Общественное питание,balanced_future_reference,2549
Общественное питание,balanced_future_reference,2550
Общественное питание,balanced_future_reference,2551
Общественное питание,balanced_future_reference,2552
Общественное питание,balanced_future_reference,2553
Общественное питание,balanced_future_reference,2554
Общественное питание,balanced_future_reference,2555
Общественное питание,balanced_future_reference,2556
Общественное питание,balanced_future_reference,2557
Общественное питание,balanced_future_reference,2558
Общественное питание,balanced_future_reference,2559
Общественное питание,balanced_future_reference,2560
Общественное питание,balanced_future_reference,2561
Общественное питание,balanced_future_reference,2562
Общественное питание,balanced_future_reference,2563
Общественное питание,balanced_future_reference,2564
Общественное питание,balanced_future_reference,2565
Общественное питание,balanced_future_reference,2566
Общественное питание,balanced_future_reference,2567
Общественное питание,balanced_future_reference,2568
Общественное питание,balanced_future_reference,2569
Общественное питание,balanced_future_reference,2570
Общественное питание,balanced_future_reference,2571
Общественное питание,balanced_future_reference,2572
Общественное питание,balanced_future_reference,2573
Общественное питание,balanced_future_reference,2574
Общественное питание,balanced_future_reference,2575
Общественное питание,balanced_future_reference,2576
Общественное питание,balanced_future_reference,2577
Общественное питание,balanced_future_reference,2578
Общественное питание,balanced_future_reference,2579
Общественное питание,balanced_future_reference,2580
Общественное питание,balanced_future_reference,2581
Общественное питание,balanced_future_reference,2582
Общественное питание,balanced_future_reference,2583
Общественное питание,balanced_future_reference,2584
Общественное питание,balanced_future_reference,2585
Общественное питание,balanced_future_reference,2586
Общественное питание,balanced_future_reference,2587
Общественное питание,balanced_future_reference,2588
Общественное питание,balanced_future_reference,2589
Общественное питание,balanced_future_reference,2590
Общественное питание,balanced_future_reference,2591
Общественное питание,balanced_future_reference,2592
Общественное питание,balanced_future_reference,2593
Общественное питание,balanced_future_reference,2595
Общественное питание,balanced_future_reference,2596
Общественное питание,balanced_future_reference,2597
Общественное питание,balanced_future_reference,2598
Общественное питание,balanced_future_reference,2599
Общественное питание,balanced_future_reference,2600
Общественное питание,balanced_future_reference,2601
Общественное питание,balanced_future_reference,2602
Общественное питание,balanced_future_reference,2604
Общественное питание,balanced_future_reference,2605
Общественное питание,balanced_future_reference,2606
Общественное питание,balanced_future_reference,2607
Общественное питание,balanced_future_reference,2618
Общественное питание,balanced_future_reference,2619
Общественное питание,balanced_future_reference,2620
Общественное питание,balanced_future_reference,2621
Общественное питание,balanced_future_reference,2644
Общественное питание,balanced_future_reference,2646
Общественное питание,balanced_future_reference,2647
Общественное питание,balanced_future_reference,2648
Общественное питание,balanced_future_reference,2649
Общественное питание,balanced_future_reference,2651
Общественное питание,balanced_future_reference,2652
Общественное питание,balanced_future_reference,2710
Общественное питание,balanced_future_reference,2808
Общественное питание,balanced_future_reference,2809
Общественное питание,balanced_future_reference,2813
Общественное питание,balanced_future_reference,2814
Общественное питание,balanced_future_reference,2872
Общественное питание,balanced_future_reference,2876
Общественное питание,balanced_future_reference,2879
Общественное питание,balanced_future_reference,2880
Общественное питание,balanced_future_reference,2881
Общественное питание,balanced_future_reference,2882
Общественное питание,balanced_future_reference,2883
Общественное питание,balanced_future_reference,2884
Общественное питание,balanced_future_reference,2885
Общественное питание,balanced_future_reference,2886
Общественное питание,balanced_future_reference,2887
Общественное питание,balanced_future_reference,3005
Общественное питание,balanced_future_reference,3007
Общественное питание,balanced_future_reference,3009
Общественное питание,balanced_future_reference,3011
Общественное питание,balanced_future_reference,3012
Общественное питание,balanced_future_reference,3013
Продовольствие,asof_june,1
Продовольствие,asof_june,2
Продовольствие,asof_june,3
Продовольствие,asof_june,4
Продовольствие,asof_june,5
Продовольствие,asof_june,6
Продовольствие,asof_june,7
Продовольствие,asof_june,8
Продовольствие,asof_june,9
Продовольствие,asof_june,10
Продовольствие,asof_june,11
Продовольствие,asof_june,12
Продовольствие,asof_june,13
Продовольствие,asof_june,14
Продовольствие,asof_june,15
Продовольствие,asof_june,16
Продовольствие,asof_june,17
Продовольствие,asof_june,18
Продовольствие,asof_june,19
Продовольствие,asof_june,20
Продовольствие,asof_june,21
Продовольствие,asof_june,22
Продовольствие,asof_june,23
Продовольствие,asof_june,25
Продовольствие,asof_june,26
Продовольствие,asof_june,27
Продовольствие,asof_june,28
Продовольствие,asof_june,29
Продовольствие,asof_june,30
Продовольствие,asof_june,31
Продовольствие,asof_june,32
Продовольствие,asof_june,33
Продовольствие,asof_june,34
Продовольствие,asof_june,35
Продовольствие,asof_june,36
Продовольствие,asof_june,37
Продовольствие,asof_june,38
Продовольствие,asof_june,39
Продовольствие,asof_june,40
Продовольствие,asof_june,41
Продовольствие,asof_june,42
Продовольствие,asof_june,43
Продовольствие,asof_june,44
Продовольствие,asof_june,45
Продовольствие,asof_june,46
Продовольствие,asof_june,47
Продовольствие,asof_june,48
Продовольствие,asof_june,49
Продовольствие,asof_june,50
Продовольствие,asof_june,51
Продовольствие,asof_june,52
Продовольствие,asof_june,53
Продовольствие,asof_june,54
Продовольствие,asof_june,55
Продовольствие,asof_june,56
Продовольствие,asof_june,57
Продовольствие,asof_june,58
Продовольствие,asof_june,59
Продовольствие,asof_june,60
Продовольствие,asof_june,61
Продовольствие,asof_june,62
Продовольствие,asof_june,63
Продовольствие,asof_june,65
Продовольствие,asof_june,66
Продовольствие,asof_june,67
Продовольствие,asof_june,68
Продовольствие,asof_june,69
Продовольствие,asof_june,70
Продовольствие,asof_june,71
Продовольствие,asof_june,72
Продовольствие,asof_june,73
Продовольствие,asof_june,74
Продовольствие,asof_june,75
Продовольствие,asof_june,76
Продовольствие,asof_june,77
Продовольствие,asof_june,78
Продовольствие,asof_june,79
Продовольствие,asof_june,80
Продовольствие,asof_june,81
Продовольствие,asof_june,82
Продовольствие,asof_june,83
Продовольствие,asof_june,167
Продовольствие,asof_june,168
Продовольствие,asof_june,169
Продовольствие,asof_june,173
Продовольствие,asof_june,181
Продовольствие,asof_june,184
Продовольствие,asof_june,185
Продовольствие,asof_june,188
Продовольствие,asof_june,191
Продовольствие,asof_june,194
Продовольствие,asof_june,195
Продовольствие,asof_june,196
Продовольствие,asof_june,198
Продовольствие,asof_june,201
Продовольствие,asof_june,203
Продовольствие,asof_june,204
Продовольствие,asof_june,205
Продовольствие,asof_june,206
Продовольствие,asof_june,207
Продовольствие,asof_june,208
Продовольствие,asof_june,209
Продовольствие,asof_june,210
Продовольствие,asof_june,211
Продовольствие,asof_june,212
Продовольствие,asof_june,213
Продовольствие,asof_june,214
Продовольствие,asof_june,215
Продовольствие,asof_june,216
Продовольствие,asof_june,217
Продовольствие,asof_june,218
Продовольствие,asof_june,219
Продовольствие,asof_june,220
Продовольствие,asof_june,221
Продовольствие,asof_june,222
Продовольствие,asof_june,223
Продовольствие,asof_june,224
Продовольствие,asof_june,225
Продовольствие,asof_june,226
Продовольствие,asof_june,227
Продовольствие,asof_june,228
Продовольствие,asof_june,229
Продовольствие,asof_june,230
Продовольствие,asof_june,231
Продовольствие,asof_june,232
Продовольствие,asof_june,233
Продовольствие,asof_june,234
Продовольствие,asof_june,235
Продовольствие,asof_june,236
Продовольствие,asof_june,237
Продовольствие,asof_june,238
Продовольствие,asof_june,239
Продовольствие,asof_june,240
Продовольствие,asof_june,241
Продовольствие,asof_june,242
Продовольствие,asof_june,243
Продовольствие,asof_june,269
Продовольствие,asof_june,270
Продовольствие,asof_june,271
Продовольствие,asof_june,272
Продовольствие,asof_june,273
Продовольствие,asof_june,274
Продовольствие,asof_june,275
Продовольствие,asof_june,276
Продовольствие,asof_june,277
Продовольствие,asof_june,278
Продовольствие,asof_june,279
Продовольствие,asof_june,280
Продовольствие,asof_june,281
Продовольствие,asof_june,282
Продовольствие,asof_june,283
Продовольствие,asof_june,284
Продовольствие,asof_june,285
Продовольствие,asof_june,287
Продовольствие,asof_june,288
Продовольствие,asof_june,289
Продовольствие,asof_june,290
Продовольствие,asof_june,292
Продовольствие,asof_june,293
Продовольствие,asof_june,294
Продовольствие,asof_june,295
Продовольствие,asof_june,296
Продовольствие,asof_june,297
Продовольствие,asof_june,298
Продовольствие,asof_june,300
Продовольствие,asof_june,301
Продовольствие,asof_june,302
Продовольствие,asof_june,303
Продовольствие,asof_june,304
Продовольствие,asof_june,305
Продовольствие,asof_june,306
Продовольствие,asof_june,307
Продовольствие,asof_june,308
Продовольствие,asof_june,309
Продовольствие,asof_june,311
Продовольствие,asof_june,312
Продовольствие,asof_june,314
Продовольствие,asof_june,315
Продовольствие,asof_june,316
Продовольствие,asof_june,317
Продовольствие,asof_june,318
Продовольствие,asof_june,319
Продовольствие,asof_june,320
Продовольствие,asof_june,321
Продовольствие,asof_june,322
Продовольствие,asof_june,323
Продовольствие,asof_june,324
Продовольствие,asof_june,325
Продовольствие,asof_june,326
Продовольствие,asof_june,327
Продовольствие,asof_june,328
Продовольствие,asof_june,329
Продовольствие,asof_june,330
Продовольствие,asof_june,331
Продовольствие,asof_june,332
Продовольствие,asof_june,333
Продовольствие,asof_june,334
Продовольствие,asof_june,335
Продовольствие,asof_june,336
Продовольствие,asof_june,337
Продовольствие,asof_june,338
Продовольствие,asof_june,339
Продовольствие,asof_june,340
Продовольствие,asof_june,341
Продовольствие,asof_june,342
Продовольствие,asof_june,343
Продовольствие,asof_june,345
Продовольствие,asof_june,346
Продовольствие,asof_june,347
Продовольствие,asof_june,348
Продовольствие,asof_june,349
Продовольствие,asof_june,351
Продовольствие,asof_june,352
Продовольствие,asof_june,354
Продовольствие,asof_june,355
Продовольствие,asof_june,356
Продовольствие,asof_june,357
Продовольствие,asof_june,358
Продовольствие,asof_june,359
Продовольствие,asof_june,360
Продовольствие,asof_june,361
Продовольствие,asof_june,362
Продовольствие,asof_june,363
Продовольствие,asof_june,364
Продовольствие,asof_june,365
Продовольствие,asof_june,366
Продовольствие,asof_june,367
Продовольствие,asof_june,368
Продовольствие,asof_june,369
Продовольствие,asof_june,370
Продовольствие,asof_june,371
Продовольствие,asof_june,372
Продовольствие,asof_june,373
Продовольствие,asof_june,374
Продовольствие,asof_june,375
Продовольствие,asof_june,376
Продовольствие,asof_june,377
Продовольствие,asof_june,378
Продовольствие,asof_june,379
Продовольствие,asof_june,380
Продовольствие,asof_june,381
Продовольствие,asof_june,382
Продовольствие,asof_june,383
Продовольствие,asof_june,384
Продовольствие,asof_june,385
Продовольствие,asof_june,386
Продовольствие,asof_june,387
Продовольствие,asof_june,388
Продовольствие,asof_june,390
Продовольствие,asof_june,391
Продовольствие,asof_june,392
Продовольствие,asof_june,393
Продовольствие,asof_june,395
Продовольствие,asof_june,396
Продовольствие,asof_june,397
Продовольствие,asof_june,398
Продовольствие,asof_june,401
Продовольствие,asof_june,402
Продовольствие,asof_june,403
Продовольствие,asof_june,404
Продовольствие,asof_june,405
Продовольствие,asof_june,408
Продовольствие,asof_june,410
Продовольствие,asof_june,413
Продовольствие,asof_june,414
Продовольствие,asof_june,416
Продовольствие,asof_june,418
Продовольствие,asof_june,419
Продовольствие,asof_june,420
Продовольствие,asof_june,421
Продовольствие,asof_june,422
Продовольствие,asof_june,423
Продовольствие,asof_june,424
Продовольствие,asof_june,425
Продовольствие,asof_june,428
Продовольствие,asof_june,429
Продовольствие,asof_june,430
Продовольствие,asof_june,431
Продовольствие,asof_june,432
Продовольствие,asof_june,433
Продовольствие,asof_june,434
Продовольствие,asof_june,435
Продовольствие,asof_june,436
Продовольствие,asof_june,437
Продовольствие,asof_june,438
Продовольствие,asof_june,440
Продовольствие,asof_june,441
Продовольствие,asof_june,442
Продовольствие,asof_june,443
Продовольствие,asof_june,444
Продовольствие,asof_june,445
Продовольствие,asof_june,446
Продовольствие,asof_june,447
Продовольствие,asof_june,448
Продовольствие,asof_june,449
Продовольствие,asof_june,450
Продовольствие,asof_june,451
Продовольствие,asof_june,452
Продовольствие,asof_june,453
Продовольствие,asof_june,455
Продовольствие,asof_june,456
Продовольствие,asof_june,457
Продовольствие,asof_june,458
Продовольствие,asof_june,459
Продовольствие,asof_june,460
Продовольствие,asof_june,478
Продовольствие,asof_june,479
Продовольствие,asof_june,480
Продовольствие,asof_june,481
Продовольствие,asof_june,482
Продовольствие,asof_june,484
Продовольствие,asof_june,485
Продовольствие,asof_june,486
Продовольствие,asof_june,487
Продовольствие,asof_june,489
Продовольствие,asof_june,490
Продовольствие,asof_june,491
Продовольствие,asof_june,492
Продовольствие,asof_june,493
Продовольствие,asof_june,494
Продовольствие,asof_june,495
Продовольствие,asof_june,496
Продовольствие,asof_june,497
Продовольствие,asof_june,498
Продовольствие,asof_june,499
Продовольствие,asof_june,501
Продовольствие,asof_june,502
Продовольствие,asof_june,503
Продовольствие,asof_june,504
Продовольствие,asof_june,505
Продовольствие,asof_june,506
Продовольствие,asof_june,507
Продовольствие,asof_june,508
Продовольствие,asof_june,509
Продовольствие,asof_june,510
Продовольствие,asof_june,511
Продовольствие,asof_june,512
Продовольствие,asof_june,515
Продовольствие,asof_june,516
Продовольствие,asof_june,517
Продовольствие,asof_june,518
Продовольствие,asof_june,519
Продовольствие,asof_june,520
Продовольствие,asof_june,521
Продовольствие,asof_june,522
Продовольствие,asof_june,523
Продовольствие,asof_june,524
Продовольствие,asof_june,525
Продовольствие,asof_june,527
Продовольствие,asof_june,528
Продовольствие,asof_june,529
Продовольствие,asof_june,530
Продовольствие,asof_june,531
Продовольствие,asof_june,532
Продовольствие,asof_june,533
Продовольствие,asof_june,534
Продовольствие,asof_june,535
Продовольствие,asof_june,536
Продовольствие,asof_june,537
Продовольствие,asof_june,538
Продовольствие,asof_june,539
Продовольствие,asof_june,540
Продовольствие,asof_june,541
Продовольствие,asof_june,542
Продовольствие,asof_june,543
Продовольствие,asof_june,544
Продовольствие,asof_june,545
Продовольствие,asof_june,546
Продовольствие,asof_june,547
Продовольствие,asof_june,548
Продовольствие,asof_june,549
Продовольствие,asof_june,550
Продовольствие,asof_june,552
Продовольствие,asof_june,553
Продовольствие,asof_june,554
Продовольствие,asof_june,555
Продовольствие,asof_june,556
Продовольствие,asof_june,557
Продовольствие,asof_june,558
Продовольствие,asof_june,559
Продовольствие,asof_june,560
Продовольствие,asof_june,561
Продовольствие,asof_june,562
Продовольствие,asof_june,563
Продовольствие,asof_june,564
Продовольствие,asof_june,565
Продовольствие,asof_june,566
Продовольствие,asof_june,567
Продовольствие,asof_june,568
Продовольствие,asof_june,569
Продовольствие,asof_june,570
Продовольствие,asof_june,571
Продовольствие,asof_june,572
Продовольствие,asof_june,574
Продовольствие,asof_june,578
Продовольствие,asof_june,579
Продовольствие,asof_june,580
Продовольствие,asof_june,581
Продовольствие,asof_june,582
Продовольствие,asof_june,583
Продовольствие,asof_june,584
Продовольствие,asof_june,585
Продовольствие,asof_june,586
Продовольствие,asof_june,587
Продовольствие,asof_june,588
Продовольствие,asof_june,589
Продовольствие,asof_june,591
Продовольствие,asof_june,592
Продовольствие,asof_june,593
Продовольствие,asof_june,594
Продовольствие,asof_june,595
Продовольствие,asof_june,598
Продовольствие,asof_june,599
Продовольствие,asof_june,600
Продовольствие,asof_june,601
Продовольствие,asof_june,602
Продовольствие,asof_june,603
Продовольствие,asof_june,604
Продовольствие,asof_june,605
Продовольствие,asof_june,606
Продовольствие,asof_june,607
Продовольствие,asof_june,608
Продовольствие,asof_june,611
Продовольствие,asof_june,612
Продовольствие,asof_june,613
Продовольствие,asof_june,614
Продовольствие,asof_june,615
Продовольствие,asof_june,616
Продовольствие,asof_june,618
Продовольствие,asof_june,619
Продовольствие,asof_june,621
Продовольствие,asof_june,666
Продовольствие,asof_june,667
Продовольствие,asof_june,668
Продовольствие,asof_june,669
Продовольствие,asof_june,670
Продовольствие,asof_june,671
Продовольствие,asof_june,674
Продовольствие,asof_june,675
Продовольствие,asof_june,676
Продовольствие,asof_june,677
Продовольствие,asof_june,678
Продовольствие,asof_june,679
Продовольствие,asof_june,680
Продовольствие,asof_june,683
Продовольствие,asof_june,685
Продовольствие,asof_june,686
Продовольствие,asof_june,687
Продовольствие,asof_june,689
Продовольствие,asof_june,690
Продовольствие,asof_june,691
Продовольствие,asof_june,692
Продовольствие,asof_june,693
Продовольствие,asof_june,694
Продовольствие,asof_june,695
Продовольствие,asof_june,696
Продовольствие,asof_june,697
Продовольствие,asof_june,698
Продовольствие,asof_june,699
Продовольствие,asof_june,701
Продовольствие,asof_june,702
Продовольствие,asof_june,703
Продовольствие,asof_june,704
Продовольствие,asof_june,705
Продовольствие,asof_june,706
Продовольствие,asof_june,708
Продовольствие,asof_june,710
Продовольствие,asof_june,711
Продовольствие,asof_june,712
Продовольствие,asof_june,713
Продовольствие,asof_june,714
Продовольствие,asof_june,715
Продовольствие,asof_june,716
Продовольствие,asof_june,717
Продовольствие,asof_june,718
Продовольствие,asof_june,719
Продовольствие,asof_june,720
Продовольствие,asof_june,721
Продовольствие,asof_june,722
Продовольствие,asof_june,723
Продовольствие,asof_june,725
Продовольствие,asof_june,726
Продовольствие,asof_june,727
Продовольствие,asof_june,731
Продовольствие,asof_june,734
Продовольствие,asof_june,735
Продовольствие,asof_june,736
Продовольствие,asof_june,737
Продовольствие,asof_june,738
Продовольствие,asof_june,739
Продовольствие,asof_june,741
Продовольствие,asof_june,742
Продовольствие,asof_june,743
Продовольствие,asof_june,744
Продовольствие,asof_june,745
Продовольствие,asof_june,746
Продовольствие,asof_june,747
Продовольствие,asof_june,748
Продовольствие,asof_june,749
Продовольствие,asof_june,751
Продовольствие,asof_june,752
Продовольствие,asof_june,753
Продовольствие,asof_june,754
Продовольствие,asof_june,755
Продовольствие,asof_june,756
Продовольствие,asof_june,757
Продовольствие,asof_june,758
Продовольствие,asof_june,760
Продовольствие,asof_june,761
Продовольствие,asof_june,763
Продовольствие,asof_june,764
Продовольствие,asof_june,765
Продовольствие,asof_june,766
Продовольствие,asof_june,767
Продовольствие,asof_june,769
Продовольствие,asof_june,770
Продовольствие,asof_june,771
Продовольствие,asof_june,773
Продовольствие,asof_june,774
Продовольствие,asof_june,775
Продовольствие,asof_june,776
Продовольствие,asof_june,777
Продовольствие,asof_june,778
Продовольствие,asof_june,779
Продовольствие,asof_june,780
Продовольствие,asof_june,781
Продовольствие,asof_june,782
Продовольствие,asof_june,783
Продовольствие,asof_june,784
Продовольствие,asof_june,785
Продовольствие,asof_june,787
Продовольствие,asof_june,788
Продовольствие,asof_june,789
Продовольствие,asof_june,790
Продовольствие,asof_june,791
Продовольствие,asof_june,792
Продовольствие,asof_june,793
Продовольствие,asof_june,794
Продовольствие,asof_june,795
Продовольствие,asof_june,796
Продовольствие,asof_june,797
Продовольствие,asof_june,798
Продовольствие,asof_june,799
Продовольствие,asof_june,800
Продовольствие,asof_june,801
Продовольствие,asof_june,802
Продовольствие,asof_june,803
Продовольствие,asof_june,804
Продовольствие,asof_june,805
Продовольствие,asof_june,806
Продовольствие,asof_june,807
Продовольствие,asof_june,808
Продовольствие,asof_june,809
Продовольствие,asof_june,810
Продовольствие,asof_june,811
Продовольствие,asof_june,812
Продовольствие,asof_june,813
Продовольствие,asof_june,814
Продовольствие,asof_june,815
Продовольствие,asof_june,817
Продовольствие,asof_june,818
Продовольствие,asof_june,819
Продовольствие,asof_june,820
Продовольствие,asof_june,821
Продовольствие,asof_june,822
Продовольствие,asof_june,823
Продовольствие,asof_june,824
Продовольствие,asof_june,825
Продовольствие,asof_june,826
Продовольствие,asof_june,827
Продовольствие,asof_june,828
Продовольствие,asof_june,829
Продовольствие,asof_june,830
Продовольствие,asof_june,831
Продовольствие,asof_june,832
Продовольствие,asof_june,833
Продовольствие,asof_june,834
Продовольствие,asof_june,835
Продовольствие,asof_june,836
Продовольствие,asof_june,838
Продовольствие,asof_june,839
Продовольствие,asof_june,840
Продовольствие,asof_june,841
Продовольствие,asof_june,842
Продовольствие,asof_june,843
Продовольствие,asof_june,844
Продовольствие,asof_june,846
Продовольствие,asof_june,847
Продовольствие,asof_june,848
Продовольствие,asof_june,849
Продовольствие,asof_june,851
Продовольствие,asof_june,852
Продовольствие,asof_june,853
Продовольствие,asof_june,854
Продовольствие,asof_june,855
Продовольствие,asof_june,856
Продовольствие,asof_june,857
Продовольствие,asof_june,859
Продовольствие,asof_june,860
Продовольствие,asof_june,870
Продовольствие,asof_june,871
Продовольствие,asof_june,872
Продовольствие,asof_june,873
Продовольствие,asof_june,874
Продовольствие,asof_june,875
Продовольствие,asof_june,876
Продовольствие,asof_june,877
Продовольствие,asof_june,878
Продовольствие,asof_june,879
Продовольствие,asof_june,880
Продовольствие,asof_june,881
Продовольствие,asof_june,882
Продовольствие,asof_june,883
Продовольствие,asof_june,884
Продовольствие,asof_june,885
Продовольствие,asof_june,886
Продовольствие,asof_june,888
Продовольствие,asof_june,889
Продовольствие,asof_june,890
Продовольствие,asof_june,891
Продовольствие,asof_june,892
Продовольствие,asof_june,895
Продовольствие,asof_june,896
Продовольствие,asof_june,897
Продовольствие,asof_june,898
Продовольствие,asof_june,899
Продовольствие,asof_june,900
Продовольствие,asof_june,901
Продовольствие,asof_june,902
Продовольствие,asof_june,903
Продовольствие,asof_june,904
Продовольствие,asof_june,905
Продовольствие,asof_june,907
Продовольствие,asof_june,908
Продовольствие,asof_june,909
Продовольствие,asof_june,911
Продовольствие,asof_june,912
Продовольствие,asof_june,913
Продовольствие,asof_june,914
Продовольствие,asof_june,915
Продовольствие,asof_june,916
Продовольствие,asof_june,917
Продовольствие,asof_june,918
Продовольствие,asof_june,920
Продовольствие,asof_june,922
Продовольствие,asof_june,923
Продовольствие,asof_june,924
Продовольствие,asof_june,925
Продовольствие,asof_june,926
Продовольствие,asof_june,927
Продовольствие,asof_june,928
Продовольствие,asof_june,929
Продовольствие,asof_june,930
Продовольствие,asof_june,986
Продовольствие,asof_june,987
Продовольствие,asof_june,988
Продовольствие,asof_june,989
Продовольствие,asof_june,991
Продовольствие,asof_june,992
Продовольствие,asof_june,993
Продовольствие,asof_june,994
Продовольствие,asof_june,995
Продовольствие,asof_june,996
Продовольствие,asof_june,998
Продовольствие,asof_june,999
Продовольствие,asof_june,1001
Продовольствие,asof_june,1002
Продовольствие,asof_june,1003
Продовольствие,asof_june,1004
Продовольствие,asof_june,1005
Продовольствие,asof_june,1006
Продовольствие,asof_june,1007
Продовольствие,asof_june,1008
Продовольствие,asof_june,1009
Продовольствие,asof_june,1010
Продовольствие,asof_june,1011
Продовольствие,asof_june,1012
Продовольствие,asof_june,1013
Продовольствие,asof_june,1014
Продовольствие,asof_june,1015
Продовольствие,asof_june,1016
Продовольствие,asof_june,1017
Продовольствие,asof_june,1018
Продовольствие,asof_june,1019
Продовольствие,asof_june,1020
Продовольствие,asof_june,1021
Продовольствие,asof_june,1023
Продовольствие,asof_june,1024
Продовольствие,asof_june,1025
Продовольствие,asof_june,1026
Продовольствие,asof_june,1027
Продовольствие,asof_june,1028
Продовольствие,asof_june,1029
Продовольствие,asof_june,1030
Продовольствие,asof_june,1031
Продовольствие,asof_june,1032
Продовольствие,asof_june,1033
Продовольствие,asof_june,1034
Продовольствие,asof_june,1035
Продовольствие,asof_june,1036
Продовольствие,asof_june,1037
Продовольствие,asof_june,1038
Продовольствие,asof_june,1039
Продовольствие,asof_june,1040
Продовольствие,asof_june,1041
Продовольствие,asof_june,1044
Продовольствие,asof_june,1047
Продовольствие,asof_june,1048
Продовольствие,asof_june,1049
Продовольствие,asof_june,1051
Продовольствие,asof_june,1052
Продовольствие,asof_june,1053
Продовольствие,asof_june,1054
Продовольствие,asof_june,1055
Продовольствие,asof_june,1056
Продовольствие,asof_june,1057
Продовольствие,asof_june,1058
Продовольствие,asof_june,1059
Продовольствие,asof_june,1060
Продовольствие,asof_june,1061
Продовольствие,asof_june,1062
Продовольствие,asof_june,1063
Продовольствие,asof_june,1064
Продовольствие,asof_june,1065
Продовольствие,asof_june,1066
Продовольствие,asof_june,1067
Продовольствие,asof_june,1068
Продовольствие,asof_june,1069
Продовольствие,asof_june,1070
Продовольствие,asof_june,1071
Продовольствие,asof_june,1072
Продовольствие,asof_june,1107
Продовольствие,asof_june,1108
Продовольствие,asof_june,1109
Продовольствие,asof_june,1110
Продовольствие,asof_june,1111
Продовольствие,asof_june,1112
Продовольствие,asof_june,1113
Продовольствие,asof_june,1115
Продовольствие,asof_june,1116
Продовольствие,asof_june,1117
Продовольствие,asof_june,1118
Продовольствие,asof_june,1119
Продовольствие,asof_june,1120
Продовольствие,asof_june,1121
Продовольствие,asof_june,1122
Продовольствие,asof_june,1123
Продовольствие,asof_june,1124
Продовольствие,asof_june,1125
Продовольствие,asof_june,1126
Продовольствие,asof_june,1127
Продовольствие,asof_june,1128
Продовольствие,asof_june,1129
Продовольствие,asof_june,1130
Продовольствие,asof_june,1131
Продовольствие,asof_june,1132
Продовольствие,asof_june,1133
Продовольствие,asof_june,1134
Продовольствие,asof_june,1135
Продовольствие,asof_june,1136
Продовольствие,asof_june,1137
Продовольствие,asof_june,1138
Продовольствие,asof_june,1139
Продовольствие,asof_june,1140
Продовольствие,asof_june,1141
Продовольствие,asof_june,1142
Продовольствие,asof_june,1143
Продовольствие,asof_june,1144
Продовольствие,asof_june,1146
Продовольствие,asof_june,1147
Продовольствие,asof_june,1148
Продовольствие,asof_june,1149
Продовольствие,asof_june,1150
Продовольствие,asof_june,1151
Продовольствие,asof_june,1152
Продовольствие,asof_june,1153
Продовольствие,asof_june,1154
Продовольствие,asof_june,1155
Продовольствие,asof_june,1157
Продовольствие,asof_june,1158
Продовольствие,asof_june,1159
Продовольствие,asof_june,1160
Продовольствие,asof_june,1161
Продовольствие,asof_june,1163
Продовольствие,asof_june,1164
Продовольствие,asof_june,1165
Продовольствие,asof_june,1166
Продовольствие,asof_june,1167
Продовольствие,asof_june,1168
Продовольствие,asof_june,1169
Продовольствие,asof_june,1170
Продовольствие,asof_june,1171
Продовольствие,asof_june,1172
Продовольствие,asof_june,1173
Продовольствие,asof_june,1174
Продовольствие,asof_june,1175
Продовольствие,asof_june,1176
Продовольствие,asof_june,1178
Продовольствие,asof_june,1179
Продовольствие,asof_june,1180
Продовольствие,asof_june,1181
Продовольствие,asof_june,1184
Продовольствие,asof_june,1185
Продовольствие,asof_june,1186
Продовольствие,asof_june,1187
Продовольствие,asof_june,1188
Продовольствие,asof_june,1189
Продовольствие,asof_june,1190
Продовольствие,asof_june,1191
Продовольствие,asof_june,1192
Продовольствие,asof_june,1193
Продовольствие,asof_june,1194
Продовольствие,asof_june,1195
Продовольствие,asof_june,1196
Продовольствие,asof_june,1197
Продовольствие,asof_june,1198
Продовольствие,asof_june,1200
Продовольствие,asof_june,1201
Продовольствие,asof_june,1203
Продовольствие,asof_june,1204
Продовольствие,asof_june,1205
Продовольствие,asof_june,1206
Продовольствие,asof_june,1207
Продовольствие,asof_june,1208
Продовольствие,asof_june,1209
Продовольствие,asof_june,1210
Продовольствие,asof_june,1211
Продовольствие,asof_june,1212
Продовольствие,asof_june,1213
Продовольствие,asof_june,1214
Продовольствие,asof_june,1215
Продовольствие,asof_june,1217
Продовольствие,asof_june,1218
Продовольствие,asof_june,1219
Продовольствие,asof_june,1220
Продовольствие,asof_june,1221
Продовольствие,asof_june,1222
Продовольствие,asof_june,1223
Продовольствие,asof_june,1224
Продовольствие,asof_june,1225
Продовольствие,asof_june,1226
Продовольствие,asof_june,1227
Продовольствие,asof_june,1228
Продовольствие,asof_june,1229
Продовольствие,asof_june,1230
Продовольствие,asof_june,1231
Продовольствие,asof_june,1232
Продовольствие,asof_june,1233
Продовольствие,asof_june,1234
Продовольствие,asof_june,1235
Продовольствие,asof_june,1236
Продовольствие,asof_june,1237
Продовольствие,asof_june,1238
Продовольствие,asof_june,1240
Продовольствие,asof_june,1241
Продовольствие,asof_june,1242
Продовольствие,asof_june,1243
Продовольствие,asof_june,1244
Продовольствие,asof_june,1246
Продовольствие,asof_june,1249
Продовольствие,asof_june,1250
Продовольствие,asof_june,1251
Продовольствие,asof_june,1252
Продовольствие,asof_june,1253
Продовольствие,asof_june,1254
Продовольствие,asof_june,1256
Продовольствие,asof_june,1257
Продовольствие,asof_june,1258
Продовольствие,asof_june,1259
Продовольствие,asof_june,1260
Продовольствие,asof_june,1261
Продовольствие,asof_june,1262
Продовольствие,asof_june,1264
Продовольствие,asof_june,1265
Продовольствие,asof_june,1266
Продовольствие,asof_june,1267
Продовольствие,asof_june,1268
Продовольствие,asof_june,1269
Продовольствие,asof_june,1270
Продовольствие,asof_june,1271
Продовольствие,asof_june,1272
Продовольствие,asof_june,1273
Продовольствие,asof_june,1274
Продовольствие,asof_june,1275
Продовольствие,asof_june,1276
Продовольствие,asof_june,1277
Продовольствие,asof_june,1278
Продовольствие,asof_june,1279
Продовольствие,asof_june,1280
Продовольствие,asof_june,1281
Продовольствие,asof_june,1282
Продовольствие,asof_june,1284
Продовольствие,asof_june,1285
Продовольствие,asof_june,1286
Продовольствие,asof_june,1287
Продовольствие,asof_june,1288
Продовольствие,asof_june,1289
Продовольствие,asof_june,1290
Продовольствие,asof_june,1291
Продовольствие,asof_june,1292
Продовольствие,asof_june,1293
Продовольствие,asof_june,1294
Продовольствие,asof_june,1295
Продовольствие,asof_june,1296
Продовольствие,asof_june,1297
Продовольствие,asof_june,1298
Продовольствие,asof_june,1299
Продовольствие,asof_june,1300
Продовольствие,asof_june,1301
Продовольствие,asof_june,1302
Продовольствие,asof_june,1303
Продовольствие,asof_june,1304
Продовольствие,asof_june,1305
Продовольствие,asof_june,1306
Продовольствие,asof_june,1308
Продовольствие,asof_june,1309
Продовольствие,asof_june,1310
Продовольствие,asof_june,1311
Продовольствие,asof_june,1312
Продовольствие,asof_june,1313
Продовольствие,asof_june,1314
Продовольствие,asof_june,1315
Продовольствие,asof_june,1316
Продовольствие,asof_june,1317
Продовольствие,asof_june,1319
Продовольствие,asof_june,1320
Продовольствие,asof_june,1321
Продовольствие,asof_june,1322
Продовольствие,asof_june,1323
Продовольствие,asof_june,1324
Продовольствие,asof_june,1325
Продовольствие,asof_june,1326
Продовольствие,asof_june,1327
Продовольствие,asof_june,1328
Продовольствие,asof_june,1329
Продовольствие,asof_june,1330
Продовольствие,asof_june,1331
Продовольствие,asof_june,1333
Продовольствие,asof_june,1334
Продовольствие,asof_june,1335
Продовольствие,asof_june,1336
Продовольствие,asof_june,1337
Продовольствие,asof_june,1338
Продовольствие,asof_june,1339
Продовольствие,asof_june,1340
Продовольствие,asof_june,1341
Продовольствие,asof_june,1343
Продовольствие,asof_june,1344
Продовольствие,asof_june,1345
Продовольствие,asof_june,1346
Продовольствие,asof_june,1347
Продовольствие,asof_june,1348
Продовольствие,asof_june,1349
Продовольствие,asof_june,1350
Продовольствие,asof_june,1351
Продовольствие,asof_june,1352
Продовольствие,asof_june,1353
Продовольствие,asof_june,1355
Продовольствие,asof_june,1356
Продовольствие,asof_june,1357
Продовольствие,asof_june,1358
Продовольствие,asof_june,1392
Продовольствие,asof_june,1393
Продовольствие,asof_june,1394
Продовольствие,asof_june,1395
Продовольствие,asof_june,1396
Продовольствие,asof_june,1397
Продовольствие,asof_june,1398
Продовольствие,asof_june,1399
Продовольствие,asof_june,1400
Продовольствие,asof_june,1401
Продовольствие,asof_june,1402
Продовольствие,asof_june,1403
Продовольствие,asof_june,1404
Продовольствие,asof_june,1405
Продовольствие,asof_june,1406
Продовольствие,asof_june,1407
Продовольствие,asof_june,1408
Продовольствие,asof_june,1409
Продовольствие,asof_june,1410
Продовольствие,asof_june,1411
Продовольствие,asof_june,1412
Продовольствие,asof_june,1413
Продовольствие,asof_june,1414
Продовольствие,asof_june,1415
Продовольствие,asof_june,1416
Продовольствие,asof_june,1417
Продовольствие,asof_june,1419
Продовольствие,asof_june,1420
Продовольствие,asof_june,1421
Продовольствие,asof_june,1422
Продовольствие,asof_june,1423
Продовольствие,asof_june,1425
Продовольствие,asof_june,1426
Продовольствие,asof_june,1427
Продовольствие,asof_june,1428
Продовольствие,asof_june,1429
Продовольствие,asof_june,1430
Продовольствие,asof_june,1431
Продовольствие,asof_june,1434
Продовольствие,asof_june,1435
Продовольствие,asof_june,1437
Продовольствие,asof_june,1438
Продовольствие,asof_june,1439
Продовольствие,asof_june,1440
Продовольствие,asof_june,1443
Продовольствие,asof_june,1444
Продовольствие,asof_june,1445
Продовольствие,asof_june,1446
Продовольствие,asof_june,1447
Продовольствие,asof_june,1448
Продовольствие,asof_june,1449
Продовольствие,asof_june,1453
Продовольствие,asof_june,1454
Продовольствие,asof_june,1456
Продовольствие,asof_june,1457
Продовольствие,asof_june,1459
Продовольствие,asof_june,1461
Продовольствие,asof_june,1463
Продовольствие,asof_june,1464
Продовольствие,asof_june,1465
Продовольствие,asof_june,1467
Продовольствие,asof_june,1468
Продовольствие,asof_june,1472
Продовольствие,asof_june,1473
Продовольствие,asof_june,1474
Продовольствие,asof_june,1475
Продовольствие,asof_june,1477
Продовольствие,asof_june,1478
Продовольствие,asof_june,1480
Продовольствие,asof_june,1481
Продовольствие,asof_june,1483
Продовольствие,asof_june,1484
Продовольствие,asof_june,1486
Продовольствие,asof_june,1488
Продовольствие,asof_june,1489
Продовольствие,asof_june,1490
Продовольствие,asof_june,1491
Продовольствие,asof_june,1492
Продовольствие,asof_june,1493
Продовольствие,asof_june,1494
Продовольствие,asof_june,1495
Продовольствие,asof_june,1496
Продовольствие,asof_june,1500
Продовольствие,asof_june,1501
Продовольствие,asof_june,1504
Продовольствие,asof_june,1506
Продовольствие,asof_june,1507
Продовольствие,asof_june,1508
Продовольствие,asof_june,1509
Продовольствие,asof_june,1510
Продовольствие,asof_june,1511
Продовольствие,asof_june,1512
Продовольствие,asof_june,1518
Продовольствие,asof_june,1519
Продовольствие,asof_june,1520
Продовольствие,asof_june,1521
Продовольствие,asof_june,1522
Продовольствие,asof_june,1523
Продовольствие,asof_june,1525
Продовольствие,asof_june,1526
Продовольствие,asof_june,1527
Продовольствие,asof_june,1528
Продовольствие,asof_june,1529
Продовольствие,asof_june,1530
Продовольствие,asof_june,1532
Продовольствие,asof_june,1533
Продовольствие,asof_june,1534
Продовольствие,asof_june,1535
Продовольствие,asof_june,1536
Продовольствие,asof_june,1537
Продовольствие,asof_june,1539
Продовольствие,asof_june,1540
Продовольствие,asof_june,1541
Продовольствие,asof_june,1542
Продовольствие,asof_june,1543
Продовольствие,asof_june,1544
Продовольствие,asof_june,1545
Продовольствие,asof_june,1546
Продовольствие,asof_june,1547
Продовольствие,asof_june,1548
Продовольствие,asof_june,1549
Продовольствие,asof_june,1550
Продовольствие,asof_june,1551
Продовольствие,asof_june,1552
Продовольствие,asof_june,1553
Продовольствие,asof_june,1554
Продовольствие,asof_june,1555
Продовольствие,asof_june,1556
Продовольствие,asof_june,1557
Продовольствие,asof_june,1558
Продовольствие,asof_june,1559
Продовольствие,asof_june,1560
Продовольствие,asof_june,1561
Продовольствие,asof_june,1562
Продовольствие,asof_june,1563
Продовольствие,asof_june,1564
Продовольствие,asof_june,1565
Продовольствие,asof_june,1566
Продовольствие,asof_june,1567
Продовольствие,asof_june,1568
Продовольствие,asof_june,1569
Продовольствие,asof_june,1570
Продовольствие,asof_june,1571
Продовольствие,asof_june,1572
Продовольствие,asof_june,1573
Продовольствие,asof_june,1574
Продовольствие,asof_june,1575
Продовольствие,asof_june,1577
Продовольствие,asof_june,1578
Продовольствие,asof_june,1579
Продовольствие,asof_june,1580
Продовольствие,asof_june,1581
Продовольствие,asof_june,1582
Продовольствие,asof_june,1583
Продовольствие,asof_june,1584
Продовольствие,asof_june,1585
Продовольствие,asof_june,1586
Продовольствие,asof_june,1587
Продовольствие,asof_june,1588
Продовольствие,asof_june,1589
Продовольствие,asof_june,1590
Продовольствие,asof_june,1591
Продовольствие,asof_june,1592
Продовольствие,asof_june,1593
Продовольствие,asof_june,1594
Продовольствие,asof_june,1595
Продовольствие,asof_june,1596
Продовольствие,asof_june,1597
Продовольствие,asof_june,1598
Продовольствие,asof_june,1599
Продовольствие,asof_june,1600
Продовольствие,asof_june,1601
Продовольствие,asof_june,1602
Продовольствие,asof_june,1603
Продовольствие,asof_june,1604
Продовольствие,asof_june,1605
Продовольствие,asof_june,1606
Продовольствие,asof_june,1607
Продовольствие,asof_june,1608
Продовольствие,asof_june,1609
Продовольствие,asof_june,1610
Продовольствие,asof_june,1611
Продовольствие,asof_june,1612
Продовольствие,asof_june,1613
Продовольствие,asof_june,1614
Продовольствие,asof_june,1615
Продовольствие,asof_june,1616
Продовольствие,asof_june,1617
Продовольствие,asof_june,1618
Продовольствие,asof_june,1619
Продовольствие,asof_june,1620
Продовольствие,asof_june,1621
Продовольствие,asof_june,1622
Продовольствие,asof_june,1623
Продовольствие,asof_june,1624
Продовольствие,asof_june,1625
Продовольствие,asof_june,1626
Продовольствие,asof_june,1627
Продовольствие,asof_june,1628
Продовольствие,asof_june,1629
Продовольствие,asof_june,1630
Продовольствие,asof_june,1631
Продовольствие,asof_june,1632
Продовольствие,asof_june,1633
Продовольствие,asof_june,1634
Продовольствие,asof_june,1635
Продовольствие,asof_june,1636
Продовольствие,asof_june,1637
Продовольствие,asof_june,1638
Продовольствие,asof_june,1639
Продовольствие,asof_june,1640
Продовольствие,asof_june,1641
Продовольствие,asof_june,1642
Продовольствие,asof_june,1643
Продовольствие,asof_june,1644
Продовольствие,asof_june,1645
Продовольствие,asof_june,1646
Продовольствие,asof_june,1647
Продовольствие,asof_june,1648
Продовольствие,asof_june,1649
Продовольствие,asof_june,1650
Продовольствие,asof_june,1651
Продовольствие,asof_june,1652
Продовольствие,asof_june,1653
Продовольствие,asof_june,1654
Продовольствие,asof_june,1655
Продовольствие,asof_june,1656
Продовольствие,asof_june,1657
Продовольствие,asof_june,1658
Продовольствие,asof_june,1659
Продовольствие,asof_june,1660
Продовольствие,asof_june,1661
Продовольствие,asof_june,1662
Продовольствие,asof_june,1663
Продовольствие,asof_june,1664
Продовольствие,asof_june,1665
Продовольствие,asof_june,1666
Продовольствие,asof_june,1667
Продовольствие,asof_june,1668
Продовольствие,asof_june,1669
Продовольствие,asof_june,1670
Продовольствие,asof_june,1671
Продовольствие,asof_june,1672
Продовольствие,asof_june,1673
Продовольствие,asof_june,1674
Продовольствие,asof_june,1675
Продовольствие,asof_june,1676
Продовольствие,asof_june,1678
Продовольствие,asof_june,1679
Продовольствие,asof_june,1680
Продовольствие,asof_june,1681
Продовольствие,asof_june,1682
Продовольствие,asof_june,1683
Продовольствие,asof_june,1685
Продовольствие,asof_june,1686
Продовольствие,asof_june,1687
Продовольствие,asof_june,1688
Продовольствие,asof_june,1689
Продовольствие,asof_june,1690
Продовольствие,asof_june,1691
Продовольствие,asof_june,1692
Продовольствие,asof_june,1693
Продовольствие,asof_june,1694
Продовольствие,asof_june,1696
Продовольствие,asof_june,1697
Продовольствие,asof_june,1698
Продовольствие,asof_june,1699
Продовольствие,asof_june,1700
Продовольствие,asof_june,1701
Продовольствие,asof_june,1702
Продовольствие,asof_june,1703
Продовольствие,asof_june,1704
Продовольствие,asof_june,1705
Продовольствие,asof_june,1706
Продовольствие,asof_june,1707
Продовольствие,asof_june,1708
Продовольствие,asof_june,1709
Продовольствие,asof_june,1710
Продовольствие,asof_june,1711
Продовольствие,asof_june,1712
Продовольствие,asof_june,1714
Продовольствие,asof_june,1715
Продовольствие,asof_june,1717
Продовольствие,asof_june,1718
Продовольствие,asof_june,1719
Продовольствие,asof_june,1722
Продовольствие,asof_june,1724
Продовольствие,asof_june,1725
Продовольствие,asof_june,1726
Продовольствие,asof_june,1727
Продовольствие,asof_june,1728
Продовольствие,asof_june,1730
Продовольствие,asof_june,1731
Продовольствие,asof_june,1732
Продовольствие,asof_june,1733
Продовольствие,asof_june,1737
Продовольствие,asof_june,1738
Продовольствие,asof_june,1739
Продовольствие,asof_june,1740
Продовольствие,asof_june,1741
Продовольствие,asof_june,1742
Продовольствие,asof_june,1743
Продовольствие,asof_june,1744
Продовольствие,asof_june,1745
Продовольствие,asof_june,1746
Продовольствие,asof_june,1747
Продовольствие,asof_june,1749
Продовольствие,asof_june,1750
Продовольствие,asof_june,1751
Продовольствие,asof_june,1752
Продовольствие,asof_june,1753
Продовольствие,asof_june,1754
Продовольствие,asof_june,1755
Продовольствие,asof_june,1756
Продовольствие,asof_june,1757
Продовольствие,asof_june,1758
Продовольствие,asof_june,1759
Продовольствие,asof_june,1760
Продовольствие,asof_june,1761
Продовольствие,asof_june,1762
Продовольствие,asof_june,1764
Продовольствие,asof_june,1765
Продовольствие,asof_june,1766
Продовольствие,asof_june,1768
Продовольствие,asof_june,1769
Продовольствие,asof_june,1770
Продовольствие,asof_june,1771
Продовольствие,asof_june,1773
Продовольствие,asof_june,1774
Продовольствие,asof_june,1775
Продовольствие,asof_june,1776
Продовольствие,asof_june,1777
Продовольствие,asof_june,1778
Продовольствие,asof_june,1780
Продовольствие,asof_june,1781
Продовольствие,asof_june,1782
Продовольствие,asof_june,1783
Продовольствие,asof_june,1784
Продовольствие,asof_june,1785
Продовольствие,asof_june,1786
Продовольствие,asof_june,1787
Продовольствие,asof_june,1788
Продовольствие,asof_june,1845
Продовольствие,asof_june,1846
Продовольствие,asof_june,1848
Продовольствие,asof_june,1849
Продовольствие,asof_june,1850
Продовольствие,asof_june,1851
Продовольствие,asof_june,1852
Продовольствие,asof_june,1853
Продовольствие,asof_june,1854
Продовольствие,asof_june,1855
Продовольствие,asof_june,1856
Продовольствие,asof_june,1857
Продовольствие,asof_june,1858
Продовольствие,asof_june,1859
Продовольствие,asof_june,1860
Продовольствие,asof_june,1861
Продовольствие,asof_june,1862
Продовольствие,asof_june,1863
Продовольствие,asof_june,1864
Продовольствие,asof_june,1865
Продовольствие,asof_june,1868
Продовольствие,asof_june,1869
Продовольствие,asof_june,1870
Продовольствие,asof_june,1871
Продовольствие,asof_june,1872
Продовольствие,asof_june,1873
Продовольствие,asof_june,1874
Продовольствие,asof_june,1875
Продовольствие,asof_june,1876
Продовольствие,asof_june,1877
Продовольствие,asof_june,1878
Продовольствие,asof_june,1879
Продовольствие,asof_june,1880
Продовольствие,asof_june,1881
Продовольствие,asof_june,1883
Продовольствие,asof_june,1884
Продовольствие,asof_june,1885
Продовольствие,asof_june,1886
Продовольствие,asof_june,1887
Продовольствие,asof_june,1888
Продовольствие,asof_june,1889
Продовольствие,asof_june,1890
Продовольствие,asof_june,1891
Продовольствие,asof_june,1892
Продовольствие,asof_june,1893
Продовольствие,asof_june,1894
Продовольствие,asof_june,1895
Продовольствие,asof_june,1896
Продовольствие,asof_june,1897
Продовольствие,asof_june,1898
Продовольствие,asof_june,1899
Продовольствие,asof_june,1900
Продовольствие,asof_june,1901
Продовольствие,asof_june,1902
Продовольствие,asof_june,1903
Продовольствие,asof_june,1904
Продовольствие,asof_june,1905
Продовольствие,asof_june,1906
Продовольствие,asof_june,1907
Продовольствие,asof_june,1908
Продовольствие,asof_june,1909
Продовольствие,asof_june,1910
Продовольствие,asof_june,1912
Продовольствие,asof_june,1915
Продовольствие,asof_june,1916
Продовольствие,asof_june,1917
Продовольствие,asof_june,1918
Продовольствие,asof_june,1919
Продовольствие,asof_june,1920
Продовольствие,asof_june,1921
Продовольствие,asof_june,1922
Продовольствие,asof_june,1923
Продовольствие,asof_june,1924
Продовольствие,asof_june,1925
Продовольствие,asof_june,1926
Продовольствие,asof_june,1927
Продовольствие,asof_june,1928
Продовольствие,asof_june,1929
Продовольствие,asof_june,1930
Продовольствие,asof_june,1931
Продовольствие,asof_june,1932
Продовольствие,asof_june,1933
Продовольствие,asof_june,1934
Продовольствие,asof_june,1935
Продовольствие,asof_june,1936
Продовольствие,asof_june,1937
Продовольствие,asof_june,1938
Продовольствие,asof_june,1939
Продовольствие,asof_june,1940
Продовольствие,asof_june,1941
Продовольствие,asof_june,1942
Продовольствие,asof_june,1943
Продовольствие,asof_june,1944
Продовольствие,asof_june,1945
Продовольствие,asof_june,1947
Продовольствие,asof_june,1948
Продовольствие,asof_june,1949
Продовольствие,asof_june,1950
Продовольствие,asof_june,1951
Продовольствие,asof_june,1952
Продовольствие,asof_june,1954
Продовольствие,asof_june,1955
Продовольствие,asof_june,1956
Продовольствие,asof_june,1957
Продовольствие,asof_june,1958
Продовольствие,asof_june,1959
Продовольствие,asof_june,1960
Продовольствие,asof_june,1961
Продовольствие,asof_june,1962
Продовольствие,asof_june,1963
Продовольствие,asof_june,1965
Продовольствие,asof_june,1966
Продовольствие,asof_june,1967
Продовольствие,asof_june,1968
Продовольствие,asof_june,1969
Продовольствие,asof_june,1970
Продовольствие,asof_june,1971
Продовольствие,asof_june,1972
Продовольствие,asof_june,1973
Продовольствие,asof_june,1974
Продовольствие,asof_june,1975
Продовольствие,asof_june,1976
Продовольствие,asof_june,1977
Продовольствие,asof_june,1978
Продовольствие,asof_june,1979
Продовольствие,asof_june,1980
Продовольствие,asof_june,1981
Продовольствие,asof_june,1982
Продовольствие,asof_june,1983
Продовольствие,asof_june,1984
Продовольствие,asof_june,1985
Продовольствие,asof_june,1986
Продовольствие,asof_june,1987
Продовольствие,asof_june,1988
Продовольствие,asof_june,1989
Продовольствие,asof_june,1990
Продовольствие,asof_june,1991
Продовольствие,asof_june,1992
Продовольствие,asof_june,1993
Продовольствие,asof_june,1994
Продовольствие,asof_june,1995
Продовольствие,asof_june,1996
Продовольствие,asof_june,1997
Продовольствие,asof_june,1999
Продовольствие,asof_june,2000
Продовольствие,asof_june,2001
Продовольствие,asof_june,2002
Продовольствие,asof_june,2004
Продовольствие,asof_june,2005
Продовольствие,asof_june,2006
Продовольствие,asof_june,2007
Продовольствие,asof_june,2008
Продовольствие,asof_june,2009
Продовольствие,asof_june,2010
Продовольствие,asof_june,2011
Продовольствие,asof_june,2012
Продовольствие,asof_june,2015
Продовольствие,asof_june,2017
Продовольствие,asof_june,2018
Продовольствие,asof_june,2019
Продовольствие,asof_june,2021
Продовольствие,asof_june,2022
Продовольствие,asof_june,2023
Продовольствие,asof_june,2024
Продовольствие,asof_june,2025
Продовольствие,asof_june,2027
Продовольствие,asof_june,2028
Продовольствие,asof_june,2030
Продовольствие,asof_june,2031
Продовольствие,asof_june,2032
Продовольствие,asof_june,2033
Продовольствие,asof_june,2034
Продовольствие,asof_june,2035
Продовольствие,asof_june,2036
Продовольствие,asof_june,2037
Продовольствие,asof_june,2039
Продовольствие,asof_june,2040
Продовольствие,asof_june,2041
Продовольствие,asof_june,2042
Продовольствие,asof_june,2043
Продовольствие,asof_june,2044
Продовольствие,asof_june,2045
Продовольствие,asof_june,2046
Продовольствие,asof_june,2047
Продовольствие,asof_june,2048
Продовольствие,asof_june,2049
Продовольствие,asof_june,2050
Продовольствие,asof_june,2051
Продовольствие,asof_june,2052
Продовольствие,asof_june,2053
Продовольствие,asof_june,2054
Продовольствие,asof_june,2055
Продовольствие,asof_june,2056
Продовольствие,asof_june,2057
Продовольствие,asof_june,2058
Продовольствие,asof_june,2059
Продовольствие,asof_june,2060
Продовольствие,asof_june,2061
Продовольствие,asof_june,2062
Продовольствие,asof_june,2063
Продовольствие,asof_june,2064
Продовольствие,asof_june,2065
Продовольствие,asof_june,2066
Продовольствие,asof_june,2067
Продовольствие,asof_june,2068
Продовольствие,asof_june,2069
Продовольствие,asof_june,2070
Продовольствие,asof_june,2072
Продовольствие,asof_june,2073
Продовольствие,asof_june,2074
Продовольствие,asof_june,2075
Продовольствие,asof_june,2076
Продовольствие,asof_june,2077
Продовольствие,asof_june,2078
Продовольствие,asof_june,2079
Продовольствие,asof_june,2080
Продовольствие,asof_june,2081
Продовольствие,asof_june,2082
Продовольствие,asof_june,2085
Продовольствие,asof_june,2087
Продовольствие,asof_june,2088
Продовольствие,asof_june,2089
Продовольствие,asof_june,2090
Продовольствие,asof_june,2091
Продовольствие,asof_june,2093
Продовольствие,asof_june,2094
Продовольствие,asof_june,2095
Продовольствие,asof_june,2096
Продовольствие,asof_june,2098
Продовольствие,asof_june,2100
Продовольствие,asof_june,2101
Продовольствие,asof_june,2105
Продовольствие,asof_june,2108
Продовольствие,asof_june,2109
Продовольствие,asof_june,2110
Продовольствие,asof_june,2111
Продовольствие,asof_june,2112
Продовольствие,asof_june,2113
Продовольствие,asof_june,2114
Продовольствие,asof_june,2116
Продовольствие,asof_june,2117
Продовольствие,asof_june,2118
Продовольствие,asof_june,2119
Продовольствие,asof_june,2120
Продовольствие,asof_june,2121
Продовольствие,asof_june,2122
Продовольствие,asof_june,2124
Продовольствие,asof_june,2125
Продовольствие,asof_june,2126
Продовольствие,asof_june,2127
Продовольствие,asof_june,2128
Продовольствие,asof_june,2129
Продовольствие,asof_june,2130
Продовольствие,asof_june,2131
Продовольствие,asof_june,2132
Продовольствие,asof_june,2133
Продовольствие,asof_june,2134
Продовольствие,asof_june,2136
Продовольствие,asof_june,2137
Продовольствие,asof_june,2138
Продовольствие,asof_june,2139
Продовольствие,asof_june,2140
Продовольствие,asof_june,2142
Продовольствие,asof_june,2143
Продовольствие,asof_june,2144
Продовольствие,asof_june,2145
Продовольствие,asof_june,2146
Продовольствие,asof_june,2148
Продовольствие,asof_june,2149
Продовольствие,asof_june,2150
Продовольствие,asof_june,2151
Продовольствие,asof_june,2152
Продовольствие,asof_june,2153
Продовольствие,asof_june,2154
Продовольствие,asof_june,2155
Продовольствие,asof_june,2156
Продовольствие,asof_june,2157
Продовольствие,asof_june,2158
Продовольствие,asof_june,2159
Продовольствие,asof_june,2160
Продовольствие,asof_june,2161
Продовольствие,asof_june,2162
Продовольствие,asof_june,2163
Продовольствие,asof_june,2164
Продовольствие,asof_june,2165
Продовольствие,asof_june,2167
Продовольствие,asof_june,2168
Продовольствие,asof_june,2169
Продовольствие,asof_june,2171
Продовольствие,asof_june,2172
Продовольствие,asof_june,2173
Продовольствие,asof_june,2174
Продовольствие,asof_june,2175
Продовольствие,asof_june,2176
Продовольствие,asof_june,2177
Продовольствие,asof_june,2178
Продовольствие,asof_june,2179
Продовольствие,asof_june,2180
Продовольствие,asof_june,2181
Продовольствие,asof_june,2182
Продовольствие,asof_june,2183
Продовольствие,asof_june,2184
Продовольствие,asof_june,2185
Продовольствие,asof_june,2186
Продовольствие,asof_june,2187
Продовольствие,asof_june,2188
Продовольствие,asof_june,2189
Продовольствие,asof_june,2190
Продовольствие,asof_june,2191
Продовольствие,asof_june,2192
Продовольствие,asof_june,2193
Продовольствие,asof_june,2194
Продовольствие,asof_june,2195
Продовольствие,asof_june,2196
Продовольствие,asof_june,2197
Продовольствие,asof_june,2198
Продовольствие,asof_june,2199
Продовольствие,asof_june,2200
Продовольствие,asof_june,2201
Продовольствие,asof_june,2202
Продовольствие,asof_june,2203
Продовольствие,asof_june,2204
Продовольствие,asof_june,2205
Продовольствие,asof_june,2206
Продовольствие,asof_june,2207
Продовольствие,asof_june,2208
Продовольствие,asof_june,2210
Продовольствие,asof_june,2211
Продовольствие,asof_june,2212
Продовольствие,asof_june,2213
Продовольствие,asof_june,2215
Продовольствие,asof_june,2216
Продовольствие,asof_june,2217
Продовольствие,asof_june,2218
Продовольствие,asof_june,2219
Продовольствие,asof_june,2220
Продовольствие,asof_june,2221
Продовольствие,asof_june,2222
Продовольствие,asof_june,2223
Продовольствие,asof_june,2224
Продовольствие,asof_june,2225
Продовольствие,asof_june,2226
Продовольствие,asof_june,2227
Продовольствие,asof_june,2228
Продовольствие,asof_june,2229
Продовольствие,asof_june,2230
Продовольствие,asof_june,2231
Продовольствие,asof_june,2232
Продовольствие,asof_june,2233
Продовольствие,asof_june,2234
Продовольствие,asof_june,2235
Продовольствие,asof_june,2236
Продовольствие,asof_june,2237
Продовольствие,asof_june,2238
Продовольствие,asof_june,2241
Продовольствие,asof_june,2242
Продовольствие,asof_june,2243
Продовольствие,asof_june,2244
Продовольствие,asof_june,2245
Продовольствие,asof_june,2248
Продовольствие,asof_june,2249
Продовольствие,asof_june,2250
Продовольствие,asof_june,2251
Продовольствие,asof_june,2252
Продовольствие,asof_june,2253
Продовольствие,asof_june,2254
Продовольствие,asof_june,2255
Продовольствие,asof_june,2256
Продовольствие,asof_june,2257
Продовольствие,asof_june,2258
Продовольствие,asof_june,2259
Продовольствие,asof_june,2260
Продовольствие,asof_june,2262
Продовольствие,asof_june,2264
Продовольствие,asof_june,2265
Продовольствие,asof_june,2266
Продовольствие,asof_june,2267
Продовольствие,asof_june,2268
Продовольствие,asof_june,2269
Продовольствие,asof_june,2270
Продовольствие,asof_june,2271
Продовольствие,asof_june,2272
Продовольствие,asof_june,2274
Продовольствие,asof_june,2275
Продовольствие,asof_june,2276
Продовольствие,asof_june,2278
Продовольствие,asof_june,2279
Продовольствие,asof_june,2280
Продовольствие,asof_june,2281
Продовольствие,asof_june,2282
Продовольствие,asof_june,2286
Продовольствие,asof_june,2287
Продовольствие,asof_june,2288
Продовольствие,asof_june,2289
Продовольствие,asof_june,2292
Продовольствие,asof_june,2293
Продовольствие,asof_june,2294
Продовольствие,asof_june,2295
Продовольствие,asof_june,2296
Продовольствие,asof_june,2297
Продовольствие,asof_june,2298
Продовольствие,asof_june,2299
Продовольствие,asof_june,2300
Продовольствие,asof_june,2301
Продовольствие,asof_june,2302
Продовольствие,asof_june,2303
Продовольствие,asof_june,2304
Продовольствие,asof_june,2305
Продовольствие,asof_june,2307
Продовольствие,asof_june,2308
Продовольствие,asof_june,2309
Продовольствие,asof_june,2310
Продовольствие,asof_june,2311
Продовольствие,asof_june,2312
Продовольствие,asof_june,2314
Продовольствие,asof_june,2315
Продовольствие,asof_june,2316
Продовольствие,asof_june,2317
Продовольствие,asof_june,2318
Продовольствие,asof_june,2320
Продовольствие,asof_june,2321
Продовольствие,asof_june,2322
Продовольствие,asof_june,2323
Продовольствие,asof_june,2324
Продовольствие,asof_june,2325
Продовольствие,asof_june,2326
Продовольствие,asof_june,2327
Продовольствие,asof_june,2328
Продовольствие,asof_june,2329
Продовольствие,asof_june,2330
Продовольствие,asof_june,2332
Продовольствие,asof_june,2333
Продовольствие,asof_june,2334
Продовольствие,asof_june,2335
Продовольствие,asof_june,2336
Продовольствие,asof_june,2337
Продовольствие,asof_june,2338
Продовольствие,asof_june,2339
Продовольствие,asof_june,2340
Продовольствие,asof_june,2341
Продовольствие,asof_june,2342
Продовольствие,asof_june,2343
Продовольствие,asof_june,2344
Продовольствие,asof_june,2345
Продовольствие,asof_june,2348
Продовольствие,asof_june,2349
Продовольствие,asof_june,2351
Продовольствие,asof_june,2352
Продовольствие,asof_june,2353
Продовольствие,asof_june,2354
Продовольствие,asof_june,2355
Продовольствие,asof_june,2356
Продовольствие,asof_june,2357
Продовольствие,asof_june,2358
Продовольствие,asof_june,2359
Продовольствие,asof_june,2360
Продовольствие,asof_june,2361
Продовольствие,asof_june,2362
Продовольствие,asof_june,2363
Продовольствие,asof_june,2364
Продовольствие,asof_june,2365
Продовольствие,asof_june,2366
Продовольствие,asof_june,2367
Продовольствие,asof_june,2368
Продовольствие,asof_june,2369
Продовольствие,asof_june,2370
Продовольствие,asof_june,2371
Продовольствие,asof_june,2372
Продовольствие,asof_june,2373
Продовольствие,asof_june,2374
Продовольствие,asof_june,2375
Продовольствие,asof_june,2376
Продовольствие,asof_june,2377
Продовольствие,asof_june,2378
Продовольствие,asof_june,2379
Продовольствие,asof_june,2380
Продовольствие,asof_june,2381
Продовольствие,asof_june,2382
Продовольствие,asof_june,2383
Продовольствие,asof_june,2384
Продовольствие,asof_june,2385
Продовольствие,asof_june,2386
Продовольствие,asof_june,2387
Продовольствие,asof_june,2388
Продовольствие,asof_june,2389
Продовольствие,asof_june,2390
Продовольствие,asof_june,2391
Продовольствие,asof_june,2392
Продовольствие,asof_june,2393
Продовольствие,asof_june,2395
Продовольствие,asof_june,2398
Продовольствие,asof_june,2399
Продовольствие,asof_june,2400
Продовольствие,asof_june,2401
Продовольствие,asof_june,2402
Продовольствие,asof_june,2403
Продовольствие,asof_june,2404
Продовольствие,asof_june,2405
Продовольствие,asof_june,2406
Продовольствие,asof_june,2407
Продовольствие,asof_june,2408
Продовольствие,asof_june,2409
Продовольствие,asof_june,2410
Продовольствие,asof_june,2411
Продовольствие,asof_june,2412
Продовольствие,asof_june,2416
Продовольствие,asof_june,2422
Продовольствие,asof_june,2423
Продовольствие,asof_june,2424
Продовольствие,asof_june,2425
Продовольствие,asof_june,2426
Продовольствие,asof_june,2427
Продовольствие,asof_june,2428
Продовольствие,asof_june,2429
Продовольствие,asof_june,2430
Продовольствие,asof_june,2431
Продовольствие,asof_june,2432
Продовольствие,asof_june,2433
Продовольствие,asof_june,2434
Продовольствие,asof_june,2435
Продовольствие,asof_june,2436
Продовольствие,asof_june,2437
Продовольствие,asof_june,2439
Продовольствие,asof_june,2440
Продовольствие,asof_june,2441
Продовольствие,asof_june,2442
Продовольствие,asof_june,2443
Продовольствие,asof_june,2444
Продовольствие,asof_june,2445
Продовольствие,asof_june,2446
Продовольствие,asof_june,2447
Продовольствие,asof_june,2449
Продовольствие,asof_june,2450
Продовольствие,asof_june,2451
Продовольствие,asof_june,2452
Продовольствие,asof_june,2453
Продовольствие,asof_june,2454
Продовольствие,asof_june,2455
Продовольствие,asof_june,2456
Продовольствие,asof_june,2457
Продовольствие,asof_june,2458
Продовольствие,asof_june,2459
Продовольствие,asof_june,2460
Продовольствие,asof_june,2461
Продовольствие,asof_june,2462
Продовольствие,asof_june,2463
Продовольствие,asof_june,2464
Продовольствие,asof_june,2465
Продовольствие,asof_june,2466
Продовольствие,asof_june,2467
Продовольствие,asof_june,2468
Продовольствие,asof_june,2469
Продовольствие,asof_june,2470
Продовольствие,asof_june,2471
Продовольствие,asof_june,2472
Продовольствие,asof_june,2473
Продовольствие,asof_june,2474
Продовольствие,asof_june,2475
Продовольствие,asof_june,2476
Продовольствие,asof_june,2477
Продовольствие,asof_june,2478
Продовольствие,asof_june,2479
Продовольствие,asof_june,2480
Продовольствие,asof_june,2481
Продовольствие,asof_june,2482
Продовольствие,asof_june,2483
Продовольствие,asof_june,2484
Продовольствие,asof_june,2485
Продовольствие,asof_june,2486
Продовольствие,asof_june,2487
Продовольствие,asof_june,2488
Продовольствие,asof_june,2489
Продовольствие,asof_june,2490
Продовольствие,asof_june,2491
Продовольствие,asof_june,2492
Продовольствие,asof_june,2493
Продовольствие,asof_june,2494
Продовольствие,asof_june,2495
Продовольствие,asof_june,2496
Продовольствие,asof_june,2497
Продовольствие,asof_june,2498
Продовольствие,asof_june,2499
Продовольствие,asof_june,2500
Продовольствие,asof_june,2501
Продовольствие,asof_june,2502
Продовольствие,asof_june,2503
Продовольствие,asof_june,2504
Продовольствие,asof_june,2505
Продовольствие,asof_june,2506
Продовольствие,asof_june,2507
Продовольствие,asof_june,2508
Продовольствие,asof_june,2509
Продовольствие,asof_june,2510
Продовольствие,asof_june,2511
Продовольствие,asof_june,2512
Продовольствие,asof_june,2513
Продовольствие,asof_june,2514
Продовольствие,asof_june,2515
Продовольствие,asof_june,2516
Продовольствие,asof_june,2517
Продовольствие,asof_june,2518
Продовольствие,asof_june,2519
Продовольствие,asof_june,2520
Продовольствие,asof_june,2521
Продовольствие,asof_june,2522
Продовольствие,asof_june,2523
Продовольствие,asof_june,2524
Продовольствие,asof_june,2525
Продовольствие,asof_june,2526
Продовольствие,asof_june,2527
Продовольствие,asof_june,2528
Продовольствие,asof_june,2529
Продовольствие,asof_june,2530
Продовольствие,asof_june,2531
Продовольствие,asof_june,2532
Продовольствие,asof_june,2533
Продовольствие,asof_june,2534
Продовольствие,asof_june,2535
Продовольствие,asof_june,2536
Продовольствие,asof_june,2537
Продовольствие,asof_june,2538
Продовольствие,asof_june,2539
Продовольствие,asof_june,2540
Продовольствие,asof_june,2541
Продовольствие,asof_june,2542
Продовольствие,asof_june,2543
Продовольствие,asof_june,2544
Продовольствие,asof_june,2545
Продовольствие,asof_june,2546
Продовольствие,asof_june,2547
Продовольствие,asof_june,2548
Продовольствие,asof_june,2549
Продовольствие,asof_june,2550
Продовольствие,asof_june,2551
Продовольствие,asof_june,2552
Продовольствие,asof_june,2553
Продовольствие,asof_june,2554
Продовольствие,asof_june,2555
Продовольствие,asof_june,2556
Продовольствие,asof_june,2557
Продовольствие,asof_june,2558
Продовольствие,asof_june,2559
Продовольствие,asof_june,2560
Продовольствие,asof_june,2561
Продовольствие,asof_june,2562
Продовольствие,asof_june,2563
Продовольствие,asof_june,2564
Продовольствие,asof_june,2565
Продовольствие,asof_june,2566
Продовольствие,asof_june,2567
Продовольствие,asof_june,2568
Продовольствие,asof_june,2569
Продовольствие,asof_june,2570
Продовольствие,asof_june,2571
Продовольствие,asof_june,2572
Продовольствие,asof_june,2573
Продовольствие,asof_june,2574
Продовольствие,asof_june,2575
Продовольствие,asof_june,2576
Продовольствие,asof_june,2577
Продовольствие,asof_june,2578
Продовольствие,asof_june,2579
Продовольствие,asof_june,2580
Продовольствие,asof_june,2581
Продовольствие,asof_june,2582
Продовольствие,asof_june,2583
Продовольствие,asof_june,2584
Продовольствие,asof_june,2585
Продовольствие,asof_june,2586
Продовольствие,asof_june,2587
Продовольствие,asof_june,2588
Продовольствие,asof_june,2589
Продовольствие,asof_june,2590
Продовольствие,asof_june,2591
Продовольствие,asof_june,2592
Продовольствие,asof_june,2593
Продовольствие,asof_june,2595
Продовольствие,asof_june,2596
Продовольствие,asof_june,2597
Продовольствие,asof_june,2598
Продовольствие,asof_june,2599
Продовольствие,asof_june,2600
Продовольствие,asof_june,2601
Продовольствие,asof_june,2602
Продовольствие,asof_june,2604
Продовольствие,asof_june,2605
Продовольствие,asof_june,2606
Продовольствие,asof_june,2607
Продовольствие,asof_june,2618
Продовольствие,asof_june,2619
Продовольствие,asof_june,2620
Продовольствие,asof_june,2621
Продовольствие,asof_june,2644
Продовольствие,asof_june,2646
Продовольствие,asof_june,2647
Продовольствие,asof_june,2648
Продовольствие,asof_june,2649
Продовольствие,asof_june,2651
Продовольствие,asof_june,2652
Продовольствие,asof_june,2710
Продовольствие,asof_june,2808
Продовольствие,asof_june,2809
Продовольствие,asof_june,2813
Продовольствие,asof_june,2814
Продовольствие,asof_june,2872
Продовольствие,asof_june,2876
Продовольствие,asof_june,2879
Продовольствие,asof_june,2880
Продовольствие,asof_june,2881
Продовольствие,asof_june,2882
Продовольствие,asof_june,2883
Продовольствие,asof_june,2884
Продовольствие,asof_june,2885
Продовольствие,asof_june,2886
Продовольствие,asof_june,2887
Продовольствие,asof_june,3005
Продовольствие,asof_june,3007
Продовольствие,asof_june,3009
Продовольствие,asof_june,3011
Продовольствие,asof_june,3012
Продовольствие,asof_june,3013
Продовольствие,balanced_future_reference,1
Продовольствие,balanced_future_reference,2
Продовольствие,balanced_future_reference,3
Продовольствие,balanced_future_reference,4
Продовольствие,balanced_future_reference,5
Продовольствие,balanced_future_reference,6
Продовольствие,balanced_future_reference,7
Продовольствие,balanced_future_reference,8
Продовольствие,balanced_future_reference,9
Продовольствие,balanced_future_reference,10
Продовольствие,balanced_future_reference,11
Продовольствие,balanced_future_reference,12
Продовольствие,balanced_future_reference,13
Продовольствие,balanced_future_reference,14
Продовольствие,balanced_future_reference,15
Продовольствие,balanced_future_reference,16
Продовольствие,balanced_future_reference,17
Продовольствие,balanced_future_reference,18
Продовольствие,balanced_future_reference,19
Продовольствие,balanced_future_reference,20
Продовольствие,balanced_future_reference,21
Продовольствие,balanced_future_reference,22
Продовольствие,balanced_future_reference,23
Продовольствие,balanced_future_reference,25
Продовольствие,balanced_future_reference,26
Продовольствие,balanced_future_reference,27
Продовольствие,balanced_future_reference,28
Продовольствие,balanced_future_reference,29
Продовольствие,balanced_future_reference,30
Продовольствие,balanced_future_reference,31
Продовольствие,balanced_future_reference,32
Продовольствие,balanced_future_reference,33
Продовольствие,balanced_future_reference,34
Продовольствие,balanced_future_reference,35
Продовольствие,balanced_future_reference,36
Продовольствие,balanced_future_reference,37
Продовольствие,balanced_future_reference,38
Продовольствие,balanced_future_reference,39
Продовольствие,balanced_future_reference,40
Продовольствие,balanced_future_reference,41
Продовольствие,balanced_future_reference,42
Продовольствие,balanced_future_reference,43
Продовольствие,balanced_future_reference,44
Продовольствие,balanced_future_reference,45
Продовольствие,balanced_future_reference,46
Продовольствие,balanced_future_reference,47
Продовольствие,balanced_future_reference,48
Продовольствие,balanced_future_reference,49
Продовольствие,balanced_future_reference,50
Продовольствие,balanced_future_reference,51
Продовольствие,balanced_future_reference,52
Продовольствие,balanced_future_reference,53
Продовольствие,balanced_future_reference,54
Продовольствие,balanced_future_reference,55
Продовольствие,balanced_future_reference,56
Продовольствие,balanced_future_reference,57
Продовольствие,balanced_future_reference,58
Продовольствие,balanced_future_reference,59
Продовольствие,balanced_future_reference,60
Продовольствие,balanced_future_reference,61
Продовольствие,balanced_future_reference,62
Продовольствие,balanced_future_reference,63
Продовольствие,balanced_future_reference,65
Продовольствие,balanced_future_reference,66
Продовольствие,balanced_future_reference,67
Продовольствие,balanced_future_reference,68
Продовольствие,balanced_future_reference,69
Продовольствие,balanced_future_reference,70
Продовольствие,balanced_future_reference,71
Продовольствие,balanced_future_reference,72
Продовольствие,balanced_future_reference,73
Продовольствие,balanced_future_reference,74
Продовольствие,balanced_future_reference,75
Продовольствие,balanced_future_reference,76
Продовольствие,balanced_future_reference,77
Продовольствие,balanced_future_reference,78
Продовольствие,balanced_future_reference,79
Продовольствие,balanced_future_reference,80
Продовольствие,balanced_future_reference,81
Продовольствие,balanced_future_reference,82
Продовольствие,balanced_future_reference,83
Продовольствие,balanced_future_reference,167
Продовольствие,balanced_future_reference,168
Продовольствие,balanced_future_reference,169
Продовольствие,balanced_future_reference,173
Продовольствие,balanced_future_reference,181
Продовольствие,balanced_future_reference,184
Продовольствие,balanced_future_reference,185
Продовольствие,balanced_future_reference,188
Продовольствие,balanced_future_reference,191
Продовольствие,balanced_future_reference,194
Продовольствие,balanced_future_reference,195
Продовольствие,balanced_future_reference,196
Продовольствие,balanced_future_reference,198
Продовольствие,balanced_future_reference,201
Продовольствие,balanced_future_reference,203
Продовольствие,balanced_future_reference,204
Продовольствие,balanced_future_reference,205
Продовольствие,balanced_future_reference,206
Продовольствие,balanced_future_reference,207
Продовольствие,balanced_future_reference,208
Продовольствие,balanced_future_reference,209
Продовольствие,balanced_future_reference,210
Продовольствие,balanced_future_reference,211
Продовольствие,balanced_future_reference,212
Продовольствие,balanced_future_reference,213
Продовольствие,balanced_future_reference,214
Продовольствие,balanced_future_reference,215
Продовольствие,balanced_future_reference,216
Продовольствие,balanced_future_reference,217
Продовольствие,balanced_future_reference,218
Продовольствие,balanced_future_reference,219
Продовольствие,balanced_future_reference,220
Продовольствие,balanced_future_reference,221
Продовольствие,balanced_future_reference,222
Продовольствие,balanced_future_reference,223
Продовольствие,balanced_future_reference,224
Продовольствие,balanced_future_reference,225
Продовольствие,balanced_future_reference,226
Продовольствие,balanced_future_reference,227
Продовольствие,balanced_future_reference,228
Продовольствие,balanced_future_reference,229
Продовольствие,balanced_future_reference,230
Продовольствие,balanced_future_reference,231
Продовольствие,balanced_future_reference,232
Продовольствие,balanced_future_reference,233
Продовольствие,balanced_future_reference,234
Продовольствие,balanced_future_reference,235
Продовольствие,balanced_future_reference,236
Продовольствие,balanced_future_reference,237
Продовольствие,balanced_future_reference,238
Продовольствие,balanced_future_reference,239
Продовольствие,balanced_future_reference,240
Продовольствие,balanced_future_reference,241
Продовольствие,balanced_future_reference,242
Продовольствие,balanced_future_reference,243
Продовольствие,balanced_future_reference,269
Продовольствие,balanced_future_reference,270
Продовольствие,balanced_future_reference,271
Продовольствие,balanced_future_reference,272
Продовольствие,balanced_future_reference,273
Продовольствие,balanced_future_reference,274
Продовольствие,balanced_future_reference,275
Продовольствие,balanced_future_reference,276
Продовольствие,balanced_future_reference,277
Продовольствие,balanced_future_reference,278
Продовольствие,balanced_future_reference,279
Продовольствие,balanced_future_reference,280
Продовольствие,balanced_future_reference,281
Продовольствие,balanced_future_reference,282
Продовольствие,balanced_future_reference,283
Продовольствие,balanced_future_reference,284
Продовольствие,balanced_future_reference,285
Продовольствие,balanced_future_reference,287
Продовольствие,balanced_future_reference,288
Продовольствие,balanced_future_reference,289
Продовольствие,balanced_future_reference,290
Продовольствие,balanced_future_reference,292
Продовольствие,balanced_future_reference,293
Продовольствие,balanced_future_reference,294
Продовольствие,balanced_future_reference,295
Продовольствие,balanced_future_reference,296
Продовольствие,balanced_future_reference,297
Продовольствие,balanced_future_reference,298
Продовольствие,balanced_future_reference,300
Продовольствие,balanced_future_reference,301
Продовольствие,balanced_future_reference,302
Продовольствие,balanced_future_reference,303
Продовольствие,balanced_future_reference,304
Продовольствие,balanced_future_reference,305
Продовольствие,balanced_future_reference,306
Продовольствие,balanced_future_reference,307
Продовольствие,balanced_future_reference,308
Продовольствие,balanced_future_reference,309
Продовольствие,balanced_future_reference,312
Продовольствие,balanced_future_reference,314
Продовольствие,balanced_future_reference,316
Продовольствие,balanced_future_reference,317
Продовольствие,balanced_future_reference,318
Продовольствие,balanced_future_reference,319
Продовольствие,balanced_future_reference,320
Продовольствие,balanced_future_reference,321
Продовольствие,balanced_future_reference,323
Продовольствие,balanced_future_reference,324
Продовольствие,balanced_future_reference,325
Продовольствие,balanced_future_reference,326
Продовольствие,balanced_future_reference,327
Продовольствие,balanced_future_reference,329
Продовольствие,balanced_future_reference,330
Продовольствие,balanced_future_reference,331
Продовольствие,balanced_future_reference,332
Продовольствие,balanced_future_reference,333
Продовольствие,balanced_future_reference,334
Продовольствие,balanced_future_reference,335
Продовольствие,balanced_future_reference,336
Продовольствие,balanced_future_reference,337
Продовольствие,balanced_future_reference,338
Продовольствие,balanced_future_reference,339
Продовольствие,balanced_future_reference,340
Продовольствие,balanced_future_reference,341
Продовольствие,balanced_future_reference,342
Продовольствие,balanced_future_reference,343
Продовольствие,balanced_future_reference,345
Продовольствие,balanced_future_reference,346
Продовольствие,balanced_future_reference,347
Продовольствие,balanced_future_reference,348
Продовольствие,balanced_future_reference,349
Продовольствие,balanced_future_reference,351
Продовольствие,balanced_future_reference,352
Продовольствие,balanced_future_reference,354
Продовольствие,balanced_future_reference,355
Продовольствие,balanced_future_reference,356
Продовольствие,balanced_future_reference,357
Продовольствие,balanced_future_reference,358
Продовольствие,balanced_future_reference,359
Продовольствие,balanced_future_reference,360
Продовольствие,balanced_future_reference,361
Продовольствие,balanced_future_reference,362
Продовольствие,balanced_future_reference,363
Продовольствие,balanced_future_reference,364
Продовольствие,balanced_future_reference,365
Продовольствие,balanced_future_reference,366
Продовольствие,balanced_future_reference,367
Продовольствие,balanced_future_reference,368
Продовольствие,balanced_future_reference,369
Продовольствие,balanced_future_reference,370
Продовольствие,balanced_future_reference,371
Продовольствие,balanced_future_reference,372
Продовольствие,balanced_future_reference,373
Продовольствие,balanced_future_reference,374
Продовольствие,balanced_future_reference,375
Продовольствие,balanced_future_reference,376
Продовольствие,balanced_future_reference,377
Продовольствие,balanced_future_reference,378
Продовольствие,balanced_future_reference,379
Продовольствие,balanced_future_reference,380
Продовольствие,balanced_future_reference,381
Продовольствие,balanced_future_reference,382
Продовольствие,balanced_future_reference,383
Продовольствие,balanced_future_reference,384
Продовольствие,balanced_future_reference,385
Продовольствие,balanced_future_reference,386
Продовольствие,balanced_future_reference,387
Продовольствие,balanced_future_reference,388
Продовольствие,balanced_future_reference,390
Продовольствие,balanced_future_reference,391
Продовольствие,balanced_future_reference,392
Продовольствие,balanced_future_reference,393
Продовольствие,balanced_future_reference,395
Продовольствие,balanced_future_reference,396
Продовольствие,balanced_future_reference,397
Продовольствие,balanced_future_reference,398
Продовольствие,balanced_future_reference,401
Продовольствие,balanced_future_reference,402
Продовольствие,balanced_future_reference,403
Продовольствие,balanced_future_reference,404
Продовольствие,balanced_future_reference,405
Продовольствие,balanced_future_reference,408
Продовольствие,balanced_future_reference,410
Продовольствие,balanced_future_reference,413
Продовольствие,balanced_future_reference,414
Продовольствие,balanced_future_reference,416
Продовольствие,balanced_future_reference,418
Продовольствие,balanced_future_reference,419
Продовольствие,balanced_future_reference,420
Продовольствие,balanced_future_reference,421
Продовольствие,balanced_future_reference,422
Продовольствие,balanced_future_reference,423
Продовольствие,balanced_future_reference,424
Продовольствие,balanced_future_reference,425
Продовольствие,balanced_future_reference,428
Продовольствие,balanced_future_reference,429
Продовольствие,balanced_future_reference,430
Продовольствие,balanced_future_reference,431
Продовольствие,balanced_future_reference,432
Продовольствие,balanced_future_reference,433
Продовольствие,balanced_future_reference,434
Продовольствие,balanced_future_reference,435
Продовольствие,balanced_future_reference,436
Продовольствие,balanced_future_reference,437
Продовольствие,balanced_future_reference,438
Продовольствие,balanced_future_reference,440
Продовольствие,balanced_future_reference,441
Продовольствие,balanced_future_reference,442
Продовольствие,balanced_future_reference,443
Продовольствие,balanced_future_reference,444
Продовольствие,balanced_future_reference,445
Продовольствие,balanced_future_reference,446
Продовольствие,balanced_future_reference,447
Продовольствие,balanced_future_reference,448
Продовольствие,balanced_future_reference,449
Продовольствие,balanced_future_reference,450
Продовольствие,balanced_future_reference,451
Продовольствие,balanced_future_reference,452
Продовольствие,balanced_future_reference,453
Продовольствие,balanced_future_reference,455
Продовольствие,balanced_future_reference,456
Продовольствие,balanced_future_reference,457
Продовольствие,balanced_future_reference,458
Продовольствие,balanced_future_reference,459
Продовольствие,balanced_future_reference,460
Продовольствие,balanced_future_reference,478
Продовольствие,balanced_future_reference,479
Продовольствие,balanced_future_reference,480
Продовольствие,balanced_future_reference,481
Продовольствие,balanced_future_reference,482
Продовольствие,balanced_future_reference,484
Продовольствие,balanced_future_reference,485
Продовольствие,balanced_future_reference,486
Продовольствие,balanced_future_reference,487
Продовольствие,balanced_future_reference,489
Продовольствие,balanced_future_reference,490
Продовольствие,balanced_future_reference,491
Продовольствие,balanced_future_reference,492
Продовольствие,balanced_future_reference,493
Продовольствие,balanced_future_reference,494
Продовольствие,balanced_future_reference,495
Продовольствие,balanced_future_reference,496
Продовольствие,balanced_future_reference,497
Продовольствие,balanced_future_reference,498
Продовольствие,balanced_future_reference,499
Продовольствие,balanced_future_reference,501
Продовольствие,balanced_future_reference,502
Продовольствие,balanced_future_reference,503
Продовольствие,balanced_future_reference,504
Продовольствие,balanced_future_reference,505
Продовольствие,balanced_future_reference,506
Продовольствие,balanced_future_reference,507
Продовольствие,balanced_future_reference,508
Продовольствие,balanced_future_reference,509
Продовольствие,balanced_future_reference,510
Продовольствие,balanced_future_reference,511
Продовольствие,balanced_future_reference,512
Продовольствие,balanced_future_reference,515
Продовольствие,balanced_future_reference,516
Продовольствие,balanced_future_reference,517
Продовольствие,balanced_future_reference,518
Продовольствие,balanced_future_reference,519
Продовольствие,balanced_future_reference,520
Продовольствие,balanced_future_reference,521
Продовольствие,balanced_future_reference,522
Продовольствие,balanced_future_reference,523
Продовольствие,balanced_future_reference,524
Продовольствие,balanced_future_reference,525
Продовольствие,balanced_future_reference,527
Продовольствие,balanced_future_reference,528
Продовольствие,balanced_future_reference,529
Продовольствие,balanced_future_reference,530
Продовольствие,balanced_future_reference,531
Продовольствие,balanced_future_reference,532
Продовольствие,balanced_future_reference,533
Продовольствие,balanced_future_reference,534
Продовольствие,balanced_future_reference,535
Продовольствие,balanced_future_reference,536
Продовольствие,balanced_future_reference,537
Продовольствие,balanced_future_reference,538
Продовольствие,balanced_future_reference,539
Продовольствие,balanced_future_reference,540
Продовольствие,balanced_future_reference,541
Продовольствие,balanced_future_reference,542
Продовольствие,balanced_future_reference,543
Продовольствие,balanced_future_reference,544
Продовольствие,balanced_future_reference,545
Продовольствие,balanced_future_reference,546
Продовольствие,balanced_future_reference,547
Продовольствие,balanced_future_reference,548
Продовольствие,balanced_future_reference,549
Продовольствие,balanced_future_reference,550
Продовольствие,balanced_future_reference,552
Продовольствие,balanced_future_reference,553
Продовольствие,balanced_future_reference,554
Продовольствие,balanced_future_reference,555
Продовольствие,balanced_future_reference,556
Продовольствие,balanced_future_reference,557
Продовольствие,balanced_future_reference,558
Продовольствие,balanced_future_reference,559
Продовольствие,balanced_future_reference,560
Продовольствие,balanced_future_reference,561
Продовольствие,balanced_future_reference,562
Продовольствие,balanced_future_reference,563
Продовольствие,balanced_future_reference,564
Продовольствие,balanced_future_reference,565
Продовольствие,balanced_future_reference,566
Продовольствие,balanced_future_reference,567
Продовольствие,balanced_future_reference,568
Продовольствие,balanced_future_reference,569
Продовольствие,balanced_future_reference,570
Продовольствие,balanced_future_reference,571
Продовольствие,balanced_future_reference,572
Продовольствие,balanced_future_reference,574
Продовольствие,balanced_future_reference,578
Продовольствие,balanced_future_reference,579
Продовольствие,balanced_future_reference,580
Продовольствие,balanced_future_reference,581
Продовольствие,balanced_future_reference,582
Продовольствие,balanced_future_reference,583
Продовольствие,balanced_future_reference,584
Продовольствие,balanced_future_reference,585
Продовольствие,balanced_future_reference,586
Продовольствие,balanced_future_reference,587
Продовольствие,balanced_future_reference,588
Продовольствие,balanced_future_reference,589
Продовольствие,balanced_future_reference,591
Продовольствие,balanced_future_reference,592
Продовольствие,balanced_future_reference,593
Продовольствие,balanced_future_reference,594
Продовольствие,balanced_future_reference,595
Продовольствие,balanced_future_reference,598
Продовольствие,balanced_future_reference,599
Продовольствие,balanced_future_reference,600
Продовольствие,balanced_future_reference,601
Продовольствие,balanced_future_reference,602
Продовольствие,balanced_future_reference,603
Продовольствие,balanced_future_reference,604
Продовольствие,balanced_future_reference,605
Продовольствие,balanced_future_reference,606
Продовольствие,balanced_future_reference,607
Продовольствие,balanced_future_reference,608
Продовольствие,balanced_future_reference,612
Продовольствие,balanced_future_reference,613
Продовольствие,balanced_future_reference,614
Продовольствие,balanced_future_reference,615
Продовольствие,balanced_future_reference,616
Продовольствие,balanced_future_reference,618
Продовольствие,balanced_future_reference,619
Продовольствие,balanced_future_reference,621
Продовольствие,balanced_future_reference,666
Продовольствие,balanced_future_reference,667
Продовольствие,balanced_future_reference,668
Продовольствие,balanced_future_reference,669
Продовольствие,balanced_future_reference,670
Продовольствие,balanced_future_reference,671
Продовольствие,balanced_future_reference,674
Продовольствие,balanced_future_reference,675
Продовольствие,balanced_future_reference,676
Продовольствие,balanced_future_reference,677
Продовольствие,balanced_future_reference,678
Продовольствие,balanced_future_reference,679
Продовольствие,balanced_future_reference,680
Продовольствие,balanced_future_reference,683
Продовольствие,balanced_future_reference,685
Продовольствие,balanced_future_reference,686
Продовольствие,balanced_future_reference,687
Продовольствие,balanced_future_reference,689
Продовольствие,balanced_future_reference,690
Продовольствие,balanced_future_reference,691
Продовольствие,balanced_future_reference,692
Продовольствие,balanced_future_reference,693
Продовольствие,balanced_future_reference,694
Продовольствие,balanced_future_reference,695
Продовольствие,balanced_future_reference,696
Продовольствие,balanced_future_reference,697
Продовольствие,balanced_future_reference,698
Продовольствие,balanced_future_reference,699
Продовольствие,balanced_future_reference,701
Продовольствие,balanced_future_reference,702
Продовольствие,balanced_future_reference,703
Продовольствие,balanced_future_reference,704
Продовольствие,balanced_future_reference,705
Продовольствие,balanced_future_reference,706
Продовольствие,balanced_future_reference,708
Продовольствие,balanced_future_reference,710
Продовольствие,balanced_future_reference,711
Продовольствие,balanced_future_reference,712
Продовольствие,balanced_future_reference,713
Продовольствие,balanced_future_reference,714
Продовольствие,balanced_future_reference,715
Продовольствие,balanced_future_reference,716
Продовольствие,balanced_future_reference,717
Продовольствие,balanced_future_reference,718
Продовольствие,balanced_future_reference,719
Продовольствие,balanced_future_reference,720
Продовольствие,balanced_future_reference,721
Продовольствие,balanced_future_reference,722
Продовольствие,balanced_future_reference,723
Продовольствие,balanced_future_reference,725
Продовольствие,balanced_future_reference,726
Продовольствие,balanced_future_reference,727
Продовольствие,balanced_future_reference,731
Продовольствие,balanced_future_reference,734
Продовольствие,balanced_future_reference,735
Продовольствие,balanced_future_reference,736
Продовольствие,balanced_future_reference,737
Продовольствие,balanced_future_reference,738
Продовольствие,balanced_future_reference,739
Продовольствие,balanced_future_reference,741
Продовольствие,balanced_future_reference,742
Продовольствие,balanced_future_reference,743
Продовольствие,balanced_future_reference,744
Продовольствие,balanced_future_reference,745
Продовольствие,balanced_future_reference,746
Продовольствие,balanced_future_reference,747
Продовольствие,balanced_future_reference,748
Продовольствие,balanced_future_reference,749
Продовольствие,balanced_future_reference,751
Продовольствие,balanced_future_reference,752
Продовольствие,balanced_future_reference,753
Продовольствие,balanced_future_reference,754
Продовольствие,balanced_future_reference,755
Продовольствие,balanced_future_reference,756
Продовольствие,balanced_future_reference,757
Продовольствие,balanced_future_reference,758
Продовольствие,balanced_future_reference,760
Продовольствие,balanced_future_reference,761
Продовольствие,balanced_future_reference,763
Продовольствие,balanced_future_reference,764
Продовольствие,balanced_future_reference,765
Продовольствие,balanced_future_reference,766
Продовольствие,balanced_future_reference,767
Продовольствие,balanced_future_reference,769
Продовольствие,balanced_future_reference,770
Продовольствие,balanced_future_reference,771
Продовольствие,balanced_future_reference,773
Продовольствие,balanced_future_reference,774
Продовольствие,balanced_future_reference,775
Продовольствие,balanced_future_reference,776
Продовольствие,balanced_future_reference,777
Продовольствие,balanced_future_reference,778
Продовольствие,balanced_future_reference,779
Продовольствие,balanced_future_reference,780
Продовольствие,balanced_future_reference,781
Продовольствие,balanced_future_reference,782
Продовольствие,balanced_future_reference,783
Продовольствие,balanced_future_reference,784
Продовольствие,balanced_future_reference,785
Продовольствие,balanced_future_reference,787
Продовольствие,balanced_future_reference,788
Продовольствие,balanced_future_reference,789
Продовольствие,balanced_future_reference,790
Продовольствие,balanced_future_reference,791
Продовольствие,balanced_future_reference,792
Продовольствие,balanced_future_reference,793
Продовольствие,balanced_future_reference,794
Продовольствие,balanced_future_reference,795
Продовольствие,balanced_future_reference,796
Продовольствие,balanced_future_reference,797
Продовольствие,balanced_future_reference,798
Продовольствие,balanced_future_reference,799
Продовольствие,balanced_future_reference,800
Продовольствие,balanced_future_reference,801
Продовольствие,balanced_future_reference,802
Продовольствие,balanced_future_reference,803
Продовольствие,balanced_future_reference,804
Продовольствие,balanced_future_reference,805
Продовольствие,balanced_future_reference,806
Продовольствие,balanced_future_reference,807
Продовольствие,balanced_future_reference,808
Продовольствие,balanced_future_reference,809
Продовольствие,balanced_future_reference,810
Продовольствие,balanced_future_reference,811
Продовольствие,balanced_future_reference,812
Продовольствие,balanced_future_reference,813
Продовольствие,balanced_future_reference,814
Продовольствие,balanced_future_reference,815
Продовольствие,balanced_future_reference,817
Продовольствие,balanced_future_reference,818
Продовольствие,balanced_future_reference,819
Продовольствие,balanced_future_reference,820
Продовольствие,balanced_future_reference,821
Продовольствие,balanced_future_reference,822
Продовольствие,balanced_future_reference,823
Продовольствие,balanced_future_reference,824
Продовольствие,balanced_future_reference,825
Продовольствие,balanced_future_reference,826
Продовольствие,balanced_future_reference,827
Продовольствие,balanced_future_reference,828
Продовольствие,balanced_future_reference,829
Продовольствие,balanced_future_reference,830
Продовольствие,balanced_future_reference,831
Продовольствие,balanced_future_reference,832
Продовольствие,balanced_future_reference,833
Продовольствие,balanced_future_reference,834
Продовольствие,balanced_future_reference,835
Продовольствие,balanced_future_reference,836
Продовольствие,balanced_future_reference,838
Продовольствие,balanced_future_reference,839
Продовольствие,balanced_future_reference,840
Продовольствие,balanced_future_reference,841
Продовольствие,balanced_future_reference,842
Продовольствие,balanced_future_reference,843
Продовольствие,balanced_future_reference,844
Продовольствие,balanced_future_reference,846
Продовольствие,balanced_future_reference,847
Продовольствие,balanced_future_reference,848
Продовольствие,balanced_future_reference,849
Продовольствие,balanced_future_reference,851
Продовольствие,balanced_future_reference,852
Продовольствие,balanced_future_reference,853
Продовольствие,balanced_future_reference,854
Продовольствие,balanced_future_reference,855
Продовольствие,balanced_future_reference,856
Продовольствие,balanced_future_reference,857
Продовольствие,balanced_future_reference,859
Продовольствие,balanced_future_reference,860
Продовольствие,balanced_future_reference,870
Продовольствие,balanced_future_reference,871
Продовольствие,balanced_future_reference,872
Продовольствие,balanced_future_reference,873
Продовольствие,balanced_future_reference,874
Продовольствие,balanced_future_reference,875
Продовольствие,balanced_future_reference,876
Продовольствие,balanced_future_reference,877
Продовольствие,balanced_future_reference,878
Продовольствие,balanced_future_reference,879
Продовольствие,balanced_future_reference,880
Продовольствие,balanced_future_reference,881
Продовольствие,balanced_future_reference,882
Продовольствие,balanced_future_reference,883
Продовольствие,balanced_future_reference,884
Продовольствие,balanced_future_reference,885
Продовольствие,balanced_future_reference,886
Продовольствие,balanced_future_reference,888
Продовольствие,balanced_future_reference,889
Продовольствие,balanced_future_reference,890
Продовольствие,balanced_future_reference,891
Продовольствие,balanced_future_reference,892
Продовольствие,balanced_future_reference,895
Продовольствие,balanced_future_reference,896
Продовольствие,balanced_future_reference,897
Продовольствие,balanced_future_reference,898
Продовольствие,balanced_future_reference,899
Продовольствие,balanced_future_reference,900
Продовольствие,balanced_future_reference,901
Продовольствие,balanced_future_reference,902
Продовольствие,balanced_future_reference,903
Продовольствие,balanced_future_reference,904
Продовольствие,balanced_future_reference,905
Продовольствие,balanced_future_reference,907
Продовольствие,balanced_future_reference,908
Продовольствие,balanced_future_reference,909
Продовольствие,balanced_future_reference,911
Продовольствие,balanced_future_reference,912
Продовольствие,balanced_future_reference,913
Продовольствие,balanced_future_reference,914
Продовольствие,balanced_future_reference,915
Продовольствие,balanced_future_reference,916
Продовольствие,balanced_future_reference,917
Продовольствие,balanced_future_reference,918
Продовольствие,balanced_future_reference,920
Продовольствие,balanced_future_reference,922
Продовольствие,balanced_future_reference,923
Продовольствие,balanced_future_reference,924
Продовольствие,balanced_future_reference,925
Продовольствие,balanced_future_reference,926
Продовольствие,balanced_future_reference,927
Продовольствие,balanced_future_reference,928
Продовольствие,balanced_future_reference,929
Продовольствие,balanced_future_reference,930
Продовольствие,balanced_future_reference,986
Продовольствие,balanced_future_reference,987
Продовольствие,balanced_future_reference,988
Продовольствие,balanced_future_reference,989
Продовольствие,balanced_future_reference,991
Продовольствие,balanced_future_reference,992
Продовольствие,balanced_future_reference,993
Продовольствие,balanced_future_reference,994
Продовольствие,balanced_future_reference,995
Продовольствие,balanced_future_reference,996
Продовольствие,balanced_future_reference,998
Продовольствие,balanced_future_reference,999
Продовольствие,balanced_future_reference,1001
Продовольствие,balanced_future_reference,1002
Продовольствие,balanced_future_reference,1003
Продовольствие,balanced_future_reference,1004
Продовольствие,balanced_future_reference,1005
Продовольствие,balanced_future_reference,1006
Продовольствие,balanced_future_reference,1007
Продовольствие,balanced_future_reference,1008
Продовольствие,balanced_future_reference,1009
Продовольствие,balanced_future_reference,1010
Продовольствие,balanced_future_reference,1011
Продовольствие,balanced_future_reference,1012
Продовольствие,balanced_future_reference,1013
Продовольствие,balanced_future_reference,1014
Продовольствие,balanced_future_reference,1015
Продовольствие,balanced_future_reference,1016
Продовольствие,balanced_future_reference,1017
Продовольствие,balanced_future_reference,1018
Продовольствие,balanced_future_reference,1019
Продовольствие,balanced_future_reference,1020
Продовольствие,balanced_future_reference,1021
Продовольствие,balanced_future_reference,1023
Продовольствие,balanced_future_reference,1024
Продовольствие,balanced_future_reference,1025
Продовольствие,balanced_future_reference,1026
Продовольствие,balanced_future_reference,1027
Продовольствие,balanced_future_reference,1028
Продовольствие,balanced_future_reference,1029
Продовольствие,balanced_future_reference,1030
Продовольствие,balanced_future_reference,1031
Продовольствие,balanced_future_reference,1032
Продовольствие,balanced_future_reference,1033
Продовольствие,balanced_future_reference,1034
Продовольствие,balanced_future_reference,1035
Продовольствие,balanced_future_reference,1036
Продовольствие,balanced_future_reference,1037
Продовольствие,balanced_future_reference,1038
Продовольствие,balanced_future_reference,1039
Продовольствие,balanced_future_reference,1040
Продовольствие,balanced_future_reference,1041
Продовольствие,balanced_future_reference,1044
Продовольствие,balanced_future_reference,1047
Продовольствие,balanced_future_reference,1048
Продовольствие,balanced_future_reference,1049
Продовольствие,balanced_future_reference,1051
Продовольствие,balanced_future_reference,1052
Продовольствие,balanced_future_reference,1053
Продовольствие,balanced_future_reference,1054
Продовольствие,balanced_future_reference,1055
Продовольствие,balanced_future_reference,1056
Продовольствие,balanced_future_reference,1057
Продовольствие,balanced_future_reference,1058
Продовольствие,balanced_future_reference,1059
Продовольствие,balanced_future_reference,1060
Продовольствие,balanced_future_reference,1061
Продовольствие,balanced_future_reference,1062
Продовольствие,balanced_future_reference,1063
Продовольствие,balanced_future_reference,1064
Продовольствие,balanced_future_reference,1065
Продовольствие,balanced_future_reference,1066
Продовольствие,balanced_future_reference,1067
Продовольствие,balanced_future_reference,1068
Продовольствие,balanced_future_reference,1069
Продовольствие,balanced_future_reference,1070
Продовольствие,balanced_future_reference,1071
Продовольствие,balanced_future_reference,1072
Продовольствие,balanced_future_reference,1107
Продовольствие,balanced_future_reference,1108
Продовольствие,balanced_future_reference,1109
Продовольствие,balanced_future_reference,1110
Продовольствие,balanced_future_reference,1111
Продовольствие,balanced_future_reference,1112
Продовольствие,balanced_future_reference,1113
Продовольствие,balanced_future_reference,1115
Продовольствие,balanced_future_reference,1116
Продовольствие,balanced_future_reference,1117
Продовольствие,balanced_future_reference,1118
Продовольствие,balanced_future_reference,1119
Продовольствие,balanced_future_reference,1120
Продовольствие,balanced_future_reference,1121
Продовольствие,balanced_future_reference,1122
Продовольствие,balanced_future_reference,1123
Продовольствие,balanced_future_reference,1124
Продовольствие,balanced_future_reference,1125
Продовольствие,balanced_future_reference,1126
Продовольствие,balanced_future_reference,1127
Продовольствие,balanced_future_reference,1128
Продовольствие,balanced_future_reference,1129
Продовольствие,balanced_future_reference,1130
Продовольствие,balanced_future_reference,1131
Продовольствие,balanced_future_reference,1132
Продовольствие,balanced_future_reference,1133
Продовольствие,balanced_future_reference,1134
Продовольствие,balanced_future_reference,1135
Продовольствие,balanced_future_reference,1136
Продовольствие,balanced_future_reference,1137
Продовольствие,balanced_future_reference,1138
Продовольствие,balanced_future_reference,1139
Продовольствие,balanced_future_reference,1140
Продовольствие,balanced_future_reference,1141
Продовольствие,balanced_future_reference,1142
Продовольствие,balanced_future_reference,1143
Продовольствие,balanced_future_reference,1144
Продовольствие,balanced_future_reference,1146
Продовольствие,balanced_future_reference,1147
Продовольствие,balanced_future_reference,1148
Продовольствие,balanced_future_reference,1149
Продовольствие,balanced_future_reference,1150
Продовольствие,balanced_future_reference,1151
Продовольствие,balanced_future_reference,1152
Продовольствие,balanced_future_reference,1153
Продовольствие,balanced_future_reference,1154
Продовольствие,balanced_future_reference,1155
Продовольствие,balanced_future_reference,1157
Продовольствие,balanced_future_reference,1158
Продовольствие,balanced_future_reference,1159
Продовольствие,balanced_future_reference,1160
Продовольствие,balanced_future_reference,1161
Продовольствие,balanced_future_reference,1163
Продовольствие,balanced_future_reference,1164
Продовольствие,balanced_future_reference,1165
Продовольствие,balanced_future_reference,1166
Продовольствие,balanced_future_reference,1167
Продовольствие,balanced_future_reference,1168
Продовольствие,balanced_future_reference,1169
Продовольствие,balanced_future_reference,1170
Продовольствие,balanced_future_reference,1171
Продовольствие,balanced_future_reference,1172
Продовольствие,balanced_future_reference,1173
Продовольствие,balanced_future_reference,1174
Продовольствие,balanced_future_reference,1175
Продовольствие,balanced_future_reference,1176
Продовольствие,balanced_future_reference,1178
Продовольствие,balanced_future_reference,1179
Продовольствие,balanced_future_reference,1180
Продовольствие,balanced_future_reference,1181
Продовольствие,balanced_future_reference,1184
Продовольствие,balanced_future_reference,1185
Продовольствие,balanced_future_reference,1186
Продовольствие,balanced_future_reference,1187
Продовольствие,balanced_future_reference,1188
Продовольствие,balanced_future_reference,1189
Продовольствие,balanced_future_reference,1190
Продовольствие,balanced_future_reference,1191
Продовольствие,balanced_future_reference,1192
Продовольствие,balanced_future_reference,1193
Продовольствие,balanced_future_reference,1194
Продовольствие,balanced_future_reference,1195
Продовольствие,balanced_future_reference,1196
Продовольствие,balanced_future_reference,1197
Продовольствие,balanced_future_reference,1198
Продовольствие,balanced_future_reference,1200
Продовольствие,balanced_future_reference,1201
Продовольствие,balanced_future_reference,1203
Продовольствие,balanced_future_reference,1204
Продовольствие,balanced_future_reference,1205
Продовольствие,balanced_future_reference,1206
Продовольствие,balanced_future_reference,1207
Продовольствие,balanced_future_reference,1208
Продовольствие,balanced_future_reference,1209
Продовольствие,balanced_future_reference,1210
Продовольствие,balanced_future_reference,1211
Продовольствие,balanced_future_reference,1212
Продовольствие,balanced_future_reference,1213
Продовольствие,balanced_future_reference,1214
Продовольствие,balanced_future_reference,1215
Продовольствие,balanced_future_reference,1217
Продовольствие,balanced_future_reference,1218
Продовольствие,balanced_future_reference,1219
Продовольствие,balanced_future_reference,1220
Продовольствие,balanced_future_reference,1221
Продовольствие,balanced_future_reference,1222
Продовольствие,balanced_future_reference,1223
Продовольствие,balanced_future_reference,1224
Продовольствие,balanced_future_reference,1225
Продовольствие,balanced_future_reference,1226
Продовольствие,balanced_future_reference,1227
Продовольствие,balanced_future_reference,1228
Продовольствие,balanced_future_reference,1229
Продовольствие,balanced_future_reference,1230
Продовольствие,balanced_future_reference,1231
Продовольствие,balanced_future_reference,1232
Продовольствие,balanced_future_reference,1233
Продовольствие,balanced_future_reference,1234
Продовольствие,balanced_future_reference,1235
Продовольствие,balanced_future_reference,1236
Продовольствие,balanced_future_reference,1237
Продовольствие,balanced_future_reference,1238
Продовольствие,balanced_future_reference,1240
Продовольствие,balanced_future_reference,1241
Продовольствие,balanced_future_reference,1242
Продовольствие,balanced_future_reference,1243
Продовольствие,balanced_future_reference,1244
Продовольствие,balanced_future_reference,1246
Продовольствие,balanced_future_reference,1249
Продовольствие,balanced_future_reference,1250
Продовольствие,balanced_future_reference,1251
Продовольствие,balanced_future_reference,1252
Продовольствие,balanced_future_reference,1253
Продовольствие,balanced_future_reference,1254
Продовольствие,balanced_future_reference,1256
Продовольствие,balanced_future_reference,1257
Продовольствие,balanced_future_reference,1258
Продовольствие,balanced_future_reference,1259
Продовольствие,balanced_future_reference,1260
Продовольствие,balanced_future_reference,1261
Продовольствие,balanced_future_reference,1262
Продовольствие,balanced_future_reference,1264
Продовольствие,balanced_future_reference,1265
Продовольствие,balanced_future_reference,1266
Продовольствие,balanced_future_reference,1267
Продовольствие,balanced_future_reference,1268
Продовольствие,balanced_future_reference,1269
Продовольствие,balanced_future_reference,1270
Продовольствие,balanced_future_reference,1271
Продовольствие,balanced_future_reference,1272
Продовольствие,balanced_future_reference,1273
Продовольствие,balanced_future_reference,1274
Продовольствие,balanced_future_reference,1275
Продовольствие,balanced_future_reference,1276
Продовольствие,balanced_future_reference,1277
Продовольствие,balanced_future_reference,1278
Продовольствие,balanced_future_reference,1279
Продовольствие,balanced_future_reference,1280
Продовольствие,balanced_future_reference,1281
Продовольствие,balanced_future_reference,1282
Продовольствие,balanced_future_reference,1284
Продовольствие,balanced_future_reference,1285
Продовольствие,balanced_future_reference,1286
Продовольствие,balanced_future_reference,1287
Продовольствие,balanced_future_reference,1288
Продовольствие,balanced_future_reference,1289
Продовольствие,balanced_future_reference,1290
Продовольствие,balanced_future_reference,1291
Продовольствие,balanced_future_reference,1292
Продовольствие,balanced_future_reference,1293
Продовольствие,balanced_future_reference,1294
Продовольствие,balanced_future_reference,1295
Продовольствие,balanced_future_reference,1296
Продовольствие,balanced_future_reference,1297
Продовольствие,balanced_future_reference,1298
Продовольствие,balanced_future_reference,1299
Продовольствие,balanced_future_reference,1300
Продовольствие,balanced_future_reference,1301
Продовольствие,balanced_future_reference,1302
Продовольствие,balanced_future_reference,1303
Продовольствие,balanced_future_reference,1304
Продовольствие,balanced_future_reference,1305
Продовольствие,balanced_future_reference,1306
Продовольствие,balanced_future_reference,1308
Продовольствие,balanced_future_reference,1309
Продовольствие,balanced_future_reference,1310
Продовольствие,balanced_future_reference,1311
Продовольствие,balanced_future_reference,1312
Продовольствие,balanced_future_reference,1313
Продовольствие,balanced_future_reference,1314
Продовольствие,balanced_future_reference,1315
Продовольствие,balanced_future_reference,1316
Продовольствие,balanced_future_reference,1317
Продовольствие,balanced_future_reference,1319
Продовольствие,balanced_future_reference,1320
Продовольствие,balanced_future_reference,1321
Продовольствие,balanced_future_reference,1322
Продовольствие,balanced_future_reference,1323
Продовольствие,balanced_future_reference,1324
Продовольствие,balanced_future_reference,1325
Продовольствие,balanced_future_reference,1326
Продовольствие,balanced_future_reference,1327
Продовольствие,balanced_future_reference,1328
Продовольствие,balanced_future_reference,1329
Продовольствие,balanced_future_reference,1330
Продовольствие,balanced_future_reference,1331
Продовольствие,balanced_future_reference,1333
Продовольствие,balanced_future_reference,1334
Продовольствие,balanced_future_reference,1335
Продовольствие,balanced_future_reference,1336
Продовольствие,balanced_future_reference,1337
Продовольствие,balanced_future_reference,1338
Продовольствие,balanced_future_reference,1339
Продовольствие,balanced_future_reference,1340
Продовольствие,balanced_future_reference,1341
Продовольствие,balanced_future_reference,1343
Продовольствие,balanced_future_reference,1344
Продовольствие,balanced_future_reference,1345
Продовольствие,balanced_future_reference,1346
Продовольствие,balanced_future_reference,1347
Продовольствие,balanced_future_reference,1348
Продовольствие,balanced_future_reference,1349
Продовольствие,balanced_future_reference,1350
Продовольствие,balanced_future_reference,1351
Продовольствие,balanced_future_reference,1352
Продовольствие,balanced_future_reference,1353
Продовольствие,balanced_future_reference,1355
Продовольствие,balanced_future_reference,1356
Продовольствие,balanced_future_reference,1357
Продовольствие,balanced_future_reference,1358
Продовольствие,balanced_future_reference,1392
Продовольствие,balanced_future_reference,1393
Продовольствие,balanced_future_reference,1394
Продовольствие,balanced_future_reference,1395
Продовольствие,balanced_future_reference,1396
Продовольствие,balanced_future_reference,1397
Продовольствие,balanced_future_reference,1398
Продовольствие,balanced_future_reference,1399
Продовольствие,balanced_future_reference,1400
Продовольствие,balanced_future_reference,1401
Продовольствие,balanced_future_reference,1402
Продовольствие,balanced_future_reference,1403
Продовольствие,balanced_future_reference,1404
Продовольствие,balanced_future_reference,1405
Продовольствие,balanced_future_reference,1406
Продовольствие,balanced_future_reference,1407
Продовольствие,balanced_future_reference,1408
Продовольствие,balanced_future_reference,1409
Продовольствие,balanced_future_reference,1410
Продовольствие,balanced_future_reference,1411
Продовольствие,balanced_future_reference,1412
Продовольствие,balanced_future_reference,1413
Продовольствие,balanced_future_reference,1414
Продовольствие,balanced_future_reference,1415
Продовольствие,balanced_future_reference,1416
Продовольствие,balanced_future_reference,1417
Продовольствие,balanced_future_reference,1419
Продовольствие,balanced_future_reference,1420
Продовольствие,balanced_future_reference,1421
Продовольствие,balanced_future_reference,1422
Продовольствие,balanced_future_reference,1423
Продовольствие,balanced_future_reference,1425
Продовольствие,balanced_future_reference,1426
Продовольствие,balanced_future_reference,1427
Продовольствие,balanced_future_reference,1428
Продовольствие,balanced_future_reference,1429
Продовольствие,balanced_future_reference,1430
Продовольствие,balanced_future_reference,1431
Продовольствие,balanced_future_reference,1438
Продовольствие,balanced_future_reference,1439
Продовольствие,balanced_future_reference,1440
Продовольствие,balanced_future_reference,1443
Продовольствие,balanced_future_reference,1444
Продовольствие,balanced_future_reference,1445
Продовольствие,balanced_future_reference,1446
Продовольствие,balanced_future_reference,1447
Продовольствие,balanced_future_reference,1448
Продовольствие,balanced_future_reference,1449
Продовольствие,balanced_future_reference,1453
Продовольствие,balanced_future_reference,1454
Продовольствие,balanced_future_reference,1456
Продовольствие,balanced_future_reference,1457
Продовольствие,balanced_future_reference,1459
Продовольствие,balanced_future_reference,1461
Продовольствие,balanced_future_reference,1463
Продовольствие,balanced_future_reference,1464
Продовольствие,balanced_future_reference,1465
Продовольствие,balanced_future_reference,1467
Продовольствие,balanced_future_reference,1468
Продовольствие,balanced_future_reference,1472
Продовольствие,balanced_future_reference,1473
Продовольствие,balanced_future_reference,1474
Продовольствие,balanced_future_reference,1475
Продовольствие,balanced_future_reference,1477
Продовольствие,balanced_future_reference,1478
Продовольствие,balanced_future_reference,1480
Продовольствие,balanced_future_reference,1481
Продовольствие,balanced_future_reference,1483
Продовольствие,balanced_future_reference,1484
Продовольствие,balanced_future_reference,1486
Продовольствие,balanced_future_reference,1488
Продовольствие,balanced_future_reference,1489
Продовольствие,balanced_future_reference,1490
Продовольствие,balanced_future_reference,1491
Продовольствие,balanced_future_reference,1492
Продовольствие,balanced_future_reference,1493
Продовольствие,balanced_future_reference,1494
Продовольствие,balanced_future_reference,1495
Продовольствие,balanced_future_reference,1496
Продовольствие,balanced_future_reference,1500
Продовольствие,balanced_future_reference,1501
Продовольствие,balanced_future_reference,1504
Продовольствие,balanced_future_reference,1506
Продовольствие,balanced_future_reference,1507
Продовольствие,balanced_future_reference,1508
Продовольствие,balanced_future_reference,1509
Продовольствие,balanced_future_reference,1510
Продовольствие,balanced_future_reference,1511
Продовольствие,balanced_future_reference,1512
Продовольствие,balanced_future_reference,1518
Продовольствие,balanced_future_reference,1519
Продовольствие,balanced_future_reference,1520
Продовольствие,balanced_future_reference,1521
Продовольствие,balanced_future_reference,1522
Продовольствие,balanced_future_reference,1523
Продовольствие,balanced_future_reference,1525
Продовольствие,balanced_future_reference,1526
Продовольствие,balanced_future_reference,1527
Продовольствие,balanced_future_reference,1528
Продовольствие,balanced_future_reference,1529
Продовольствие,balanced_future_reference,1530
Продовольствие,balanced_future_reference,1532
Продовольствие,balanced_future_reference,1533
Продовольствие,balanced_future_reference,1534
Продовольствие,balanced_future_reference,1535
Продовольствие,balanced_future_reference,1536
Продовольствие,balanced_future_reference,1537
Продовольствие,balanced_future_reference,1539
Продовольствие,balanced_future_reference,1540
Продовольствие,balanced_future_reference,1541
Продовольствие,balanced_future_reference,1542
Продовольствие,balanced_future_reference,1543
Продовольствие,balanced_future_reference,1544
Продовольствие,balanced_future_reference,1545
Продовольствие,balanced_future_reference,1546
Продовольствие,balanced_future_reference,1547
Продовольствие,balanced_future_reference,1548
Продовольствие,balanced_future_reference,1549
Продовольствие,balanced_future_reference,1550
Продовольствие,balanced_future_reference,1551
Продовольствие,balanced_future_reference,1552
Продовольствие,balanced_future_reference,1553
Продовольствие,balanced_future_reference,1554
Продовольствие,balanced_future_reference,1555
Продовольствие,balanced_future_reference,1556
Продовольствие,balanced_future_reference,1557
Продовольствие,balanced_future_reference,1558
Продовольствие,balanced_future_reference,1559
Продовольствие,balanced_future_reference,1560
Продовольствие,balanced_future_reference,1561
Продовольствие,balanced_future_reference,1562
Продовольствие,balanced_future_reference,1563
Продовольствие,balanced_future_reference,1564
Продовольствие,balanced_future_reference,1565
Продовольствие,balanced_future_reference,1566
Продовольствие,balanced_future_reference,1567
Продовольствие,balanced_future_reference,1568
Продовольствие,balanced_future_reference,1569
Продовольствие,balanced_future_reference,1570
Продовольствие,balanced_future_reference,1571
Продовольствие,balanced_future_reference,1572
Продовольствие,balanced_future_reference,1573
Продовольствие,balanced_future_reference,1574
Продовольствие,balanced_future_reference,1575
Продовольствие,balanced_future_reference,1577
Продовольствие,balanced_future_reference,1578
Продовольствие,balanced_future_reference,1579
Продовольствие,balanced_future_reference,1580
Продовольствие,balanced_future_reference,1581
Продовольствие,balanced_future_reference,1582
Продовольствие,balanced_future_reference,1583
Продовольствие,balanced_future_reference,1584
Продовольствие,balanced_future_reference,1585
Продовольствие,balanced_future_reference,1586
Продовольствие,balanced_future_reference,1587
Продовольствие,balanced_future_reference,1588
Продовольствие,balanced_future_reference,1589
Продовольствие,balanced_future_reference,1590
Продовольствие,balanced_future_reference,1591
Продовольствие,balanced_future_reference,1592
Продовольствие,balanced_future_reference,1593
Продовольствие,balanced_future_reference,1594
Продовольствие,balanced_future_reference,1595
Продовольствие,balanced_future_reference,1596
Продовольствие,balanced_future_reference,1597
Продовольствие,balanced_future_reference,1598
Продовольствие,balanced_future_reference,1599
Продовольствие,balanced_future_reference,1600
Продовольствие,balanced_future_reference,1601
Продовольствие,balanced_future_reference,1602
Продовольствие,balanced_future_reference,1603
Продовольствие,balanced_future_reference,1604
Продовольствие,balanced_future_reference,1605
Продовольствие,balanced_future_reference,1606
Продовольствие,balanced_future_reference,1607
Продовольствие,balanced_future_reference,1608
Продовольствие,balanced_future_reference,1609
Продовольствие,balanced_future_reference,1610
Продовольствие,balanced_future_reference,1611
Продовольствие,balanced_future_reference,1612
Продовольствие,balanced_future_reference,1613
Продовольствие,balanced_future_reference,1614
Продовольствие,balanced_future_reference,1615
Продовольствие,balanced_future_reference,1616
Продовольствие,balanced_future_reference,1617
Продовольствие,balanced_future_reference,1618
Продовольствие,balanced_future_reference,1619
Продовольствие,balanced_future_reference,1620
Продовольствие,balanced_future_reference,1621
Продовольствие,balanced_future_reference,1622
Продовольствие,balanced_future_reference,1623
Продовольствие,balanced_future_reference,1624
Продовольствие,balanced_future_reference,1625
Продовольствие,balanced_future_reference,1626
Продовольствие,balanced_future_reference,1627
Продовольствие,balanced_future_reference,1628
Продовольствие,balanced_future_reference,1629
Продовольствие,balanced_future_reference,1630
Продовольствие,balanced_future_reference,1631
Продовольствие,balanced_future_reference,1632
Продовольствие,balanced_future_reference,1633
Продовольствие,balanced_future_reference,1634
Продовольствие,balanced_future_reference,1635
Продовольствие,balanced_future_reference,1636
Продовольствие,balanced_future_reference,1637
Продовольствие,balanced_future_reference,1638
Продовольствие,balanced_future_reference,1639
Продовольствие,balanced_future_reference,1640
Продовольствие,balanced_future_reference,1641
Продовольствие,balanced_future_reference,1642
Продовольствие,balanced_future_reference,1643
Продовольствие,balanced_future_reference,1644
Продовольствие,balanced_future_reference,1645
Продовольствие,balanced_future_reference,1646
Продовольствие,balanced_future_reference,1647
Продовольствие,balanced_future_reference,1648
Продовольствие,balanced_future_reference,1649
Продовольствие,balanced_future_reference,1650
Продовольствие,balanced_future_reference,1651
Продовольствие,balanced_future_reference,1652
Продовольствие,balanced_future_reference,1653
Продовольствие,balanced_future_reference,1654
Продовольствие,balanced_future_reference,1655
Продовольствие,balanced_future_reference,1656
Продовольствие,balanced_future_reference,1657
Продовольствие,balanced_future_reference,1658
Продовольствие,balanced_future_reference,1659
Продовольствие,balanced_future_reference,1660
Продовольствие,balanced_future_reference,1661
Продовольствие,balanced_future_reference,1662
Продовольствие,balanced_future_reference,1663
Продовольствие,balanced_future_reference,1664
Продовольствие,balanced_future_reference,1665
Продовольствие,balanced_future_reference,1666
Продовольствие,balanced_future_reference,1667
Продовольствие,balanced_future_reference,1668
Продовольствие,balanced_future_reference,1669
Продовольствие,balanced_future_reference,1670
Продовольствие,balanced_future_reference,1671
Продовольствие,balanced_future_reference,1672
Продовольствие,balanced_future_reference,1673
Продовольствие,balanced_future_reference,1674
Продовольствие,balanced_future_reference,1675
Продовольствие,balanced_future_reference,1676
Продовольствие,balanced_future_reference,1678
Продовольствие,balanced_future_reference,1679
Продовольствие,balanced_future_reference,1680
Продовольствие,balanced_future_reference,1681
Продовольствие,balanced_future_reference,1682
Продовольствие,balanced_future_reference,1683
Продовольствие,balanced_future_reference,1685
Продовольствие,balanced_future_reference,1686
Продовольствие,balanced_future_reference,1687
Продовольствие,balanced_future_reference,1688
Продовольствие,balanced_future_reference,1689
Продовольствие,balanced_future_reference,1690
Продовольствие,balanced_future_reference,1691
Продовольствие,balanced_future_reference,1692
Продовольствие,balanced_future_reference,1693
Продовольствие,balanced_future_reference,1694
Продовольствие,balanced_future_reference,1696
Продовольствие,balanced_future_reference,1697
Продовольствие,balanced_future_reference,1698
Продовольствие,balanced_future_reference,1699
Продовольствие,balanced_future_reference,1700
Продовольствие,balanced_future_reference,1701
Продовольствие,balanced_future_reference,1702
Продовольствие,balanced_future_reference,1703
Продовольствие,balanced_future_reference,1704
Продовольствие,balanced_future_reference,1705
Продовольствие,balanced_future_reference,1706
Продовольствие,balanced_future_reference,1707
Продовольствие,balanced_future_reference,1708
Продовольствие,balanced_future_reference,1709
Продовольствие,balanced_future_reference,1710
Продовольствие,balanced_future_reference,1711
Продовольствие,balanced_future_reference,1712
Продовольствие,balanced_future_reference,1714
Продовольствие,balanced_future_reference,1715
Продовольствие,balanced_future_reference,1717
Продовольствие,balanced_future_reference,1718
Продовольствие,balanced_future_reference,1719
Продовольствие,balanced_future_reference,1722
Продовольствие,balanced_future_reference,1724
Продовольствие,balanced_future_reference,1725
Продовольствие,balanced_future_reference,1726
Продовольствие,balanced_future_reference,1727
Продовольствие,balanced_future_reference,1728
Продовольствие,balanced_future_reference,1730
Продовольствие,balanced_future_reference,1731
Продовольствие,balanced_future_reference,1732
Продовольствие,balanced_future_reference,1733
Продовольствие,balanced_future_reference,1737
Продовольствие,balanced_future_reference,1738
Продовольствие,balanced_future_reference,1739
Продовольствие,balanced_future_reference,1740
Продовольствие,balanced_future_reference,1741
Продовольствие,balanced_future_reference,1742
Продовольствие,balanced_future_reference,1743
Продовольствие,balanced_future_reference,1744
Продовольствие,balanced_future_reference,1745
Продовольствие,balanced_future_reference,1746
Продовольствие,balanced_future_reference,1747
Продовольствие,balanced_future_reference,1749
Продовольствие,balanced_future_reference,1750
Продовольствие,balanced_future_reference,1751
Продовольствие,balanced_future_reference,1752
Продовольствие,balanced_future_reference,1753
Продовольствие,balanced_future_reference,1754
Продовольствие,balanced_future_reference,1755
Продовольствие,balanced_future_reference,1756
Продовольствие,balanced_future_reference,1757
Продовольствие,balanced_future_reference,1758
Продовольствие,balanced_future_reference,1759
Продовольствие,balanced_future_reference,1760
Продовольствие,balanced_future_reference,1761
Продовольствие,balanced_future_reference,1762
Продовольствие,balanced_future_reference,1764
Продовольствие,balanced_future_reference,1765
Продовольствие,balanced_future_reference,1766
Продовольствие,balanced_future_reference,1768
Продовольствие,balanced_future_reference,1769
Продовольствие,balanced_future_reference,1770
Продовольствие,balanced_future_reference,1771
Продовольствие,balanced_future_reference,1773
Продовольствие,balanced_future_reference,1774
Продовольствие,balanced_future_reference,1775
Продовольствие,balanced_future_reference,1776
Продовольствие,balanced_future_reference,1777
Продовольствие,balanced_future_reference,1778
Продовольствие,balanced_future_reference,1780
Продовольствие,balanced_future_reference,1781
Продовольствие,balanced_future_reference,1782
Продовольствие,balanced_future_reference,1783
Продовольствие,balanced_future_reference,1784
Продовольствие,balanced_future_reference,1785
Продовольствие,balanced_future_reference,1786
Продовольствие,balanced_future_reference,1787
Продовольствие,balanced_future_reference,1788
Продовольствие,balanced_future_reference,1845
Продовольствие,balanced_future_reference,1846
Продовольствие,balanced_future_reference,1848
Продовольствие,balanced_future_reference,1849
Продовольствие,balanced_future_reference,1850
Продовольствие,balanced_future_reference,1851
Продовольствие,balanced_future_reference,1852
Продовольствие,balanced_future_reference,1853
Продовольствие,balanced_future_reference,1854
Продовольствие,balanced_future_reference,1855
Продовольствие,balanced_future_reference,1856
Продовольствие,balanced_future_reference,1857
Продовольствие,balanced_future_reference,1858
Продовольствие,balanced_future_reference,1859
Продовольствие,balanced_future_reference,1860
Продовольствие,balanced_future_reference,1861
Продовольствие,balanced_future_reference,1862
Продовольствие,balanced_future_reference,1863
Продовольствие,balanced_future_reference,1864
Продовольствие,balanced_future_reference,1865
Продовольствие,balanced_future_reference,1868
Продовольствие,balanced_future_reference,1869
Продовольствие,balanced_future_reference,1870
Продовольствие,balanced_future_reference,1871
Продовольствие,balanced_future_reference,1872
Продовольствие,balanced_future_reference,1873
Продовольствие,balanced_future_reference,1874
Продовольствие,balanced_future_reference,1875
Продовольствие,balanced_future_reference,1876
Продовольствие,balanced_future_reference,1877
Продовольствие,balanced_future_reference,1878
Продовольствие,balanced_future_reference,1879
Продовольствие,balanced_future_reference,1880
Продовольствие,balanced_future_reference,1881
Продовольствие,balanced_future_reference,1883
Продовольствие,balanced_future_reference,1884
Продовольствие,balanced_future_reference,1885
Продовольствие,balanced_future_reference,1886
Продовольствие,balanced_future_reference,1887
Продовольствие,balanced_future_reference,1888
Продовольствие,balanced_future_reference,1889
Продовольствие,balanced_future_reference,1890
Продовольствие,balanced_future_reference,1891
Продовольствие,balanced_future_reference,1892
Продовольствие,balanced_future_reference,1893
Продовольствие,balanced_future_reference,1894
Продовольствие,balanced_future_reference,1895
Продовольствие,balanced_future_reference,1896
Продовольствие,balanced_future_reference,1897
Продовольствие,balanced_future_reference,1898
Продовольствие,balanced_future_reference,1899
Продовольствие,balanced_future_reference,1900
Продовольствие,balanced_future_reference,1901
Продовольствие,balanced_future_reference,1902
Продовольствие,balanced_future_reference,1903
Продовольствие,balanced_future_reference,1904
Продовольствие,balanced_future_reference,1905
Продовольствие,balanced_future_reference,1906
Продовольствие,balanced_future_reference,1907
Продовольствие,balanced_future_reference,1908
Продовольствие,balanced_future_reference,1909
Продовольствие,balanced_future_reference,1910
Продовольствие,balanced_future_reference,1912
Продовольствие,balanced_future_reference,1915
Продовольствие,balanced_future_reference,1916
Продовольствие,balanced_future_reference,1917
Продовольствие,balanced_future_reference,1918
Продовольствие,balanced_future_reference,1919
Продовольствие,balanced_future_reference,1920
Продовольствие,balanced_future_reference,1921
Продовольствие,balanced_future_reference,1922
Продовольствие,balanced_future_reference,1923
Продовольствие,balanced_future_reference,1924
Продовольствие,balanced_future_reference,1925
Продовольствие,balanced_future_reference,1926
Продовольствие,balanced_future_reference,1927
Продовольствие,balanced_future_reference,1928
Продовольствие,balanced_future_reference,1929
Продовольствие,balanced_future_reference,1930
Продовольствие,balanced_future_reference,1931
Продовольствие,balanced_future_reference,1932
Продовольствие,balanced_future_reference,1933
Продовольствие,balanced_future_reference,1934
Продовольствие,balanced_future_reference,1935
Продовольствие,balanced_future_reference,1936
Продовольствие,balanced_future_reference,1937
Продовольствие,balanced_future_reference,1938
Продовольствие,balanced_future_reference,1939
Продовольствие,balanced_future_reference,1940
Продовольствие,balanced_future_reference,1941
Продовольствие,balanced_future_reference,1942
Продовольствие,balanced_future_reference,1943
Продовольствие,balanced_future_reference,1944
Продовольствие,balanced_future_reference,1945
Продовольствие,balanced_future_reference,1947
Продовольствие,balanced_future_reference,1948
Продовольствие,balanced_future_reference,1949
Продовольствие,balanced_future_reference,1950
Продовольствие,balanced_future_reference,1951
Продовольствие,balanced_future_reference,1952
Продовольствие,balanced_future_reference,1954
Продовольствие,balanced_future_reference,1955
Продовольствие,balanced_future_reference,1956
Продовольствие,balanced_future_reference,1957
Продовольствие,balanced_future_reference,1958
Продовольствие,balanced_future_reference,1959
Продовольствие,balanced_future_reference,1960
Продовольствие,balanced_future_reference,1961
Продовольствие,balanced_future_reference,1962
Продовольствие,balanced_future_reference,1963
Продовольствие,balanced_future_reference,1965
Продовольствие,balanced_future_reference,1966
Продовольствие,balanced_future_reference,1967
Продовольствие,balanced_future_reference,1968
Продовольствие,balanced_future_reference,1969
Продовольствие,balanced_future_reference,1970
Продовольствие,balanced_future_reference,1971
Продовольствие,balanced_future_reference,1972
Продовольствие,balanced_future_reference,1973
Продовольствие,balanced_future_reference,1974
Продовольствие,balanced_future_reference,1975
Продовольствие,balanced_future_reference,1976
Продовольствие,balanced_future_reference,1977
Продовольствие,balanced_future_reference,1978
Продовольствие,balanced_future_reference,1979
Продовольствие,balanced_future_reference,1980
Продовольствие,balanced_future_reference,1981
Продовольствие,balanced_future_reference,1982
Продовольствие,balanced_future_reference,1983
Продовольствие,balanced_future_reference,1984
Продовольствие,balanced_future_reference,1985
Продовольствие,balanced_future_reference,1986
Продовольствие,balanced_future_reference,1987
Продовольствие,balanced_future_reference,1988
Продовольствие,balanced_future_reference,1989
Продовольствие,balanced_future_reference,1990
Продовольствие,balanced_future_reference,1991
Продовольствие,balanced_future_reference,1992
Продовольствие,balanced_future_reference,1993
Продовольствие,balanced_future_reference,1994
Продовольствие,balanced_future_reference,1995
Продовольствие,balanced_future_reference,1996
Продовольствие,balanced_future_reference,1997
Продовольствие,balanced_future_reference,1999
Продовольствие,balanced_future_reference,2000
Продовольствие,balanced_future_reference,2001
Продовольствие,balanced_future_reference,2002
Продовольствие,balanced_future_reference,2004
Продовольствие,balanced_future_reference,2005
Продовольствие,balanced_future_reference,2006
Продовольствие,balanced_future_reference,2007
Продовольствие,balanced_future_reference,2008
Продовольствие,balanced_future_reference,2009
Продовольствие,balanced_future_reference,2010
Продовольствие,balanced_future_reference,2011
Продовольствие,balanced_future_reference,2012
Продовольствие,balanced_future_reference,2015
Продовольствие,balanced_future_reference,2017
Продовольствие,balanced_future_reference,2018
Продовольствие,balanced_future_reference,2019
Продовольствие,balanced_future_reference,2021
Продовольствие,balanced_future_reference,2022
Продовольствие,balanced_future_reference,2023
Продовольствие,balanced_future_reference,2024
Продовольствие,balanced_future_reference,2025
Продовольствие,balanced_future_reference,2027
Продовольствие,balanced_future_reference,2028
Продовольствие,balanced_future_reference,2030
Продовольствие,balanced_future_reference,2031
Продовольствие,balanced_future_reference,2032
Продовольствие,balanced_future_reference,2033
Продовольствие,balanced_future_reference,2034
Продовольствие,balanced_future_reference,2035
Продовольствие,balanced_future_reference,2036
Продовольствие,balanced_future_reference,2037
Продовольствие,balanced_future_reference,2039
Продовольствие,balanced_future_reference,2040
Продовольствие,balanced_future_reference,2041
Продовольствие,balanced_future_reference,2042
Продовольствие,balanced_future_reference,2043
Продовольствие,balanced_future_reference,2044
Продовольствие,balanced_future_reference,2045
Продовольствие,balanced_future_reference,2046
Продовольствие,balanced_future_reference,2047
Продовольствие,balanced_future_reference,2048
Продовольствие,balanced_future_reference,2049
Продовольствие,balanced_future_reference,2050
Продовольствие,balanced_future_reference,2051
Продовольствие,balanced_future_reference,2052
Продовольствие,balanced_future_reference,2053
Продовольствие,balanced_future_reference,2054
Продовольствие,balanced_future_reference,2055
Продовольствие,balanced_future_reference,2056
Продовольствие,balanced_future_reference,2057
Продовольствие,balanced_future_reference,2058
Продовольствие,balanced_future_reference,2059
Продовольствие,balanced_future_reference,2060
Продовольствие,balanced_future_reference,2061
Продовольствие,balanced_future_reference,2062
Продовольствие,balanced_future_reference,2063
Продовольствие,balanced_future_reference,2064
Продовольствие,balanced_future_reference,2065
Продовольствие,balanced_future_reference,2066
Продовольствие,balanced_future_reference,2067
Продовольствие,balanced_future_reference,2068
Продовольствие,balanced_future_reference,2069
Продовольствие,balanced_future_reference,2070
Продовольствие,balanced_future_reference,2072
Продовольствие,balanced_future_reference,2073
Продовольствие,balanced_future_reference,2074
Продовольствие,balanced_future_reference,2075
Продовольствие,balanced_future_reference,2076
Продовольствие,balanced_future_reference,2077
Продовольствие,balanced_future_reference,2078
Продовольствие,balanced_future_reference,2079
Продовольствие,balanced_future_reference,2080
Продовольствие,balanced_future_reference,2081
Продовольствие,balanced_future_reference,2082
Продовольствие,balanced_future_reference,2085
Продовольствие,balanced_future_reference,2087
Продовольствие,balanced_future_reference,2088
Продовольствие,balanced_future_reference,2089
Продовольствие,balanced_future_reference,2090
Продовольствие,balanced_future_reference,2091
Продовольствие,balanced_future_reference,2093
Продовольствие,balanced_future_reference,2094
Продовольствие,balanced_future_reference,2095
Продовольствие,balanced_future_reference,2096
Продовольствие,balanced_future_reference,2098
Продовольствие,balanced_future_reference,2100
Продовольствие,balanced_future_reference,2101
Продовольствие,balanced_future_reference,2105
Продовольствие,balanced_future_reference,2108
Продовольствие,balanced_future_reference,2109
Продовольствие,balanced_future_reference,2110
Продовольствие,balanced_future_reference,2111
Продовольствие,balanced_future_reference,2112
Продовольствие,balanced_future_reference,2113
Продовольствие,balanced_future_reference,2114
Продовольствие,balanced_future_reference,2116
Продовольствие,balanced_future_reference,2117
Продовольствие,balanced_future_reference,2118
Продовольствие,balanced_future_reference,2119
Продовольствие,balanced_future_reference,2120
Продовольствие,balanced_future_reference,2121
Продовольствие,balanced_future_reference,2122
Продовольствие,balanced_future_reference,2124
Продовольствие,balanced_future_reference,2125
Продовольствие,balanced_future_reference,2126
Продовольствие,balanced_future_reference,2127
Продовольствие,balanced_future_reference,2128
Продовольствие,balanced_future_reference,2129
Продовольствие,balanced_future_reference,2130
Продовольствие,balanced_future_reference,2131
Продовольствие,balanced_future_reference,2132
Продовольствие,balanced_future_reference,2133
Продовольствие,balanced_future_reference,2134
Продовольствие,balanced_future_reference,2136
Продовольствие,balanced_future_reference,2137
Продовольствие,balanced_future_reference,2138
Продовольствие,balanced_future_reference,2139
Продовольствие,balanced_future_reference,2140
Продовольствие,balanced_future_reference,2142
Продовольствие,balanced_future_reference,2143
Продовольствие,balanced_future_reference,2144
Продовольствие,balanced_future_reference,2145
Продовольствие,balanced_future_reference,2146
Продовольствие,balanced_future_reference,2148
Продовольствие,balanced_future_reference,2149
Продовольствие,balanced_future_reference,2150
Продовольствие,balanced_future_reference,2151
Продовольствие,balanced_future_reference,2152
Продовольствие,balanced_future_reference,2153
Продовольствие,balanced_future_reference,2154
Продовольствие,balanced_future_reference,2155
Продовольствие,balanced_future_reference,2156
Продовольствие,balanced_future_reference,2157
Продовольствие,balanced_future_reference,2158
Продовольствие,balanced_future_reference,2159
Продовольствие,balanced_future_reference,2160
Продовольствие,balanced_future_reference,2161
Продовольствие,balanced_future_reference,2162
Продовольствие,balanced_future_reference,2163
Продовольствие,balanced_future_reference,2164
Продовольствие,balanced_future_reference,2165
Продовольствие,balanced_future_reference,2167
Продовольствие,balanced_future_reference,2168
Продовольствие,balanced_future_reference,2169
Продовольствие,balanced_future_reference,2171
Продовольствие,balanced_future_reference,2172
Продовольствие,balanced_future_reference,2173
Продовольствие,balanced_future_reference,2174
Продовольствие,balanced_future_reference,2175
Продовольствие,balanced_future_reference,2176
Продовольствие,balanced_future_reference,2177
Продовольствие,balanced_future_reference,2178
Продовольствие,balanced_future_reference,2179
Продовольствие,balanced_future_reference,2180
Продовольствие,balanced_future_reference,2181
Продовольствие,balanced_future_reference,2182
Продовольствие,balanced_future_reference,2183
Продовольствие,balanced_future_reference,2184
Продовольствие,balanced_future_reference,2185
Продовольствие,balanced_future_reference,2186
Продовольствие,balanced_future_reference,2187
Продовольствие,balanced_future_reference,2188
Продовольствие,balanced_future_reference,2189
Продовольствие,balanced_future_reference,2190
Продовольствие,balanced_future_reference,2191
Продовольствие,balanced_future_reference,2192
Продовольствие,balanced_future_reference,2193
Продовольствие,balanced_future_reference,2194
Продовольствие,balanced_future_reference,2195
Продовольствие,balanced_future_reference,2196
Продовольствие,balanced_future_reference,2197
Продовольствие,balanced_future_reference,2198
Продовольствие,balanced_future_reference,2199
Продовольствие,balanced_future_reference,2200
Продовольствие,balanced_future_reference,2201
Продовольствие,balanced_future_reference,2202
Продовольствие,balanced_future_reference,2203
Продовольствие,balanced_future_reference,2204
Продовольствие,balanced_future_reference,2205
Продовольствие,balanced_future_reference,2206
Продовольствие,balanced_future_reference,2207
Продовольствие,balanced_future_reference,2208
Продовольствие,balanced_future_reference,2210
Продовольствие,balanced_future_reference,2211
Продовольствие,balanced_future_reference,2212
Продовольствие,balanced_future_reference,2213
Продовольствие,balanced_future_reference,2215
Продовольствие,balanced_future_reference,2216
Продовольствие,balanced_future_reference,2217
Продовольствие,balanced_future_reference,2218
Продовольствие,balanced_future_reference,2219
Продовольствие,balanced_future_reference,2220
Продовольствие,balanced_future_reference,2221
Продовольствие,balanced_future_reference,2222
Продовольствие,balanced_future_reference,2223
Продовольствие,balanced_future_reference,2224
Продовольствие,balanced_future_reference,2225
Продовольствие,balanced_future_reference,2226
Продовольствие,balanced_future_reference,2227
Продовольствие,balanced_future_reference,2228
Продовольствие,balanced_future_reference,2229
Продовольствие,balanced_future_reference,2230
Продовольствие,balanced_future_reference,2231
Продовольствие,balanced_future_reference,2232
Продовольствие,balanced_future_reference,2233
Продовольствие,balanced_future_reference,2234
Продовольствие,balanced_future_reference,2235
Продовольствие,balanced_future_reference,2236
Продовольствие,balanced_future_reference,2237
Продовольствие,balanced_future_reference,2238
Продовольствие,balanced_future_reference,2241
Продовольствие,balanced_future_reference,2242
Продовольствие,balanced_future_reference,2243
Продовольствие,balanced_future_reference,2244
Продовольствие,balanced_future_reference,2245
Продовольствие,balanced_future_reference,2248
Продовольствие,balanced_future_reference,2249
Продовольствие,balanced_future_reference,2250
Продовольствие,balanced_future_reference,2251
Продовольствие,balanced_future_reference,2252
Продовольствие,balanced_future_reference,2253
Продовольствие,balanced_future_reference,2254
Продовольствие,balanced_future_reference,2255
Продовольствие,balanced_future_reference,2256
Продовольствие,balanced_future_reference,2257
Продовольствие,balanced_future_reference,2258
Продовольствие,balanced_future_reference,2259
Продовольствие,balanced_future_reference,2260
Продовольствие,balanced_future_reference,2262
Продовольствие,balanced_future_reference,2264
Продовольствие,balanced_future_reference,2265
Продовольствие,balanced_future_reference,2266
Продовольствие,balanced_future_reference,2267
Продовольствие,balanced_future_reference,2268
Продовольствие,balanced_future_reference,2269
Продовольствие,balanced_future_reference,2270
Продовольствие,balanced_future_reference,2271
Продовольствие,balanced_future_reference,2272
Продовольствие,balanced_future_reference,2274
Продовольствие,balanced_future_reference,2275
Продовольствие,balanced_future_reference,2276
Продовольствие,balanced_future_reference,2278
Продовольствие,balanced_future_reference,2279
Продовольствие,balanced_future_reference,2280
Продовольствие,balanced_future_reference,2281
Продовольствие,balanced_future_reference,2282
Продовольствие,balanced_future_reference,2286
Продовольствие,balanced_future_reference,2287
Продовольствие,balanced_future_reference,2288
Продовольствие,balanced_future_reference,2289
Продовольствие,balanced_future_reference,2292
Продовольствие,balanced_future_reference,2293
Продовольствие,balanced_future_reference,2294
Продовольствие,balanced_future_reference,2295
Продовольствие,balanced_future_reference,2296
Продовольствие,balanced_future_reference,2297
Продовольствие,balanced_future_reference,2298
Продовольствие,balanced_future_reference,2299
Продовольствие,balanced_future_reference,2300
Продовольствие,balanced_future_reference,2301
Продовольствие,balanced_future_reference,2302
Продовольствие,balanced_future_reference,2303
Продовольствие,balanced_future_reference,2304
Продовольствие,balanced_future_reference,2305
Продовольствие,balanced_future_reference,2307
Продовольствие,balanced_future_reference,2308
Продовольствие,balanced_future_reference,2309
Продовольствие,balanced_future_reference,2310
Продовольствие,balanced_future_reference,2311
Продовольствие,balanced_future_reference,2312
Продовольствие,balanced_future_reference,2314
Продовольствие,balanced_future_reference,2315
Продовольствие,balanced_future_reference,2316
Продовольствие,balanced_future_reference,2317
Продовольствие,balanced_future_reference,2318
Продовольствие,balanced_future_reference,2320
Продовольствие,balanced_future_reference,2321
Продовольствие,balanced_future_reference,2322
Продовольствие,balanced_future_reference,2323
Продовольствие,balanced_future_reference,2324
Продовольствие,balanced_future_reference,2325
Продовольствие,balanced_future_reference,2326
Продовольствие,balanced_future_reference,2327
Продовольствие,balanced_future_reference,2328
Продовольствие,balanced_future_reference,2329
Продовольствие,balanced_future_reference,2330
Продовольствие,balanced_future_reference,2332
Продовольствие,balanced_future_reference,2333
Продовольствие,balanced_future_reference,2334
Продовольствие,balanced_future_reference,2335
Продовольствие,balanced_future_reference,2336
Продовольствие,balanced_future_reference,2337
Продовольствие,balanced_future_reference,2338
Продовольствие,balanced_future_reference,2339
Продовольствие,balanced_future_reference,2340
Продовольствие,balanced_future_reference,2341
Продовольствие,balanced_future_reference,2342
Продовольствие,balanced_future_reference,2343
Продовольствие,balanced_future_reference,2344
Продовольствие,balanced_future_reference,2345
Продовольствие,balanced_future_reference,2348
Продовольствие,balanced_future_reference,2349
Продовольствие,balanced_future_reference,2351
Продовольствие,balanced_future_reference,2352
Продовольствие,balanced_future_reference,2353
Продовольствие,balanced_future_reference,2354
Продовольствие,balanced_future_reference,2355
Продовольствие,balanced_future_reference,2356
Продовольствие,balanced_future_reference,2357
Продовольствие,balanced_future_reference,2358
Продовольствие,balanced_future_reference,2359
Продовольствие,balanced_future_reference,2360
Продовольствие,balanced_future_reference,2361
Продовольствие,balanced_future_reference,2362
Продовольствие,balanced_future_reference,2363
Продовольствие,balanced_future_reference,2364
Продовольствие,balanced_future_reference,2365
Продовольствие,balanced_future_reference,2366
Продовольствие,balanced_future_reference,2367
Продовольствие,balanced_future_reference,2368
Продовольствие,balanced_future_reference,2369
Продовольствие,balanced_future_reference,2370
Продовольствие,balanced_future_reference,2371
Продовольствие,balanced_future_reference,2372
Продовольствие,balanced_future_reference,2373
Продовольствие,balanced_future_reference,2374
Продовольствие,balanced_future_reference,2375
Продовольствие,balanced_future_reference,2376
Продовольствие,balanced_future_reference,2377
Продовольствие,balanced_future_reference,2378
Продовольствие,balanced_future_reference,2379
Продовольствие,balanced_future_reference,2380
Продовольствие,balanced_future_reference,2381
Продовольствие,balanced_future_reference,2382
Продовольствие,balanced_future_reference,2383
Продовольствие,balanced_future_reference,2384
Продовольствие,balanced_future_reference,2385
Продовольствие,balanced_future_reference,2386
Продовольствие,balanced_future_reference,2387
Продовольствие,balanced_future_reference,2388
Продовольствие,balanced_future_reference,2389
Продовольствие,balanced_future_reference,2390
Продовольствие,balanced_future_reference,2391
Продовольствие,balanced_future_reference,2392
Продовольствие,balanced_future_reference,2393
Продовольствие,balanced_future_reference,2395
Продовольствие,balanced_future_reference,2398
Продовольствие,balanced_future_reference,2399
Продовольствие,balanced_future_reference,2400
Продовольствие,balanced_future_reference,2401
Продовольствие,balanced_future_reference,2402
Продовольствие,balanced_future_reference,2403
Продовольствие,balanced_future_reference,2404
Продовольствие,balanced_future_reference,2405
Продовольствие,balanced_future_reference,2406
Продовольствие,balanced_future_reference,2407
Продовольствие,balanced_future_reference,2408
Продовольствие,balanced_future_reference,2409
Продовольствие,balanced_future_reference,2410
Продовольствие,balanced_future_reference,2411
Продовольствие,balanced_future_reference,2412
Продовольствие,balanced_future_reference,2416
Продовольствие,balanced_future_reference,2422
Продовольствие,balanced_future_reference,2423
Продовольствие,balanced_future_reference,2424
Продовольствие,balanced_future_reference,2425
Продовольствие,balanced_future_reference,2426
Продовольствие,balanced_future_reference,2427
Продовольствие,balanced_future_reference,2428
Продовольствие,balanced_future_reference,2429
Продовольствие,balanced_future_reference,2430
Продовольствие,balanced_future_reference,2431
Продовольствие,balanced_future_reference,2432
Продовольствие,balanced_future_reference,2433
Продовольствие,balanced_future_reference,2434
Продовольствие,balanced_future_reference,2435
Продовольствие,balanced_future_reference,2436
Продовольствие,balanced_future_reference,2437
Продовольствие,balanced_future_reference,2439
Продовольствие,balanced_future_reference,2440
Продовольствие,balanced_future_reference,2441
Продовольствие,balanced_future_reference,2442
Продовольствие,balanced_future_reference,2443
Продовольствие,balanced_future_reference,2444
Продовольствие,balanced_future_reference,2445
Продовольствие,balanced_future_reference,2446
Продовольствие,balanced_future_reference,2447
Продовольствие,balanced_future_reference,2449
Продовольствие,balanced_future_reference,2450
Продовольствие,balanced_future_reference,2451
Продовольствие,balanced_future_reference,2452
Продовольствие,balanced_future_reference,2453
Продовольствие,balanced_future_reference,2454
Продовольствие,balanced_future_reference,2455
Продовольствие,balanced_future_reference,2456
Продовольствие,balanced_future_reference,2457
Продовольствие,balanced_future_reference,2458
Продовольствие,balanced_future_reference,2459
Продовольствие,balanced_future_reference,2460
Продовольствие,balanced_future_reference,2461
Продовольствие,balanced_future_reference,2462
Продовольствие,balanced_future_reference,2463
Продовольствие,balanced_future_reference,2464
Продовольствие,balanced_future_reference,2465
Продовольствие,balanced_future_reference,2466
Продовольствие,balanced_future_reference,2467
Продовольствие,balanced_future_reference,2468
Продовольствие,balanced_future_reference,2469
Продовольствие,balanced_future_reference,2470
Продовольствие,balanced_future_reference,2471
Продовольствие,balanced_future_reference,2472
Продовольствие,balanced_future_reference,2473
Продовольствие,balanced_future_reference,2474
Продовольствие,balanced_future_reference,2475
Продовольствие,balanced_future_reference,2476
Продовольствие,balanced_future_reference,2477
Продовольствие,balanced_future_reference,2478
Продовольствие,balanced_future_reference,2479
Продовольствие,balanced_future_reference,2480
Продовольствие,balanced_future_reference,2481
Продовольствие,balanced_future_reference,2482
Продовольствие,balanced_future_reference,2483
Продовольствие,balanced_future_reference,2484
Продовольствие,balanced_future_reference,2485
Продовольствие,balanced_future_reference,2486
Продовольствие,balanced_future_reference,2487
Продовольствие,balanced_future_reference,2488
Продовольствие,balanced_future_reference,2489
Продовольствие,balanced_future_reference,2490
Продовольствие,balanced_future_reference,2491
Продовольствие,balanced_future_reference,2492
Продовольствие,balanced_future_reference,2493
Продовольствие,balanced_future_reference,2494
Продовольствие,balanced_future_reference,2495
Продовольствие,balanced_future_reference,2496
Продовольствие,balanced_future_reference,2497
Продовольствие,balanced_future_reference,2498
Продовольствие,balanced_future_reference,2499
Продовольствие,balanced_future_reference,2500
Продовольствие,balanced_future_reference,2501
Продовольствие,balanced_future_reference,2502
Продовольствие,balanced_future_reference,2503
Продовольствие,balanced_future_reference,2504
Продовольствие,balanced_future_reference,2505
Продовольствие,balanced_future_reference,2506
Продовольствие,balanced_future_reference,2507
Продовольствие,balanced_future_reference,2508
Продовольствие,balanced_future_reference,2509
Продовольствие,balanced_future_reference,2510
Продовольствие,balanced_future_reference,2511
Продовольствие,balanced_future_reference,2512
Продовольствие,balanced_future_reference,2513
Продовольствие,balanced_future_reference,2514
Продовольствие,balanced_future_reference,2515
Продовольствие,balanced_future_reference,2516
Продовольствие,balanced_future_reference,2517
Продовольствие,balanced_future_reference,2518
Продовольствие,balanced_future_reference,2519
Продовольствие,balanced_future_reference,2520
Продовольствие,balanced_future_reference,2521
Продовольствие,balanced_future_reference,2522
Продовольствие,balanced_future_reference,2523
Продовольствие,balanced_future_reference,2524
Продовольствие,balanced_future_reference,2525
Продовольствие,balanced_future_reference,2526
Продовольствие,balanced_future_reference,2527
Продовольствие,balanced_future_reference,2528
Продовольствие,balanced_future_reference,2529
Продовольствие,balanced_future_reference,2530
Продовольствие,balanced_future_reference,2531
Продовольствие,balanced_future_reference,2532
Продовольствие,balanced_future_reference,2533
Продовольствие,balanced_future_reference,2534
Продовольствие,balanced_future_reference,2535
Продовольствие,balanced_future_reference,2536
Продовольствие,balanced_future_reference,2537
Продовольствие,balanced_future_reference,2538
Продовольствие,balanced_future_reference,2539
Продовольствие,balanced_future_reference,2540
Продовольствие,balanced_future_reference,2541
Продовольствие,balanced_future_reference,2542
Продовольствие,balanced_future_reference,2543
Продовольствие,balanced_future_reference,2544
Продовольствие,balanced_future_reference,2545
Продовольствие,balanced_future_reference,2546
Продовольствие,balanced_future_reference,2547
Продовольствие,balanced_future_reference,2548
Продовольствие,balanced_future_reference,2549
Продовольствие,balanced_future_reference,2550
Продовольствие,balanced_future_reference,2551
Продовольствие,balanced_future_reference,2552
Продовольствие,balanced_future_reference,2553
Продовольствие,balanced_future_reference,2554
Продовольствие,balanced_future_reference,2555
Продовольствие,balanced_future_reference,2556
Продовольствие,balanced_future_reference,2557
Продовольствие,balanced_future_reference,2558
Продовольствие,balanced_future_reference,2559
Продовольствие,balanced_future_reference,2560
Продовольствие,balanced_future_reference,2561
Продовольствие,balanced_future_reference,2562
Продовольствие,balanced_future_reference,2563
Продовольствие,balanced_future_reference,2564
Продовольствие,balanced_future_reference,2565
Продовольствие,balanced_future_reference,2566
Продовольствие,balanced_future_reference,2567
Продовольствие,balanced_future_reference,2568
Продовольствие,balanced_future_reference,2569
Продовольствие,balanced_future_reference,2570
Продовольствие,balanced_future_reference,2571
Продовольствие,balanced_future_reference,2572
Продовольствие,balanced_future_reference,2573
Продовольствие,balanced_future_reference,2574
Продовольствие,balanced_future_reference,2575
Продовольствие,balanced_future_reference,2576
Продовольствие,balanced_future_reference,2577
Продовольствие,balanced_future_reference,2578
Продовольствие,balanced_future_reference,2579
Продовольствие,balanced_future_reference,2580
Продовольствие,balanced_future_reference,2581
Продовольствие,balanced_future_reference,2582
Продовольствие,balanced_future_reference,2583
Продовольствие,balanced_future_reference,2584
Продовольствие,balanced_future_reference,2585
Продовольствие,balanced_future_reference,2586
Продовольствие,balanced_future_reference,2587
Продовольствие,balanced_future_reference,2588
Продовольствие,balanced_future_reference,2589
Продовольствие,balanced_future_reference,2590
Продовольствие,balanced_future_reference,2591
Продовольствие,balanced_future_reference,2592
Продовольствие,balanced_future_reference,2593
Продовольствие,balanced_future_reference,2595
Продовольствие,balanced_future_reference,2596
Продовольствие,balanced_future_reference,2597
Продовольствие,balanced_future_reference,2598
Продовольствие,balanced_future_reference,2599
Продовольствие,balanced_future_reference,2600
Продовольствие,balanced_future_reference,2601
Продовольствие,balanced_future_reference,2602
Продовольствие,balanced_future_reference,2604
Продовольствие,balanced_future_reference,2605
Продовольствие,balanced_future_reference,2606
Продовольствие,balanced_future_reference,2607
Продовольствие,balanced_future_reference,2618
Продовольствие,balanced_future_reference,2619
Продовольствие,balanced_future_reference,2620
Продовольствие,balanced_future_reference,2621
Продовольствие,balanced_future_reference,2644
Продовольствие,balanced_future_reference,2646
Продовольствие,balanced_future_reference,2647
Продовольствие,balanced_future_reference,2648
Продовольствие,balanced_future_reference,2649
Продовольствие,balanced_future_reference,2651
Продовольствие,balanced_future_reference,2652
Продовольствие,balanced_future_reference,2710
Продовольствие,balanced_future_reference,2808
Продовольствие,balanced_future_reference,2809
Продовольствие,balanced_future_reference,2813
Продовольствие,balanced_future_reference,2814
Продовольствие,balanced_future_reference,2872
Продовольствие,balanced_future_reference,2876
Продовольствие,balanced_future_reference,2879
Продовольствие,balanced_future_reference,2880
Продовольствие,balanced_future_reference,2881
Продовольствие,balanced_future_reference,2882
Продовольствие,balanced_future_reference,2883
Продовольствие,balanced_future_reference,2884
Продовольствие,balanced_future_reference,2885
Продовольствие,balanced_future_reference,2886
Продовольствие,balanced_future_reference,2887
Продовольствие,balanced_future_reference,3005
Продовольствие,balanced_future_reference,3007
Продовольствие,balanced_future_reference,3009
Продовольствие,balanced_future_reference,3011
Продовольствие,balanced_future_reference,3012
Продовольствие,balanced_future_reference,3013
Транспорт,asof_june,1
Транспорт,asof_june,2
Транспорт,asof_june,3
Транспорт,asof_june,4
Транспорт,asof_june,5
Транспорт,asof_june,6
Транспорт,asof_june,7
Транспорт,asof_june,8
Транспорт,asof_june,9
Транспорт,asof_june,10
Транспорт,asof_june,11
Транспорт,asof_june,12
Транспорт,asof_june,13
Транспорт,asof_june,14
Транспорт,asof_june,15
Транспорт,asof_june,16
Транспорт,asof_june,17
Транспорт,asof_june,18
Транспорт,asof_june,19
Транспорт,asof_june,20
Транспорт,asof_june,21
Транспорт,asof_june,22
Транспорт,asof_june,23
Транспорт,asof_june,25
Транспорт,asof_june,26
Транспорт,asof_june,27
Транспорт,asof_june,28
Транспорт,asof_june,29
Транспорт,asof_june,30
Транспорт,asof_june,31
Транспорт,asof_june,32
Транспорт,asof_june,33
Транспорт,asof_june,34
Транспорт,asof_june,35
Транспорт,asof_june,36
Транспорт,asof_june,37
Транспорт,asof_june,38
Транспорт,asof_june,39
Транспорт,asof_june,40
Транспорт,asof_june,41
Транспорт,asof_june,42
Транспорт,asof_june,43
Транспорт,asof_june,44
Транспорт,asof_june,45
Транспорт,asof_june,46
Транспорт,asof_june,47
Транспорт,asof_june,48
Транспорт,asof_june,49
Транспорт,asof_june,50
Транспорт,asof_june,51
Транспорт,asof_june,52
Транспорт,asof_june,53
Транспорт,asof_june,54
Транспорт,asof_june,55
Транспорт,asof_june,56
Транспорт,asof_june,57
Транспорт,asof_june,58
Транспорт,asof_june,59
Транспорт,asof_june,60
Транспорт,asof_june,61
Транспорт,asof_june,62
Транспорт,asof_june,63
Транспорт,asof_june,65
Транспорт,asof_june,66
Транспорт,asof_june,67
Транспорт,asof_june,68
Транспорт,asof_june,69
Транспорт,asof_june,70
Транспорт,asof_june,71
Транспорт,asof_june,72
Транспорт,asof_june,73
Транспорт,asof_june,74
Транспорт,asof_june,75
Транспорт,asof_june,76
Транспорт,asof_june,77
Транспорт,asof_june,78
Транспорт,asof_june,79
Транспорт,asof_june,80
Транспорт,asof_june,81
Транспорт,asof_june,82
Транспорт,asof_june,83
Транспорт,asof_june,167
Транспорт,asof_june,168
Транспорт,asof_june,169
Транспорт,asof_june,173
Транспорт,asof_june,181
Транспорт,asof_june,184
Транспорт,asof_june,185
Транспорт,asof_june,188
Транспорт,asof_june,191
Транспорт,asof_june,194
Транспорт,asof_june,195
Транспорт,asof_june,196
Транспорт,asof_june,198
Транспорт,asof_june,201
Транспорт,asof_june,203
Транспорт,asof_june,204
Транспорт,asof_june,205
Транспорт,asof_june,206
Транспорт,asof_june,207
Транспорт,asof_june,208
Транспорт,asof_june,209
Транспорт,asof_june,210
Транспорт,asof_june,211
Транспорт,asof_june,212
Транспорт,asof_june,213
Транспорт,asof_june,214
Транспорт,asof_june,215
Транспорт,asof_june,216
Транспорт,asof_june,217
Транспорт,asof_june,218
Транспорт,asof_june,219
Транспорт,asof_june,220
Транспорт,asof_june,221
Транспорт,asof_june,222
Транспорт,asof_june,223
Транспорт,asof_june,224
Транспорт,asof_june,225
Транспорт,asof_june,226
Транспорт,asof_june,227
Транспорт,asof_june,228
Транспорт,asof_june,229
Транспорт,asof_june,230
Транспорт,asof_june,231
Транспорт,asof_june,232
Транспорт,asof_june,233
Транспорт,asof_june,234
Транспорт,asof_june,235
Транспорт,asof_june,236
Транспорт,asof_june,237
Транспорт,asof_june,238
Транспорт,asof_june,239
Транспорт,asof_june,240
Транспорт,asof_june,241
Транспорт,asof_june,242
Транспорт,asof_june,243
Транспорт,asof_june,269
Транспорт,asof_june,270
Транспорт,asof_june,271
Транспорт,asof_june,272
Транспорт,asof_june,273
Транспорт,asof_june,274
Транспорт,asof_june,275
Транспорт,asof_june,276
Транспорт,asof_june,277
Транспорт,asof_june,278
Транспорт,asof_june,279
Транспорт,asof_june,280
Транспорт,asof_june,281
Транспорт,asof_june,282
Транспорт,asof_june,283
Транспорт,asof_june,284
Транспорт,asof_june,285
Транспорт,asof_june,287
Транспорт,asof_june,288
Транспорт,asof_june,289
Транспорт,asof_june,290
Транспорт,asof_june,292
Транспорт,asof_june,293
Транспорт,asof_june,294
Транспорт,asof_june,295
Транспорт,asof_june,296
Транспорт,asof_june,297
Транспорт,asof_june,298
Транспорт,asof_june,300
Транспорт,asof_june,301
Транспорт,asof_june,302
Транспорт,asof_june,303
Транспорт,asof_june,304
Транспорт,asof_june,305
Транспорт,asof_june,306
Транспорт,asof_june,307
Транспорт,asof_june,308
Транспорт,asof_june,309
Транспорт,asof_june,311
Транспорт,asof_june,312
Транспорт,asof_june,314
Транспорт,asof_june,315
Транспорт,asof_june,316
Транспорт,asof_june,317
Транспорт,asof_june,318
Транспорт,asof_june,319
Транспорт,asof_june,320
Транспорт,asof_june,321
Транспорт,asof_june,322
Транспорт,asof_june,323
Транспорт,asof_june,324
Транспорт,asof_june,325
Транспорт,asof_june,326
Транспорт,asof_june,327
Транспорт,asof_june,328
Транспорт,asof_june,329
Транспорт,asof_june,330
Транспорт,asof_june,331
Транспорт,asof_june,332
Транспорт,asof_june,333
Транспорт,asof_june,334
Транспорт,asof_june,335
Транспорт,asof_june,336
Транспорт,asof_june,337
Транспорт,asof_june,338
Транспорт,asof_june,339
Транспорт,asof_june,340
Транспорт,asof_june,341
Транспорт,asof_june,342
Транспорт,asof_june,343
Транспорт,asof_june,345
Транспорт,asof_june,346
Транспорт,asof_june,347
Транспорт,asof_june,348
Транспорт,asof_june,349
Транспорт,asof_june,351
Транспорт,asof_june,352
Транспорт,asof_june,354
Транспорт,asof_june,355
Транспорт,asof_june,356
Транспорт,asof_june,357
Транспорт,asof_june,358
Транспорт,asof_june,359
Транспорт,asof_june,360
Транспорт,asof_june,361
Транспорт,asof_june,362
Транспорт,asof_june,363
Транспорт,asof_june,364
Транспорт,asof_june,365
Транспорт,asof_june,366
Транспорт,asof_june,367
Транспорт,asof_june,368
Транспорт,asof_june,369
Транспорт,asof_june,370
Транспорт,asof_june,371
Транспорт,asof_june,372
Транспорт,asof_june,373
Транспорт,asof_june,374
Транспорт,asof_june,375
Транспорт,asof_june,376
Транспорт,asof_june,377
Транспорт,asof_june,378
Транспорт,asof_june,379
Транспорт,asof_june,380
Транспорт,asof_june,381
Транспорт,asof_june,382
Транспорт,asof_june,383
Транспорт,asof_june,384
Транспорт,asof_june,385
Транспорт,asof_june,386
Транспорт,asof_june,387
Транспорт,asof_june,388
Транспорт,asof_june,390
Транспорт,asof_june,391
Транспорт,asof_june,392
Транспорт,asof_june,393
Транспорт,asof_june,395
Транспорт,asof_june,396
Транспорт,asof_june,397
Транспорт,asof_june,398
Транспорт,asof_june,401
Транспорт,asof_june,402
Транспорт,asof_june,403
Транспорт,asof_june,404
Транспорт,asof_june,405
Транспорт,asof_june,408
Транспорт,asof_june,410
Транспорт,asof_june,413
Транспорт,asof_june,414
Транспорт,asof_june,416
Транспорт,asof_june,418
Транспорт,asof_june,419
Транспорт,asof_june,420
Транспорт,asof_june,421
Транспорт,asof_june,422
Транспорт,asof_june,423
Транспорт,asof_june,424
Транспорт,asof_june,425
Транспорт,asof_june,428
Транспорт,asof_june,429
Транспорт,asof_june,430
Транспорт,asof_june,431
Транспорт,asof_june,432
Транспорт,asof_june,433
Транспорт,asof_june,434
Транспорт,asof_june,435
Транспорт,asof_june,436
Транспорт,asof_june,437
Транспорт,asof_june,438
Транспорт,asof_june,440
Транспорт,asof_june,441
Транспорт,asof_june,442
Транспорт,asof_june,443
Транспорт,asof_june,444
Транспорт,asof_june,445
Транспорт,asof_june,446
Транспорт,asof_june,447
Транспорт,asof_june,448
Транспорт,asof_june,449
Транспорт,asof_june,450
Транспорт,asof_june,451
Транспорт,asof_june,452
Транспорт,asof_june,453
Транспорт,asof_june,455
Транспорт,asof_june,456
Транспорт,asof_june,457
Транспорт,asof_june,458
Транспорт,asof_june,459
Транспорт,asof_june,460
Транспорт,asof_june,478
Транспорт,asof_june,479
Транспорт,asof_june,480
Транспорт,asof_june,481
Транспорт,asof_june,482
Транспорт,asof_june,484
Транспорт,asof_june,485
Транспорт,asof_june,486
Транспорт,asof_june,487
Транспорт,asof_june,489
Транспорт,asof_june,490
Транспорт,asof_june,491
Транспорт,asof_june,492
Транспорт,asof_june,493
Транспорт,asof_june,494
Транспорт,asof_june,495
Транспорт,asof_june,496
Транспорт,asof_june,497
Транспорт,asof_june,498
Транспорт,asof_june,499
Транспорт,asof_june,501
Транспорт,asof_june,502
Транспорт,asof_june,503
Транспорт,asof_june,504
Транспорт,asof_june,505
Транспорт,asof_june,506
Транспорт,asof_june,507
Транспорт,asof_june,508
Транспорт,asof_june,509
Транспорт,asof_june,510
Транспорт,asof_june,511
Транспорт,asof_june,512
Транспорт,asof_june,515
Транспорт,asof_june,516
Транспорт,asof_june,517
Транспорт,asof_june,518
Транспорт,asof_june,519
Транспорт,asof_june,520
Транспорт,asof_june,521
Транспорт,asof_june,522
Транспорт,asof_june,523
Транспорт,asof_june,524
Транспорт,asof_june,525
Транспорт,asof_june,527
Транспорт,asof_june,528
Транспорт,asof_june,529
Транспорт,asof_june,530
Транспорт,asof_june,531
Транспорт,asof_june,532
Транспорт,asof_june,533
Транспорт,asof_june,534
Транспорт,asof_june,535
Транспорт,asof_june,536
Транспорт,asof_june,537
Транспорт,asof_june,538
Транспорт,asof_june,539
Транспорт,asof_june,540
Транспорт,asof_june,541
Транспорт,asof_june,542
Транспорт,asof_june,543
Транспорт,asof_june,544
Транспорт,asof_june,545
Транспорт,asof_june,546
Транспорт,asof_june,547
Транспорт,asof_june,548
Транспорт,asof_june,549
Транспорт,asof_june,550
Транспорт,asof_june,552
Транспорт,asof_june,553
Транспорт,asof_june,554
Транспорт,asof_june,555
Транспорт,asof_june,556
Транспорт,asof_june,557
Транспорт,asof_june,558
Транспорт,asof_june,559
Транспорт,asof_june,560
Транспорт,asof_june,561
Транспорт,asof_june,562
Транспорт,asof_june,563
Транспорт,asof_june,564
Транспорт,asof_june,565
Транспорт,asof_june,566
Транспорт,asof_june,567
Транспорт,asof_june,568
Транспорт,asof_june,569
Транспорт,asof_june,570
Транспорт,asof_june,571
Транспорт,asof_june,572
Транспорт,asof_june,574
Транспорт,asof_june,578
Транспорт,asof_june,579
Транспорт,asof_june,580
Транспорт,asof_june,581
Транспорт,asof_june,582
Транспорт,asof_june,583
Транспорт,asof_june,584
Транспорт,asof_june,585
Транспорт,asof_june,586
Транспорт,asof_june,587
Транспорт,asof_june,588
Транспорт,asof_june,589
Транспорт,asof_june,591
Транспорт,asof_june,592
Транспорт,asof_june,593
Транспорт,asof_june,594
Транспорт,asof_june,595
Транспорт,asof_june,598
Транспорт,asof_june,599
Транспорт,asof_june,600
Транспорт,asof_june,601
Транспорт,asof_june,602
Транспорт,asof_june,603
Транспорт,asof_june,604
Транспорт,asof_june,605
Транспорт,asof_june,606
Транспорт,asof_june,607
Транспорт,asof_june,608
Транспорт,asof_june,611
Транспорт,asof_june,612
Транспорт,asof_june,613
Транспорт,asof_june,614
Транспорт,asof_june,615
Транспорт,asof_june,616
Транспорт,asof_june,618
Транспорт,asof_june,619
Транспорт,asof_june,621
Транспорт,asof_june,666
Транспорт,asof_june,667
Транспорт,asof_june,668
Транспорт,asof_june,669
Транспорт,asof_june,670
Транспорт,asof_june,671
Транспорт,asof_june,674
Транспорт,asof_june,675
Транспорт,asof_june,676
Транспорт,asof_june,677
Транспорт,asof_june,678
Транспорт,asof_june,679
Транспорт,asof_june,680
Транспорт,asof_june,683
Транспорт,asof_june,685
Транспорт,asof_june,686
Транспорт,asof_june,687
Транспорт,asof_june,689
Транспорт,asof_june,690
Транспорт,asof_june,691
Транспорт,asof_june,692
Транспорт,asof_june,693
Транспорт,asof_june,694
Транспорт,asof_june,695
Транспорт,asof_june,696
Транспорт,asof_june,697
Транспорт,asof_june,698
Транспорт,asof_june,699
Транспорт,asof_june,701
Транспорт,asof_june,702
Транспорт,asof_june,703
Транспорт,asof_june,704
Транспорт,asof_june,705
Транспорт,asof_june,706
Транспорт,asof_june,708
Транспорт,asof_june,710
Транспорт,asof_june,711
Транспорт,asof_june,712
Транспорт,asof_june,713
Транспорт,asof_june,714
Транспорт,asof_june,715
Транспорт,asof_june,716
Транспорт,asof_june,717
Транспорт,asof_june,718
Транспорт,asof_june,719
Транспорт,asof_june,720
Транспорт,asof_june,721
Транспорт,asof_june,722
Транспорт,asof_june,723
Транспорт,asof_june,725
Транспорт,asof_june,726
Транспорт,asof_june,727
Транспорт,asof_june,731
Транспорт,asof_june,734
Транспорт,asof_june,735
Транспорт,asof_june,736
Транспорт,asof_june,737
Транспорт,asof_june,738
Транспорт,asof_june,739
Транспорт,asof_june,741
Транспорт,asof_june,742
Транспорт,asof_june,743
Транспорт,asof_june,744
Транспорт,asof_june,745
Транспорт,asof_june,746
Транспорт,asof_june,747
Транспорт,asof_june,748
Транспорт,asof_june,749
Транспорт,asof_june,751
Транспорт,asof_june,752
Транспорт,asof_june,753
Транспорт,asof_june,754
Транспорт,asof_june,755
Транспорт,asof_june,756
Транспорт,asof_june,757
Транспорт,asof_june,758
Транспорт,asof_june,760
Транспорт,asof_june,761
Транспорт,asof_june,763
Транспорт,asof_june,764
Транспорт,asof_june,765
Транспорт,asof_june,766
Транспорт,asof_june,767
Транспорт,asof_june,769
Транспорт,asof_june,770
Транспорт,asof_june,771
Транспорт,asof_june,773
Транспорт,asof_june,774
Транспорт,asof_june,775
Транспорт,asof_june,776
Транспорт,asof_june,777
Транспорт,asof_june,778
Транспорт,asof_june,779
Транспорт,asof_june,780
Транспорт,asof_june,781
Транспорт,asof_june,782
Транспорт,asof_june,783
Транспорт,asof_june,784
Транспорт,asof_june,785
Транспорт,asof_june,787
Транспорт,asof_june,788
Транспорт,asof_june,789
Транспорт,asof_june,790
Транспорт,asof_june,791
Транспорт,asof_june,792
Транспорт,asof_june,793
Транспорт,asof_june,794
Транспорт,asof_june,795
Транспорт,asof_june,796
Транспорт,asof_june,797
Транспорт,asof_june,798
Транспорт,asof_june,799
Транспорт,asof_june,800
Транспорт,asof_june,801
Транспорт,asof_june,802
Транспорт,asof_june,803
Транспорт,asof_june,804
Транспорт,asof_june,805
Транспорт,asof_june,806
Транспорт,asof_june,807
Транспорт,asof_june,808
Транспорт,asof_june,809
Транспорт,asof_june,810
Транспорт,asof_june,811
Транспорт,asof_june,812
Транспорт,asof_june,813
Транспорт,asof_june,814
Транспорт,asof_june,815
Транспорт,asof_june,817
Транспорт,asof_june,818
Транспорт,asof_june,819
Транспорт,asof_june,820
Транспорт,asof_june,821
Транспорт,asof_june,822
Транспорт,asof_june,823
Транспорт,asof_june,824
Транспорт,asof_june,825
Транспорт,asof_june,826
Транспорт,asof_june,827
Транспорт,asof_june,828
Транспорт,asof_june,829
Транспорт,asof_june,830
Транспорт,asof_june,831
Транспорт,asof_june,832
Транспорт,asof_june,833
Транспорт,asof_june,834
Транспорт,asof_june,835
Транспорт,asof_june,836
Транспорт,asof_june,838
Транспорт,asof_june,839
Транспорт,asof_june,840
Транспорт,asof_june,841
Транспорт,asof_june,842
Транспорт,asof_june,843
Транспорт,asof_june,844
Транспорт,asof_june,846
Транспорт,asof_june,847
Транспорт,asof_june,848
Транспорт,asof_june,849
Транспорт,asof_june,851
Транспорт,asof_june,852
Транспорт,asof_june,853
Транспорт,asof_june,854
Транспорт,asof_june,855
Транспорт,asof_june,856
Транспорт,asof_june,857
Транспорт,asof_june,859
Транспорт,asof_june,860
Транспорт,asof_june,870
Транспорт,asof_june,871
Транспорт,asof_june,872
Транспорт,asof_june,873
Транспорт,asof_june,874
Транспорт,asof_june,875
Транспорт,asof_june,876
Транспорт,asof_june,877
Транспорт,asof_june,878
Транспорт,asof_june,879
Транспорт,asof_june,880
Транспорт,asof_june,881
Транспорт,asof_june,882
Транспорт,asof_june,883
Транспорт,asof_june,884
Транспорт,asof_june,885
Транспорт,asof_june,886
Транспорт,asof_june,888
Транспорт,asof_june,889
Транспорт,asof_june,890
Транспорт,asof_june,891
Транспорт,asof_june,892
Транспорт,asof_june,895
Транспорт,asof_june,896
Транспорт,asof_june,897
Транспорт,asof_june,898
Транспорт,asof_june,899
Транспорт,asof_june,900
Транспорт,asof_june,901
Транспорт,asof_june,902
Транспорт,asof_june,903
Транспорт,asof_june,904
Транспорт,asof_june,905
Транспорт,asof_june,907
Транспорт,asof_june,908
Транспорт,asof_june,909
Транспорт,asof_june,911
Транспорт,asof_june,912
Транспорт,asof_june,913
Транспорт,asof_june,914
Транспорт,asof_june,915
Транспорт,asof_june,916
Транспорт,asof_june,917
Транспорт,asof_june,918
Транспорт,asof_june,920
Транспорт,asof_june,922
Транспорт,asof_june,923
Транспорт,asof_june,924
Транспорт,asof_june,925
Транспорт,asof_june,926
Транспорт,asof_june,927
Транспорт,asof_june,928
Транспорт,asof_june,929
Транспорт,asof_june,930
Транспорт,asof_june,986
Транспорт,asof_june,987
Транспорт,asof_june,988
Транспорт,asof_june,989
Транспорт,asof_june,991
Транспорт,asof_june,992
Транспорт,asof_june,993
Транспорт,asof_june,994
Транспорт,asof_june,995
Транспорт,asof_june,996
Транспорт,asof_june,998
Транспорт,asof_june,999
Транспорт,asof_june,1001
Транспорт,asof_june,1002
Транспорт,asof_june,1003
Транспорт,asof_june,1004
Транспорт,asof_june,1005
Транспорт,asof_june,1006
Транспорт,asof_june,1007
Транспорт,asof_june,1008
Транспорт,asof_june,1009
Транспорт,asof_june,1010
Транспорт,asof_june,1011
Транспорт,asof_june,1012
Транспорт,asof_june,1013
Транспорт,asof_june,1014
Транспорт,asof_june,1015
Транспорт,asof_june,1016
Транспорт,asof_june,1017
Транспорт,asof_june,1018
Транспорт,asof_june,1019
Транспорт,asof_june,1020
Транспорт,asof_june,1021
Транспорт,asof_june,1023
Транспорт,asof_june,1024
Транспорт,asof_june,1025
Транспорт,asof_june,1026
Транспорт,asof_june,1027
Транспорт,asof_june,1028
Транспорт,asof_june,1029
Транспорт,asof_june,1030
Транспорт,asof_june,1031
Транспорт,asof_june,1032
Транспорт,asof_june,1033
Транспорт,asof_june,1034
Транспорт,asof_june,1035
Транспорт,asof_june,1036
Транспорт,asof_june,1037
Транспорт,asof_june,1038
Транспорт,asof_june,1039
Транспорт,asof_june,1040
Транспорт,asof_june,1041
Транспорт,asof_june,1044
Транспорт,asof_june,1047
Транспорт,asof_june,1048
Транспорт,asof_june,1049
Транспорт,asof_june,1051
Транспорт,asof_june,1052
Транспорт,asof_june,1053
Транспорт,asof_june,1054
Транспорт,asof_june,1055
Транспорт,asof_june,1056
Транспорт,asof_june,1057
Транспорт,asof_june,1058
Транспорт,asof_june,1059
Транспорт,asof_june,1060
Транспорт,asof_june,1061
Транспорт,asof_june,1062
Транспорт,asof_june,1063
Транспорт,asof_june,1064
Транспорт,asof_june,1065
Транспорт,asof_june,1066
Транспорт,asof_june,1067
Транспорт,asof_june,1068
Транспорт,asof_june,1069
Транспорт,asof_june,1070
Транспорт,asof_june,1071
Транспорт,asof_june,1072
Транспорт,asof_june,1107
Транспорт,asof_june,1108
Транспорт,asof_june,1109
Транспорт,asof_june,1110
Транспорт,asof_june,1111
Транспорт,asof_june,1112
Транспорт,asof_june,1113
Транспорт,asof_june,1115
Транспорт,asof_june,1116
Транспорт,asof_june,1117
Транспорт,asof_june,1118
Транспорт,asof_june,1119
Транспорт,asof_june,1120
Транспорт,asof_june,1121
Транспорт,asof_june,1122
Транспорт,asof_june,1123
Транспорт,asof_june,1124
Транспорт,asof_june,1125
Транспорт,asof_june,1126
Транспорт,asof_june,1127
Транспорт,asof_june,1128
Транспорт,asof_june,1129
Транспорт,asof_june,1130
Транспорт,asof_june,1131
Транспорт,asof_june,1132
Транспорт,asof_june,1133
Транспорт,asof_june,1134
Транспорт,asof_june,1135
Транспорт,asof_june,1136
Транспорт,asof_june,1137
Транспорт,asof_june,1138
Транспорт,asof_june,1139
Транспорт,asof_june,1140
Транспорт,asof_june,1141
Транспорт,asof_june,1142
Транспорт,asof_june,1143
Транспорт,asof_june,1144
Транспорт,asof_june,1146
Транспорт,asof_june,1147
Транспорт,asof_june,1148
Транспорт,asof_june,1149
Транспорт,asof_june,1150
Транспорт,asof_june,1151
Транспорт,asof_june,1152
Транспорт,asof_june,1153
Транспорт,asof_june,1154
Транспорт,asof_june,1155
Транспорт,asof_june,1157
Транспорт,asof_june,1158
Транспорт,asof_june,1159
Транспорт,asof_june,1160
Транспорт,asof_june,1161
Транспорт,asof_june,1163
Транспорт,asof_june,1164
Транспорт,asof_june,1165
Транспорт,asof_june,1166
Транспорт,asof_june,1167
Транспорт,asof_june,1168
Транспорт,asof_june,1169
Транспорт,asof_june,1170
Транспорт,asof_june,1171
Транспорт,asof_june,1172
Транспорт,asof_june,1173
Транспорт,asof_june,1174
Транспорт,asof_june,1175
Транспорт,asof_june,1176
Транспорт,asof_june,1178
Транспорт,asof_june,1179
Транспорт,asof_june,1180
Транспорт,asof_june,1181
Транспорт,asof_june,1184
Транспорт,asof_june,1185
Транспорт,asof_june,1186
Транспорт,asof_june,1187
Транспорт,asof_june,1188
Транспорт,asof_june,1189
Транспорт,asof_june,1190
Транспорт,asof_june,1191
Транспорт,asof_june,1192
Транспорт,asof_june,1193
Транспорт,asof_june,1194
Транспорт,asof_june,1195
Транспорт,asof_june,1196
Транспорт,asof_june,1197
Транспорт,asof_june,1198
Транспорт,asof_june,1200
Транспорт,asof_june,1201
Транспорт,asof_june,1203
Транспорт,asof_june,1204
Транспорт,asof_june,1205
Транспорт,asof_june,1206
Транспорт,asof_june,1207
Транспорт,asof_june,1208
Транспорт,asof_june,1209
Транспорт,asof_june,1210
Транспорт,asof_june,1211
Транспорт,asof_june,1212
Транспорт,asof_june,1213
Транспорт,asof_june,1214
Транспорт,asof_june,1215
Транспорт,asof_june,1217
Транспорт,asof_june,1218
Транспорт,asof_june,1219
Транспорт,asof_june,1220
Транспорт,asof_june,1221
Транспорт,asof_june,1222
Транспорт,asof_june,1223
Транспорт,asof_june,1224
Транспорт,asof_june,1225
Транспорт,asof_june,1226
Транспорт,asof_june,1227
Транспорт,asof_june,1228
Транспорт,asof_june,1229
Транспорт,asof_june,1230
Транспорт,asof_june,1231
Транспорт,asof_june,1232
Транспорт,asof_june,1233
Транспорт,asof_june,1234
Транспорт,asof_june,1235
Транспорт,asof_june,1236
Транспорт,asof_june,1237
Транспорт,asof_june,1238
Транспорт,asof_june,1240
Транспорт,asof_june,1241
Транспорт,asof_june,1242
Транспорт,asof_june,1243
Транспорт,asof_june,1244
Транспорт,asof_june,1246
Транспорт,asof_june,1249
Транспорт,asof_june,1250
Транспорт,asof_june,1251
Транспорт,asof_june,1252
Транспорт,asof_june,1253
Транспорт,asof_june,1254
Транспорт,asof_june,1256
Транспорт,asof_june,1257
Транспорт,asof_june,1258
Транспорт,asof_june,1259
Транспорт,asof_june,1260
Транспорт,asof_june,1261
Транспорт,asof_june,1262
Транспорт,asof_june,1264
Транспорт,asof_june,1265
Транспорт,asof_june,1266
Транспорт,asof_june,1267
Транспорт,asof_june,1268
Транспорт,asof_june,1269
Транспорт,asof_june,1270
Транспорт,asof_june,1271
Транспорт,asof_june,1272
Транспорт,asof_june,1273
Транспорт,asof_june,1274
Транспорт,asof_june,1275
Транспорт,asof_june,1276
Транспорт,asof_june,1277
Транспорт,asof_june,1278
Транспорт,asof_june,1279
Транспорт,asof_june,1280
Транспорт,asof_june,1281
Транспорт,asof_june,1282
Транспорт,asof_june,1284
Транспорт,asof_june,1285
Транспорт,asof_june,1286
Транспорт,asof_june,1287
Транспорт,asof_june,1288
Транспорт,asof_june,1289
Транспорт,asof_june,1290
Транспорт,asof_june,1291
Транспорт,asof_june,1292
Транспорт,asof_june,1293
Транспорт,asof_june,1294
Транспорт,asof_june,1295
Транспорт,asof_june,1296
Транспорт,asof_june,1297
Транспорт,asof_june,1298
Транспорт,asof_june,1299
Транспорт,asof_june,1300
Транспорт,asof_june,1301
Транспорт,asof_june,1302
Транспорт,asof_june,1303
Транспорт,asof_june,1304
Транспорт,asof_june,1305
Транспорт,asof_june,1306
Транспорт,asof_june,1308
Транспорт,asof_june,1309
Транспорт,asof_june,1310
Транспорт,asof_june,1311
Транспорт,asof_june,1312
Транспорт,asof_june,1313
Транспорт,asof_june,1314
Транспорт,asof_june,1315
Транспорт,asof_june,1316
Транспорт,asof_june,1317
Транспорт,asof_june,1319
Транспорт,asof_june,1320
Транспорт,asof_june,1321
Транспорт,asof_june,1322
Транспорт,asof_june,1323
Транспорт,asof_june,1324
Транспорт,asof_june,1325
Транспорт,asof_june,1326
Транспорт,asof_june,1327
Транспорт,asof_june,1328
Транспорт,asof_june,1329
Транспорт,asof_june,1330
Транспорт,asof_june,1331
Транспорт,asof_june,1333
Транспорт,asof_june,1334
Транспорт,asof_june,1335
Транспорт,asof_june,1336
Транспорт,asof_june,1337
Транспорт,asof_june,1338
Транспорт,asof_june,1339
Транспорт,asof_june,1340
Транспорт,asof_june,1341
Транспорт,asof_june,1343
Транспорт,asof_june,1344
Транспорт,asof_june,1345
Транспорт,asof_june,1346
Транспорт,asof_june,1347
Транспорт,asof_june,1348
Транспорт,asof_june,1349
Транспорт,asof_june,1350
Транспорт,asof_june,1351
Транспорт,asof_june,1352
Транспорт,asof_june,1353
Транспорт,asof_june,1355
Транспорт,asof_june,1356
Транспорт,asof_june,1357
Транспорт,asof_june,1358
Транспорт,asof_june,1392
Транспорт,asof_june,1393
Транспорт,asof_june,1394
Транспорт,asof_june,1395
Транспорт,asof_june,1396
Транспорт,asof_june,1397
Транспорт,asof_june,1398
Транспорт,asof_june,1399
Транспорт,asof_june,1400
Транспорт,asof_june,1401
Транспорт,asof_june,1402
Транспорт,asof_june,1403
Транспорт,asof_june,1404
Транспорт,asof_june,1405
Транспорт,asof_june,1406
Транспорт,asof_june,1407
Транспорт,asof_june,1408
Транспорт,asof_june,1409
Транспорт,asof_june,1410
Транспорт,asof_june,1411
Транспорт,asof_june,1412
Транспорт,asof_june,1413
Транспорт,asof_june,1414
Транспорт,asof_june,1415
Транспорт,asof_june,1416
Транспорт,asof_june,1417
Транспорт,asof_june,1419
Транспорт,asof_june,1420
Транспорт,asof_june,1421
Транспорт,asof_june,1422
Транспорт,asof_june,1423
Транспорт,asof_june,1425
Транспорт,asof_june,1426
Транспорт,asof_june,1427
Транспорт,asof_june,1428
Транспорт,asof_june,1429
Транспорт,asof_june,1430
Транспорт,asof_june,1431
Транспорт,asof_june,1434
Транспорт,asof_june,1435
Транспорт,asof_june,1437
Транспорт,asof_june,1438
Транспорт,asof_june,1439
Транспорт,asof_june,1440
Транспорт,asof_june,1443
Транспорт,asof_june,1444
Транспорт,asof_june,1445
Транспорт,asof_june,1446
Транспорт,asof_june,1447
Транспорт,asof_june,1448
Транспорт,asof_june,1449
Транспорт,asof_june,1453
Транспорт,asof_june,1454
Транспорт,asof_june,1456
Транспорт,asof_june,1457
Транспорт,asof_june,1459
Транспорт,asof_june,1461
Транспорт,asof_june,1463
Транспорт,asof_june,1464
Транспорт,asof_june,1465
Транспорт,asof_june,1467
Транспорт,asof_june,1468
Транспорт,asof_june,1472
Транспорт,asof_june,1473
Транспорт,asof_june,1474
Транспорт,asof_june,1475
Транспорт,asof_june,1477
Транспорт,asof_june,1478
Транспорт,asof_june,1480
Транспорт,asof_june,1481
Транспорт,asof_june,1483
Транспорт,asof_june,1484
Транспорт,asof_june,1486
Транспорт,asof_june,1488
Транспорт,asof_june,1489
Транспорт,asof_june,1490
Транспорт,asof_june,1491
Транспорт,asof_june,1492
Транспорт,asof_june,1493
Транспорт,asof_june,1494
Транспорт,asof_june,1495
Транспорт,asof_june,1496
Транспорт,asof_june,1500
Транспорт,asof_june,1501
Транспорт,asof_june,1504
Транспорт,asof_june,1506
Транспорт,asof_june,1507
Транспорт,asof_june,1508
Транспорт,asof_june,1509
Транспорт,asof_june,1510
Транспорт,asof_june,1511
Транспорт,asof_june,1512
Транспорт,asof_june,1518
Транспорт,asof_june,1519
Транспорт,asof_june,1520
Транспорт,asof_june,1521
Транспорт,asof_june,1522
Транспорт,asof_june,1523
Транспорт,asof_june,1525
Транспорт,asof_june,1526
Транспорт,asof_june,1527
Транспорт,asof_june,1528
Транспорт,asof_june,1529
Транспорт,asof_june,1530
Транспорт,asof_june,1532
Транспорт,asof_june,1533
Транспорт,asof_june,1534
Транспорт,asof_june,1535
Транспорт,asof_june,1536
Транспорт,asof_june,1537
Транспорт,asof_june,1539
Транспорт,asof_june,1540
Транспорт,asof_june,1541
Транспорт,asof_june,1542
Транспорт,asof_june,1543
Транспорт,asof_june,1544
Транспорт,asof_june,1545
Транспорт,asof_june,1546
Транспорт,asof_june,1547
Транспорт,asof_june,1548
Транспорт,asof_june,1549
Транспорт,asof_june,1550
Транспорт,asof_june,1551
Транспорт,asof_june,1552
Транспорт,asof_june,1553
Транспорт,asof_june,1554
Транспорт,asof_june,1555
Транспорт,asof_june,1556
Транспорт,asof_june,1557
Транспорт,asof_june,1558
Транспорт,asof_june,1559
Транспорт,asof_june,1560
Транспорт,asof_june,1561
Транспорт,asof_june,1562
Транспорт,asof_june,1563
Транспорт,asof_june,1564
Транспорт,asof_june,1565
Транспорт,asof_june,1566
Транспорт,asof_june,1567
Транспорт,asof_june,1568
Транспорт,asof_june,1569
Транспорт,asof_june,1570
Транспорт,asof_june,1571
Транспорт,asof_june,1572
Транспорт,asof_june,1573
Транспорт,asof_june,1574
Транспорт,asof_june,1575
Транспорт,asof_june,1577
Транспорт,asof_june,1578
Транспорт,asof_june,1579
Транспорт,asof_june,1580
Транспорт,asof_june,1581
Транспорт,asof_june,1582
Транспорт,asof_june,1583
Транспорт,asof_june,1584
Транспорт,asof_june,1585
Транспорт,asof_june,1586
Транспорт,asof_june,1587
Транспорт,asof_june,1588
Транспорт,asof_june,1589
Транспорт,asof_june,1590
Транспорт,asof_june,1591
Транспорт,asof_june,1592
Транспорт,asof_june,1593
Транспорт,asof_june,1594
Транспорт,asof_june,1595
Транспорт,asof_june,1596
Транспорт,asof_june,1597
Транспорт,asof_june,1598
Транспорт,asof_june,1599
Транспорт,asof_june,1600
Транспорт,asof_june,1601
Транспорт,asof_june,1602
Транспорт,asof_june,1603
Транспорт,asof_june,1604
Транспорт,asof_june,1605
Транспорт,asof_june,1606
Транспорт,asof_june,1607
Транспорт,asof_june,1608
Транспорт,asof_june,1609
Транспорт,asof_june,1610
Транспорт,asof_june,1611
Транспорт,asof_june,1612
Транспорт,asof_june,1613
Транспорт,asof_june,1614
Транспорт,asof_june,1615
Транспорт,asof_june,1616
Транспорт,asof_june,1617
Транспорт,asof_june,1618
Транспорт,asof_june,1619
Транспорт,asof_june,1620
Транспорт,asof_june,1621
Транспорт,asof_june,1622
Транспорт,asof_june,1623
Транспорт,asof_june,1624
Транспорт,asof_june,1625
Транспорт,asof_june,1626
Транспорт,asof_june,1627
Транспорт,asof_june,1628
Транспорт,asof_june,1629
Транспорт,asof_june,1630
Транспорт,asof_june,1631
Транспорт,asof_june,1632
Транспорт,asof_june,1633
Транспорт,asof_june,1634
Транспорт,asof_june,1635
Транспорт,asof_june,1636
Транспорт,asof_june,1637
Транспорт,asof_june,1638
Транспорт,asof_june,1639
Транспорт,asof_june,1640
Транспорт,asof_june,1641
Транспорт,asof_june,1642
Транспорт,asof_june,1643
Транспорт,asof_june,1644
Транспорт,asof_june,1645
Транспорт,asof_june,1646
Транспорт,asof_june,1647
Транспорт,asof_june,1648
Транспорт,asof_june,1649
Транспорт,asof_june,1650
Транспорт,asof_june,1651
Транспорт,asof_june,1652
Транспорт,asof_june,1653
Транспорт,asof_june,1654
Транспорт,asof_june,1655
Транспорт,asof_june,1656
Транспорт,asof_june,1657
Транспорт,asof_june,1658
Транспорт,asof_june,1659
Транспорт,asof_june,1660
Транспорт,asof_june,1661
Транспорт,asof_june,1662
Транспорт,asof_june,1663
Транспорт,asof_june,1664
Транспорт,asof_june,1665
Транспорт,asof_june,1666
Транспорт,asof_june,1667
Транспорт,asof_june,1668
Транспорт,asof_june,1669
Транспорт,asof_june,1670
Транспорт,asof_june,1671
Транспорт,asof_june,1672
Транспорт,asof_june,1673
Транспорт,asof_june,1674
Транспорт,asof_june,1675
Транспорт,asof_june,1676
Транспорт,asof_june,1678
Транспорт,asof_june,1679
Транспорт,asof_june,1680
Транспорт,asof_june,1681
Транспорт,asof_june,1682
Транспорт,asof_june,1683
Транспорт,asof_june,1685
Транспорт,asof_june,1686
Транспорт,asof_june,1687
Транспорт,asof_june,1688
Транспорт,asof_june,1689
Транспорт,asof_june,1690
Транспорт,asof_june,1691
Транспорт,asof_june,1692
Транспорт,asof_june,1693
Транспорт,asof_june,1694
Транспорт,asof_june,1696
Транспорт,asof_june,1697
Транспорт,asof_june,1698
Транспорт,asof_june,1699
Транспорт,asof_june,1700
Транспорт,asof_june,1701
Транспорт,asof_june,1702
Транспорт,asof_june,1703
Транспорт,asof_june,1704
Транспорт,asof_june,1705
Транспорт,asof_june,1706
Транспорт,asof_june,1707
Транспорт,asof_june,1708
Транспорт,asof_june,1709
Транспорт,asof_june,1710
Транспорт,asof_june,1711
Транспорт,asof_june,1712
Транспорт,asof_june,1714
Транспорт,asof_june,1715
Транспорт,asof_june,1717
Транспорт,asof_june,1718
Транспорт,asof_june,1719
Транспорт,asof_june,1722
Транспорт,asof_june,1724
Транспорт,asof_june,1725
Транспорт,asof_june,1726
Транспорт,asof_june,1727
Транспорт,asof_june,1728
Транспорт,asof_june,1730
Транспорт,asof_june,1731
Транспорт,asof_june,1732
Транспорт,asof_june,1733
Транспорт,asof_june,1737
Транспорт,asof_june,1738
Транспорт,asof_june,1739
Транспорт,asof_june,1740
Транспорт,asof_june,1741
Транспорт,asof_june,1742
Транспорт,asof_june,1743
Транспорт,asof_june,1744
Транспорт,asof_june,1745
Транспорт,asof_june,1746
Транспорт,asof_june,1747
Транспорт,asof_june,1749
Транспорт,asof_june,1750
Транспорт,asof_june,1751
Транспорт,asof_june,1752
Транспорт,asof_june,1753
Транспорт,asof_june,1754
Транспорт,asof_june,1755
Транспорт,asof_june,1756
Транспорт,asof_june,1757
Транспорт,asof_june,1758
Транспорт,asof_june,1759
Транспорт,asof_june,1760
Транспорт,asof_june,1761
Транспорт,asof_june,1762
Транспорт,asof_june,1764
Транспорт,asof_june,1765
Транспорт,asof_june,1766
Транспорт,asof_june,1768
Транспорт,asof_june,1769
Транспорт,asof_june,1770
Транспорт,asof_june,1771
Транспорт,asof_june,1773
Транспорт,asof_june,1774
Транспорт,asof_june,1775
Транспорт,asof_june,1776
Транспорт,asof_june,1777
Транспорт,asof_june,1778
Транспорт,asof_june,1780
Транспорт,asof_june,1781
Транспорт,asof_june,1782
Транспорт,asof_june,1783
Транспорт,asof_june,1784
Транспорт,asof_june,1785
Транспорт,asof_june,1786
Транспорт,asof_june,1787
Транспорт,asof_june,1788
Транспорт,asof_june,1845
Транспорт,asof_june,1846
Транспорт,asof_june,1848
Транспорт,asof_june,1849
Транспорт,asof_june,1850
Транспорт,asof_june,1851
Транспорт,asof_june,1852
Транспорт,asof_june,1853
Транспорт,asof_june,1854
Транспорт,asof_june,1855
Транспорт,asof_june,1856
Транспорт,asof_june,1857
Транспорт,asof_june,1858
Транспорт,asof_june,1859
Транспорт,asof_june,1860
Транспорт,asof_june,1861
Транспорт,asof_june,1862
Транспорт,asof_june,1863
Транспорт,asof_june,1864
Транспорт,asof_june,1865
Транспорт,asof_june,1868
Транспорт,asof_june,1869
Транспорт,asof_june,1870
Транспорт,asof_june,1871
Транспорт,asof_june,1872
Транспорт,asof_june,1873
Транспорт,asof_june,1874
Транспорт,asof_june,1875
Транспорт,asof_june,1876
Транспорт,asof_june,1877
Транспорт,asof_june,1878
Транспорт,asof_june,1879
Транспорт,asof_june,1880
Транспорт,asof_june,1881
Транспорт,asof_june,1883
Транспорт,asof_june,1884
Транспорт,asof_june,1885
Транспорт,asof_june,1886
Транспорт,asof_june,1887
Транспорт,asof_june,1888
Транспорт,asof_june,1889
Транспорт,asof_june,1890
Транспорт,asof_june,1891
Транспорт,asof_june,1892
Транспорт,asof_june,1893
Транспорт,asof_june,1894
Транспорт,asof_june,1895
Транспорт,asof_june,1896
Транспорт,asof_june,1897
Транспорт,asof_june,1898
Транспорт,asof_june,1899
Транспорт,asof_june,1900
Транспорт,asof_june,1901
Транспорт,asof_june,1902
Транспорт,asof_june,1903
Транспорт,asof_june,1904
Транспорт,asof_june,1905
Транспорт,asof_june,1906
Транспорт,asof_june,1907
Транспорт,asof_june,1908
Транспорт,asof_june,1909
Транспорт,asof_june,1910
Транспорт,asof_june,1912
Транспорт,asof_june,1915
Транспорт,asof_june,1916
Транспорт,asof_june,1917
Транспорт,asof_june,1918
Транспорт,asof_june,1919
Транспорт,asof_june,1920
Транспорт,asof_june,1921
Транспорт,asof_june,1922
Транспорт,asof_june,1923
Транспорт,asof_june,1924
Транспорт,asof_june,1925
Транспорт,asof_june,1926
Транспорт,asof_june,1927
Транспорт,asof_june,1928
Транспорт,asof_june,1929
Транспорт,asof_june,1930
Транспорт,asof_june,1931
Транспорт,asof_june,1932
Транспорт,asof_june,1933
Транспорт,asof_june,1934
Транспорт,asof_june,1935
Транспорт,asof_june,1936
Транспорт,asof_june,1937
Транспорт,asof_june,1938
Транспорт,asof_june,1939
Транспорт,asof_june,1940
Транспорт,asof_june,1941
Транспорт,asof_june,1942
Транспорт,asof_june,1943
Транспорт,asof_june,1944
Транспорт,asof_june,1945
Транспорт,asof_june,1947
Транспорт,asof_june,1948
Транспорт,asof_june,1949
Транспорт,asof_june,1950
Транспорт,asof_june,1951
Транспорт,asof_june,1952
Транспорт,asof_june,1954
Транспорт,asof_june,1955
Транспорт,asof_june,1956
Транспорт,asof_june,1957
Транспорт,asof_june,1958
Транспорт,asof_june,1959
Транспорт,asof_june,1960
Транспорт,asof_june,1961
Транспорт,asof_june,1962
Транспорт,asof_june,1963
Транспорт,asof_june,1965
Транспорт,asof_june,1966
Транспорт,asof_june,1967
Транспорт,asof_june,1968
Транспорт,asof_june,1969
Транспорт,asof_june,1970
Транспорт,asof_june,1971
Транспорт,asof_june,1972
Транспорт,asof_june,1973
Транспорт,asof_june,1974
Транспорт,asof_june,1975
Транспорт,asof_june,1976
Транспорт,asof_june,1977
Транспорт,asof_june,1978
Транспорт,asof_june,1979
Транспорт,asof_june,1980
Транспорт,asof_june,1981
Транспорт,asof_june,1982
Транспорт,asof_june,1983
Транспорт,asof_june,1984
Транспорт,asof_june,1985
Транспорт,asof_june,1986
Транспорт,asof_june,1987
Транспорт,asof_june,1988
Транспорт,asof_june,1989
Транспорт,asof_june,1990
Транспорт,asof_june,1991
Транспорт,asof_june,1992
Транспорт,asof_june,1993
Транспорт,asof_june,1994
Транспорт,asof_june,1995
Транспорт,asof_june,1996
Транспорт,asof_june,1997
Транспорт,asof_june,1999
Транспорт,asof_june,2000
Транспорт,asof_june,2001
Транспорт,asof_june,2002
Транспорт,asof_june,2004
Транспорт,asof_june,2005
Транспорт,asof_june,2006
Транспорт,asof_june,2007
Транспорт,asof_june,2008
Транспорт,asof_june,2009
Транспорт,asof_june,2010
Транспорт,asof_june,2011
Транспорт,asof_june,2012
Транспорт,asof_june,2015
Транспорт,asof_june,2017
Транспорт,asof_june,2018
Транспорт,asof_june,2019
Транспорт,asof_june,2021
Транспорт,asof_june,2022
Транспорт,asof_june,2023
Транспорт,asof_june,2024
Транспорт,asof_june,2025
Транспорт,asof_june,2027
Транспорт,asof_june,2028
Транспорт,asof_june,2030
Транспорт,asof_june,2031
Транспорт,asof_june,2032
Транспорт,asof_june,2033
Транспорт,asof_june,2034
Транспорт,asof_june,2035
Транспорт,asof_june,2036
Транспорт,asof_june,2037
Транспорт,asof_june,2039
Транспорт,asof_june,2040
Транспорт,asof_june,2041
Транспорт,asof_june,2042
Транспорт,asof_june,2043
Транспорт,asof_june,2044
Транспорт,asof_june,2045
Транспорт,asof_june,2046
Транспорт,asof_june,2047
Транспорт,asof_june,2048
Транспорт,asof_june,2049
Транспорт,asof_june,2050
Транспорт,asof_june,2051
Транспорт,asof_june,2052
Транспорт,asof_june,2053
Транспорт,asof_june,2054
Транспорт,asof_june,2055
Транспорт,asof_june,2056
Транспорт,asof_june,2057
Транспорт,asof_june,2058
Транспорт,asof_june,2059
Транспорт,asof_june,2060
Транспорт,asof_june,2061
Транспорт,asof_june,2062
Транспорт,asof_june,2063
Транспорт,asof_june,2064
Транспорт,asof_june,2065
Транспорт,asof_june,2066
Транспорт,asof_june,2067
Транспорт,asof_june,2068
Транспорт,asof_june,2069
Транспорт,asof_june,2070
Транспорт,asof_june,2072
Транспорт,asof_june,2073
Транспорт,asof_june,2074
Транспорт,asof_june,2075
Транспорт,asof_june,2076
Транспорт,asof_june,2077
Транспорт,asof_june,2078
Транспорт,asof_june,2079
Транспорт,asof_june,2080
Транспорт,asof_june,2081
Транспорт,asof_june,2082
Транспорт,asof_june,2085
Транспорт,asof_june,2087
Транспорт,asof_june,2088
Транспорт,asof_june,2089
Транспорт,asof_june,2090
Транспорт,asof_june,2091
Транспорт,asof_june,2093
Транспорт,asof_june,2094
Транспорт,asof_june,2095
Транспорт,asof_june,2096
Транспорт,asof_june,2098
Транспорт,asof_june,2100
Транспорт,asof_june,2101
Транспорт,asof_june,2105
Транспорт,asof_june,2108
Транспорт,asof_june,2109
Транспорт,asof_june,2110
Транспорт,asof_june,2111
Транспорт,asof_june,2112
Транспорт,asof_june,2113
Транспорт,asof_june,2114
Транспорт,asof_june,2116
Транспорт,asof_june,2117
Транспорт,asof_june,2118
Транспорт,asof_june,2119
Транспорт,asof_june,2120
Транспорт,asof_june,2121
Транспорт,asof_june,2122
Транспорт,asof_june,2124
Транспорт,asof_june,2125
Транспорт,asof_june,2126
Транспорт,asof_june,2127
Транспорт,asof_june,2128
Транспорт,asof_june,2129
Транспорт,asof_june,2130
Транспорт,asof_june,2131
Транспорт,asof_june,2132
Транспорт,asof_june,2133
Транспорт,asof_june,2134
Транспорт,asof_june,2136
Транспорт,asof_june,2137
Транспорт,asof_june,2138
Транспорт,asof_june,2139
Транспорт,asof_june,2140
Транспорт,asof_june,2142
Транспорт,asof_june,2143
Транспорт,asof_june,2144
Транспорт,asof_june,2145
Транспорт,asof_june,2146
Транспорт,asof_june,2148
Транспорт,asof_june,2149
Транспорт,asof_june,2150
Транспорт,asof_june,2151
Транспорт,asof_june,2152
Транспорт,asof_june,2153
Транспорт,asof_june,2154
Транспорт,asof_june,2155
Транспорт,asof_june,2156
Транспорт,asof_june,2157
Транспорт,asof_june,2158
Транспорт,asof_june,2159
Транспорт,asof_june,2160
Транспорт,asof_june,2161
Транспорт,asof_june,2162
Транспорт,asof_june,2163
Транспорт,asof_june,2164
Транспорт,asof_june,2165
Транспорт,asof_june,2167
Транспорт,asof_june,2168
Транспорт,asof_june,2169
Транспорт,asof_june,2171
Транспорт,asof_june,2172
Транспорт,asof_june,2173
Транспорт,asof_june,2174
Транспорт,asof_june,2175
Транспорт,asof_june,2176
Транспорт,asof_june,2177
Транспорт,asof_june,2178
Транспорт,asof_june,2179
Транспорт,asof_june,2180
Транспорт,asof_june,2181
Транспорт,asof_june,2182
Транспорт,asof_june,2183
Транспорт,asof_june,2184
Транспорт,asof_june,2185
Транспорт,asof_june,2186
Транспорт,asof_june,2187
Транспорт,asof_june,2188
Транспорт,asof_june,2189
Транспорт,asof_june,2190
Транспорт,asof_june,2191
Транспорт,asof_june,2192
Транспорт,asof_june,2193
Транспорт,asof_june,2194
Транспорт,asof_june,2195
Транспорт,asof_june,2196
Транспорт,asof_june,2197
Транспорт,asof_june,2198
Транспорт,asof_june,2199
Транспорт,asof_june,2200
Транспорт,asof_june,2201
Транспорт,asof_june,2202
Транспорт,asof_june,2203
Транспорт,asof_june,2204
Транспорт,asof_june,2205
Транспорт,asof_june,2206
Транспорт,asof_june,2207
Транспорт,asof_june,2208
Транспорт,asof_june,2210
Транспорт,asof_june,2211
Транспорт,asof_june,2212
Транспорт,asof_june,2213
Транспорт,asof_june,2215
Транспорт,asof_june,2216
Транспорт,asof_june,2217
Транспорт,asof_june,2218
Транспорт,asof_june,2219
Транспорт,asof_june,2220
Транспорт,asof_june,2221
Транспорт,asof_june,2222
Транспорт,asof_june,2223
Транспорт,asof_june,2224
Транспорт,asof_june,2225
Транспорт,asof_june,2226
Транспорт,asof_june,2227
Транспорт,asof_june,2228
Транспорт,asof_june,2229
Транспорт,asof_june,2230
Транспорт,asof_june,2231
Транспорт,asof_june,2232
Транспорт,asof_june,2233
Транспорт,asof_june,2234
Транспорт,asof_june,2235
Транспорт,asof_june,2236
Транспорт,asof_june,2237
Транспорт,asof_june,2238
Транспорт,asof_june,2241
Транспорт,asof_june,2242
Транспорт,asof_june,2243
Транспорт,asof_june,2244
Транспорт,asof_june,2245
Транспорт,asof_june,2248
Транспорт,asof_june,2249
Транспорт,asof_june,2250
Транспорт,asof_june,2251
Транспорт,asof_june,2252
Транспорт,asof_june,2253
Транспорт,asof_june,2254
Транспорт,asof_june,2255
Транспорт,asof_june,2256
Транспорт,asof_june,2257
Транспорт,asof_june,2258
Транспорт,asof_june,2259
Транспорт,asof_june,2260
Транспорт,asof_june,2262
Транспорт,asof_june,2264
Транспорт,asof_june,2265
Транспорт,asof_june,2266
Транспорт,asof_june,2267
Транспорт,asof_june,2268
Транспорт,asof_june,2269
Транспорт,asof_june,2270
Транспорт,asof_june,2271
Транспорт,asof_june,2272
Транспорт,asof_june,2274
Транспорт,asof_june,2275
Транспорт,asof_june,2276
Транспорт,asof_june,2278
Транспорт,asof_june,2279
Транспорт,asof_june,2280
Транспорт,asof_june,2281
Транспорт,asof_june,2282
Транспорт,asof_june,2286
Транспорт,asof_june,2287
Транспорт,asof_june,2288
Транспорт,asof_june,2289
Транспорт,asof_june,2292
Транспорт,asof_june,2293
Транспорт,asof_june,2294
Транспорт,asof_june,2295
Транспорт,asof_june,2296
Транспорт,asof_june,2297
Транспорт,asof_june,2298
Транспорт,asof_june,2299
Транспорт,asof_june,2300
Транспорт,asof_june,2301
Транспорт,asof_june,2302
Транспорт,asof_june,2303
Транспорт,asof_june,2304
Транспорт,asof_june,2305
Транспорт,asof_june,2307
Транспорт,asof_june,2308
Транспорт,asof_june,2309
Транспорт,asof_june,2310
Транспорт,asof_june,2311
Транспорт,asof_june,2312
Транспорт,asof_june,2314
Транспорт,asof_june,2315
Транспорт,asof_june,2316
Транспорт,asof_june,2317
Транспорт,asof_june,2318
Транспорт,asof_june,2320
Транспорт,asof_june,2321
Транспорт,asof_june,2322
Транспорт,asof_june,2323
Транспорт,asof_june,2324
Транспорт,asof_june,2325
Транспорт,asof_june,2326
Транспорт,asof_june,2327
Транспорт,asof_june,2328
Транспорт,asof_june,2329
Транспорт,asof_june,2330
Транспорт,asof_june,2332
Транспорт,asof_june,2333
Транспорт,asof_june,2334
Транспорт,asof_june,2335
Транспорт,asof_june,2336
Транспорт,asof_june,2337
Транспорт,asof_june,2338
Транспорт,asof_june,2339
Транспорт,asof_june,2340
Транспорт,asof_june,2341
Транспорт,asof_june,2342
Транспорт,asof_june,2343
Транспорт,asof_june,2344
Транспорт,asof_june,2345
Транспорт,asof_june,2348
Транспорт,asof_june,2349
Транспорт,asof_june,2351
Транспорт,asof_june,2352
Транспорт,asof_june,2353
Транспорт,asof_june,2354
Транспорт,asof_june,2355
Транспорт,asof_june,2356
Транспорт,asof_june,2357
Транспорт,asof_june,2358
Транспорт,asof_june,2359
Транспорт,asof_june,2360
Транспорт,asof_june,2361
Транспорт,asof_june,2362
Транспорт,asof_june,2363
Транспорт,asof_june,2364
Транспорт,asof_june,2365
Транспорт,asof_june,2366
Транспорт,asof_june,2367
Транспорт,asof_june,2368
Транспорт,asof_june,2369
Транспорт,asof_june,2370
Транспорт,asof_june,2371
Транспорт,asof_june,2372
Транспорт,asof_june,2373
Транспорт,asof_june,2374
Транспорт,asof_june,2375
Транспорт,asof_june,2376
Транспорт,asof_june,2377
Транспорт,asof_june,2378
Транспорт,asof_june,2379
Транспорт,asof_june,2380
Транспорт,asof_june,2381
Транспорт,asof_june,2382
Транспорт,asof_june,2383
Транспорт,asof_june,2384
Транспорт,asof_june,2385
Транспорт,asof_june,2386
Транспорт,asof_june,2387
Транспорт,asof_june,2388
Транспорт,asof_june,2389
Транспорт,asof_june,2390
Транспорт,asof_june,2391
Транспорт,asof_june,2392
Транспорт,asof_june,2393
Транспорт,asof_june,2395
Транспорт,asof_june,2398
Транспорт,asof_june,2399
Транспорт,asof_june,2400
Транспорт,asof_june,2401
Транспорт,asof_june,2402
Транспорт,asof_june,2403
Транспорт,asof_june,2404
Транспорт,asof_june,2405
Транспорт,asof_june,2406
Транспорт,asof_june,2407
Транспорт,asof_june,2408
Транспорт,asof_june,2409
Транспорт,asof_june,2410
Транспорт,asof_june,2411
Транспорт,asof_june,2412
Транспорт,asof_june,2416
Транспорт,asof_june,2422
Транспорт,asof_june,2423
Транспорт,asof_june,2424
Транспорт,asof_june,2425
Транспорт,asof_june,2426
Транспорт,asof_june,2427
Транспорт,asof_june,2428
Транспорт,asof_june,2429
Транспорт,asof_june,2430
Транспорт,asof_june,2431
Транспорт,asof_june,2432
Транспорт,asof_june,2433
Транспорт,asof_june,2434
Транспорт,asof_june,2435
Транспорт,asof_june,2436
Транспорт,asof_june,2437
Транспорт,asof_june,2439
Транспорт,asof_june,2440
Транспорт,asof_june,2441
Транспорт,asof_june,2442
Транспорт,asof_june,2443
Транспорт,asof_june,2444
Транспорт,asof_june,2445
Транспорт,asof_june,2446
Транспорт,asof_june,2447
Транспорт,asof_june,2449
Транспорт,asof_june,2450
Транспорт,asof_june,2451
Транспорт,asof_june,2452
Транспорт,asof_june,2453
Транспорт,asof_june,2454
Транспорт,asof_june,2455
Транспорт,asof_june,2456
Транспорт,asof_june,2457
Транспорт,asof_june,2458
Транспорт,asof_june,2459
Транспорт,asof_june,2460
Транспорт,asof_june,2461
Транспорт,asof_june,2462
Транспорт,asof_june,2463
Транспорт,asof_june,2464
Транспорт,asof_june,2465
Транспорт,asof_june,2466
Транспорт,asof_june,2467
Транспорт,asof_june,2468
Транспорт,asof_june,2469
Транспорт,asof_june,2470
Транспорт,asof_june,2471
Транспорт,asof_june,2472
Транспорт,asof_june,2473
Транспорт,asof_june,2474
Транспорт,asof_june,2475
Транспорт,asof_june,2476
Транспорт,asof_june,2477
Транспорт,asof_june,2478
Транспорт,asof_june,2479
Транспорт,asof_june,2480
Транспорт,asof_june,2481
Транспорт,asof_june,2482
Транспорт,asof_june,2483
Транспорт,asof_june,2484
Транспорт,asof_june,2485
Транспорт,asof_june,2486
Транспорт,asof_june,2487
Транспорт,asof_june,2488
Транспорт,asof_june,2489
Транспорт,asof_june,2490
Транспорт,asof_june,2491
Транспорт,asof_june,2492
Транспорт,asof_june,2493
Транспорт,asof_june,2494
Транспорт,asof_june,2495
Транспорт,asof_june,2496
Транспорт,asof_june,2497
Транспорт,asof_june,2498
Транспорт,asof_june,2499
Транспорт,asof_june,2500
Транспорт,asof_june,2501
Транспорт,asof_june,2502
Транспорт,asof_june,2503
Транспорт,asof_june,2504
Транспорт,asof_june,2505
Транспорт,asof_june,2506
Транспорт,asof_june,2507
Транспорт,asof_june,2508
Транспорт,asof_june,2509
Транспорт,asof_june,2510
Транспорт,asof_june,2511
Транспорт,asof_june,2512
Транспорт,asof_june,2513
Транспорт,asof_june,2514
Транспорт,asof_june,2515
Транспорт,asof_june,2516
Транспорт,asof_june,2517
Транспорт,asof_june,2518
Транспорт,asof_june,2519
Транспорт,asof_june,2520
Транспорт,asof_june,2521
Транспорт,asof_june,2522
Транспорт,asof_june,2523
Транспорт,asof_june,2524
Транспорт,asof_june,2525
Транспорт,asof_june,2526
Транспорт,asof_june,2527
Транспорт,asof_june,2528
Транспорт,asof_june,2529
Транспорт,asof_june,2530
Транспорт,asof_june,2531
Транспорт,asof_june,2532
Транспорт,asof_june,2533
Транспорт,asof_june,2534
Транспорт,asof_june,2535
Транспорт,asof_june,2536
Транспорт,asof_june,2537
Транспорт,asof_june,2538
Транспорт,asof_june,2539
Транспорт,asof_june,2540
Транспорт,asof_june,2541
Транспорт,asof_june,2542
Транспорт,asof_june,2543
Транспорт,asof_june,2544
Транспорт,asof_june,2545
Транспорт,asof_june,2546
Транспорт,asof_june,2547
Транспорт,asof_june,2548
Транспорт,asof_june,2549
Транспорт,asof_june,2550
Транспорт,asof_june,2551
Транспорт,asof_june,2552
Транспорт,asof_june,2553
Транспорт,asof_june,2554
Транспорт,asof_june,2555
Транспорт,asof_june,2556
Транспорт,asof_june,2557
Транспорт,asof_june,2558
Транспорт,asof_june,2559
Транспорт,asof_june,2560
Транспорт,asof_june,2561
Транспорт,asof_june,2562
Транспорт,asof_june,2563
Транспорт,asof_june,2564
Транспорт,asof_june,2565
Транспорт,asof_june,2566
Транспорт,asof_june,2567
Транспорт,asof_june,2568
Транспорт,asof_june,2569
Транспорт,asof_june,2570
Транспорт,asof_june,2571
Транспорт,asof_june,2572
Транспорт,asof_june,2573
Транспорт,asof_june,2574
Транспорт,asof_june,2575
Транспорт,asof_june,2576
Транспорт,asof_june,2577
Транспорт,asof_june,2578
Транспорт,asof_june,2579
Транспорт,asof_june,2580
Транспорт,asof_june,2581
Транспорт,asof_june,2582
Транспорт,asof_june,2583
Транспорт,asof_june,2584
Транспорт,asof_june,2585
Транспорт,asof_june,2586
Транспорт,asof_june,2587
Транспорт,asof_june,2588
Транспорт,asof_june,2589
Транспорт,asof_june,2590
Транспорт,asof_june,2591
Транспорт,asof_june,2592
Транспорт,asof_june,2593
Транспорт,asof_june,2595
Транспорт,asof_june,2596
Транспорт,asof_june,2597
Транспорт,asof_june,2598
Транспорт,asof_june,2599
Транспорт,asof_june,2600
Транспорт,asof_june,2601
Транспорт,asof_june,2602
Транспорт,asof_june,2604
Транспорт,asof_june,2605
Транспорт,asof_june,2606
Транспорт,asof_june,2607
Транспорт,asof_june,2618
Транспорт,asof_june,2619
Транспорт,asof_june,2620
Транспорт,asof_june,2621
Транспорт,asof_june,2644
Транспорт,asof_june,2646
Транспорт,asof_june,2647
Транспорт,asof_june,2648
Транспорт,asof_june,2649
Транспорт,asof_june,2651
Транспорт,asof_june,2652
Транспорт,asof_june,2710
Транспорт,asof_june,2808
Транспорт,asof_june,2809
Транспорт,asof_june,2813
Транспорт,asof_june,2814
Транспорт,asof_june,2872
Транспорт,asof_june,2876
Транспорт,asof_june,2879
Транспорт,asof_june,2880
Транспорт,asof_june,2881
Транспорт,asof_june,2882
Транспорт,asof_june,2883
Транспорт,asof_june,2884
Транспорт,asof_june,2885
Транспорт,asof_june,2886
Транспорт,asof_june,2887
Транспорт,asof_june,3005
Транспорт,asof_june,3007
Транспорт,asof_june,3009
Транспорт,asof_june,3011
Транспорт,asof_june,3012
Транспорт,asof_june,3013
Транспорт,balanced_future_reference,1
Транспорт,balanced_future_reference,2
Транспорт,balanced_future_reference,3
Транспорт,balanced_future_reference,4
Транспорт,balanced_future_reference,5
Транспорт,balanced_future_reference,6
Транспорт,balanced_future_reference,7
Транспорт,balanced_future_reference,8
Транспорт,balanced_future_reference,9
Транспорт,balanced_future_reference,10
Транспорт,balanced_future_reference,11
Транспорт,balanced_future_reference,12
Транспорт,balanced_future_reference,13
Транспорт,balanced_future_reference,14
Транспорт,balanced_future_reference,15
Транспорт,balanced_future_reference,16
Транспорт,balanced_future_reference,17
Транспорт,balanced_future_reference,18
Транспорт,balanced_future_reference,19
Транспорт,balanced_future_reference,20
Транспорт,balanced_future_reference,21
Транспорт,balanced_future_reference,22
Транспорт,balanced_future_reference,23
Транспорт,balanced_future_reference,25
Транспорт,balanced_future_reference,26
Транспорт,balanced_future_reference,27
Транспорт,balanced_future_reference,28
Транспорт,balanced_future_reference,29
Транспорт,balanced_future_reference,30
Транспорт,balanced_future_reference,31
Транспорт,balanced_future_reference,32
Транспорт,balanced_future_reference,33
Транспорт,balanced_future_reference,34
Транспорт,balanced_future_reference,35
Транспорт,balanced_future_reference,36
Транспорт,balanced_future_reference,37
Транспорт,balanced_future_reference,38
Транспорт,balanced_future_reference,39
Транспорт,balanced_future_reference,40
Транспорт,balanced_future_reference,41
Транспорт,balanced_future_reference,42
Транспорт,balanced_future_reference,43
Транспорт,balanced_future_reference,44
Транспорт,balanced_future_reference,45
Транспорт,balanced_future_reference,46
Транспорт,balanced_future_reference,47
Транспорт,balanced_future_reference,48
Транспорт,balanced_future_reference,49
Транспорт,balanced_future_reference,50
Транспорт,balanced_future_reference,51
Транспорт,balanced_future_reference,52
Транспорт,balanced_future_reference,53
Транспорт,balanced_future_reference,54
Транспорт,balanced_future_reference,55
Транспорт,balanced_future_reference,56
Транспорт,balanced_future_reference,57
Транспорт,balanced_future_reference,58
Транспорт,balanced_future_reference,59
Транспорт,balanced_future_reference,60
Транспорт,balanced_future_reference,61
Транспорт,balanced_future_reference,62
Транспорт,balanced_future_reference,63
Транспорт,balanced_future_reference,65
Транспорт,balanced_future_reference,66
Транспорт,balanced_future_reference,67
Транспорт,balanced_future_reference,68
Транспорт,balanced_future_reference,69
Транспорт,balanced_future_reference,70
Транспорт,balanced_future_reference,71
Транспорт,balanced_future_reference,72
Транспорт,balanced_future_reference,73
Транспорт,balanced_future_reference,74
Транспорт,balanced_future_reference,75
Транспорт,balanced_future_reference,76
Транспорт,balanced_future_reference,77
Транспорт,balanced_future_reference,78
Транспорт,balanced_future_reference,79
Транспорт,balanced_future_reference,80
Транспорт,balanced_future_reference,81
Транспорт,balanced_future_reference,82
Транспорт,balanced_future_reference,83
Транспорт,balanced_future_reference,167
Транспорт,balanced_future_reference,168
Транспорт,balanced_future_reference,169
Транспорт,balanced_future_reference,173
Транспорт,balanced_future_reference,181
Транспорт,balanced_future_reference,184
Транспорт,balanced_future_reference,185
Транспорт,balanced_future_reference,188
Транспорт,balanced_future_reference,191
Транспорт,balanced_future_reference,194
Транспорт,balanced_future_reference,195
Транспорт,balanced_future_reference,196
Транспорт,balanced_future_reference,198
Транспорт,balanced_future_reference,201
Транспорт,balanced_future_reference,203
Транспорт,balanced_future_reference,204
Транспорт,balanced_future_reference,205
Транспорт,balanced_future_reference,206
Транспорт,balanced_future_reference,207
Транспорт,balanced_future_reference,208
Транспорт,balanced_future_reference,209
Транспорт,balanced_future_reference,210
Транспорт,balanced_future_reference,211
Транспорт,balanced_future_reference,212
Транспорт,balanced_future_reference,213
Транспорт,balanced_future_reference,214
Транспорт,balanced_future_reference,215
Транспорт,balanced_future_reference,216
Транспорт,balanced_future_reference,217
Транспорт,balanced_future_reference,218
Транспорт,balanced_future_reference,219
Транспорт,balanced_future_reference,220
Транспорт,balanced_future_reference,221
Транспорт,balanced_future_reference,222
Транспорт,balanced_future_reference,223
Транспорт,balanced_future_reference,224
Транспорт,balanced_future_reference,225
Транспорт,balanced_future_reference,226
Транспорт,balanced_future_reference,227
Транспорт,balanced_future_reference,228
Транспорт,balanced_future_reference,229
Транспорт,balanced_future_reference,230
Транспорт,balanced_future_reference,231
Транспорт,balanced_future_reference,232
Транспорт,balanced_future_reference,233
Транспорт,balanced_future_reference,234
Транспорт,balanced_future_reference,235
Транспорт,balanced_future_reference,236
Транспорт,balanced_future_reference,237
Транспорт,balanced_future_reference,238
Транспорт,balanced_future_reference,239
Транспорт,balanced_future_reference,240
Транспорт,balanced_future_reference,241
Транспорт,balanced_future_reference,242
Транспорт,balanced_future_reference,243
Транспорт,balanced_future_reference,269
Транспорт,balanced_future_reference,270
Транспорт,balanced_future_reference,271
Транспорт,balanced_future_reference,272
Транспорт,balanced_future_reference,273
Транспорт,balanced_future_reference,274
Транспорт,balanced_future_reference,275
Транспорт,balanced_future_reference,276
Транспорт,balanced_future_reference,277
Транспорт,balanced_future_reference,278
Транспорт,balanced_future_reference,279
Транспорт,balanced_future_reference,280
Транспорт,balanced_future_reference,281
Транспорт,balanced_future_reference,282
Транспорт,balanced_future_reference,283
Транспорт,balanced_future_reference,284
Транспорт,balanced_future_reference,285
Транспорт,balanced_future_reference,287
Транспорт,balanced_future_reference,288
Транспорт,balanced_future_reference,289
Транспорт,balanced_future_reference,290
Транспорт,balanced_future_reference,292
Транспорт,balanced_future_reference,293
Транспорт,balanced_future_reference,294
Транспорт,balanced_future_reference,295
Транспорт,balanced_future_reference,296
Транспорт,balanced_future_reference,297
Транспорт,balanced_future_reference,298
Транспорт,balanced_future_reference,300
Транспорт,balanced_future_reference,301
Транспорт,balanced_future_reference,302
Транспорт,balanced_future_reference,303
Транспорт,balanced_future_reference,304
Транспорт,balanced_future_reference,305
Транспорт,balanced_future_reference,306
Транспорт,balanced_future_reference,307
Транспорт,balanced_future_reference,308
Транспорт,balanced_future_reference,309
Транспорт,balanced_future_reference,312
Транспорт,balanced_future_reference,314
Транспорт,balanced_future_reference,316
Транспорт,balanced_future_reference,317
Транспорт,balanced_future_reference,318
Транспорт,balanced_future_reference,319
Транспорт,balanced_future_reference,320
Транспорт,balanced_future_reference,321
Транспорт,balanced_future_reference,323
Транспорт,balanced_future_reference,324
Транспорт,balanced_future_reference,325
Транспорт,balanced_future_reference,326
Транспорт,balanced_future_reference,327
Транспорт,balanced_future_reference,329
Транспорт,balanced_future_reference,330
Транспорт,balanced_future_reference,331
Транспорт,balanced_future_reference,332
Транспорт,balanced_future_reference,333
Транспорт,balanced_future_reference,334
Транспорт,balanced_future_reference,335
Транспорт,balanced_future_reference,336
Транспорт,balanced_future_reference,337
Транспорт,balanced_future_reference,338
Транспорт,balanced_future_reference,339
Транспорт,balanced_future_reference,340
Транспорт,balanced_future_reference,341
Транспорт,balanced_future_reference,342
Транспорт,balanced_future_reference,343
Транспорт,balanced_future_reference,345
Транспорт,balanced_future_reference,346
Транспорт,balanced_future_reference,347
Транспорт,balanced_future_reference,348
Транспорт,balanced_future_reference,349
Транспорт,balanced_future_reference,351
Транспорт,balanced_future_reference,352
Транспорт,balanced_future_reference,354
Транспорт,balanced_future_reference,355
Транспорт,balanced_future_reference,356
Транспорт,balanced_future_reference,357
Транспорт,balanced_future_reference,358
Транспорт,balanced_future_reference,359
Транспорт,balanced_future_reference,360
Транспорт,balanced_future_reference,361
Транспорт,balanced_future_reference,362
Транспорт,balanced_future_reference,363
Транспорт,balanced_future_reference,364
Транспорт,balanced_future_reference,365
Транспорт,balanced_future_reference,366
Транспорт,balanced_future_reference,367
Транспорт,balanced_future_reference,368
Транспорт,balanced_future_reference,369
Транспорт,balanced_future_reference,370
Транспорт,balanced_future_reference,371
Транспорт,balanced_future_reference,372
Транспорт,balanced_future_reference,373
Транспорт,balanced_future_reference,374
Транспорт,balanced_future_reference,375
Транспорт,balanced_future_reference,376
Транспорт,balanced_future_reference,377
Транспорт,balanced_future_reference,378
Транспорт,balanced_future_reference,379
Транспорт,balanced_future_reference,380
Транспорт,balanced_future_reference,381
Транспорт,balanced_future_reference,382
Транспорт,balanced_future_reference,383
Транспорт,balanced_future_reference,384
Транспорт,balanced_future_reference,385
Транспорт,balanced_future_reference,386
Транспорт,balanced_future_reference,387
Транспорт,balanced_future_reference,388
Транспорт,balanced_future_reference,390
Транспорт,balanced_future_reference,391
Транспорт,balanced_future_reference,392
Транспорт,balanced_future_reference,393
Транспорт,balanced_future_reference,395
Транспорт,balanced_future_reference,396
Транспорт,balanced_future_reference,397
Транспорт,balanced_future_reference,398
Транспорт,balanced_future_reference,401
Транспорт,balanced_future_reference,402
Транспорт,balanced_future_reference,403
Транспорт,balanced_future_reference,404
Транспорт,balanced_future_reference,405
Транспорт,balanced_future_reference,408
Транспорт,balanced_future_reference,410
Транспорт,balanced_future_reference,413
Транспорт,balanced_future_reference,414
Транспорт,balanced_future_reference,416
Транспорт,balanced_future_reference,418
Транспорт,balanced_future_reference,419
Транспорт,balanced_future_reference,420
Транспорт,balanced_future_reference,421
Транспорт,balanced_future_reference,422
Транспорт,balanced_future_reference,423
Транспорт,balanced_future_reference,424
Транспорт,balanced_future_reference,425
Транспорт,balanced_future_reference,428
Транспорт,balanced_future_reference,429
Транспорт,balanced_future_reference,430
Транспорт,balanced_future_reference,431
Транспорт,balanced_future_reference,432
Транспорт,balanced_future_reference,433
Транспорт,balanced_future_reference,434
Транспорт,balanced_future_reference,435
Транспорт,balanced_future_reference,436
Транспорт,balanced_future_reference,437
Транспорт,balanced_future_reference,438
Транспорт,balanced_future_reference,440
Транспорт,balanced_future_reference,441
Транспорт,balanced_future_reference,442
Транспорт,balanced_future_reference,443
Транспорт,balanced_future_reference,444
Транспорт,balanced_future_reference,445
Транспорт,balanced_future_reference,446
Транспорт,balanced_future_reference,447
Транспорт,balanced_future_reference,448
Транспорт,balanced_future_reference,449
Транспорт,balanced_future_reference,450
Транспорт,balanced_future_reference,451
Транспорт,balanced_future_reference,452
Транспорт,balanced_future_reference,453
Транспорт,balanced_future_reference,455
Транспорт,balanced_future_reference,456
Транспорт,balanced_future_reference,457
Транспорт,balanced_future_reference,458
Транспорт,balanced_future_reference,459
Транспорт,balanced_future_reference,460
Транспорт,balanced_future_reference,478
Транспорт,balanced_future_reference,479
Транспорт,balanced_future_reference,480
Транспорт,balanced_future_reference,481
Транспорт,balanced_future_reference,482
Транспорт,balanced_future_reference,484
Транспорт,balanced_future_reference,485
Транспорт,balanced_future_reference,486
Транспорт,balanced_future_reference,487
Транспорт,balanced_future_reference,489
Транспорт,balanced_future_reference,490
Транспорт,balanced_future_reference,491
Транспорт,balanced_future_reference,492
Транспорт,balanced_future_reference,493
Транспорт,balanced_future_reference,494
Транспорт,balanced_future_reference,495
Транспорт,balanced_future_reference,496
Транспорт,balanced_future_reference,497
Транспорт,balanced_future_reference,498
Транспорт,balanced_future_reference,499
Транспорт,balanced_future_reference,501
Транспорт,balanced_future_reference,502
Транспорт,balanced_future_reference,503
Транспорт,balanced_future_reference,504
Транспорт,balanced_future_reference,505
Транспорт,balanced_future_reference,506
Транспорт,balanced_future_reference,507
Транспорт,balanced_future_reference,508
Транспорт,balanced_future_reference,509
Транспорт,balanced_future_reference,510
Транспорт,balanced_future_reference,511
Транспорт,balanced_future_reference,512
Транспорт,balanced_future_reference,515
Транспорт,balanced_future_reference,516
Транспорт,balanced_future_reference,517
Транспорт,balanced_future_reference,518
Транспорт,balanced_future_reference,519
Транспорт,balanced_future_reference,520
Транспорт,balanced_future_reference,521
Транспорт,balanced_future_reference,522
Транспорт,balanced_future_reference,523
Транспорт,balanced_future_reference,524
Транспорт,balanced_future_reference,525
Транспорт,balanced_future_reference,527
Транспорт,balanced_future_reference,528
Транспорт,balanced_future_reference,529
Транспорт,balanced_future_reference,530
Транспорт,balanced_future_reference,531
Транспорт,balanced_future_reference,532
Транспорт,balanced_future_reference,533
Транспорт,balanced_future_reference,534
Транспорт,balanced_future_reference,535
Транспорт,balanced_future_reference,536
Транспорт,balanced_future_reference,537
Транспорт,balanced_future_reference,538
Транспорт,balanced_future_reference,539
Транспорт,balanced_future_reference,540
Транспорт,balanced_future_reference,541
Транспорт,balanced_future_reference,542
Транспорт,balanced_future_reference,543
Транспорт,balanced_future_reference,544
Транспорт,balanced_future_reference,545
Транспорт,balanced_future_reference,546
Транспорт,balanced_future_reference,547
Транспорт,balanced_future_reference,548
Транспорт,balanced_future_reference,549
Транспорт,balanced_future_reference,550
Транспорт,balanced_future_reference,552
Транспорт,balanced_future_reference,553
Транспорт,balanced_future_reference,554
Транспорт,balanced_future_reference,555
Транспорт,balanced_future_reference,556
Транспорт,balanced_future_reference,557
Транспорт,balanced_future_reference,558
Транспорт,balanced_future_reference,559
Транспорт,balanced_future_reference,560
Транспорт,balanced_future_reference,561
Транспорт,balanced_future_reference,562
Транспорт,balanced_future_reference,563
Транспорт,balanced_future_reference,564
Транспорт,balanced_future_reference,565
Транспорт,balanced_future_reference,566
Транспорт,balanced_future_reference,567
Транспорт,balanced_future_reference,568
Транспорт,balanced_future_reference,569
Транспорт,balanced_future_reference,570
Транспорт,balanced_future_reference,571
Транспорт,balanced_future_reference,572
Транспорт,balanced_future_reference,574
Транспорт,balanced_future_reference,578
Транспорт,balanced_future_reference,579
Транспорт,balanced_future_reference,580
Транспорт,balanced_future_reference,581
Транспорт,balanced_future_reference,582
Транспорт,balanced_future_reference,583
Транспорт,balanced_future_reference,584
Транспорт,balanced_future_reference,585
Транспорт,balanced_future_reference,586
Транспорт,balanced_future_reference,587
Транспорт,balanced_future_reference,588
Транспорт,balanced_future_reference,589
Транспорт,balanced_future_reference,591
Транспорт,balanced_future_reference,592
Транспорт,balanced_future_reference,593
Транспорт,balanced_future_reference,594
Транспорт,balanced_future_reference,595
Транспорт,balanced_future_reference,598
Транспорт,balanced_future_reference,599
Транспорт,balanced_future_reference,600
Транспорт,balanced_future_reference,601
Транспорт,balanced_future_reference,602
Транспорт,balanced_future_reference,603
Транспорт,balanced_future_reference,604
Транспорт,balanced_future_reference,605
Транспорт,balanced_future_reference,606
Транспорт,balanced_future_reference,607
Транспорт,balanced_future_reference,608
Транспорт,balanced_future_reference,612
Транспорт,balanced_future_reference,613
Транспорт,balanced_future_reference,614
Транспорт,balanced_future_reference,615
Транспорт,balanced_future_reference,616
Транспорт,balanced_future_reference,618
Транспорт,balanced_future_reference,619
Транспорт,balanced_future_reference,621
Транспорт,balanced_future_reference,666
Транспорт,balanced_future_reference,667
Транспорт,balanced_future_reference,668
Транспорт,balanced_future_reference,669
Транспорт,balanced_future_reference,670
Транспорт,balanced_future_reference,671
Транспорт,balanced_future_reference,674
Транспорт,balanced_future_reference,675
Транспорт,balanced_future_reference,676
Транспорт,balanced_future_reference,677
Транспорт,balanced_future_reference,678
Транспорт,balanced_future_reference,679
Транспорт,balanced_future_reference,680
Транспорт,balanced_future_reference,683
Транспорт,balanced_future_reference,685
Транспорт,balanced_future_reference,686
Транспорт,balanced_future_reference,687
Транспорт,balanced_future_reference,689
Транспорт,balanced_future_reference,690
Транспорт,balanced_future_reference,691
Транспорт,balanced_future_reference,692
Транспорт,balanced_future_reference,693
Транспорт,balanced_future_reference,694
Транспорт,balanced_future_reference,695
Транспорт,balanced_future_reference,696
Транспорт,balanced_future_reference,697
Транспорт,balanced_future_reference,698
Транспорт,balanced_future_reference,699
Транспорт,balanced_future_reference,701
Транспорт,balanced_future_reference,702
Транспорт,balanced_future_reference,703
Транспорт,balanced_future_reference,704
Транспорт,balanced_future_reference,705
Транспорт,balanced_future_reference,706
Транспорт,balanced_future_reference,708
Транспорт,balanced_future_reference,710
Транспорт,balanced_future_reference,711
Транспорт,balanced_future_reference,712
Транспорт,balanced_future_reference,713
Транспорт,balanced_future_reference,714
Транспорт,balanced_future_reference,715
Транспорт,balanced_future_reference,716
Транспорт,balanced_future_reference,717
Транспорт,balanced_future_reference,718
Транспорт,balanced_future_reference,719
Транспорт,balanced_future_reference,720
Транспорт,balanced_future_reference,721
Транспорт,balanced_future_reference,722
Транспорт,balanced_future_reference,723
Транспорт,balanced_future_reference,725
Транспорт,balanced_future_reference,726
Транспорт,balanced_future_reference,727
Транспорт,balanced_future_reference,731
Транспорт,balanced_future_reference,734
Транспорт,balanced_future_reference,735
Транспорт,balanced_future_reference,736
Транспорт,balanced_future_reference,737
Транспорт,balanced_future_reference,738
Транспорт,balanced_future_reference,739
Транспорт,balanced_future_reference,741
Транспорт,balanced_future_reference,742
Транспорт,balanced_future_reference,743
Транспорт,balanced_future_reference,744
Транспорт,balanced_future_reference,745
Транспорт,balanced_future_reference,746
Транспорт,balanced_future_reference,747
Транспорт,balanced_future_reference,748
Транспорт,balanced_future_reference,749
Транспорт,balanced_future_reference,751
Транспорт,balanced_future_reference,752
Транспорт,balanced_future_reference,753
Транспорт,balanced_future_reference,754
Транспорт,balanced_future_reference,755
Транспорт,balanced_future_reference,756
Транспорт,balanced_future_reference,757
Транспорт,balanced_future_reference,758
Транспорт,balanced_future_reference,760
Транспорт,balanced_future_reference,761
Транспорт,balanced_future_reference,763
Транспорт,balanced_future_reference,764
Транспорт,balanced_future_reference,765
Транспорт,balanced_future_reference,766
Транспорт,balanced_future_reference,767
Транспорт,balanced_future_reference,769
Транспорт,balanced_future_reference,770
Транспорт,balanced_future_reference,771
Транспорт,balanced_future_reference,773
Транспорт,balanced_future_reference,774
Транспорт,balanced_future_reference,775
Транспорт,balanced_future_reference,776
Транспорт,balanced_future_reference,777
Транспорт,balanced_future_reference,778
Транспорт,balanced_future_reference,779
Транспорт,balanced_future_reference,780
Транспорт,balanced_future_reference,781
Транспорт,balanced_future_reference,782
Транспорт,balanced_future_reference,783
Транспорт,balanced_future_reference,784
Транспорт,balanced_future_reference,785
Транспорт,balanced_future_reference,787
Транспорт,balanced_future_reference,788
Транспорт,balanced_future_reference,789
Транспорт,balanced_future_reference,790
Транспорт,balanced_future_reference,791
Транспорт,balanced_future_reference,792
Транспорт,balanced_future_reference,793
Транспорт,balanced_future_reference,794
Транспорт,balanced_future_reference,795
Транспорт,balanced_future_reference,796
Транспорт,balanced_future_reference,797
Транспорт,balanced_future_reference,798
Транспорт,balanced_future_reference,799
Транспорт,balanced_future_reference,800
Транспорт,balanced_future_reference,801
Транспорт,balanced_future_reference,802
Транспорт,balanced_future_reference,803
Транспорт,balanced_future_reference,804
Транспорт,balanced_future_reference,805
Транспорт,balanced_future_reference,806
Транспорт,balanced_future_reference,807
Транспорт,balanced_future_reference,808
Транспорт,balanced_future_reference,809
Транспорт,balanced_future_reference,810
Транспорт,balanced_future_reference,811
Транспорт,balanced_future_reference,812
Транспорт,balanced_future_reference,813
Транспорт,balanced_future_reference,814
Транспорт,balanced_future_reference,815
Транспорт,balanced_future_reference,817
Транспорт,balanced_future_reference,818
Транспорт,balanced_future_reference,819
Транспорт,balanced_future_reference,820
Транспорт,balanced_future_reference,821
Транспорт,balanced_future_reference,822
Транспорт,balanced_future_reference,823
Транспорт,balanced_future_reference,824
Транспорт,balanced_future_reference,825
Транспорт,balanced_future_reference,826
Транспорт,balanced_future_reference,827
Транспорт,balanced_future_reference,828
Транспорт,balanced_future_reference,829
Транспорт,balanced_future_reference,830
Транспорт,balanced_future_reference,831
Транспорт,balanced_future_reference,832
Транспорт,balanced_future_reference,833
Транспорт,balanced_future_reference,834
Транспорт,balanced_future_reference,835
Транспорт,balanced_future_reference,836
Транспорт,balanced_future_reference,838
Транспорт,balanced_future_reference,839
Транспорт,balanced_future_reference,840
Транспорт,balanced_future_reference,841
Транспорт,balanced_future_reference,842
Транспорт,balanced_future_reference,843
Транспорт,balanced_future_reference,844
Транспорт,balanced_future_reference,846
Транспорт,balanced_future_reference,847
Транспорт,balanced_future_reference,848
Транспорт,balanced_future_reference,849
Транспорт,balanced_future_reference,851
Транспорт,balanced_future_reference,852
Транспорт,balanced_future_reference,853
Транспорт,balanced_future_reference,854
Транспорт,balanced_future_reference,855
Транспорт,balanced_future_reference,856
Транспорт,balanced_future_reference,857
Транспорт,balanced_future_reference,859
Транспорт,balanced_future_reference,860
Транспорт,balanced_future_reference,870
Транспорт,balanced_future_reference,871
Транспорт,balanced_future_reference,872
Транспорт,balanced_future_reference,873
Транспорт,balanced_future_reference,874
Транспорт,balanced_future_reference,875
Транспорт,balanced_future_reference,876
Транспорт,balanced_future_reference,877
Транспорт,balanced_future_reference,878
Транспорт,balanced_future_reference,879
Транспорт,balanced_future_reference,880
Транспорт,balanced_future_reference,881
Транспорт,balanced_future_reference,882
Транспорт,balanced_future_reference,883
Транспорт,balanced_future_reference,884
Транспорт,balanced_future_reference,885
Транспорт,balanced_future_reference,886
Транспорт,balanced_future_reference,888
Транспорт,balanced_future_reference,889
Транспорт,balanced_future_reference,890
Транспорт,balanced_future_reference,891
Транспорт,balanced_future_reference,892
Транспорт,balanced_future_reference,895
Транспорт,balanced_future_reference,896
Транспорт,balanced_future_reference,897
Транспорт,balanced_future_reference,898
Транспорт,balanced_future_reference,899
Транспорт,balanced_future_reference,900
Транспорт,balanced_future_reference,901
Транспорт,balanced_future_reference,902
Транспорт,balanced_future_reference,903
Транспорт,balanced_future_reference,904
Транспорт,balanced_future_reference,905
Транспорт,balanced_future_reference,907
Транспорт,balanced_future_reference,908
Транспорт,balanced_future_reference,909
Транспорт,balanced_future_reference,911
Транспорт,balanced_future_reference,912
Транспорт,balanced_future_reference,913
Транспорт,balanced_future_reference,914
Транспорт,balanced_future_reference,915
Транспорт,balanced_future_reference,916
Транспорт,balanced_future_reference,917
Транспорт,balanced_future_reference,918
Транспорт,balanced_future_reference,920
Транспорт,balanced_future_reference,922
Транспорт,balanced_future_reference,923
Транспорт,balanced_future_reference,924
Транспорт,balanced_future_reference,925
Транспорт,balanced_future_reference,926
Транспорт,balanced_future_reference,927
Транспорт,balanced_future_reference,928
Транспорт,balanced_future_reference,929
Транспорт,balanced_future_reference,930
Транспорт,balanced_future_reference,986
Транспорт,balanced_future_reference,987
Транспорт,balanced_future_reference,988
Транспорт,balanced_future_reference,989
Транспорт,balanced_future_reference,991
Транспорт,balanced_future_reference,992
Транспорт,balanced_future_reference,993
Транспорт,balanced_future_reference,994
Транспорт,balanced_future_reference,995
Транспорт,balanced_future_reference,996
Транспорт,balanced_future_reference,998
Транспорт,balanced_future_reference,999
Транспорт,balanced_future_reference,1001
Транспорт,balanced_future_reference,1002
Транспорт,balanced_future_reference,1003
Транспорт,balanced_future_reference,1004
Транспорт,balanced_future_reference,1005
Транспорт,balanced_future_reference,1006
Транспорт,balanced_future_reference,1007
Транспорт,balanced_future_reference,1008
Транспорт,balanced_future_reference,1009
Транспорт,balanced_future_reference,1010
Транспорт,balanced_future_reference,1011
Транспорт,balanced_future_reference,1012
Транспорт,balanced_future_reference,1013
Транспорт,balanced_future_reference,1014
Транспорт,balanced_future_reference,1015
Транспорт,balanced_future_reference,1016
Транспорт,balanced_future_reference,1017
Транспорт,balanced_future_reference,1018
Транспорт,balanced_future_reference,1019
Транспорт,balanced_future_reference,1020
Транспорт,balanced_future_reference,1021
Транспорт,balanced_future_reference,1023
Транспорт,balanced_future_reference,1024
Транспорт,balanced_future_reference,1025
Транспорт,balanced_future_reference,1026
Транспорт,balanced_future_reference,1027
Транспорт,balanced_future_reference,1028
Транспорт,balanced_future_reference,1029
Транспорт,balanced_future_reference,1030
Транспорт,balanced_future_reference,1031
Транспорт,balanced_future_reference,1032
Транспорт,balanced_future_reference,1033
Транспорт,balanced_future_reference,1034
Транспорт,balanced_future_reference,1035
Транспорт,balanced_future_reference,1036
Транспорт,balanced_future_reference,1037
Транспорт,balanced_future_reference,1038
Транспорт,balanced_future_reference,1039
Транспорт,balanced_future_reference,1040
Транспорт,balanced_future_reference,1041
Транспорт,balanced_future_reference,1044
Транспорт,balanced_future_reference,1047
Транспорт,balanced_future_reference,1048
Транспорт,balanced_future_reference,1049
Транспорт,balanced_future_reference,1051
Транспорт,balanced_future_reference,1052
Транспорт,balanced_future_reference,1053
Транспорт,balanced_future_reference,1054
Транспорт,balanced_future_reference,1055
Транспорт,balanced_future_reference,1056
Транспорт,balanced_future_reference,1057
Транспорт,balanced_future_reference,1058
Транспорт,balanced_future_reference,1059
Транспорт,balanced_future_reference,1060
Транспорт,balanced_future_reference,1061
Транспорт,balanced_future_reference,1062
Транспорт,balanced_future_reference,1063
Транспорт,balanced_future_reference,1064
Транспорт,balanced_future_reference,1065
Транспорт,balanced_future_reference,1066
Транспорт,balanced_future_reference,1067
Транспорт,balanced_future_reference,1068
Транспорт,balanced_future_reference,1069
Транспорт,balanced_future_reference,1070
Транспорт,balanced_future_reference,1071
Транспорт,balanced_future_reference,1072
Транспорт,balanced_future_reference,1107
Транспорт,balanced_future_reference,1108
Транспорт,balanced_future_reference,1109
Транспорт,balanced_future_reference,1110
Транспорт,balanced_future_reference,1111
Транспорт,balanced_future_reference,1112
Транспорт,balanced_future_reference,1113
Транспорт,balanced_future_reference,1115
Транспорт,balanced_future_reference,1116
Транспорт,balanced_future_reference,1117
Транспорт,balanced_future_reference,1118
Транспорт,balanced_future_reference,1119
Транспорт,balanced_future_reference,1120
Транспорт,balanced_future_reference,1121
Транспорт,balanced_future_reference,1122
Транспорт,balanced_future_reference,1123
Транспорт,balanced_future_reference,1124
Транспорт,balanced_future_reference,1125
Транспорт,balanced_future_reference,1126
Транспорт,balanced_future_reference,1127
Транспорт,balanced_future_reference,1128
Транспорт,balanced_future_reference,1129
Транспорт,balanced_future_reference,1130
Транспорт,balanced_future_reference,1131
Транспорт,balanced_future_reference,1132
Транспорт,balanced_future_reference,1133
Транспорт,balanced_future_reference,1134
Транспорт,balanced_future_reference,1135
Транспорт,balanced_future_reference,1136
Транспорт,balanced_future_reference,1137
Транспорт,balanced_future_reference,1138
Транспорт,balanced_future_reference,1139
Транспорт,balanced_future_reference,1140
Транспорт,balanced_future_reference,1141
Транспорт,balanced_future_reference,1142
Транспорт,balanced_future_reference,1143
Транспорт,balanced_future_reference,1144
Транспорт,balanced_future_reference,1146
Транспорт,balanced_future_reference,1147
Транспорт,balanced_future_reference,1148
Транспорт,balanced_future_reference,1149
Транспорт,balanced_future_reference,1150
Транспорт,balanced_future_reference,1151
Транспорт,balanced_future_reference,1152
Транспорт,balanced_future_reference,1153
Транспорт,balanced_future_reference,1154
Транспорт,balanced_future_reference,1155
Транспорт,balanced_future_reference,1157
Транспорт,balanced_future_reference,1158
Транспорт,balanced_future_reference,1159
Транспорт,balanced_future_reference,1160
Транспорт,balanced_future_reference,1161
Транспорт,balanced_future_reference,1163
Транспорт,balanced_future_reference,1164
Транспорт,balanced_future_reference,1165
Транспорт,balanced_future_reference,1166
Транспорт,balanced_future_reference,1167
Транспорт,balanced_future_reference,1168
Транспорт,balanced_future_reference,1169
Транспорт,balanced_future_reference,1170
Транспорт,balanced_future_reference,1171
Транспорт,balanced_future_reference,1172
Транспорт,balanced_future_reference,1173
Транспорт,balanced_future_reference,1174
Транспорт,balanced_future_reference,1175
Транспорт,balanced_future_reference,1176
Транспорт,balanced_future_reference,1178
Транспорт,balanced_future_reference,1179
Транспорт,balanced_future_reference,1180
Транспорт,balanced_future_reference,1181
Транспорт,balanced_future_reference,1184
Транспорт,balanced_future_reference,1185
Транспорт,balanced_future_reference,1186
Транспорт,balanced_future_reference,1187
Транспорт,balanced_future_reference,1188
Транспорт,balanced_future_reference,1189
Транспорт,balanced_future_reference,1190
Транспорт,balanced_future_reference,1191
Транспорт,balanced_future_reference,1192
Транспорт,balanced_future_reference,1193
Транспорт,balanced_future_reference,1194
Транспорт,balanced_future_reference,1195
Транспорт,balanced_future_reference,1196
Транспорт,balanced_future_reference,1197
Транспорт,balanced_future_reference,1198
Транспорт,balanced_future_reference,1200
Транспорт,balanced_future_reference,1201
Транспорт,balanced_future_reference,1203
Транспорт,balanced_future_reference,1204
Транспорт,balanced_future_reference,1205
Транспорт,balanced_future_reference,1206
Транспорт,balanced_future_reference,1207
Транспорт,balanced_future_reference,1208
Транспорт,balanced_future_reference,1209
Транспорт,balanced_future_reference,1210
Транспорт,balanced_future_reference,1211
Транспорт,balanced_future_reference,1212
Транспорт,balanced_future_reference,1213
Транспорт,balanced_future_reference,1214
Транспорт,balanced_future_reference,1215
Транспорт,balanced_future_reference,1217
Транспорт,balanced_future_reference,1218
Транспорт,balanced_future_reference,1219
Транспорт,balanced_future_reference,1220
Транспорт,balanced_future_reference,1221
Транспорт,balanced_future_reference,1222
Транспорт,balanced_future_reference,1223
Транспорт,balanced_future_reference,1224
Транспорт,balanced_future_reference,1225
Транспорт,balanced_future_reference,1226
Транспорт,balanced_future_reference,1227
Транспорт,balanced_future_reference,1228
Транспорт,balanced_future_reference,1229
Транспорт,balanced_future_reference,1230
Транспорт,balanced_future_reference,1231
Транспорт,balanced_future_reference,1232
Транспорт,balanced_future_reference,1233
Транспорт,balanced_future_reference,1234
Транспорт,balanced_future_reference,1235
Транспорт,balanced_future_reference,1236
Транспорт,balanced_future_reference,1237
Транспорт,balanced_future_reference,1238
Транспорт,balanced_future_reference,1240
Транспорт,balanced_future_reference,1241
Транспорт,balanced_future_reference,1242
Транспорт,balanced_future_reference,1243
Транспорт,balanced_future_reference,1244
Транспорт,balanced_future_reference,1246
Транспорт,balanced_future_reference,1249
Транспорт,balanced_future_reference,1250
Транспорт,balanced_future_reference,1251
Транспорт,balanced_future_reference,1252
Транспорт,balanced_future_reference,1253
Транспорт,balanced_future_reference,1254
Транспорт,balanced_future_reference,1256
Транспорт,balanced_future_reference,1257
Транспорт,balanced_future_reference,1258
Транспорт,balanced_future_reference,1259
Транспорт,balanced_future_reference,1260
Транспорт,balanced_future_reference,1261
Транспорт,balanced_future_reference,1262
Транспорт,balanced_future_reference,1264
Транспорт,balanced_future_reference,1265
Транспорт,balanced_future_reference,1266
Транспорт,balanced_future_reference,1267
Транспорт,balanced_future_reference,1268
Транспорт,balanced_future_reference,1269
Транспорт,balanced_future_reference,1270
Транспорт,balanced_future_reference,1271
Транспорт,balanced_future_reference,1272
Транспорт,balanced_future_reference,1273
Транспорт,balanced_future_reference,1274
Транспорт,balanced_future_reference,1275
Транспорт,balanced_future_reference,1276
Транспорт,balanced_future_reference,1277
Транспорт,balanced_future_reference,1278
Транспорт,balanced_future_reference,1279
Транспорт,balanced_future_reference,1280
Транспорт,balanced_future_reference,1281
Транспорт,balanced_future_reference,1282
Транспорт,balanced_future_reference,1284
Транспорт,balanced_future_reference,1285
Транспорт,balanced_future_reference,1286
Транспорт,balanced_future_reference,1287
Транспорт,balanced_future_reference,1288
Транспорт,balanced_future_reference,1289
Транспорт,balanced_future_reference,1290
Транспорт,balanced_future_reference,1291
Транспорт,balanced_future_reference,1292
Транспорт,balanced_future_reference,1293
Транспорт,balanced_future_reference,1294
Транспорт,balanced_future_reference,1295
Транспорт,balanced_future_reference,1296
Транспорт,balanced_future_reference,1297
Транспорт,balanced_future_reference,1298
Транспорт,balanced_future_reference,1299
Транспорт,balanced_future_reference,1300
Транспорт,balanced_future_reference,1301
Транспорт,balanced_future_reference,1302
Транспорт,balanced_future_reference,1303
Транспорт,balanced_future_reference,1304
Транспорт,balanced_future_reference,1305
Транспорт,balanced_future_reference,1306
Транспорт,balanced_future_reference,1308
Транспорт,balanced_future_reference,1309
Транспорт,balanced_future_reference,1310
Транспорт,balanced_future_reference,1311
Транспорт,balanced_future_reference,1312
Транспорт,balanced_future_reference,1313
Транспорт,balanced_future_reference,1314
Транспорт,balanced_future_reference,1315
Транспорт,balanced_future_reference,1316
Транспорт,balanced_future_reference,1317
Транспорт,balanced_future_reference,1319
Транспорт,balanced_future_reference,1320
Транспорт,balanced_future_reference,1321
Транспорт,balanced_future_reference,1322
Транспорт,balanced_future_reference,1323
Транспорт,balanced_future_reference,1324
Транспорт,balanced_future_reference,1325
Транспорт,balanced_future_reference,1326
Транспорт,balanced_future_reference,1327
Транспорт,balanced_future_reference,1328
Транспорт,balanced_future_reference,1329
Транспорт,balanced_future_reference,1330
Транспорт,balanced_future_reference,1331
Транспорт,balanced_future_reference,1333
Транспорт,balanced_future_reference,1334
Транспорт,balanced_future_reference,1335
Транспорт,balanced_future_reference,1336
Транспорт,balanced_future_reference,1337
Транспорт,balanced_future_reference,1338
Транспорт,balanced_future_reference,1339
Транспорт,balanced_future_reference,1340
Транспорт,balanced_future_reference,1341
Транспорт,balanced_future_reference,1343
Транспорт,balanced_future_reference,1344
Транспорт,balanced_future_reference,1345
Транспорт,balanced_future_reference,1346
Транспорт,balanced_future_reference,1347
Транспорт,balanced_future_reference,1348
Транспорт,balanced_future_reference,1349
Транспорт,balanced_future_reference,1350
Транспорт,balanced_future_reference,1351
Транспорт,balanced_future_reference,1352
Транспорт,balanced_future_reference,1353
Транспорт,balanced_future_reference,1355
Транспорт,balanced_future_reference,1356
Транспорт,balanced_future_reference,1357
Транспорт,balanced_future_reference,1358
Транспорт,balanced_future_reference,1392
Транспорт,balanced_future_reference,1393
Транспорт,balanced_future_reference,1394
Транспорт,balanced_future_reference,1395
Транспорт,balanced_future_reference,1396
Транспорт,balanced_future_reference,1397
Транспорт,balanced_future_reference,1398
Транспорт,balanced_future_reference,1399
Транспорт,balanced_future_reference,1400
Транспорт,balanced_future_reference,1401
Транспорт,balanced_future_reference,1402
Транспорт,balanced_future_reference,1403
Транспорт,balanced_future_reference,1404
Транспорт,balanced_future_reference,1405
Транспорт,balanced_future_reference,1406
Транспорт,balanced_future_reference,1407
Транспорт,balanced_future_reference,1408
Транспорт,balanced_future_reference,1409
Транспорт,balanced_future_reference,1410
Транспорт,balanced_future_reference,1411
Транспорт,balanced_future_reference,1412
Транспорт,balanced_future_reference,1413
Транспорт,balanced_future_reference,1414
Транспорт,balanced_future_reference,1415
Транспорт,balanced_future_reference,1416
Транспорт,balanced_future_reference,1417
Транспорт,balanced_future_reference,1419
Транспорт,balanced_future_reference,1420
Транспорт,balanced_future_reference,1421
Транспорт,balanced_future_reference,1422
Транспорт,balanced_future_reference,1423
Транспорт,balanced_future_reference,1425
Транспорт,balanced_future_reference,1426
Транспорт,balanced_future_reference,1427
Транспорт,balanced_future_reference,1428
Транспорт,balanced_future_reference,1429
Транспорт,balanced_future_reference,1430
Транспорт,balanced_future_reference,1431
Транспорт,balanced_future_reference,1438
Транспорт,balanced_future_reference,1439
Транспорт,balanced_future_reference,1440
Транспорт,balanced_future_reference,1443
Транспорт,balanced_future_reference,1444
Транспорт,balanced_future_reference,1445
Транспорт,balanced_future_reference,1446
Транспорт,balanced_future_reference,1447
Транспорт,balanced_future_reference,1448
Транспорт,balanced_future_reference,1449
Транспорт,balanced_future_reference,1453
Транспорт,balanced_future_reference,1454
Транспорт,balanced_future_reference,1456
Транспорт,balanced_future_reference,1457
Транспорт,balanced_future_reference,1459
Транспорт,balanced_future_reference,1461
Транспорт,balanced_future_reference,1463
Транспорт,balanced_future_reference,1464
Транспорт,balanced_future_reference,1465
Транспорт,balanced_future_reference,1467
Транспорт,balanced_future_reference,1468
Транспорт,balanced_future_reference,1472
Транспорт,balanced_future_reference,1473
Транспорт,balanced_future_reference,1474
Транспорт,balanced_future_reference,1475
Транспорт,balanced_future_reference,1477
Транспорт,balanced_future_reference,1478
Транспорт,balanced_future_reference,1480
Транспорт,balanced_future_reference,1481
Транспорт,balanced_future_reference,1483
Транспорт,balanced_future_reference,1484
Транспорт,balanced_future_reference,1486
Транспорт,balanced_future_reference,1488
Транспорт,balanced_future_reference,1489
Транспорт,balanced_future_reference,1490
Транспорт,balanced_future_reference,1491
Транспорт,balanced_future_reference,1492
Транспорт,balanced_future_reference,1493
Транспорт,balanced_future_reference,1494
Транспорт,balanced_future_reference,1495
Транспорт,balanced_future_reference,1496
Транспорт,balanced_future_reference,1500
Транспорт,balanced_future_reference,1501
Транспорт,balanced_future_reference,1504
Транспорт,balanced_future_reference,1506
Транспорт,balanced_future_reference,1507
Транспорт,balanced_future_reference,1508
Транспорт,balanced_future_reference,1509
Транспорт,balanced_future_reference,1510
Транспорт,balanced_future_reference,1511
Транспорт,balanced_future_reference,1512
Транспорт,balanced_future_reference,1518
Транспорт,balanced_future_reference,1519
Транспорт,balanced_future_reference,1520
Транспорт,balanced_future_reference,1521
Транспорт,balanced_future_reference,1522
Транспорт,balanced_future_reference,1523
Транспорт,balanced_future_reference,1525
Транспорт,balanced_future_reference,1526
Транспорт,balanced_future_reference,1527
Транспорт,balanced_future_reference,1528
Транспорт,balanced_future_reference,1529
Транспорт,balanced_future_reference,1530
Транспорт,balanced_future_reference,1532
Транспорт,balanced_future_reference,1533
Транспорт,balanced_future_reference,1534
Транспорт,balanced_future_reference,1535
Транспорт,balanced_future_reference,1536
Транспорт,balanced_future_reference,1537
Транспорт,balanced_future_reference,1539
Транспорт,balanced_future_reference,1540
Транспорт,balanced_future_reference,1541
Транспорт,balanced_future_reference,1542
Транспорт,balanced_future_reference,1543
Транспорт,balanced_future_reference,1544
Транспорт,balanced_future_reference,1545
Транспорт,balanced_future_reference,1546
Транспорт,balanced_future_reference,1547
Транспорт,balanced_future_reference,1548
Транспорт,balanced_future_reference,1549
Транспорт,balanced_future_reference,1550
Транспорт,balanced_future_reference,1551
Транспорт,balanced_future_reference,1552
Транспорт,balanced_future_reference,1553
Транспорт,balanced_future_reference,1554
Транспорт,balanced_future_reference,1555
Транспорт,balanced_future_reference,1556
Транспорт,balanced_future_reference,1557
Транспорт,balanced_future_reference,1558
Транспорт,balanced_future_reference,1559
Транспорт,balanced_future_reference,1560
Транспорт,balanced_future_reference,1561
Транспорт,balanced_future_reference,1562
Транспорт,balanced_future_reference,1563
Транспорт,balanced_future_reference,1564
Транспорт,balanced_future_reference,1565
Транспорт,balanced_future_reference,1566
Транспорт,balanced_future_reference,1567
Транспорт,balanced_future_reference,1568
Транспорт,balanced_future_reference,1569
Транспорт,balanced_future_reference,1570
Транспорт,balanced_future_reference,1571
Транспорт,balanced_future_reference,1572
Транспорт,balanced_future_reference,1573
Транспорт,balanced_future_reference,1574
Транспорт,balanced_future_reference,1575
Транспорт,balanced_future_reference,1577
Транспорт,balanced_future_reference,1578
Транспорт,balanced_future_reference,1579
Транспорт,balanced_future_reference,1580
Транспорт,balanced_future_reference,1581
Транспорт,balanced_future_reference,1582
Транспорт,balanced_future_reference,1583
Транспорт,balanced_future_reference,1584
Транспорт,balanced_future_reference,1585
Транспорт,balanced_future_reference,1586
Транспорт,balanced_future_reference,1587
Транспорт,balanced_future_reference,1588
Транспорт,balanced_future_reference,1589
Транспорт,balanced_future_reference,1590
Транспорт,balanced_future_reference,1591
Транспорт,balanced_future_reference,1592
Транспорт,balanced_future_reference,1593
Транспорт,balanced_future_reference,1594
Транспорт,balanced_future_reference,1595
Транспорт,balanced_future_reference,1596
Транспорт,balanced_future_reference,1597
Транспорт,balanced_future_reference,1598
Транспорт,balanced_future_reference,1599
Транспорт,balanced_future_reference,1600
Транспорт,balanced_future_reference,1601
Транспорт,balanced_future_reference,1602
Транспорт,balanced_future_reference,1603
Транспорт,balanced_future_reference,1604
Транспорт,balanced_future_reference,1605
Транспорт,balanced_future_reference,1606
Транспорт,balanced_future_reference,1607
Транспорт,balanced_future_reference,1608
Транспорт,balanced_future_reference,1609
Транспорт,balanced_future_reference,1610
Транспорт,balanced_future_reference,1611
Транспорт,balanced_future_reference,1612
Транспорт,balanced_future_reference,1613
Транспорт,balanced_future_reference,1614
Транспорт,balanced_future_reference,1615
Транспорт,balanced_future_reference,1616
Транспорт,balanced_future_reference,1617
Транспорт,balanced_future_reference,1618
Транспорт,balanced_future_reference,1619
Транспорт,balanced_future_reference,1620
Транспорт,balanced_future_reference,1621
Транспорт,balanced_future_reference,1622
Транспорт,balanced_future_reference,1623
Транспорт,balanced_future_reference,1624
Транспорт,balanced_future_reference,1625
Транспорт,balanced_future_reference,1626
Транспорт,balanced_future_reference,1627
Транспорт,balanced_future_reference,1628
Транспорт,balanced_future_reference,1629
Транспорт,balanced_future_reference,1630
Транспорт,balanced_future_reference,1631
Транспорт,balanced_future_reference,1632
Транспорт,balanced_future_reference,1633
Транспорт,balanced_future_reference,1634
Транспорт,balanced_future_reference,1635
Транспорт,balanced_future_reference,1636
Транспорт,balanced_future_reference,1637
Транспорт,balanced_future_reference,1638
Транспорт,balanced_future_reference,1639
Транспорт,balanced_future_reference,1640
Транспорт,balanced_future_reference,1641
Транспорт,balanced_future_reference,1642
Транспорт,balanced_future_reference,1643
Транспорт,balanced_future_reference,1644
Транспорт,balanced_future_reference,1645
Транспорт,balanced_future_reference,1646
Транспорт,balanced_future_reference,1647
Транспорт,balanced_future_reference,1648
Транспорт,balanced_future_reference,1649
Транспорт,balanced_future_reference,1650
Транспорт,balanced_future_reference,1651
Транспорт,balanced_future_reference,1652
Транспорт,balanced_future_reference,1653
Транспорт,balanced_future_reference,1654
Транспорт,balanced_future_reference,1655
Транспорт,balanced_future_reference,1656
Транспорт,balanced_future_reference,1657
Транспорт,balanced_future_reference,1658
Транспорт,balanced_future_reference,1659
Транспорт,balanced_future_reference,1660
Транспорт,balanced_future_reference,1661
Транспорт,balanced_future_reference,1662
Транспорт,balanced_future_reference,1663
Транспорт,balanced_future_reference,1664
Транспорт,balanced_future_reference,1665
Транспорт,balanced_future_reference,1666
Транспорт,balanced_future_reference,1667
Транспорт,balanced_future_reference,1668
Транспорт,balanced_future_reference,1669
Транспорт,balanced_future_reference,1670
Транспорт,balanced_future_reference,1671
Транспорт,balanced_future_reference,1672
Транспорт,balanced_future_reference,1673
Транспорт,balanced_future_reference,1674
Транспорт,balanced_future_reference,1675
Транспорт,balanced_future_reference,1676
Транспорт,balanced_future_reference,1678
Транспорт,balanced_future_reference,1679
Транспорт,balanced_future_reference,1680
Транспорт,balanced_future_reference,1681
Транспорт,balanced_future_reference,1682
Транспорт,balanced_future_reference,1683
Транспорт,balanced_future_reference,1685
Транспорт,balanced_future_reference,1686
Транспорт,balanced_future_reference,1687
Транспорт,balanced_future_reference,1688
Транспорт,balanced_future_reference,1689
Транспорт,balanced_future_reference,1690
Транспорт,balanced_future_reference,1691
Транспорт,balanced_future_reference,1692
Транспорт,balanced_future_reference,1693
Транспорт,balanced_future_reference,1694
Транспорт,balanced_future_reference,1696
Транспорт,balanced_future_reference,1697
Транспорт,balanced_future_reference,1698
Транспорт,balanced_future_reference,1699
Транспорт,balanced_future_reference,1700
Транспорт,balanced_future_reference,1701
Транспорт,balanced_future_reference,1702
Транспорт,balanced_future_reference,1703
Транспорт,balanced_future_reference,1704
Транспорт,balanced_future_reference,1705
Транспорт,balanced_future_reference,1706
Транспорт,balanced_future_reference,1707
Транспорт,balanced_future_reference,1708
Транспорт,balanced_future_reference,1709
Транспорт,balanced_future_reference,1710
Транспорт,balanced_future_reference,1711
Транспорт,balanced_future_reference,1712
Транспорт,balanced_future_reference,1714
Транспорт,balanced_future_reference,1715
Транспорт,balanced_future_reference,1717
Транспорт,balanced_future_reference,1718
Транспорт,balanced_future_reference,1719
Транспорт,balanced_future_reference,1722
Транспорт,balanced_future_reference,1724
Транспорт,balanced_future_reference,1725
Транспорт,balanced_future_reference,1726
Транспорт,balanced_future_reference,1727
Транспорт,balanced_future_reference,1728
Транспорт,balanced_future_reference,1730
Транспорт,balanced_future_reference,1731
Транспорт,balanced_future_reference,1732
Транспорт,balanced_future_reference,1733
Транспорт,balanced_future_reference,1737
Транспорт,balanced_future_reference,1738
Транспорт,balanced_future_reference,1739
Транспорт,balanced_future_reference,1740
Транспорт,balanced_future_reference,1741
Транспорт,balanced_future_reference,1742
Транспорт,balanced_future_reference,1743
Транспорт,balanced_future_reference,1744
Транспорт,balanced_future_reference,1745
Транспорт,balanced_future_reference,1746
Транспорт,balanced_future_reference,1747
Транспорт,balanced_future_reference,1749
Транспорт,balanced_future_reference,1750
Транспорт,balanced_future_reference,1751
Транспорт,balanced_future_reference,1752
Транспорт,balanced_future_reference,1753
Транспорт,balanced_future_reference,1754
Транспорт,balanced_future_reference,1755
Транспорт,balanced_future_reference,1756
Транспорт,balanced_future_reference,1757
Транспорт,balanced_future_reference,1758
Транспорт,balanced_future_reference,1759
Транспорт,balanced_future_reference,1760
Транспорт,balanced_future_reference,1761
Транспорт,balanced_future_reference,1762
Транспорт,balanced_future_reference,1764
Транспорт,balanced_future_reference,1765
Транспорт,balanced_future_reference,1766
Транспорт,balanced_future_reference,1768
Транспорт,balanced_future_reference,1769
Транспорт,balanced_future_reference,1770
Транспорт,balanced_future_reference,1771
Транспорт,balanced_future_reference,1773
Транспорт,balanced_future_reference,1774
Транспорт,balanced_future_reference,1775
Транспорт,balanced_future_reference,1776
Транспорт,balanced_future_reference,1777
Транспорт,balanced_future_reference,1778
Транспорт,balanced_future_reference,1780
Транспорт,balanced_future_reference,1781
Транспорт,balanced_future_reference,1782
Транспорт,balanced_future_reference,1783
Транспорт,balanced_future_reference,1784
Транспорт,balanced_future_reference,1785
Транспорт,balanced_future_reference,1786
Транспорт,balanced_future_reference,1787
Транспорт,balanced_future_reference,1788
Транспорт,balanced_future_reference,1845
Транспорт,balanced_future_reference,1846
Транспорт,balanced_future_reference,1848
Транспорт,balanced_future_reference,1849
Транспорт,balanced_future_reference,1850
Транспорт,balanced_future_reference,1851
Транспорт,balanced_future_reference,1852
Транспорт,balanced_future_reference,1853
Транспорт,balanced_future_reference,1854
Транспорт,balanced_future_reference,1855
Транспорт,balanced_future_reference,1856
Транспорт,balanced_future_reference,1857
Транспорт,balanced_future_reference,1858
Транспорт,balanced_future_reference,1859
Транспорт,balanced_future_reference,1860
Транспорт,balanced_future_reference,1861
Транспорт,balanced_future_reference,1862
Транспорт,balanced_future_reference,1863
Транспорт,balanced_future_reference,1864
Транспорт,balanced_future_reference,1865
Транспорт,balanced_future_reference,1868
Транспорт,balanced_future_reference,1869
Транспорт,balanced_future_reference,1870
Транспорт,balanced_future_reference,1871
Транспорт,balanced_future_reference,1872
Транспорт,balanced_future_reference,1873
Транспорт,balanced_future_reference,1874
Транспорт,balanced_future_reference,1875
Транспорт,balanced_future_reference,1876
Транспорт,balanced_future_reference,1877
Транспорт,balanced_future_reference,1878
Транспорт,balanced_future_reference,1879
Транспорт,balanced_future_reference,1880
Транспорт,balanced_future_reference,1881
Транспорт,balanced_future_reference,1883
Транспорт,balanced_future_reference,1884
Транспорт,balanced_future_reference,1885
Транспорт,balanced_future_reference,1886
Транспорт,balanced_future_reference,1887
Транспорт,balanced_future_reference,1888
Транспорт,balanced_future_reference,1889
Транспорт,balanced_future_reference,1890
Транспорт,balanced_future_reference,1891
Транспорт,balanced_future_reference,1892
Транспорт,balanced_future_reference,1893
Транспорт,balanced_future_reference,1894
Транспорт,balanced_future_reference,1895
Транспорт,balanced_future_reference,1896
Транспорт,balanced_future_reference,1897
Транспорт,balanced_future_reference,1898
Транспорт,balanced_future_reference,1899
Транспорт,balanced_future_reference,1900
Транспорт,balanced_future_reference,1901
Транспорт,balanced_future_reference,1902
Транспорт,balanced_future_reference,1903
Транспорт,balanced_future_reference,1904
Транспорт,balanced_future_reference,1905
Транспорт,balanced_future_reference,1906
Транспорт,balanced_future_reference,1907
Транспорт,balanced_future_reference,1908
Транспорт,balanced_future_reference,1909
Транспорт,balanced_future_reference,1910
Транспорт,balanced_future_reference,1912
Транспорт,balanced_future_reference,1915
Транспорт,balanced_future_reference,1916
Транспорт,balanced_future_reference,1917
Транспорт,balanced_future_reference,1918
Транспорт,balanced_future_reference,1919
Транспорт,balanced_future_reference,1920
Транспорт,balanced_future_reference,1921
Транспорт,balanced_future_reference,1922
Транспорт,balanced_future_reference,1923
Транспорт,balanced_future_reference,1924
Транспорт,balanced_future_reference,1925
Транспорт,balanced_future_reference,1926
Транспорт,balanced_future_reference,1927
Транспорт,balanced_future_reference,1928
Транспорт,balanced_future_reference,1929
Транспорт,balanced_future_reference,1930
Транспорт,balanced_future_reference,1931
Транспорт,balanced_future_reference,1932
Транспорт,balanced_future_reference,1933
Транспорт,balanced_future_reference,1934
Транспорт,balanced_future_reference,1935
Транспорт,balanced_future_reference,1936
Транспорт,balanced_future_reference,1937
Транспорт,balanced_future_reference,1938
Транспорт,balanced_future_reference,1939
Транспорт,balanced_future_reference,1940
Транспорт,balanced_future_reference,1941
Транспорт,balanced_future_reference,1942
Транспорт,balanced_future_reference,1943
Транспорт,balanced_future_reference,1944
Транспорт,balanced_future_reference,1945
Транспорт,balanced_future_reference,1947
Транспорт,balanced_future_reference,1948
Транспорт,balanced_future_reference,1949
Транспорт,balanced_future_reference,1950
Транспорт,balanced_future_reference,1951
Транспорт,balanced_future_reference,1952
Транспорт,balanced_future_reference,1954
Транспорт,balanced_future_reference,1955
Транспорт,balanced_future_reference,1956
Транспорт,balanced_future_reference,1957
Транспорт,balanced_future_reference,1958
Транспорт,balanced_future_reference,1959
Транспорт,balanced_future_reference,1960
Транспорт,balanced_future_reference,1961
Транспорт,balanced_future_reference,1962
Транспорт,balanced_future_reference,1963
Транспорт,balanced_future_reference,1965
Транспорт,balanced_future_reference,1966
Транспорт,balanced_future_reference,1967
Транспорт,balanced_future_reference,1968
Транспорт,balanced_future_reference,1969
Транспорт,balanced_future_reference,1970
Транспорт,balanced_future_reference,1971
Транспорт,balanced_future_reference,1972
Транспорт,balanced_future_reference,1973
Транспорт,balanced_future_reference,1974
Транспорт,balanced_future_reference,1975
Транспорт,balanced_future_reference,1976
Транспорт,balanced_future_reference,1977
Транспорт,balanced_future_reference,1978
Транспорт,balanced_future_reference,1979
Транспорт,balanced_future_reference,1980
Транспорт,balanced_future_reference,1981
Транспорт,balanced_future_reference,1982
Транспорт,balanced_future_reference,1983
Транспорт,balanced_future_reference,1984
Транспорт,balanced_future_reference,1985
Транспорт,balanced_future_reference,1986
Транспорт,balanced_future_reference,1987
Транспорт,balanced_future_reference,1988
Транспорт,balanced_future_reference,1989
Транспорт,balanced_future_reference,1990
Транспорт,balanced_future_reference,1991
Транспорт,balanced_future_reference,1992
Транспорт,balanced_future_reference,1993
Транспорт,balanced_future_reference,1994
Транспорт,balanced_future_reference,1995
Транспорт,balanced_future_reference,1996
Транспорт,balanced_future_reference,1997
Транспорт,balanced_future_reference,1999
Транспорт,balanced_future_reference,2000
Транспорт,balanced_future_reference,2001
Транспорт,balanced_future_reference,2002
Транспорт,balanced_future_reference,2004
Транспорт,balanced_future_reference,2005
Транспорт,balanced_future_reference,2006
Транспорт,balanced_future_reference,2007
Транспорт,balanced_future_reference,2008
Транспорт,balanced_future_reference,2009
Транспорт,balanced_future_reference,2010
Транспорт,balanced_future_reference,2011
Транспорт,balanced_future_reference,2012
Транспорт,balanced_future_reference,2015
Транспорт,balanced_future_reference,2017
Транспорт,balanced_future_reference,2018
Транспорт,balanced_future_reference,2019
Транспорт,balanced_future_reference,2021
Транспорт,balanced_future_reference,2022
Транспорт,balanced_future_reference,2023
Транспорт,balanced_future_reference,2024
Транспорт,balanced_future_reference,2025
Транспорт,balanced_future_reference,2027
Транспорт,balanced_future_reference,2028
Транспорт,balanced_future_reference,2030
Транспорт,balanced_future_reference,2031
Транспорт,balanced_future_reference,2032
Транспорт,balanced_future_reference,2033
Транспорт,balanced_future_reference,2034
Транспорт,balanced_future_reference,2035
Транспорт,balanced_future_reference,2036
Транспорт,balanced_future_reference,2037
Транспорт,balanced_future_reference,2039
Транспорт,balanced_future_reference,2040
Транспорт,balanced_future_reference,2041
Транспорт,balanced_future_reference,2042
Транспорт,balanced_future_reference,2043
Транспорт,balanced_future_reference,2044
Транспорт,balanced_future_reference,2045
Транспорт,balanced_future_reference,2046
Транспорт,balanced_future_reference,2047
Транспорт,balanced_future_reference,2048
Транспорт,balanced_future_reference,2049
Транспорт,balanced_future_reference,2050
Транспорт,balanced_future_reference,2051
Транспорт,balanced_future_reference,2052
Транспорт,balanced_future_reference,2053
Транспорт,balanced_future_reference,2054
Транспорт,balanced_future_reference,2055
Транспорт,balanced_future_reference,2056
Транспорт,balanced_future_reference,2057
Транспорт,balanced_future_reference,2058
Транспорт,balanced_future_reference,2059
Транспорт,balanced_future_reference,2060
Транспорт,balanced_future_reference,2061
Транспорт,balanced_future_reference,2062
Транспорт,balanced_future_reference,2063
Транспорт,balanced_future_reference,2064
Транспорт,balanced_future_reference,2065
Транспорт,balanced_future_reference,2066
Транспорт,balanced_future_reference,2067
Транспорт,balanced_future_reference,2068
Транспорт,balanced_future_reference,2069
Транспорт,balanced_future_reference,2070
Транспорт,balanced_future_reference,2072
Транспорт,balanced_future_reference,2073
Транспорт,balanced_future_reference,2074
Транспорт,balanced_future_reference,2075
Транспорт,balanced_future_reference,2076
Транспорт,balanced_future_reference,2077
Транспорт,balanced_future_reference,2078
Транспорт,balanced_future_reference,2079
Транспорт,balanced_future_reference,2080
Транспорт,balanced_future_reference,2081
Транспорт,balanced_future_reference,2082
Транспорт,balanced_future_reference,2085
Транспорт,balanced_future_reference,2087
Транспорт,balanced_future_reference,2088
Транспорт,balanced_future_reference,2089
Транспорт,balanced_future_reference,2090
Транспорт,balanced_future_reference,2091
Транспорт,balanced_future_reference,2093
Транспорт,balanced_future_reference,2094
Транспорт,balanced_future_reference,2095
Транспорт,balanced_future_reference,2096
Транспорт,balanced_future_reference,2098
Транспорт,balanced_future_reference,2100
Транспорт,balanced_future_reference,2101
Транспорт,balanced_future_reference,2105
Транспорт,balanced_future_reference,2108
Транспорт,balanced_future_reference,2109
Транспорт,balanced_future_reference,2110
Транспорт,balanced_future_reference,2111
Транспорт,balanced_future_reference,2112
Транспорт,balanced_future_reference,2113
Транспорт,balanced_future_reference,2114
Транспорт,balanced_future_reference,2116
Транспорт,balanced_future_reference,2117
Транспорт,balanced_future_reference,2118
Транспорт,balanced_future_reference,2119
Транспорт,balanced_future_reference,2120
Транспорт,balanced_future_reference,2121
Транспорт,balanced_future_reference,2122
Транспорт,balanced_future_reference,2124
Транспорт,balanced_future_reference,2125
Транспорт,balanced_future_reference,2126
Транспорт,balanced_future_reference,2127
Транспорт,balanced_future_reference,2128
Транспорт,balanced_future_reference,2129
Транспорт,balanced_future_reference,2130
Транспорт,balanced_future_reference,2131
Транспорт,balanced_future_reference,2132
Транспорт,balanced_future_reference,2133
Транспорт,balanced_future_reference,2134
Транспорт,balanced_future_reference,2136
Транспорт,balanced_future_reference,2137
Транспорт,balanced_future_reference,2138
Транспорт,balanced_future_reference,2139
Транспорт,balanced_future_reference,2140
Транспорт,balanced_future_reference,2142
Транспорт,balanced_future_reference,2143
Транспорт,balanced_future_reference,2144
Транспорт,balanced_future_reference,2145
Транспорт,balanced_future_reference,2146
Транспорт,balanced_future_reference,2148
Транспорт,balanced_future_reference,2149
Транспорт,balanced_future_reference,2150
Транспорт,balanced_future_reference,2151
Транспорт,balanced_future_reference,2152
Транспорт,balanced_future_reference,2153
Транспорт,balanced_future_reference,2154
Транспорт,balanced_future_reference,2155
Транспорт,balanced_future_reference,2156
Транспорт,balanced_future_reference,2157
Транспорт,balanced_future_reference,2158
Транспорт,balanced_future_reference,2159
Транспорт,balanced_future_reference,2160
Транспорт,balanced_future_reference,2161
Транспорт,balanced_future_reference,2162
Транспорт,balanced_future_reference,2163
Транспорт,balanced_future_reference,2164
Транспорт,balanced_future_reference,2165
Транспорт,balanced_future_reference,2167
Транспорт,balanced_future_reference,2168
Транспорт,balanced_future_reference,2169
Транспорт,balanced_future_reference,2171
Транспорт,balanced_future_reference,2172
Транспорт,balanced_future_reference,2173
Транспорт,balanced_future_reference,2174
Транспорт,balanced_future_reference,2175
Транспорт,balanced_future_reference,2176
Транспорт,balanced_future_reference,2177
Транспорт,balanced_future_reference,2178
Транспорт,balanced_future_reference,2179
Транспорт,balanced_future_reference,2180
Транспорт,balanced_future_reference,2181
Транспорт,balanced_future_reference,2182
Транспорт,balanced_future_reference,2183
Транспорт,balanced_future_reference,2184
Транспорт,balanced_future_reference,2185
Транспорт,balanced_future_reference,2186
Транспорт,balanced_future_reference,2187
Транспорт,balanced_future_reference,2188
Транспорт,balanced_future_reference,2189
Транспорт,balanced_future_reference,2190
Транспорт,balanced_future_reference,2191
Транспорт,balanced_future_reference,2192
Транспорт,balanced_future_reference,2193
Транспорт,balanced_future_reference,2194
Транспорт,balanced_future_reference,2195
Транспорт,balanced_future_reference,2196
Транспорт,balanced_future_reference,2197
Транспорт,balanced_future_reference,2198
Транспорт,balanced_future_reference,2199
Транспорт,balanced_future_reference,2200
Транспорт,balanced_future_reference,2201
Транспорт,balanced_future_reference,2202
Транспорт,balanced_future_reference,2203
Транспорт,balanced_future_reference,2204
Транспорт,balanced_future_reference,2205
Транспорт,balanced_future_reference,2206
Транспорт,balanced_future_reference,2207
Транспорт,balanced_future_reference,2208
Транспорт,balanced_future_reference,2210
Транспорт,balanced_future_reference,2211
Транспорт,balanced_future_reference,2212
Транспорт,balanced_future_reference,2213
Транспорт,balanced_future_reference,2215
Транспорт,balanced_future_reference,2216
Транспорт,balanced_future_reference,2217
Транспорт,balanced_future_reference,2218
Транспорт,balanced_future_reference,2219
Транспорт,balanced_future_reference,2220
Транспорт,balanced_future_reference,2221
Транспорт,balanced_future_reference,2222
Транспорт,balanced_future_reference,2223
Транспорт,balanced_future_reference,2224
Транспорт,balanced_future_reference,2225
Транспорт,balanced_future_reference,2226
Транспорт,balanced_future_reference,2227
Транспорт,balanced_future_reference,2228
Транспорт,balanced_future_reference,2229
Транспорт,balanced_future_reference,2230
Транспорт,balanced_future_reference,2231
Транспорт,balanced_future_reference,2232
Транспорт,balanced_future_reference,2233
Транспорт,balanced_future_reference,2234
Транспорт,balanced_future_reference,2235
Транспорт,balanced_future_reference,2236
Транспорт,balanced_future_reference,2237
Транспорт,balanced_future_reference,2238
Транспорт,balanced_future_reference,2241
Транспорт,balanced_future_reference,2242
Транспорт,balanced_future_reference,2243
Транспорт,balanced_future_reference,2244
Транспорт,balanced_future_reference,2245
Транспорт,balanced_future_reference,2248
Транспорт,balanced_future_reference,2249
Транспорт,balanced_future_reference,2250
Транспорт,balanced_future_reference,2251
Транспорт,balanced_future_reference,2252
Транспорт,balanced_future_reference,2253
Транспорт,balanced_future_reference,2254
Транспорт,balanced_future_reference,2255
Транспорт,balanced_future_reference,2256
Транспорт,balanced_future_reference,2257
Транспорт,balanced_future_reference,2258
Транспорт,balanced_future_reference,2259
Транспорт,balanced_future_reference,2260
Транспорт,balanced_future_reference,2262
Транспорт,balanced_future_reference,2264
Транспорт,balanced_future_reference,2265
Транспорт,balanced_future_reference,2266
Транспорт,balanced_future_reference,2267
Транспорт,balanced_future_reference,2268
Транспорт,balanced_future_reference,2269
Транспорт,balanced_future_reference,2270
Транспорт,balanced_future_reference,2271
Транспорт,balanced_future_reference,2272
Транспорт,balanced_future_reference,2274
Транспорт,balanced_future_reference,2275
Транспорт,balanced_future_reference,2276
Транспорт,balanced_future_reference,2278
Транспорт,balanced_future_reference,2279
Транспорт,balanced_future_reference,2280
Транспорт,balanced_future_reference,2281
Транспорт,balanced_future_reference,2282
Транспорт,balanced_future_reference,2286
Транспорт,balanced_future_reference,2287
Транспорт,balanced_future_reference,2288
Транспорт,balanced_future_reference,2289
Транспорт,balanced_future_reference,2292
Транспорт,balanced_future_reference,2293
Транспорт,balanced_future_reference,2294
Транспорт,balanced_future_reference,2295
Транспорт,balanced_future_reference,2296
Транспорт,balanced_future_reference,2297
Транспорт,balanced_future_reference,2298
Транспорт,balanced_future_reference,2299
Транспорт,balanced_future_reference,2300
Транспорт,balanced_future_reference,2301
Транспорт,balanced_future_reference,2302
Транспорт,balanced_future_reference,2303
Транспорт,balanced_future_reference,2304
Транспорт,balanced_future_reference,2305
Транспорт,balanced_future_reference,2307
Транспорт,balanced_future_reference,2308
Транспорт,balanced_future_reference,2309
Транспорт,balanced_future_reference,2310
Транспорт,balanced_future_reference,2311
Транспорт,balanced_future_reference,2312
Транспорт,balanced_future_reference,2314
Транспорт,balanced_future_reference,2315
Транспорт,balanced_future_reference,2316
Транспорт,balanced_future_reference,2317
Транспорт,balanced_future_reference,2318
Транспорт,balanced_future_reference,2320
Транспорт,balanced_future_reference,2321
Транспорт,balanced_future_reference,2322
Транспорт,balanced_future_reference,2323
Транспорт,balanced_future_reference,2324
Транспорт,balanced_future_reference,2325
Транспорт,balanced_future_reference,2326
Транспорт,balanced_future_reference,2327
Транспорт,balanced_future_reference,2328
Транспорт,balanced_future_reference,2329
Транспорт,balanced_future_reference,2330
Транспорт,balanced_future_reference,2332
Транспорт,balanced_future_reference,2333
Транспорт,balanced_future_reference,2334
Транспорт,balanced_future_reference,2335
Транспорт,balanced_future_reference,2336
Транспорт,balanced_future_reference,2337
Транспорт,balanced_future_reference,2338
Транспорт,balanced_future_reference,2339
Транспорт,balanced_future_reference,2340
Транспорт,balanced_future_reference,2341
Транспорт,balanced_future_reference,2342
Транспорт,balanced_future_reference,2343
Транспорт,balanced_future_reference,2344
Транспорт,balanced_future_reference,2345
Транспорт,balanced_future_reference,2348
Транспорт,balanced_future_reference,2349
Транспорт,balanced_future_reference,2351
Транспорт,balanced_future_reference,2352
Транспорт,balanced_future_reference,2353
Транспорт,balanced_future_reference,2354
Транспорт,balanced_future_reference,2355
Транспорт,balanced_future_reference,2356
Транспорт,balanced_future_reference,2357
Транспорт,balanced_future_reference,2358
Транспорт,balanced_future_reference,2359
Транспорт,balanced_future_reference,2360
Транспорт,balanced_future_reference,2361
Транспорт,balanced_future_reference,2362
Транспорт,balanced_future_reference,2363
Транспорт,balanced_future_reference,2364
Транспорт,balanced_future_reference,2365
Транспорт,balanced_future_reference,2366
Транспорт,balanced_future_reference,2367
Транспорт,balanced_future_reference,2368
Транспорт,balanced_future_reference,2369
Транспорт,balanced_future_reference,2370
Транспорт,balanced_future_reference,2371
Транспорт,balanced_future_reference,2372
Транспорт,balanced_future_reference,2373
Транспорт,balanced_future_reference,2374
Транспорт,balanced_future_reference,2375
Транспорт,balanced_future_reference,2376
Транспорт,balanced_future_reference,2377
Транспорт,balanced_future_reference,2378
Транспорт,balanced_future_reference,2379
Транспорт,balanced_future_reference,2380
Транспорт,balanced_future_reference,2381
Транспорт,balanced_future_reference,2382
Транспорт,balanced_future_reference,2383
Транспорт,balanced_future_reference,2384
Транспорт,balanced_future_reference,2385
Транспорт,balanced_future_reference,2386
Транспорт,balanced_future_reference,2387
Транспорт,balanced_future_reference,2388
Транспорт,balanced_future_reference,2389
Транспорт,balanced_future_reference,2390
Транспорт,balanced_future_reference,2391
Транспорт,balanced_future_reference,2392
Транспорт,balanced_future_reference,2393
Транспорт,balanced_future_reference,2395
Транспорт,balanced_future_reference,2398
Транспорт,balanced_future_reference,2399
Транспорт,balanced_future_reference,2400
Транспорт,balanced_future_reference,2401
Транспорт,balanced_future_reference,2402
Транспорт,balanced_future_reference,2403
Транспорт,balanced_future_reference,2404
Транспорт,balanced_future_reference,2405
Транспорт,balanced_future_reference,2406
Транспорт,balanced_future_reference,2407
Транспорт,balanced_future_reference,2408
Транспорт,balanced_future_reference,2409
Транспорт,balanced_future_reference,2410
Транспорт,balanced_future_reference,2411
Транспорт,balanced_future_reference,2412
Транспорт,balanced_future_reference,2416
Транспорт,balanced_future_reference,2422
Транспорт,balanced_future_reference,2423
Транспорт,balanced_future_reference,2424
Транспорт,balanced_future_reference,2425
Транспорт,balanced_future_reference,2426
Транспорт,balanced_future_reference,2427
Транспорт,balanced_future_reference,2428
Транспорт,balanced_future_reference,2429
Транспорт,balanced_future_reference,2430
Транспорт,balanced_future_reference,2431
Транспорт,balanced_future_reference,2432
Транспорт,balanced_future_reference,2433
Транспорт,balanced_future_reference,2434
Транспорт,balanced_future_reference,2435
Транспорт,balanced_future_reference,2436
Транспорт,balanced_future_reference,2437
Транспорт,balanced_future_reference,2439
Транспорт,balanced_future_reference,2440
Транспорт,balanced_future_reference,2441
Транспорт,balanced_future_reference,2442
Транспорт,balanced_future_reference,2443
Транспорт,balanced_future_reference,2444
Транспорт,balanced_future_reference,2445
Транспорт,balanced_future_reference,2446
Транспорт,balanced_future_reference,2447
Транспорт,balanced_future_reference,2449
Транспорт,balanced_future_reference,2450
Транспорт,balanced_future_reference,2451
Транспорт,balanced_future_reference,2452
Транспорт,balanced_future_reference,2453
Транспорт,balanced_future_reference,2454
Транспорт,balanced_future_reference,2455
Транспорт,balanced_future_reference,2456
Транспорт,balanced_future_reference,2457
Транспорт,balanced_future_reference,2458
Транспорт,balanced_future_reference,2459
Транспорт,balanced_future_reference,2460
Транспорт,balanced_future_reference,2461
Транспорт,balanced_future_reference,2462
Транспорт,balanced_future_reference,2463
Транспорт,balanced_future_reference,2464
Транспорт,balanced_future_reference,2465
Транспорт,balanced_future_reference,2466
Транспорт,balanced_future_reference,2467
Транспорт,balanced_future_reference,2468
Транспорт,balanced_future_reference,2469
Транспорт,balanced_future_reference,2470
Транспорт,balanced_future_reference,2471
Транспорт,balanced_future_reference,2472
Транспорт,balanced_future_reference,2473
Транспорт,balanced_future_reference,2474
Транспорт,balanced_future_reference,2475
Транспорт,balanced_future_reference,2476
Транспорт,balanced_future_reference,2477
Транспорт,balanced_future_reference,2478
Транспорт,balanced_future_reference,2479
Транспорт,balanced_future_reference,2480
Транспорт,balanced_future_reference,2481
Транспорт,balanced_future_reference,2482
Транспорт,balanced_future_reference,2483
Транспорт,balanced_future_reference,2484
Транспорт,balanced_future_reference,2485
Транспорт,balanced_future_reference,2486
Транспорт,balanced_future_reference,2487
Транспорт,balanced_future_reference,2488
Транспорт,balanced_future_reference,2489
Транспорт,balanced_future_reference,2490
Транспорт,balanced_future_reference,2491
Транспорт,balanced_future_reference,2492
Транспорт,balanced_future_reference,2493
Транспорт,balanced_future_reference,2494
Транспорт,balanced_future_reference,2495
Транспорт,balanced_future_reference,2496
Транспорт,balanced_future_reference,2497
Транспорт,balanced_future_reference,2498
Транспорт,balanced_future_reference,2499
Транспорт,balanced_future_reference,2500
Транспорт,balanced_future_reference,2501
Транспорт,balanced_future_reference,2502
Транспорт,balanced_future_reference,2503
Транспорт,balanced_future_reference,2504
Транспорт,balanced_future_reference,2505
Транспорт,balanced_future_reference,2506
Транспорт,balanced_future_reference,2507
Транспорт,balanced_future_reference,2508
Транспорт,balanced_future_reference,2509
Транспорт,balanced_future_reference,2510
Транспорт,balanced_future_reference,2511
Транспорт,balanced_future_reference,2512
Транспорт,balanced_future_reference,2513
Транспорт,balanced_future_reference,2514
Транспорт,balanced_future_reference,2515
Транспорт,balanced_future_reference,2516
Транспорт,balanced_future_reference,2517
Транспорт,balanced_future_reference,2518
Транспорт,balanced_future_reference,2519
Транспорт,balanced_future_reference,2520
Транспорт,balanced_future_reference,2521
Транспорт,balanced_future_reference,2522
Транспорт,balanced_future_reference,2523
Транспорт,balanced_future_reference,2524
Транспорт,balanced_future_reference,2525
Транспорт,balanced_future_reference,2526
Транспорт,balanced_future_reference,2527
Транспорт,balanced_future_reference,2528
Транспорт,balanced_future_reference,2529
Транспорт,balanced_future_reference,2530
Транспорт,balanced_future_reference,2531
Транспорт,balanced_future_reference,2532
Транспорт,balanced_future_reference,2533
Транспорт,balanced_future_reference,2534
Транспорт,balanced_future_reference,2535
Транспорт,balanced_future_reference,2536
Транспорт,balanced_future_reference,2537
Транспорт,balanced_future_reference,2538
Транспорт,balanced_future_reference,2539
Транспорт,balanced_future_reference,2540
Транспорт,balanced_future_reference,2541
Транспорт,balanced_future_reference,2542
Транспорт,balanced_future_reference,2543
Транспорт,balanced_future_reference,2544
Транспорт,balanced_future_reference,2545
Транспорт,balanced_future_reference,2546
Транспорт,balanced_future_reference,2547
Транспорт,balanced_future_reference,2548
Транспорт,balanced_future_reference,2549
Транспорт,balanced_future_reference,2550
Транспорт,balanced_future_reference,2551
Транспорт,balanced_future_reference,2552
Транспорт,balanced_future_reference,2553
Транспорт,balanced_future_reference,2554
Транспорт,balanced_future_reference,2555
Транспорт,balanced_future_reference,2556
Транспорт,balanced_future_reference,2557
Транспорт,balanced_future_reference,2558
Транспорт,balanced_future_reference,2559
Транспорт,balanced_future_reference,2560
Транспорт,balanced_future_reference,2561
Транспорт,balanced_future_reference,2562
Транспорт,balanced_future_reference,2563
Транспорт,balanced_future_reference,2564
Транспорт,balanced_future_reference,2565
Транспорт,balanced_future_reference,2566
Транспорт,balanced_future_reference,2567
Транспорт,balanced_future_reference,2568
Транспорт,balanced_future_reference,2569
Транспорт,balanced_future_reference,2570
Транспорт,balanced_future_reference,2571
Транспорт,balanced_future_reference,2572
Транспорт,balanced_future_reference,2573
Транспорт,balanced_future_reference,2574
Транспорт,balanced_future_reference,2575
Транспорт,balanced_future_reference,2576
Транспорт,balanced_future_reference,2577
Транспорт,balanced_future_reference,2578
Транспорт,balanced_future_reference,2579
Транспорт,balanced_future_reference,2580
Транспорт,balanced_future_reference,2581
Транспорт,balanced_future_reference,2582
Транспорт,balanced_future_reference,2583
Транспорт,balanced_future_reference,2584
Транспорт,balanced_future_reference,2585
Транспорт,balanced_future_reference,2586
Транспорт,balanced_future_reference,2587
Транспорт,balanced_future_reference,2588
Транспорт,balanced_future_reference,2589
Транспорт,balanced_future_reference,2590
Транспорт,balanced_future_reference,2591
Транспорт,balanced_future_reference,2592
Транспорт,balanced_future_reference,2593
Транспорт,balanced_future_reference,2595
Транспорт,balanced_future_reference,2596
Транспорт,balanced_future_reference,2597
Транспорт,balanced_future_reference,2598
Транспорт,balanced_future_reference,2599
Транспорт,balanced_future_reference,2600
Транспорт,balanced_future_reference,2601
Транспорт,balanced_future_reference,2602
Транспорт,balanced_future_reference,2604
Транспорт,balanced_future_reference,2605
Транспорт,balanced_future_reference,2606
Транспорт,balanced_future_reference,2607
Транспорт,balanced_future_reference,2618
Транспорт,balanced_future_reference,2619
Транспорт,balanced_future_reference,2620
Транспорт,balanced_future_reference,2621
Транспорт,balanced_future_reference,2644
Транспорт,balanced_future_reference,2646
Транспорт,balanced_future_reference,2647
Транспорт,balanced_future_reference,2648
Транспорт,balanced_future_reference,2649
Транспорт,balanced_future_reference,2651
Транспорт,balanced_future_reference,2652
Транспорт,balanced_future_reference,2710
Транспорт,balanced_future_reference,2808
Транспорт,balanced_future_reference,2809
Транспорт,balanced_future_reference,2813
Транспорт,balanced_future_reference,2814
Транспорт,balanced_future_reference,2872
Транспорт,balanced_future_reference,2876
Транспорт,balanced_future_reference,2879
Транспорт,balanced_future_reference,2880
Транспорт,balanced_future_reference,2881
Транспорт,balanced_future_reference,2882
Транспорт,balanced_future_reference,2883
Транспорт,balanced_future_reference,2884
Транспорт,balanced_future_reference,2885
Транспорт,balanced_future_reference,2886
Транспорт,balanced_future_reference,2887
Транспорт,balanced_future_reference,3005
Транспорт,balanced_future_reference,3007
Транспорт,balanced_future_reference,3009
Транспорт,balanced_future_reference,3011
Транспорт,balanced_future_reference,3012
Транспорт,balanced_future_reference,3013
