category,cohort,scaling,shift_pct,shape,method,scope,treated_n,control_n,observed_onset_n,new_by_onset,observed_second_n,new_by_second,observed_third_n,new_by_third,new_any_observed,median_delay_if_new,unobserved_treated_months,new_control_per100_observed_months,original_control_per100_observed_months
Все категории,asof_june,raw,-20,pulse,cusum,all_eligible,501.0,1523.0,500.7,0.3182665294690975,499.6,0.34717157145613947,499.6,0.38060809990665634,0.4198983099397986,0.0,2.8,0.6215503467473897,11.312090424199045
Все категории,asof_june,raw,-20,pulse,cusum,common_balanced_ids,499.3,1516.7,499.3,0.3179670471594873,499.3,0.34739499974443044,499.3,0.38084884731713464,0.42015340082237174,0.0,0.0,0.6233735290675242,11.30785965523975
Все категории,asof_june,raw,-20,pulse,ewma,all_eligible,501.0,1523.0,500.7,0.5797835686601585,499.6,0.5810609464756813,499.6,0.5814607962823473,0.5838146607348536,0.0,2.8,0.15793529432914669,4.859232521551355
Все категории,asof_june,raw,-20,pulse,ewma,common_balanced_ids,499.3,1516.7,499.3,0.5797850259907029,499.3,0.5809987292267202,499.3,0.5813989998096343,0.5841998765089287,0.0,0.0,0.15840803774868104,4.84384185414649
Все категории,asof_june,raw,-20,pulse,rolling_3m,all_eligible,501.0,1523.0,500.7,0.020971527751447935,499.6,0.04323121977149165,499.6,0.07385695471881866,0.07445984570813885,1.15,2.8,0.025206546363354093,1.8149525428361386
Все категории,asof_june,raw,-20,pulse,rolling_3m,common_balanced_ids,499.3,1516.7,499.3,0.020221677404112216,499.3,0.043262593395479214,499.3,0.07390579685664461,0.07390579685664461,1.2,0.0,0.025281905570754243,1.7620441272776421
Все категории,asof_june,raw,-20,pulse,spike,all_eligible,501.0,1523.0,500.7,0.8679874027072557,499.6,0.8676866433954075,499.6,0.8676866433954075,0.8674474798160249,0.0,2.8,0.04277914031800446,1.254480373654774
Все категории,asof_june,raw,-20,pulse,spike,common_balanced_ids,499.3,1516.7,499.3,0.8678093047367582,499.3,0.8678093047367582,499.3,0.8678093047367582,0.8678093047367582,0.0,0.0,0.04290528207817849,1.2196934162804887
Все категории,asof_june,raw,-20,ramp,cusum,all_eligible,501.0,1523.0,499.6,0.005822376412418992,499.6,0.06811358683440873,499.5,0.3403904498141429,0.8378062391374603,3.0,2.5,2.418647186775522,13.242550945662973
Все категории,asof_june,raw,-20,ramp,cusum,common_balanced_ids,499.3,1516.7,499.3,0.005826742808598885,499.3,0.06815736748609101,499.3,0.34054561078664863,0.8380545393998509,3.0,0.0,2.417468905751426,13.246310816505488
Все категории,asof_june,raw,-20,ramp,ewma,all_eligible,501.0,1523.0,499.6,0.00644260315927065,499.6,0.07025098220924517,499.5,0.3828861431808157,0.8786014267287026,3.0,2.5,1.6536306938064957,5.588732715151233
Все категории,asof_june,raw,-20,ramp,ewma,common_balanced_ids,499.3,1516.7,499.3,0.006447891157076127,499.3,0.07029490932345975,499.3,0.38305529123185167,0.8796134164163624,3.0,0.0,1.6582817771069762,5.580546337216875
Все категории,asof_june,raw,-20,ramp,rolling_3m,all_eligible,501.0,1523.0,499.6,0.0009904883389051365,499.6,0.01108075621553736,499.5,0.10679605718510357,0.7238674215146398,3.0,2.5,0.565937405855399,2.0718340347001893
Все категории,asof_june,raw,-20,ramp,rolling_3m,common_balanced_ids,499.3,1516.7,499.3,0.000990909115153159,499.3,0.01108838384829334,499.3,0.10684824139076779,0.7245658959439415,3.0,0.0,0.5675334827033536,2.019570935954776
Все категории,asof_june,raw,-20,ramp,spike,all_eligible,501.0,1523.0,499.6,0.0043578797155519955,499.6,0.033264104152702256,499.5,0.22839347711686964,0.8050612937863256,3.0,2.5,0.4173698137787489,1.3845622319063717
Все категории,asof_june,raw,-20,ramp,spike,common_balanced_ids,499.3,1516.7,499.3,0.004360025085916285,499.3,0.03308951993855732,499.3,0.2285029455743471,0.805827260325151,3.0,0.0,0.41855166436825086,1.3541042152733431
Все категории,asof_june,raw,-20,step,cusum,all_eligible,501.0,1523.0,500.7,0.3182665294690975,499.6,0.9445669635711876,499.6,0.9549170722189041,0.9570153807537686,1.0,2.8,3.237883022171644,11.312090424199045
Все категории,asof_june,raw,-20,step,cusum,common_balanced_ids,499.3,1516.7,499.3,0.3179670471594873,499.3,0.944732249673444,499.3,0.9550867261818997,0.9568630132814215,1.0,0.0,3.2408370037433016,11.30785965523975
Все категории,asof_june,raw,-20,step,ewma,all_eligible,501.0,1523.0,500.7,0.5797835686601585,499.6,0.9299837019825151,499.6,0.9641299667012733,0.9775437311284106,0.0,2.8,1.8112488312651507,4.859232521551355
Все категории,asof_june,raw,-20,step,ewma,common_balanced_ids,499.3,1516.7,499.3,0.5797850259907029,499.3,0.930138882132022,499.3,0.9643046050304018,0.9774648651112428,0.0,0.0,1.8166203476825153,4.84384185414649
Все категории,asof_june,raw,-20,step,rolling_3m,all_eligible,501.0,1523.0,500.7,0.020971527751447935,499.6,0.6557638032709264,499.6,0.9547885347074034,0.9697842337648457,1.0,2.8,0.6284116055854538,1.8149525428361386
Все категории,asof_june,raw,-20,step,rolling_3m,common_balanced_ids,499.3,1516.7,499.3,0.020221677404112216,499.3,0.6557431056232673,499.3,0.9549577771361996,0.9702625855273024,1.0,0.0,0.6302755822910184,1.7620441272776421
Все категории,asof_june,raw,-20,step,spike,all_eligible,501.0,1523.0,500.7,0.8679874027072557,499.6,0.9239448932192083,499.6,0.9398213533267572,0.9573097985348495,0.0,2.8,0.43223030920914435,1.254480373654774
Все категории,asof_june,raw,-20,step,spike,common_balanced_ids,499.3,1516.7,499.3,0.8678093047367582,499.3,0.9241027166353382,499.3,0.9397917877298264,0.9571645438600663,0.0,0.0,0.43351931801436416,1.2196934162804887
Все категории,asof_june,raw,20,pulse,cusum,all_eligible,501.0,1523.0,500.7,0.12866293013109606,499.6,0.18618582593971605,499.6,0.2251626592065768,0.2984180640243306,1.0,2.8,0.5086427358819866,11.312090424199045
Все категории,asof_june,raw,20,pulse,cusum,common_balanced_ids,499.3,1516.7,499.3,0.12861149490792428,499.3,0.18587690432684217,499.3,0.2248781308728444,0.2990433730321289,1.0,0.0,0.5101429506018709,11.30785965523975
Все категории,asof_june,raw,20,pulse,ewma,all_eligible,501.0,1523.0,500.7,0.25959555756617847,499.6,0.26300340731801847,499.6,0.26419636139937097,0.26919184785261413,0.0,2.8,0.08991853752607185,4.859232521551355
Все категории,asof_june,raw,20,pulse,ewma,common_balanced_ids,499.3,1516.7,499.3,0.2603591241058617,499.3,0.2631713259973585,499.3,0.26436508307120166,0.2701537836294849,0.0,0.0,0.09018479843967467,4.84384185414649
Все категории,asof_june,raw,20,pulse,rolling_3m,all_eligible,501.0,1523.0,500.7,0.019680005578861598,499.6,0.04831046244323593,499.6,0.07068901217316942,0.07048260118631129,1.0,2.8,0.014315950096826083,1.8149525428361386
Все категории,asof_june,raw,20,pulse,rolling_3m,common_balanced_ids,499.3,1516.7,499.3,0.019740715781733528,499.3,0.048338724222298506,499.3,0.07073008168026654,0.07073008168026654,1.0,0.0,0.014358999667219385,1.7620441272776421
Все категории,asof_june,raw,20,pulse,spike,all_eligible,501.0,1523.0,500.7,0.4765629515127737,499.6,0.47663499887698835,499.6,0.47663499887698835,0.4762657790498568,0.0,2.8,0.019797754615865366,1.254480373654774
Все категории,asof_june,raw,20,pulse,spike,common_balanced_ids,499.3,1516.7,499.3,0.47651013922620866,499.3,0.47651013922620866,499.3,0.47651013922620866,0.47651013922620866,0.0,0.0,0.01985928408109649,1.2196934162804887
Все категории,asof_june,raw,20,ramp,cusum,all_eligible,501.0,1523.0,499.6,0.009463166268586155,499.6,0.07232699444512744,499.5,0.2566502684816068,0.7157164180638266,3.0,2.5,2.2007675450636657,13.242550945662973
Все категории,asof_june,raw,20,ramp,cusum,common_balanced_ids,499.3,1516.7,499.3,0.009471018948444536,499.3,0.0723699042263569,499.3,0.25633825845598135,0.7167719983572567,3.0,0.0,2.197634082228621,13.246310816505488
Все категории,asof_june,raw,20,ramp,ewma,all_eligible,501.0,1523.0,499.6,0.012350919703850832,499.6,0.08183157962982981,499.5,0.27045913482072226,0.7431860714163785,3.0,2.5,0.8999678069165522,5.588732715151233
Все категории,asof_june,raw,20,ramp,ewma,common_balanced_ids,499.3,1516.7,499.3,0.012357892271207805,499.3,0.08187935663261674,499.3,0.27057725455687054,0.7443466998761392,3.0,0.0,0.8759909114632165,5.580546337216875
Все категории,asof_june,raw,20,ramp,rolling_3m,all_eligible,501.0,1523.0,499.6,0.0006085129569297547,499.6,0.020659174610896447,499.5,0.11678177338194454,0.5102117360580485,3.0,2.5,0.30410499965378324,2.0718340347001893
Все категории,asof_june,raw,20,ramp,rolling_3m,common_balanced_ids,499.3,1516.7,499.3,0.0006089337331777769,499.3,0.02067326620814267,499.3,0.11683111859184007,0.5109630173888322,3.0,0.0,0.3049510630429647,2.019570935954776
Все категории,asof_june,raw,20,ramp,spike,all_eligible,501.0,1523.0,499.6,0.0069606709483376866,499.6,0.05328223662033947,499.5,0.16459135309684697,0.5217892187888424,3.0,2.5,0.19747071789461132,1.3845622319063717
Все категории,asof_june,raw,20,ramp,spike,common_balanced_ids,499.3,1516.7,499.3,0.0069636578711980215,499.3,0.053314610430522755,499.3,0.164663151641406,0.521556582351644,3.0,0.0,0.18744024565077674,1.3541042152733431
Все категории,asof_june,raw,20,step,cusum,all_eligible,501.0,1523.0,500.7,0.12866293013109606,499.6,0.8035849665753618,499.6,0.9543315004029175,0.9596709618322361,1.0,2.8,3.1384118101764873,11.312090424199045
Все категории,asof_june,raw,20,step,cusum,common_balanced_ids,499.3,1516.7,499.3,0.12861149490792428,499.3,0.8036626727629048,499.3,0.9544960943443289,0.9597208059630855,1.0,0.0,3.139943404539973,11.30785965523975
Все категории,asof_june,raw,20,step,ewma,all_eligible,501.0,1523.0,500.7,0.25959555756617847,499.6,0.7458481661919556,499.6,0.9096873792272119,0.9625542298218743,1.0,2.8,1.0662520301614704,4.859232521551355
Все категории,asof_june,raw,20,step,ewma,common_balanced_ids,499.3,1516.7,499.3,0.2603591241058617,499.3,0.7458897887030939,499.3,0.9098293430436035,0.9626195034033774,1.0,0.0,1.047331520416201,4.84384185414649
Все категории,asof_june,raw,20,step,rolling_3m,all_eligible,501.0,1523.0,500.7,0.019680005578861598,499.6,0.321472798538029,499.6,0.8454184488549521,0.8808524038959933,2.0,2.8,0.35329020757423435,1.8149525428361386
Все категории,asof_june,raw,20,step,rolling_3m,common_balanced_ids,499.3,1516.7,499.3,0.019740715781733528,499.3,0.3216794119133212,499.3,0.8455184429758369,0.8812678314825841,2.0,0.0,0.3543305994855684,1.7620441272776421
Все категории,asof_june,raw,20,step,spike,all_eligible,501.0,1523.0,500.7,0.4765629515127737,499.6,0.6007987707071804,499.6,0.6476458924556437,0.7145512785767216,0.0,2.8,0.19207644614365815,1.254480373654774
Все категории,asof_june,raw,20,step,spike,common_balanced_ids,499.3,1516.7,499.3,0.47651013922620866,499.3,0.6007507699775303,499.3,0.6476261442630077,0.7137739515085593,0.0,0.0,0.18382621601152188,1.2196934162804887
Все категории,asof_june,regularized_noise,-20,pulse,cusum,all_eligible,501.0,1523.0,500.7,0.6929002242893835,499.6,0.7248163792929363,499.6,0.7379220940423508,0.7515105352972784,0.0,2.8,1.0330088477017216,12.458990034276566
Все категории,asof_june,regularized_noise,-20,pulse,cusum,common_balanced_ids,499.3,1516.7,499.3,0.6944394901098133,499.3,0.725266420240587,499.3,0.73818394298445,0.7534861033531246,0.0,0.0,1.0360499952329432,12.49543273356542
Все категории,asof_june,regularized_noise,-20,pulse,ewma,all_eligible,501.0,1523.0,500.7,0.7825250215959973,499.6,0.7848248793166308,499.6,0.7874104338505042,0.7863976828583678,0.0,2.8,0.3663938608769792,7.7413571646278765
Все категории,asof_june,regularized_noise,-20,pulse,ewma,common_balanced_ids,499.3,1516.7,499.3,0.7841288849847692,499.3,0.7851176869647073,499.3,0.7877052682598101,0.7884973119903395,0.0,0.0,0.36747935331764203,7.764004858004556
Все категории,asof_june,regularized_noise,-20,pulse,rolling_3m,all_eligible,501.0,1523.0,500.7,0.07268626779061363,499.6,0.10429393765833272,499.6,0.1395160632992975,0.13913284885759772,0.45,2.8,0.025287675195980602,1.5335091592825771
Все категории,asof_june,regularized_noise,-20,pulse,rolling_3m,common_balanced_ids,499.3,1516.7,499.3,0.07288730325617285,499.3,0.10435782377754668,499.3,0.13959878816362084,0.13959878816362084,0.45,0.0,0.025362828889010768,1.5302722314787205
Все категории,asof_june,regularized_noise,-20,pulse,spike,all_eligible,501.0,1523.0,500.7,0.8443124661162693,499.6,0.8457706018363229,499.6,0.8457706018363229,0.843790894198482,0.0,2.8,0.015379523736321944,1.2377239165731058
Все категории,asof_june,regularized_noise,-20,pulse,spike,common_balanced_ids,499.3,1516.7,499.3,0.8463006271857549,499.3,0.8463006271857549,499.3,0.8463006271857549,0.8463006271857549,0.0,0.0,0.015427348366611268,1.241331350565386
Все категории,asof_june,regularized_noise,-20,ramp,cusum,all_eligible,501.0,1523.0,499.6,0.010605052121329433,499.6,0.11226862947549443,499.5,0.5241173914494732,0.8101370872980418,2.0,2.5,4.217820285139181,14.625641753855664
Все категории,asof_june,regularized_noise,-20,ramp,cusum,common_balanced_ids,499.3,1516.7,499.3,0.010610340119134911,499.3,0.11233819212168628,499.3,0.5243453775415716,0.8111125766835153,2.0,0.0,4.229679178209087,14.666159840972034
Все категории,asof_june,regularized_noise,-20,ramp,ewma,all_eligible,501.0,1523.0,499.6,0.011768650492330949,499.6,0.16760484819187663,499.5,0.56597267652021,0.866142002704348,2.0,2.5,3.367531458008531,8.993978572759852
Все категории,asof_june,regularized_noise,-20,ramp,ewma,common_balanced_ids,499.3,1516.7,499.3,0.011774242121808958,499.3,0.1677114332628882,499.3,0.5662181452165658,0.8673025792204921,2.0,0.0,3.3769906902369184,9.018894906849853
Все категории,asof_june,regularized_noise,-20,ramp,rolling_3m,all_eligible,501.0,1523.0,499.6,0.0010114614718866768,499.6,0.013217018153484866,499.5,0.14249727663636907,0.7636104532451736,3.0,2.5,0.9217419210646629,1.8102586231997513
Все категории,asof_june,regularized_noise,-20,ramp,rolling_3m,common_balanced_ids,499.3,1516.7,499.3,0.001012685240625383,499.3,0.01322563526582857,499.3,0.14255451015700957,0.7658570210442737,3.0,0.0,0.9243378907448602,1.806007973470701
Все категории,asof_june,regularized_noise,-20,ramp,spike,all_eligible,501.0,1523.0,499.6,0.004211122473426745,499.6,0.06385689483227355,499.5,0.27636245150414573,0.8244904398258377,3.0,2.5,0.7148458293661932,1.393498249964875
Все категории,asof_june,regularized_noise,-20,ramp,spike,common_balanced_ids,499.3,1516.7,499.3,0.004214833804207634,499.3,0.06390052755686416,499.3,0.2764814127927901,0.8261358096477134,3.0,0.0,0.7168502895035533,1.3973461623508139
Все категории,asof_june,regularized_noise,-20,step,cusum,all_eligible,501.0,1523.0,500.7,0.6929002242893835,499.6,0.9219645510732398,499.6,0.9525110266211678,0.9639989536657867,0.0,2.8,5.196512335414869,12.458990034276566
Все категории,asof_june,regularized_noise,-20,step,cusum,common_balanced_ids,499.3,1516.7,499.3,0.6944394901098133,499.3,0.9219205931765091,499.3,0.9524832642029235,0.9638728877520311,0.0,0.0,5.2119042424469,12.49543273356542
Все категории,asof_june,regularized_noise,-20,step,ewma,all_eligible,501.0,1523.0,500.7,0.7825250215959973,499.6,0.9182546291223368,499.6,0.9503935158718223,0.97082051056373,0.0,2.8,3.5909016261145226,7.7413571646278765
Все категории,asof_june,regularized_noise,-20,step,ewma,common_balanced_ids,499.3,1516.7,499.3,0.7841288849847692,499.3,0.9182069999193898,499.3,0.9503651476547921,0.9707206924272977,0.0,0.0,3.601531040425866,7.764004858004556
Все категории,asof_june,regularized_noise,-20,step,rolling_3m,all_eligible,501.0,1523.0,500.7,0.07268626779061363,499.6,0.7396441060649479,499.6,0.9108873048592196,0.9320414475542164,1.0,2.8,0.9279963697226036,1.5335091592825771
Все категории,asof_june,regularized_noise,-20,step,rolling_3m,common_balanced_ids,499.3,1516.7,499.3,0.07288730325617285,499.3,0.7401056446098352,499.3,0.9110307667580656,0.9326196304086029,1.0,0.0,0.9307510706138551,1.5302722314787205
Все категории,asof_june,regularized_noise,-20,step,spike,all_eligible,501.0,1523.0,500.7,0.8443124661162693,499.6,0.8826742960243239,499.6,0.8986380838797643,0.9179096130386302,0.0,2.8,0.6704211534195332,1.2377239165731058
Все категории,asof_june,regularized_noise,-20,step,spike,common_balanced_ids,499.3,1516.7,499.3,0.8463006271857549,499.3,0.8827976832381547,499.3,0.8987718513600603,0.9188199037409405,0.0,0.0,0.6724113896447717,1.241331350565386
Все категории,asof_june,regularized_noise,20,pulse,cusum,all_eligible,501.0,1523.0,500.7,0.4208975723844344,499.6,0.45440349777020417,499.6,0.47478182812418124,0.5045254058260898,0.0,2.8,0.6362328497634444,12.458990034276566
Все категории,asof_june,regularized_noise,20,pulse,cusum,common_balanced_ids,499.3,1516.7,499.3,0.4216975383202148,499.3,0.4546861837662325,499.3,0.47507561733003606,0.5058693782890689,0.0,0.0,0.638111746712579,12.49543273356542
Все категории,asof_june,regularized_noise,20,pulse,ewma,all_eligible,501.0,1523.0,500.7,0.5347201520593629,499.6,0.5409328186507822,499.6,0.543933528681392,0.5464242260024272,0.0,2.8,0.1578100325935367,7.7413571646278765
Все категории,asof_june,regularized_noise,20,pulse,ewma,common_balanced_ids,499.3,1516.7,499.3,0.5358469454104204,499.3,0.5412701556837278,499.3,0.5442729310355723,0.5479207818946952,0.0,0.0,0.1582731641873405,7.764004858004556
Все категории,asof_june,regularized_noise,20,pulse,rolling_3m,all_eligible,501.0,1523.0,500.7,0.028560061613479886,499.6,0.06868981562048705,499.6,0.11307653696699263,0.11275324705919718,1.0,2.8,0.03398131776576437,1.5335091592825771
Все категории,asof_june,regularized_noise,20,pulse,rolling_3m,common_balanced_ids,499.3,1516.7,499.3,0.028649449951795813,499.3,0.0687327561842327,499.3,0.11315085261928526,0.11315085261928526,1.0,0.0,0.03408027806371065,1.5302722314787205
Все категории,asof_june,regularized_noise,20,pulse,spike,all_eligible,501.0,1523.0,500.7,0.5941640651686855,499.6,0.5950891269763071,499.6,0.5950891269763071,0.5938009999703135,0.0,2.8,0.023081775848522997,1.2377239165731058
Все категории,asof_june,regularized_noise,20,pulse,spike,common_balanced_ids,499.3,1516.7,499.3,0.5954649566631295,499.3,0.5954649566631295,499.3,0.5954649566631295,0.5954649566631295,0.0,0.0,0.02315228319530798,1.241331350565386
Все категории,asof_june,regularized_noise,20,ramp,cusum,all_eligible,501.0,1523.0,499.6,0.022029884147404723,499.6,0.15915448684167777,499.5,0.40227010780948075,0.7318723344322039,2.0,2.5,3.139727361343492,14.625641753855664
Все категории,asof_june,regularized_noise,20,ramp,cusum,common_balanced_ids,499.3,1516.7,499.3,0.022042486904245068,499.3,0.15925958600140228,499.3,0.40244743563176677,0.7333715438949019,2.0,0.0,3.1405174358736287,14.666159840972034
Все категории,asof_june,regularized_noise,20,ramp,ewma,all_eligible,501.0,1523.0,499.6,0.03368332635526959,499.6,0.19723787929518427,499.5,0.4393229313789093,0.7897802821889266,2.0,2.5,1.9543216640637446,8.993978572759852
Все категории,asof_june,regularized_noise,20,ramp,ewma,common_balanced_ids,499.3,1516.7,499.3,0.033705928626892014,499.3,0.19736496275657817,499.3,0.4395147177871464,0.7914648672735144,2.0,0.0,1.9492094196410377,9.018894906849853
Все категории,asof_june,regularized_noise,20,ramp,rolling_3m,all_eligible,501.0,1523.0,499.6,0.0005836766831719967,499.6,0.031082930211139947,499.5,0.18197723665126064,0.5811446802119937,3.0,2.5,0.44223266922294424,1.8102586231997513
Все категории,asof_june,regularized_noise,20,ramp,rolling_3m,common_balanced_ids,499.3,1516.7,499.3,0.0005836766831719967,499.3,0.031101400375733456,499.3,0.18205778793683602,0.5825453932920077,3.0,0.0,0.4434631993000491,1.806007973470701
Все категории,asof_june,regularized_noise,20,ramp,spike,all_eligible,501.0,1523.0,499.6,0.011019559523774883,499.6,0.09673311295888473,499.5,0.25439765984365553,0.6057018214949255,3.0,2.5,0.3541619801809161,1.393498249964875
Все категории,asof_june,regularized_noise,20,ramp,spike,common_balanced_ids,499.3,1516.7,499.3,0.011026031265754296,499.3,0.09679290553107513,499.3,0.25450883925952245,0.6071962776250825,3.0,0.0,0.35515155829364653,1.3973461623508139
Все категории,asof_june,regularized_noise,20,step,cusum,all_eligible,501.0,1523.0,500.7,0.4208975723844344,499.6,0.8411129259288679,499.6,0.9311764639527716,0.9580602597328849,1.0,2.8,4.305446302475614,12.458990034276566
Все категории,asof_june,regularized_noise,20,step,cusum,common_balanced_ids,499.3,1516.7,499.3,0.4216975383202148,499.3,0.8412071571607156,499.3,0.9313272313686041,0.95954559127801,1.0,0.0,4.310373590041474,12.49543273356542
Все категории,asof_june,regularized_noise,20,step,ewma,all_eligible,501.0,1523.0,500.7,0.5347201520593629,499.6,0.822522029187982,499.6,0.9113210811234588,0.9475462731014863,0.0,2.8,2.1036757671862913,7.7413571646278765
Все категории,asof_june,regularized_noise,20,step,ewma,common_balanced_ids,499.3,1516.7,499.3,0.5358469454104204,499.3,0.8228097286574341,499.3,0.9114567181958438,0.9489947144678117,0.0,0.0,2.101075243719493,7.764004858004556
Все категории,asof_june,regularized_noise,20,step,rolling_3m,all_eligible,501.0,1523.0,500.7,0.028560061613479886,499.6,0.4749718593918165,499.6,0.7720125976791481,0.8034271158897042,1.0,2.8,0.4486165581902398,1.5335091592825771
Все категории,asof_june,regularized_noise,20,step,rolling_3m,common_balanced_ids,499.3,1516.7,499.3,0.028649449951795813,499.3,0.47526970212013014,499.3,0.7720687541042481,0.8047658391451415,1.0,0.0,0.44993664139029066,1.5302722314787205
Все категории,asof_june,regularized_noise,20,step,spike,all_eligible,501.0,1523.0,500.7,0.5941640651686855,499.6,0.6575417342965958,499.6,0.6839693755448564,0.7297127604333704,0.0,2.8,0.33454719151263224,1.2377239165731058
Все категории,asof_june,regularized_noise,20,step,spike,common_balanced_ids,499.3,1516.7,499.3,0.5954649566631295,499.3,0.6579554323544121,499.3,0.6839709825226363,0.7308001692658916,0.0,0.0,0.3355337247069302,1.241331350565386
Все категории,balanced_future_reference,raw,-20,pulse,cusum,all_eligible,499.3,1516.7,499.3,0.4300470506693482,499.3,0.4477935992520525,499.3,0.46278688326851614,0.4885475499456045,0.0,0.0,0.8836649481690146,12.51415167334066
Все категории,balanced_future_reference,raw,-20,pulse,cusum,common_balanced_ids,499.3,1516.7,499.3,0.4300470506693482,499.3,0.4477935992520525,499.3,0.46278688326851614,0.4885475499456045,0.0,0.0,0.8836649481690146,12.51415167334066
Все категории,balanced_future_reference,raw,-20,pulse,ewma,all_eligible,499.3,1516.7,499.3,0.6021767070221969,499.3,0.6038196898456067,499.3,0.6048071180362264,0.6072162215879054,0.0,0.0,0.17149645524197293,5.060292805328474
Все категории,balanced_future_reference,raw,-20,pulse,ewma,common_balanced_ids,499.3,1516.7,499.3,0.6021767070221969,499.3,0.6038196898456067,499.3,0.6048071180362264,0.6072162215879054,0.0,0.0,0.17149645524197293,5.060292805328474
Все категории,balanced_future_reference,raw,-20,pulse,rolling_3m,all_eligible,499.3,1516.7,499.3,0.02198074250121116,499.3,0.04666473215973209,499.3,0.07893410721206949,0.07893410721206949,1.1,0.0,0.05395395259096199,1.823534521594982
Все категории,balanced_future_reference,raw,-20,pulse,rolling_3m,common_balanced_ids,499.3,1516.7,499.3,0.02198074250121116,499.3,0.04666473215973209,499.3,0.07893410721206949,0.07893410721206949,1.1,0.0,0.05395395259096199,1.823534521594982
Все категории,balanced_future_reference,raw,-20,pulse,spike,all_eligible,499.3,1516.7,499.3,0.8781731543080671,499.3,0.8781731543080671,499.3,0.8781731543080671,0.8781731543080671,0.0,0.0,0.059344579221942265,1.2603414290775414
Все категории,balanced_future_reference,raw,-20,pulse,spike,common_balanced_ids,499.3,1516.7,499.3,0.8781731543080671,499.3,0.8781731543080671,499.3,0.8781731543080671,0.8781731543080671,0.0,0.0,0.059344579221942265,1.2603414290775414
Все категории,balanced_future_reference,raw,-20,ramp,cusum,all_eligible,499.3,1516.7,499.3,0.0056291599292973196,499.3,0.08082177360328216,499.3,0.368420185875977,0.8363845354753604,3.0,0.0,2.6952007848388555,14.59894103975598
Все категории,balanced_future_reference,raw,-20,ramp,cusum,common_balanced_ids,499.3,1516.7,499.3,0.0056291599292973196,499.3,0.08082177360328216,499.3,0.368420185875977,0.8363845354753604,3.0,0.0,2.6952007848388555,14.59894103975598
Все категории,balanced_future_reference,raw,-20,ramp,ewma,all_eligible,499.3,1516.7,499.3,0.007284373615586178,499.3,0.07503005569224666,499.3,0.39258165933027284,0.8847474851346477,3.0,0.0,1.8772904429909367,5.812605937006084
Все категории,balanced_future_reference,raw,-20,ramp,ewma,common_balanced_ids,499.3,1516.7,499.3,0.007284373615586178,499.3,0.07503005569224666,499.3,0.39258165933027284,0.8847474851346477,3.0,0.0,1.8772904429909367,5.812605937006084
Все категории,balanced_future_reference,raw,-20,ramp,rolling_3m,all_eligible,499.3,1516.7,499.3,0.000990909115153159,499.3,0.01148865443120739,499.3,0.11773650499964931,0.7320032709825355,3.0,0.0,0.6215900209210946,2.0933594091355845
Все категории,balanced_future_reference,raw,-20,ramp,rolling_3m,common_balanced_ids,499.3,1516.7,499.3,0.000990909115153159,499.3,0.01148865443120739,499.3,0.11773650499964931,0.7320032709825355,3.0,0.0,0.6215900209210946,2.0933594091355845
Все категории,balanced_future_reference,raw,-20,ramp,spike,all_eligible,499.3,1516.7,499.3,0.003772867478210733,499.3,0.03755753705565161,499.3,0.24704330243316405,0.8166384227784939,3.0,0.0,0.4672646207771852,1.4028818306298065
Все категории,balanced_future_reference,raw,-20,ramp,spike,common_balanced_ids,499.3,1516.7,499.3,0.003772867478210733,499.3,0.03755753705565161,499.3,0.24704330243316405,0.8166384227784939,3.0,0.0,0.4672646207771852,1.4028818306298065
Все категории,balanced_future_reference,raw,-20,step,cusum,all_eligible,499.3,1516.7,499.3,0.4300470506693482,499.3,0.9529543081784777,499.3,0.9580974316155533,0.9598737187150752,1.0,0.0,3.620618516418143,12.51415167334066
Все категории,balanced_future_reference,raw,-20,step,cusum,common_balanced_ids,499.3,1516.7,499.3,0.4300470506693482,499.3,0.9529543081784777,499.3,0.9580974316155533,0.9598737187150752,1.0,0.0,3.620618516418143,12.51415167334066
Все категории,balanced_future_reference,raw,-20,step,ewma,all_eligible,499.3,1516.7,499.3,0.6021767070221969,499.3,0.9335634033808059,499.3,0.9660838826477134,0.9780546672421406,0.0,0.0,1.9461994425961897,5.060292805328474
Все категории,balanced_future_reference,raw,-20,step,ewma,common_balanced_ids,499.3,1516.7,499.3,0.6021767070221969,499.3,0.9335634033808059,499.3,0.9660838826477134,0.9780546672421406,0.0,0.0,1.9461994425961897,5.060292805328474
Все категории,balanced_future_reference,raw,-20,step,rolling_3m,all_eligible,499.3,1516.7,499.3,0.02198074250121116,499.3,0.669799943561922,499.3,0.9579535233575808,0.971485096454771,1.0,0.0,0.6941562464789759,1.823534521594982
Все категории,balanced_future_reference,raw,-20,step,rolling_3m,common_balanced_ids,499.3,1516.7,499.3,0.02198074250121116,499.3,0.669799943561922,499.3,0.9579535233575808,0.971485096454771,1.0,0.0,0.6941562464789759,1.823534521594982
Все категории,balanced_future_reference,raw,-20,step,spike,all_eligible,499.3,1516.7,499.3,0.8781731543080671,499.3,0.9316379396298535,499.3,0.9475674463012034,0.9625385495937395,0.0,0.0,0.47846068353315785,1.2603414290775414
Все категории,balanced_future_reference,raw,-20,step,spike,common_balanced_ids,499.3,1516.7,499.3,0.8781731543080671,499.3,0.9316379396298535,499.3,0.9475674463012034,0.9625385495937395,0.0,0.0,0.47846068353315785,1.2603414290775414
Все категории,balanced_future_reference,raw,20,pulse,cusum,all_eligible,499.3,1516.7,499.3,0.16093235460573554,499.3,0.2218168311253092,499.3,0.2544314883915958,0.32273395714769104,0.6,0.0,0.6191940712548496,12.51415167334066
Все категории,balanced_future_reference,raw,20,pulse,cusum,common_balanced_ids,499.3,1516.7,499.3,0.16093235460573554,499.3,0.2218168311253092,499.3,0.2544314883915958,0.32273395714769104,0.6,0.0,0.6191940712548496,12.51415167334066
Все категории,balanced_future_reference,raw,20,pulse,ewma,all_eligible,499.3,1516.7,499.3,0.26998941184899466,499.3,0.273584776320592,499.3,0.2747785333944352,0.27934660460607885,0.0,0.0,0.08359762459647173,5.060292805328474
Все категории,balanced_future_reference,raw,20,pulse,ewma,common_balanced_ids,499.3,1516.7,499.3,0.26998941184899466,499.3,0.273584776320592,499.3,0.2747785333944352,0.27934660460607885,0.0,0.0,0.08359762459647173,5.060292805328474
Все категории,balanced_future_reference,raw,20,pulse,rolling_3m,all_eligible,499.3,1516.7,499.3,0.022776024960703984,499.3,0.05091528091600158,499.3,0.07268881731278182,0.07268881731278182,1.0,0.0,0.02313050600435713,1.823534521594982
Все категории,balanced_future_reference,raw,20,pulse,rolling_3m,common_balanced_ids,499.3,1516.7,499.3,0.022776024960703984,499.3,0.05091528091600158,499.3,0.07268881731278182,0.07268881731278182,1.0,0.0,0.02313050600435713,1.823534521594982
Все категории,balanced_future_reference,raw,20,pulse,spike,all_eligible,499.3,1516.7,499.3,0.5001493968061933,499.3,0.5001493968061933,499.3,0.5001493968061933,0.5001493968061933,0.0,0.0,0.027481899956336202,1.2603414290775414
Все категории,balanced_future_reference,raw,20,pulse,spike,common_balanced_ids,499.3,1516.7,499.3,0.5001493968061933,499.3,0.5001493968061933,499.3,0.5001493968061933,0.5001493968061933,0.0,0.0,0.027481899956336202,1.2603414290775414
Все категории,balanced_future_reference,raw,20,ramp,cusum,all_eligible,499.3,1516.7,499.3,0.0126407742046305,499.3,0.08663726517184245,499.3,0.2822653160198839,0.7491694715189733,3.0,0.0,2.627571321251542,14.59894103975598
Все категории,balanced_future_reference,raw,20,ramp,cusum,common_balanced_ids,499.3,1516.7,499.3,0.0126407742046305,499.3,0.08663726517184245,499.3,0.2822653160198839,0.7491694715189733,3.0,0.0,2.627571321251542,14.59894103975598
Все категории,balanced_future_reference,raw,20,ramp,ewma,all_eligible,499.3,1516.7,499.3,0.01457609356870401,499.3,0.08390726512945049,499.3,0.27393610125063605,0.7569294319316022,3.0,0.0,0.9702241663778179,5.812605937006084
Все категории,balanced_future_reference,raw,20,ramp,ewma,common_balanced_ids,499.3,1516.7,499.3,0.01457609356870401,499.3,0.08390726512945049,499.3,0.27393610125063605,0.7569294319316022,3.0,0.0,0.9702241663778179,5.812605937006084
Все категории,balanced_future_reference,raw,20,ramp,rolling_3m,all_eligible,499.3,1516.7,499.3,0.0006089337331777769,499.3,0.02324432119794503,499.3,0.12211273730050498,0.520779047445196,3.0,0.0,0.29986517292062487,2.0933594091355845
Все категории,balanced_future_reference,raw,20,ramp,rolling_3m,common_balanced_ids,499.3,1516.7,499.3,0.0006089337331777769,499.3,0.02324432119794503,499.3,0.12211273730050498,0.520779047445196,3.0,0.0,0.29986517292062487,2.0933594091355845
Все категории,balanced_future_reference,raw,20,ramp,spike,all_eligible,499.3,1516.7,499.3,0.008549529635512467,499.3,0.05915285817726702,499.3,0.17247687168795495,0.5411522335999921,3.0,0.0,0.24717747546240387,1.4028818306298065
Все категории,balanced_future_reference,raw,20,ramp,spike,common_balanced_ids,499.3,1516.7,499.3,0.008549529635512467,499.3,0.05915285817726702,499.3,0.17247687168795495,0.5411522335999921,3.0,0.0,0.24717747546240387,1.4028818306298065
Все категории,balanced_future_reference,raw,20,step,cusum,all_eligible,499.3,1516.7,499.3,0.16093235460573554,499.3,0.8573377764538064,499.3,0.9523350170027985,0.9539348347781621,1.0,0.0,3.6863773261862227,12.51415167334066
Все категории,balanced_future_reference,raw,20,step,cusum,common_balanced_ids,499.3,1516.7,499.3,0.16093235460573554,499.3,0.8573377764538064,499.3,0.9523350170027985,0.9539348347781621,1.0,0.0,3.6863773261862227,12.51415167334066
Все категории,balanced_future_reference,raw,20,step,ewma,all_eligible,499.3,1516.7,499.3,0.26998941184899466,499.3,0.7619832815471529,499.3,0.9171084879431797,0.964223175152927,1.0,0.0,1.1505920829895586,5.060292805328474
Все категории,balanced_future_reference,raw,20,step,ewma,common_balanced_ids,499.3,1516.7,499.3,0.26998941184899466,499.3,0.7619832815471529,499.3,0.9171084879431797,0.964223175152927,1.0,0.0,1.1505920829895586,5.060292805328474
Все категории,balanced_future_reference,raw,20,step,rolling_3m,all_eligible,499.3,1516.7,499.3,0.022776024960703984,499.3,0.3338177308863875,499.3,0.8557056656757102,0.8904194741778945,2.0,0.0,0.3478163586628183,1.823534521594982
Все категории,balanced_future_reference,raw,20,step,rolling_3m,common_balanced_ids,499.3,1516.7,499.3,0.022776024960703984,499.3,0.3338177308863875,499.3,0.8557056656757102,0.8904194741778945,2.0,0.0,0.3478163586628183,1.823534521594982
Все категории,balanced_future_reference,raw,20,step,spike,all_eligible,499.3,1516.7,499.3,0.5001493968061933,499.3,0.6232886980688788,499.3,0.6708169623844353,0.7317718738775223,0.0,0.0,0.24006440893213116,1.2603414290775414
Все категории,balanced_future_reference,raw,20,step,spike,common_balanced_ids,499.3,1516.7,499.3,0.5001493968061933,499.3,0.6232886980688788,499.3,0.6708169623844353,0.7317718738775223,0.0,0.0,0.24006440893213116,1.2603414290775414
Все категории,balanced_future_reference,regularized_noise,-20,pulse,cusum,all_eligible,499.3,1516.7,499.3,0.6964714637277292,499.3,0.7274725289156209,499.3,0.7392177604549606,0.7538956404912823,0.0,0.0,1.0437556273637718,12.521838725159702
Все категории,balanced_future_reference,regularized_noise,-20,pulse,cusum,common_balanced_ids,499.3,1516.7,499.3,0.6964714637277292,499.3,0.7274725289156209,499.3,0.7392177604549606,0.7538956404912823,0.0,0.0,1.0437556273637718,12.521838725159702
Все категории,balanced_future_reference,regularized_noise,-20,pulse,ewma,all_eligible,499.3,1516.7,499.3,0.786093288890903,499.3,0.7870820908708411,499.3,0.789669672165944,0.790852726101725,0.0,0.0,0.3343066769916216,7.793833197978815
Все категории,balanced_future_reference,regularized_noise,-20,pulse,ewma,common_balanced_ids,499.3,1516.7,499.3,0.786093288890903,499.3,0.7870820908708411,499.3,0.789669672165944,0.790852726101725,0.0,0.0,0.3343066769916216,7.793833197978815
Все категории,balanced_future_reference,regularized_noise,-20,pulse,rolling_3m,all_eligible,499.3,1516.7,499.3,0.08477828636554546,499.3,0.12292273297096346,499.3,0.16173874611097977,0.16173874611097977,0.3,0.0,0.046152759496784386,1.7940490302643624
Все категории,balanced_future_reference,regularized_noise,-20,pulse,rolling_3m,common_balanced_ids,499.3,1516.7,499.3,0.08477828636554546,499.3,0.12292273297096346,499.3,0.16173874611097977,0.16173874611097977,0.3,0.0,0.046152759496784386,1.7940490302643624
Все категории,balanced_future_reference,regularized_noise,-20,pulse,spike,all_eligible,499.3,1516.7,499.3,0.8511053866555335,499.3,0.8511053866555335,499.3,0.8511053866555335,0.8511053866555335,0.0,0.0,0.019861466734908156,1.3094506091614573
Все категории,balanced_future_reference,regularized_noise,-20,pulse,spike,common_balanced_ids,499.3,1516.7,499.3,0.8511053866555335,499.3,0.8511053866555335,499.3,0.8511053866555335,0.8511053866555335,0.0,0.0,0.019861466734908156,1.3094506091614573
Все категории,balanced_future_reference,regularized_noise,-20,ramp,cusum,all_eligible,499.3,1516.7,499.3,0.010610340119134911,499.3,0.11097028932524751,499.3,0.5253573891417419,0.8103142901481684,2.0,0.0,4.224347093705978,14.697847030885177
Все категории,balanced_future_reference,regularized_noise,-20,ramp,cusum,common_balanced_ids,499.3,1516.7,499.3,0.010610340119134911,499.3,0.11097028932524751,499.3,0.5253573891417419,0.8103142901481684,2.0,0.0,4.224347093705978,14.697847030885177
Все категории,balanced_future_reference,regularized_noise,-20,ramp,ewma,all_eligible,499.3,1516.7,499.3,0.011969936838051618,499.3,0.16914008616809628,499.3,0.5672032391401453,0.8679011059185141,2.0,0.0,3.349050180471876,9.054688914818964
Все категории,balanced_future_reference,regularized_noise,-20,ramp,ewma,common_balanced_ids,499.3,1516.7,499.3,0.011969936838051618,499.3,0.16914008616809628,499.3,0.5672032391401453,0.8679011059185141,2.0,0.0,3.349050180471876,9.054688914818964
Все категории,balanced_future_reference,regularized_noise,-20,ramp,rolling_3m,all_eligible,499.3,1516.7,499.3,0.0010138757962327495,499.3,0.01542822360611124,499.3,0.15779903619570207,0.7778845190856682,3.0,0.0,1.0285996538731907,2.1027590519652817
Все категории,balanced_future_reference,regularized_noise,-20,ramp,rolling_3m,common_balanced_ids,499.3,1516.7,499.3,0.0010138757962327495,499.3,0.01542822360611124,499.3,0.15779903619570207,0.7778845190856682,3.0,0.0,1.0285996538731907,2.1027590519652817
Все категории,balanced_future_reference,regularized_noise,-20,ramp,spike,all_eligible,499.3,1516.7,499.3,0.004634242166982733,499.3,0.06449905425488617,499.3,0.28650439519129434,0.8329922494461975,3.0,0.0,0.7644479414456232,1.4790892726660991
Все категории,balanced_future_reference,regularized_noise,-20,ramp,spike,common_balanced_ids,499.3,1516.7,499.3,0.004634242166982733,499.3,0.06449905425488617,499.3,0.28650439519129434,0.8329922494461975,3.0,0.0,0.7644479414456232,1.4790892726660991
Все категории,balanced_future_reference,regularized_noise,-20,step,cusum,all_eligible,499.3,1516.7,499.3,0.6964714637277292,499.3,0.9225131132895772,499.3,0.9524832642029235,0.9628564505569329,0.0,0.0,5.217502285041597,12.521838725159702
Все категории,balanced_future_reference,regularized_noise,-20,step,cusum,common_balanced_ids,499.3,1516.7,499.3,0.6964714637277292,499.3,0.9225131132895772,499.3,0.9524832642029235,0.9628564505569329,0.0,0.0,5.217502285041597,12.521838725159702
Все категории,balanced_future_reference,regularized_noise,-20,step,ewma,all_eligible,499.3,1516.7,499.3,0.786093288890903,499.3,0.9179879470875207,499.3,0.9501497748602539,0.9699067929347374,0.0,0.0,3.6038560938297506,7.793833197978815
Все категории,balanced_future_reference,regularized_noise,-20,step,ewma,common_balanced_ids,499.3,1516.7,499.3,0.786093288890903,499.3,0.9179879470875207,499.3,0.9501497748602539,0.9699067929347374,0.0,0.0,3.6038560938297506,7.793833197978815
Все категории,balanced_future_reference,regularized_noise,-20,step,rolling_3m,all_eligible,499.3,1516.7,499.3,0.08477828636554546,499.3,0.7558922612965309,499.3,0.9169303289146138,0.9374916732946046,1.0,0.0,1.0332406065678832,1.7940490302643624
Все категории,balanced_future_reference,regularized_noise,-20,step,rolling_3m,common_balanced_ids,499.3,1516.7,499.3,0.08477828636554546,499.3,0.7558922612965309,499.3,0.9169303289146138,0.9374916732946046,1.0,0.0,1.0332406065678832,1.7940490302643624
Все категории,balanced_future_reference,regularized_noise,-20,step,spike,all_eligible,499.3,1516.7,499.3,0.8511053866555335,499.3,0.8871527250459421,499.3,0.9033498718910448,0.9238089121461469,0.0,0.0,0.7197166938261512,1.3094506091614573
Все категории,balanced_future_reference,regularized_noise,-20,step,spike,common_balanced_ids,499.3,1516.7,499.3,0.8511053866555335,499.3,0.8871527250459421,499.3,0.9033498718910448,0.9238089121461469,0.0,0.0,0.7197166938261512,1.3094506091614573
Все категории,balanced_future_reference,regularized_noise,20,pulse,cusum,all_eligible,499.3,1516.7,499.3,0.42245628991700024,499.3,0.45646018200250865,499.3,0.4762598134354142,0.5076383977351123,0.0,0.0,0.6413157629408138,12.521838725159702
Все категории,balanced_future_reference,regularized_noise,20,pulse,cusum,common_balanced_ids,499.3,1516.7,499.3,0.42245628991700024,499.3,0.45646018200250865,499.3,0.4762598134354142,0.5076383977351123,0.0,0.0,0.6413157629408138,12.521838725159702
Все категории,balanced_future_reference,regularized_noise,20,pulse,ewma,all_eligible,499.3,1516.7,499.3,0.5332794152432656,499.3,0.5384947253086727,499.3,0.5417054008684175,0.5463531956659698,0.0,0.0,0.17258197008769408,7.793833197978815
Все категории,balanced_future_reference,regularized_noise,20,pulse,ewma,common_balanced_ids,499.3,1516.7,499.3,0.5332794152432656,499.3,0.5384947253086727,499.3,0.5417054008684175,0.5463531956659698,0.0,0.0,0.17258197008769408,7.793833197978815
Все категории,balanced_future_reference,regularized_noise,20,pulse,rolling_3m,all_eligible,499.3,1516.7,499.3,0.03188911113273664,499.3,0.07791142155751102,499.3,0.12770263710720248,0.12770263710720248,1.0,0.0,0.036362846993034284,1.7940490302643624
Все категории,balanced_future_reference,regularized_noise,20,pulse,rolling_3m,common_balanced_ids,499.3,1516.7,499.3,0.03188911113273664,499.3,0.07791142155751102,499.3,0.12770263710720248,0.12770263710720248,1.0,0.0,0.036362846993034284,1.7940490302643624
Все категории,balanced_future_reference,regularized_noise,20,pulse,spike,all_eligible,499.3,1516.7,499.3,0.6039191133857382,499.3,0.6039191133857382,499.3,0.6039191133857382,0.6039191133857382,0.0,0.0,0.025276778627642806,1.3094506091614573
Все категории,balanced_future_reference,regularized_noise,20,pulse,spike,common_balanced_ids,499.3,1516.7,499.3,0.6039191133857382,499.3,0.6039191133857382,499.3,0.6039191133857382,0.6039191133857382,0.0,0.0,0.025276778627642806,1.3094506091614573
Все категории,balanced_future_reference,regularized_noise,20,ramp,cusum,all_eligible,499.3,1516.7,499.3,0.022042486904245068,499.3,0.15907728733242454,499.3,0.4036772921234323,0.7323532251189749,2.0,0.0,3.1618341579322506,14.697847030885177
Все категории,balanced_future_reference,regularized_noise,20,ramp,cusum,common_balanced_ids,499.3,1516.7,499.3,0.022042486904245068,499.3,0.15907728733242454,499.3,0.4036772921234323,0.7323532251189749,2.0,0.0,3.1618341579322506,14.697847030885177
Все категории,balanced_future_reference,regularized_noise,20,ramp,ewma,all_eligible,499.3,1516.7,499.3,0.03286749112857544,499.3,0.1980077745097334,499.3,0.43792511609381046,0.7898474815011307,2.0,0.0,1.9663015415238339,9.054688914818964
Все категории,balanced_future_reference,regularized_noise,20,ramp,ewma,common_balanced_ids,499.3,1516.7,499.3,0.03286749112857544,499.3,0.1980077745097334,499.3,0.43792511609381046,0.7898474815011307,2.0,0.0,1.9663015415238339,9.054688914818964
Все категории,balanced_future_reference,regularized_noise,20,ramp,rolling_3m,all_eligible,499.3,1516.7,499.3,0.0011858408890323012,499.3,0.034714684052556496,499.3,0.19007230189885532,0.5984513505799426,3.0,0.0,0.4341615934283173,2.1027590519652817
Все категории,balanced_future_reference,regularized_noise,20,ramp,rolling_3m,common_balanced_ids,499.3,1516.7,499.3,0.0011858408890323012,499.3,0.034714684052556496,499.3,0.19007230189885532,0.5984513505799426,3.0,0.0,0.4341615934283173,2.1027590519652817
Все категории,balanced_future_reference,regularized_noise,20,ramp,spike,all_eligible,499.3,1516.7,499.3,0.012008414926580637,499.3,0.09980950005553212,499.3,0.26358784660909546,0.6152981123551198,3.0,0.0,0.3801878728449174,1.4790892726660991
Все категории,balanced_future_reference,regularized_noise,20,ramp,spike,common_balanced_ids,499.3,1516.7,499.3,0.012008414926580637,499.3,0.09980950005553212,499.3,0.26358784660909546,0.6152981123551198,3.0,0.0,0.3801878728449174,1.4790892726660991
Все категории,balanced_future_reference,regularized_noise,20,step,cusum,all_eligible,499.3,1516.7,499.3,0.42245628991700024,499.3,0.8409964119482041,499.3,0.9311193311607038,0.9577466809861974,1.0,0.0,4.325649708197588,12.521838725159702
Все категории,balanced_future_reference,regularized_noise,20,step,cusum,common_balanced_ids,499.3,1516.7,499.3,0.42245628991700024,499.3,0.8409964119482041,499.3,0.9311193311607038,0.9577466809861974,1.0,0.0,4.325649708197588,12.521838725159702
Все категории,balanced_future_reference,regularized_noise,20,step,ewma,all_eligible,499.3,1516.7,499.3,0.5332794152432656,499.3,0.8217966158035649,499.3,0.910670420685807,0.9487990197515691,0.0,0.0,2.1405904144402066,7.793833197978815
Все категории,balanced_future_reference,regularized_noise,20,step,ewma,common_balanced_ids,499.3,1516.7,499.3,0.5332794152432656,499.3,0.8217966158035649,499.3,0.910670420685807,0.9487990197515691,0.0,0.0,2.1405904144402066,7.793833197978815
Все категории,balanced_future_reference,regularized_noise,20,step,rolling_3m,all_eligible,499.3,1516.7,499.3,0.03188911113273664,499.3,0.49508795510443315,499.3,0.7889976487991577,0.81996792338047,1.0,0.0,0.4389081777290311,1.7940490302643624
Все категории,balanced_future_reference,regularized_noise,20,step,rolling_3m,common_balanced_ids,499.3,1516.7,499.3,0.03188911113273664,499.3,0.49508795510443315,499.3,0.7889976487991577,0.81996792338047,1.0,0.0,0.4389081777290311,1.7940490302643624
Все категории,balanced_future_reference,regularized_noise,20,step,spike,all_eligible,499.3,1516.7,499.3,0.6039191133857382,499.3,0.665405963732639,499.3,0.6910748029039907,0.7348307493613151,0.0,0.0,0.3563222068518276,1.3094506091614573
Все категории,balanced_future_reference,regularized_noise,20,step,spike,common_balanced_ids,499.3,1516.7,499.3,0.6039191133857382,499.3,0.665405963732639,499.3,0.6910748029039907,0.7348307493613151,0.0,0.0,0.3563222068518276,1.3094506091614573
Здоровье,asof_june,raw,-20,pulse,cusum,all_eligible,501.0,1523.0,500.7,0.008794150026343367,499.6,0.015933962214578684,499.6,0.024101546911872905,0.06627682383534081,3.2,2.8,0.32218552715007365,7.6379387106665515
Здоровье,asof_june,raw,-20,pulse,cusum,common_balanced_ids,499.3,1516.7,499.3,0.008235567642138036,499.3,0.01575128956686498,499.3,0.023923202100333735,0.06592299246499345,3.25,0.0,0.32313289521092387,7.539143600058564
Здоровье,asof_june,raw,-20,pulse,ewma,all_eligible,501.0,1523.0,500.7,0.011187704160136046,499.6,0.012626258472855372,499.6,0.01384290515948125,0.016390560688007698,0.15,2.8,0.02306169426523306,1.6966294039434016
Здоровье,asof_june,raw,-20,pulse,ewma,common_balanced_ids,499.3,1516.7,499.3,0.010830754865899454,499.3,0.012634570488967134,499.3,0.013852058728089058,0.01605659762028199,0.15,0.0,0.023129999413594275,1.644366507531398
Здоровье,asof_june,raw,-20,pulse,rolling_3m,all_eligible,501.0,1523.0,500.7,0.0010017394059222196,499.6,0.004006508029363986,499.6,0.00765618433394,0.007633825957441008,1.55,2.8,0.013192149746229486,0.7664307620936077
Здоровье,asof_june,raw,-20,pulse,rolling_3m,common_balanced_ids,499.3,1516.7,499.3,0.0010032682796582877,499.3,0.004009877168466981,499.3,0.007662617515914053,0.007662617515914053,1.55,0.0,0.013231659692086714,0.7026473887164869
Здоровье,asof_june,raw,-20,pulse,spike,all_eligible,501.0,1523.0,500.7,0.010443799830251805,499.6,0.010075289594341381,499.6,0.010075289594341381,0.01043604079173947,0.0,2.8,0.008777137982802984,0.6317738437783056
Здоровье,asof_june,raw,-20,pulse,spike,common_balanced_ids,499.3,1516.7,499.3,0.010083524490442423,499.3,0.010083524490442423,499.3,0.010083524490442423,0.010083524490442423,0.0,0.0,0.008802716182257444,0.5763561461070729
Здоровье,asof_june,raw,-20,ramp,cusum,all_eligible,501.0,1523.0,499.6,0.000614224490965977,499.6,0.0025900489404477446,499.5,0.02111175793806155,0.21073439564261937,4.0,2.5,1.1580559457285635,8.839257060490459
Здоровье,asof_june,raw,-20,ramp,cusum,common_balanced_ids,499.3,1516.7,499.3,0.0006147238517841297,499.3,0.0025917720700046037,499.3,0.021124140496169848,0.21148931497795947,4.0,0.0,1.1613246590147182,8.728985860522242
Здоровье,asof_june,raw,-20,ramp,ewma,all_eligible,501.0,1523.0,499.6,0.0021726643243306096,499.6,0.006425839449733059,499.5,0.016276968505250268,0.0721545358123846,3.9,2.5,0.4356071229781359,1.8624906625905127
Здоровье,asof_june,raw,-20,ramp,ewma,common_balanced_ids,499.3,1516.7,499.3,0.0021735058768266543,499.3,0.006429823629670291,499.3,0.016286433483019783,0.07241780164294605,3.9,0.0,0.4262895779096095,1.7989788209604107
Здоровье,asof_june,raw,-20,ramp,rolling_3m,all_eligible,501.0,1523.0,499.6,0.0006146052170868347,499.6,0.0028178432548581563,499.5,0.005641456903224111,0.019803965172923703,3.3,2.5,0.13292869857065778,0.850038021428816
Здоровье,asof_june,raw,-20,ramp,rolling_3m,common_balanced_ids,499.3,1516.7,499.3,0.000615486794147649,499.3,0.0028204094014704683,499.3,0.00564471667524079,0.01987664365009023,3.3,0.0,0.13330094482096028,0.7731629455783698
Здоровье,asof_june,raw,-20,ramp,spike,all_eligible,501.0,1523.0,499.6,0.0010247774356942334,499.6,0.002209744862267312,499.5,0.003611445430726741,0.016159081544260684,3.3,2.5,0.08031480762190465,0.6752753828153264
Здоровье,asof_june,raw,-20,ramp,spike,common_balanced_ids,499.3,1516.7,499.3,0.0010256975727604084,499.3,0.0022110857755815094,499.3,0.0036137064811071137,0.016213342736637822,3.3,0.0,0.08054372161173666,0.608425452014094
Здоровье,asof_june,raw,-20,step,cusum,all_eligible,501.0,1523.0,500.7,0.008794150026343367,499.6,0.03493183844522619,499.6,0.18215191464807495,0.7337377065931686,3.0,2.8,2.034146023824894,7.6379387106665515
Здоровье,asof_june,raw,-20,step,cusum,common_balanced_ids,499.3,1516.7,499.3,0.008235567642138036,499.3,0.03476405892268998,499.3,0.18208564934110644,0.7352897642677202,3.0,0.0,2.0401823410895323,7.539143600058564
Здоровье,asof_june,raw,-20,step,ewma,all_eligible,501.0,1523.0,500.7,0.011187704160136046,499.6,0.0323253448753441,499.6,0.068059002048992,0.2098192532068351,3.0,2.8,0.5899691743765467,1.6966294039434016
Здоровье,asof_june,raw,-20,step,ewma,common_balanced_ids,499.3,1516.7,499.3,0.010830754865899454,499.3,0.03215461991907174,499.3,0.06791398050265907,0.20897856963369077,3.0,0.0,0.5829397980693704,1.644366507531398
Здоровье,asof_june,raw,-20,step,rolling_3m,all_eligible,501.0,1523.0,500.7,0.0010017394059222196,499.6,0.013475771634805886,499.6,0.02749850821156774,0.06763713032939724,3.05,2.8,0.17659327073936965,0.7664307620936077
Здоровье,asof_june,raw,-20,step,rolling_3m,common_balanced_ids,499.3,1516.7,499.3,0.0010032682796582877,499.3,0.013485768220469147,499.3,0.027323876195368867,0.06768715605335293,3.05,0.0,0.17711412038123003,0.7026473887164869
Здоровье,asof_june,raw,-20,step,spike,all_eligible,501.0,1523.0,500.7,0.010443799830251805,499.6,0.01972330214641101,499.6,0.02517628804580836,0.04182911291659193,1.65,2.8,0.09432176366761555,0.6317738437783056
Здоровье,asof_june,raw,-20,step,spike,common_balanced_ids,499.3,1516.7,499.3,0.010083524490442423,499.3,0.019738087369061595,499.3,0.02519471525671828,0.04158769148231173,1.7,0.0,0.09460283159994205,0.5763561461070729
Здоровье,asof_june,raw,20,pulse,cusum,all_eligible,501.0,1523.0,500.7,0.01457606910692682,499.6,0.02685721191693762,499.6,0.04514415794033922,0.10912408052209269,2.9,2.8,0.09983801749689339,7.6379387106665515
Здоровье,asof_june,raw,20,pulse,cusum,common_balanced_ids,499.3,1516.7,499.3,0.014619385455186897,499.3,0.026871887772501886,499.3,0.045169947712337954,0.10951999070516509,2.9,0.0,0.10013373541407204,7.539143600058564
Здоровье,asof_june,raw,20,pulse,ewma,all_eligible,501.0,1523.0,500.7,0.006773864634653672,499.6,0.010617099271093697,499.6,0.012399092540980696,0.016775904033581555,0.85,2.8,0.03846765797281168,1.6966294039434016
Здоровье,asof_june,raw,20,pulse,ewma,common_balanced_ids,499.3,1516.7,499.3,0.006793267590843405,499.3,0.010624834806376587,499.3,0.012407631068754268,0.01683593424522461,0.85,0.0,0.03858075721750094,1.644366507531398
Здоровье,asof_june,raw,20,pulse,rolling_3m,all_eligible,501.0,1523.0,500.7,0.0016127384138838509,499.6,0.003422182806093952,499.6,0.004812448991574773,0.004799690543721502,1.0,2.8,0.014256208920396609,0.7664307620936077
Здоровье,asof_june,raw,20,pulse,rolling_3m,common_balanced_ids,499.3,1516.7,499.3,0.0016173812844873792,499.3,0.0034244052964689637,499.3,0.004815895250688491,0.004815895250688491,1.0,0.0,0.014297918632896442,0.7026473887164869
Здоровье,asof_june,raw,20,pulse,spike,all_eligible,501.0,1523.0,500.7,0.00784190033979049,499.6,0.007861142177403389,499.6,0.007861142177403389,0.007835434474363542,0.0,2.8,0.017548993399805757,0.6317738437783056
Здоровье,asof_june,raw,20,pulse,spike,common_balanced_ids,499.3,1516.7,499.3,0.00786528352648088,499.3,0.00786528352648088,499.3,0.00786528352648088,0.00786528352648088,0.0,0.0,0.017600717040925862,0.5763561461070729
Здоровье,asof_june,raw,20,ramp,cusum,all_eligible,501.0,1523.0,499.6,0.004218700524354468,499.6,0.01623321596861827,499.5,0.06060880923188654,0.1980998413682575,3.05,2.5,0.3631729152893761,8.839257060490459
Здоровье,asof_june,raw,20,ramp,cusum,common_balanced_ids,499.3,1516.7,499.3,0.004220540798486818,499.3,0.016241646593864935,499.3,0.060634965992590106,0.19797223993173882,3.05,0.0,0.36419266920095217,8.728985860522242
Здоровье,asof_june,raw,20,ramp,ewma,all_eligible,501.0,1523.0,499.6,0.0028220862822825364,499.6,0.007807613572351458,499.5,0.02716086024933041,0.10484881467355425,3.0,2.5,0.13429269430050067,1.8624906625905127
Здоровье,asof_june,raw,20,ramp,ewma,common_balanced_ids,499.3,1516.7,499.3,0.002824690988900209,499.3,0.007813243761834825,499.3,0.027172244085802398,0.10481997304735069,3.0,0.0,0.13466567498543547,1.7989788209604107
Здоровье,asof_june,raw,20,ramp,rolling_3m,all_eligible,501.0,1523.0,499.6,0.0,499.6,0.0011823199143715804,499.5,0.00891203918756221,0.04454756148188983,3.4,2.5,0.02495318191640812,0.850038021428816
Здоровье,asof_june,raw,20,ramp,rolling_3m,common_balanced_ids,499.3,1516.7,499.3,0.0,499.3,0.0011831229068622643,499.3,0.00891540539754639,0.04470015175119504,3.4,0.0,0.02502368034435335,0.7731629455783698
Здоровье,asof_june,raw,20,ramp,spike,all_eligible,501.0,1523.0,499.6,0.0009992589692381603,499.6,0.004423015222155409,499.5,0.008831090623871815,0.02305034501669801,3.1,2.5,0.038183734670740696,0.6752753828153264
Здоровье,asof_june,raw,20,ramp,spike,common_balanced_ids,499.3,1516.7,499.3,0.001000100521734205,499.3,0.00442688225751715,499.3,0.008836033500880584,0.02313470919378873,3.1,0.0,0.03829036141838392,0.608425452014094
Здоровье,asof_june,raw,20,step,cusum,all_eligible,501.0,1523.0,500.7,0.01457606910692682,499.6,0.06670785451823649,499.6,0.1723677162089284,0.5619138376194777,3.0,2.8,0.6502966061054954,7.6379387106665515
Здоровье,asof_june,raw,20,step,cusum,common_balanced_ids,499.3,1516.7,499.3,0.014619385455186897,499.3,0.06674510039834758,499.3,0.17247185215065153,0.5630377952941811,3.0,0.0,0.652221075857796,7.539143600058564
Здоровье,asof_june,raw,20,step,ewma,all_eligible,501.0,1523.0,500.7,0.006773864634653672,499.6,0.04057582150699739,499.6,0.0812253288367053,0.1907896207523606,2.95,2.8,0.1952001668130843,1.6966294039434016
Здоровье,asof_june,raw,20,step,ewma,common_balanced_ids,499.3,1516.7,499.3,0.006793267590843405,499.3,0.04059707700706798,499.3,0.08126911433675794,0.18982686454990216,2.9,0.0,0.19577052579595572,1.644366507531398
Здоровье,asof_june,raw,20,step,rolling_3m,all_eligible,501.0,1523.0,500.7,0.0016127384138838509,499.6,0.009828241852313334,499.6,0.03829394457294895,0.0906548484300544,2.8,2.8,0.04058838190164794,0.7664307620936077
Здоровье,asof_june,raw,20,step,rolling_3m,common_balanced_ids,499.3,1516.7,499.3,0.0016173812844873792,499.3,0.0098352129551109,499.3,0.038313899184270105,0.0901659831645171,2.85,0.0,0.04071087742233297,0.7026473887164869
Здоровье,asof_june,raw,20,step,spike,all_eligible,501.0,1523.0,500.7,0.00784190033979049,499.6,0.017426626198387876,499.6,0.02599047100878172,0.05739719990877864,2.7,2.8,0.05704346661491751,0.6317738437783056
Здоровье,asof_june,raw,20,step,spike,common_balanced_ids,499.3,1516.7,499.3,0.00786528352648088,499.3,0.017436622784051135,499.3,0.026005099062292043,0.05740371589798786,2.7,0.0,0.05721172887566409,0.5763561461070729
Здоровье,asof_june,regularized_noise,-20,pulse,cusum,all_eligible,501.0,1523.0,500.7,0.05948937929070899,499.6,0.10701226301579773,499.6,0.1483276531567163,0.25357069908130897,2.0,2.8,0.9947565630852507,14.153519910332388
Здоровье,asof_june,regularized_noise,-20,pulse,cusum,common_balanced_ids,499.3,1516.7,499.3,0.05966308728325644,499.3,0.10707970036753349,499.3,0.1484228221441803,0.25445638789655617,2.0,0.0,0.9976890736046233,14.100252271988419
Здоровье,asof_june,regularized_noise,-20,pulse,ewma,all_eligible,501.0,1523.0,500.7,0.08841634580769643,499.6,0.09895839517484127,499.6,0.10395201726512335,0.10963040624017202,0.0,2.8,0.20602287792930177,4.361165415983965
Здоровье,asof_june,regularized_noise,-20,pulse,ewma,common_balanced_ids,499.3,1516.7,499.3,0.08828548133523804,499.3,0.09902484451154872,499.3,0.10402179571636902,0.10963095327222212,0.0,0.0,0.20662659997852578,4.321166320705405
Здоровье,asof_june,regularized_noise,-20,pulse,rolling_3m,all_eligible,501.0,1523.0,500.7,0.003768915070196571,499.6,0.011011519130198736,499.6,0.014428037964352724,0.014390388061609522,0.9,2.8,0.03616805991192541,1.2404235196812046
Здоровье,asof_june,regularized_noise,-20,pulse,rolling_3m,common_balanced_ids,499.3,1516.7,499.3,0.003781271087549764,499.3,0.011020322729639478,499.3,0.014439788462089032,0.014439788462089032,0.9,0.0,0.03627242910510087,1.2177166297399968
Здоровье,asof_june,regularized_noise,-20,pulse,spike,all_eligible,501.0,1523.0,500.7,0.10294903903769426,499.6,0.10278627899549038,499.6,0.10278627899549038,0.10288512035471857,0.0,2.8,0.017500414510447076,1.2371755804687457
Здоровье,asof_june,regularized_noise,-20,pulse,spike,common_balanced_ids,499.3,1516.7,499.3,0.10285318766845122,499.3,0.10285318766845122,499.3,0.10285318766845122,0.10285318766845122,0.0,0.0,0.017551843798946087,1.221023347932621
Здоровье,asof_june,regularized_noise,-20,ramp,cusum,all_eligible,501.0,1523.0,499.6,0.004464884774382843,499.6,0.04575323122470421,499.5,0.17916035936935681,0.5701387876436824,3.0,2.5,2.574046790242885,16.610662044498007
Здоровье,asof_june,regularized_noise,-20,ramp,cusum,common_balanced_ids,499.3,1516.7,499.3,0.0044679888418186695,499.3,0.0457813450766751,499.3,0.17923775732088304,0.571507216586795,3.0,0.0,2.5812850217638124,16.56422085126156
Здоровье,asof_june,regularized_noise,-20,ramp,ewma,all_eligible,501.0,1523.0,499.6,0.0028128666441574763,499.6,0.02158616538896612,499.5,0.100896276753899,0.4790281011369785,3.05,2.5,1.446013389893349,5.0106162732016895
Здоровье,asof_june,regularized_noise,-20,ramp,ewma,common_balanced_ids,499.3,1516.7,499.3,0.002815354206199658,499.3,0.021602585914554853,499.3,0.10094691214593601,0.4800760639837988,3.05,0.0,1.4500704072847714,4.961189689235068
Здоровье,asof_june,regularized_noise,-20,ramp,rolling_3m,all_eligible,501.0,1523.0,499.6,0.0013997521960811051,499.6,0.004174725618310162,499.5,0.01356077545787352,0.16381590571584664,4.0,2.5,0.381633913485752,1.4400539145816047
Здоровье,asof_june,regularized_noise,-20,ramp,rolling_3m,common_balanced_ids,499.3,1516.7,499.3,0.0014005937485771498,499.3,0.004176830964109683,499.3,0.013566217695700438,0.16378326301443752,4.0,0.0,0.3826981793960713,1.4124433946797494
Здоровье,asof_june,regularized_noise,-20,ramp,spike,all_eligible,501.0,1523.0,499.6,0.0016049755326925954,499.6,0.004275376762598798,499.5,0.0229107212911223,0.14824654624171568,4.0,2.5,0.27490581894468813,1.371657246534051
Здоровье,asof_june,regularized_noise,-20,ramp,spike,common_balanced_ids,499.3,1516.7,499.3,0.0016062393259960715,499.3,0.004280203959591483,499.3,0.022920607045139835,0.14775182597417894,4.0,0.0,0.27567028446624586,1.3517320675569207
Здоровье,asof_june,regularized_noise,-20,step,cusum,all_eligible,501.0,1523.0,500.7,0.05948937929070899,499.6,0.501823591274715,499.6,0.68415533337176,0.8123244191234672,1.0,2.8,4.738602486847293,14.153519910332388
Здоровье,asof_june,regularized_noise,-20,step,cusum,common_balanced_ids,499.3,1516.7,499.3,0.05966308728325644,499.3,0.5021407627396559,499.3,0.6845824541984451,0.8138860208991113,1.0,0.0,4.752645554310221,14.100252271988419
Здоровье,asof_june,regularized_noise,-20,step,ewma,all_eligible,501.0,1523.0,500.7,0.08841634580769643,499.6,0.43684903874997616,499.6,0.5756583830817414,0.7145310360041819,1.0,2.8,1.9286212030144356,4.361165415983965
Здоровье,asof_june,regularized_noise,-20,step,ewma,common_balanced_ids,499.3,1516.7,499.3,0.08828548133523804,499.3,0.4371352188071721,499.3,0.5760188280600574,0.7153858967004654,1.0,0.0,1.9343304169085873,4.321166320705405
Здоровье,asof_june,regularized_noise,-20,step,rolling_3m,all_eligible,501.0,1523.0,500.7,0.003768915070196571,499.6,0.0647515444514966,499.6,0.348077702365668,0.471929473408605,2.0,2.8,0.5409381278443447,1.2404235196812046
Здоровье,asof_june,regularized_noise,-20,step,rolling_3m,common_balanced_ids,499.3,1516.7,499.3,0.003781271087549764,499.3,0.06479691406862251,499.3,0.3483041992177599,0.471932712337695,2.0,0.0,0.5425433293655185,1.2177166297399968
Здоровье,asof_june,regularized_noise,-20,step,spike,all_eligible,501.0,1523.0,500.7,0.10294903903769426,499.6,0.1597487911601481,499.6,0.21878185451265594,0.3106509158345999,1.4,2.8,0.2772293829137183,1.2371755804687457
Здоровье,asof_june,regularized_noise,-20,step,spike,common_balanced_ids,499.3,1516.7,499.3,0.10285318766845122,499.3,0.15985305654486576,499.3,0.21892413473089983,0.31010523239658405,1.4,0.0,0.2780426422092653,1.221023347932621
Здоровье,asof_june,regularized_noise,20,pulse,cusum,all_eligible,501.0,1523.0,500.7,0.04575843987462277,499.6,0.09436299149203133,499.6,0.14697548700450985,0.22492545443221576,1.95,2.8,0.6783453424040008,14.153519910332388
Здоровье,asof_june,regularized_noise,20,pulse,cusum,common_balanced_ids,499.3,1516.7,499.3,0.04588795009981844,499.3,0.09441955699397277,499.3,0.1470601370404654,0.2257058147767185,1.95,0.0,0.680328329840808,14.100252271988419
Здоровье,asof_june,regularized_noise,20,pulse,ewma,all_eligible,501.0,1523.0,500.7,0.05881671255407963,499.6,0.06813935479698115,499.6,0.07805191372040168,0.08581647723441561,0.0,2.8,0.07238383410434636,4.361165415983965
Здоровье,asof_june,regularized_noise,20,pulse,ewma,common_balanced_ids,499.3,1516.7,499.3,0.05898437998440968,499.3,0.06818160511913338,499.3,0.07809917772664364,0.08611216871439306,0.0,0.0,0.07259729800156901,4.321166320705405
Здоровье,asof_june,regularized_noise,20,pulse,rolling_3m,all_eligible,501.0,1523.0,500.7,0.003793765176219827,499.6,0.008794530092843273,499.6,0.0170269736657992,0.0169789972527884,1.45,2.8,0.014244552634324396,1.2404235196812046
Здоровье,asof_june,regularized_noise,20,pulse,rolling_3m,common_balanced_ids,499.3,1516.7,499.3,0.0038039290543126674,499.3,0.008798397128205012,499.3,0.017036548010655034,0.017036548010655034,1.45,0.0,0.01428456764931479,1.2177166297399968
Здоровье,asof_june,regularized_noise,20,pulse,spike,all_eligible,501.0,1523.0,500.7,0.051176747209982075,499.6,0.051296942917614365,499.6,0.051296942917614365,0.0511460203878402,0.0,2.8,0.017538866934003836,1.2371755804687457
Здоровье,asof_june,regularized_noise,20,pulse,spike,common_balanced_ids,499.3,1516.7,499.3,0.05132897160700094,499.3,0.05132897160700094,499.3,0.05132897160700094,0.05132897160700094,0.0,0.0,0.017591888851738114,1.221023347932621
Здоровье,asof_june,regularized_noise,20,ramp,cusum,all_eligible,501.0,1523.0,499.6,0.004992439176079424,499.6,0.05332211443712877,499.5,0.1547184133626799,0.41869051990902406,3.0,2.5,2.1615417831823063,16.610662044498007
Здоровье,asof_june,regularized_noise,20,ramp,cusum,common_balanced_ids,499.3,1516.7,499.3,0.004994162305636283,499.3,0.05335130413074668,499.3,0.15478363665641084,0.42011545788687366,3.0,0.0,2.1675503061627497,16.56422085126156
Здоровье,asof_june,regularized_noise,20,ramp,ewma,all_eligible,501.0,1523.0,499.6,0.004586970033161092,499.6,0.04113580304229407,499.5,0.10124375331139898,0.33388559942156437,3.0,2.5,0.7974671004654791,5.0106162732016895
Здоровье,asof_june,regularized_noise,20,ramp,ewma,common_balanced_ids,499.3,1516.7,499.3,0.0045903377077046795,499.3,0.04115866745646484,499.3,0.10128657897726119,0.3350268354906596,3.0,0.0,0.7996976571946465,4.961189689235068
Здоровье,asof_june,regularized_noise,20,ramp,rolling_3m,all_eligible,501.0,1523.0,499.6,0.0012055417892527045,499.6,0.008622611327482621,499.5,0.029401216557888903,0.12051333938333235,3.3,2.5,0.10783112636426688,1.4400539145816047
Здоровье,asof_june,regularized_noise,20,ramp,rolling_3m,common_balanced_ids,499.3,1516.7,499.3,0.001205962565500727,499.3,0.008627780716153197,499.3,0.029413441946856946,0.12092858594570624,3.3,0.0,0.10813064646063406,1.4124433946797494
Здоровье,asof_june,regularized_noise,20,ramp,spike,all_eligible,501.0,1523.0,499.6,0.0028098428849659537,499.6,0.008350105720960224,499.5,0.03078518085977336,0.11472553216310419,3.1,2.5,0.09479169365385105,1.371657246534051
Здоровье,asof_june,regularized_noise,20,ramp,spike,common_balanced_ids,499.3,1516.7,499.3,0.0028111837982801513,499.3,0.008354314947999856,499.3,0.030798247801237445,0.11511566570707688,3.1,0.0,0.09505427548913134,1.3517320675569207
Здоровье,asof_june,regularized_noise,20,step,cusum,all_eligible,501.0,1523.0,500.7,0.04575843987462277,499.6,0.295831507619405,499.6,0.5452374352260173,0.8192493993917278,2.0,2.8,4.132284526787237,14.153519910332388
Здоровье,asof_june,regularized_noise,20,step,cusum,common_balanced_ids,499.3,1516.7,499.3,0.04588795009981844,499.3,0.296004199380754,499.3,0.5455653135941231,0.8216761289670973,2.0,0.0,4.135583943000051,14.100252271988419
Здоровье,asof_june,regularized_noise,20,step,ewma,all_eligible,501.0,1523.0,500.7,0.05881671255407963,499.6,0.24169812412926345,499.6,0.38352293992705644,0.5767787080493131,2.0,2.8,0.9767289009409834,4.361165415983965
Здоровье,asof_june,regularized_noise,20,step,ewma,common_balanced_ids,499.3,1516.7,499.3,0.05898437998440968,499.3,0.24184065386419618,499.3,0.3837517330057232,0.5783218494566857,2.0,0.0,0.9796109886757998,4.321166320705405
Здоровье,asof_june,regularized_noise,20,step,rolling_3m,all_eligible,501.0,1523.0,500.7,0.003793765176219827,499.6,0.040164165059107006,499.6,0.17927923626282005,0.29187521648755477,2.0,2.8,0.17091844501384998,1.2404235196812046
Здоровье,asof_june,regularized_noise,20,step,rolling_3m,common_balanced_ids,499.3,1516.7,499.3,0.0038039290543126674,499.3,0.04018825177745708,499.3,0.17939164386864967,0.29227492678454103,2.0,0.0,0.17141806543611082,1.2177166297399968
Здоровье,asof_june,regularized_noise,20,step,spike,all_eligible,501.0,1523.0,500.7,0.051176747209982075,499.6,0.10206366838193962,499.6,0.14796810969166513,0.22729691755010348,1.8,2.8,0.13942988285208793,1.2371755804687457
Здоровье,asof_june,regularized_noise,20,step,spike,common_balanced_ids,499.3,1516.7,499.3,0.05132897160700094,499.3,0.10212777515457774,499.3,0.14806458103243797,0.22808271732019544,1.8,0.0,0.13984444823459996,1.221023347932621
Здоровье,balanced_future_reference,raw,-20,pulse,cusum,all_eligible,499.3,1516.7,499.3,0.00886114984666761,499.3,0.020501936655006815,499.3,0.02832879293045415,0.08261299417431958,3.25,0.0,0.5510746878832499,8.616132408568049
Здоровье,balanced_future_reference,raw,-20,pulse,cusum,common_balanced_ids,499.3,1516.7,499.3,0.00886114984666761,499.3,0.020501936655006815,499.3,0.02832879293045415,0.08261299417431958,3.25,0.0,0.5510746878832499,8.616132408568049
Здоровье,balanced_future_reference,raw,-20,pulse,ewma,all_eligible,499.3,1516.7,499.3,0.0126387018913176,499.3,0.018309264622072528,499.3,0.019480409169102396,0.020702652012692408,0.3,0.0,0.07819627077151911,2.302612245279621
Здоровье,balanced_future_reference,raw,-20,pulse,ewma,common_balanced_ids,499.3,1516.7,499.3,0.0126387018913176,499.3,0.018309264622072528,499.3,0.019480409169102396,0.020702652012692408,0.3,0.0,0.07819627077151911,2.302612245279621
Здоровье,balanced_future_reference,raw,-20,pulse,rolling_3m,all_eligible,499.3,1516.7,499.3,0.0010032682796582877,499.3,0.004009877168466981,499.3,0.00808474386085919,0.00808474386085919,1.6,0.0,0.00987819071075439,0.7279443371137332
Здоровье,balanced_future_reference,raw,-20,pulse,rolling_3m,common_balanced_ids,499.3,1516.7,499.3,0.0010032682796582877,499.3,0.004009877168466981,499.3,0.00808474386085919,0.00808474386085919,1.6,0.0,0.00987819071075439,0.7279443371137332
Здоровье,balanced_future_reference,raw,-20,pulse,spike,all_eligible,499.3,1516.7,499.3,0.011643526631955923,499.3,0.011643526631955923,499.3,0.011643526631955923,0.011643526631955923,0.0,0.0,0.02528423809714206,0.7456889437348401
Здоровье,balanced_future_reference,raw,-20,pulse,spike,common_balanced_ids,499.3,1516.7,499.3,0.011643526631955923,499.3,0.011643526631955923,499.3,0.011643526631955923,0.011643526631955923,0.0,0.0,0.02528423809714206,0.7456889437348401
Здоровье,balanced_future_reference,raw,-20,ramp,cusum,all_eligible,499.3,1516.7,499.3,0.0024164245846164173,499.3,0.007246553861350011,499.3,0.03088669240113433,0.2758076407745901,4.0,0.0,1.3418263586047547,9.98180894826352
Здоровье,balanced_future_reference,raw,-20,ramp,cusum,common_balanced_ids,499.3,1516.7,499.3,0.0024164245846164173,499.3,0.007246553861350011,499.3,0.03088669240113433,0.2758076407745901,4.0,0.0,1.3418263586047547,9.98180894826352
Здоровье,balanced_future_reference,raw,-20,ramp,ewma,all_eligible,499.3,1516.7,499.3,0.0006143401366542422,499.3,0.006872198673524982,499.3,0.01832180030099987,0.10376333174843175,4.0,0.0,0.5887029939536499,2.558545676505139
Здоровье,balanced_future_reference,raw,-20,ramp,ewma,common_balanced_ids,499.3,1516.7,499.3,0.0006143401366542422,499.3,0.006872198673524982,499.3,0.01832180030099987,0.10376333174843175,4.0,0.0,0.5887029939536499,2.558545676505139
Здоровье,balanced_future_reference,raw,-20,ramp,rolling_3m,all_eligible,499.3,1516.7,499.3,0.000615486794147649,499.3,0.0028204094014704683,499.3,0.006073769130808137,0.0202776771753678,3.2,0.0,0.1530155537502143,0.7929560242363566
Здоровье,balanced_future_reference,raw,-20,ramp,rolling_3m,common_balanced_ids,499.3,1516.7,499.3,0.000615486794147649,499.3,0.0028204094014704683,499.3,0.006073769130808137,0.0202776771753678,3.2,0.0,0.1530155537502143,0.7929560242363566
Здоровье,balanced_future_reference,raw,-20,ramp,spike,all_eligible,499.3,1516.7,499.3,0.0,499.3,0.0,499.3,0.0026052589297975116,0.025732880829517107,3.8,0.0,0.11872585884456066,0.7601054028563211
Здоровье,balanced_future_reference,raw,-20,ramp,spike,common_balanced_ids,499.3,1516.7,499.3,0.0,499.3,0.0,499.3,0.0026052589297975116,0.025732880829517107,3.8,0.0,0.11872585884456066,0.7601054028563211
Здоровье,balanced_future_reference,raw,-20,step,cusum,all_eligible,499.3,1516.7,499.3,0.00886114984666761,499.3,0.052377487105902974,499.3,0.283075879428403,0.7662245324302318,3.0,0.0,2.269678247035455,8.616132408568049
Здоровье,balanced_future_reference,raw,-20,step,cusum,common_balanced_ids,499.3,1516.7,499.3,0.00886114984666761,499.3,0.052377487105902974,499.3,0.283075879428403,0.7662245324302318,3.0,0.0,2.269678247035455,8.616132408568049
Здоровье,balanced_future_reference,raw,-20,step,ewma,all_eligible,499.3,1516.7,499.3,0.0126387018913176,499.3,0.04560575630139346,499.3,0.10721560058906617,0.315789560989801,3.0,0.0,0.7248797598773129,2.302612245279621
Здоровье,balanced_future_reference,raw,-20,step,ewma,common_balanced_ids,499.3,1516.7,499.3,0.0126387018913176,499.3,0.04560575630139346,499.3,0.10721560058906617,0.315789560989801,3.0,0.0,0.7248797598773129,2.302612245279621
Здоровье,balanced_future_reference,raw,-20,step,rolling_3m,all_eligible,499.3,1516.7,499.3,0.0010032682796582877,499.3,0.014879819573553976,499.3,0.028974704655069166,0.06932999486926478,3.0,0.0,0.1902920127189186,0.7279443371137332
Здоровье,balanced_future_reference,raw,-20,step,rolling_3m,common_balanced_ids,499.3,1516.7,499.3,0.0010032682796582877,499.3,0.014879819573553976,499.3,0.028974704655069166,0.06932999486926478,3.0,0.0,0.1902920127189186,0.7279443371137332
Здоровье,balanced_future_reference,raw,-20,step,spike,all_eligible,499.3,1516.7,499.3,0.011643526631955923,499.3,0.024348292602509522,499.3,0.03156506032761662,0.05743647478059223,2.25,0.0,0.16276877320249195,0.7456889437348401
Здоровье,balanced_future_reference,raw,-20,step,spike,common_balanced_ids,499.3,1516.7,499.3,0.011643526631955923,499.3,0.024348292602509522,499.3,0.03156506032761662,0.05743647478059223,2.25,0.0,0.16276877320249195,0.7456889437348401
Здоровье,balanced_future_reference,raw,20,pulse,cusum,all_eligible,499.3,1516.7,499.3,0.020988717068614254,499.3,0.0422860572825154,499.3,0.06344543774496669,0.12111164021472401,2.3,0.0,0.111092789975572,8.616132408568049
Здоровье,balanced_future_reference,raw,20,pulse,cusum,common_balanced_ids,499.3,1516.7,499.3,0.020988717068614254,499.3,0.0422860572825154,499.3,0.06344543774496669,0.12111164021472401,2.3,0.0,0.111092789975572,8.616132408568049
Здоровье,balanced_future_reference,raw,20,pulse,ewma,all_eligible,499.3,1516.7,499.3,0.017246868739987677,499.3,0.020972553147488544,499.3,0.0259292625768111,0.032553601032594234,0.5,0.0,0.031916453638488745,2.302612245279621
Здоровье,balanced_future_reference,raw,20,pulse,ewma,common_balanced_ids,499.3,1516.7,499.3,0.017246868739987677,499.3,0.020972553147488544,499.3,0.0259292625768111,0.032553601032594234,0.5,0.0,0.031916453638488745,2.302612245279621
Здоровье,balanced_future_reference,raw,20,pulse,rolling_3m,all_eligible,499.3,1516.7,499.3,0.0012110683781744727,499.3,0.003018092390156057,499.3,0.004409582344375585,0.004409582344375585,1.1,0.0,0.014297918632896442,0.7279443371137332
Здоровье,balanced_future_reference,raw,20,pulse,rolling_3m,common_balanced_ids,499.3,1516.7,499.3,0.0012110683781744727,499.3,0.003018092390156057,499.3,0.004409582344375585,0.004409582344375585,1.1,0.0,0.014297918632896442,0.7279443371137332
Здоровье,balanced_future_reference,raw,20,pulse,spike,all_eligible,499.3,1516.7,499.3,0.01063355911725294,499.3,0.01063355911725294,499.3,0.01063355911725294,0.01063355911725294,0.0,0.0,0.005519028486445534,0.7456889437348401
Здоровье,balanced_future_reference,raw,20,pulse,spike,common_balanced_ids,499.3,1516.7,499.3,0.01063355911725294,499.3,0.01063355911725294,499.3,0.01063355911725294,0.01063355911725294,0.0,0.0,0.005519028486445534,0.7456889437348401
Здоровье,balanced_future_reference,raw,20,ramp,cusum,all_eligible,499.3,1516.7,499.3,0.0019907403683918504,499.3,0.01628014520216459,499.3,0.057759541228427025,0.2164433071329858,3.0,0.0,0.505227284855676,9.98180894826352
Здоровье,balanced_future_reference,raw,20,ramp,cusum,common_balanced_ids,499.3,1516.7,499.3,0.0019907403683918504,499.3,0.01628014520216459,499.3,0.057759541228427025,0.2164433071329858,3.0,0.0,0.505227284855676,9.98180894826352
Здоровье,balanced_future_reference,raw,20,ramp,ewma,all_eligible,499.3,1516.7,499.3,0.0009980623576005192,499.3,0.011700836709472959,499.3,0.037567235631087784,0.13052951553823652,3.0,0.0,0.17429689976025525,2.558545676505139
Здоровье,balanced_future_reference,raw,20,ramp,ewma,common_balanced_ids,499.3,1516.7,499.3,0.0009980623576005192,499.3,0.011700836709472959,499.3,0.037567235631087784,0.13052951553823652,3.0,0.0,0.17429689976025525,2.558545676505139
Здоровье,balanced_future_reference,raw,20,ramp,rolling_3m,all_eligible,499.3,1516.7,499.3,0.0,499.3,0.0011831229068622643,499.3,0.00891540539754639,0.04692547515283589,3.4,0.0,0.038256235249963674,0.7929560242363566
Здоровье,balanced_future_reference,raw,20,ramp,rolling_3m,common_balanced_ids,499.3,1516.7,499.3,0.0,499.3,0.0011831229068622643,499.3,0.00891540539754639,0.04692547515283589,3.4,0.0,0.038256235249963674,0.7929560242363566
Здоровье,balanced_future_reference,raw,20,ramp,spike,all_eligible,499.3,1516.7,499.3,0.0014032286064200187,499.3,0.00342091298074568,499.3,0.012598414019912952,0.0386530210754765,3.2,0.0,0.04879237618155047,0.7601054028563211
Здоровье,balanced_future_reference,raw,20,ramp,spike,common_balanced_ids,499.3,1516.7,499.3,0.0014032286064200187,499.3,0.00342091298074568,499.3,0.012598414019912952,0.0386530210754765,3.2,0.0,0.04879237618155047,0.7601054028563211
Здоровье,balanced_future_reference,raw,20,step,cusum,all_eligible,499.3,1516.7,499.3,0.020988717068614254,499.3,0.08227672550190421,499.3,0.20899377577591016,0.6154955788312372,3.0,0.0,0.9664330505395592,8.616132408568049
Здоровье,balanced_future_reference,raw,20,step,cusum,common_balanced_ids,499.3,1516.7,499.3,0.020988717068614254,499.3,0.08227672550190421,499.3,0.20899377577591016,0.6154955788312372,3.0,0.0,0.9664330505395592,8.616132408568049
Здоровье,balanced_future_reference,raw,20,step,ewma,all_eligible,499.3,1516.7,499.3,0.017246868739987677,499.3,0.06531823742196322,499.3,0.12192961087450475,0.23982500339155446,2.5,0.0,0.21121001037772577,2.302612245279621
Здоровье,balanced_future_reference,raw,20,step,ewma,common_balanced_ids,499.3,1516.7,499.3,0.017246868739987677,499.3,0.06531823742196322,499.3,0.12192961087450475,0.23982500339155446,2.5,0.0,0.21121001037772577,2.302612245279621
Здоровье,balanced_future_reference,raw,20,step,rolling_3m,all_eligible,499.3,1516.7,499.3,0.0012110683781744727,499.3,0.009621950241848186,499.3,0.039298192444953375,0.09396600313934468,2.9,0.0,0.0769847181678396,0.7279443371137332
Здоровье,balanced_future_reference,raw,20,step,rolling_3m,common_balanced_ids,499.3,1516.7,499.3,0.0012110683781744727,499.3,0.009621950241848186,499.3,0.039298192444953375,0.09396600313934468,2.9,0.0,0.0769847181678396,0.7279443371137332
Здоровье,balanced_future_reference,raw,20,step,spike,all_eligible,499.3,1516.7,499.3,0.01063355911725294,499.3,0.023402737300731634,499.3,0.032424076836377484,0.07278574129396947,2.8,0.0,0.050538552110735956,0.7456889437348401
Здоровье,balanced_future_reference,raw,20,step,spike,common_balanced_ids,499.3,1516.7,499.3,0.01063355911725294,499.3,0.023402737300731634,499.3,0.032424076836377484,0.07278574129396947,2.8,0.0,0.050538552110735956,0.7456889437348401
Здоровье,balanced_future_reference,regularized_noise,-20,pulse,cusum,all_eligible,499.3,1516.7,499.3,0.06522877757539142,499.3,0.11554043059418513,499.3,0.16328192287560386,0.2686541140614756,1.95,0.0,1.0064895201088053,14.552881368710928
Здоровье,balanced_future_reference,regularized_noise,-20,pulse,cusum,common_balanced_ids,499.3,1516.7,499.3,0.06522877757539142,499.3,0.11554043059418513,499.3,0.16328192287560386,0.2686541140614756,1.95,0.0,1.0064895201088053,14.552881368710928
Здоровье,balanced_future_reference,regularized_noise,-20,pulse,ewma,all_eligible,499.3,1516.7,499.3,0.0910879701272578,499.3,0.10162463901772605,499.3,0.10642589550630369,0.11223074777839945,0.0,0.0,0.23968310593575737,4.345301090172702
Здоровье,balanced_future_reference,regularized_noise,-20,pulse,ewma,common_balanced_ids,499.3,1516.7,499.3,0.0910879701272578,499.3,0.10162463901772605,499.3,0.10642589550630369,0.11223074777839945,0.0,0.0,0.23968310593575737,4.345301090172702
Здоровье,balanced_future_reference,regularized_noise,-20,pulse,rolling_3m,all_eligible,499.3,1516.7,499.3,0.003986609896584671,499.3,0.011020322729639478,499.3,0.015635043401631278,0.015635043401631278,0.95,0.0,0.03627242910510087,1.2452180950009555
Здоровье,balanced_future_reference,regularized_noise,-20,pulse,rolling_3m,common_balanced_ids,499.3,1516.7,499.3,0.003986609896584671,499.3,0.011020322729639478,499.3,0.015635043401631278,0.015635043401631278,0.95,0.0,0.03627242910510087,1.2452180950009555
Здоровье,balanced_future_reference,regularized_noise,-20,pulse,spike,all_eligible,499.3,1516.7,499.3,0.11243963532324527,499.3,0.11243963532324527,499.3,0.11243963532324527,0.11243963532324527,0.0,0.0,0.017551843798946087,1.2649333737674682
Здоровье,balanced_future_reference,regularized_noise,-20,pulse,spike,common_balanced_ids,499.3,1516.7,499.3,0.11243963532324527,499.3,0.11243963532324527,499.3,0.11243963532324527,0.11243963532324527,0.0,0.0,0.017551843798946087,1.2649333737674682
Здоровье,balanced_future_reference,regularized_noise,-20,ramp,cusum,all_eligible,499.3,1516.7,499.3,0.00384836932412909,499.3,0.04975418418665749,499.3,0.18662046215264116,0.5765896784130108,3.0,0.0,2.6103708576520646,17.06514299779375
Здоровье,balanced_future_reference,regularized_noise,-20,ramp,cusum,common_balanced_ids,499.3,1516.7,499.3,0.00384836932412909,499.3,0.04975418418665749,499.3,0.18662046215264116,0.5765896784130108,3.0,0.0,2.6103708576520646,17.06514299779375
Здоровье,balanced_future_reference,regularized_noise,-20,ramp,ewma,all_eligible,499.3,1516.7,499.3,0.003020693015234566,499.3,0.022215044470380148,499.3,0.1029736784731726,0.4824831405785295,3.0,0.0,1.4605269468504327,4.990151412595824
Здоровье,balanced_future_reference,regularized_noise,-20,ramp,ewma,common_balanced_ids,499.3,1516.7,499.3,0.003020693015234566,499.3,0.022215044470380148,499.3,0.1029736784731726,0.4824831405785295,3.0,0.0,1.4605269468504327,4.990151412595824
Здоровье,balanced_future_reference,regularized_noise,-20,ramp,rolling_3m,all_eligible,499.3,1516.7,499.3,0.0014005937485771498,499.3,0.004778838586665251,499.3,0.014349380275800974,0.16957866581864195,4.0,0.0,0.3866920544912281,1.4454451529929
Здоровье,balanced_future_reference,regularized_noise,-20,ramp,rolling_3m,common_balanced_ids,499.3,1516.7,499.3,0.0014005937485771498,499.3,0.004778838586665251,499.3,0.014349380275800974,0.16957866581864195,4.0,0.0,0.3866920544912281,1.4454451529929
Здоровье,balanced_future_reference,regularized_noise,-20,ramp,spike,all_eligible,499.3,1516.7,499.3,0.0016062393259960715,499.3,0.004280203959591483,499.3,0.02372107126422206,0.1532403844491775,4.0,0.0,0.2665694578012777,1.4044240985587373
Здоровье,balanced_future_reference,regularized_noise,-20,ramp,spike,common_balanced_ids,499.3,1516.7,499.3,0.0016062393259960715,499.3,0.004280203959591483,499.3,0.02372107126422206,0.1532403844491775,4.0,0.0,0.2665694578012777,1.4044240985587373
Здоровье,balanced_future_reference,regularized_noise,-20,step,cusum,all_eligible,499.3,1516.7,499.3,0.06522877757539142,499.3,0.5209607511590997,499.3,0.6925584958223125,0.81465575269363,1.0,0.0,4.8640526574619,14.552881368710928
Здоровье,balanced_future_reference,regularized_noise,-20,step,cusum,common_balanced_ids,499.3,1516.7,499.3,0.06522877757539142,499.3,0.5209607511590997,499.3,0.6925584958223125,0.81465575269363,1.0,0.0,4.8640526574619,14.552881368710928
Здоровье,balanced_future_reference,regularized_noise,-20,step,ewma,all_eligible,499.3,1516.7,499.3,0.0910879701272578,499.3,0.43840852395262975,499.3,0.5762149064914299,0.7158333239935303,1.0,0.0,1.9497148299749703,4.345301090172702
Здоровье,balanced_future_reference,regularized_noise,-20,step,ewma,common_balanced_ids,499.3,1516.7,499.3,0.0910879701272578,499.3,0.43840852395262975,499.3,0.5762149064914299,0.7158333239935303,1.0,0.0,1.9497148299749703,4.345301090172702
Здоровье,balanced_future_reference,regularized_noise,-20,step,rolling_3m,all_eligible,499.3,1516.7,499.3,0.003986609896584671,499.3,0.06746621788755454,499.3,0.35746369512037635,0.47966748967156037,2.0,0.0,0.5381302618948538,1.2452180950009555
Здоровье,balanced_future_reference,regularized_noise,-20,step,rolling_3m,common_balanced_ids,499.3,1516.7,499.3,0.003986609896584671,499.3,0.06746621788755454,499.3,0.35746369512037635,0.47966748967156037,2.0,0.0,0.5381302618948538,1.2452180950009555
Здоровье,balanced_future_reference,regularized_noise,-20,step,spike,all_eligible,499.3,1516.7,499.3,0.11243963532324527,499.3,0.1720105447151528,499.3,0.2301414128455966,0.3182132906589602,1.1,0.0,0.28266381628598564,1.2649333737674682
Здоровье,balanced_future_reference,regularized_noise,-20,step,spike,common_balanced_ids,499.3,1516.7,499.3,0.11243963532324527,499.3,0.1720105447151528,499.3,0.2301414128455966,0.3182132906589602,1.1,0.0,0.28266381628598564,1.2649333737674682
Здоровье,balanced_future_reference,regularized_noise,20,pulse,cusum,all_eligible,499.3,1516.7,499.3,0.05315592762205943,499.3,0.10152014233600674,499.3,0.15496784649122447,0.23144603427989097,1.9,0.0,0.6741456490458505,14.552881368710928
Здоровье,balanced_future_reference,regularized_noise,20,pulse,cusum,common_balanced_ids,499.3,1516.7,499.3,0.05315592762205943,499.3,0.10152014233600674,499.3,0.15496784649122447,0.23144603427989097,1.9,0.0,0.6741456490458505,14.552881368710928
Здоровье,balanced_future_reference,regularized_noise,20,pulse,ewma,all_eligible,499.3,1516.7,499.3,0.05917976444450003,499.3,0.06879639794199882,499.3,0.07831037562536622,0.08614256580983694,0.0,0.0,0.06377618014851441,4.345301090172702
Здоровье,balanced_future_reference,regularized_noise,20,pulse,ewma,common_balanced_ids,499.3,1516.7,499.3,0.05917976444450003,499.3,0.06879639794199882,499.3,0.07831037562536622,0.08614256580983694,0.0,0.0,0.06377618014851441,4.345301090172702
Здоровье,balanced_future_reference,regularized_noise,20,pulse,rolling_3m,all_eligible,499.3,1516.7,499.3,0.0038039290543126674,499.3,0.008996809826617711,499.3,0.017440299518102637,0.017440299518102637,1.45,0.0,0.019805805086605864,1.2452180950009555
Здоровье,balanced_future_reference,regularized_noise,20,pulse,rolling_3m,common_balanced_ids,499.3,1516.7,499.3,0.0038039290543126674,499.3,0.008996809826617711,499.3,0.017440299518102637,0.017440299518102637,1.45,0.0,0.019805805086605864,1.2452180950009555
Здоровье,balanced_future_reference,regularized_noise,20,pulse,spike,all_eligible,499.3,1516.7,499.3,0.05395811860644545,499.3,0.05395811860644545,499.3,0.05395811860644545,0.05395811860644545,0.0,0.0,0.019790819237460382,1.2649333737674682
Здоровье,balanced_future_reference,regularized_noise,20,pulse,spike,common_balanced_ids,499.3,1516.7,499.3,0.05395811860644545,499.3,0.05395811860644545,499.3,0.05395811860644545,0.05395811860644545,0.0,0.0,0.019790819237460382,1.2649333737674682
Здоровье,balanced_future_reference,regularized_noise,20,ramp,cusum,all_eligible,499.3,1516.7,499.3,0.008137250947897917,499.3,0.05828568747081279,499.3,0.1614847347363439,0.42557732456073094,3.0,0.0,2.3667343401106367,17.06514299779375
Здоровье,balanced_future_reference,regularized_noise,20,ramp,cusum,common_balanced_ids,499.3,1516.7,499.3,0.008137250947897917,499.3,0.05828568747081279,499.3,0.1614847347363439,0.42557732456073094,3.0,0.0,2.3667343401106367,17.06514299779375
Здоровье,balanced_future_reference,regularized_noise,20,ramp,ewma,all_eligible,499.3,1516.7,499.3,0.0045903377077046795,499.3,0.04197528493119523,499.3,0.10186099528277084,0.3346354460581743,3.0,0.0,0.8116204252338619,4.990151412595824
Здоровье,balanced_future_reference,regularized_noise,20,ramp,ewma,common_balanced_ids,499.3,1516.7,499.3,0.0045903377077046795,499.3,0.04197528493119523,499.3,0.10186099528277084,0.3346354460581743,3.0,0.0,0.8116204252338619,4.990151412595824
Здоровье,balanced_future_reference,regularized_noise,20,ramp,rolling_3m,all_eligible,499.3,1516.7,499.3,0.001205962565500727,499.3,0.008826193414565895,499.3,0.030612718109367366,0.1259703814663,3.3,0.0,0.10288549887529164,1.4454451529929
Здоровье,balanced_future_reference,regularized_noise,20,ramp,rolling_3m,common_balanced_ids,499.3,1516.7,499.3,0.001205962565500727,499.3,0.008826193414565895,499.3,0.030612718109367366,0.1259703814663,3.3,0.0,0.10288549887529164,1.4454451529929
Здоровье,balanced_future_reference,regularized_noise,20,ramp,spike,all_eligible,499.3,1516.7,499.3,0.0034037039113482097,499.3,0.009528473580106226,499.3,0.031387966807808296,0.12071930431132176,3.25,0.0,0.10033792666720742,1.4044240985587373
Здоровье,balanced_future_reference,regularized_noise,20,ramp,spike,common_balanced_ids,499.3,1516.7,499.3,0.0034037039113482097,499.3,0.009528473580106226,499.3,0.031387966807808296,0.12071930431132176,3.25,0.0,0.10033792666720742,1.4044240985587373
Здоровье,balanced_future_reference,regularized_noise,20,step,cusum,all_eligible,499.3,1516.7,499.3,0.05315592762205943,499.3,0.3119143637387927,499.3,0.5612414847427358,0.8245012195502135,2.0,0.0,4.3343038257219755,14.552881368710928
Здоровье,balanced_future_reference,regularized_noise,20,step,cusum,common_balanced_ids,499.3,1516.7,499.3,0.05315592762205943,499.3,0.3119143637387927,499.3,0.5612414847427358,0.8245012195502135,2.0,0.0,4.3343038257219755,14.552881368710928
Здоровье,balanced_future_reference,regularized_noise,20,step,ewma,all_eligible,499.3,1516.7,499.3,0.05917976444450003,499.3,0.24143659210059623,499.3,0.38434914106527973,0.5773252236819038,2.0,0.0,0.9784459291882834,4.345301090172702
Здоровье,balanced_future_reference,regularized_noise,20,step,ewma,common_balanced_ids,499.3,1516.7,499.3,0.05917976444450003,499.3,0.24143659210059623,499.3,0.38434914106527973,0.5773252236819038,2.0,0.0,0.9784459291882834,4.345301090172702
Здоровье,balanced_future_reference,regularized_noise,20,step,rolling_3m,all_eligible,499.3,1516.7,499.3,0.0038039290543126674,499.3,0.040619865631889726,499.3,0.18121684223671009,0.29696792479427336,2.0,0.0,0.16813556767115806,1.2452180950009555
Здоровье,balanced_future_reference,regularized_noise,20,step,rolling_3m,common_balanced_ids,499.3,1516.7,499.3,0.0038039290543126674,499.3,0.040619865631889726,499.3,0.18121684223671009,0.29696792479427336,2.0,0.0,0.16813556767115806,1.2452180950009555
Здоровье,balanced_future_reference,regularized_noise,20,step,spike,all_eligible,499.3,1516.7,499.3,0.05395811860644545,499.3,0.10550933815631339,499.3,0.15383340248929914,0.23869323169724904,1.85,0.0,0.1749715335729276,1.2649333737674682
Здоровье,balanced_future_reference,regularized_noise,20,step,spike,common_balanced_ids,499.3,1516.7,499.3,0.05395811860644545,499.3,0.10550933815631339,499.3,0.15383340248929914,0.23869323169724904,1.85,0.0,0.1749715335729276,1.2649333737674682
Маркетплейсы,asof_june,raw,-20,pulse,cusum,all_eligible,501.0,1523.0,500.7,0.00216954002291477,499.6,0.00637968563829828,499.6,0.015106049337871918,0.05052127970065347,3.4,2.8,0.22676964986944115,5.036908705271989
Маркетплейсы,asof_june,raw,-20,pulse,cusum,common_balanced_ids,499.3,1516.7,499.3,0.002174102570535837,499.3,0.006383016217395915,499.3,0.014687455733340033,0.05026578530431987,3.45,0.0,0.22743032652458214,4.968048750199921
Маркетплейсы,asof_june,raw,-20,pulse,ewma,all_eligible,501.0,1523.0,500.7,0.0029507915130365736,499.6,0.00414716447352576,499.6,0.004938787427806999,0.007331223438970721,1.25,2.8,0.05372180831454689,1.9373605685965476
Маркетплейсы,asof_june,raw,-20,pulse,ewma,common_balanced_ids,499.3,1516.7,499.3,0.0029565022082728514,499.3,0.004148349682259106,499.3,0.004940393412788366,0.007353795936663722,1.25,0.0,0.04510445992693664,1.888073991936589
Маркетплейсы,asof_june,raw,-20,pulse,rolling_3m,all_eligible,501.0,1523.0,500.7,0.0,499.6,0.0,499.6,0.0,0.0,,2.8,0.0065535850805222996,0.38693751807557225
Маркетплейсы,asof_june,raw,-20,pulse,rolling_3m,common_balanced_ids,499.3,1516.7,499.3,0.0,499.3,0.0,499.3,0.0,0.0,,0.0,0.006573314225352555,0.33535616270475954
Маркетплейсы,asof_june,raw,-20,pulse,spike,all_eligible,501.0,1523.0,500.7,0.001971134415593101,499.6,0.0015743572549300766,499.6,0.0015743572549300766,0.001970333974707761,0.0,2.8,0.0,0.5358641932473092
Маркетплейсы,asof_june,raw,-20,pulse,spike,common_balanced_ids,499.3,1516.7,499.3,0.001574739471172738,499.3,0.001574739471172738,499.3,0.001574739471172738,0.001574739471172738,0.0,0.0,0.0,0.5110650087959236
Маркетплейсы,asof_june,raw,-20,ramp,cusum,all_eligible,501.0,1523.0,499.6,0.0,499.6,0.003486399821631832,499.5,0.016850872937628335,0.1446058750871427,4.0,2.5,0.7748960347863398,5.840102549831636
Маркетплейсы,asof_june,raw,-20,ramp,cusum,common_balanced_ids,499.3,1516.7,499.3,0.0,499.3,0.003060989354323826,499.3,0.016428839386912496,0.14406427793042922,4.0,0.0,0.7770504335110715,5.766503385050275
Маркетплейсы,asof_june,raw,-20,ramp,ewma,all_eligible,501.0,1523.0,499.6,0.00019569471624266143,499.6,0.004019184242648367,499.5,0.010467251217693662,0.046948643852460024,3.45,2.5,0.21722381915061995,2.221287765138169
Маркетплейсы,asof_june,raw,-20,ramp,ewma,common_balanced_ids,499.3,1516.7,499.3,0.00019569471624266143,499.3,0.0035927750537040545,499.3,0.01004456113701941,0.04606331616446816,3.55,0.0,0.21783380379173006,2.161498177112949
Маркетплейсы,asof_june,raw,-20,ramp,rolling_3m,all_eligible,501.0,1523.0,499.6,0.0,499.6,0.0,499.5,0.0005966451171930624,0.01080319333125387,3.2,2.5,0.02891749914460698,0.4446310476929504
Маркетплейсы,asof_june,raw,-20,ramp,rolling_3m,common_balanced_ids,499.3,1516.7,499.3,0.0,499.3,0.0,499.3,0.0005966451171930624,0.009418745218434731,3.3,0.0,0.02899845471652456,0.3826068156516769
Маркетплейсы,asof_june,raw,-20,ramp,spike,all_eligible,501.0,1523.0,499.6,0.0,499.6,0.0011914727609472655,499.5,0.0023998128802041824,0.01584109676107421,3.2,2.5,0.051453682678060456,0.6036578386181798
Маркетплейсы,asof_june,raw,-20,ramp,spike,common_balanced_ids,499.3,1516.7,499.3,0.0,499.3,0.0011923143134433102,499.3,0.002401574569766402,0.01403849266695969,3.3,0.0,0.05159949325749654,0.5736910577621235
Маркетплейсы,asof_june,raw,-20,step,cusum,all_eligible,501.0,1523.0,500.7,0.00216954002291477,499.6,0.01582503573593677,499.6,0.05797856598427015,0.5629553504864916,3.95,2.8,1.6127175146135013,5.036908705271989
Маркетплейсы,asof_june,raw,-20,step,cusum,common_balanced_ids,499.3,1516.7,499.3,0.002174102570535837,499.3,0.015640024917831973,499.3,0.05739341516138134,0.5628419505671606,4.0,0.0,1.6174599569822359,4.968048750199921
Маркетплейсы,asof_june,raw,-20,step,ewma,all_eligible,501.0,1523.0,500.7,0.0029507915130365736,499.6,0.013812093294825963,499.6,0.03168743969512423,0.1195878528684123,3.65,2.8,0.34884143811869867,1.9373605685965476
Маркетплейсы,asof_june,raw,-20,step,ewma,common_balanced_ids,499.3,1516.7,499.3,0.0029565022082728514,499.3,0.013197069859522875,499.3,0.031082727183764917,0.11754728697459622,3.7,0.0,0.3410978580235904,1.888073991936589
Маркетплейсы,asof_june,raw,-20,step,rolling_3m,all_eligible,501.0,1523.0,500.7,0.0,499.6,0.0005848233406654035,499.6,0.0026007075141881663,0.01599578808962174,3.8,2.8,0.03946905262209573,0.38693751807557225
Маркетплейсы,asof_june,raw,-20,step,rolling_3m,common_balanced_ids,499.3,1516.7,499.3,0.0,499.3,0.0005848233406654035,499.3,0.0026023920837396643,0.014005056525717888,3.9,0.0,0.03958515563691546,0.33535616270475954
Маркетплейсы,asof_june,raw,-20,step,spike,all_eligible,501.0,1523.0,500.7,0.001971134415593101,499.6,0.003412124587095866,499.6,0.006810297426694258,0.02279447717050792,3.45,2.8,0.08341382397622507,0.5358641932473092
Маркетплейсы,asof_june,raw,-20,step,spike,common_balanced_ids,499.3,1516.7,499.3,0.001574739471172738,499.3,0.003414308517465517,499.3,0.00681462526286879,0.020426562502187315,3.55,0.0,0.08365989413468869,0.5110650087959236
Маркетплейсы,asof_june,raw,20,pulse,cusum,all_eligible,501.0,1523.0,500.7,0.006200885623971005,499.6,0.01159276632077661,499.6,0.023806268912548716,0.06829784651052292,3.15,2.8,0.1424683205643232,5.036908705271989
Маркетплейсы,asof_june,raw,20,pulse,cusum,common_balanced_ids,499.3,1516.7,499.3,0.005603517474476613,499.3,0.011598396510259979,499.3,0.023818068676898375,0.06792255257632135,3.15,0.0,0.14288657752913603,4.968048750199921
Маркетплейсы,asof_june,raw,20,pulse,ewma,all_eligible,501.0,1523.0,500.7,0.004984301397972253,499.6,0.007471563648330644,499.6,0.008473770106225955,0.009631478710753549,0.55,2.8,0.00985477795866799,1.9373605685965476
Маркетплейсы,asof_june,raw,20,pulse,ewma,common_balanced_ids,499.3,1516.7,499.3,0.00460710802404426,499.3,0.007476928766146843,499.3,0.008479634584860308,0.009275002656618386,0.55,0.0,0.00988336556922201,1.888073991936589
Маркетплейсы,asof_june,raw,20,pulse,rolling_3m,all_eligible,501.0,1523.0,500.7,0.0,499.6,0.0008065087526436211,499.6,0.002182952058581233,0.002176533164716395,1.625,2.8,0.0,0.38693751807557225
Маркетплейсы,asof_june,raw,20,pulse,rolling_3m,common_balanced_ids,499.3,1516.7,499.3,0.0,499.3,0.0008073903297044353,499.3,0.002184636628132731,0.002184636628132731,1.625,0.0,0.0,0.33535616270475954
Маркетплейсы,asof_june,raw,20,pulse,spike,all_eligible,501.0,1523.0,500.7,0.0042121465956043965,499.6,0.003830493610200125,499.6,0.003830493610200125,0.004209991577665776,0.0,2.8,0.0,0.5358641932473092
Маркетплейсы,asof_june,raw,20,pulse,spike,common_balanced_ids,499.3,1516.7,499.3,0.0038339784293192044,499.3,0.0038339784293192044,499.3,0.0038339784293192044,0.0038339784293192044,0.0,0.0,0.0,0.5110650087959236
Маркетплейсы,asof_june,raw,20,ramp,cusum,all_eligible,501.0,1523.0,499.6,0.0023736619264419423,499.6,0.010770159597842187,499.5,0.027734474298484958,0.13140684845294603,3.65,2.5,0.6250716599570015,5.840102549831636
Маркетплейсы,asof_june,raw,20,ramp,cusum,common_balanced_ids,499.3,1516.7,499.3,0.0023736619264419423,499.3,0.010774448874011359,499.3,0.02774383283828697,0.13186109809459184,3.65,0.0,0.6082588706175394,5.766503385050275
Маркетплейсы,asof_june,raw,20,ramp,ewma,all_eligible,501.0,1523.0,499.6,0.0008291287826606052,499.6,0.00344741417173446,499.5,0.008269573245506739,0.042877889928265356,3.3,2.5,0.171277105102355,2.221287765138169
Маркетплейсы,asof_june,raw,20,ramp,ewma,common_balanced_ids,499.3,1516.7,499.3,0.0008304696959748028,499.3,0.003450556799175647,499.3,0.008274173930837615,0.04302699365911055,3.3,0.0,0.16379112045897085,2.161498177112949
Маркетплейсы,asof_june,raw,20,ramp,rolling_3m,all_eligible,501.0,1523.0,499.6,0.0,499.6,0.0011807485896949501,499.5,0.0031833546875383472,0.009005559667800145,3.05,2.5,0.07881627110202163,0.4446310476929504
Маркетплейсы,asof_june,raw,20,ramp,rolling_3m,common_balanced_ids,499.3,1516.7,499.3,0.0,499.3,0.001181551582185634,499.3,0.003185116377100567,0.009035170492754742,3.05,0.0,0.0790354490906607,0.3826068156516769
Маркетплейсы,asof_june,raw,20,ramp,spike,all_eligible,501.0,1523.0,499.6,0.0,499.6,0.0012090030825021168,499.5,0.005652689829078855,0.016895208601835958,2.9,2.5,0.06962908134107479,0.6036578386181798
Маркетплейсы,asof_june,raw,20,ramp,spike,common_balanced_ids,499.3,1516.7,499.3,0.0,499.3,0.0012103054358109536,499.3,0.005656028185665664,0.01656558221926065,2.9,0.0,0.06057044565686196,0.5736910577621235
Маркетплейсы,asof_june,raw,20,step,cusum,all_eligible,501.0,1523.0,500.7,0.006200885623971005,499.6,0.02018468934693526,499.6,0.06319236691742838,0.35485274369118175,4.0,2.8,1.3296304158717545,5.036908705271989
Маркетплейсы,asof_june,raw,20,step,cusum,common_balanced_ids,499.3,1516.7,499.3,0.005603517474476613,499.3,0.020195490389648615,499.3,0.06322642236804435,0.3554950630950314,4.0,0.0,1.3092598182777013,4.968048750199921
Маркетплейсы,asof_june,raw,20,step,ewma,all_eligible,501.0,1523.0,500.7,0.004984301397972253,499.6,0.017670265160492304,499.6,0.03664126103132796,0.09514991960763317,2.95,2.8,0.3073532682934371,1.9373605685965476
Маркетплейсы,asof_june,raw,20,step,ewma,common_balanced_ids,499.3,1516.7,499.3,0.00460710802404426,499.3,0.017682525725654756,499.3,0.03666271518966299,0.09509817125206951,3.0,0.0,0.2807043510117644,1.888073991936589
Маркетплейсы,asof_june,raw,20,step,rolling_3m,all_eligible,501.0,1523.0,500.7,0.0,499.6,0.005394513398016804,499.6,0.007191054814345332,0.016575762562026024,2.55,2.8,0.09097239476672568,0.38693751807557225
Маркетплейсы,asof_june,raw,20,step,rolling_3m,common_balanced_ids,499.3,1516.7,499.3,0.0,499.3,0.005397959657130522,499.3,0.007196185643010547,0.016630417267685917,2.55,0.0,0.07139558413339726,0.33535616270475954
Маркетплейсы,asof_june,raw,20,step,spike,all_eligible,501.0,1523.0,500.7,0.0042121465956043965,499.6,0.00541743857303041,499.6,0.011433912480134124,0.025850036667540703,2.7,2.8,0.07234675454127068,0.5358641932473092
Маркетплейсы,asof_june,raw,20,step,spike,common_balanced_ids,499.3,1516.7,499.3,0.0038339784293192044,499.3,0.0054209233921494885,499.3,0.011442566687923778,0.025552453659053304,2.75,0.0,0.06485028302184001,0.5110650087959236
Маркетплейсы,asof_june,regularized_noise,-20,pulse,cusum,all_eligible,501.0,1523.0,500.7,0.054489798672840116,499.6,0.132436586195772,499.6,0.22325760946513942,0.3386797361858886,2.0,2.8,0.9788489473027395,17.17002766092653
Маркетплейсы,asof_june,regularized_noise,-20,pulse,cusum,common_balanced_ids,499.3,1516.7,499.3,0.05380985963626098,499.3,0.13208960692293994,499.3,0.22296468320792803,0.33902088990496637,2.0,0.0,0.9817336051207961,17.176171395868238
Маркетплейсы,asof_june,regularized_noise,-20,pulse,ewma,all_eligible,501.0,1523.0,500.7,0.09391307355048852,499.6,0.10190522459510343,499.6,0.1069008812335535,0.11666526509783622,0.0,2.8,0.1151469636362489,5.889495768957618
Маркетплейсы,asof_june,regularized_noise,-20,pulse,ewma,common_balanced_ids,499.3,1516.7,499.3,0.09333927014840508,499.3,0.10153947738424293,499.3,0.10653900105805474,0.1162367303533417,0.0,0.0,0.11548934305085912,5.8713983895345
Маркетплейсы,asof_june,regularized_noise,-20,pulse,rolling_3m,all_eligible,501.0,1523.0,500.7,0.0001976284584980237,499.6,0.0011876824197340858,499.6,0.00621331698717484,0.006196375424727022,1.85,2.8,0.02184731388525444,0.8259826146530174
Маркетплейсы,asof_june,regularized_noise,-20,pulse,rolling_3m,common_balanced_ids,499.3,1516.7,499.3,0.0001984126984126984,499.3,0.0011884854122247695,499.3,0.005788210151539365,0.005788210151539365,1.85,0.0,0.02190944945274668,0.8195913409947593
Маркетплейсы,asof_june,regularized_noise,-20,pulse,spike,all_eligible,501.0,1523.0,500.7,0.12708780841214873,499.6,0.12695697295623826,499.6,0.12695697295623826,0.12700658424640604,0.0,2.8,0.03722067374883321,1.4682518020425657
Маркетплейсы,asof_june,regularized_noise,-20,pulse,spike,common_balanced_ids,499.3,1516.7,499.3,0.1266078834892363,499.3,0.1266078834892363,499.3,0.1266078834892363,0.1266078834892363,0.0,0.0,0.037330328137328325,1.4549229893247007
Маркетплейсы,asof_june,regularized_noise,-20,ramp,cusum,all_eligible,501.0,1523.0,499.6,0.004034142402932121,499.6,0.05370199017311098,499.5,0.2577793024144731,0.5264837956952853,2.7,2.5,3.057351404352471,20.365318143522934
Маркетплейсы,asof_june,regularized_noise,-20,ramp,cusum,common_balanced_ids,499.3,1516.7,499.3,0.004036707084985024,499.3,0.053735879212538105,499.3,0.257889853153779,0.5272782881228985,2.7,0.0,3.0658586405241,20.36885932372402
Маркетплейсы,asof_june,regularized_noise,-20,ramp,ewma,all_eligible,501.0,1523.0,499.6,0.0015752117004522212,499.6,0.040014524029843165,499.5,0.20367227424015288,0.48266195553608,3.0,2.5,1.8536924292723662,6.930449092813814
Маркетплейсы,asof_june,regularized_noise,-20,ramp,ewma,common_balanced_ids,499.3,1516.7,499.3,0.0015760146929429046,499.3,0.04003918722902211,499.3,0.2037638164393496,0.4832841803964934,3.0,0.0,1.8588618892300588,6.907260198750227
Маркетплейсы,asof_june,regularized_noise,-20,ramp,rolling_3m,all_eligible,501.0,1523.0,499.6,0.0,499.6,0.0010129556591665745,499.5,0.008801462465365431,0.1517443562962219,4.0,2.5,0.33412249170867325,0.9676501598765148
Маркетплейсы,asof_june,regularized_noise,-20,ramp,rolling_3m,common_balanced_ids,499.3,1516.7,499.3,0.0,499.3,0.0005848233406654035,499.3,0.00837693211055883,0.15184957530142423,4.0,0.0,0.33504554695112576,0.9597626773630396
Маркетплейсы,asof_june,regularized_noise,-20,ramp,spike,all_eligible,501.0,1523.0,499.6,0.002989754291889507,499.6,0.012792356665438362,499.5,0.04122947931608706,0.21523504458676287,3.1,2.5,0.6393740405496523,1.664868691650905
Маркетплейсы,asof_june,regularized_noise,-20,ramp,spike,common_balanced_ids,499.3,1516.7,499.3,0.002990557284380191,499.3,0.012800395832393782,499.3,0.041247909910807935,0.21597424924291353,3.1,0.0,0.6305948984039007,1.6483288381325454
Маркетплейсы,asof_june,regularized_noise,-20,step,cusum,all_eligible,501.0,1523.0,500.7,0.054489798672840116,499.6,0.498428176866641,499.6,0.6544583409602179,0.7870330180877152,1.0,2.8,6.590336560441322,17.17002766092653
Маркетплейсы,asof_june,regularized_noise,-20,step,cusum,common_balanced_ids,499.3,1516.7,499.3,0.05380985963626098,499.3,0.49811660627322674,499.3,0.6542455320759135,0.7878966971936914,1.0,0.0,6.6097054866610945,17.176171395868238
Маркетплейсы,asof_june,regularized_noise,-20,step,ewma,all_eligible,501.0,1523.0,500.7,0.09391307355048852,499.6,0.44200366002004826,499.6,0.54409265390163,0.664643499371274,1.0,2.8,3.0047386900599764,5.889495768957618
Маркетплейсы,asof_june,regularized_noise,-20,step,ewma,common_balanced_ids,499.3,1516.7,499.3,0.09333927014840508,499.3,0.44165379250190273,499.3,0.5438076990777321,0.6653051885883834,1.0,0.0,3.013574328896794,5.8713983895345
Маркетплейсы,asof_june,regularized_noise,-20,step,rolling_3m,all_eligible,501.0,1523.0,500.7,0.0001976284584980237,499.6,0.017955971027525035,499.6,0.24207447895866668,0.3450886559083989,2.0,2.8,0.5183591708988458,0.8259826146530174
Маркетплейсы,asof_june,regularized_noise,-20,step,rolling_3m,common_balanced_ids,499.3,1516.7,499.3,0.0001984126984126984,499.3,0.017965693299472545,499.3,0.24179548712956125,0.3458457007433814,2.0,0.0,0.5198752531141648,0.8195913409947593
Маркетплейсы,asof_june,regularized_noise,-20,step,spike,all_eligible,501.0,1523.0,500.7,0.12708780841214873,499.6,0.2428233284603955,499.6,0.29199293544250854,0.38341149552805265,1.0,2.8,0.7911068201388645,1.4682518020425657
Маркетплейсы,asof_june,regularized_noise,-20,step,spike,common_balanced_ids,499.3,1516.7,499.3,0.1266078834892363,499.3,0.24254602266540098,499.3,0.29174477300363744,0.383901233119387,1.0,0.0,0.7846220928335328,1.4549229893247007
Маркетплейсы,asof_june,regularized_noise,20,pulse,cusum,all_eligible,501.0,1523.0,500.7,0.031299803324351616,499.6,0.07512373504840068,499.6,0.12532015925258472,0.22790704570947834,2.1,2.8,2.1340813921918405,17.17002766092653
Маркетплейсы,asof_june,regularized_noise,20,pulse,cusum,common_balanced_ids,499.3,1516.7,499.3,0.03139380284684986,499.3,0.075169514607915,499.3,0.12539948858896707,0.22870278362878577,2.1,0.0,2.140402420871882,17.176171395868238
Маркетплейсы,asof_june,regularized_noise,20,pulse,ewma,all_eligible,501.0,1523.0,500.7,0.04267591869850378,499.6,0.051809862869872526,499.6,0.06102948751377395,0.07330107980073619,0.1,2.8,0.1895859559948562,5.889495768957618
Маркетплейсы,asof_june,regularized_noise,20,pulse,ewma,common_balanced_ids,499.3,1516.7,499.3,0.04280067843071207,499.3,0.05184342820171892,499.3,0.0610678029226023,0.07356635733086878,0.1,0.0,0.18241245467758588,5.8713983895345
Маркетплейсы,asof_june,regularized_noise,20,pulse,rolling_3m,all_eligible,501.0,1523.0,500.7,0.0005833149085503538,499.6,0.0016119811066088196,499.6,0.006391057002258532,0.006373077233730137,1.75,2.8,0.008811132489420226,0.8259826146530174
Маркетплейсы,asof_june,regularized_noise,20,pulse,rolling_3m,common_balanced_ids,499.3,1516.7,499.3,0.0005848233406654035,499.3,0.0016133220199230172,499.3,0.006395384838433065,0.006395384838433065,1.75,0.0,0.0,0.8195913409947593
Маркетплейсы,asof_june,regularized_noise,20,pulse,spike,all_eligible,501.0,1523.0,500.7,0.04156444752272442,499.6,0.04166248652556581,499.6,0.04166248652556581,0.04153698654845554,0.0,2.8,0.025328295576535303,1.4682518020425657
Маркетплейсы,asof_june,regularized_noise,20,pulse,spike,common_balanced_ids,499.3,1516.7,499.3,0.04168669816598055,499.3,0.04168669816598055,499.3,0.04168669816598055,0.04168669816598055,0.0,0.0,0.016610707024160287,1.4549229893247007
Маркетплейсы,asof_june,regularized_noise,20,ramp,cusum,all_eligible,501.0,1523.0,499.6,0.011024004886896518,499.6,0.04925158162871106,499.5,0.15265355848721157,0.39804185630365996,3.0,2.5,5.467619297853076,20.365318143522934
Маркетплейсы,asof_june,regularized_noise,20,ramp,cusum,common_balanced_ids,499.3,1516.7,499.3,0.011031281085926024,499.3,0.04928279808355837,499.3,0.15272309598139022,0.3994215313735398,3.0,0.0,5.463042863671827,20.36885932372402
Маркетплейсы,asof_june,regularized_noise,20,ramp,ewma,all_eligible,501.0,1523.0,499.6,0.005017673818308067,499.6,0.0343201731602457,499.5,0.0956458815539066,0.29619238359623395,3.0,2.5,2.8714602469296873,6.930449092813814
Маркетплейсы,asof_june,regularized_noise,20,ramp,ewma,common_balanced_ids,499.3,1516.7,499.3,0.005020777885743894,499.3,0.03433962356237835,499.3,0.09568329283533926,0.2972191557952582,3.0,0.0,2.868878261112223,6.907260198750227
Маркетплейсы,asof_june,regularized_noise,20,ramp,rolling_3m,all_eligible,501.0,1523.0,499.6,0.0005848233406654035,499.6,0.0015835805714743002,499.5,0.012175149508631336,0.06913561915177194,3.5,2.5,0.24075115044093853,0.9676501598765148
Маркетплейсы,asof_june,regularized_noise,20,ramp,rolling_3m,common_balanced_ids,499.3,1516.7,499.3,0.0005848233406654035,499.3,0.001584383563964984,499.3,0.012179671609392081,0.06937960249692689,3.5,0.0,0.23344885684757616,0.9597626773630396
Маркетплейсы,asof_june,regularized_noise,20,ramp,spike,all_eligible,501.0,1523.0,499.6,0.002565124841950526,499.6,0.01194005284907133,499.5,0.03767125669518236,0.122361874403878,3.1,2.5,0.41336390069807,1.664868691650905
Маркетплейсы,asof_june,regularized_noise,20,ramp,spike,common_balanced_ids,499.3,1516.7,499.3,0.0025663100506838708,499.3,0.01194633032646453,499.3,0.03768566454996065,0.12239616031629492,3.1,0.0,0.414518390327136,1.6483288381325454
Маркетплейсы,asof_june,regularized_noise,20,step,cusum,all_eligible,501.0,1523.0,500.7,0.031299803324351616,499.6,0.2403757611034183,499.6,0.4561218295309152,0.6931922308141766,2.0,2.8,11.618486456358264,17.17002766092653
Маркетплейсы,asof_june,regularized_noise,20,step,cusum,common_balanced_ids,499.3,1516.7,499.3,0.03139380284684986,499.3,0.2405331637603687,499.3,0.4564154073253944,0.6951984461600488,2.0,0.0,11.636243547989375,17.176171395868238
Маркетплейсы,asof_june,regularized_noise,20,step,ewma,all_eligible,501.0,1523.0,500.7,0.04267591869850378,499.6,0.1798824994831217,499.6,0.2953544145356521,0.4879862196533568,2.0,2.8,5.737282131284237,5.889495768957618
Маркетплейсы,asof_june,regularized_noise,20,step,ewma,common_balanced_ids,499.3,1516.7,499.3,0.04280067843071207,499.3,0.17999994072169762,499.3,0.29554658780909043,0.4893017594889256,2.0,0.0,5.737691696324247,5.8713983895345
Маркетплейсы,asof_june,regularized_noise,20,step,rolling_3m,all_eligible,501.0,1523.0,500.7,0.0005833149085503538,499.6,0.006594450790502744,499.6,0.061670505586732836,0.1365759728658344,2.8,2.8,0.37078104971535,0.8259826146530174
Маркетплейсы,asof_june,regularized_noise,20,step,rolling_3m,common_balanced_ids,499.3,1516.7,499.3,0.0005848233406654035,499.3,0.006597710562519422,499.3,0.061709263312276816,0.13706241893094123,2.8,0.0,0.3542063425998382,0.8195913409947593
Маркетплейсы,asof_june,regularized_noise,20,step,spike,all_eligible,501.0,1523.0,500.7,0.04156444752272442,499.6,0.07124083993242658,499.6,0.10720570634609614,0.18559732748011182,1.9,2.8,0.5012539496705294,1.4682518020425657
Маркетплейсы,asof_june,regularized_noise,20,step,spike,common_balanced_ids,499.3,1516.7,499.3,0.04168669816598055,499.3,0.07128508769785143,499.3,0.10727511035858835,0.18584961052113388,1.9,0.0,0.485102485959015,1.4549229893247007
Маркетплейсы,balanced_future_reference,raw,-20,pulse,cusum,all_eligible,499.3,1516.7,499.3,0.002174102570535837,499.3,0.007007763389205923,499.3,0.016260086491858672,0.05343319699660966,3.45,0.0,0.25152677900049364,5.092158836247047
Маркетплейсы,balanced_future_reference,raw,-20,pulse,cusum,common_balanced_ids,499.3,1516.7,499.3,0.002174102570535837,499.3,0.007007763389205923,499.3,0.016260086491858672,0.05343319699660966,3.45,0.0,0.25152677900049364,5.092158836247047
Маркетплейсы,balanced_future_reference,raw,-20,pulse,ewma,all_eligible,499.3,1516.7,499.3,0.0037488420417085755,499.3,0.005364697441468916,499.3,0.0079648383824956,0.010987401771373882,1.5,0.0,0.023175811809216577,2.038719287654025
Маркетплейсы,balanced_future_reference,raw,-20,pulse,ewma,common_balanced_ids,499.3,1516.7,499.3,0.0037488420417085755,499.3,0.005364697441468916,499.3,0.0079648383824956,0.010987401771373882,1.5,0.0,0.023175811809216577,2.038719287654025
Маркетплейсы,balanced_future_reference,raw,-20,pulse,rolling_3m,all_eligible,499.3,1516.7,499.3,0.0,499.3,0.0,499.3,0.0,0.0,,0.0,0.006573314225352555,0.33535616270475954
Маркетплейсы,balanced_future_reference,raw,-20,pulse,rolling_3m,common_balanced_ids,499.3,1516.7,499.3,0.0,499.3,0.0,499.3,0.0,0.0,,0.0,0.006573314225352555,0.33535616270475954
Маркетплейсы,balanced_future_reference,raw,-20,pulse,spike,all_eligible,499.3,1516.7,499.3,0.001574739471172738,499.3,0.001574739471172738,499.3,0.001574739471172738,0.001574739471172738,0.0,0.0,0.0,0.5110650087959236
Маркетплейсы,balanced_future_reference,raw,-20,pulse,spike,common_balanced_ids,499.3,1516.7,499.3,0.001574739471172738,499.3,0.001574739471172738,499.3,0.001574739471172738,0.001574739471172738,0.0,0.0,0.0,0.5110650087959236
Маркетплейсы,balanced_future_reference,raw,-20,ramp,cusum,all_eligible,499.3,1516.7,499.3,0.0,499.3,0.002436242182513818,499.3,0.01783785811193887,0.15599395130480936,4.0,0.0,0.9034780547667042,5.915435488306826
Маркетплейсы,balanced_future_reference,raw,-20,ramp,cusum,common_balanced_ids,499.3,1516.7,499.3,0.0,499.3,0.002436242182513818,499.3,0.01783785811193887,0.15599395130480936,4.0,0.0,0.9034780547667042,5.915435488306826
Маркетплейсы,balanced_future_reference,raw,-20,ramp,ewma,all_eligible,499.3,1516.7,499.3,0.0,499.3,0.004423161625351689,499.3,0.012501889961619503,0.054841737605790496,3.8,0.0,0.28879315119273885,2.3317196553581736
Маркетплейсы,balanced_future_reference,raw,-20,ramp,ewma,common_balanced_ids,499.3,1516.7,499.3,0.0,499.3,0.004423161625351689,499.3,0.012501889961619503,0.054841737605790496,3.8,0.0,0.28879315119273885,2.3317196553581736
Маркетплейсы,balanced_future_reference,raw,-20,ramp,rolling_3m,all_eligible,499.3,1516.7,499.3,0.0,499.3,0.0,499.3,0.0005966451171930624,0.009418745218434731,3.3,0.0,0.02899845471652456,0.3826068156516769
Маркетплейсы,balanced_future_reference,raw,-20,ramp,rolling_3m,common_balanced_ids,499.3,1516.7,499.3,0.0,499.3,0.0,499.3,0.0005966451171930624,0.009418745218434731,3.3,0.0,0.02899845471652456,0.3826068156516769
Маркетплейсы,balanced_future_reference,raw,-20,ramp,spike,all_eligible,499.3,1516.7,499.3,0.0,499.3,0.0011923143134433102,499.3,0.002401574569766402,0.01403849266695969,3.4,0.0,0.04628470354727401,0.5736910577621235
Маркетплейсы,balanced_future_reference,raw,-20,ramp,spike,common_balanced_ids,499.3,1516.7,499.3,0.0,499.3,0.0011923143134433102,499.3,0.002401574569766402,0.01403849266695969,3.4,0.0,0.04628470354727401,0.5736910577621235
Маркетплейсы,balanced_future_reference,raw,-20,step,cusum,all_eligible,499.3,1516.7,499.3,0.002174102570535837,499.3,0.015640024917831973,499.3,0.06265454158907477,0.5684475849900512,3.45,0.0,1.6911550147249568,5.092158836247047
Маркетплейсы,balanced_future_reference,raw,-20,step,cusum,common_balanced_ids,499.3,1516.7,499.3,0.002174102570535837,499.3,0.015640024917831973,499.3,0.06265454158907477,0.5684475849900512,3.45,0.0,1.6911550147249568,5.092158836247047
Маркетплейсы,balanced_future_reference,raw,-20,step,ewma,all_eligible,499.3,1516.7,499.3,0.0037488420417085755,499.3,0.014410773095540216,499.3,0.03565388788539534,0.13776817264387697,3.5,0.0,0.418897025799884,2.038719287654025
Маркетплейсы,balanced_future_reference,raw,-20,step,ewma,common_balanced_ids,499.3,1516.7,499.3,0.0037488420417085755,499.3,0.014410773095540216,499.3,0.03565388788539534,0.13776817264387697,3.5,0.0,0.418897025799884,2.038719287654025
Маркетплейсы,balanced_future_reference,raw,-20,step,rolling_3m,all_eligible,499.3,1516.7,499.3,0.0,499.3,0.0005848233406654035,499.3,0.0026023920837396643,0.014005056525717888,3.9,0.0,0.03847773592484459,0.33535616270475954
Маркетплейсы,balanced_future_reference,raw,-20,step,rolling_3m,common_balanced_ids,499.3,1516.7,499.3,0.0,499.3,0.0005848233406654035,499.3,0.0026023920837396643,0.014005056525717888,3.9,0.0,0.03847773592484459,0.33535616270475954
Маркетплейсы,balanced_future_reference,raw,-20,step,spike,all_eligible,499.3,1516.7,499.3,0.001574739471172738,499.3,0.003414308517465517,499.3,0.00681462526286879,0.020202848855654876,3.55,0.0,0.07923533929403379,0.5110650087959236
Маркетплейсы,balanced_future_reference,raw,-20,step,spike,common_balanced_ids,499.3,1516.7,499.3,0.001574739471172738,499.3,0.003414308517465517,499.3,0.00681462526286879,0.020202848855654876,3.55,0.0,0.07923533929403379,0.5110650087959236
Маркетплейсы,balanced_future_reference,raw,20,pulse,cusum,all_eligible,499.3,1516.7,499.3,0.006191058797312053,499.3,0.012611896310779766,499.3,0.02565103573450338,0.07193138161923986,3.25,0.0,0.19455688989298384,5.092158836247047
Маркетплейсы,balanced_future_reference,raw,20,pulse,cusum,common_balanced_ids,499.3,1516.7,499.3,0.006191058797312053,499.3,0.012611896310779766,499.3,0.02565103573450338,0.07193138161923986,3.25,0.0,0.19455688989298384,5.092158836247047
Маркетплейсы,balanced_future_reference,raw,20,pulse,ewma,all_eligible,499.3,1516.7,499.3,0.0068752172464977375,499.3,0.010309810201317712,499.3,0.01192719148580509,0.013364564470240911,0.55,0.0,0.01650037817808672,2.038719287654025
Маркетплейсы,balanced_future_reference,raw,20,pulse,ewma,common_balanced_ids,499.3,1516.7,499.3,0.0068752172464977375,499.3,0.010309810201317712,499.3,0.01192719148580509,0.013364564470240911,0.55,0.0,0.01650037817808672,2.038719287654025
Маркетплейсы,balanced_future_reference,raw,20,pulse,rolling_3m,all_eligible,499.3,1516.7,499.3,0.0,499.3,0.000612458555825293,499.3,0.002184636628132731,0.002184636628132731,1.75,0.0,0.0,0.33535616270475954
Маркетплейсы,balanced_future_reference,raw,20,pulse,rolling_3m,common_balanced_ids,499.3,1516.7,499.3,0.0,499.3,0.000612458555825293,499.3,0.002184636628132731,0.002184636628132731,1.75,0.0,0.0,0.33535616270475954
Маркетплейсы,balanced_future_reference,raw,20,pulse,spike,all_eligible,499.3,1516.7,499.3,0.0038339784293192044,499.3,0.0038339784293192044,499.3,0.0038339784293192044,0.0038339784293192044,0.0,0.0,0.0,0.5110650087959236
Маркетплейсы,balanced_future_reference,raw,20,pulse,spike,common_balanced_ids,499.3,1516.7,499.3,0.0038339784293192044,499.3,0.0038339784293192044,499.3,0.0038339784293192044,0.0038339784293192044,0.0,0.0,0.0,0.5110650087959236
Маркетплейсы,balanced_future_reference,raw,20,ramp,cusum,all_eligible,499.3,1516.7,499.3,0.0017888385857765389,499.3,0.011990785426035936,499.3,0.029351632281774443,0.13852210446966437,3.5,0.0,0.6358669464119333,5.915435488306826
Маркетплейсы,balanced_future_reference,raw,20,ramp,cusum,common_balanced_ids,499.3,1516.7,499.3,0.0017888385857765389,499.3,0.011990785426035936,499.3,0.029351632281774443,0.13852210446966437,3.5,0.0,0.6358669464119333,5.915435488306826
Маркетплейсы,balanced_future_reference,raw,20,ramp,ewma,all_eligible,499.3,1516.7,499.3,0.0008326473797102155,499.3,0.004678269160805659,499.3,0.010673556984686266,0.05121027817933023,3.3,0.0,0.19012791710045063,2.3317196553581736
Маркетплейсы,balanced_future_reference,raw,20,ramp,ewma,common_balanced_ids,499.3,1516.7,499.3,0.0008326473797102155,499.3,0.004678269160805659,499.3,0.010673556984686266,0.05121027817933023,3.3,0.0,0.19012791710045063,2.3317196553581736
Маркетплейсы,balanced_future_reference,raw,20,ramp,rolling_3m,all_eligible,499.3,1516.7,499.3,0.0,499.3,0.001181551582185634,499.3,0.003185116377100567,0.009035170492754742,3.05,0.0,0.0790354490906607,0.3826068156516769
Маркетплейсы,balanced_future_reference,raw,20,ramp,rolling_3m,common_balanced_ids,499.3,1516.7,499.3,0.0,499.3,0.001181551582185634,499.3,0.003185116377100567,0.009035170492754742,3.05,0.0,0.0790354490906607,0.3826068156516769
Маркетплейсы,balanced_future_reference,raw,20,ramp,spike,all_eligible,499.3,1516.7,499.3,0.0,499.3,0.0012103054358109536,499.3,0.005656028185665664,0.016369887503017988,2.9,0.0,0.059295748397461066,0.5736910577621235
Маркетплейсы,balanced_future_reference,raw,20,ramp,spike,common_balanced_ids,499.3,1516.7,499.3,0.0,499.3,0.0012103054358109536,499.3,0.005656028185665664,0.016369887503017988,2.9,0.0,0.059295748397461066,0.5736910577621235
Маркетплейсы,balanced_future_reference,raw,20,step,cusum,all_eligible,499.3,1516.7,499.3,0.006191058797312053,499.3,0.021229268449941566,499.3,0.06643090171089844,0.36228325041763665,4.0,0.0,1.4018091046558967,5.092158836247047
Маркетплейсы,balanced_future_reference,raw,20,step,cusum,common_balanced_ids,499.3,1516.7,499.3,0.006191058797312053,499.3,0.021229268449941566,499.3,0.06643090171089844,0.36228325041763665,4.0,0.0,1.4018091046558967,5.092158836247047
Маркетплейсы,balanced_future_reference,raw,20,step,ewma,all_eligible,499.3,1516.7,499.3,0.0068752172464977375,499.3,0.020896108862866473,499.3,0.04273468100757952,0.10624931567968879,2.9,0.0,0.36664922171483,2.038719287654025
Маркетплейсы,balanced_future_reference,raw,20,step,ewma,common_balanced_ids,499.3,1516.7,499.3,0.0068752172464977375,499.3,0.020896108862866473,499.3,0.04273468100757952,0.10624931567968879,2.9,0.0,0.36664922171483,2.038719287654025
Маркетплейсы,balanced_future_reference,raw,20,step,rolling_3m,all_eligible,499.3,1516.7,499.3,0.0,499.3,0.005397959657130522,499.3,0.007196185643010547,0.016630417267685917,2.55,0.0,0.07139558413339726,0.33535616270475954
Маркетплейсы,balanced_future_reference,raw,20,step,rolling_3m,common_balanced_ids,499.3,1516.7,499.3,0.0,499.3,0.005397959657130522,499.3,0.007196185643010547,0.016630417267685917,2.55,0.0,0.07139558413339726,0.33535616270475954
Маркетплейсы,balanced_future_reference,raw,20,step,spike,all_eligible,499.3,1516.7,499.3,0.0038339784293192044,499.3,0.0054209233921494885,499.3,0.011442566687923778,0.025552453659053304,2.75,0.0,0.06263026873923064,0.5110650087959236
Маркетплейсы,balanced_future_reference,raw,20,step,spike,common_balanced_ids,499.3,1516.7,499.3,0.0038339784293192044,499.3,0.0054209233921494885,499.3,0.011442566687923778,0.025552453659053304,2.75,0.0,0.06263026873923064,0.5110650087959236
Маркетплейсы,balanced_future_reference,regularized_noise,-20,pulse,cusum,all_eligible,499.3,1516.7,499.3,0.05219133787186149,499.3,0.13091019207243637,499.3,0.22015605463093188,0.33640908086025967,2.0,0.0,1.0200815549857218,17.000222809413806
Маркетплейсы,balanced_future_reference,regularized_noise,-20,pulse,cusum,common_balanced_ids,499.3,1516.7,499.3,0.05219133787186149,499.3,0.13091019207243637,499.3,0.22015605463093188,0.33640908086025967,2.0,0.0,1.0200815549857218,17.000222809413806
Маркетплейсы,balanced_future_reference,regularized_noise,-20,pulse,ewma,all_eligible,499.3,1516.7,499.3,0.09530850074936306,499.3,0.10351104225224106,499.3,0.10832023371517271,0.11862958516494389,0.0,0.0,0.12973483675201208,5.898824898651471
Маркетплейсы,balanced_future_reference,regularized_noise,-20,pulse,ewma,common_balanced_ids,499.3,1516.7,499.3,0.09530850074936306,499.3,0.10351104225224106,499.3,0.10832023371517271,0.11862958516494389,0.0,0.0,0.12973483675201208,5.898824898651471
Маркетплейсы,balanced_future_reference,regularized_noise,-20,pulse,rolling_3m,all_eligible,499.3,1516.7,499.3,0.0006023913376854553,499.3,0.0015924640514975263,499.3,0.005183741239502519,0.005183741239502519,1.75,0.0,0.03620671570530584,0.7964957501646
Маркетплейсы,balanced_future_reference,regularized_noise,-20,pulse,rolling_3m,common_balanced_ids,499.3,1516.7,499.3,0.0006023913376854553,499.3,0.0015924640514975263,499.3,0.005183741239502519,0.005183741239502519,1.75,0.0,0.03620671570530584,0.7964957501646
Маркетплейсы,balanced_future_reference,regularized_noise,-20,pulse,spike,all_eligible,499.3,1516.7,499.3,0.1285761240160056,499.3,0.1285761240160056,499.3,0.1285761240160056,0.1285761240160056,0.0,0.0,0.037330328137328325,1.4549229893247007
Маркетплейсы,balanced_future_reference,regularized_noise,-20,pulse,spike,common_balanced_ids,499.3,1516.7,499.3,0.1285761240160056,499.3,0.1285761240160056,499.3,0.1285761240160056,0.1285761240160056,0.0,0.0,0.037330328137328325,1.4549229893247007
Маркетплейсы,balanced_future_reference,regularized_noise,-20,ramp,cusum,all_eligible,499.3,1516.7,499.3,0.00443812432539248,499.3,0.054762427339885456,499.3,0.25833925578626143,0.5279264152517815,2.65,0.0,3.043429561665128,20.174892289282845
Маркетплейсы,balanced_future_reference,regularized_noise,-20,ramp,cusum,common_balanced_ids,499.3,1516.7,499.3,0.00443812432539248,499.3,0.054762427339885456,499.3,0.25833925578626143,0.5279264152517815,2.65,0.0,3.043429561665128,20.174892289282845
Маркетплейсы,balanced_future_reference,regularized_noise,-20,ramp,ewma,all_eligible,499.3,1516.7,499.3,0.0015760146929429046,499.3,0.0412279732320496,499.3,0.20498402883822284,0.48446496903631553,3.0,0.0,1.9049407473952686,6.940172009690592
Маркетплейсы,balanced_future_reference,regularized_noise,-20,ramp,ewma,common_balanced_ids,499.3,1516.7,499.3,0.0015760146929429046,499.3,0.0412279732320496,499.3,0.20498402883822284,0.48446496903631553,3.0,0.0,1.9049407473952686,6.940172009690592
Маркетплейсы,balanced_future_reference,regularized_noise,-20,ramp,rolling_3m,all_eligible,499.3,1516.7,499.3,0.0,499.3,0.0005848233406654035,499.3,0.008181237394316167,0.14607087004413888,4.0,0.0,0.3046845300336198,0.9426059578599684
Маркетплейсы,balanced_future_reference,regularized_noise,-20,ramp,rolling_3m,common_balanced_ids,499.3,1516.7,499.3,0.0,499.3,0.0005848233406654035,499.3,0.008181237394316167,0.14607087004413888,4.0,0.0,0.3046845300336198,0.9426059578599684
Маркетплейсы,balanced_future_reference,regularized_noise,-20,ramp,spike,all_eligible,499.3,1516.7,499.3,0.002990557284380191,499.3,0.012800395832393782,499.3,0.04144398834218048,0.2165978764076366,3.1,0.0,0.6278351100333277,1.6483288381325454
Маркетплейсы,balanced_future_reference,regularized_noise,-20,ramp,spike,common_balanced_ids,499.3,1516.7,499.3,0.002990557284380191,499.3,0.012800395832393782,499.3,0.04144398834218048,0.2165978764076366,3.1,0.0,0.6278351100333277,1.6483288381325454
Маркетплейсы,balanced_future_reference,regularized_noise,-20,step,cusum,all_eligible,499.3,1516.7,499.3,0.05219133787186149,499.3,0.4937622988470672,499.3,0.6516986390961544,0.7863302653418762,1.0,0.0,6.62362201139991,17.000222809413806
Маркетплейсы,balanced_future_reference,regularized_noise,-20,step,cusum,common_balanced_ids,499.3,1516.7,499.3,0.05219133787186149,499.3,0.4937622988470672,499.3,0.6516986390961544,0.7863302653418762,1.0,0.0,6.62362201139991,17.000222809413806
Маркетплейсы,balanced_future_reference,regularized_noise,-20,step,ewma,all_eligible,499.3,1516.7,499.3,0.09530850074936306,499.3,0.4450602959779125,499.3,0.546201539154563,0.666128732173736,1.0,0.0,3.064491177495375,5.898824898651471
Маркетплейсы,balanced_future_reference,regularized_noise,-20,step,ewma,common_balanced_ids,499.3,1516.7,499.3,0.09530850074936306,499.3,0.4450602959779125,499.3,0.546201539154563,0.666128732173736,1.0,0.0,3.064491177495375,5.898824898651471
Маркетплейсы,balanced_future_reference,regularized_noise,-20,step,rolling_3m,all_eligible,499.3,1516.7,499.3,0.0006023913376854553,499.3,0.0183696719387453,499.3,0.2388164332776459,0.3430263298021098,2.0,0.0,0.5068605162367033,0.7964957501646
Маркетплейсы,balanced_future_reference,regularized_noise,-20,step,rolling_3m,common_balanced_ids,499.3,1516.7,499.3,0.0006023913376854553,499.3,0.0183696719387453,499.3,0.2388164332776459,0.3430263298021098,2.0,0.0,0.5068605162367033,0.7964957501646
Маркетплейсы,balanced_future_reference,regularized_noise,-20,step,spike,all_eligible,499.3,1516.7,499.3,0.1285761240160056,499.3,0.24493956020549668,499.3,0.29332433759219523,0.3846886115473566,1.0,0.0,0.7890245897371875,1.4549229893247007
Маркетплейсы,balanced_future_reference,regularized_noise,-20,step,spike,common_balanced_ids,499.3,1516.7,499.3,0.1285761240160056,499.3,0.24493956020549668,499.3,0.29332433759219523,0.3846886115473566,1.0,0.0,0.7890245897371875,1.4549229893247007
Маркетплейсы,balanced_future_reference,regularized_noise,20,pulse,cusum,all_eligible,499.3,1516.7,499.3,0.032214628450032416,499.3,0.07559895077861223,499.3,0.12623714726583413,0.22930555868160113,2.0,0.0,2.1405480821032294,17.000222809413806
Маркетплейсы,balanced_future_reference,regularized_noise,20,pulse,cusum,common_balanced_ids,499.3,1516.7,499.3,0.032214628450032416,499.3,0.07559895077861223,499.3,0.12623714726583413,0.22930555868160113,2.0,0.0,2.1405480821032294,17.000222809413806
Маркетплейсы,balanced_future_reference,regularized_noise,20,pulse,ewma,all_eligible,499.3,1516.7,499.3,0.04319206786319739,499.3,0.05244015644323915,499.3,0.06165760505350033,0.07435185417800945,0.15,0.0,0.162669900450386,5.898824898651471
Маркетплейсы,balanced_future_reference,regularized_noise,20,pulse,ewma,common_balanced_ids,499.3,1516.7,499.3,0.04319206786319739,499.3,0.05244015644323915,499.3,0.06165760505350033,0.07435185417800945,0.15,0.0,0.162669900450386,5.898824898651471
Маркетплейсы,balanced_future_reference,regularized_noise,20,pulse,rolling_3m,all_eligible,499.3,1516.7,499.3,0.0005848233406654035,499.3,0.0016133220199230172,499.3,0.007805702316361322,0.007805702316361322,1.8,0.0,0.008798324577600236,0.7964957501646
Маркетплейсы,balanced_future_reference,regularized_noise,20,pulse,rolling_3m,common_balanced_ids,499.3,1516.7,499.3,0.0005848233406654035,499.3,0.0016133220199230172,499.3,0.007805702316361322,0.007805702316361322,1.8,0.0,0.008798324577600236,0.7964957501646
Маркетплейсы,balanced_future_reference,regularized_noise,20,pulse,spike,all_eligible,499.3,1516.7,499.3,0.042482602048276995,499.3,0.042482602048276995,499.3,0.042482602048276995,0.042482602048276995,0.0,0.0,0.016610707024160287,1.4549229893247007
Маркетплейсы,balanced_future_reference,regularized_noise,20,pulse,spike,common_balanced_ids,499.3,1516.7,499.3,0.042482602048276995,499.3,0.042482602048276995,499.3,0.042482602048276995,0.042482602048276995,0.0,0.0,0.016610707024160287,1.4549229893247007
Маркетплейсы,balanced_future_reference,regularized_noise,20,ramp,cusum,all_eligible,499.3,1516.7,499.3,0.010222744098728183,499.3,0.04805539920960135,499.3,0.1509184903609039,0.3963787284093939,3.0,0.0,5.412794298575345,20.174892289282845
Маркетплейсы,balanced_future_reference,regularized_noise,20,ramp,cusum,common_balanced_ids,499.3,1516.7,499.3,0.010222744098728183,499.3,0.04805539920960135,499.3,0.1509184903609039,0.3963787284093939,3.0,0.0,5.412794298575345,20.174892289282845
Маркетплейсы,balanced_future_reference,regularized_noise,20,ramp,ewma,all_eligible,499.3,1516.7,499.3,0.005020777885743894,499.3,0.03433962356237835,499.3,0.09611452297464203,0.29823063158489016,3.0,0.0,2.8663775012076718,6.940172009690592
Маркетплейсы,balanced_future_reference,regularized_noise,20,ramp,ewma,common_balanced_ids,499.3,1516.7,499.3,0.005020777885743894,499.3,0.03433962356237835,499.3,0.09611452297464203,0.29823063158489016,3.0,0.0,2.8663775012076718,6.940172009690592
Маркетплейсы,balanced_future_reference,regularized_noise,20,ramp,rolling_3m,all_eligible,499.3,1516.7,499.3,0.0005848233406654035,499.3,0.002994701041893243,499.3,0.012009360965596329,0.06660221862390095,3.35,0.0,0.2242497302183053,0.9426059578599684
Маркетплейсы,balanced_future_reference,regularized_noise,20,ramp,rolling_3m,common_balanced_ids,499.3,1516.7,499.3,0.0005848233406654035,499.3,0.002994701041893243,499.3,0.012009360965596329,0.06660221862390095,3.35,0.0,0.2242497302183053,0.9426059578599684
Маркетплейсы,balanced_future_reference,regularized_noise,20,ramp,spike,all_eligible,499.3,1516.7,499.3,0.0025663100506838708,499.3,0.01194633032646453,499.3,0.03808015567974589,0.12278754974878026,3.1,0.0,0.42896765997010833,1.6483288381325454
Маркетплейсы,balanced_future_reference,regularized_noise,20,ramp,spike,common_balanced_ids,499.3,1516.7,499.3,0.0025663100506838708,499.3,0.01194633032646453,499.3,0.03808015567974589,0.12278754974878026,3.1,0.0,0.42896765997010833,1.6483288381325454
Маркетплейсы,balanced_future_reference,regularized_noise,20,step,cusum,all_eligible,499.3,1516.7,499.3,0.032214628450032416,499.3,0.23756685918631382,499.3,0.45503877324254266,0.6938544564047688,2.0,0.0,11.535261546607991,17.000222809413806
Маркетплейсы,balanced_future_reference,regularized_noise,20,step,cusum,common_balanced_ids,499.3,1516.7,499.3,0.032214628450032416,499.3,0.23756685918631382,499.3,0.45503877324254266,0.6938544564047688,2.0,0.0,11.535261546607991,17.000222809413806
Маркетплейсы,balanced_future_reference,regularized_noise,20,step,ewma,all_eligible,499.3,1516.7,499.3,0.04319206786319739,499.3,0.18100378871000827,499.3,0.2963570063771172,0.4909173030906981,2.0,0.0,5.761116220457107,5.898824898651471
Маркетплейсы,balanced_future_reference,regularized_noise,20,step,ewma,common_balanced_ids,499.3,1516.7,499.3,0.04319206786319739,499.3,0.18100378871000827,499.3,0.2963570063771172,0.4909173030906981,2.0,0.0,5.761116220457107,5.898824898651471
Маркетплейсы,balanced_future_reference,regularized_noise,20,step,rolling_3m,all_eligible,499.3,1516.7,499.3,0.0005848233406654035,499.3,0.006373996915986983,499.3,0.05849746447832103,0.1326003863421336,2.8,0.0,0.33656334993695247,0.7964957501646
Маркетплейсы,balanced_future_reference,regularized_noise,20,step,rolling_3m,common_balanced_ids,499.3,1516.7,499.3,0.0005848233406654035,499.3,0.006373996915986983,499.3,0.05849746447832103,0.1326003863421336,2.8,0.0,0.33656334993695247,0.7964957501646
Маркетплейсы,balanced_future_reference,regularized_noise,20,step,spike,all_eligible,499.3,1516.7,499.3,0.042482602048276995,499.3,0.07188529686390521,499.3,0.10748121210998676,0.18663315232846805,1.9,0.0,0.4884044631349904,1.4549229893247007
Маркетплейсы,balanced_future_reference,regularized_noise,20,step,spike,common_balanced_ids,499.3,1516.7,499.3,0.042482602048276995,499.3,0.07188529686390521,499.3,0.10748121210998676,0.18663315232846805,1.9,0.0,0.4884044631349904,1.4549229893247007
Общественное питание,asof_june,raw,-20,pulse,cusum,all_eligible,501.0,1523.0,500.7,0.0008269290999352349,499.6,0.002431341760095934,499.6,0.009099145933569105,0.029550476201215165,3.65,2.8,0.2905335835342156,9.76081579454932
Общественное питание,asof_june,raw,-20,pulse,cusum,common_balanced_ids,499.3,1516.7,499.3,0.000830002856517747,499.3,0.002432761257980262,499.3,0.008909815056778948,0.02945962682369992,3.65,0.0,0.29139463100792606,9.715566640480729
Общественное питание,asof_june,raw,-20,pulse,ewma,all_eligible,501.0,1523.0,500.7,0.0015827512809218896,499.6,0.0015846962209307008,499.6,0.0018079105066449864,0.002413030012388588,1.0,2.8,0.06688257507176658,2.289164702496472
Общественное питание,asof_june,raw,-20,pulse,ewma,common_balanced_ids,499.3,1516.7,499.3,0.0015858814296640458,499.3,0.0015858814296640458,499.3,0.0018095950761964844,0.0024220536320217773,1.0,0.0,0.06708226350472238,2.229676217410824
Общественное питание,asof_june,raw,-20,pulse,rolling_3m,all_eligible,501.0,1523.0,500.7,0.0,499.6,0.0,499.6,0.0,0.0,,2.8,0.0,0.6065103152873372
Общественное питание,asof_june,raw,-20,pulse,rolling_3m,common_balanced_ids,499.3,1516.7,499.3,0.0,499.3,0.0,499.3,0.0,0.0,,0.0,0.0,0.5487023572581398
Общественное питание,asof_june,raw,-20,pulse,spike,all_eligible,501.0,1523.0,500.7,0.0005955204002079002,499.6,0.0005966451171930624,499.6,0.0005966451171930624,0.0005947199593225604,0.0,2.8,0.0,0.5897640375895052
Общественное питание,asof_june,raw,-20,pulse,spike,common_balanced_ids,499.3,1516.7,499.3,0.0005966451171930624,499.3,0.0005966451171930624,499.3,0.0005966451171930624,0.0005966451171930624,0.0,0.0,0.0,0.5738247796984902
Общественное питание,asof_june,raw,-20,ramp,cusum,all_eligible,501.0,1523.0,499.6,0.00039138943248532285,499.6,0.004493967286002424,499.5,0.009643827703472113,0.057502543087984546,3.75,2.5,0.44589283111299227,11.371570127725922
Общественное питание,asof_june,raw,-20,ramp,cusum,common_balanced_ids,499.3,1516.7,499.3,0.00039138943248532285,499.3,0.004497726418837255,499.3,0.009648849165051012,0.05587392209475985,3.8,0.0,0.44713598194646503,11.325124668706938
Общественное питание,asof_june,raw,-20,ramp,ewma,all_eligible,501.0,1523.0,499.6,0.0,499.6,0.0016210849009664415,499.5,0.004269665219797153,0.01239538855992511,3.05,2.5,0.19994421165365311,2.597426438567861
Общественное питание,asof_june,raw,-20,ramp,ewma,common_balanced_ids,499.3,1516.7,499.3,0.0,499.3,0.001622425814280639,499.3,0.004273267183491723,0.012444106666294044,3.05,0.0,0.20050584394566914,2.5358058657094666
Общественное питание,asof_june,raw,-20,ramp,rolling_3m,all_eligible,501.0,1523.0,499.6,0.0,499.6,0.0,499.5,0.0,0.0020001263751972275,3.7142857142857144,2.5,0.05130108678822052,0.6687339963893271
Общественное питание,asof_june,raw,-20,ramp,rolling_3m,common_balanced_ids,499.3,1516.7,499.3,0.0,499.3,0.0,499.3,0.0,0.0020060572226989213,3.7142857142857144,0.0,0.04219580049820023,0.6096938045962723
Общественное питание,asof_june,raw,-20,ramp,spike,all_eligible,501.0,1523.0,499.6,0.0,499.6,0.0006513466042154567,499.5,0.0006513466042154567,0.005481319452534097,3.75,2.5,0.05520253150492114,0.6524855626427726
Общественное питание,asof_june,raw,-20,ramp,spike,common_balanced_ids,499.3,1516.7,499.3,0.0,499.3,0.00022371364653243848,499.3,0.00022371364653243848,0.0042624181276023085,3.8,0.0,0.055357033998928926,0.6436995268665787
Общественное питание,asof_june,raw,-20,step,cusum,all_eligible,501.0,1523.0,500.7,0.0008269290999352349,499.6,0.006454472489129145,499.6,0.01869517627222577,0.19248417831044456,4.0,2.8,1.1062290949322744,9.76081579454932
Общественное питание,asof_june,raw,-20,step,cusum,common_balanced_ids,499.3,1516.7,499.3,0.000830002856517747,499.3,0.00626372211445466,499.3,0.01851296442532486,0.19114081920289586,4.0,0.0,1.1095087968576294,9.715566640480729
Общественное питание,asof_june,raw,-20,step,ewma,all_eligible,501.0,1523.0,500.7,0.0015827512809218896,499.6,0.004642546821362529,499.6,0.008669495287377458,0.02063334458220668,3.2,2.8,0.27950481517491704,2.289164702496472
Общественное питание,asof_june,raw,-20,step,ewma,common_balanced_ids,499.3,1516.7,499.3,0.0015858814296640458,499.3,0.004646914682101831,499.3,0.008677005775557944,0.01989846062616024,3.1,0.0,0.2803303743327016,2.229676217410824
Общественное питание,asof_june,raw,-20,step,rolling_3m,all_eligible,501.0,1523.0,500.7,0.0,499.6,0.000391390931372549,499.6,0.0011837307648082727,0.0036157947613696334,3.4444444444444446,2.8,0.061349647412300826,0.6065103152873372
Общественное питание,asof_june,raw,-20,step,rolling_3m,common_balanced_ids,499.3,1516.7,499.3,0.0,499.3,0.00039177314761521047,499.3,0.0011841129810509343,0.003628399912652392,3.4444444444444446,0.0,0.05382316593130472,0.5487023572581398
Общественное питание,asof_june,raw,-20,step,spike,all_eligible,501.0,1523.0,500.7,0.0005955204002079002,499.6,0.0022727691571027527,499.6,0.0022727691571027527,0.007288926418361014,4.3,2.8,0.06028832890725572,0.5897640375895052
Общественное питание,asof_june,raw,-20,step,spike,common_balanced_ids,499.3,1516.7,499.3,0.0005966451171930624,499.3,0.0018460563364859094,499.3,0.0018460563364859094,0.0060778110106059725,4.2,0.0,0.05275964968860919,0.5738247796984902
Общественное питание,asof_june,raw,20,pulse,cusum,all_eligible,501.0,1523.0,500.7,0.006115855274994189,499.6,0.017151880227850906,499.6,0.030310585395490496,0.0790513884584094,2.9,2.8,0.08444578932226739,9.76081579454932
Общественное питание,asof_june,raw,20,pulse,cusum,common_balanced_ids,499.3,1516.7,499.3,0.006137740560965095,499.3,0.017166861179647115,499.3,0.03033436848216804,0.07933597458831787,2.9,0.0,0.08469690647793575,9.715566640480729
Общественное питание,asof_june,raw,20,pulse,ewma,all_eligible,501.0,1523.0,500.7,0.002394259493922318,499.6,0.005828397543193002,499.6,0.006853174978887236,0.008417021034618615,1.1,2.8,0.0,2.289164702496472
Общественное питание,asof_june,raw,20,pulse,ewma,common_balanced_ids,499.3,1516.7,499.3,0.002402570821536367,499.3,0.005832421747695003,499.3,0.006858119320455412,0.008449892346731356,1.1,0.0,0.0,2.229676217410824
Общественное питание,asof_june,raw,20,pulse,rolling_3m,all_eligible,501.0,1523.0,500.7,0.0,499.6,0.0,499.6,0.0015893987520570357,0.001585102343945524,2.0,2.8,0.0,0.6065103152873372
Общественное питание,asof_june,raw,20,pulse,rolling_3m,common_balanced_ids,499.3,1516.7,499.3,0.0,499.3,0.0,499.3,0.001589819528305058,0.001589819528305058,2.0,0.0,0.0,0.5487023572581398
Общественное питание,asof_june,raw,20,pulse,spike,all_eligible,501.0,1523.0,500.7,0.0017833460139554578,499.6,0.0017885397063770827,499.6,0.0017885397063770827,0.0017821150564490452,0.0,2.8,0.007662648962987385,0.5897640375895052
Общественное питание,asof_june,raw,20,pulse,spike,common_balanced_ids,499.3,1516.7,499.3,0.0017890390671952354,499.3,0.0017890390671952354,499.3,0.0017890390671952354,0.0017890390671952354,0.0,0.0,0.00768499466860751,0.5738247796984902
Общественное питание,asof_june,raw,20,ramp,cusum,all_eligible,501.0,1523.0,499.6,0.0006138407758360894,499.6,0.00579591783400307,499.5,0.023748813370149106,0.10959357457193704,3.0,2.5,0.2195831088952865,11.371570127725922
Общественное питание,asof_june,raw,20,ramp,cusum,common_balanced_ids,499.3,1516.7,499.3,0.0006143401366542422,499.3,0.005800470717280003,499.3,0.023758699124166643,0.10998339644169963,3.0,0.0,0.2201955367592811,11.325124668706938
Общественное питание,asof_june,raw,20,ramp,ewma,all_eligible,501.0,1523.0,499.6,0.0022151043786207874,499.6,0.004421086079230201,499.5,0.009976336332889538,0.040068953301174916,3.1,2.5,0.009222701245936651,2.597426438567861
Общественное питание,asof_june,raw,20,ramp,ewma,common_balanced_ids,499.3,1516.7,499.3,0.0022168275081776464,499.3,0.004424150122101257,499.3,0.009980858433650283,0.04020494790910691,3.1,0.0,0.009250227939019324,2.5358058657094666
Общественное питание,asof_june,raw,20,ramp,rolling_3m,all_eligible,501.0,1523.0,499.6,0.0,499.6,0.0007939572213213874,499.5,0.0013849756402086588,0.009137114659939487,3.05,2.5,0.010503388608833644,0.6687339963893271
Общественное питание,asof_june,raw,20,ramp,rolling_3m,common_balanced_ids,499.3,1516.7,499.3,0.0,499.3,0.0007943779975694096,499.3,0.0013858171927047034,0.008557381705631861,3.1,0.0,0.010532017434726438,0.6096938045962723
Общественное питание,asof_june,raw,20,ramp,spike,all_eligible,501.0,1523.0,499.6,0.0,499.6,0.0010029664112498015,499.5,0.004000092690495775,0.009559901158509155,2.6666666666666665,2.5,0.029008247387237986,0.6524855626427726
Общественное питание,asof_june,raw,20,ramp,spike,common_balanced_ids,499.3,1516.7,499.3,0.0,499.3,0.0010038479883106156,499.3,0.004001932964628125,0.008980988562725634,2.888888888888889,0.0,0.029090995331897428,0.6436995268665787
Общественное питание,asof_june,raw,20,step,cusum,all_eligible,501.0,1523.0,500.7,0.006115855274994189,499.6,0.02771377829571272,499.6,0.06876170032495302,0.26123890398059835,3.1,2.8,0.4209322920538436,9.76081579454932
Общественное питание,asof_june,raw,20,step,cusum,common_balanced_ids,499.3,1516.7,499.3,0.006137740560965095,499.3,0.02773519096492357,499.3,0.06880891799370045,0.2621612540526709,3.1,0.0,0.42217547841676994,9.715566640480729
Общественное питание,asof_june,raw,20,step,ewma,all_eligible,501.0,1523.0,500.7,0.002394259493922318,499.6,0.010218825891494575,499.6,0.02282499838831701,0.06865494445249418,3.5,2.8,0.03523825250153501,2.289164702496472
Общественное питание,asof_june,raw,20,step,ewma,common_balanced_ids,499.3,1516.7,499.3,0.002402570821536367,499.3,0.01022541477804948,499.3,0.022840281507226338,0.06889488764076046,3.5,0.0,0.035347225606612354,2.229676217410824
Общественное питание,asof_june,raw,20,step,rolling_3m,all_eligible,501.0,1523.0,500.7,0.0,499.6,0.0016313930089926203,499.6,0.00584733453795785,0.015560290991424678,3.3,2.8,0.008751389994777859,0.6065103152873372
Общественное питание,asof_june,raw,20,step,rolling_3m,common_balanced_ids,499.3,1516.7,499.3,0.0,499.3,0.0016331947231196097,499.3,0.005851739494143105,0.015003910280574661,3.25,0.0,0.008776681195605365,0.5487023572581398
Общественное питание,asof_june,raw,20,step,spike,all_eligible,501.0,1523.0,500.7,0.0017833460139554578,499.6,0.0025898386634137446,499.6,0.004788403679208511,0.012931673119412786,2.65,2.8,0.03401865038178262,0.5897640375895052
Общественное питание,asof_june,raw,20,step,spike,common_balanced_ids,499.3,1516.7,499.3,0.0017890390671952354,499.3,0.002591179576727942,499.3,0.004791429162074206,0.012364818229041619,2.8,0.0,0.03411982060874155,0.5738247796984902
Общественное питание,asof_june,regularized_noise,-20,pulse,cusum,all_eligible,501.0,1523.0,500.7,0.013628823350358574,499.6,0.038685370754986945,499.6,0.06969615185806877,0.20311464998721052,3.1,2.8,0.9484828346854858,23.980648712524918
Общественное питание,asof_june,regularized_noise,-20,pulse,cusum,common_balanced_ids,499.3,1516.7,499.3,0.013280602148240733,499.3,0.03871399320982456,499.3,0.06974411534795273,0.203449809744646,3.1,0.0,0.9512897908359991,23.946287810637926
Общественное питание,asof_june,regularized_noise,-20,pulse,ewma,all_eligible,501.0,1523.0,500.7,0.010682596342534796,499.6,0.014693439806916134,499.6,0.01868995708947612,0.02163157315417587,0.8,2.8,0.19086233231959998,7.231312522736293
Общественное питание,asof_june,regularized_noise,-20,pulse,ewma,common_balanced_ids,499.3,1516.7,499.3,0.010524579547254418,499.3,0.014508054550057848,499.3,0.018507520195472808,0.021516245516352527,0.8,0.0,0.19143004366557514,7.192898146105854
Общественное питание,asof_june,regularized_noise,-20,pulse,rolling_3m,all_eligible,501.0,1523.0,500.7,0.0005955204002079002,499.6,0.002204650378329818,499.6,0.0037997150744109227,0.0037907608763118315,1.2,2.8,0.016456615851752752,2.3056442532274213
Общественное питание,asof_june,regularized_noise,-20,pulse,rolling_3m,common_balanced_ids,499.3,1516.7,499.3,0.0005966451171930624,499.3,0.0022051497391479707,499.3,0.0038014382039677818,0.0038014382039677818,1.2,0.0,0.01650611252166211,2.268198406642349
Общественное питание,asof_june,regularized_noise,-20,pulse,spike,all_eligible,501.0,1523.0,500.7,0.006856811798559408,499.6,0.00687422539932807,499.6,0.00687422539932807,0.006852315927556324,0.0,2.8,0.005482168883666442,1.7580220923935244
Общественное питание,asof_june,regularized_noise,-20,pulse,spike,common_balanced_ids,499.3,1516.7,499.3,0.0068795519571389074,499.3,0.0068795519571389074,499.3,0.0068795519571389074,0.0068795519571389074,0.0,0.0,0.005499546139940024,1.7454889912496334
Общественное питание,asof_june,regularized_noise,-20,ramp,cusum,all_eligible,501.0,1523.0,499.6,0.001583652531564643,499.6,0.02198749283466783,499.5,0.0888902362214752,0.4047327850585014,3.0,2.5,1.3850673404539944,28.124883397913333
Общественное питание,asof_june,regularized_noise,-20,ramp,cusum,common_balanced_ids,499.3,1516.7,499.3,0.0015840733078126654,499.3,0.022002856002706697,499.3,0.08893569298279304,0.40573545975036673,3.0,0.0,1.3889142565536283,28.099865819410724
Общественное питание,asof_june,regularized_noise,-20,ramp,ewma,all_eligible,501.0,1523.0,499.6,0.002824084387523635,499.6,0.011864863253516024,499.5,0.027113880117568802,0.13926930767427648,3.95,2.5,0.7998488451118639,8.401298471562367
Общественное питание,asof_june,regularized_noise,-20,ramp,ewma,common_balanced_ids,499.3,1516.7,499.3,0.0028263454379040074,499.3,0.011872373741696512,499.3,0.02712776075813155,0.13912998797125717,3.95,0.0,0.8020843704268993,8.363697956724447
Общественное питание,asof_june,regularized_noise,-20,ramp,rolling_3m,all_eligible,501.0,1523.0,499.6,0.0,499.6,0.0013932483605941443,499.5,0.003210410194045909,0.029118817094673722,3.95,2.5,0.24602532376041725,2.707989145124345
Общественное питание,asof_june,regularized_noise,-20,ramp,rolling_3m,common_balanced_ids,499.3,1516.7,499.3,0.0,499.3,0.001394051353084828,499.3,0.0032121718836081283,0.029209544852667586,3.95,0.0,0.24539213634233842,2.673069029584068
Общественное питание,asof_june,regularized_noise,-20,ramp,spike,all_eligible,501.0,1523.0,499.6,0.0,499.6,0.0018252106323025884,499.5,0.0054259220051459545,0.029581684203950846,3.3,2.5,0.21704465809194332,2.003453985714528
Общественное питание,asof_june,regularized_noise,-20,ramp,spike,common_balanced_ids,499.3,1516.7,499.3,0.0,499.3,0.0013979598908622317,499.3,0.004999629960777134,0.029257465806983886,3.3,0.0,0.2176505736402373,1.998400781995079
Общественное питание,asof_june,regularized_noise,-20,step,cusum,all_eligible,501.0,1523.0,500.7,0.013628823350358574,499.6,0.12504157178745295,499.6,0.43584675333693185,0.5795845881302572,2.0,2.8,3.053028603819973,23.980648712524918
Общественное питание,asof_june,regularized_noise,-20,step,cusum,common_balanced_ids,499.3,1516.7,499.3,0.013280602148240733,499.3,0.1251235814859043,499.3,0.436126050117949,0.580181999119529,2.0,0.0,3.0620277104463707,23.946287810637926
Общественное питание,asof_june,regularized_noise,-20,step,ewma,all_eligible,501.0,1523.0,500.7,0.010682596342534796,499.6,0.04710424575813204,499.6,0.10927256220132042,0.27582361329755184,3.0,2.8,1.2541748804445754,7.231312522736293
Общественное питание,asof_june,regularized_noise,-20,step,ewma,common_balanced_ids,499.3,1516.7,499.3,0.010524579547254418,499.3,0.04694080624293776,499.3,0.10914919054246815,0.27597209154397767,3.0,0.0,1.2578813088492546,7.192898146105854
Общественное питание,asof_june,regularized_noise,-20,step,rolling_3m,all_eligible,501.0,1523.0,500.7,0.0005955204002079002,499.6,0.004036401031462763,499.6,0.02268247705573229,0.055949453299311905,3.2,2.8,0.35516156677659494,2.3056442532274213
Общественное питание,asof_june,regularized_noise,-20,step,rolling_3m,common_balanced_ids,499.3,1516.7,499.3,0.0005966451171930624,499.3,0.004039044298085798,499.3,0.022697684519190305,0.05614104272494329,3.2,0.0,0.348513401744224,2.268198406642349
Общественное питание,asof_june,regularized_noise,-20,step,spike,all_eligible,501.0,1523.0,500.7,0.006856811798559408,499.6,0.01373249514829734,499.6,0.01793052747721906,0.04645391718632945,3.35,2.8,0.2926748948089154,1.7580220923935244
Общественное питание,asof_june,regularized_noise,-20,step,spike,common_balanced_ids,499.3,1516.7,499.3,0.0068795519571389074,499.3,0.01331447948915374,499.3,0.01751473430845047,0.04618987886790254,3.4,0.0,0.2935388527876297,1.7454889912496334
Общественное питание,asof_june,regularized_noise,20,pulse,cusum,all_eligible,501.0,1523.0,500.7,0.02161805071888027,499.6,0.06964570908649756,499.6,0.116770738219273,0.19191683354736747,2.0,2.8,0.4980408944279885,23.980648712524918
Общественное питание,asof_june,regularized_noise,20,pulse,cusum,common_balanced_ids,499.3,1516.7,499.3,0.021686482380107196,499.3,0.06969266314813723,499.3,0.116841701879252,0.19258329148937364,2.0,0.0,0.4995146575976383,23.946287810637926
Общественное питание,asof_june,regularized_noise,20,pulse,ewma,all_eligible,501.0,1523.0,500.7,0.012248383437328623,499.6,0.02351348608414743,499.6,0.0330667699320779,0.047190589567639836,1.45,2.8,0.05704610887301376,7.231312522736293
Общественное питание,asof_june,regularized_noise,20,pulse,ewma,common_balanced_ids,499.3,1516.7,499.3,0.012286969848353377,499.3,0.023531102525077497,499.3,0.03308905640086039,0.0473617697168943,1.45,0.0,0.04733295999696248,7.192898146105854
Общественное питание,asof_june,regularized_noise,20,pulse,rolling_3m,all_eligible,501.0,1523.0,500.7,0.001363495333235212,499.6,0.002970008164235549,499.6,0.008546893863472519,0.008519443893035942,1.75,2.8,0.014232850458850994,2.3056442532274213
Общественное питание,asof_june,regularized_noise,20,pulse,rolling_3m,common_balanced_ids,499.3,1516.7,499.3,0.0013669127222500986,499.3,0.0029705075250537017,499.3,0.008550762363393666,0.008550762363393666,1.75,0.0,0.014273047280069668,2.268198406642349
Общественное питание,asof_june,regularized_noise,20,pulse,spike,all_eligible,501.0,1523.0,500.7,0.009830495765885273,499.6,0.00985554649727299,499.6,0.00985554649727299,0.009825200265607934,0.0,2.8,0.014231852922640642,1.7580220923935244
Общественное питание,asof_june,regularized_noise,20,pulse,spike,common_balanced_ids,499.3,1516.7,499.3,0.009863016960888708,499.3,0.009863016960888708,499.3,0.009863016960888708,0.009863016960888708,0.0,0.0,0.014274018384699846,1.7454889912496334
Общественное питание,asof_june,regularized_noise,20,ramp,cusum,all_eligible,501.0,1523.0,499.6,0.008466392883342841,499.6,0.0377061847517577,499.5,0.08943841286256721,0.21678983207956404,3.0,2.5,1.7684890913288118,28.124883397913333
Общественное питание,asof_june,regularized_noise,20,ramp,cusum,common_balanced_ids,499.3,1516.7,499.3,0.008473365450699816,499.3,0.03772950850218186,499.3,0.08947532478318171,0.21753493936074345,3.0,0.0,1.7734297608282106,28.099865819410724
Общественное питание,asof_june,regularized_noise,20,ramp,ewma,all_eligible,501.0,1523.0,499.6,0.005259275590813847,499.6,0.022684004582422708,499.5,0.05789286840937761,0.1526631109995005,3.0,2.5,0.4015008559028126,8.401298471562367
Общественное питание,asof_june,regularized_noise,20,ramp,ewma,common_balanced_ids,499.3,1516.7,499.3,0.005264024203236402,499.3,0.022698366099706452,499.3,0.057921050466751146,0.15320736961679,3.0,0.0,0.40262184431243997,8.363697956724447
Общественное питание,asof_june,regularized_noise,20,ramp,rolling_3m,all_eligible,501.0,1523.0,499.6,0.0,499.6,0.0016050474927829378,499.5,0.008980460638661114,0.0425011640343361,3.2,2.5,0.06977158955658719,2.707989145124345
Общественное питание,asof_june,regularized_noise,20,ramp,rolling_3m,common_balanced_ids,499.3,1516.7,499.3,0.0,499.3,0.001605929069843752,499.3,0.008983720410677793,0.04204377502037245,3.25,0.0,0.06996454796691937,2.673069029584068
Общественное питание,asof_june,regularized_noise,20,ramp,spike,all_eligible,501.0,1523.0,499.6,0.0009980252964823843,499.6,0.0063307574240070025,499.5,0.018944646229799723,0.04803134169183719,3.0,2.5,0.06970908350621904,2.003453985714528
Общественное питание,asof_june,regularized_noise,20,ramp,spike,common_balanced_ids,499.3,1516.7,499.3,0.0009984460727304066,499.3,0.006333204961484415,499.3,0.018951350796370708,0.048197185673560516,3.0,0.0,0.06990258530520879,1.998400781995079
Общественное питание,asof_june,regularized_noise,20,step,cusum,all_eligible,501.0,1523.0,500.7,0.02161805071888027,499.6,0.13646574163675543,499.6,0.2755123078097787,0.46421552124008725,2.0,2.8,3.262875099866195,23.980648712524918
Общественное питание,asof_june,regularized_noise,20,step,cusum,common_balanced_ids,499.3,1516.7,499.3,0.021686482380107196,499.3,0.13655358662313596,499.3,0.27568473449946057,0.4658245859982202,2.0,0.0,3.272495169595408,23.946287810637926
Общественное питание,asof_june,regularized_noise,20,step,ewma,all_eligible,501.0,1523.0,500.7,0.012248383437328623,499.6,0.06815163232701318,499.6,0.1338685052122954,0.25147633928976754,2.25,2.8,0.550868710873866,7.231312522736293
Общественное питание,asof_june,regularized_noise,20,step,ewma,common_balanced_ids,499.3,1516.7,499.3,0.012286969848353377,499.3,0.06819778339616216,499.3,0.13395575364193887,0.25236730711201766,2.25,0.0,0.5426127367294454,7.192898146105854
Общественное питание,asof_june,regularized_noise,20,step,rolling_3m,all_eligible,501.0,1523.0,500.7,0.001363495333235212,499.6,0.006993756632777623,499.6,0.030669792645312118,0.0836438351617211,3.0,2.8,0.07996426035697347,2.3056442532274213
Общественное питание,asof_june,regularized_noise,20,step,rolling_3m,common_balanced_ids,499.3,1516.7,499.3,0.0013669127222500986,499.3,0.006997703717268902,499.3,0.030688447832443254,0.08332822198481475,3.0,0.0,0.0801945619508067,2.268198406642349
Общественное питание,asof_june,regularized_noise,20,step,spike,all_eligible,501.0,1523.0,500.7,0.009830495765885273,499.6,0.017822404699871203,499.6,0.030223786943570242,0.07145957389622984,3.0,2.8,0.07998901746927338,1.7580220923935244
Общественное питание,asof_june,regularized_noise,20,step,spike,common_balanced_ids,499.3,1516.7,499.3,0.009863016960888708,499.3,0.01783328286259528,499.3,0.03024316507406253,0.07171152984030665,3.0,0.0,0.08022342318201403,1.7454889912496334
Общественное питание,balanced_future_reference,raw,-20,pulse,cusum,all_eligible,499.3,1516.7,499.3,0.0,499.3,0.0006147238517841297,499.3,0.005268673841930642,0.027857924267202815,4.1,0.0,0.3091199607576503,10.049622590818718
Общественное питание,balanced_future_reference,raw,-20,pulse,cusum,common_balanced_ids,499.3,1516.7,499.3,0.0,499.3,0.0006147238517841297,499.3,0.005268673841930642,0.027857924267202815,4.1,0.0,0.3091199607576503,10.049622590818718
Общественное питание,balanced_future_reference,raw,-20,pulse,ewma,all_eligible,499.3,1516.7,499.3,0.0029899168765615434,499.3,0.003798453863759385,499.3,0.003798453863759385,0.004799160744552373,0.7222222222222222,0.0,0.023114727839410782,2.6187760645058056
Общественное питание,balanced_future_reference,raw,-20,pulse,ewma,common_balanced_ids,499.3,1516.7,499.3,0.0029899168765615434,499.3,0.003798453863759385,499.3,0.003798453863759385,0.004799160744552373,0.7222222222222222,0.0,0.023114727839410782,2.6187760645058056
Общественное питание,balanced_future_reference,raw,-20,pulse,rolling_3m,all_eligible,499.3,1516.7,499.3,0.0,499.3,0.0,499.3,0.0,0.0,,0.0,0.0,0.5904326689078948
Общественное питание,balanced_future_reference,raw,-20,pulse,rolling_3m,common_balanced_ids,499.3,1516.7,499.3,0.0,499.3,0.0,499.3,0.0,0.0,,0.0,0.0,0.5904326689078948
Общественное питание,balanced_future_reference,raw,-20,pulse,spike,all_eligible,499.3,1516.7,499.3,0.00039062649012180375,499.3,0.00039062649012180375,499.3,0.00039062649012180375,0.00039062649012180375,0.0,0.0,0.0,0.6287976672608596
Общественное питание,balanced_future_reference,raw,-20,pulse,spike,common_balanced_ids,499.3,1516.7,499.3,0.00039062649012180375,499.3,0.00039062649012180375,499.3,0.00039062649012180375,0.00039062649012180375,0.0,0.0,0.0,0.6287976672608596
Общественное питание,balanced_future_reference,raw,-20,ramp,cusum,all_eligible,499.3,1516.7,499.3,0.0006147238517841297,499.3,0.00348511463718944,499.3,0.00805448617917411,0.06188801685727809,3.85,0.0,0.47220468808742294,11.678389372090267
Общественное питание,balanced_future_reference,raw,-20,ramp,cusum,common_balanced_ids,499.3,1516.7,499.3,0.0006147238517841297,499.3,0.00348511463718944,499.3,0.00805448617917411,0.06188801685727809,3.85,0.0,0.47220468808742294,11.678389372090267
Общественное питание,balanced_future_reference,raw,-20,ramp,ewma,all_eligible,499.3,1516.7,499.3,0.0005966451171930624,499.3,0.0025770176766423555,499.3,0.006188458861790633,0.015018946659200987,2.85,0.0,0.2164849015609999,2.969749167088131
Общественное питание,balanced_future_reference,raw,-20,ramp,ewma,common_balanced_ids,499.3,1516.7,499.3,0.0005966451171930624,499.3,0.0025770176766423555,499.3,0.006188458861790633,0.015018946659200987,2.85,0.0,0.2164849015609999,2.969749167088131
Общественное питание,balanced_future_reference,raw,-20,ramp,rolling_3m,all_eligible,499.3,1516.7,499.3,0.0,499.3,0.0,499.3,0.0,0.0016142840750837106,3.642857142857143,0.0,0.05015199701141002,0.6597701785759783
Общественное питание,balanced_future_reference,raw,-20,ramp,rolling_3m,common_balanced_ids,499.3,1516.7,499.3,0.0,499.3,0.0,499.3,0.0,0.0016142840750837106,3.642857142857143,0.0,0.05015199701141002,0.6597701785759783
Общественное питание,balanced_future_reference,raw,-20,ramp,spike,all_eligible,499.3,1516.7,499.3,0.0,499.3,0.00022371364653243848,499.3,0.00022371364653243848,0.004455468320652502,3.75,0.0,0.023740879048678356,0.7004449983390929
Общественное питание,balanced_future_reference,raw,-20,ramp,spike,common_balanced_ids,499.3,1516.7,499.3,0.0,499.3,0.00022371364653243848,499.3,0.00022371364653243848,0.004455468320652502,3.75,0.0,0.023740879048678356,0.7004449983390929
Общественное питание,balanced_future_reference,raw,-20,step,cusum,all_eligible,499.3,1516.7,499.3,0.0,499.3,0.006466778273980306,499.3,0.019481583477130207,0.21138305030073373,4.15,0.0,1.147966536859226,10.049622590818718
Общественное питание,balanced_future_reference,raw,-20,step,cusum,common_balanced_ids,499.3,1516.7,499.3,0.0,499.3,0.006466778273980306,499.3,0.019481583477130207,0.21138305030073373,4.15,0.0,1.147966536859226,10.049622590818718
Общественное питание,balanced_future_reference,raw,-20,step,ewma,all_eligible,499.3,1516.7,499.3,0.0029899168765615434,499.3,0.007430779698955707,499.3,0.010474268337655756,0.025294430790627338,3.2,0.0,0.40348984269534877,2.6187760645058056
Общественное питание,balanced_future_reference,raw,-20,step,ewma,common_balanced_ids,499.3,1516.7,499.3,0.0029899168765615434,499.3,0.007430779698955707,499.3,0.010474268337655756,0.025294430790627338,3.2,0.0,0.40348984269534877,2.6187760645058056
Общественное питание,balanced_future_reference,raw,-20,step,rolling_3m,all_eligible,499.3,1516.7,499.3,0.0,499.3,0.00039177314761521047,499.3,0.0017984531177051768,0.0046333665394284376,3.2222222222222223,0.0,0.06477954262916272,0.5904326689078948
Общественное питание,balanced_future_reference,raw,-20,step,rolling_3m,common_balanced_ids,499.3,1516.7,499.3,0.0,499.3,0.00039177314761521047,499.3,0.0017984531177051768,0.0046333665394284376,3.2222222222222223,0.0,0.06477954262916272,0.5904326689078948
Общественное питание,balanced_future_reference,raw,-20,step,spike,all_eligible,499.3,1516.7,499.3,0.00039062649012180375,499.3,0.0016400377094146507,499.3,0.0028276035959711645,0.007478766632866327,3.65,0.0,0.02745185374504181,0.6287976672608596
Общественное питание,balanced_future_reference,raw,-20,step,spike,common_balanced_ids,499.3,1516.7,499.3,0.00039062649012180375,499.3,0.0016400377094146507,499.3,0.0028276035959711645,0.007478766632866327,3.65,0.0,0.02745185374504181,0.6287976672608596
Общественное питание,balanced_future_reference,raw,20,pulse,cusum,all_eligible,499.3,1516.7,499.3,0.006507657946549218,499.3,0.017494589438127796,499.3,0.03308793342984241,0.0821889714867724,3.05,0.0,0.09126786624662686,10.049622590818718
Общественное питание,balanced_future_reference,raw,20,pulse,cusum,common_balanced_ids,499.3,1516.7,499.3,0.006507657946549218,499.3,0.017494589438127796,499.3,0.03308793342984241,0.0821889714867724,3.05,0.0,0.09126786624662686,10.049622590818718
Общественное питание,balanced_future_reference,raw,20,pulse,ewma,all_eligible,499.3,1516.7,499.3,0.004800277079866524,499.3,0.007591542735000491,499.3,0.009980672105477442,0.01421516214653407,1.4,0.0,0.0065986588534237365,2.6187760645058056
Общественное питание,balanced_future_reference,raw,20,pulse,ewma,common_balanced_ids,499.3,1516.7,499.3,0.004800277079866524,499.3,0.007591542735000491,499.3,0.009980672105477442,0.01421516214653407,1.4,0.0,0.0065986588534237365,2.6187760645058056
Общественное питание,balanced_future_reference,raw,20,pulse,rolling_3m,all_eligible,499.3,1516.7,499.3,0.0016069742493316137,499.3,0.002625065893433462,499.3,0.004622344985544833,0.004622344985544833,1.1,0.0,0.0,0.5904326689078948
Общественное питание,balanced_future_reference,raw,20,pulse,rolling_3m,common_balanced_ids,499.3,1516.7,499.3,0.0016069742493316137,499.3,0.002625065893433462,499.3,0.004622344985544833,0.004622344985544833,1.1,0.0,0.0,0.5904326689078948
Общественное питание,balanced_future_reference,raw,20,pulse,spike,all_eligible,499.3,1516.7,499.3,0.0017890390671952354,499.3,0.0017890390671952354,499.3,0.0017890390671952354,0.0017890390671952354,0.0,0.0,0.0,0.6287976672608596
Общественное питание,balanced_future_reference,raw,20,pulse,spike,common_balanced_ids,499.3,1516.7,499.3,0.0017890390671952354,499.3,0.0017890390671952354,499.3,0.0017890390671952354,0.0017890390671952354,0.0,0.0,0.0,0.6287976672608596
Общественное питание,balanced_future_reference,raw,20,ramp,cusum,all_eligible,499.3,1516.7,499.3,0.0027897459479882232,499.3,0.01120091155940581,499.3,0.026980829267304447,0.11352809865107898,3.0,0.0,0.26129097035363313,11.678389372090267
Общественное питание,balanced_future_reference,raw,20,ramp,cusum,common_balanced_ids,499.3,1516.7,499.3,0.0027897459479882232,499.3,0.01120091155940581,499.3,0.026980829267304447,0.11352809865107898,3.0,0.0,0.26129097035363313,11.678389372090267
Общественное питание,balanced_future_reference,raw,20,ramp,ewma,all_eligible,499.3,1516.7,499.3,0.0008050121645503259,499.3,0.004407164953008268,499.3,0.013609496685313058,0.051221634535684714,3.05,0.0,0.0857822204697114,2.969749167088131
Общественное питание,balanced_future_reference,raw,20,ramp,ewma,common_balanced_ids,499.3,1516.7,499.3,0.0008050121645503259,499.3,0.004407164953008268,499.3,0.013609496685313058,0.051221634535684714,3.05,0.0,0.0857822204697114,2.969749167088131
Общественное питание,balanced_future_reference,raw,20,ramp,rolling_3m,all_eligible,499.3,1516.7,499.3,0.0,499.3,0.0007954415307356484,499.3,0.0021785407412703147,0.00953706922573485,3.0,0.0,0.0,0.6597701785759783
Общественное питание,balanced_future_reference,raw,20,ramp,rolling_3m,common_balanced_ids,499.3,1516.7,499.3,0.0,499.3,0.0007954415307356484,499.3,0.0021785407412703147,0.00953706922573485,3.0,0.0,0.0,0.6597701785759783
Общественное питание,balanced_future_reference,raw,20,ramp,spike,all_eligible,499.3,1516.7,499.3,0.0,499.3,0.0005848233406654035,499.3,0.0035829083169829135,0.010554581376404967,3.15,0.0,0.032996488387561744,0.7004449983390929
Общественное питание,balanced_future_reference,raw,20,ramp,spike,common_balanced_ids,499.3,1516.7,499.3,0.0,499.3,0.0005848233406654035,499.3,0.0035829083169829135,0.010554581376404967,3.15,0.0,0.032996488387561744,0.7004449983390929
Общественное питание,balanced_future_reference,raw,20,step,cusum,all_eligible,499.3,1516.7,499.3,0.006507657946549218,499.3,0.02806628727874254,499.3,0.07137490348658512,0.2678974962424565,3.1,0.0,0.4499175569919619,10.049622590818718
Общественное питание,balanced_future_reference,raw,20,step,cusum,common_balanced_ids,499.3,1516.7,499.3,0.006507657946549218,499.3,0.02806628727874254,499.3,0.07137490348658512,0.2678974962424565,3.1,0.0,0.4499175569919619,10.049622590818718
Общественное питание,balanced_future_reference,raw,20,step,ewma,all_eligible,499.3,1516.7,499.3,0.004800277079866524,499.3,0.013628070278389156,499.3,0.027586641646480593,0.08204514492183058,3.25,0.0,0.11774531345792623,2.6187760645058056
Общественное питание,balanced_future_reference,raw,20,step,ewma,common_balanced_ids,499.3,1516.7,499.3,0.004800277079866524,499.3,0.013628070278389156,499.3,0.027586641646480593,0.08204514492183058,3.25,0.0,0.11774531345792623,2.6187760645058056
Общественное питание,balanced_future_reference,raw,20,step,rolling_3m,all_eligible,499.3,1516.7,499.3,0.0016069742493316137,499.3,0.0036385579745363238,499.3,0.007833598712106229,0.01660824000671381,2.85,0.0,0.0,0.5904326689078948
Общественное питание,balanced_future_reference,raw,20,step,rolling_3m,common_balanced_ids,499.3,1516.7,499.3,0.0016069742493316137,499.3,0.0036385579745363238,499.3,0.007833598712106229,0.01660824000671381,2.85,0.0,0.0,0.5904326689078948
Общественное питание,balanced_future_reference,raw,20,step,spike,all_eligible,499.3,1516.7,499.3,0.0017890390671952354,499.3,0.00400436870967382,499.3,0.00617395484153784,0.014733468858326711,2.9,0.0,0.027497073656301458,0.6287976672608596
Общественное питание,balanced_future_reference,raw,20,step,spike,common_balanced_ids,499.3,1516.7,499.3,0.0017890390671952354,499.3,0.00400436870967382,499.3,0.00617395484153784,0.014733468858326711,2.9,0.0,0.027497073656301458,0.6287976672608596
Общественное питание,balanced_future_reference,regularized_noise,-20,pulse,cusum,all_eligible,499.3,1516.7,499.3,0.013280602148240733,499.3,0.038919715733989356,499.3,0.0721524951834815,0.20526594200272635,3.2,0.0,0.8945110209350708,23.959421803832175
Общественное питание,balanced_future_reference,regularized_noise,-20,pulse,cusum,common_balanced_ids,499.3,1516.7,499.3,0.013280602148240733,499.3,0.038919715733989356,499.3,0.0721524951834815,0.20526594200272635,3.2,0.0,0.8945110209350708,23.959421803832175
Общественное питание,balanced_future_reference,regularized_noise,-20,pulse,ewma,all_eligible,499.3,1516.7,499.3,0.014583609417732082,499.3,0.016949319420918242,499.3,0.020571866421464264,0.02482223427209224,0.55,0.0,0.20347579570291924,7.663116048306589
Общественное питание,balanced_future_reference,regularized_noise,-20,pulse,ewma,common_balanced_ids,499.3,1516.7,499.3,0.014583609417732082,499.3,0.016949319420918242,499.3,0.020571866421464264,0.02482223427209224,0.55,0.0,0.20347579570291924,7.663116048306589
Общественное питание,balanced_future_reference,regularized_noise,-20,pulse,rolling_3m,all_eligible,499.3,1516.7,499.3,0.0005966451171930624,499.3,0.001605476383632552,499.3,0.002801877980668201,0.002801877980668201,1.1666666666666667,0.0,0.03848768308424788,2.2199312291503963
Общественное питание,balanced_future_reference,regularized_noise,-20,pulse,rolling_3m,common_balanced_ids,499.3,1516.7,499.3,0.0005966451171930624,499.3,0.001605476383632552,499.3,0.002801877980668201,0.002801877980668201,1.1666666666666667,0.0,0.03848768308424788,2.2199312291503963
Общественное питание,balanced_future_reference,regularized_noise,-20,pulse,spike,all_eligible,499.3,1516.7,499.3,0.006884914462501413,499.3,0.006884914462501413,499.3,0.006884914462501413,0.006884914462501413,0.0,0.0,0.006561793856107434,1.809309031651709
Общественное питание,balanced_future_reference,regularized_noise,-20,pulse,spike,common_balanced_ids,499.3,1516.7,499.3,0.006884914462501413,499.3,0.006884914462501413,499.3,0.006884914462501413,0.006884914462501413,0.0,0.0,0.006561793856107434,1.809309031651709
Общественное питание,balanced_future_reference,regularized_noise,-20,ramp,cusum,all_eligible,499.3,1516.7,499.3,0.0023914636375171007,499.3,0.02198980444435846,499.3,0.08592950721933193,0.40558454081706463,3.0,0.0,1.3957617388314074,28.11562661124382
Общественное питание,balanced_future_reference,regularized_noise,-20,ramp,cusum,common_balanced_ids,499.3,1516.7,499.3,0.0023914636375171007,499.3,0.02198980444435846,499.3,0.08592950721933193,0.40558454081706463,3.0,0.0,1.3957617388314074,28.11562661124382
Общественное питание,balanced_future_reference,regularized_noise,-20,ramp,ewma,all_eligible,499.3,1516.7,499.3,0.002223827077777424,499.3,0.01029402632354909,499.3,0.027772258098593284,0.15028081115124406,4.0,0.0,0.8432188912062741,8.914770497027778
Общественное питание,balanced_future_reference,regularized_noise,-20,ramp,ewma,common_balanced_ids,499.3,1516.7,499.3,0.002223827077777424,499.3,0.01029402632354909,499.3,0.027772258098593284,0.15028081115124406,4.0,0.0,0.8432188912062741,8.914770497027778
Общественное питание,balanced_future_reference,regularized_noise,-20,ramp,rolling_3m,all_eligible,499.3,1516.7,499.3,0.0,499.3,0.0003944911297852474,499.3,0.003992689940516193,0.02900232446280373,3.85,0.0,0.2597888932859762,2.6151484165937253
Общественное питание,balanced_future_reference,regularized_noise,-20,ramp,rolling_3m,common_balanced_ids,499.3,1516.7,499.3,0.0,499.3,0.0003944911297852474,499.3,0.003992689940516193,0.02900232446280373,3.85,0.0,0.2597888932859762,2.6151484165937253
Общественное питание,balanced_future_reference,regularized_noise,-20,ramp,spike,all_eligible,499.3,1516.7,499.3,0.0,499.3,0.0015679009727739529,499.3,0.005586334882271487,0.032828280132883005,3.2,0.0,0.2600340685789708,2.064405698884066
Общественное питание,balanced_future_reference,regularized_noise,-20,ramp,spike,common_balanced_ids,499.3,1516.7,499.3,0.0,499.3,0.0015679009727739529,499.3,0.005586334882271487,0.032828280132883005,3.2,0.0,0.2600340685789708,2.064405698884066
Общественное питание,balanced_future_reference,regularized_noise,-20,step,cusum,all_eligible,499.3,1516.7,499.3,0.013280602148240733,499.3,0.12774984562314595,499.3,0.4375508306640767,0.5803843096902415,2.0,0.0,3.0305259747696196,23.959421803832175
Общественное питание,balanced_future_reference,regularized_noise,-20,step,cusum,common_balanced_ids,499.3,1516.7,499.3,0.013280602148240733,499.3,0.12774984562314595,499.3,0.4375508306640767,0.5803843096902415,2.0,0.0,3.0305259747696196,23.959421803832175
Общественное питание,balanced_future_reference,regularized_noise,-20,step,ewma,all_eligible,499.3,1516.7,499.3,0.014583609417732082,499.3,0.056956668263137465,499.3,0.12188041846735262,0.3037337029102759,3.0,0.0,1.3085875474336146,7.663116048306589
Общественное питание,balanced_future_reference,regularized_noise,-20,step,ewma,common_balanced_ids,499.3,1516.7,499.3,0.014583609417732082,499.3,0.056956668263137465,499.3,0.12188041846735262,0.3037337029102759,3.0,0.0,1.3085875474336146,7.663116048306589
Общественное питание,balanced_future_reference,regularized_noise,-20,step,rolling_3m,all_eligible,499.3,1516.7,499.3,0.0005966451171930624,499.3,0.004039044298085798,499.3,0.020511746018880953,0.05473133451653096,3.25,0.0,0.3704956576864019,2.2199312291503963
Общественное питание,balanced_future_reference,regularized_noise,-20,step,rolling_3m,common_balanced_ids,499.3,1516.7,499.3,0.0005966451171930624,499.3,0.004039044298085798,499.3,0.020511746018880953,0.05473133451653096,3.25,0.0,0.3704956576864019,2.2199312291503963
Общественное питание,balanced_future_reference,regularized_noise,-20,step,spike,all_eligible,499.3,1516.7,499.3,0.006884914462501413,499.3,0.01393230055034154,499.3,0.01892527891820388,0.04878421851435374,3.35,0.0,0.3233405053948987,1.809309031651709
Общественное питание,balanced_future_reference,regularized_noise,-20,step,spike,common_balanced_ids,499.3,1516.7,499.3,0.006884914462501413,499.3,0.01393230055034154,499.3,0.01892527891820388,0.04878421851435374,3.35,0.0,0.3233405053948987,1.809309031651709
Общественное питание,balanced_future_reference,regularized_noise,20,pulse,cusum,all_eligible,499.3,1516.7,499.3,0.020087559057444516,499.3,0.07032591842072362,499.3,0.11747232229399554,0.19153782639441108,2.0,0.0,0.5081810423989281,23.959421803832175
Общественное питание,balanced_future_reference,regularized_noise,20,pulse,cusum,common_balanced_ids,499.3,1516.7,499.3,0.020087559057444516,499.3,0.07032591842072362,499.3,0.11747232229399554,0.19153782639441108,2.0,0.0,0.5081810423989281,23.959421803832175
Общественное питание,balanced_future_reference,regularized_noise,20,pulse,ewma,all_eligible,499.3,1516.7,499.3,0.015042801460608105,499.3,0.02645297734694409,499.3,0.03686194726235344,0.04829758567307817,1.3,0.0,0.0329956486916113,7.663116048306589
Общественное питание,balanced_future_reference,regularized_noise,20,pulse,ewma,common_balanced_ids,499.3,1516.7,499.3,0.015042801460608105,499.3,0.02645297734694409,499.3,0.03686194726235344,0.04829758567307817,1.3,0.0,0.0329956486916113,7.663116048306589
Общественное питание,balanced_future_reference,regularized_noise,20,pulse,rolling_3m,all_eligible,499.3,1516.7,499.3,0.0013669127222500986,499.3,0.0025817626157608473,499.3,0.008162017454100811,0.008162017454100811,1.8,0.0,0.008781808138716804,2.2199312291503963
Общественное питание,balanced_future_reference,regularized_noise,20,pulse,rolling_3m,common_balanced_ids,499.3,1516.7,499.3,0.0013669127222500986,499.3,0.0025817626157608473,499.3,0.008162017454100811,0.008162017454100811,1.8,0.0,0.008781808138716804,2.2199312291503963
Общественное питание,balanced_future_reference,regularized_noise,20,pulse,spike,all_eligible,499.3,1516.7,499.3,0.01025364345101051,499.3,0.01025364345101051,499.3,0.01025364345101051,0.01025364345101051,0.0,0.0,0.013171725615740412,1.809309031651709
Общественное питание,balanced_future_reference,regularized_noise,20,pulse,spike,common_balanced_ids,499.3,1516.7,499.3,0.01025364345101051,499.3,0.01025364345101051,499.3,0.01025364345101051,0.01025364345101051,0.0,0.0,0.013171725615740412,1.809309031651709
Общественное питание,balanced_future_reference,regularized_noise,20,ramp,cusum,all_eligible,499.3,1516.7,499.3,0.005438245361958331,499.3,0.033319332695617765,499.3,0.08401291295449996,0.20971532717148755,3.0,0.0,1.7126444272593204,28.11562661124382
Общественное питание,balanced_future_reference,regularized_noise,20,ramp,cusum,common_balanced_ids,499.3,1516.7,499.3,0.005438245361958331,499.3,0.033319332695617765,499.3,0.08401291295449996,0.20971532717148755,3.0,0.0,1.7126444272593204,28.11562661124382
Общественное питание,balanced_future_reference,regularized_noise,20,ramp,ewma,all_eligible,499.3,1516.7,499.3,0.005043338795026319,499.3,0.027010660901717387,499.3,0.06131849263521225,0.15985095456173937,3.0,0.0,0.39604175325647867,8.914770497027778
Общественное питание,balanced_future_reference,regularized_noise,20,ramp,ewma,common_balanced_ids,499.3,1516.7,499.3,0.005043338795026319,499.3,0.027010660901717387,499.3,0.06131849263521225,0.15985095456173937,3.0,0.0,0.39604175325647867,8.914770497027778
Общественное питание,balanced_future_reference,regularized_noise,20,ramp,rolling_3m,all_eligible,499.3,1516.7,499.3,0.0,499.3,0.0014075163714310538,499.3,0.009370131052930497,0.041624603454772105,3.2,0.0,0.07260414683593117,2.6151484165937253
Общественное питание,balanced_future_reference,regularized_noise,20,ramp,rolling_3m,common_balanced_ids,499.3,1516.7,499.3,0.0,499.3,0.0014075163714310538,499.3,0.009370131052930497,0.041624603454772105,3.2,0.0,0.07260414683593117,2.6151484165937253
Общественное питание,balanced_future_reference,regularized_noise,20,ramp,spike,all_eligible,499.3,1516.7,499.3,0.0009984460727304066,499.3,0.006140154768434222,499.3,0.01891135350624854,0.04836026638441067,3.0,0.0,0.07512742764264568,2.064405698884066
Общественное питание,balanced_future_reference,regularized_noise,20,ramp,spike,common_balanced_ids,499.3,1516.7,499.3,0.0009984460727304066,499.3,0.006140154768434222,499.3,0.01891135350624854,0.04836026638441067,3.0,0.0,0.07512742764264568,2.064405698884066
Общественное питание,balanced_future_reference,regularized_noise,20,step,cusum,all_eligible,499.3,1516.7,499.3,0.020087559057444516,499.3,0.13857169566464483,499.3,0.2741177637178324,0.4629065159329742,2.0,0.0,3.298776582728915,23.959421803832175
Общественное питание,balanced_future_reference,regularized_noise,20,step,cusum,common_balanced_ids,499.3,1516.7,499.3,0.020087559057444516,499.3,0.13857169566464483,499.3,0.2741177637178324,0.4629065159329742,2.0,0.0,3.298776582728915,23.959421803832175
Общественное питание,balanced_future_reference,regularized_noise,20,step,ewma,all_eligible,499.3,1516.7,499.3,0.015042801460608105,499.3,0.07459630878961479,499.3,0.14492373021393504,0.2595947546280598,2.0,0.0,0.6051972638232713,7.663116048306589
Общественное питание,balanced_future_reference,regularized_noise,20,step,ewma,common_balanced_ids,499.3,1516.7,499.3,0.015042801460608105,499.3,0.07459630878961479,499.3,0.14492373021393504,0.2595947546280598,2.0,0.0,0.6051972638232713,7.663116048306589
Общественное питание,balanced_future_reference,regularized_noise,20,step,rolling_3m,all_eligible,499.3,1516.7,499.3,0.0013669127222500986,499.3,0.006997703717268902,499.3,0.029495034247388807,0.080312116325266,3.0,0.0,0.0845422517212266,2.2199312291503963
Общественное питание,balanced_future_reference,regularized_noise,20,step,rolling_3m,common_balanced_ids,499.3,1516.7,499.3,0.0013669127222500986,499.3,0.006997703717268902,499.3,0.029495034247388807,0.080312116325266,3.0,0.0,0.0845422517212266,2.2199312291503963
Общественное питание,balanced_future_reference,regularized_noise,20,step,spike,all_eligible,499.3,1516.7,499.3,0.01025364345101051,499.3,0.01861189131964642,499.3,0.03023019664004146,0.07207841898756842,3.05,0.0,0.09016386409910015,1.809309031651709
Общественное питание,balanced_future_reference,regularized_noise,20,step,spike,common_balanced_ids,499.3,1516.7,499.3,0.01025364345101051,499.3,0.01861189131964642,499.3,0.03023019664004146,0.07207841898756842,3.05,0.0,0.09016386409910015,1.809309031651709
Продовольствие,asof_june,raw,-20,pulse,cusum,all_eligible,501.0,1523.0,500.7,0.655859331579866,499.6,0.6666530105122535,499.6,0.674243759354369,0.6829763977151477,0.0,2.8,0.6687370424602931,8.956883453188608
Продовольствие,asof_june,raw,-20,pulse,cusum,common_balanced_ids,499.3,1516.7,499.3,0.6565174424886114,499.3,0.667071220291663,499.3,0.6746654939774623,0.684135995505202,0.0,0.0,0.670709617527719,8.913802073734164
Продовольствие,asof_june,raw,-20,pulse,ewma,all_eligible,501.0,1523.0,500.7,0.7759280458717164,499.6,0.7776262895118933,499.6,0.778849444959544,0.7794727603109279,0.0,2.8,0.1458465791689005,4.895313449798495
Продовольствие,asof_june,raw,-20,pulse,ewma,common_balanced_ids,499.3,1516.7,499.3,0.7767200673353998,499.3,0.777918040257112,499.3,0.7791421944263991,0.7807596491698641,0.0,0.0,0.1462823630461547,4.868933114175951
Продовольствие,asof_june,raw,-20,pulse,rolling_3m,all_eligible,501.0,1523.0,500.7,0.028132467744253948,499.6,0.05332111973723097,499.6,0.07586469410599075,0.07564127243568743,0.9,2.8,0.032804087600614575,1.833038840324475
Продовольствие,asof_june,raw,-20,pulse,rolling_3m,common_balanced_ids,499.3,1516.7,499.3,0.02802168687895563,499.3,0.0531644633731778,499.3,0.07572231582628085,0.07572231582628085,0.9,0.0,0.03289945148022916,1.8230114986624575
Продовольствие,asof_june,raw,-20,pulse,spike,all_eligible,501.0,1523.0,500.7,0.9327419513148056,499.6,0.9329825107404079,499.6,0.9329825107404079,0.9321675491936985,0.0,2.8,0.037222500657752136,1.7589702078283629
Продовольствие,asof_june,raw,-20,pulse,spike,common_balanced_ids,499.3,1516.7,499.3,0.9333688276034238,499.3,0.9333688276034238,499.3,0.9333688276034238,0.9333688276034238,0.0,0.0,0.03733327242662811,1.7421099111651874
Продовольствие,asof_june,raw,-20,ramp,cusum,all_eligible,501.0,1523.0,499.6,0.0040108296843069016,499.6,0.060446654100255084,499.5,0.38996064996488927,0.8916202358178976,3.0,2.5,3.067847769890114,10.323948849884422
Продовольствие,asof_june,raw,-20,ramp,cusum,common_balanced_ids,499.3,1516.7,499.3,0.004013776582602467,499.3,0.060491579936105946,499.3,0.3901307967375615,0.8928662930644279,3.0,0.0,3.0658894857739627,10.28127395305472
Продовольствие,asof_june,raw,-20,ramp,ewma,all_eligible,501.0,1523.0,499.6,0.004363954174531064,499.6,0.07377374645920064,499.5,0.4380087305313715,0.9408089280658833,2.9,2.5,1.8524003279077987,5.570271937196766
Продовольствие,asof_june,raw,-20,ramp,ewma,common_balanced_ids,499.3,1516.7,499.3,0.00416986544326977,499.3,0.07363011362823584,499.3,0.4382032723751851,0.9422270224436995,2.85,0.0,1.8364641021316683,5.536861397276293
Продовольствие,asof_june,raw,-20,ramp,rolling_3m,all_eligible,501.0,1523.0,499.6,0.0016068586036433485,499.6,0.013395417382028743,499.5,0.08030817178022984,0.8366078739741608,3.0,2.5,0.4936387789729709,2.0948473408407295
Продовольствие,asof_june,raw,-20,ramp,rolling_3m,common_balanced_ids,499.3,1516.7,499.3,0.0016073579644615011,499.3,0.01320749822563374,499.3,0.08035183899858808,0.8386897201333262,3.0,0.0,0.49503110517989013,2.082181452290034
Продовольствие,asof_june,raw,-20,ramp,spike,all_eligible,501.0,1523.0,499.6,0.005420176535910396,499.6,0.04095841292282741,499.5,0.19303531244118505,0.8929440108109757,3.0,2.5,0.41581112173138735,1.9125261798773068
Продовольствие,asof_june,raw,-20,ramp,spike,common_balanced_ids,499.3,1516.7,499.3,0.00542458295665506,499.3,0.04079083837148541,499.3,0.19312556445824036,0.8946114473045315,3.0,0.0,0.41032643377500094,1.8914153430107832
Продовольствие,asof_june,raw,-20,step,cusum,all_eligible,501.0,1523.0,500.7,0.655859331579866,499.6,0.9718405635978827,499.6,0.9720366420292553,0.9737435349042135,0.0,2.8,3.814053846985898,8.956883453188608
Продовольствие,asof_june,raw,-20,step,cusum,common_balanced_ids,499.3,1516.7,499.3,0.6565174424886114,499.3,0.9720169943990898,499.3,0.9722130728304623,0.9736455940471066,0.0,0.0,3.81654876354728,8.913802073734164
Продовольствие,asof_june,raw,-20,step,ewma,all_eligible,501.0,1523.0,500.7,0.7759280458717164,499.6,0.9715148867082745,499.6,0.978280935308178,0.9850894389109717,0.0,2.8,1.9594276052282058,4.895313449798495
Продовольствие,asof_june,raw,-20,step,ewma,common_balanced_ids,499.3,1516.7,499.3,0.7767200673353998,499.3,0.9714966986348859,499.3,0.978266919366383,0.9850318091305302,0.0,0.0,1.9476247401237543,4.868933114175951
Продовольствие,asof_june,raw,-20,step,rolling_3m,all_eligible,501.0,1523.0,500.7,0.028132467744253948,499.6,0.8065680532028956,499.6,0.9796917943381611,0.9864921934033066,1.0,2.8,0.49237840202104854,1.833038840324475
Продовольствие,asof_june,raw,-20,step,rolling_3m,common_balanced_ids,499.3,1516.7,499.3,0.02802168687895563,499.3,0.8068769395123233,499.3,0.9796795415504878,0.9864426231927836,1.0,0.0,0.49384110988363245,1.8230114986624575
Продовольствие,asof_june,raw,-20,step,spike,all_eligible,501.0,1523.0,500.7,0.9327419513148056,499.6,0.9678492475783385,499.6,0.977425213145445,0.984461957874988,0.0,2.8,0.41995574634622945,1.7589702078283629
Продовольствие,asof_june,raw,-20,step,spike,common_balanced_ids,499.3,1516.7,499.3,0.9333688276034238,499.3,0.9678279554375141,499.3,0.9774098548257765,0.9844010258129027,0.0,0.0,0.4156583735263846,1.7421099111651874
Продовольствие,asof_june,raw,20,pulse,cusum,all_eligible,501.0,1523.0,500.7,0.23348393159169759,499.6,0.2687806426213065,499.6,0.2900411375473542,0.3270925913690572,0.0,2.8,0.26763628658664235,8.956883453188608
Продовольствие,asof_june,raw,20,pulse,cusum,common_balanced_ids,499.3,1516.7,499.3,0.23272402268950856,499.3,0.2685206804180857,499.3,0.2897950789897232,0.32679743886697044,0.0,0.0,0.26842188068051626,8.913802073734164
Продовольствие,asof_june,raw,20,pulse,ewma,all_eligible,501.0,1523.0,500.7,0.4033379832013894,499.6,0.4072504867403922,499.6,0.4080512869480087,0.4126954975284132,0.0,2.8,0.12822548670906403,4.895313449798495
Продовольствие,asof_june,raw,20,pulse,ewma,common_balanced_ids,499.3,1516.7,499.3,0.40305719367341447,499.3,0.40708112508638017,499.3,0.40788234607024465,0.4126898975584819,0.0,0.0,0.1187142635390416,4.868933114175951
Продовольствие,asof_june,raw,20,pulse,rolling_3m,all_eligible,501.0,1523.0,500.7,0.025165674843514424,499.6,0.04046305275790236,499.6,0.06566125864289493,0.06545783550193728,1.0,2.8,0.016440506375361326,1.833038840324475
Продовольствие,asof_june,raw,20,pulse,rolling_3m,common_balanced_ids,499.3,1516.7,499.3,0.025240776617310463,499.3,0.040060310975619504,499.3,0.06527706414521632,0.06527706414521632,1.05,0.0,0.016487432111806467,1.8230114986624575
Продовольствие,asof_june,raw,20,pulse,spike,all_eligible,501.0,1523.0,500.7,0.7417374380880355,499.6,0.7411625181152294,499.6,0.7411625181152294,0.7412784916801384,0.0,2.8,0.00764527086893903,1.7589702078283629
Продовольствие,asof_june,raw,20,pulse,spike,common_balanced_ids,499.3,1516.7,499.3,0.7411948943827708,499.3,0.7411948943827708,499.3,0.7411948943827708,0.7411948943827708,0.0,0.0,0.007668478229724078,1.7421099111651874
Продовольствие,asof_june,raw,20,ramp,cusum,all_eligible,501.0,1523.0,499.6,0.011402100574036431,499.6,0.07540823958782829,499.5,0.31338570755401923,0.8707268388162375,3.0,2.5,1.658398779235911,10.323948849884422
Продовольствие,asof_june,raw,20,ramp,cusum,common_balanced_ids,499.3,1516.7,499.3,0.011408573780575252,499.3,0.07545700314108411,499.3,0.313524047427848,0.8709014832834798,3.0,0.0,1.663029582905433,10.28127395305472
Продовольствие,asof_june,raw,20,ramp,ewma,all_eligible,501.0,1523.0,499.6,0.008663822484492384,499.6,0.08288219458009097,499.5,0.3259677014822916,0.8773694732862805,3.0,2.5,1.0920166660549566,5.570271937196766
Продовольствие,asof_june,raw,20,ramp,ewma,common_balanced_ids,499.3,1516.7,499.3,0.008670295691031206,499.3,0.08250975982219724,499.3,0.3256835362979837,0.8771473124610836,3.0,0.0,1.0831814761689984,5.536861397276293
Продовольствие,asof_june,raw,20,ramp,rolling_3m,all_eligible,501.0,1523.0,499.6,0.0015931522572777107,499.6,0.014580553767566876,499.5,0.09458473186166243,0.6846121562553092,4.0,2.5,0.37375090961693724,2.0948473408407295
Продовольствие,asof_june,raw,20,ramp,rolling_3m,common_balanced_ids,499.3,1516.7,499.3,0.0015940338343385248,499.3,0.01458951453614788,499.3,0.09419774210403138,0.6837263776213143,4.0,0.0,0.3748000877299722,2.082181452290034
Продовольствие,asof_june,raw,20,ramp,spike,all_eligible,501.0,1523.0,499.6,0.004774254303068897,499.6,0.045355731080574356,499.5,0.17640846379279143,0.7062996713348954,3.1,2.5,0.30921453202683075,1.9125261798773068
Продовольствие,asof_june,raw,20,ramp,spike,common_balanced_ids,499.3,1516.7,499.3,0.0047772012013644624,499.3,0.044953832315346956,499.3,0.17605397029298164,0.7054921658516734,3.15,0.0,0.31008403260579837,1.8914153430107832
Продовольствие,asof_june,raw,20,step,cusum,all_eligible,501.0,1523.0,500.7,0.23348393159169759,499.6,0.9472056478220854,499.6,0.9622999204798492,0.9640254139683748,1.0,2.8,2.2581452706745004,8.956883453188608
Продовольствие,asof_june,raw,20,step,cusum,common_balanced_ids,499.3,1516.7,499.3,0.23272402268950856,499.3,0.9473629192269728,499.3,0.9624686079682844,0.9640828920433681,1.0,0.0,2.264798828704386,8.913802073734164
Продовольствие,asof_june,raw,20,step,ewma,all_eligible,501.0,1523.0,500.7,0.4033379832013894,499.6,0.9315652750195499,499.6,0.9651403696477807,0.9789844028687533,1.0,2.8,1.2080123056589926,4.895313449798495
Продовольствие,asof_june,raw,20,step,ewma,common_balanced_ids,499.3,1516.7,499.3,0.40305719367341447,499.3,0.9317107173421307,499.3,0.9653113967711662,0.9790981602070739,1.0,0.0,1.2016608323719897,4.868933114175951
Продовольствие,asof_june,raw,20,step,rolling_3m,all_eligible,501.0,1523.0,500.7,0.025165674843514424,499.6,0.39684456621068426,499.6,0.9417643544920308,0.9648777325536972,2.0,2.8,0.3716488292968997,1.833038840324475
Продовольствие,asof_june,raw,20,step,rolling_3m,common_balanced_ids,499.3,1516.7,499.3,0.025240776617310463,499.3,0.3966714716854237,499.3,0.9419186775340632,0.9649435036527174,2.0,0.0,0.372742835583209,1.8230114986624575
Продовольствие,asof_june,raw,20,step,spike,all_eligible,501.0,1523.0,500.7,0.7417374380880355,499.6,0.859303829623553,499.6,0.8941031014633914,0.9393645238600381,0.0,2.8,0.288303564335208,1.7589702078283629
Продовольствие,asof_june,raw,20,step,spike,common_balanced_ids,499.3,1516.7,499.3,0.7411948943827708,499.3,0.8594124253018032,499.3,0.8942315052904306,0.9393499214821348,0.0,0.0,0.2891602245442316,1.7421099111651874
Продовольствие,asof_june,regularized_noise,-20,pulse,cusum,all_eligible,501.0,1523.0,500.7,0.8506426494689915,499.6,0.8555298719602782,499.6,0.8569822936823914,0.8573363345262057,0.0,2.8,0.9799951862505412,12.508032781117773
Продовольствие,asof_june,regularized_noise,-20,pulse,cusum,common_balanced_ids,499.3,1516.7,499.3,0.8524559722870334,499.3,0.8558646018292478,499.3,0.8573185216338157,0.8597029418036192,0.0,0.0,0.9829175920777786,12.529248688688904
Продовольствие,asof_june,regularized_noise,-20,pulse,ewma,all_eligible,501.0,1523.0,500.7,0.8329152385957158,499.6,0.8367334003797418,499.6,0.8385638510062112,0.836999239665861,0.0,2.8,0.43103892813545447,8.476596701887516
Продовольствие,asof_june,regularized_noise,-20,pulse,ewma,common_balanced_ids,499.3,1516.7,499.3,0.8346775419992788,499.3,0.8370576728622355,499.3,0.8388898866428265,0.839291303883234,0.0,0.0,0.43231611771245826,8.47721962579383
Продовольствие,asof_june,regularized_noise,-20,pulse,rolling_3m,all_eligible,501.0,1523.0,500.7,0.3329297202272354,499.6,0.387636608543758,499.6,0.4312091558826062,0.4303879584906764,0.0,2.8,0.0769615382319744,2.740576661837179
Продовольствие,asof_june,regularized_noise,-20,pulse,rolling_3m,common_balanced_ids,499.3,1516.7,499.3,0.3334778897256326,499.3,0.3878815622521571,499.3,0.4314813711838722,0.4314813711838722,0.0,0.0,0.07719551401846983,2.7420435414090187
Продовольствие,asof_june,regularized_noise,-20,pulse,spike,all_eligible,501.0,1523.0,500.7,0.890631221385167,499.6,0.8922016116870216,499.6,0.8922016116870216,0.8900805260846069,0.0,2.8,0.06149884925109792,2.032517471850772
Продовольствие,asof_june,regularized_noise,-20,pulse,spike,common_balanced_ids,499.3,1516.7,499.3,0.892560166131793,499.3,0.892560166131793,499.3,0.892560166131793,0.892560166131793,0.0,0.0,0.06168206017720357,2.031895016997254
Продовольствие,asof_june,regularized_noise,-20,ramp,cusum,all_eligible,501.0,1523.0,499.6,0.014866106977585669,499.6,0.23328181467044465,499.5,0.6300390329354414,0.8563185998890578,2.0,2.5,4.682188577777413,14.554301653144941
Продовольствие,asof_june,regularized_noise,-20,ramp,cusum,common_balanced_ids,499.3,1516.7,499.3,0.014876602924067084,499.3,0.2332226376108492,499.3,0.6303149168861537,0.8574511174509905,2.0,0.0,4.684800709518347,14.57619029380522
Продовольствие,asof_june,regularized_noise,-20,ramp,ewma,all_eligible,501.0,1523.0,499.6,0.02831874395878607,499.6,0.2717865892537057,499.5,0.6437326070807284,0.9038035326818414,2.0,2.5,4.16200598110385,9.784171681311774
Продовольствие,asof_june,regularized_noise,-20,ramp,ewma,common_balanced_ids,499.3,1516.7,499.3,0.02833751482593329,499.3,0.27175429934822365,499.3,0.6440109878355316,0.9050926454203202,2.0,0.0,4.17365589539325,9.782282177950268
Продовольствие,asof_june,regularized_noise,-20,ramp,rolling_3m,all_eligible,501.0,1523.0,499.6,0.0042517718430325115,499.6,0.051971667025054,499.5,0.3923035615378606,0.8686528418582983,3.0,2.5,1.8315582939716166,3.1722134775997226
Продовольствие,asof_june,regularized_noise,-20,ramp,rolling_3m,common_balanced_ids,499.3,1516.7,499.3,0.004254455134220314,499.3,0.05200526313941658,499.3,0.39247584004517033,0.8704356696102046,3.0,0.0,1.8366973024272706,3.1731418674868985
Продовольствие,asof_june,regularized_noise,-20,ramp,spike,all_eligible,501.0,1523.0,499.6,0.009214592836133306,499.6,0.13528978504125364,499.5,0.4870439252948455,0.8836151304627308,2.0,2.5,0.8015581343066556,2.2501497456154973
Продовольствие,asof_june,regularized_noise,-20,ramp,spike,common_balanced_ids,499.3,1516.7,499.3,0.009219880833938784,499.3,0.1353725254605553,499.3,0.4872532171851153,0.8856405702940497,2.0,0.0,0.7932754619707445,2.2485011784682274
Продовольствие,asof_june,regularized_noise,-20,step,cusum,all_eligible,501.0,1523.0,500.7,0.8506426494689915,499.6,0.9521934357017388,499.6,0.9616293244997054,0.9678964468764732,0.0,2.8,6.095547164844856,12.508032781117773
Продовольствие,asof_june,regularized_noise,-20,step,cusum,common_balanced_ids,499.3,1516.7,499.3,0.8524559722870334,499.3,0.9525920810078793,499.3,0.9618106107567174,0.968592690985275,0.0,0.0,6.104853335884515,12.529248688688904
Продовольствие,asof_june,regularized_noise,-20,step,ewma,all_eligible,501.0,1523.0,500.7,0.8329152385957158,499.6,0.9483810700445758,499.6,0.9613263672960981,0.9749875586611594,0.0,2.8,4.39434864932582,8.476596701887516
Продовольствие,asof_june,regularized_noise,-20,step,ewma,common_balanced_ids,499.3,1516.7,499.3,0.8346775419992788,499.3,0.9487761905070325,499.3,0.9617302127734254,0.9761348807520667,0.0,0.0,4.407328524629454,8.47721962579383
Продовольствие,asof_june,regularized_noise,-20,step,rolling_3m,all_eligible,501.0,1523.0,500.7,0.3329297202272354,499.6,0.8580963650421429,499.6,0.9591869942063859,0.9716858438079493,1.0,2.8,1.8676429142784563,2.740576661837179
Продовольствие,asof_june,regularized_noise,-20,step,rolling_3m,common_balanced_ids,499.3,1516.7,499.3,0.3334778897256326,499.3,0.8584318593435981,499.3,0.9595884692662464,0.9720120055862889,1.0,0.0,1.8731725335672966,2.7420435414090187
Продовольствие,asof_june,regularized_noise,-20,step,spike,all_eligible,501.0,1523.0,500.7,0.890631221385167,499.6,0.9228531349500709,499.6,0.9332208319044717,0.9493276798210053,0.0,2.8,0.7677284827897679,2.032517471850772
Продовольствие,asof_june,regularized_noise,-20,step,spike,common_balanced_ids,499.3,1516.7,499.3,0.892560166131793,499.3,0.9232306067245221,499.3,0.9336054227088117,0.9503835063714634,0.0,0.0,0.7612244097347851,2.031895016997254
Продовольствие,asof_june,regularized_noise,20,pulse,cusum,all_eligible,501.0,1523.0,500.7,0.7438965412999793,499.6,0.7551692504857017,499.6,0.7671283170464793,0.7769368718195049,0.0,2.8,0.6059645129759044,12.508032781117773
Продовольствие,asof_june,regularized_noise,20,pulse,cusum,common_balanced_ids,499.3,1516.7,499.3,0.7446127627722562,499.3,0.7556391762474598,499.3,0.7671790404758011,0.7777992115570571,0.0,0.0,0.6077277115688535,12.529248688688904
Продовольствие,asof_june,regularized_noise,20,pulse,ewma,all_eligible,501.0,1523.0,500.7,0.7439607675562536,499.6,0.7468127151296298,499.6,0.7500578801985294,0.751553525909378,0.0,2.8,0.20945095857482846,8.476596701887516
Продовольствие,asof_june,regularized_noise,20,pulse,ewma,common_balanced_ids,499.3,1516.7,499.3,0.7446721257749551,499.3,0.747275821099493,499.3,0.7505236694595803,0.7527576010713816,0.0,0.0,0.21006499677231932,8.47721962579383
Продовольствие,asof_june,regularized_noise,20,pulse,rolling_3m,all_eligible,501.0,1523.0,500.7,0.13599043852710418,499.6,0.17851385078423454,499.6,0.22884121259685375,0.22858546585714326,0.0,2.8,0.08890526418588082,2.740576661837179
Продовольствие,asof_june,regularized_noise,20,pulse,rolling_3m,common_balanced_ids,499.3,1516.7,499.3,0.13598129357544067,499.3,0.17862711403297915,499.3,0.22898334488800595,0.22898334488800595,0.0,0.0,0.08917147775180892,2.7420435414090187
Продовольствие,asof_june,regularized_noise,20,pulse,spike,all_eligible,501.0,1523.0,500.7,0.7904935392699961,499.6,0.790845570133855,499.6,0.790845570133855,0.7900038063819766,0.0,2.8,0.0394623865397954,2.032517471850772
Продовольствие,asof_june,regularized_noise,20,pulse,spike,common_balanced_ids,499.3,1516.7,499.3,0.7913366171043189,499.3,0.7913366171043189,499.3,0.7913366171043189,0.7913366171043189,0.0,0.0,0.03957702978692706,2.031895016997254
Продовольствие,asof_june,regularized_noise,20,ramp,cusum,all_eligible,501.0,1523.0,499.6,0.026934971736141726,499.6,0.19885755076820427,499.5,0.5626618030739452,0.8443903447568785,2.0,2.5,3.086417788766246,14.554301653144941
Продовольствие,asof_june,regularized_noise,20,ramp,cusum,common_balanced_ids,499.3,1516.7,499.3,0.026953477531621785,499.3,0.19898367891633756,499.3,0.5624800367110906,0.8440436756831063,2.0,0.0,3.094975134495852,14.57619029380522
Продовольствие,asof_june,regularized_noise,20,ramp,ewma,all_eligible,501.0,1523.0,499.6,0.03299185749804167,499.6,0.22688328692675802,499.5,0.5744191988941308,0.8817152027048957,2.0,2.5,2.589169177723958,9.784171681311774
Продовольствие,asof_june,regularized_noise,20,ramp,ewma,common_balanced_ids,499.3,1516.7,499.3,0.03301603350756986,499.3,0.22702848618990018,499.3,0.57424418782902,0.8814986733464061,2.0,0.0,2.596371841166869,9.782282177950268
Продовольствие,asof_june,regularized_noise,20,ramp,rolling_3m,all_eligible,501.0,1523.0,499.6,0.0044024798475296,499.6,0.056087848765816906,499.5,0.28725614441362,0.7983782533502122,3.0,2.5,1.0357474384979537,3.1722134775997226
Продовольствие,asof_june,regularized_noise,20,ramp,rolling_3m,common_balanced_ids,499.3,1516.7,499.3,0.004404243001651228,499.3,0.05612700719170072,499.3,0.28738491287171175,0.7978664576566563,3.0,0.0,1.038626565265072,3.1731418674868985
Продовольствие,asof_june,regularized_noise,20,ramp,spike,all_eligible,501.0,1523.0,499.6,0.02035004596190011,499.6,0.12124600321401842,499.5,0.3530583461259577,0.7674124903150621,3.0,2.5,0.6262831305457685,2.2501497456154973
Продовольствие,asof_june,regularized_noise,20,ramp,spike,common_balanced_ids,499.3,1516.7,499.3,0.020364342530340532,499.3,0.1213235849512575,499.3,0.35321264266819197,0.7674058979263091,3.0,0.0,0.6280339518110637,2.2485011784682274
Продовольствие,asof_june,regularized_noise,20,step,cusum,all_eligible,501.0,1523.0,500.7,0.7438965412999793,499.6,0.9405109987177527,499.6,0.9536875234690101,0.9677706904772256,0.0,2.8,4.271095208115122,12.508032781117773
Продовольствие,asof_june,regularized_noise,20,step,cusum,common_balanced_ids,499.3,1516.7,499.3,0.7446127627722562,499.3,0.9406655482714468,499.3,0.9538489269809263,0.9678462505079221,0.0,0.0,4.2836187509489445,12.529248688688904
Продовольствие,asof_june,regularized_noise,20,step,ewma,all_eligible,501.0,1523.0,500.7,0.7439607675562536,499.6,0.9298277348982154,499.6,0.9539121507934585,0.9719008894059756,0.0,2.8,2.857217131940418,8.476596701887516
Продовольствие,asof_june,regularized_noise,20,step,ewma,common_balanced_ids,499.3,1516.7,499.3,0.7446721257749551,499.3,0.929973012274167,499.3,0.9540747009541027,0.9719877036404225,0.0,0.0,2.8656166907828964,8.47721962579383
Продовольствие,asof_june,regularized_noise,20,step,rolling_3m,all_eligible,501.0,1523.0,500.7,0.13599043852710418,499.6,0.7507962957278624,499.6,0.9353238047989627,0.9534370075123247,1.0,2.8,1.071366036009867,2.740576661837179
Продовольствие,asof_june,regularized_noise,20,step,rolling_3m,common_balanced_ids,499.3,1516.7,499.3,0.13598129357544067,499.3,0.7512605219576156,499.3,0.9354770612413967,0.9534627554847237,1.0,0.0,1.0745093283711322,2.7420435414090187
Продовольствие,asof_june,regularized_noise,20,step,spike,all_eligible,501.0,1523.0,500.7,0.7904935392699961,499.6,0.8547867118079246,499.6,0.8849099749078577,0.9145040835135841,0.0,2.8,0.6106238951352028,2.032517471850772
Продовольствие,asof_june,regularized_noise,20,step,spike,common_balanced_ids,499.3,1516.7,499.3,0.7913366171043189,499.3,0.8553158214139687,499.3,0.88503019164085,0.9144035595758704,0.0,0.0,0.6124228297727462,2.031895016997254
Продовольствие,balanced_future_reference,raw,-20,pulse,cusum,all_eligible,499.3,1516.7,499.3,0.6539206777625921,499.3,0.6644744555656438,499.3,0.6724697627767207,0.6821386770028729,0.0,0.0,0.6596772040101646,8.918240500749002
Продовольствие,balanced_future_reference,raw,-20,pulse,cusum,common_balanced_ids,499.3,1516.7,499.3,0.6539206777625921,499.3,0.6644744555656438,499.3,0.6724697627767207,0.6821386770028729,0.0,0.0,0.6596772040101646,8.918240500749002
Продовольствие,balanced_future_reference,raw,-20,pulse,ewma,all_eligible,499.3,1516.7,499.3,0.7747372947693496,499.3,0.7759352676910619,499.3,0.7771594218603489,0.7789729550351865,0.0,0.0,0.1430306205339167,4.85572744155516
Продовольствие,balanced_future_reference,raw,-20,pulse,ewma,common_balanced_ids,499.3,1516.7,499.3,0.7747372947693496,499.3,0.7759352676910619,499.3,0.7771594218603489,0.7789729550351865,0.0,0.0,0.1430306205339167,4.85572744155516
Продовольствие,balanced_future_reference,raw,-20,pulse,rolling_3m,all_eligible,499.3,1516.7,499.3,0.029040005654882628,499.3,0.0569583629298833,499.3,0.0783729097996592,0.0783729097996592,0.95,0.0,0.0560973662063192,1.8724363922027956
Продовольствие,balanced_future_reference,raw,-20,pulse,rolling_3m,common_balanced_ids,499.3,1516.7,499.3,0.029040005654882628,499.3,0.0569583629298833,499.3,0.0783729097996592,0.0783729097996592,0.95,0.0,0.0560973662063192,1.8724363922027956
Продовольствие,balanced_future_reference,raw,-20,pulse,spike,all_eligible,499.3,1516.7,499.3,0.9351753612086615,499.3,0.9351753612086615,499.3,0.9351753612086615,0.9351753612086615,0.0,0.0,0.04065700517523204,1.7838428863581932
Продовольствие,balanced_future_reference,raw,-20,pulse,spike,common_balanced_ids,499.3,1516.7,499.3,0.9351753612086615,499.3,0.9351753612086615,499.3,0.9351753612086615,0.9351753612086615,0.0,0.0,0.04065700517523204,1.7838428863581932
Продовольствие,balanced_future_reference,raw,-20,ramp,cusum,all_eligible,499.3,1516.7,499.3,0.004013776582602467,499.3,0.06068727465234861,499.3,0.38795457287856483,0.8910157106239206,3.0,0.0,3.050121334850658,10.286600065472525
Продовольствие,balanced_future_reference,raw,-20,ramp,cusum,common_balanced_ids,499.3,1516.7,499.3,0.004013776582602467,499.3,0.06068727465234861,499.3,0.38795457287856483,0.8910157106239206,3.0,0.0,3.050121334850658,10.286600065472525
Продовольствие,balanced_future_reference,raw,-20,ramp,ewma,all_eligible,499.3,1516.7,499.3,0.00416986544326977,499.3,0.07282510146368551,499.3,0.434647637430895,0.9416092013825116,2.9,0.0,1.8444327515989962,5.521014590131344
Продовольствие,balanced_future_reference,raw,-20,ramp,ewma,common_balanced_ids,499.3,1516.7,499.3,0.00416986544326977,499.3,0.07282510146368551,499.3,0.434647637430895,0.9416092013825116,2.9,0.0,1.8444327515989962,5.521014590131344
Продовольствие,balanced_future_reference,raw,-20,ramp,rolling_3m,all_eligible,499.3,1516.7,499.3,0.001812696773496409,499.3,0.013636550681201088,499.3,0.08576966169356559,0.8421048650521328,3.0,0.0,0.5094618094766266,2.14149132453844
Продовольствие,balanced_future_reference,raw,-20,ramp,rolling_3m,common_balanced_ids,499.3,1516.7,499.3,0.001812696773496409,499.3,0.013636550681201088,499.3,0.08576966169356559,0.8421048650521328,3.0,0.0,0.5094618094766266,2.14149132453844
Продовольствие,balanced_future_reference,raw,-20,ramp,spike,all_eligible,499.3,1516.7,499.3,0.005843991319430159,499.3,0.041796567940624973,499.3,0.20201353632879498,0.8973918609577153,3.0,0.0,0.4103825567956054,1.9414949132423895
Продовольствие,balanced_future_reference,raw,-20,ramp,spike,common_balanced_ids,499.3,1516.7,499.3,0.005843991319430159,499.3,0.041796567940624973,499.3,0.20201353632879498,0.8973918609577153,3.0,0.0,0.4103825567956054,1.9414949132423895
Продовольствие,balanced_future_reference,raw,-20,step,cusum,all_eligible,499.3,1516.7,499.3,0.6539206777625921,499.3,0.9720169943990898,499.3,0.9722130728304623,0.9736455940471066,0.0,0.0,3.7945762390884736,8.918240500749002
Продовольствие,balanced_future_reference,raw,-20,step,cusum,common_balanced_ids,499.3,1516.7,499.3,0.6539206777625921,499.3,0.9720169943990898,499.3,0.9722130728304623,0.9736455940471066,0.0,0.0,3.7945762390884736,8.918240500749002
Продовольствие,balanced_future_reference,raw,-20,step,ewma,all_eligible,499.3,1516.7,499.3,0.7747372947693496,499.3,0.971291359825851,499.3,0.978266919366383,0.9850318091305302,0.0,0.0,1.943232849462061,4.85572744155516
Продовольствие,balanced_future_reference,raw,-20,step,ewma,common_balanced_ids,499.3,1516.7,499.3,0.7747372947693496,499.3,0.971291359825851,499.3,0.978266919366383,0.9850318091305302,0.0,0.0,1.943232849462061,4.85572744155516
Продовольствие,balanced_future_reference,raw,-20,step,rolling_3m,all_eligible,499.3,1516.7,499.3,0.029040005654882628,499.3,0.8168264739577242,499.3,0.9804723482233808,0.9870300910566415,1.0,0.0,0.5025763065890448,1.8724363922027956
Продовольствие,balanced_future_reference,raw,-20,step,rolling_3m,common_balanced_ids,499.3,1516.7,499.3,0.029040005654882628,499.3,0.8168264739577242,499.3,0.9804723482233808,0.9870300910566415,1.0,0.0,0.5025763065890448,1.8724363922027956
Продовольствие,balanced_future_reference,raw,-20,step,spike,all_eligible,499.3,1516.7,499.3,0.9351753612086615,499.3,0.9702350523630718,499.3,0.978807047286379,0.9848204341756777,0.0,0.0,0.4255914905626372,1.7838428863581932
Продовольствие,balanced_future_reference,raw,-20,step,spike,common_balanced_ids,499.3,1516.7,499.3,0.9351753612086615,499.3,0.9702350523630718,499.3,0.978807047286379,0.9848204341756777,0.0,0.0,0.4255914905626372,1.7838428863581932
Продовольствие,balanced_future_reference,raw,20,pulse,cusum,all_eligible,499.3,1516.7,499.3,0.2325294746307593,499.3,0.2687167588494582,499.3,0.29056783453466795,0.3282299161855008,0.0,0.0,0.2717180598502035,8.918240500749002
Продовольствие,balanced_future_reference,raw,20,pulse,cusum,common_balanced_ids,499.3,1516.7,499.3,0.2325294746307593,499.3,0.2687167588494582,499.3,0.29056783453466795,0.3282299161855008,0.0,0.0,0.2717180598502035,8.918240500749002
Продовольствие,balanced_future_reference,raw,20,pulse,ewma,all_eligible,499.3,1516.7,499.3,0.40286482329840057,499.3,0.4070940935204012,499.3,0.40789531450426575,0.41270286599250294,0.0,0.0,0.10225258767482873,4.85572744155516
Продовольствие,balanced_future_reference,raw,20,pulse,ewma,common_balanced_ids,499.3,1516.7,499.3,0.40286482329840057,499.3,0.4070940935204012,499.3,0.40789531450426575,0.41270286599250294,0.0,0.0,0.10225258767482873,4.85572744155516
Продовольствие,balanced_future_reference,raw,20,pulse,rolling_3m,all_eligible,499.3,1516.7,499.3,0.028030878261400594,499.3,0.04491210810877224,499.3,0.07186442388385003,0.07186442388385003,1.0,0.0,0.016487432111806467,1.8724363922027956
Продовольствие,balanced_future_reference,raw,20,pulse,rolling_3m,common_balanced_ids,499.3,1516.7,499.3,0.028030878261400594,499.3,0.04491210810877224,499.3,0.07186442388385003,0.07186442388385003,1.0,0.0,0.016487432111806467,1.8724363922027956
Продовольствие,balanced_future_reference,raw,20,pulse,spike,all_eligible,499.3,1516.7,499.3,0.7574979209419956,499.3,0.7574979209419956,499.3,0.7574979209419956,0.7574979209419956,0.0,0.0,0.007668478229724078,1.7838428863581932
Продовольствие,balanced_future_reference,raw,20,pulse,spike,common_balanced_ids,499.3,1516.7,499.3,0.7574979209419956,499.3,0.7574979209419956,499.3,0.7574979209419956,0.7574979209419956,0.0,0.0,0.007668478229724078,1.7838428863581932
Продовольствие,balanced_future_reference,raw,20,ramp,cusum,all_eligible,499.3,1516.7,499.3,0.011408573780575252,499.3,0.07605364825827718,499.3,0.31374776107438046,0.8714959507169375,3.0,0.0,1.6735316779861766,10.286600065472525
Продовольствие,balanced_future_reference,raw,20,ramp,cusum,common_balanced_ids,499.3,1516.7,499.3,0.011408573780575252,499.3,0.07605364825827718,499.3,0.31374776107438046,0.8714959507169375,3.0,0.0,1.6735316779861766,10.286600065472525
Продовольствие,balanced_future_reference,raw,20,ramp,ewma,all_eligible,499.3,1516.7,499.3,0.008670295691031206,499.3,0.0828985047314901,499.3,0.32632409690842595,0.8773422442349628,3.0,0.0,1.0753024456013782,5.521014590131344
Продовольствие,balanced_future_reference,raw,20,ramp,ewma,common_balanced_ids,499.3,1516.7,499.3,0.008670295691031206,499.3,0.0828985047314901,499.3,0.32632409690842595,0.8773422442349628,3.0,0.0,1.0753024456013782,5.521014590131344
Продовольствие,balanced_future_reference,raw,20,ramp,rolling_3m,all_eligible,499.3,1516.7,499.3,0.00198201580126786,499.3,0.016165737398710307,499.3,0.10079923766965537,0.6908064546612928,4.0,0.0,0.38514555289523655,2.14149132453844
Продовольствие,balanced_future_reference,raw,20,ramp,rolling_3m,common_balanced_ids,499.3,1516.7,499.3,0.00198201580126786,499.3,0.016165737398710307,499.3,0.10079923766965537,0.6908064546612928,4.0,0.0,0.38514555289523655,2.14149132453844
Продовольствие,balanced_future_reference,raw,20,ramp,spike,all_eligible,499.3,1516.7,499.3,0.00498510140926467,499.3,0.046997848664034364,499.3,0.1836130595987307,0.7175138472611142,3.0,0.0,0.33119691841245813,1.9414949132423895
Продовольствие,balanced_future_reference,raw,20,ramp,spike,common_balanced_ids,499.3,1516.7,499.3,0.00498510140926467,499.3,0.046997848664034364,499.3,0.1836130595987307,0.7175138472611142,3.0,0.0,0.33119691841245813,1.9414949132423895
Продовольствие,balanced_future_reference,raw,20,step,cusum,all_eligible,499.3,1516.7,499.3,0.2325294746307593,499.3,0.9477539294322245,499.3,0.9624686079682844,0.9640828920433681,1.0,0.0,2.26366150212816,8.918240500749002
Продовольствие,balanced_future_reference,raw,20,step,cusum,common_balanced_ids,499.3,1516.7,499.3,0.2325294746307593,499.3,0.9477539294322245,499.3,0.9624686079682844,0.9640828920433681,1.0,0.0,2.26366150212816,8.918240500749002
Продовольствие,balanced_future_reference,raw,20,step,ewma,all_eligible,499.3,1516.7,499.3,0.40286482329840057,499.3,0.9319064120583734,499.3,0.9653113967711662,0.9790981602070739,1.0,0.0,1.185170786059254,4.85572744155516
Продовольствие,balanced_future_reference,raw,20,step,ewma,common_balanced_ids,499.3,1516.7,499.3,0.40286482329840057,499.3,0.9319064120583734,499.3,0.9653113967711662,0.9790981602070739,1.0,0.0,1.185170786059254,4.85572744155516
Продовольствие,balanced_future_reference,raw,20,step,rolling_3m,all_eligible,499.3,1516.7,499.3,0.028030878261400594,499.3,0.41643649879921085,499.3,0.9455424446510803,0.9655287107085128,2.0,0.0,0.41785945417092984,1.8724363922027956
Продовольствие,balanced_future_reference,raw,20,step,rolling_3m,common_balanced_ids,499.3,1516.7,499.3,0.028030878261400594,499.3,0.41643649879921085,499.3,0.9455424446510803,0.9655287107085128,2.0,0.0,0.41785945417092984,1.8724363922027956
Продовольствие,balanced_future_reference,raw,20,step,spike,all_eligible,499.3,1516.7,499.3,0.7574979209419956,499.3,0.8693941912938422,499.3,0.9020504826969511,0.9473343969908727,0.0,0.0,0.30350549782684316,1.7838428863581932
Продовольствие,balanced_future_reference,raw,20,step,spike,common_balanced_ids,499.3,1516.7,499.3,0.7574979209419956,499.3,0.8693941912938422,499.3,0.9020504826969511,0.9473343969908727,0.0,0.0,0.30350549782684316,1.7838428863581932
Продовольствие,balanced_future_reference,regularized_noise,-20,pulse,cusum,all_eligible,499.3,1516.7,499.3,0.8530752299310398,499.3,0.856306539594509,499.3,0.8575367457525445,0.859921165922348,0.0,0.0,1.0237306812419236,12.680923283727024
Продовольствие,balanced_future_reference,regularized_noise,-20,pulse,cusum,common_balanced_ids,499.3,1516.7,499.3,0.8530752299310398,499.3,0.856306539594509,499.3,0.8575367457525445,0.859921165922348,0.0,0.0,1.0237306812419236,12.680923283727024
Продовольствие,balanced_future_reference,regularized_noise,-20,pulse,ewma,all_eligible,499.3,1516.7,499.3,0.8379042975396984,499.3,0.8408864360252108,499.3,0.8421166421832463,0.8425180594236539,0.0,0.0,0.41686816020450534,8.755145803131038
Продовольствие,balanced_future_reference,regularized_noise,-20,pulse,ewma,common_balanced_ids,499.3,1516.7,499.3,0.8379042975396984,499.3,0.8408864360252108,499.3,0.8421166421832463,0.8425180594236539,0.0,0.0,0.41686816020450534,8.755145803131038
Продовольствие,balanced_future_reference,regularized_noise,-20,pulse,rolling_3m,all_eligible,499.3,1516.7,499.3,0.3447262885821687,499.3,0.39749343270005866,499.3,0.4396617669632389,0.4396617669632389,0.0,0.0,0.0903244001646946,2.8046207261339475
Продовольствие,balanced_future_reference,regularized_noise,-20,pulse,rolling_3m,common_balanced_ids,499.3,1516.7,499.3,0.3447262885821687,499.3,0.39749343270005866,499.3,0.4396617669632389,0.4396617669632389,0.0,0.0,0.0903244001646946,2.8046207261339475
Продовольствие,balanced_future_reference,regularized_noise,-20,pulse,spike,all_eligible,499.3,1516.7,499.3,0.9077372148486706,499.3,0.9077372148486706,499.3,0.9077372148486706,0.9077372148486706,0.0,0.0,0.09244833818793259,2.4415676562572295
Продовольствие,balanced_future_reference,regularized_noise,-20,pulse,spike,common_balanced_ids,499.3,1516.7,499.3,0.9077372148486706,499.3,0.9077372148486706,499.3,0.9077372148486706,0.9077372148486706,0.0,0.0,0.09244833818793259,2.4415676562572295
Продовольствие,balanced_future_reference,regularized_noise,-20,ramp,cusum,all_eligible,499.3,1516.7,499.3,0.015873518624174195,499.3,0.23442229300059325,499.3,0.6305158909834316,0.8562680680031057,2.0,0.0,4.732299744219156,14.7383931442071
Продовольствие,balanced_future_reference,regularized_noise,-20,ramp,cusum,common_balanced_ids,499.3,1516.7,499.3,0.015873518624174195,499.3,0.23442229300059325,499.3,0.6305158909834316,0.8562680680031057,2.0,0.0,4.732299744219156,14.7383931442071
Продовольствие,balanced_future_reference,regularized_noise,-20,ramp,ewma,all_eligible,499.3,1516.7,499.3,0.02934331785405043,499.3,0.2793187353164043,499.3,0.6500603242835759,0.9050952899435126,2.0,0.0,4.249234908230582,10.115793590754915
Продовольствие,balanced_future_reference,regularized_noise,-20,ramp,ewma,common_balanced_ids,499.3,1516.7,499.3,0.02934331785405043,499.3,0.2793187353164043,499.3,0.6500603242835759,0.9050952899435126,2.0,0.0,4.249234908230582,10.115793590754915
Продовольствие,balanced_future_reference,regularized_noise,-20,ramp,rolling_3m,all_eligible,499.3,1516.7,499.3,0.005458352885180902,499.3,0.05381267086652806,499.3,0.40130316794607157,0.8722472197262077,2.9,0.0,1.9440664755370825,3.2482344891568133
Продовольствие,balanced_future_reference,regularized_noise,-20,ramp,rolling_3m,common_balanced_ids,499.3,1516.7,499.3,0.005458352885180902,499.3,0.05381267086652806,499.3,0.40130316794607157,0.8722472197262077,2.9,0.0,1.9440664755370825,3.2482344891568133
Продовольствие,balanced_future_reference,regularized_noise,-20,ramp,spike,all_eligible,499.3,1516.7,499.3,0.01021229230268726,499.3,0.15931260884736967,499.3,0.5246306735621132,0.8962246583316293,2.0,0.0,1.1651823758626647,2.7308819104825774
Продовольствие,balanced_future_reference,regularized_noise,-20,ramp,spike,common_balanced_ids,499.3,1516.7,499.3,0.01021229230268726,499.3,0.15931260884736967,499.3,0.5246306735621132,0.8962246583316293,2.0,0.0,1.1651823758626647,2.7308819104825774
Продовольствие,balanced_future_reference,regularized_noise,-20,step,cusum,all_eligible,499.3,1516.7,499.3,0.8530752299310398,499.3,0.9518004209924799,499.3,0.9607952370947856,0.9675773173233433,0.0,0.0,6.178809853034226,12.680923283727024
Продовольствие,balanced_future_reference,regularized_noise,-20,step,cusum,common_balanced_ids,499.3,1516.7,499.3,0.8530752299310398,499.3,0.9518004209924799,499.3,0.9607952370947856,0.9675773173233433,0.0,0.0,6.178809853034226,12.680923283727024
Продовольствие,balanced_future_reference,regularized_noise,-20,step,ewma,all_eligible,499.3,1516.7,499.3,0.8379042975396984,499.3,0.9499591568305901,499.3,0.9621208392635472,0.9761348807520667,0.0,0.0,4.5361780846064566,8.755145803131038
Продовольствие,balanced_future_reference,regularized_noise,-20,step,ewma,common_balanced_ids,499.3,1516.7,499.3,0.8379042975396984,499.3,0.9499591568305901,499.3,0.9621208392635472,0.9761348807520667,0.0,0.0,4.5361780846064566,8.755145803131038
Продовольствие,balanced_future_reference,regularized_noise,-20,step,rolling_3m,all_eligible,499.3,1516.7,499.3,0.3447262885821687,499.3,0.8600542958233562,499.3,0.959781829715449,0.9718135928878763,1.0,0.0,1.9735549792744087,2.8046207261339475
Продовольствие,balanced_future_reference,regularized_noise,-20,step,rolling_3m,common_balanced_ids,499.3,1516.7,499.3,0.3447262885821687,499.3,0.8600542958233562,499.3,0.959781829715449,0.9718135928878763,1.0,0.0,1.9735549792744087,2.8046207261339475
Продовольствие,balanced_future_reference,regularized_noise,-20,step,spike,all_eligible,499.3,1516.7,499.3,0.9077372148486706,499.3,0.9322168419817416,499.3,0.9439731935713065,0.960748401091044,0.0,0.0,1.111968835386524,2.4415676562572295
Продовольствие,balanced_future_reference,regularized_noise,-20,step,spike,common_balanced_ids,499.3,1516.7,499.3,0.9077372148486706,499.3,0.9322168419817416,499.3,0.9439731935713065,0.960748401091044,0.0,0.0,1.111968835386524,2.4415676562572295
Продовольствие,balanced_future_reference,regularized_noise,20,pulse,cusum,all_eligible,499.3,1516.7,499.3,0.7469665239764736,499.3,0.7576011643040619,499.3,0.7685328577415891,0.7783484003734247,0.0,0.0,0.5967650484135756,12.680923283727024
Продовольствие,balanced_future_reference,regularized_noise,20,pulse,cusum,common_balanced_ids,499.3,1516.7,499.3,0.7469665239764736,499.3,0.7576011643040619,499.3,0.7685328577415891,0.7783484003734247,0.0,0.0,0.5967650484135756,12.680923283727024
Продовольствие,balanced_future_reference,regularized_noise,20,pulse,ewma,all_eligible,499.3,1516.7,499.3,0.755067538061407,499.3,0.7572797704944819,499.3,0.7605276188545693,0.7637807887679658,0.0,0.0,0.26512475259201446,8.755145803131038
Продовольствие,balanced_future_reference,regularized_noise,20,pulse,ewma,common_balanced_ids,499.3,1516.7,499.3,0.755067538061407,499.3,0.7572797704944819,499.3,0.7605276188545693,0.7637807887679658,0.0,0.0,0.26512475259201446,8.755145803131038
Продовольствие,balanced_future_reference,regularized_noise,20,pulse,rolling_3m,all_eligible,499.3,1516.7,499.3,0.14111785269673877,499.3,0.18249167279145342,499.3,0.23440676979597788,0.23440676979597788,0.0,0.0,0.08809600322331199,2.8046207261339475
Продовольствие,balanced_future_reference,regularized_noise,20,pulse,rolling_3m,common_balanced_ids,499.3,1516.7,499.3,0.14111785269673877,499.3,0.18249167279145342,499.3,0.23440676979597788,0.23440676979597788,0.0,0.0,0.08809600322331199,2.8046207261339475
Продовольствие,balanced_future_reference,regularized_noise,20,pulse,spike,all_eligible,499.3,1516.7,499.3,0.8244730548413468,499.3,0.8244730548413468,499.3,0.8244730548413468,0.8244730548413468,0.0,0.0,0.06594241977879481,2.4415676562572295
Продовольствие,balanced_future_reference,regularized_noise,20,pulse,spike,common_balanced_ids,499.3,1516.7,499.3,0.8244730548413468,499.3,0.8244730548413468,499.3,0.8244730548413468,0.8244730548413468,0.0,0.0,0.06594241977879481,2.4415676562572295
Продовольствие,balanced_future_reference,regularized_noise,20,ramp,cusum,all_eligible,499.3,1516.7,499.3,0.027736713570699883,499.3,0.2054137592386966,499.3,0.5676939571798518,0.8456604394013498,2.0,0.0,3.0832460162952056,14.7383931442071
Продовольствие,balanced_future_reference,regularized_noise,20,ramp,cusum,common_balanced_ids,499.3,1516.7,499.3,0.027736713570699883,499.3,0.2054137592386966,499.3,0.5676939571798518,0.8456604394013498,2.0,0.0,3.0832460162952056,14.7383931442071
Продовольствие,balanced_future_reference,regularized_noise,20,ramp,ewma,all_eligible,499.3,1516.7,499.3,0.036403389538368996,499.3,0.23450421373496208,499.3,0.5832304561100584,0.8810897159169006,2.0,0.0,2.6983322630063475,10.115793590754915
Продовольствие,balanced_future_reference,regularized_noise,20,ramp,ewma,common_balanced_ids,499.3,1516.7,499.3,0.036403389538368996,499.3,0.23450421373496208,499.3,0.5832304561100584,0.8810897159169006,2.0,0.0,2.6983322630063475,10.115793590754915
Продовольствие,balanced_future_reference,regularized_noise,20,ramp,rolling_3m,all_eligible,499.3,1516.7,499.3,0.00479601614926644,499.3,0.058351528240760356,499.3,0.29263504911525884,0.8034382562679984,3.0,0.0,1.051770284127379,3.2482344891568133
Продовольствие,balanced_future_reference,regularized_noise,20,ramp,rolling_3m,common_balanced_ids,499.3,1516.7,499.3,0.00479601614926644,499.3,0.058351528240760356,499.3,0.29263504911525884,0.8034382562679984,3.0,0.0,1.051770284127379,3.2482344891568133
Продовольствие,balanced_future_reference,regularized_noise,20,ramp,spike,all_eligible,499.3,1516.7,499.3,0.028333731768761382,499.3,0.14387664620478163,499.3,0.4001401690704237,0.7962754095311476,2.4,0.0,0.5938599355461285,2.7308819104825774
Продовольствие,balanced_future_reference,regularized_noise,20,ramp,spike,common_balanced_ids,499.3,1516.7,499.3,0.028333731768761382,499.3,0.14387664620478163,499.3,0.4001401690704237,0.7962754095311476,2.4,0.0,0.5938599355461285,2.7308819104825774
Продовольствие,balanced_future_reference,regularized_noise,20,step,cusum,all_eligible,499.3,1516.7,499.3,0.7469665239764736,499.3,0.9400512081347927,499.3,0.9532626057745619,0.96724155446406,0.0,0.0,4.289000436567912,12.680923283727024
Продовольствие,balanced_future_reference,regularized_noise,20,step,cusum,common_balanced_ids,499.3,1516.7,499.3,0.7469665239764736,499.3,0.9400512081347927,499.3,0.9532626057745619,0.96724155446406,0.0,0.0,4.289000436567912,12.680923283727024
Продовольствие,balanced_future_reference,regularized_noise,20,step,ewma,all_eligible,499.3,1516.7,499.3,0.755067538061407,499.3,0.9322209526905174,499.3,0.9556933023550611,0.9722114172869549,0.0,0.0,2.978997420530578,8.755145803131038
Продовольствие,balanced_future_reference,regularized_noise,20,step,ewma,common_balanced_ids,499.3,1516.7,499.3,0.755067538061407,499.3,0.9322209526905174,499.3,0.9556933023550611,0.9722114172869549,0.0,0.0,2.978997420530578,8.755145803131038
Продовольствие,balanced_future_reference,regularized_noise,20,step,rolling_3m,all_eligible,499.3,1516.7,499.3,0.14111785269673877,499.3,0.7579158122503705,499.3,0.9392947700581041,0.9548699757532484,1.0,0.0,1.130607472819768,2.8046207261339475
Продовольствие,balanced_future_reference,regularized_noise,20,step,rolling_3m,common_balanced_ids,499.3,1516.7,499.3,0.14111785269673877,499.3,0.7579158122503705,499.3,0.9392947700581041,0.9548699757532484,1.0,0.0,1.130607472819768,2.8046207261339475
Продовольствие,balanced_future_reference,regularized_noise,20,step,spike,all_eligible,499.3,1516.7,499.3,0.8244730548413468,499.3,0.8786734971592445,499.3,0.9023251184405797,0.9283941813754838,0.0,0.0,0.6268149534697331,2.4415676562572295
Продовольствие,balanced_future_reference,regularized_noise,20,step,spike,common_balanced_ids,499.3,1516.7,499.3,0.8244730548413468,499.3,0.8786734971592445,499.3,0.9023251184405797,0.9283941813754838,0.0,0.0,0.6268149534697331,2.4415676562572295
Транспорт,asof_june,raw,-20,pulse,cusum,all_eligible,501.0,1523.0,500.7,0.0073837085393053895,499.6,0.013656162376078782,499.6,0.02920621283193111,0.10494711137727522,3.45,2.8,0.858979419805649,11.398097379415297
Транспорт,asof_june,raw,-20,pulse,cusum,common_balanced_ids,499.3,1516.7,499.3,0.007406109861798585,499.3,0.013666464057973981,499.3,0.029224328633679332,0.10531784169123355,3.45,0.0,0.861483630788775,11.331289401389805
Транспорт,asof_june,raw,-20,pulse,ewma,all_eligible,501.0,1523.0,500.7,0.009434276937851514,499.6,0.012111650503765952,499.6,0.013893191087441753,0.018121454495852778,0.65,2.8,0.22134714969194108,4.357148922097731
Транспорт,asof_june,raw,-20,pulse,ewma,common_balanced_ids,499.3,1516.7,499.3,0.009464397885305202,499.3,0.012120922681508661,499.3,0.013903266257675143,0.018190474595826178,0.65,0.0,0.22200527461866812,4.272946813664231
Транспорт,asof_june,raw,-20,pulse,rolling_3m,all_eligible,501.0,1523.0,500.7,0.0024087083410304568,499.6,0.005853794086502123,499.6,0.007911365873076623,0.00788613765759304,1.05,2.8,0.051579448530486835,1.6362515199118586
Транспорт,asof_june,raw,-20,pulse,rolling_3m,common_balanced_ids,499.3,1516.7,499.3,0.0024155112365294557,499.3,0.005856976738508079,499.3,0.007292905420708397,0.007292905420708397,0.95,0.0,0.051735823540266346,1.5617054711780394
Транспорт,asof_june,raw,-20,pulse,spike,all_eligible,501.0,1523.0,500.7,0.007242747975097859,499.6,0.007258534959446905,499.6,0.007258534959446905,0.007237820775862616,0.0,2.8,0.04594128099006464,0.9339050736302367
Транспорт,asof_june,raw,-20,pulse,spike,common_balanced_ids,499.3,1516.7,499.3,0.007068128241009721,499.3,0.007068128241009721,499.3,0.007068128241009721,0.007068128241009721,0.0,0.0,0.04607380936319745,0.8946906464332305
Транспорт,asof_june,raw,-20,ramp,cusum,all_eligible,501.0,1523.0,499.6,0.0016389989376511805,499.6,0.008885785579547995,499.5,0.040514626826910254,0.301774701920969,4.0,2.5,1.202299401449081,13.341766814111969
Транспорт,asof_june,raw,-20,ramp,cusum,common_balanced_ids,499.3,1516.7,499.3,0.0016408006517781698,499.3,0.008892875291480463,499.3,0.04053752381559713,0.30100457085356824,4.0,0.0,1.205642064807975,13.281023934298265
Транспорт,asof_june,raw,-20,ramp,ewma,all_eligible,501.0,1523.0,499.6,0.000822887641229704,499.6,0.006192526209180606,499.5,0.022716706391125756,0.13722914927192856,3.9,2.5,0.9882192381897038,4.96895349365691
Транспорт,asof_june,raw,-20,ramp,ewma,common_balanced_ids,499.3,1516.7,499.3,0.0008233870020478568,499.3,0.006195513132040941,499.3,0.022727405844241967,0.13651644314446534,3.85,0.0,0.9909797338849925,4.888848935347871
Транспорт,asof_june,raw,-20,ramp,rolling_3m,all_eligible,501.0,1523.0,499.6,0.0,499.6,0.00307806312064435,499.5,0.009182395615491733,0.03706821809716286,3.6,2.5,0.31865098863326746,1.8479828739003117
Транспорт,asof_june,raw,-20,ramp,rolling_3m,common_balanced_ids,499.3,1516.7,499.3,0.0,499.3,0.00265219331708296,499.3,0.008760440649346026,0.03577405994859058,3.65,0.0,0.3195594411838887,1.7803694278247781
Транспорт,asof_june,raw,-20,ramp,spike,all_eligible,501.0,1523.0,499.6,0.0006142215019569471,499.6,0.000810299933329496,499.5,0.004442643065976103,0.020283059350190837,3.15,2.5,0.18020337626198188,1.0537611698142382
Транспорт,asof_june,raw,-20,ramp,spike,common_balanced_ids,499.3,1516.7,499.3,0.0006151030790177614,499.3,0.0008111815103903103,499.3,0.004445061285496736,0.019774318861484487,3.25,0.0,0.18070452662264797,1.0063425152963281
Транспорт,asof_june,raw,-20,step,cusum,all_eligible,501.0,1523.0,500.7,0.0073837085393053895,499.6,0.038985721314764556,499.6,0.19869110195792145,0.6345415993653511,3.0,2.8,2.6607210525082188,11.398097379415297
Транспорт,asof_june,raw,-20,step,cusum,common_balanced_ids,499.3,1516.7,499.3,0.007406109861798585,499.3,0.03901288424715309,499.3,0.19882629380154068,0.6349150719142,3.0,0.0,2.6685604790549604,11.331289401389805
Транспорт,asof_june,raw,-20,step,ewma,all_eligible,501.0,1523.0,500.7,0.009434276937851514,499.6,0.04417242480111691,499.6,0.11814318074881655,0.32991044357704497,3.0,2.8,1.4816539718869657,4.357148922097731
Транспорт,asof_june,raw,-20,step,ewma,common_balanced_ids,499.3,1516.7,499.3,0.009464397885305202,499.3,0.04420295687260843,499.3,0.11822080397517983,0.3296678297606805,3.0,0.0,1.48605340756229,4.272946813664231
Транспорт,asof_june,raw,-20,step,rolling_3m,all_eligible,501.0,1523.0,500.7,0.0024087083410304568,499.6,0.012929643508332936,499.6,0.034872665226094376,0.08710830978715067,3.1,2.8,0.46298233981613207,1.6362515199118586
Транспорт,asof_june,raw,-20,step,rolling_3m,common_balanced_ids,499.3,1516.7,499.3,0.0024155112365294557,499.3,0.012744025426883077,499.3,0.034271448240462146,0.08498010209153693,3.1,0.0,0.46436704110999993,1.5617054711780394
Транспорт,asof_june,raw,-20,step,spike,all_eligible,501.0,1523.0,500.7,0.007242747975097859,499.6,0.01750344499444914,499.6,0.026772294334031332,0.04840413364902289,2.25,2.8,0.258668442919741,0.9339050736302367
Транспорт,asof_june,raw,-20,step,spike,common_balanced_ids,499.3,1516.7,499.3,0.007068128241009721,499.3,0.017320853860424385,499.3,0.02659591133487823,0.048006119298762084,2.3,0.0,0.259429770688783,0.8946906464332305
Транспорт,asof_june,raw,20,pulse,cusum,all_eligible,501.0,1523.0,500.7,0.01699324995974184,499.6,0.047622645827430345,499.6,0.07611831992886518,0.15471642228132368,2.65,2.8,0.2501448058949107,11.398097379415297
Транспорт,asof_june,raw,20,pulse,cusum,common_balanced_ids,499.3,1516.7,499.3,0.017047821086177067,499.3,0.04765004451352926,499.3,0.07616563613083932,0.1552547809051737,2.65,0.0,0.25088305691730933,11.331289401389805
Транспорт,asof_june,raw,20,pulse,ewma,all_eligible,501.0,1523.0,500.7,0.01878610300754002,499.6,0.024793275227254875,499.6,0.03377348019679852,0.04884524533258087,1.4,2.8,0.04611821959651134,4.357148922097731
Транспорт,asof_june,raw,20,pulse,ewma,common_balanced_ids,499.3,1516.7,499.3,0.018848628770533445,499.3,0.024809325707768344,499.3,0.03379474155510674,0.049026932133639935,1.4,0.0,0.04625443660272651,4.272946813664231
Транспорт,asof_june,raw,20,pulse,rolling_3m,all_eligible,501.0,1523.0,500.7,0.0025683891222228077,499.6,0.00535532308603349,499.6,0.00862464482317048,0.008595393168166023,1.1,2.8,0.014254330077243294,1.6362515199118586
Транспорт,asof_june,raw,20,pulse,rolling_3m,common_balanced_ids,499.3,1516.7,499.3,0.0025760260606180535,499.3,0.005358692225136485,499.3,0.008631235174284794,0.008631235174284794,1.1,0.0,0.014297135379086029,1.5617054711780394
Транспорт,asof_june,raw,20,pulse,spike,all_eligible,501.0,1523.0,500.7,0.01570776427978048,499.6,0.015745353238249243,499.6,0.015745353238249243,0.01569939144711973,0.0,2.8,0.00768960433475169,0.9339050736302367
Транспорт,asof_june,raw,20,pulse,spike,common_balanced_ids,499.3,1516.7,499.3,0.015754773343083627,499.3,0.015754773343083627,499.3,0.015754773343083627,0.015754773343083627,0.0,0.0,0.007712224528592412,0.8946906464332305
Транспорт,asof_june,raw,20,ramp,cusum,all_eligible,501.0,1523.0,499.6,0.008416026907673287,499.6,0.022260901090687533,499.5,0.06556532023666205,0.20194980739122434,3.0,2.5,0.6698549331400023,13.341766814111969
Транспорт,asof_june,raw,20,ramp,cusum,common_balanced_ids,499.3,1516.7,499.3,0.008420129696745418,499.3,0.022272631512515646,499.3,0.06559116265908509,0.20263890820361272,3.0,0.0,0.661201560392647,13.281023934298265
Транспорт,asof_june,raw,20,ramp,ewma,all_eligible,501.0,1523.0,499.6,0.003402318655140618,499.6,0.02551563423539157,499.5,0.0667649112671075,0.1753533587493075,3.0,2.5,0.11985088004845626,4.96895349365691
Транспорт,asof_june,raw,20,ramp,ewma,common_balanced_ids,499.3,1516.7,499.3,0.0034041989538377377,499.3,0.02552950078553539,499.3,0.06679093871206816,0.17596290545165458,3.0,0.0,0.11620145442826732,4.888848935347871
Транспорт,asof_june,raw,20,ramp,rolling_3m,all_eligible,501.0,1523.0,499.6,0.0,499.6,0.0018069833504565005,499.5,0.014973783802531546,0.07286543279897509,3.0,2.5,0.07366952978593143,1.8479828739003117
Транспорт,asof_june,raw,20,ramp,rolling_3m,common_balanced_ids,499.3,1516.7,499.3,0.0,499.3,0.0018087064800133596,499.3,0.014979304624928597,0.07312606896781398,3.0,0.0,0.06460421680324704,1.7803694278247781
Транспорт,asof_june,raw,20,ramp,spike,all_eligible,501.0,1523.0,499.6,0.0018207327710221418,499.6,0.006667856904110399,499.5,0.019073115066563624,0.05553116332676169,2.9,2.5,0.02768409563947221,1.0537611698142382
Транспорт,asof_june,raw,20,ramp,spike,common_balanced_ids,499.3,1516.7,499.3,0.0018228766768270232,499.3,0.006673143437356467,499.3,0.01908265862890327,0.05572658834550398,2.9,0.0,0.02776282055796912,1.0063425152963281
Транспорт,asof_june,raw,20,step,cusum,all_eligible,501.0,1523.0,500.7,0.01699324995974184,499.6,0.08470884791033517,499.6,0.1939837968216726,0.45444999366589256,3.0,2.8,1.203232094517797,11.398097379415297
Транспорт,asof_june,raw,20,step,cusum,common_balanced_ids,499.3,1516.7,499.3,0.017047821086177067,499.3,0.08476248161426728,499.3,0.19410552147818005,0.45602713111207394,3.0,0.0,1.19801281759623,11.331289401389805
Транспорт,asof_june,raw,20,step,ewma,all_eligible,501.0,1523.0,500.7,0.01878610300754002,499.6,0.08071649447401322,499.6,0.14639667081134278,0.27241190969670004,2.15,2.8,0.2372590510665356,4.357148922097731
Транспорт,asof_june,raw,20,step,ewma,common_balanced_ids,499.3,1516.7,499.3,0.018848628770533445,499.3,0.08076786712756492,499.3,0.14648875714458692,0.2733692095824748,2.15,0.0,0.21926751491279872,4.272946813664231
Транспорт,asof_june,raw,20,step,rolling_3m,all_eligible,501.0,1523.0,500.7,0.0025683891222228077,499.6,0.015373553696740292,499.6,0.060866442890257264,0.13854719300181842,2.85,2.8,0.09551520580907857,1.6362515199118586
Транспорт,asof_june,raw,20,step,rolling_3m,common_balanced_ids,499.3,1516.7,499.3,0.0025760260606180535,499.3,0.015383208090725662,499.3,0.06090250017782406,0.13904505124869987,2.85,0.0,0.07923606794712187,1.5617054711780394
Транспорт,asof_june,raw,20,step,spike,all_eligible,501.0,1523.0,500.7,0.01570776427978048,499.6,0.027961258860694976,499.6,0.0463079108325005,0.09144412909275271,2.5,2.8,0.03844618571469306,0.9339050736302367
Транспорт,asof_june,raw,20,step,spike,common_balanced_ids,499.3,1516.7,499.3,0.015754773343083627,499.3,0.027978454525377023,499.3,0.046336516267800366,0.0917654231230324,2.5,0.0,0.038561606467883744,0.8946906464332305
Транспорт,asof_june,regularized_noise,-20,pulse,cusum,all_eligible,501.0,1523.0,500.7,0.03370233820241993,499.6,0.0789949011945816,499.6,0.12603933070790507,0.30486943206739436,3.0,2.8,1.5557406311719766,19.770919157040716
Транспорт,asof_june,regularized_noise,-20,pulse,cusum,common_balanced_ids,499.3,1516.7,499.3,0.033792974549184486,499.3,0.07904231459247464,499.3,0.12611820702096382,0.30592611053853735,3.0,0.0,1.560319030943194,19.752880210446648
Транспорт,asof_june,regularized_noise,-20,pulse,ewma,all_eligible,501.0,1523.0,500.7,0.051838764392942424,499.6,0.05938844935630101,499.6,0.06278040292713129,0.07206438453512723,0.0,2.8,0.37061549470902133,7.231103988176828
Транспорт,asof_june,regularized_noise,-20,pulse,ewma,common_balanced_ids,499.3,1516.7,499.3,0.051785018288943094,499.3,0.059228369738161146,499.3,0.06262162566230026,0.07211586475299248,0.0,0.0,0.37170687087993437,7.252310849839775
Транспорт,asof_june,regularized_noise,-20,pulse,rolling_3m,all_eligible,501.0,1523.0,500.7,0.0032705646139971267,499.6,0.011506198626847177,499.6,0.019302810119890247,0.019244114488216807,1.35,2.8,0.09753116648677537,2.5605373558308226
Транспорт,asof_june,regularized_noise,-20,pulse,rolling_3m,common_balanced_ids,499.3,1516.7,499.3,0.0032823764532330414,499.3,0.01151294614710175,499.3,0.019314727028815402,0.019314727028815402,1.35,0.0,0.09782151027465413,2.568066491897431
Транспорт,asof_june,regularized_noise,-20,pulse,spike,all_eligible,501.0,1523.0,500.7,0.05997234579944268,499.6,0.06010556078206401,499.6,0.06010556078206401,0.05993139384295496,0.0,2.8,0.05270925484053217,1.6148786450705521
Транспорт,asof_june,regularized_noise,-20,pulse,spike,common_balanced_ids,499.3,1516.7,499.3,0.06014598153669189,499.3,0.06014598153669189,499.3,0.06014598153669189,0.06014598153669189,0.0,0.0,0.052865306183976266,1.619631563117671
Транспорт,asof_june,regularized_noise,-20,ramp,cusum,all_eligible,501.0,1523.0,499.6,0.008439140368506976,499.6,0.04243660935904399,499.5,0.17413233272289966,0.5133115938098392,3.0,2.5,2.3933989719822284,23.31951679122147
Транспорт,asof_june,regularized_noise,-20,ramp,cusum,common_balanced_ids,499.3,1516.7,499.3,0.008445308478813857,499.3,0.04246668840721189,499.3,0.17421062295809467,0.513263670978478,3.0,0.0,2.4000527691220155,23.30493689627727
Транспорт,asof_june,regularized_noise,-20,ramp,ewma,all_eligible,501.0,1523.0,499.6,0.0027816006083843455,499.6,0.020834631188858962,499.5,0.09012963292908363,0.44442845921542223,3.0,2.5,2.0488651682599044,8.44309789972515
Транспорт,asof_june,regularized_noise,-20,ramp,ewma,common_balanced_ids,499.3,1516.7,499.3,0.002782902961693182,499.3,0.020849222146923335,499.3,0.09017448389161581,0.4437176817910056,3.0,0.0,2.054594406054932,8.466552761610778
Транспорт,asof_june,regularized_noise,-20,ramp,rolling_3m,all_eligible,501.0,1523.0,499.6,0.000998757230808897,499.6,0.0045993657855874755,499.5,0.01944536523851813,0.15738459431287685,4.0,2.5,0.8195476265368422,3.0059382070313148
Транспорт,asof_june,regularized_noise,-20,ramp,rolling_3m,common_balanced_ids,499.3,1516.7,499.3,0.0009995602232995807,499.3,0.004601167499714465,499.3,0.01945414583293186,0.15754440702361677,4.0,0.0,0.8218299909668689,3.01431579111689
Транспорт,asof_june,regularized_noise,-20,ramp,spike,all_eligible,501.0,1523.0,499.6,0.001020918123399741,499.6,0.005803856908401655,499.5,0.022006699431880754,0.11031234519980763,4.0,2.5,0.6173804792658405,1.86180229754341
Транспорт,asof_june,regularized_noise,-20,ramp,spike,common_balanced_ids,499.3,1516.7,499.3,0.0010217997004605551,499.3,0.005806500175024689,499.3,0.022017583907534593,0.1106937537350841,4.0,0.0,0.6191069128370923,1.8669957213739141
Транспорт,asof_june,regularized_noise,-20,step,cusum,all_eligible,501.0,1523.0,500.7,0.03370233820241993,499.6,0.3967659160545124,499.6,0.6228023541917626,0.7491382507082429,1.3,2.8,5.310449087009156,19.770919157040716
Транспорт,asof_june,regularized_noise,-20,step,cusum,common_balanced_ids,499.3,1516.7,499.3,0.033792974549184486,499.3,0.3970275840961805,499.3,0.623197541933169,0.7498897411865679,1.3,0.0,5.326131173413578,19.752880210446648
Транспорт,asof_june,regularized_noise,-20,step,ewma,all_eligible,501.0,1523.0,500.7,0.051838764392942424,499.6,0.30865427765931863,499.6,0.5411453648472119,0.6447513995449313,1.8,2.8,3.0241692125947894,7.231103988176828
Транспорт,asof_june,regularized_noise,-20,step,ewma,common_balanced_ids,499.3,1516.7,499.3,0.051785018288943094,499.3,0.3082353115523534,499.3,0.5408700887596342,0.6445442752105379,1.85,0.0,3.0331237714624146,7.252310849839775
Транспорт,asof_june,regularized_noise,-20,step,rolling_3m,all_eligible,501.0,1523.0,500.7,0.0032705646139971267,499.6,0.05080767838778076,499.6,0.2579588961739887,0.41762746980700793,2.0,2.8,1.1883731508127884,2.5605373558308226
Транспорт,asof_june,regularized_noise,-20,step,rolling_3m,common_balanced_ids,499.3,1516.7,499.3,0.0032823764532330414,499.3,0.05083950357053254,499.3,0.2581311674865302,0.418283511948632,2.0,0.0,1.1918763745019387,2.568066491897431
Транспорт,asof_june,regularized_noise,-20,step,spike,all_eligible,501.0,1523.0,500.7,0.05997234579944268,499.6,0.10874706341871768,499.6,0.14721341279983866,0.21474742495291804,1.4,2.8,0.717638444884214,1.6148786450705521
Транспорт,asof_june,regularized_noise,-20,step,spike,common_balanced_ids,499.3,1516.7,499.3,0.06014598153669189,499.3,0.10882130826392933,499.3,0.1473096698001171,0.21509716413614077,1.4,0.0,0.7197593121814939,1.619631563117671
Транспорт,asof_june,regularized_noise,20,pulse,cusum,all_eligible,501.0,1523.0,500.7,0.03196836964544676,499.6,0.09083699452225749,499.6,0.15920886859658134,0.23874087444592923,2.0,2.8,0.9386241474017758,19.770919157040716
Транспорт,asof_june,regularized_noise,20,pulse,cusum,common_balanced_ids,499.3,1516.7,499.3,0.03206135339105011,499.3,0.09089482821118064,499.3,0.15931219828925447,0.23955970397146698,2.0,0.0,0.9413971181175984,19.752880210446648
Транспорт,asof_june,regularized_noise,20,pulse,ewma,all_eligible,501.0,1523.0,500.7,0.03754849902686861,499.6,0.054303079130091116,499.6,0.06698655753839836,0.0879817413480308,0.9,2.8,0.17003485161053866,7.231103988176828
Транспорт,asof_june,regularized_noise,20,pulse,ewma,common_balanced_ids,499.3,1516.7,499.3,0.03765885878760958,499.3,0.05433839059652138,499.3,0.06702923156591742,0.08829396614924868,0.9,0.0,0.17053784550699258,7.252310849839775
Транспорт,asof_june,regularized_noise,20,pulse,rolling_3m,all_eligible,501.0,1523.0,500.7,0.0054170322130842035,499.6,0.01507167525680565,499.6,0.035634274060221724,0.03553467022428121,1.65,2.8,0.02414121440913073,2.5605373558308226
Транспорт,asof_june,regularized_noise,20,pulse,rolling_3m,common_balanced_ids,499.3,1516.7,499.3,0.005433675359822953,499.3,0.015082514859524365,499.3,0.03565469093691509,0.03565469093691509,1.65,0.0,0.02421219108715672,2.568066491897431
Транспорт,asof_june,regularized_noise,20,pulse,spike,all_eligible,501.0,1523.0,500.7,0.04003631070677478,499.6,0.0401259055890622,499.6,0.0401259055890622,0.04001069273817331,0.0,2.8,0.024097745590303997,1.6148786450705521
Транспорт,asof_june,regularized_noise,20,pulse,spike,common_balanced_ids,499.3,1516.7,499.3,0.040150846031075715,499.3,0.040150846031075715,499.3,0.040150846031075715,0.040150846031075715,0.0,0.0,0.024166459606145486,1.619631563117671
Транспорт,asof_june,regularized_noise,20,ramp,cusum,all_eligible,501.0,1523.0,499.6,0.010585591648689873,499.6,0.05348007919940567,499.5,0.14501688865954135,0.3379293614511972,3.0,2.5,2.4717765145095614,23.31951679122147
Транспорт,asof_june,regularized_noise,20,ramp,cusum,common_balanced_ids,499.3,1516.7,499.3,0.010592672118573756,499.3,0.053517731765345855,499.3,0.14508032738593465,0.33888013991437815,3.0,0.0,2.4589161701375075,23.30493689627727
Транспорт,asof_june,regularized_noise,20,ramp,ewma,all_eligible,501.0,1523.0,499.6,0.008986312018523823,499.6,0.04627527379252239,499.5,0.11633502355869707,0.29690919728771326,3.0,2.5,0.738325309769249,8.44309789972515
Транспорт,asof_june,regularized_noise,20,ramp,ewma,common_balanced_ids,499.3,1516.7,499.3,0.008991062095505787,499.3,0.04630542364777125,499.3,0.1163858668510471,0.297946347021158,3.0,0.0,0.7272005898669112,8.466552761610778
Транспорт,asof_june,regularized_noise,20,ramp,rolling_3m,all_eligible,501.0,1523.0,499.6,0.0010060681085497262,499.6,0.013794156946738596,499.5,0.05048189998026947,0.17145611146879702,3.0,2.5,0.292085954451735,3.0059382070313148
Транспорт,asof_june,regularized_noise,20,ramp,rolling_3m,common_balanced_ids,499.3,1516.7,499.3,0.0010069496856105404,499.3,0.013804381508623075,499.3,0.050501907242014935,0.17204812700060182,3.0,0.0,0.2823695178282659,3.01431579111689
Транспорт,asof_june,regularized_noise,20,ramp,spike,all_eligible,501.0,1523.0,499.6,0.002227391716999735,499.6,0.018844774904574653,499.5,0.053328883635985626,0.13061814588974135,3.0,2.5,0.13562107052849393,1.86180229754341
Транспорт,asof_june,regularized_noise,20,ramp,spike,common_balanced_ids,499.3,1516.7,499.3,0.0022299964236174087,499.3,0.01885581023643899,499.3,0.05334912665144148,0.13107048238281732,3.0,0.0,0.13600032249791766,1.8669957213739141
Транспорт,asof_june,regularized_noise,20,step,cusum,all_eligible,501.0,1523.0,500.7,0.03196836964544676,499.6,0.2333478835416274,499.6,0.43622964480953075,0.6585360600682123,2.0,2.8,4.680037223772841,19.770919157040716
Транспорт,asof_june,regularized_noise,20,step,cusum,common_balanced_ids,499.3,1516.7,499.3,0.03206135339105011,499.3,0.23350073490711193,499.3,0.4365030049675248,0.6602082198967032,2.0,0.0,4.677379735269565,19.752880210446648
Транспорт,asof_june,regularized_noise,20,step,ewma,all_eligible,501.0,1523.0,500.7,0.03754849902686861,499.6,0.18306193051084635,499.6,0.32995371720645733,0.47135432539396194,2.0,2.8,1.0244165689237028,7.231103988176828
Транспорт,asof_june,regularized_noise,20,step,ewma,common_balanced_ids,499.3,1516.7,499.3,0.03765885878760958,499.3,0.18318261935027155,499.3,0.33016332495465855,0.4723858084140997,2.0,0.0,1.0164603864212727,7.252310849839775
Транспорт,asof_june,regularized_noise,20,step,rolling_3m,all_eligible,501.0,1523.0,500.7,0.0054170322130842035,499.6,0.050343055004440265,499.6,0.17925372571159176,0.3009398676919409,2.0,2.8,0.3430731758808191,2.5605373558308226
Транспорт,asof_june,regularized_noise,20,step,rolling_3m,common_balanced_ids,499.3,1516.7,499.3,0.005433675359822953,499.3,0.050375308740929235,499.3,0.17936751425530034,0.30199112636870606,2.0,0.0,0.33530302493630465,2.568066491897431
Транспорт,asof_june,regularized_noise,20,step,spike,all_eligible,501.0,1523.0,500.7,0.04003631070677478,499.6,0.07979760841690332,499.6,0.13036083230539738,0.20711599315188836,2.0,2.8,0.1679107653080017,1.6148786450705521
Транспорт,asof_june,regularized_noise,20,step,spike,common_balanced_ids,499.3,1516.7,499.3,0.040150846031075715,499.3,0.07984783442172706,499.3,0.1304439515571308,0.20784192858938377,2.0,0.0,0.16840640886027625,1.619631563117671
Транспорт,balanced_future_reference,raw,-20,pulse,cusum,all_eligible,499.3,1516.7,499.3,0.008424881323936786,499.3,0.021672826615446745,499.3,0.03794158490427991,0.13338665576758346,3.6,0.0,0.8721721321348536,13.012583319740951
Транспорт,balanced_future_reference,raw,-20,pulse,cusum,common_balanced_ids,499.3,1516.7,499.3,0.008424881323936786,499.3,0.021672826615446745,499.3,0.03794158490427991,0.13338665576758346,3.6,0.0,0.8721721321348536,13.012583319740951
Транспорт,balanced_future_reference,raw,-20,pulse,ewma,all_eligible,499.3,1516.7,499.3,0.010906649550589616,499.3,0.01289472182850219,499.3,0.018071153242252613,0.021285203218921384,0.8,0.0,0.19787960710062885,5.070729655478035
Транспорт,balanced_future_reference,raw,-20,pulse,ewma,common_balanced_ids,499.3,1516.7,499.3,0.010906649550589616,499.3,0.01289472182850219,499.3,0.018071153242252613,0.021285203218921384,0.8,0.0,0.19787960710062885,5.070729655478035
Транспорт,balanced_future_reference,raw,-20,pulse,rolling_3m,all_eligible,499.3,1516.7,499.3,0.003223241383249818,499.3,0.00605199163671439,499.3,0.007275265506546409,0.007275265506546409,0.7,0.0,0.039590361771405694,1.8256189677217065
Транспорт,balanced_future_reference,raw,-20,pulse,rolling_3m,common_balanced_ids,499.3,1516.7,499.3,0.003223241383249818,499.3,0.00605199163671439,499.3,0.007275265506546409,0.007275265506546409,0.7,0.0,0.039590361771405694,1.8256189677217065
Транспорт,balanced_future_reference,raw,-20,pulse,spike,all_eligible,499.3,1516.7,499.3,0.009641086653087712,499.3,0.009641086653087712,499.3,0.009641086653087712,0.009641086653087712,0.0,0.0,0.06149445228160315,0.9957966971911854
Транспорт,balanced_future_reference,raw,-20,pulse,spike,common_balanced_ids,499.3,1516.7,499.3,0.009641086653087712,499.3,0.009641086653087712,499.3,0.009641086653087712,0.009641086653087712,0.0,0.0,0.06149445228160315,0.9957966971911854
Транспорт,balanced_future_reference,raw,-20,ramp,cusum,all_eligible,499.3,1516.7,499.3,0.001197972921712279,499.3,0.010358233171468893,499.3,0.04863061791541999,0.3390709916735486,3.9,0.0,1.3042151164242561,15.171957904565044
Транспорт,balanced_future_reference,raw,-20,ramp,cusum,common_balanced_ids,499.3,1516.7,499.3,0.001197972921712279,499.3,0.010358233171468893,499.3,0.04863061791541999,0.3390709916735486,3.9,0.0,1.3042151164242561,15.171957904565044
Транспорт,balanced_future_reference,raw,-20,ramp,ewma,all_eligible,499.3,1516.7,499.3,0.001391333370914791,499.3,0.008742334194658107,499.3,0.03330636791738624,0.17902560284872626,4.0,0.0,1.1270590372837612,5.778983611870075
Транспорт,balanced_future_reference,raw,-20,ramp,ewma,common_balanced_ids,499.3,1516.7,499.3,0.001391333370914791,499.3,0.008742334194658107,499.3,0.03330636791738624,0.17902560284872626,4.0,0.0,1.1270590372837612,5.778983611870075
Транспорт,balanced_future_reference,raw,-20,ramp,rolling_3m,all_eligible,499.3,1516.7,499.3,0.0,499.3,0.0010130689557552705,499.3,0.0083076553388149,0.04082653353427922,3.9,0.0,0.4170837980037964,2.0878091859079984
Транспорт,balanced_future_reference,raw,-20,ramp,rolling_3m,common_balanced_ids,499.3,1516.7,499.3,0.0,499.3,0.0010130689557552705,499.3,0.0083076553388149,0.04082653353427922,3.9,0.0,0.4170837980037964,2.0878091859079984
Транспорт,balanced_future_reference,raw,-20,ramp,spike,all_eligible,499.3,1516.7,499.3,0.0006143401366542422,499.3,0.0010053503419059334,499.3,0.005040647357419816,0.02428157668792321,3.5,0.0,0.25481805380678385,1.1078839717429818
Транспорт,balanced_future_reference,raw,-20,ramp,spike,common_balanced_ids,499.3,1516.7,499.3,0.0006143401366542422,499.3,0.0010053503419059334,499.3,0.005040647357419816,0.02428157668792321,3.5,0.0,0.25481805380678385,1.1078839717429818
Транспорт,balanced_future_reference,raw,-20,step,cusum,all_eligible,499.3,1516.7,499.3,0.008424881323936786,499.3,0.05539642716274433,499.3,0.2772220113388244,0.6573579408657777,2.95,0.0,2.8116920233397624,13.012583319740951
Транспорт,balanced_future_reference,raw,-20,step,cusum,common_balanced_ids,499.3,1516.7,499.3,0.008424881323936786,499.3,0.05539642716274433,499.3,0.2772220113388244,0.6573579408657777,2.95,0.0,2.8116920233397624,13.012583319740951
Транспорт,balanced_future_reference,raw,-20,step,ewma,all_eligible,499.3,1516.7,499.3,0.010906649550589616,499.3,0.05733585744061377,499.3,0.17338150131616098,0.39377803441645004,3.0,0.0,1.5766172713821331,5.070729655478035
Транспорт,balanced_future_reference,raw,-20,step,ewma,common_balanced_ids,499.3,1516.7,499.3,0.010906649550589616,499.3,0.05733585744061377,499.3,0.17338150131616098,0.39377803441645004,3.0,0.0,1.5766172713821331,5.070729655478035
Транспорт,balanced_future_reference,raw,-20,step,rolling_3m,all_eligible,499.3,1516.7,499.3,0.003223241383249818,499.3,0.014154426029138504,499.3,0.042133630183892726,0.10597134607694718,3.0,0.0,0.5687785754897223,1.8256189677217065
Транспорт,balanced_future_reference,raw,-20,step,rolling_3m,common_balanced_ids,499.3,1516.7,499.3,0.003223241383249818,499.3,0.014154426029138504,499.3,0.042133630183892726,0.10597134607694718,3.0,0.0,0.5687785754897223,1.8256189677217065
Транспорт,balanced_future_reference,raw,-20,step,spike,all_eligible,499.3,1516.7,499.3,0.009641086653087712,499.3,0.02071379180899425,499.3,0.03238411376700066,0.059016061506593234,2.15,0.0,0.3233249521501839,0.9957966971911854
Транспорт,balanced_future_reference,raw,-20,step,spike,common_balanced_ids,499.3,1516.7,499.3,0.009641086653087712,499.3,0.02071379180899425,499.3,0.03238411376700066,0.059016061506593234,2.15,0.0,0.3233249521501839,0.9957966971911854
Транспорт,balanced_future_reference,raw,20,pulse,cusum,all_eligible,499.3,1516.7,499.3,0.020053705074218425,499.3,0.04525029509810115,499.3,0.07967079171343484,0.15813826597369915,2.45,0.0,0.21998984769154242,13.012583319740951
Транспорт,balanced_future_reference,raw,20,pulse,cusum,common_balanced_ids,499.3,1516.7,499.3,0.020053705074218425,499.3,0.04525029509810115,499.3,0.07967079171343484,0.15813826597369915,2.45,0.0,0.21998984769154242,13.012583319740951
Транспорт,balanced_future_reference,raw,20,pulse,ewma,all_eligible,499.3,1516.7,499.3,0.02467522117340889,499.3,0.03286961641303861,499.3,0.04204150413548548,0.052085491741433856,0.5,0.0,0.029650048792309848,5.070729655478035
Транспорт,balanced_future_reference,raw,20,pulse,ewma,common_balanced_ids,499.3,1516.7,499.3,0.02467522117340889,499.3,0.03286961641303861,499.3,0.04204150413548548,0.052085491741433856,0.5,0.0,0.029650048792309848,5.070729655478035
Транспорт,balanced_future_reference,raw,20,pulse,rolling_3m,all_eligible,499.3,1516.7,499.3,0.004918885013976024,499.3,0.008304359463946209,499.3,0.01236829466567892,0.01236829466567892,1.05,0.0,0.0,1.8256189677217065
Транспорт,balanced_future_reference,raw,20,pulse,rolling_3m,common_balanced_ids,499.3,1516.7,499.3,0.004918885013976024,499.3,0.008304359463946209,499.3,0.01236829466567892,0.01236829466567892,1.05,0.0,0.0,1.8256189677217065
Транспорт,balanced_future_reference,raw,20,pulse,spike,all_eligible,499.3,1516.7,499.3,0.01856959310736644,499.3,0.01856959310736644,499.3,0.01856959310736644,0.01856959310736644,0.0,0.0,0.006627183536970639,0.9957966971911854
Транспорт,balanced_future_reference,raw,20,pulse,spike,common_balanced_ids,499.3,1516.7,499.3,0.01856959310736644,499.3,0.01856959310736644,499.3,0.01856959310736644,0.01856959310736644,0.0,0.0,0.006627183536970639,0.9957966971911854
Транспорт,balanced_future_reference,raw,20,ramp,cusum,all_eligible,499.3,1516.7,499.3,0.00847078989858866,499.3,0.03099885171608515,499.3,0.07367402411439275,0.2186193399718424,3.0,0.0,0.8167979451562253,15.171957904565044
Транспорт,balanced_future_reference,raw,20,ramp,cusum,common_balanced_ids,499.3,1516.7,499.3,0.00847078989858866,499.3,0.03099885171608515,499.3,0.07367402411439275,0.2186193399718424,3.0,0.0,0.8167979451562253,15.171957904565044
Транспорт,balanced_future_reference,raw,20,ramp,ewma,all_eligible,499.3,1516.7,499.3,0.0034063793996292786,499.3,0.02795392258495616,499.3,0.06750370308630342,0.18456043143218331,3.0,0.0,0.3090701777399612,5.778983611870075
Транспорт,balanced_future_reference,raw,20,ramp,ewma,common_balanced_ids,499.3,1516.7,499.3,0.0034063793996292786,499.3,0.02795392258495616,499.3,0.06750370308630342,0.18456043143218331,3.0,0.0,0.3090701777399612,5.778983611870075
Транспорт,balanced_future_reference,raw,20,ramp,rolling_3m,all_eligible,499.3,1516.7,499.3,0.0005901858460279089,499.3,0.0024174662763359737,499.3,0.02418256517975767,0.08875576784926756,3.1,0.0,0.033012023667098045,2.0878091859079984
Транспорт,balanced_future_reference,raw,20,ramp,rolling_3m,common_balanced_ids,499.3,1516.7,499.3,0.0005901858460279089,499.3,0.0024174662763359737,499.3,0.02418256517975767,0.08875576784926756,3.1,0.0,0.033012023667098045,2.0878091859079984
Транспорт,balanced_future_reference,raw,20,ramp,spike,all_eligible,499.3,1516.7,499.3,0.001782495671574963,499.3,0.0060541818962565564,499.3,0.02370390897858262,0.06482245556756898,3.0,0.0,0.022444497700586853,1.1078839717429818
Транспорт,balanced_future_reference,raw,20,ramp,spike,common_balanced_ids,499.3,1516.7,499.3,0.001782495671574963,499.3,0.0060541818962565564,499.3,0.02370390897858262,0.06482245556756898,3.0,0.0,0.022444497700586853,1.1078839717429818
Транспорт,balanced_future_reference,raw,20,step,cusum,all_eligible,499.3,1516.7,499.3,0.020053705074218425,499.3,0.09428398766022972,499.3,0.208260688739443,0.47546790658217075,3.0,0.0,1.5288324416103158,13.012583319740951
Транспорт,balanced_future_reference,raw,20,step,cusum,common_balanced_ids,499.3,1516.7,499.3,0.020053705074218425,499.3,0.09428398766022972,499.3,0.208260688739443,0.47546790658217075,3.0,0.0,1.5288324416103158,13.012583319740951
Транспорт,balanced_future_reference,raw,20,step,ewma,all_eligible,499.3,1516.7,499.3,0.02467522117340889,499.3,0.09884663151208453,499.3,0.17369899953552015,0.2945300566239214,2.0,0.0,0.4621843441577207,5.070729655478035
Транспорт,balanced_future_reference,raw,20,step,ewma,common_balanced_ids,499.3,1516.7,499.3,0.02467522117340889,499.3,0.09884663151208453,499.3,0.17369899953552015,0.2945300566239214,2.0,0.0,0.4621843441577207,5.070729655478035
Транспорт,balanced_future_reference,raw,20,step,rolling_3m,all_eligible,499.3,1516.7,499.3,0.004918885013976024,499.3,0.01970872692494294,499.3,0.08116288303391742,0.15860569510996797,2.3,0.0,0.07379290679646507,1.8256189677217065
Транспорт,balanced_future_reference,raw,20,step,rolling_3m,common_balanced_ids,499.3,1516.7,499.3,0.004918885013976024,499.3,0.01970872692494294,499.3,0.08116288303391742,0.15860569510996797,2.3,0.0,0.07379290679646507,1.8256189677217065
Транспорт,balanced_future_reference,raw,20,step,spike,all_eligible,499.3,1516.7,499.3,0.01856959310736644,499.3,0.03361168942511057,499.3,0.05518493041692958,0.11087370179238591,2.55,0.0,0.03855921872820889,0.9957966971911854
Транспорт,balanced_future_reference,raw,20,step,spike,common_balanced_ids,499.3,1516.7,499.3,0.01856959310736644,499.3,0.03361168942511057,499.3,0.05518493041692958,0.11087370179238591,2.55,0.0,0.03855921872820889,0.9957966971911854
Транспорт,balanced_future_reference,regularized_noise,-20,pulse,cusum,all_eligible,499.3,1516.7,499.3,0.03597821907821163,499.3,0.08164436218729762,499.3,0.13092142821469757,0.31136593491337317,3.0,0.0,1.5966966053238836,19.82095486175384
Транспорт,balanced_future_reference,regularized_noise,-20,pulse,cusum,common_balanced_ids,499.3,1516.7,499.3,0.03597821907821163,499.3,0.08164436218729762,499.3,0.13092142821469757,0.31136593491337317,3.0,0.0,1.5966966053238836,19.82095486175384
Транспорт,balanced_future_reference,regularized_noise,-20,pulse,ewma,all_eligible,499.3,1516.7,499.3,0.05314909567193162,499.3,0.06060465261280723,499.3,0.06321543544023175,0.07249587306106227,0.0,0.0,0.37401888857405585,7.241508874625346
Транспорт,balanced_future_reference,regularized_noise,-20,pulse,ewma,common_balanced_ids,499.3,1516.7,499.3,0.05314909567193162,499.3,0.06060465261280723,499.3,0.06321543544023175,0.07249587306106227,0.0,0.0,0.37401888857405585,7.241508874625346
Транспорт,balanced_future_reference,regularized_noise,-20,pulse,rolling_3m,all_eligible,499.3,1516.7,499.3,0.0034877152622679484,499.3,0.011923623765171565,499.3,0.020930309856800996,0.020930309856800996,1.4,0.0,0.12090999804154964,2.6679779505333174
Транспорт,balanced_future_reference,regularized_noise,-20,pulse,rolling_3m,common_balanced_ids,499.3,1516.7,499.3,0.0034877152622679484,499.3,0.011923623765171565,499.3,0.020930309856800996,0.020930309856800996,1.4,0.0,0.12090999804154964,2.6679779505333174
Транспорт,balanced_future_reference,regularized_noise,-20,pulse,spike,all_eligible,499.3,1516.7,499.3,0.06356429906981241,499.3,0.06356429906981241,499.3,0.06356429906981241,0.06356429906981241,0.0,0.0,0.060494020106957605,1.6680079595474724
Транспорт,balanced_future_reference,regularized_noise,-20,pulse,spike,common_balanced_ids,499.3,1516.7,499.3,0.06356429906981241,499.3,0.06356429906981241,499.3,0.06356429906981241,0.06356429906981241,0.0,0.0,0.060494020106957605,1.6680079595474724
Транспорт,balanced_future_reference,regularized_noise,-20,ramp,cusum,all_eligible,499.3,1516.7,499.3,0.007032045886890411,499.3,0.044280143635175566,499.3,0.177451728441271,0.5139184581810085,3.0,0.0,2.4133622838097954,23.379997491330435
Транспорт,balanced_future_reference,regularized_noise,-20,ramp,cusum,common_balanced_ids,499.3,1516.7,499.3,0.007032045886890411,499.3,0.044280143635175566,499.3,0.177451728441271,0.5139184581810085,3.0,0.0,2.4133622838097954,23.379997491330435
Транспорт,balanced_future_reference,regularized_noise,-20,ramp,ewma,all_eligible,499.3,1516.7,499.3,0.002975953154743375,499.3,0.02185910628105151,499.3,0.08895706293389016,0.44338933010976317,3.1,0.0,2.0692086792660653,8.456187839935616
Транспорт,balanced_future_reference,regularized_noise,-20,ramp,ewma,common_balanced_ids,499.3,1516.7,499.3,0.002975953154743375,499.3,0.02185910628105151,499.3,0.08895706293389016,0.44338933010976317,3.1,0.0,2.0692086792660653,8.456187839935616
Транспорт,balanced_future_reference,regularized_noise,-20,ramp,rolling_3m,all_eligible,499.3,1516.7,499.3,0.0014031551474424499,499.3,0.005210101232892242,499.3,0.019845151550287293,0.16558050111758582,4.0,0.0,0.8878485265098718,3.1342095414799536
Транспорт,balanced_future_reference,regularized_noise,-20,ramp,rolling_3m,common_balanced_ids,499.3,1516.7,499.3,0.0014031551474424499,499.3,0.005210101232892242,499.3,0.019845151550287293,0.16558050111758582,4.0,0.0,0.8878485265098718,3.1342095414799536
Транспорт,balanced_future_reference,regularized_noise,-20,ramp,spike,all_eligible,499.3,1516.7,499.3,0.0012271385094954628,499.3,0.00681994835801359,499.3,0.022022200824084008,0.11009824460990689,4.0,0.0,0.6614436715661136,1.9250473970896755
Транспорт,balanced_future_reference,regularized_noise,-20,ramp,spike,common_balanced_ids,499.3,1516.7,499.3,0.0012271385094954628,499.3,0.00681994835801359,499.3,0.022022200824084008,0.11009824460990689,4.0,0.0,0.6614436715661136,1.9250473970896755
Транспорт,balanced_future_reference,regularized_noise,-20,step,cusum,all_eligible,499.3,1516.7,499.3,0.03597821907821163,499.3,0.4019449403149723,499.3,0.6261592891526538,0.7508748351101475,1.25,0.0,5.315112468587006,19.82095486175384
Транспорт,balanced_future_reference,regularized_noise,-20,step,cusum,common_balanced_ids,499.3,1516.7,499.3,0.03597821907821163,499.3,0.4019449403149723,499.3,0.6261592891526538,0.7508748351101475,1.25,0.0,5.315112468587006,19.82095486175384
Транспорт,balanced_future_reference,regularized_noise,-20,step,ewma,all_eligible,499.3,1516.7,499.3,0.05314909567193162,499.3,0.30746833255008027,499.3,0.5389323029082003,0.6449452695096023,1.8,0.0,3.014281944341405,7.241508874625346
Транспорт,balanced_future_reference,regularized_noise,-20,step,ewma,common_balanced_ids,499.3,1516.7,499.3,0.05314909567193162,499.3,0.30746833255008027,499.3,0.5389323029082003,0.6449452695096023,1.8,0.0,3.014281944341405,7.241508874625346
Транспорт,balanced_future_reference,regularized_noise,-20,step,rolling_3m,all_eligible,499.3,1516.7,499.3,0.0034877152622679484,499.3,0.05406388094579821,499.3,0.2695338222943749,0.4294169857705671,2.0,0.0,1.2636041967730403,2.6679779505333174
Транспорт,balanced_future_reference,regularized_noise,-20,step,rolling_3m,common_balanced_ids,499.3,1516.7,499.3,0.0034877152622679484,499.3,0.05406388094579821,499.3,0.2695338222943749,0.4294169857705671,2.0,0.0,1.2636041967730403,2.6679779505333174
Транспорт,balanced_future_reference,regularized_noise,-20,step,spike,all_eligible,499.3,1516.7,499.3,0.06356429906981241,499.3,0.11390326764930211,499.3,0.1509932962449753,0.21938415949571252,1.35,0.0,0.7824340149433043,1.6680079595474724
Транспорт,balanced_future_reference,regularized_noise,-20,step,spike,common_balanced_ids,499.3,1516.7,499.3,0.06356429906981241,499.3,0.11390326764930211,499.3,0.1509932962449753,0.21938415949571252,1.35,0.0,0.7824340149433043,1.6680079595474724
Транспорт,balanced_future_reference,regularized_noise,20,pulse,cusum,all_eligible,499.3,1516.7,499.3,0.03163088619411088,499.3,0.09141416390231165,499.3,0.15869613764297227,0.24018643869000775,2.0,0.0,0.9578878775547561,19.82095486175384
Транспорт,balanced_future_reference,regularized_noise,20,pulse,cusum,common_balanced_ids,499.3,1516.7,499.3,0.03163088619411088,499.3,0.09141416390231165,499.3,0.15869613764297227,0.24018643869000775,2.0,0.0,0.9578878775547561,19.82095486175384
Транспорт,balanced_future_reference,regularized_noise,20,pulse,ewma,all_eligible,499.3,1516.7,499.3,0.0388753554107072,499.3,0.055554887219619,499.3,0.06863711762150036,0.09025217114867894,0.9,0.0,0.14620690437755066,7.241508874625346
Транспорт,balanced_future_reference,regularized_noise,20,pulse,ewma,common_balanced_ids,499.3,1516.7,499.3,0.0388753554107072,499.3,0.055554887219619,499.3,0.06863711762150036,0.09025217114867894,0.9,0.0,0.14620690437755066,7.241508874625346
Транспорт,balanced_future_reference,regularized_noise,20,pulse,rolling_3m,all_eligible,499.3,1516.7,499.3,0.0062532711811849355,499.3,0.015082514859524365,499.3,0.03626986747491042,0.03626986747491042,1.7,0.0,0.04175477138305941,2.6679779505333174
Транспорт,balanced_future_reference,regularized_noise,20,pulse,rolling_3m,common_balanced_ids,499.3,1516.7,499.3,0.0062532711811849355,499.3,0.015082514859524365,499.3,0.03626986747491042,0.03626986747491042,1.7,0.0,0.04175477138305941,2.6679779505333174
Транспорт,balanced_future_reference,regularized_noise,20,pulse,spike,all_eligible,499.3,1516.7,499.3,0.040738003638781266,499.3,0.040738003638781266,499.3,0.040738003638781266,0.040738003638781266,0.0,0.0,0.024166459606145486,1.6680079595474724
Транспорт,balanced_future_reference,regularized_noise,20,pulse,spike,common_balanced_ids,499.3,1516.7,499.3,0.040738003638781266,499.3,0.040738003638781266,499.3,0.040738003638781266,0.040738003638781266,0.0,0.0,0.024166459606145486,1.6680079595474724
Транспорт,balanced_future_reference,regularized_noise,20,ramp,cusum,all_eligible,499.3,1516.7,499.3,0.0119902482943061,499.3,0.05494175554669134,499.3,0.14771564667727977,0.33909535612561176,3.0,0.0,2.58307232587424,23.379997491330435
Транспорт,balanced_future_reference,regularized_noise,20,ramp,cusum,common_balanced_ids,499.3,1516.7,499.3,0.0119902482943061,499.3,0.05494175554669134,499.3,0.14771564667727977,0.33909535612561176,3.0,0.0,2.58307232587424,23.379997491330435
Транспорт,balanced_future_reference,regularized_noise,20,ramp,ewma,all_eligible,499.3,1516.7,499.3,0.008572416675094206,499.3,0.0451140226824149,499.3,0.1147862101468845,0.29599574795038636,3.0,0.0,0.7165647690598643,8.456187839935616
Транспорт,balanced_future_reference,regularized_noise,20,ramp,ewma,common_balanced_ids,499.3,1516.7,499.3,0.008572416675094206,499.3,0.0451140226824149,499.3,0.1147862101468845,0.29599574795038636,3.0,0.0,0.7165647690598643,8.456187839935616
Транспорт,balanced_future_reference,regularized_noise,20,ramp,rolling_3m,all_eligible,499.3,1516.7,499.3,0.0011999998786607334,499.3,0.014192363475552411,499.3,0.04928812088167043,0.17663866033333536,3.0,0.0,0.2520836134513661,3.1342095414799536
Транспорт,balanced_future_reference,regularized_noise,20,ramp,rolling_3m,common_balanced_ids,499.3,1516.7,499.3,0.0011999998786607334,499.3,0.014192363475552411,499.3,0.04928812088167043,0.17663866033333536,3.0,0.0,0.2520836134513661,3.1342095414799536
Транспорт,balanced_future_reference,regularized_noise,20,ramp,spike,all_eligible,499.3,1516.7,499.3,0.0028600229764627534,499.3,0.02026868911323255,499.3,0.054569339050314726,0.13276945916869273,3.0,0.0,0.12545304431989063,1.9250473970896755
Транспорт,balanced_future_reference,regularized_noise,20,ramp,spike,common_balanced_ids,499.3,1516.7,499.3,0.0028600229764627534,499.3,0.02026868911323255,499.3,0.054569339050314726,0.13276945916869273,3.0,0.0,0.12545304431989063,1.9250473970896755
Транспорт,balanced_future_reference,regularized_noise,20,step,cusum,all_eligible,499.3,1516.7,499.3,0.03163088619411088,499.3,0.2314588272710786,499.3,0.43408881902846075,0.6585726265356042,2.0,0.0,4.847884333224247,19.82095486175384
Транспорт,balanced_future_reference,regularized_noise,20,step,cusum,common_balanced_ids,499.3,1516.7,499.3,0.03163088619411088,499.3,0.2314588272710786,499.3,0.43408881902846075,0.6585726265356042,2.0,0.0,4.847884333224247,19.82095486175384
Транспорт,balanced_future_reference,regularized_noise,20,step,ewma,all_eligible,499.3,1516.7,499.3,0.0388753554107072,499.3,0.18294692253494693,499.3,0.32855114478326913,0.47039005002926204,2.0,0.0,0.9854785160576152,7.241508874625346
Транспорт,balanced_future_reference,regularized_noise,20,step,ewma,common_balanced_ids,499.3,1516.7,499.3,0.0388753554107072,499.3,0.18294692253494693,499.3,0.32855114478326913,0.47039005002926204,2.0,0.0,0.9854785160576152,7.241508874625346
Транспорт,balanced_future_reference,regularized_noise,20,step,rolling_3m,all_eligible,499.3,1516.7,499.3,0.0062532711811849355,499.3,0.05400195563702944,499.3,0.1845945552847072,0.3084594793047266,2.0,0.0,0.3388727296254276,2.6679779505333174
Транспорт,balanced_future_reference,regularized_noise,20,step,rolling_3m,common_balanced_ids,499.3,1516.7,499.3,0.0062532711811849355,499.3,0.05400195563702944,499.3,0.1845945552847072,0.3084594793047266,2.0,0.0,0.3388727296254276,2.6679779505333174
Транспорт,balanced_future_reference,regularized_noise,20,step,spike,all_eligible,499.3,1516.7,499.3,0.040738003638781266,499.3,0.08063107046080517,499.3,0.13287506957329248,0.2112710432235853,2.0,0.0,0.15173265931398333,1.6680079595474724
Транспорт,balanced_future_reference,regularized_noise,20,step,spike,common_balanced_ids,499.3,1516.7,499.3,0.040738003638781266,499.3,0.08063107046080517,499.3,0.13287506957329248,0.2112710432235853,2.0,0.0,0.15173265931398333,1.6680079595474724
