territory_id,origin,horizon,model,actual,predicted
12,2023-12,1,chronos_2,26461.0,34337.140625
21,2023-12,1,chronos_2,31106.0,35386.390625
42,2023-12,1,chronos_2,23684.0,26541.9609375
48,2023-12,1,chronos_2,17887.0,19445.912109375
49,2023-12,1,chronos_2,20417.0,22196.583984375
57,2023-12,1,chronos_2,27442.0,29960.458984375
81,2023-12,1,chronos_2,22850.0,25754.0703125
225,2023-12,1,chronos_2,36425.0,42727.1015625
230,2023-12,1,chronos_2,23386.0,27217.755859375
239,2023-12,1,chronos_2,24466.0,27584.3671875
243,2023-12,1,chronos_2,24059.0,26322.013671875
280,2023-12,1,chronos_2,16139.0,18376.8828125
287,2023-12,1,chronos_2,13989.0,16779.0703125
295,2023-12,1,chronos_2,17556.0,20304.416015625
298,2023-12,1,chronos_2,18688.0,20937.640625
314,2023-12,1,chronos_2,23392.0,31069.859375
329,2023-12,1,chronos_2,25531.0,34866.3046875
337,2023-12,1,chronos_2,21424.0,28085.92578125
351,2023-12,1,chronos_2,22312.0,28163.904296875
355,2023-12,1,chronos_2,29217.0,33036.7265625
383,2023-12,1,chronos_2,19058.0,20562.51171875
384,2023-12,1,chronos_2,15794.0,17631.6953125
392,2023-12,1,chronos_2,17905.0,20478.77734375
410,2023-12,1,chronos_2,21158.0,26484.0703125
414,2023-12,1,chronos_2,17516.0,24794.8515625
432,2023-12,1,chronos_2,18430.0,20909.23828125
436,2023-12,1,chronos_2,15184.0,17166.572265625
438,2023-12,1,chronos_2,15942.0,17796.505859375
455,2023-12,1,chronos_2,23320.0,28254.359375
485,2023-12,1,chronos_2,14223.0,15649.92578125
494,2023-12,1,chronos_2,14294.0,16540.6875
504,2023-12,1,chronos_2,29103.0,35352.5703125
520,2023-12,1,chronos_2,14240.0,16872.7578125
532,2023-12,1,chronos_2,16220.0,20786.1328125
534,2023-12,1,chronos_2,16454.0,20011.484375
536,2023-12,1,chronos_2,16547.0,21556.15234375
541,2023-12,1,chronos_2,15910.0,21360.1796875
544,2023-12,1,chronos_2,16368.0,20886.673828125
550,2023-12,1,chronos_2,16069.0,19094.53515625
556,2023-12,1,chronos_2,14146.0,15896.353515625
559,2023-12,1,chronos_2,17889.0,21571.9453125
562,2023-12,1,chronos_2,16998.0,21359.5234375
587,2023-12,1,chronos_2,24223.0,33055.234375
608,2023-12,1,chronos_2,48876.0,57248.953125
618,2023-12,1,chronos_2,39170.0,56369.6015625
670,2023-12,1,chronos_2,27065.0,29403.328125
683,2023-12,1,chronos_2,17717.0,20989.029296875
693,2023-12,1,chronos_2,31371.0,37671.14453125
706,2023-12,1,chronos_2,18514.0,20604.48828125
714,2023-12,1,chronos_2,21977.0,25806.24609375
727,2023-12,1,chronos_2,31840.0,37406.2578125
778,2023-12,1,chronos_2,33825.0,40588.546875
797,2023-12,1,chronos_2,23915.0,27479.83203125
801,2023-12,1,chronos_2,28215.0,32456.458984375
810,2023-12,1,chronos_2,20647.0,23651.259765625
812,2023-12,1,chronos_2,30086.0,36033.453125
817,2023-12,1,chronos_2,19842.0,24166.015625
825,2023-12,1,chronos_2,20705.0,24442.533203125
833,2023-12,1,chronos_2,19078.0,22633.974609375
847,2023-12,1,chronos_2,34655.0,38672.35546875
859,2023-12,1,chronos_2,22748.0,28847.0390625
877,2023-12,1,chronos_2,20425.0,25133.6171875
880,2023-12,1,chronos_2,20434.0,25803.05078125
892,2023-12,1,chronos_2,28885.0,34572.61328125
897,2023-12,1,chronos_2,25466.0,29441.75
899,2023-12,1,chronos_2,21871.0,24986.1640625
904,2023-12,1,chronos_2,18093.0,22130.775390625
922,2023-12,1,chronos_2,17045.0,20024.890625
926,2023-12,1,chronos_2,16545.0,19693.400390625
929,2023-12,1,chronos_2,16688.0,18774.171875
987,2023-12,1,chronos_2,25343.0,29493.751953125
988,2023-12,1,chronos_2,29875.0,35448.8671875
989,2023-12,1,chronos_2,27492.0,31597.484375
995,2023-12,1,chronos_2,21446.0,24375.79296875
999,2023-12,1,chronos_2,18578.0,21033.98828125
1002,2023-12,1,chronos_2,19552.0,21187.205078125
1004,2023-12,1,chronos_2,19504.0,23339.3125
1009,2023-12,1,chronos_2,25630.0,29563.6171875
1011,2023-12,1,chronos_2,20807.0,24662.748046875
1014,2023-12,1,chronos_2,15472.0,18963.732421875
1017,2023-12,1,chronos_2,17998.0,20927.4453125
1028,2023-12,1,chronos_2,16638.0,19034.978515625
1039,2023-12,1,chronos_2,23053.0,28361.142578125
1052,2023-12,1,chronos_2,19949.0,22813.13671875
1053,2023-12,1,chronos_2,21682.0,24425.619140625
1071,2023-12,1,chronos_2,26142.0,31372.46875
1072,2023-12,1,chronos_2,23032.0,26385.23828125
1112,2023-12,1,chronos_2,22275.0,26389.904296875
1117,2023-12,1,chronos_2,29502.0,38604.07421875
1120,2023-12,1,chronos_2,19210.0,22604.3046875
1121,2023-12,1,chronos_2,16449.0,21023.287109375
1126,2023-12,1,chronos_2,17498.0,19532.83203125
1139,2023-12,1,chronos_2,23509.0,30484.66015625
1141,2023-12,1,chronos_2,31546.0,37877.19921875
1144,2023-12,1,chronos_2,19818.0,25833.5
1146,2023-12,1,chronos_2,19747.0,23229.466796875
1157,2023-12,1,chronos_2,26326.0,31318.736328125
1176,2023-12,1,chronos_2,34007.0,39764.4609375
1211,2023-12,1,chronos_2,23459.0,25829.220703125
1212,2023-12,1,chronos_2,28501.0,33000.171875
1226,2023-12,1,chronos_2,27555.0,31988.16015625
1229,2023-12,1,chronos_2,28264.0,32494.642578125
1237,2023-12,1,chronos_2,22772.0,26187.150390625
1243,2023-12,1,chronos_2,30061.0,35397.21484375
1262,2023-12,1,chronos_2,20330.0,21589.66796875
1264,2023-12,1,chronos_2,16664.0,18139.015625
1265,2023-12,1,chronos_2,16388.0,19233.55859375
1267,2023-12,1,chronos_2,13872.0,16141.5712890625
1272,2023-12,1,chronos_2,17435.0,19732.833984375
1274,2023-12,1,chronos_2,15367.0,18342.86328125
1276,2023-12,1,chronos_2,16782.0,19772.494140625
1287,2023-12,1,chronos_2,18180.0,20851.640625
1305,2023-12,1,chronos_2,24086.0,25362.189453125
1313,2023-12,1,chronos_2,16429.0,19316.689453125
1327,2023-12,1,chronos_2,16086.0,20256.083984375
1330,2023-12,1,chronos_2,17921.0,19963.94921875
1339,2023-12,1,chronos_2,15119.0,17355.140625
1350,2023-12,1,chronos_2,14660.0,17117.060546875
1405,2023-12,1,chronos_2,30292.0,35672.03125
1410,2023-12,1,chronos_2,32315.0,34669.5078125
1425,2023-12,1,chronos_2,16450.0,20062.701171875
1429,2023-12,1,chronos_2,20934.0,23054.150390625
1438,2023-12,1,chronos_2,44872.0,52894.49609375
1465,2023-12,1,chronos_2,39492.0,48716.796875
1468,2023-12,1,chronos_2,38593.0,47141.39453125
1477,2023-12,1,chronos_2,31826.0,39534.3828125
1486,2023-12,1,chronos_2,28357.0,34631.875
1489,2023-12,1,chronos_2,30213.0,37826.03125
1523,2023-12,1,chronos_2,32597.0,38912.390625
1529,2023-12,1,chronos_2,21054.0,24815.677734375
1532,2023-12,1,chronos_2,21159.0,25221.021484375
1535,2023-12,1,chronos_2,19096.0,22443.498046875
1536,2023-12,1,chronos_2,20710.0,23984.47265625
1552,2023-12,1,chronos_2,16883.0,19958.466796875
1555,2023-12,1,chronos_2,22131.0,26721.064453125
1571,2023-12,1,chronos_2,19468.0,22999.369140625
1573,2023-12,1,chronos_2,18655.0,23247.181640625
1580,2023-12,1,chronos_2,19000.0,23171.30078125
1604,2023-12,1,chronos_2,21390.0,26594.30859375
1605,2023-12,1,chronos_2,17921.0,22036.916015625
1606,2023-12,1,chronos_2,16624.0,19530.00390625
1607,2023-12,1,chronos_2,17992.0,21553.28515625
1610,2023-12,1,chronos_2,18567.0,22446.875
1611,2023-12,1,chronos_2,20385.0,24560.447265625
1612,2023-12,1,chronos_2,21102.0,24409.248046875
1615,2023-12,1,chronos_2,23278.0,26719.92578125
1617,2023-12,1,chronos_2,20524.0,24513.0078125
1618,2023-12,1,chronos_2,19982.0,24455.34765625
1635,2023-12,1,chronos_2,16324.0,18933.455078125
1640,2023-12,1,chronos_2,17468.0,20790.82421875
1644,2023-12,1,chronos_2,17860.0,20723.73046875
1654,2023-12,1,chronos_2,17975.0,20691.74609375
1662,2023-12,1,chronos_2,18031.0,20377.439453125
1663,2023-12,1,chronos_2,18533.0,21287.27734375
1701,2023-12,1,chronos_2,18447.0,22553.98046875
1702,2023-12,1,chronos_2,17207.0,19936.916015625
1707,2023-12,1,chronos_2,27497.0,32676.251953125
1718,2023-12,1,chronos_2,18490.0,21907.7734375
1725,2023-12,1,chronos_2,17388.0,20584.40234375
1738,2023-12,1,chronos_2,19043.0,22199.9296875
1744,2023-12,1,chronos_2,17490.0,18712.103515625
1751,2023-12,1,chronos_2,15997.0,18538.9609375
1759,2023-12,1,chronos_2,19946.0,22237.578125
1762,2023-12,1,chronos_2,17867.0,20105.578125
1775,2023-12,1,chronos_2,18549.0,21211.310546875
1777,2023-12,1,chronos_2,19431.0,23380.912109375
1853,2023-12,1,chronos_2,18878.0,22339.87109375
1854,2023-12,1,chronos_2,17548.0,21699.654296875
1856,2023-12,1,chronos_2,19958.0,22189.73828125
1860,2023-12,1,chronos_2,16720.0,19928.4921875
1863,2023-12,1,chronos_2,27382.0,32804.8828125
1865,2023-12,1,chronos_2,17760.0,22064.140625
1870,2023-12,1,chronos_2,16974.0,21774.67578125
1880,2023-12,1,chronos_2,22183.0,25858.974609375
1884,2023-12,1,chronos_2,19085.0,21702.755859375
1890,2023-12,1,chronos_2,30123.0,36851.39453125
1909,2023-12,1,chronos_2,18277.0,21003.0390625
1912,2023-12,1,chronos_2,22584.0,28580.634765625
1924,2023-12,1,chronos_2,16528.0,18322.21875
1929,2023-12,1,chronos_2,17488.0,20392.84765625
1933,2023-12,1,chronos_2,17166.0,20873.111328125
1939,2023-12,1,chronos_2,17166.0,19494.509765625
1957,2023-12,1,chronos_2,34123.0,42181.06640625
1958,2023-12,1,chronos_2,45849.0,56753.30078125
1960,2023-12,1,chronos_2,27883.0,34502.515625
1976,2023-12,1,chronos_2,26365.0,27171.146484375
1979,2023-12,1,chronos_2,34920.0,39837.21484375
1980,2023-12,1,chronos_2,26783.0,31780.63671875
1992,2023-12,1,chronos_2,23727.0,25530.4453125
1995,2023-12,1,chronos_2,24654.0,27648.21875
2000,2023-12,1,chronos_2,30934.0,35957.19140625
2001,2023-12,1,chronos_2,26144.0,27000.685546875
2007,2023-12,1,chronos_2,22271.0,26429.93359375
2021,2023-12,1,chronos_2,21983.0,25274.39453125
2024,2023-12,1,chronos_2,26694.0,29827.720703125
2036,2023-12,1,chronos_2,20697.0,23885.904296875
2044,2023-12,1,chronos_2,29823.0,36289.84765625
2048,2023-12,1,chronos_2,25497.0,30039.09765625
2063,2023-12,1,chronos_2,30233.0,37845.87109375
2077,2023-12,1,chronos_2,20627.0,22188.8515625
2085,2023-12,1,chronos_2,19301.0,21535.8046875
2089,2023-12,1,chronos_2,17187.0,20567.86328125
2122,2023-12,1,chronos_2,21420.0,23821.84375
2142,2023-12,1,chronos_2,22608.0,27002.26953125
2144,2023-12,1,chronos_2,31897.0,37865.046875
2155,2023-12,1,chronos_2,24182.0,27112.626953125
2156,2023-12,1,chronos_2,19409.0,22733.9296875
2161,2023-12,1,chronos_2,33536.0,40882.41015625
2176,2023-12,1,chronos_2,20905.0,24363.92578125
2187,2023-12,1,chronos_2,23142.0,27564.806640625
2194,2023-12,1,chronos_2,24447.0,28236.220703125
2196,2023-12,1,chronos_2,20048.0,24899.828125
2208,2023-12,1,chronos_2,22262.0,26918.994140625
2232,2023-12,1,chronos_2,31521.0,35998.63671875
2259,2023-12,1,chronos_2,16395.0,19101.513671875
2265,2023-12,1,chronos_2,15846.0,18660.734375
2269,2023-12,1,chronos_2,15125.0,17540.06640625
2274,2023-12,1,chronos_2,16524.0,19478.36328125
2280,2023-12,1,chronos_2,26464.0,31503.189453125
2316,2023-12,1,chronos_2,18981.0,21100.1015625
2318,2023-12,1,chronos_2,32839.0,38032.05078125
2320,2023-12,1,chronos_2,28108.0,32695.099609375
2324,2023-12,1,chronos_2,21254.0,23062.6875
2343,2023-12,1,chronos_2,29082.0,33435.0625
2345,2023-12,1,chronos_2,44451.0,61910.90625
2374,2023-12,1,chronos_2,43033.0,50023.06640625
2375,2023-12,1,chronos_2,43407.0,51097.34765625
2391,2023-12,1,chronos_2,35422.0,40574.7265625
2395,2023-12,1,chronos_2,32466.0,37492.05078125
2403,2023-12,1,chronos_2,37106.0,43494.6484375
2406,2023-12,1,chronos_2,39314.0,45113.4765625
2411,2023-12,1,chronos_2,40053.0,47146.7265625
2426,2023-12,1,chronos_2,43141.0,50709.1328125
2441,2023-12,1,chronos_2,47488.0,51576.40625
2444,2023-12,1,chronos_2,54219.0,62901.75
2465,2023-12,1,chronos_2,36316.0,44519.19140625
2474,2023-12,1,chronos_2,39047.0,47116.6328125
2490,2023-12,1,chronos_2,47156.0,56576.23828125
2495,2023-12,1,chronos_2,53227.0,63134.8359375
2498,2023-12,1,chronos_2,41112.0,48929.7890625
2500,2023-12,1,chronos_2,41921.0,50941.578125
2503,2023-12,1,chronos_2,49686.0,58348.33984375
2531,2023-12,1,chronos_2,46437.0,55596.5703125
2536,2023-12,1,chronos_2,52074.0,61081.5625
2539,2023-12,1,chronos_2,47693.0,57501.5234375
2552,2023-12,1,chronos_2,40529.0,49243.9765625
2554,2023-12,1,chronos_2,38236.0,45334.73046875
2555,2023-12,1,chronos_2,43748.0,52567.48046875
2556,2023-12,1,chronos_2,39969.0,47965.9453125
2560,2023-12,1,chronos_2,44570.0,54247.7421875
2582,2023-12,1,chronos_2,39121.0,47705.828125
2589,2023-12,1,chronos_2,53377.0,64899.640625
2590,2023-12,1,chronos_2,45100.0,54640.05859375
2605,2023-12,1,chronos_2,51602.0,62933.1640625
2620,2023-12,1,chronos_2,30575.0,34415.98828125
2647,2023-12,1,chronos_2,29745.0,34673.3828125
12,2023-12,3,chronos_2,33542.0,33932.1953125
21,2023-12,3,chronos_2,36705.0,35216.859375
42,2023-12,3,chronos_2,28087.0,26312.2890625
48,2023-12,3,chronos_2,21158.0,19311.330078125
49,2023-12,3,chronos_2,25620.0,21937.671875
57,2023-12,3,chronos_2,32314.0,29674.638671875
81,2023-12,3,chronos_2,26978.0,25240.8203125
225,2023-12,3,chronos_2,44222.0,42140.2578125
230,2023-12,3,chronos_2,29145.0,26395.0546875
239,2023-12,3,chronos_2,30334.0,26995.19921875
243,2023-12,3,chronos_2,31718.0,25695.220703125
280,2023-12,3,chronos_2,20352.0,17379.30078125
287,2023-12,3,chronos_2,17333.0,16379.478515625
295,2023-12,3,chronos_2,21570.0,20014.12890625
298,2023-12,3,chronos_2,22729.0,20676.8359375
314,2023-12,3,chronos_2,30231.0,30607.650390625
329,2023-12,3,chronos_2,32719.0,33746.45703125
337,2023-12,3,chronos_2,28493.0,26724.607421875
351,2023-12,3,chronos_2,26228.0,28216.06640625
355,2023-12,3,chronos_2,33968.0,33119.03515625
383,2023-12,3,chronos_2,22505.0,20335.283203125
384,2023-12,3,chronos_2,18606.0,17126.138671875
392,2023-12,3,chronos_2,21512.0,20114.814453125
410,2023-12,3,chronos_2,27737.0,25549.720703125
414,2023-12,3,chronos_2,21612.0,24202.849609375
432,2023-12,3,chronos_2,23574.0,20455.966796875
436,2023-12,3,chronos_2,18629.0,16860.974609375
438,2023-12,3,chronos_2,19382.0,17417.037109375
455,2023-12,3,chronos_2,28979.0,26820.78515625
485,2023-12,3,chronos_2,16688.0,15178.146484375
494,2023-12,3,chronos_2,17935.0,15845.322265625
504,2023-12,3,chronos_2,35300.0,35205.8203125
520,2023-12,3,chronos_2,18281.0,16304.150390625
532,2023-12,3,chronos_2,20960.0,20420.111328125
534,2023-12,3,chronos_2,19659.0,19587.646484375
536,2023-12,3,chronos_2,20868.0,20828.9765625
541,2023-12,3,chronos_2,20343.0,20853.681640625
544,2023-12,3,chronos_2,20448.0,20267.78125
550,2023-12,3,chronos_2,20135.0,18695.4296875
556,2023-12,3,chronos_2,16225.0,15550.3271484375
559,2023-12,3,chronos_2,21766.0,21187.470703125
562,2023-12,3,chronos_2,20810.0,20826.818359375
587,2023-12,3,chronos_2,29588.0,31758.56640625
608,2023-12,3,chronos_2,58152.0,56022.4765625
618,2023-12,3,chronos_2,47388.0,56296.0625
670,2023-12,3,chronos_2,30354.0,28904.654296875
683,2023-12,3,chronos_2,23261.0,20681.517578125
693,2023-12,3,chronos_2,36133.0,37845.640625
706,2023-12,3,chronos_2,22012.0,19671.224609375
714,2023-12,3,chronos_2,26895.0,25149.50390625
727,2023-12,3,chronos_2,38291.0,37067.3203125
778,2023-12,3,chronos_2,40747.0,40540.30859375
797,2023-12,3,chronos_2,29855.0,26829.962890625
801,2023-12,3,chronos_2,34292.0,32123.46484375
810,2023-12,3,chronos_2,24069.0,23251.275390625
812,2023-12,3,chronos_2,35132.0,36216.83984375
817,2023-12,3,chronos_2,24021.0,22479.7265625
825,2023-12,3,chronos_2,24297.0,23952.408203125
833,2023-12,3,chronos_2,23060.0,21955.1953125
847,2023-12,3,chronos_2,42598.0,37950.33984375
859,2023-12,3,chronos_2,28490.0,28429.50390625
877,2023-12,3,chronos_2,25719.0,24304.009765625
880,2023-12,3,chronos_2,25495.0,25119.453125
892,2023-12,3,chronos_2,35246.0,34242.625
897,2023-12,3,chronos_2,31819.0,29009.416015625
899,2023-12,3,chronos_2,26795.0,24767.40625
904,2023-12,3,chronos_2,23883.0,21630.220703125
922,2023-12,3,chronos_2,20799.0,19621.177734375
926,2023-12,3,chronos_2,19960.0,19225.701171875
929,2023-12,3,chronos_2,19420.0,18312.669921875
987,2023-12,3,chronos_2,30504.0,29384.103515625
988,2023-12,3,chronos_2,35865.0,35461.9453125
989,2023-12,3,chronos_2,32464.0,31518.50390625
995,2023-12,3,chronos_2,27123.0,23741.166015625
999,2023-12,3,chronos_2,22720.0,20252.857421875
1002,2023-12,3,chronos_2,22713.0,20786.1796875
1004,2023-12,3,chronos_2,24380.0,22784.615234375
1009,2023-12,3,chronos_2,31246.0,28992.171875
1011,2023-12,3,chronos_2,25522.0,24295.6796875
1014,2023-12,3,chronos_2,18179.0,18559.720703125
1017,2023-12,3,chronos_2,21427.0,20270.341796875
1028,2023-12,3,chronos_2,20768.0,18414.044921875
1039,2023-12,3,chronos_2,27836.0,27954.744140625
1052,2023-12,3,chronos_2,25919.0,22520.58984375
1053,2023-12,3,chronos_2,25033.0,23746.90625
1071,2023-12,3,chronos_2,31655.0,31484.91796875
1072,2023-12,3,chronos_2,28122.0,25699.51171875
1112,2023-12,3,chronos_2,27511.0,26013.302734375
1117,2023-12,3,chronos_2,35822.0,39074.390625
1120,2023-12,3,chronos_2,25244.0,21840.21875
1121,2023-12,3,chronos_2,20733.0,20543.861328125
1126,2023-12,3,chronos_2,21045.0,18765.091796875
1139,2023-12,3,chronos_2,30013.0,29746.65625
1141,2023-12,3,chronos_2,38154.0,37518.671875
1144,2023-12,3,chronos_2,24360.0,24683.056640625
1146,2023-12,3,chronos_2,25560.0,22578.884765625
1157,2023-12,3,chronos_2,32677.0,30938.876953125
1176,2023-12,3,chronos_2,40038.0,39473.7890625
1211,2023-12,3,chronos_2,28367.0,25289.330078125
1212,2023-12,3,chronos_2,32298.0,32536.7265625
1226,2023-12,3,chronos_2,32835.0,31826.2890625
1229,2023-12,3,chronos_2,33083.0,32364.88671875
1237,2023-12,3,chronos_2,28527.0,25985.150390625
1243,2023-12,3,chronos_2,35996.0,35428.078125
1262,2023-12,3,chronos_2,24895.0,21211.671875
1264,2023-12,3,chronos_2,20031.0,17925.0625
1265,2023-12,3,chronos_2,20352.0,18897.806640625
1267,2023-12,3,chronos_2,17625.0,16047.9912109375
1272,2023-12,3,chronos_2,21605.0,19398.734375
1274,2023-12,3,chronos_2,19892.0,18199.41796875
1276,2023-12,3,chronos_2,19598.0,19217.40625
1287,2023-12,3,chronos_2,22131.0,20337.57421875
1305,2023-12,3,chronos_2,27922.0,24833.90625
1313,2023-12,3,chronos_2,21342.0,18861.318359375
1327,2023-12,3,chronos_2,20199.0,20019.7421875
1330,2023-12,3,chronos_2,22381.0,19785.90234375
1339,2023-12,3,chronos_2,18785.0,17021.796875
1350,2023-12,3,chronos_2,18029.0,16565.353515625
1405,2023-12,3,chronos_2,35995.0,35621.94140625
1410,2023-12,3,chronos_2,37728.0,34369.76171875
1425,2023-12,3,chronos_2,19820.0,19662.2265625
1429,2023-12,3,chronos_2,24991.0,22605.97265625
1438,2023-12,3,chronos_2,46928.0,51723.25
1465,2023-12,3,chronos_2,46872.0,49048.3125
1468,2023-12,3,chronos_2,46507.0,47216.08203125
1477,2023-12,3,chronos_2,37792.0,39656.07421875
1486,2023-12,3,chronos_2,34408.0,33804.9296875
1489,2023-12,3,chronos_2,36469.0,37649.28125
1523,2023-12,3,chronos_2,38863.0,39068.14453125
1529,2023-12,3,chronos_2,25341.0,23619.283203125
1532,2023-12,3,chronos_2,25544.0,24848.353515625
1535,2023-12,3,chronos_2,23779.0,21906.875
1536,2023-12,3,chronos_2,25497.0,23635.337890625
1552,2023-12,3,chronos_2,22034.0,19274.984375
1555,2023-12,3,chronos_2,26110.0,26612.74609375
1571,2023-12,3,chronos_2,24997.0,22574.638671875
1573,2023-12,3,chronos_2,23478.0,22347.521484375
1580,2023-12,3,chronos_2,23784.0,22436.1796875
1604,2023-12,3,chronos_2,26218.0,26420.326171875
1605,2023-12,3,chronos_2,21807.0,21976.109375
1606,2023-12,3,chronos_2,19690.0,19156.982421875
1607,2023-12,3,chronos_2,21196.0,21331.58203125
1610,2023-12,3,chronos_2,22705.0,22228.12890625
1611,2023-12,3,chronos_2,24594.0,24002.943359375
1612,2023-12,3,chronos_2,25841.0,23817.859375
1615,2023-12,3,chronos_2,27520.0,26475.833984375
1617,2023-12,3,chronos_2,24202.0,24253.16015625
1618,2023-12,3,chronos_2,24122.0,24195.8984375
1635,2023-12,3,chronos_2,20998.0,18591.369140625
1640,2023-12,3,chronos_2,21673.0,19865.583984375
1644,2023-12,3,chronos_2,22457.0,20388.59375
1654,2023-12,3,chronos_2,21830.0,20454.17578125
1662,2023-12,3,chronos_2,23045.0,19967.16796875
1663,2023-12,3,chronos_2,22562.0,20833.8984375
1701,2023-12,3,chronos_2,24671.0,21960.833984375
1702,2023-12,3,chronos_2,19498.0,18911.36328125
1707,2023-12,3,chronos_2,32856.0,32626.578125
1718,2023-12,3,chronos_2,21403.0,21738.021484375
1725,2023-12,3,chronos_2,22209.0,20109.99609375
1738,2023-12,3,chronos_2,23775.0,21234.611328125
1744,2023-12,3,chronos_2,20470.0,18116.1484375
1751,2023-12,3,chronos_2,20181.0,17915.326171875
1759,2023-12,3,chronos_2,23825.0,21729.861328125
1762,2023-12,3,chronos_2,21175.0,19110.1171875
1775,2023-12,3,chronos_2,24118.0,20803.080078125
1777,2023-12,3,chronos_2,24651.0,22765.95703125
1853,2023-12,3,chronos_2,23683.0,21627.74609375
1854,2023-12,3,chronos_2,22295.0,20883.06640625
1856,2023-12,3,chronos_2,24573.0,21666.05859375
1860,2023-12,3,chronos_2,21224.0,19723.609375
1863,2023-12,3,chronos_2,33107.0,32640.3046875
1865,2023-12,3,chronos_2,22012.0,21381.14453125
1870,2023-12,3,chronos_2,21605.0,21347.40625
1880,2023-12,3,chronos_2,27390.0,25416.095703125
1884,2023-12,3,chronos_2,23936.0,21329.669921875
1890,2023-12,3,chronos_2,36696.0,37220.2421875
1909,2023-12,3,chronos_2,21738.0,20590.568359375
1912,2023-12,3,chronos_2,28094.0,27438.6640625
1924,2023-12,3,chronos_2,18649.0,17880.001953125
1929,2023-12,3,chronos_2,21531.0,19679.427734375
1933,2023-12,3,chronos_2,21693.0,19911.087890625
1939,2023-12,3,chronos_2,20992.0,19038.60546875
1957,2023-12,3,chronos_2,43369.0,41134.5859375
1958,2023-12,3,chronos_2,55930.0,54055.31640625
1960,2023-12,3,chronos_2,35004.0,34105.4296875
1976,2023-12,3,chronos_2,30830.0,26957.16015625
1979,2023-12,3,chronos_2,41040.0,39756.85546875
1980,2023-12,3,chronos_2,30347.0,31037.828125
1992,2023-12,3,chronos_2,28629.0,25021.626953125
1995,2023-12,3,chronos_2,29705.0,27336.484375
2000,2023-12,3,chronos_2,37690.0,35855.46484375
2001,2023-12,3,chronos_2,30967.0,26603.966796875
2007,2023-12,3,chronos_2,26814.0,25608.44921875
2021,2023-12,3,chronos_2,27144.0,24752.486328125
2024,2023-12,3,chronos_2,32282.0,29578.6796875
2036,2023-12,3,chronos_2,26668.0,23555.638671875
2044,2023-12,3,chronos_2,36083.0,36186.26171875
2048,2023-12,3,chronos_2,32012.0,29231.08203125
2063,2023-12,3,chronos_2,36170.0,38262.8984375
2077,2023-12,3,chronos_2,24326.0,21758.88671875
2085,2023-12,3,chronos_2,21263.0,20513.189453125
2089,2023-12,3,chronos_2,20531.0,19972.400390625
2122,2023-12,3,chronos_2,27005.0,23407.2734375
2142,2023-12,3,chronos_2,27874.0,26260.568359375
2144,2023-12,3,chronos_2,37891.0,37639.59375
2155,2023-12,3,chronos_2,30146.0,26642.306640625
2156,2023-12,3,chronos_2,23564.0,22299.3828125
2161,2023-12,3,chronos_2,39628.0,41295.703125
2176,2023-12,3,chronos_2,26425.0,23722.419921875
2187,2023-12,3,chronos_2,27745.0,26630.875
2194,2023-12,3,chronos_2,29660.0,27942.91015625
2196,2023-12,3,chronos_2,26342.0,24543.98828125
2208,2023-12,3,chronos_2,27435.0,26706.181640625
2232,2023-12,3,chronos_2,39252.0,35260.44140625
2259,2023-12,3,chronos_2,20519.0,18912.689453125
2265,2023-12,3,chronos_2,17973.0,18506.1875
2269,2023-12,3,chronos_2,18708.0,17202.62109375
2274,2023-12,3,chronos_2,20351.0,18947.697265625
2280,2023-12,3,chronos_2,31942.0,31611.390625
2316,2023-12,3,chronos_2,23398.0,20407.25
2318,2023-12,3,chronos_2,38796.0,37785.1796875
2320,2023-12,3,chronos_2,33408.0,32401.8515625
2324,2023-12,3,chronos_2,25096.0,22411.90234375
2343,2023-12,3,chronos_2,33946.0,32711.736328125
2345,2023-12,3,chronos_2,56302.0,59145.5546875
2374,2023-12,3,chronos_2,51159.0,50062.03515625
2375,2023-12,3,chronos_2,51760.0,51192.08984375
2391,2023-12,3,chronos_2,41686.0,40056.84375
2395,2023-12,3,chronos_2,38794.0,37425.9140625
2403,2023-12,3,chronos_2,43536.0,43366.5
2406,2023-12,3,chronos_2,46568.0,44847.0390625
2411,2023-12,3,chronos_2,46827.0,47614.0625
2426,2023-12,3,chronos_2,50800.0,51003.6953125
2441,2023-12,3,chronos_2,56201.0,51011.2890625
2444,2023-12,3,chronos_2,65159.0,63870.9921875
2465,2023-12,3,chronos_2,43042.0,44439.8671875
2474,2023-12,3,chronos_2,46672.0,47219.22265625
2490,2023-12,3,chronos_2,55803.0,56794.15625
2495,2023-12,3,chronos_2,64278.0,63601.06640625
2498,2023-12,3,chronos_2,49031.0,48907.28515625
2500,2023-12,3,chronos_2,50351.0,51060.8515625
2503,2023-12,3,chronos_2,59228.0,58395.7578125
2531,2023-12,3,chronos_2,54716.0,55766.6015625
2536,2023-12,3,chronos_2,61691.0,61234.25
2539,2023-12,3,chronos_2,55952.0,58650.78515625
2552,2023-12,3,chronos_2,48081.0,49387.6875
2554,2023-12,3,chronos_2,45256.0,45315.1796875
2555,2023-12,3,chronos_2,52432.0,52920.75390625
2556,2023-12,3,chronos_2,47378.0,48068.12890625
2560,2023-12,3,chronos_2,52724.0,54687.14453125
2582,2023-12,3,chronos_2,46759.0,47719.16015625
2589,2023-12,3,chronos_2,62906.0,65117.76171875
2590,2023-12,3,chronos_2,52509.0,55044.1484375
2605,2023-12,3,chronos_2,60566.0,63680.53515625
2620,2023-12,3,chronos_2,35638.0,33694.328125
2647,2023-12,3,chronos_2,34114.0,34424.3046875
12,2023-12,6,chronos_2,35521.0,32702.55859375
21,2023-12,6,chronos_2,35988.0,34617.953125
42,2023-12,6,chronos_2,27400.0,25817.734375
48,2023-12,6,chronos_2,20893.0,19254.98828125
49,2023-12,6,chronos_2,23738.0,21710.318359375
57,2023-12,6,chronos_2,30926.0,29133.1171875
81,2023-12,6,chronos_2,27001.0,24701.0390625
225,2023-12,6,chronos_2,49540.0,40991.1640625
230,2023-12,6,chronos_2,30128.0,26287.603515625
239,2023-12,6,chronos_2,30736.0,26754.03515625
243,2023-12,6,chronos_2,28679.0,25679.21875
280,2023-12,6,chronos_2,19621.0,17032.44140625
287,2023-12,6,chronos_2,17599.0,16118.958984375
295,2023-12,6,chronos_2,21776.0,19687.0078125
298,2023-12,6,chronos_2,23217.0,20432.91015625
314,2023-12,6,chronos_2,35048.0,30203.38671875
329,2023-12,6,chronos_2,36002.0,32769.55859375
337,2023-12,6,chronos_2,31484.0,26254.65625
351,2023-12,6,chronos_2,26515.0,27574.40625
355,2023-12,6,chronos_2,33844.0,32684.06640625
383,2023-12,6,chronos_2,22591.0,20212.8046875
384,2023-12,6,chronos_2,19063.0,16885.6875
392,2023-12,6,chronos_2,22087.0,19757.419921875
410,2023-12,6,chronos_2,27492.0,24285.619140625
414,2023-12,6,chronos_2,25574.0,23281.720703125
432,2023-12,6,chronos_2,24797.0,20306.541015625
436,2023-12,6,chronos_2,19288.0,16784.5234375
438,2023-12,6,chronos_2,19710.0,17286.6328125
455,2023-12,6,chronos_2,28878.0,26202.451171875
485,2023-12,6,chronos_2,17195.0,15010.27734375
494,2023-12,6,chronos_2,18206.0,15667.44140625
504,2023-12,6,chronos_2,35878.0,34565.28125
520,2023-12,6,chronos_2,19015.0,16129.052734375
532,2023-12,6,chronos_2,21861.0,19992.25
534,2023-12,6,chronos_2,21030.0,19237.349609375
536,2023-12,6,chronos_2,22026.0,20234.640625
541,2023-12,6,chronos_2,22627.0,20227.0859375
544,2023-12,6,chronos_2,22039.0,19728.85546875
550,2023-12,6,chronos_2,20962.0,18404.2578125
556,2023-12,6,chronos_2,17873.0,15331.3994140625
559,2023-12,6,chronos_2,22532.0,20821.2421875
562,2023-12,6,chronos_2,23584.0,20325.943359375
587,2023-12,6,chronos_2,30222.0,30298.15234375
608,2023-12,6,chronos_2,59949.0,54950.44921875
618,2023-12,6,chronos_2,51809.0,53359.55859375
670,2023-12,6,chronos_2,31796.0,28480.72265625
683,2023-12,6,chronos_2,22384.0,20479.716796875
693,2023-12,6,chronos_2,36973.0,37331.84765625
706,2023-12,6,chronos_2,22506.0,19350.17578125
714,2023-12,6,chronos_2,28062.0,24707.880859375
727,2023-12,6,chronos_2,38585.0,36285.0234375
778,2023-12,6,chronos_2,39027.0,39831.06640625
797,2023-12,6,chronos_2,30531.0,26543.416015625
801,2023-12,6,chronos_2,33872.0,31508.880859375
810,2023-12,6,chronos_2,24730.0,22662.8046875
812,2023-12,6,chronos_2,35259.0,35702.07421875
817,2023-12,6,chronos_2,23455.0,21372.841796875
825,2023-12,6,chronos_2,24263.0,23155.154296875
833,2023-12,6,chronos_2,23275.0,21272.255859375
847,2023-12,6,chronos_2,42180.0,37469.265625
859,2023-12,6,chronos_2,31284.0,27875.076171875
877,2023-12,6,chronos_2,27845.0,24063.3671875
880,2023-12,6,chronos_2,25731.0,24550.744140625
892,2023-12,6,chronos_2,36477.0,33664.828125
897,2023-12,6,chronos_2,32518.0,28645.62890625
899,2023-12,6,chronos_2,26427.0,24588.546875
904,2023-12,6,chronos_2,24218.0,21462.720703125
922,2023-12,6,chronos_2,21909.0,19325.36328125
926,2023-12,6,chronos_2,20986.0,18859.955078125
929,2023-12,6,chronos_2,19548.0,18015.8671875
987,2023-12,6,chronos_2,30336.0,28895.9921875
988,2023-12,6,chronos_2,35728.0,34985.1953125
989,2023-12,6,chronos_2,32280.0,31033.138671875
995,2023-12,6,chronos_2,26190.0,23441.66015625
999,2023-12,6,chronos_2,22471.0,20061.265625
1002,2023-12,6,chronos_2,23126.0,20658.251953125
1004,2023-12,6,chronos_2,25037.0,22612.681640625
1009,2023-12,6,chronos_2,30817.0,28293.888671875
1011,2023-12,6,chronos_2,25905.0,23817.578125
1014,2023-12,6,chronos_2,20046.0,18384.390625
1017,2023-12,6,chronos_2,22197.0,19883.50390625
1028,2023-12,6,chronos_2,20973.0,18222.353515625
1039,2023-12,6,chronos_2,27483.0,27014.888671875
1052,2023-12,6,chronos_2,26343.0,22343.431640625
1053,2023-12,6,chronos_2,25088.0,23412.10546875
1071,2023-12,6,chronos_2,31450.0,31243.126953125
1072,2023-12,6,chronos_2,28670.0,25432.62109375
1112,2023-12,6,chronos_2,27563.0,25461.69140625
1117,2023-12,6,chronos_2,35591.0,38641.0859375
1120,2023-12,6,chronos_2,24413.0,21536.458984375
1121,2023-12,6,chronos_2,22473.0,20185.06640625
1126,2023-12,6,chronos_2,21298.0,18382.099609375
1139,2023-12,6,chronos_2,31746.0,28908.94140625
1141,2023-12,6,chronos_2,39003.0,36807.08203125
1144,2023-12,6,chronos_2,25451.0,24010.853515625
1146,2023-12,6,chronos_2,26499.0,22376.662109375
1157,2023-12,6,chronos_2,34510.0,30495.947265625
1176,2023-12,6,chronos_2,40302.0,38624.22265625
1211,2023-12,6,chronos_2,27492.0,24813.748046875
1212,2023-12,6,chronos_2,31990.0,31581.58984375
1226,2023-12,6,chronos_2,33056.0,31208.291015625
1229,2023-12,6,chronos_2,33454.0,31796.1328125
1237,2023-12,6,chronos_2,29517.0,25693.548828125
1243,2023-12,6,chronos_2,36976.0,34782.58984375
1262,2023-12,6,chronos_2,24694.0,21082.900390625
1264,2023-12,6,chronos_2,20030.0,17749.654296875
1265,2023-12,6,chronos_2,21182.0,18755.96875
1267,2023-12,6,chronos_2,18420.0,16033.8583984375
1272,2023-12,6,chronos_2,21601.0,19272.2265625
1274,2023-12,6,chronos_2,20318.0,18065.306640625
1276,2023-12,6,chronos_2,19648.0,18999.3125
1287,2023-12,6,chronos_2,21302.0,20094.306640625
1305,2023-12,6,chronos_2,22558.0,24511.2109375
1313,2023-12,6,chronos_2,22167.0,18617.0390625
1327,2023-12,6,chronos_2,21168.0,19712.353515625
1330,2023-12,6,chronos_2,21657.0,19627.515625
1339,2023-12,6,chronos_2,16652.0,16870.208984375
1350,2023-12,6,chronos_2,18061.0,16315.52734375
1405,2023-12,6,chronos_2,38751.0,35044.0703125
1410,2023-12,6,chronos_2,37156.0,33554.53125
1425,2023-12,6,chronos_2,21201.0,19449.865234375
1429,2023-12,6,chronos_2,24430.0,22408.06640625
1438,2023-12,6,chronos_2,51713.0,50054.9453125
1465,2023-12,6,chronos_2,47251.0,48507.29296875
1468,2023-12,6,chronos_2,46720.0,46420.375
1477,2023-12,6,chronos_2,38631.0,39030.125
1486,2023-12,6,chronos_2,35183.0,32932.1796875
1489,2023-12,6,chronos_2,38401.0,36889.2265625
1523,2023-12,6,chronos_2,38910.0,38731.96875
1529,2023-12,6,chronos_2,25599.0,23346.470703125
1532,2023-12,6,chronos_2,25737.0,24428.740234375
1535,2023-12,6,chronos_2,24496.0,21613.73046875
1536,2023-12,6,chronos_2,25803.0,23370.505859375
1552,2023-12,6,chronos_2,22342.0,18989.52734375
1555,2023-12,6,chronos_2,26266.0,26196.7421875
1571,2023-12,6,chronos_2,26347.0,22202.353515625
1573,2023-12,6,chronos_2,25010.0,21805.412109375
1580,2023-12,6,chronos_2,23945.0,21998.015625
1604,2023-12,6,chronos_2,27234.0,25737.392578125
1605,2023-12,6,chronos_2,21891.0,21660.4765625
1606,2023-12,6,chronos_2,20318.0,18802.603515625
1607,2023-12,6,chronos_2,21299.0,20955.4921875
1610,2023-12,6,chronos_2,23236.0,21953.65234375
1611,2023-12,6,chronos_2,25734.0,23438.0
1612,2023-12,6,chronos_2,26553.0,23461.857421875
1615,2023-12,6,chronos_2,28695.0,25884.455078125
1617,2023-12,6,chronos_2,24451.0,23608.744140625
1618,2023-12,6,chronos_2,24795.0,23731.638671875
1635,2023-12,6,chronos_2,21082.0,18416.60546875
1640,2023-12,6,chronos_2,21417.0,19341.83203125
1644,2023-12,6,chronos_2,22423.0,20221.36328125
1654,2023-12,6,chronos_2,22622.0,20186.982421875
1662,2023-12,6,chronos_2,22894.0,19647.66015625
1663,2023-12,6,chronos_2,22945.0,20519.8515625
1701,2023-12,6,chronos_2,24592.0,21615.423828125
1702,2023-12,6,chronos_2,20100.0,18506.7265625
1707,2023-12,6,chronos_2,33252.0,32114.994140625
1718,2023-12,6,chronos_2,21600.0,21455.3515625
1725,2023-12,6,chronos_2,22462.0,19790.19921875
1738,2023-12,6,chronos_2,22234.0,20599.86328125
1744,2023-12,6,chronos_2,20438.0,17842.478515625
1751,2023-12,6,chronos_2,20009.0,17609.15625
1759,2023-12,6,chronos_2,22508.0,21246.96875
1762,2023-12,6,chronos_2,20483.0,18650.083984375
1775,2023-12,6,chronos_2,22440.0,20514.0234375
1777,2023-12,6,chronos_2,25019.0,22431.5390625
1853,2023-12,6,chronos_2,23020.0,21289.814453125
1854,2023-12,6,chronos_2,22201.0,20337.16015625
1856,2023-12,6,chronos_2,24235.0,21542.22265625
1860,2023-12,6,chronos_2,22139.0,19653.630859375
1863,2023-12,6,chronos_2,32489.0,31972.458984375
1865,2023-12,6,chronos_2,21544.0,20733.208984375
1870,2023-12,6,chronos_2,21816.0,20759.140625
1880,2023-12,6,chronos_2,27886.0,24805.5703125
1884,2023-12,6,chronos_2,25247.0,21045.349609375
1890,2023-12,6,chronos_2,36760.0,36995.53125
1909,2023-12,6,chronos_2,22169.0,20204.44921875
1912,2023-12,6,chronos_2,29161.0,26247.08984375
1924,2023-12,6,chronos_2,19605.0,17618.228515625
1929,2023-12,6,chronos_2,21091.0,19388.966796875
1933,2023-12,6,chronos_2,21457.0,19267.609375
1939,2023-12,6,chronos_2,21493.0,18733.9296875
1957,2023-12,6,chronos_2,42768.0,40510.8359375
1958,2023-12,6,chronos_2,58642.0,52295.0546875
1960,2023-12,6,chronos_2,35913.0,33921.28515625
1976,2023-12,6,chronos_2,31038.0,26858.021484375
1979,2023-12,6,chronos_2,40941.0,39189.95703125
1980,2023-12,6,chronos_2,30186.0,30202.4453125
1992,2023-12,6,chronos_2,29041.0,24798.193359375
1995,2023-12,6,chronos_2,30560.0,26888.6328125
2000,2023-12,6,chronos_2,37586.0,35402.5546875
2001,2023-12,6,chronos_2,31132.0,26450.318359375
2007,2023-12,6,chronos_2,26154.0,25273.625
2021,2023-12,6,chronos_2,28350.0,24530.705078125
2024,2023-12,6,chronos_2,31621.0,28997.271484375
2036,2023-12,6,chronos_2,27006.0,23311.763671875
2044,2023-12,6,chronos_2,35600.0,35500.8359375
2048,2023-12,6,chronos_2,32630.0,28592.2109375
2063,2023-12,6,chronos_2,36265.0,37861.32421875
2077,2023-12,6,chronos_2,23523.0,21420.892578125
2085,2023-12,6,chronos_2,20250.0,19891.240234375
2089,2023-12,6,chronos_2,21179.0,19740.591796875
2122,2023-12,6,chronos_2,26507.0,23077.046875
2142,2023-12,6,chronos_2,27931.0,25471.73046875
2144,2023-12,6,chronos_2,38810.0,36907.7109375
2155,2023-12,6,chronos_2,30742.0,26331.3125
2156,2023-12,6,chronos_2,25878.0,22134.982421875
2161,2023-12,6,chronos_2,40287.0,40921.796875
2176,2023-12,6,chronos_2,26991.0,23407.3203125
2187,2023-12,6,chronos_2,28197.0,25950.19140625
2194,2023-12,6,chronos_2,29832.0,27588.974609375
2196,2023-12,6,chronos_2,25501.0,23942.03515625
2208,2023-12,6,chronos_2,26704.0,26191.79296875
2232,2023-12,6,chronos_2,40428.0,34545.54296875
2259,2023-12,6,chronos_2,21008.0,18726.96484375
2265,2023-12,6,chronos_2,18560.0,18311.802734375
2269,2023-12,6,chronos_2,17309.0,16964.759765625
2274,2023-12,6,chronos_2,20885.0,18593.828125
2280,2023-12,6,chronos_2,32491.0,31274.17578125
2316,2023-12,6,chronos_2,25185.0,20156.32421875
2318,2023-12,6,chronos_2,38324.0,37011.41015625
2320,2023-12,6,chronos_2,32917.0,31638.0625
2324,2023-12,6,chronos_2,24375.0,22202.875
2343,2023-12,6,chronos_2,34750.0,31666.669921875
2345,2023-12,6,chronos_2,67206.0,55959.671875
2374,2023-12,6,chronos_2,50779.0,49406.39453125
2375,2023-12,6,chronos_2,50459.0,50469.8046875
2391,2023-12,6,chronos_2,43349.0,38977.125
2395,2023-12,6,chronos_2,38695.0,36899.98828125
2403,2023-12,6,chronos_2,44289.0,42555.98828125
2406,2023-12,6,chronos_2,47242.0,44002.41015625
2411,2023-12,6,chronos_2,46659.0,47226.78125
2426,2023-12,6,chronos_2,49585.0,50382.359375
2441,2023-12,6,chronos_2,58915.0,50135.40234375
2444,2023-12,6,chronos_2,65570.0,64274.0546875
2465,2023-12,6,chronos_2,44157.0,43695.94921875
2474,2023-12,6,chronos_2,47175.0,46578.515625
2490,2023-12,6,chronos_2,55587.0,56121.82421875
2495,2023-12,6,chronos_2,64334.0,63063.2109375
2498,2023-12,6,chronos_2,49825.0,48188.91015625
2500,2023-12,6,chronos_2,50612.0,50209.390625
2503,2023-12,6,chronos_2,60414.0,57453.65234375
2531,2023-12,6,chronos_2,54651.0,55105.83984375
2536,2023-12,6,chronos_2,62750.0,60474.5859375
2539,2023-12,6,chronos_2,56197.0,58763.84765625
2552,2023-12,6,chronos_2,48797.0,48539.1484375
2554,2023-12,6,chronos_2,45915.0,44591.34375
2555,2023-12,6,chronos_2,53155.0,52399.55078125
2556,2023-12,6,chronos_2,47749.0,47456.90625
2560,2023-12,6,chronos_2,52702.0,54218.78125
2582,2023-12,6,chronos_2,47573.0,46873.5625
2589,2023-12,6,chronos_2,63219.0,64198.80078125
2590,2023-12,6,chronos_2,52944.0,54358.8828125
2605,2023-12,6,chronos_2,60964.0,63297.6640625
2620,2023-12,6,chronos_2,36316.0,32964.8828125
2647,2023-12,6,chronos_2,33694.0,33578.97265625
12,2023-12,12,chronos_2,42595.0,29131.30078125
21,2023-12,12,chronos_2,42485.0,32897.234375
42,2023-12,12,chronos_2,33604.0,24553.8984375
48,2023-12,12,chronos_2,23697.0,19159.751953125
49,2023-12,12,chronos_2,27879.0,21253.7421875
57,2023-12,12,chronos_2,36757.0,27919.19921875
81,2023-12,12,chronos_2,32888.0,23327.685546875
225,2023-12,12,chronos_2,51020.0,37957.24609375
230,2023-12,12,chronos_2,35160.0,26032.775390625
239,2023-12,12,chronos_2,34191.0,26359.02734375
243,2023-12,12,chronos_2,31339.0,25578.26953125
280,2023-12,12,chronos_2,22732.0,16780.2265625
287,2023-12,12,chronos_2,21582.0,15783.1943359375
295,2023-12,12,chronos_2,26084.0,18909.80078125
298,2023-12,12,chronos_2,27377.0,19970.224609375
314,2023-12,12,chronos_2,42147.0,28844.421875
329,2023-12,12,chronos_2,42813.0,29690.283203125
337,2023-12,12,chronos_2,34005.0,25421.087890625
351,2023-12,12,chronos_2,32458.0,25070.908203125
355,2023-12,12,chronos_2,40376.0,30669.90234375
383,2023-12,12,chronos_2,25252.0,20082.638671875
384,2023-12,12,chronos_2,21030.0,16783.75
392,2023-12,12,chronos_2,27565.0,19311.41796875
410,2023-12,12,chronos_2,34776.0,21025.33984375
414,2023-12,12,chronos_2,28958.0,21323.208984375
432,2023-12,12,chronos_2,28334.0,20191.94921875
436,2023-12,12,chronos_2,22407.0,16683.43359375
438,2023-12,12,chronos_2,24718.0,17198.826171875
455,2023-12,12,chronos_2,37309.0,25110.552734375
485,2023-12,12,chronos_2,20469.0,14876.927734375
494,2023-12,12,chronos_2,20963.0,15568.017578125
504,2023-12,12,chronos_2,43606.0,32469.7265625
520,2023-12,12,chronos_2,22568.0,15894.7646484375
532,2023-12,12,chronos_2,25614.0,19222.955078125
534,2023-12,12,chronos_2,23921.0,18612.78515625
536,2023-12,12,chronos_2,24835.0,18996.79296875
541,2023-12,12,chronos_2,25584.0,18974.330078125
544,2023-12,12,chronos_2,24775.0,18495.056640625
550,2023-12,12,chronos_2,24347.0,17796.515625
556,2023-12,12,chronos_2,21935.0,15055.095703125
559,2023-12,12,chronos_2,28625.0,20149.986328125
562,2023-12,12,chronos_2,25222.0,19317.80078125
587,2023-12,12,chronos_2,38211.0,26584.021484375
608,2023-12,12,chronos_2,69451.0,52605.9296875
618,2023-12,12,chronos_2,63777.0,43901.99609375
670,2023-12,12,chronos_2,40287.0,27627.53125
683,2023-12,12,chronos_2,27144.0,20113.625
693,2023-12,12,chronos_2,43594.0,34634.8828125
706,2023-12,12,chronos_2,25979.0,19179.26171875
714,2023-12,12,chronos_2,30977.0,23912.01953125
727,2023-12,12,chronos_2,46941.0,34346.0703125
778,2023-12,12,chronos_2,47238.0,36965.87890625
797,2023-12,12,chronos_2,39155.0,26109.208984375
801,2023-12,12,chronos_2,41017.0,29899.2578125
810,2023-12,12,chronos_2,29457.0,21456.318359375
812,2023-12,12,chronos_2,43980.0,33054.98046875
817,2023-12,12,chronos_2,29563.0,19508.814453125
825,2023-12,12,chronos_2,30624.0,21427.07421875
833,2023-12,12,chronos_2,29295.0,19980.59765625
847,2023-12,12,chronos_2,49702.0,36681.10546875
859,2023-12,12,chronos_2,38568.0,25992.2578125
877,2023-12,12,chronos_2,30473.0,23734.85546875
880,2023-12,12,chronos_2,34251.0,23392.572265625
892,2023-12,12,chronos_2,42591.0,32152.896484375
897,2023-12,12,chronos_2,37333.0,27862.158203125
899,2023-12,12,chronos_2,30737.0,24262.294921875
904,2023-12,12,chronos_2,27151.0,21382.478515625
922,2023-12,12,chronos_2,25441.0,18935.3046875
926,2023-12,12,chronos_2,26404.0,18366.83984375
929,2023-12,12,chronos_2,24866.0,17574.71484375
987,2023-12,12,chronos_2,37413.0,27336.6875
988,2023-12,12,chronos_2,43359.0,33308.39453125
989,2023-12,12,chronos_2,39202.0,29483.734375
995,2023-12,12,chronos_2,31971.0,23227.056640625
999,2023-12,12,chronos_2,27374.0,19888.873046875
1002,2023-12,12,chronos_2,26807.0,20535.7421875
1004,2023-12,12,chronos_2,30538.0,22444.431640625
1009,2023-12,12,chronos_2,38789.0,26810.138671875
1011,2023-12,12,chronos_2,33142.0,22614.3203125
1014,2023-12,12,chronos_2,25149.0,18143.58984375
1017,2023-12,12,chronos_2,27633.0,19356.83203125
1028,2023-12,12,chronos_2,26675.0,18062.00390625
1039,2023-12,12,chronos_2,35345.0,24650.37109375
1052,2023-12,12,chronos_2,30575.0,22062.193359375
1053,2023-12,12,chronos_2,29338.0,23251.869140625
1071,2023-12,12,chronos_2,36598.0,29683.81640625
1072,2023-12,12,chronos_2,35161.0,25308.607421875
1112,2023-12,12,chronos_2,34128.0,24226.03515625
1117,2023-12,12,chronos_2,43086.0,36199.828125
1120,2023-12,12,chronos_2,29677.0,21350.416015625
1121,2023-12,12,chronos_2,25267.0,19661.373046875
1126,2023-12,12,chronos_2,24723.0,17926.939453125
1139,2023-12,12,chronos_2,36644.0,27138.28515625
1141,2023-12,12,chronos_2,44468.0,34895.02734375
1144,2023-12,12,chronos_2,30600.0,22625.275390625
1146,2023-12,12,chronos_2,27933.0,22352.447265625
1157,2023-12,12,chronos_2,37372.0,29403.603515625
1176,2023-12,12,chronos_2,48687.0,36201.4765625
1211,2023-12,12,chronos_2,35124.0,23974.501953125
1212,2023-12,12,chronos_2,40847.0,29007.98828125
1226,2023-12,12,chronos_2,39335.0,29299.044921875
1229,2023-12,12,chronos_2,39261.0,29940.474609375
1237,2023-12,12,chronos_2,34983.0,24976.9765625
1243,2023-12,12,chronos_2,40673.0,31727.26171875
1262,2023-12,12,chronos_2,28961.0,20960.689453125
1264,2023-12,12,chronos_2,23937.0,17567.595703125
1265,2023-12,12,chronos_2,23023.0,18513.072265625
1267,2023-12,12,chronos_2,20705.0,16058.609375
1272,2023-12,12,chronos_2,24430.0,19178.126953125
1274,2023-12,12,chronos_2,22847.0,17783.890625
1276,2023-12,12,chronos_2,22588.0,18719.228515625
1287,2023-12,12,chronos_2,24584.0,19976.2578125
1305,2023-12,12,chronos_2,30876.0,24039.85546875
1313,2023-12,12,chronos_2,24654.0,18129.482421875
1327,2023-12,12,chronos_2,25546.0,18883.140625
1330,2023-12,12,chronos_2,25279.0,19343.40625
1339,2023-12,12,chronos_2,22909.0,16670.29296875
1350,2023-12,12,chronos_2,21658.0,16121.021484375
1405,2023-12,12,chronos_2,46594.0,32723.21484375
1410,2023-12,12,chronos_2,46358.0,31522.123046875
1425,2023-12,12,chronos_2,25371.0,19310.435546875
1429,2023-12,12,chronos_2,31597.0,22073.951171875
1438,2023-12,12,chronos_2,70825.0,44850.21875
1465,2023-12,12,chronos_2,57432.0,46031.1953125
1468,2023-12,12,chronos_2,58259.0,43398.92578125
1477,2023-12,12,chronos_2,49666.0,36255.01953125
1486,2023-12,12,chronos_2,45617.0,30917.734375
1489,2023-12,12,chronos_2,47021.0,34541.40625
1523,2023-12,12,chronos_2,47006.0,37068.28125
1529,2023-12,12,chronos_2,28439.0,23199.06640625
1532,2023-12,12,chronos_2,33819.0,23528.470703125
1535,2023-12,12,chronos_2,29218.0,21243.26953125
1536,2023-12,12,chronos_2,31205.0,22921.64453125
1552,2023-12,12,chronos_2,26872.0,18704.140625
1555,2023-12,12,chronos_2,33875.0,24800.435546875
1571,2023-12,12,chronos_2,30890.0,21446.482421875
1573,2023-12,12,chronos_2,30528.0,20710.2421875
1580,2023-12,12,chronos_2,29297.0,21432.13671875
1604,2023-12,12,chronos_2,33426.0,23695.841796875
1605,2023-12,12,chronos_2,26504.0,20583.59765625
1606,2023-12,12,chronos_2,25586.0,17986.171875
1607,2023-12,12,chronos_2,25484.0,20049.83203125
1610,2023-12,12,chronos_2,26804.0,21192.833984375
1611,2023-12,12,chronos_2,31974.0,22439.2109375
1612,2023-12,12,chronos_2,31665.0,22921.591796875
1615,2023-12,12,chronos_2,34724.0,24306.75
1617,2023-12,12,chronos_2,29193.0,21710.21875
1618,2023-12,12,chronos_2,29526.0,22608.916015625
1635,2023-12,12,chronos_2,23472.0,18169.19921875
1640,2023-12,12,chronos_2,25217.0,18426.734375
1644,2023-12,12,chronos_2,26809.0,20017.646484375
1654,2023-12,12,chronos_2,27339.0,19493.45703125
1662,2023-12,12,chronos_2,27982.0,19055.529296875
1663,2023-12,12,chronos_2,25562.0,20064.208984375
1701,2023-12,12,chronos_2,27673.0,20721.55859375
1702,2023-12,12,chronos_2,21559.0,18047.88671875
1707,2023-12,12,chronos_2,40205.0,30332.8203125
1718,2023-12,12,chronos_2,26377.0,20703.23828125
1725,2023-12,12,chronos_2,24826.0,19279.109375
1738,2023-12,12,chronos_2,28894.0,19772.923828125
1744,2023-12,12,chronos_2,25133.0,17556.169921875
1751,2023-12,12,chronos_2,22624.0,17058.205078125
1759,2023-12,12,chronos_2,27670.0,20306.607421875
1762,2023-12,12,chronos_2,25473.0,18136.501953125
1775,2023-12,12,chronos_2,28903.0,20064.890625
1777,2023-12,12,chronos_2,29420.0,21849.7109375
1853,2023-12,12,chronos_2,28875.0,20936.330078125
1854,2023-12,12,chronos_2,28361.0,19708.359375
1856,2023-12,12,chronos_2,29197.0,21353.365234375
1860,2023-12,12,chronos_2,26422.0,19709.517578125
1863,2023-12,12,chronos_2,41185.0,29888.322265625
1865,2023-12,12,chronos_2,27786.0,19625.376953125
1870,2023-12,12,chronos_2,25332.0,19784.462890625
1880,2023-12,12,chronos_2,32910.0,23583.787109375
1884,2023-12,12,chronos_2,30196.0,20601.755859375
1890,2023-12,12,chronos_2,44374.0,35320.37109375
1909,2023-12,12,chronos_2,26630.0,19358.48046875
1912,2023-12,12,chronos_2,36758.0,24105.50390625
1924,2023-12,12,chronos_2,23131.0,17271.697265625
1929,2023-12,12,chronos_2,26589.0,19049.67578125
1933,2023-12,12,chronos_2,25738.0,18355.5234375
1939,2023-12,12,chronos_2,25779.0,18322.98046875
1957,2023-12,12,chronos_2,50707.0,39002.20703125
1958,2023-12,12,chronos_2,67604.0,49076.37890625
1960,2023-12,12,chronos_2,42532.0,33789.07421875
1976,2023-12,12,chronos_2,35283.0,26783.322265625
1979,2023-12,12,chronos_2,49004.0,37186.9765625
1980,2023-12,12,chronos_2,38023.0,28988.451171875
1992,2023-12,12,chronos_2,33505.0,24469.1953125
1995,2023-12,12,chronos_2,36191.0,25633.80859375
2000,2023-12,12,chronos_2,45958.0,33681.59765625
2001,2023-12,12,chronos_2,34992.0,26324.802734375
2007,2023-12,12,chronos_2,29744.0,25144.806640625
2021,2023-12,12,chronos_2,34014.0,24319.99609375
2024,2023-12,12,chronos_2,36740.0,27261.220703125
2036,2023-12,12,chronos_2,31285.0,22899.447265625
2044,2023-12,12,chronos_2,44379.0,33326.6015625
2048,2023-12,12,chronos_2,40985.0,27484.08203125
2063,2023-12,12,chronos_2,44475.0,35320.7421875
2077,2023-12,12,chronos_2,29166.0,20801.90234375
2085,2023-12,12,chronos_2,25797.0,18864.634765625
2089,2023-12,12,chronos_2,25495.0,19620.197265625
2122,2023-12,12,chronos_2,32297.0,22480.93359375
2142,2023-12,12,chronos_2,36627.0,23561.931640625
2144,2023-12,12,chronos_2,45996.0,34646.171875
2155,2023-12,12,chronos_2,35293.0,25831.3203125
2156,2023-12,12,chronos_2,30023.0,21952.83203125
2161,2023-12,12,chronos_2,46966.0,38536.3515625
2176,2023-12,12,chronos_2,30728.0,23192.603515625
2187,2023-12,12,chronos_2,35760.0,24891.953125
2194,2023-12,12,chronos_2,35735.0,26455.888671875
2196,2023-12,12,chronos_2,32067.0,22595.8984375
2208,2023-12,12,chronos_2,29742.0,24396.02734375
2232,2023-12,12,chronos_2,46210.0,32807.015625
2259,2023-12,12,chronos_2,23858.0,18321.548828125
2265,2023-12,12,chronos_2,22214.0,17915.916015625
2269,2023-12,12,chronos_2,21893.0,16744.697265625
2274,2023-12,12,chronos_2,26680.0,18120.02734375
2280,2023-12,12,chronos_2,39129.0,29447.87109375
2316,2023-12,12,chronos_2,32701.0,19901.6484375
2318,2023-12,12,chronos_2,45947.0,34883.2421875
2320,2023-12,12,chronos_2,39801.0,29715.04296875
2324,2023-12,12,chronos_2,29690.0,21996.666015625
2343,2023-12,12,chronos_2,41159.0,28505.208984375
2345,2023-12,12,chronos_2,75056.0,48905.56640625
2374,2023-12,12,chronos_2,59962.0,46812.07421875
2375,2023-12,12,chronos_2,58887.0,47692.80859375
2391,2023-12,12,chronos_2,49221.0,35918.5234375
2395,2023-12,12,chronos_2,45845.0,34886.6640625
2403,2023-12,12,chronos_2,53129.0,39625.9765625
2406,2023-12,12,chronos_2,56497.0,41234.1484375
2411,2023-12,12,chronos_2,56968.0,44825.54296875
2426,2023-12,12,chronos_2,58084.0,47415.66796875
2441,2023-12,12,chronos_2,70917.0,47692.03515625
2444,2023-12,12,chronos_2,79505.0,63741.703125
2465,2023-12,12,chronos_2,51374.0,41286.734375
2474,2023-12,12,chronos_2,56852.0,44255.91015625
2490,2023-12,12,chronos_2,68709.0,53252.4921875
2495,2023-12,12,chronos_2,78197.0,60331.30859375
2498,2023-12,12,chronos_2,60924.0,45746.140625
2500,2023-12,12,chronos_2,61151.0,47022.9140625
2503,2023-12,12,chronos_2,71895.0,53855.9375
2531,2023-12,12,chronos_2,66597.0,52505.41796875
2536,2023-12,12,chronos_2,76256.0,57670.13671875
2539,2023-12,12,chronos_2,67626.0,56649.83203125
2552,2023-12,12,chronos_2,58729.0,45160.47265625
2554,2023-12,12,chronos_2,55431.0,42300.14453125
2555,2023-12,12,chronos_2,64586.0,49889.08203125
2556,2023-12,12,chronos_2,58134.0,45140.6015625
2560,2023-12,12,chronos_2,62968.0,51874.94140625
2582,2023-12,12,chronos_2,57644.0,43906.59375
2589,2023-12,12,chronos_2,76742.0,60905.16796875
2590,2023-12,12,chronos_2,63598.0,51406.35546875
2605,2023-12,12,chronos_2,72779.0,60313.328125
2620,2023-12,12,chronos_2,43851.0,31229.61328125
2647,2023-12,12,chronos_2,42109.0,30985.22265625
12,2024-01,1,chronos_2,29870.0,26936.912109375
21,2024-01,1,chronos_2,33061.0,31727.744140625
42,2024-01,1,chronos_2,25252.0,24257.427734375
48,2024-01,1,chronos_2,19437.0,18773.41015625
49,2024-01,1,chronos_2,22531.0,21124.236328125
57,2024-01,1,chronos_2,28909.0,27845.904296875
81,2024-01,1,chronos_2,25046.0,23553.486328125
225,2024-01,1,chronos_2,38713.0,37140.29296875
230,2024-01,1,chronos_2,26903.0,24546.83203125
239,2024-01,1,chronos_2,27530.0,25274.412109375
243,2024-01,1,chronos_2,28062.0,24908.5625
280,2024-01,1,chronos_2,17527.0,16172.9130859375
287,2024-01,1,chronos_2,16312.0,15010.5244140625
295,2024-01,1,chronos_2,19454.0,18211.0390625
298,2024-01,1,chronos_2,20974.0,19391.119140625
314,2024-01,1,chronos_2,26754.0,25903.109375
329,2024-01,1,chronos_2,29550.0,27196.95703125
337,2024-01,1,chronos_2,24935.0,22535.591796875
351,2024-01,1,chronos_2,23962.0,22473.310546875
355,2024-01,1,chronos_2,30700.0,29577.990234375
383,2024-01,1,chronos_2,20216.0,19740.109375
384,2024-01,1,chronos_2,17092.0,16040.576171875
392,2024-01,1,chronos_2,19540.0,18594.951171875
410,2024-01,1,chronos_2,23269.0,21496.302734375
414,2024-01,1,chronos_2,19524.0,18303.41796875
432,2024-01,1,chronos_2,21376.0,19109.537109375
436,2024-01,1,chronos_2,17610.0,15868.8740234375
438,2024-01,1,chronos_2,17978.0,16530.994140625
455,2024-01,1,chronos_2,26041.0,23848.734375
485,2024-01,1,chronos_2,15820.0,14459.8525390625
494,2024-01,1,chronos_2,16267.0,14642.8095703125
504,2024-01,1,chronos_2,31510.0,29664.45703125
520,2024-01,1,chronos_2,16105.0,14946.22265625
532,2024-01,1,chronos_2,18528.0,17057.26171875
534,2024-01,1,chronos_2,18364.0,17514.005859375
536,2024-01,1,chronos_2,18046.0,16844.705078125
541,2024-01,1,chronos_2,17949.0,16710.615234375
544,2024-01,1,chronos_2,18915.0,17133.60546875
550,2024-01,1,chronos_2,18417.0,16996.189453125
556,2024-01,1,chronos_2,14581.0,14637.232421875
559,2024-01,1,chronos_2,19728.0,18839.044921875
562,2024-01,1,chronos_2,18792.0,17795.158203125
587,2024-01,1,chronos_2,26396.0,24586.927734375
608,2024-01,1,chronos_2,53043.0,50177.8046875
618,2024-01,1,chronos_2,43273.0,39121.046875
670,2024-01,1,chronos_2,28376.0,27708.185546875
683,2024-01,1,chronos_2,20870.0,19179.638671875
693,2024-01,1,chronos_2,33460.0,31786.611328125
706,2024-01,1,chronos_2,21310.0,18599.908203125
714,2024-01,1,chronos_2,25029.0,22731.419921875
727,2024-01,1,chronos_2,34570.0,32662.830078125
778,2024-01,1,chronos_2,36382.0,34753.2734375
797,2024-01,1,chronos_2,28646.0,25038.236328125
801,2024-01,1,chronos_2,31488.0,29126.55859375
810,2024-01,1,chronos_2,22277.0,21011.67578125
812,2024-01,1,chronos_2,32214.0,30418.529296875
817,2024-01,1,chronos_2,22039.0,19958.181640625
825,2024-01,1,chronos_2,22865.0,20990.146484375
833,2024-01,1,chronos_2,21798.0,19501.4140625
847,2024-01,1,chronos_2,38774.0,35553.4921875
859,2024-01,1,chronos_2,26428.0,24479.8359375
877,2024-01,1,chronos_2,23906.0,21991.142578125
880,2024-01,1,chronos_2,23788.0,21520.9765625
892,2024-01,1,chronos_2,31187.0,29972.431640625
897,2024-01,1,chronos_2,28103.0,26529.21484375
899,2024-01,1,chronos_2,24292.0,23264.8671875
904,2024-01,1,chronos_2,21808.0,19471.560546875
922,2024-01,1,chronos_2,19181.0,18106.900390625
926,2024-01,1,chronos_2,19506.0,17291.12109375
929,2024-01,1,chronos_2,18291.0,17236.224609375
987,2024-01,1,chronos_2,27606.0,25817.265625
988,2024-01,1,chronos_2,32523.0,30306.625
989,2024-01,1,chronos_2,29487.0,27882.919921875
995,2024-01,1,chronos_2,24669.0,22232.783203125
999,2024-01,1,chronos_2,21692.0,19088.408203125
1002,2024-01,1,chronos_2,22041.0,20103.5
1004,2024-01,1,chronos_2,22786.0,20973.35546875
1009,2024-01,1,chronos_2,28237.0,26095.076171875
1011,2024-01,1,chronos_2,23421.0,21646.255859375
1014,2024-01,1,chronos_2,18527.0,16982.654296875
1017,2024-01,1,chronos_2,20382.0,18672.189453125
1028,2024-01,1,chronos_2,19070.0,17262.158203125
1039,2024-01,1,chronos_2,25415.0,23240.623046875
1052,2024-01,1,chronos_2,22061.0,20978.8984375
1053,2024-01,1,chronos_2,23856.0,22352.642578125
1071,2024-01,1,chronos_2,28498.0,26591.68359375
1072,2024-01,1,chronos_2,25371.0,23791.06640625
1112,2024-01,1,chronos_2,24807.0,22816.373046875
1117,2024-01,1,chronos_2,32122.0,29522.482421875
1120,2024-01,1,chronos_2,22453.0,20001.8359375
1121,2024-01,1,chronos_2,20113.0,18083.7109375
1126,2024-01,1,chronos_2,19673.0,17816.755859375
1139,2024-01,1,chronos_2,27876.0,24430.640625
1141,2024-01,1,chronos_2,34492.0,32757.3984375
1144,2024-01,1,chronos_2,23174.0,21023.232421875
1146,2024-01,1,chronos_2,23334.0,20377.072265625
1157,2024-01,1,chronos_2,29353.0,27511.794921875
1176,2024-01,1,chronos_2,36454.0,34484.15234375
1211,2024-01,1,chronos_2,25145.0,23945.3984375
1212,2024-01,1,chronos_2,30212.0,28949.115234375
1226,2024-01,1,chronos_2,28896.0,28186.65234375
1229,2024-01,1,chronos_2,29457.0,28730.37890625
1237,2024-01,1,chronos_2,24042.0,23571.26171875
1243,2024-01,1,chronos_2,31797.0,30383.462890625
1262,2024-01,1,chronos_2,22365.0,20718.47265625
1264,2024-01,1,chronos_2,18651.0,17198.765625
1265,2024-01,1,chronos_2,17808.0,17296.189453125
1267,2024-01,1,chronos_2,17375.0,14835.3818359375
1272,2024-01,1,chronos_2,19351.0,18383.814453125
1274,2024-01,1,chronos_2,17938.0,16608.650390625
1276,2024-01,1,chronos_2,18777.0,17820.705078125
1287,2024-01,1,chronos_2,20556.0,18915.40625
1305,2024-01,1,chronos_2,26028.0,24172.845703125
1313,2024-01,1,chronos_2,19027.0,17080.685546875
1327,2024-01,1,chronos_2,18851.0,16909.9140625
1330,2024-01,1,chronos_2,19116.0,18870.015625
1339,2024-01,1,chronos_2,17720.0,15853.7275390625
1350,2024-01,1,chronos_2,16255.0,15071.4560546875
1405,2024-01,1,chronos_2,33130.0,31000.11328125
1410,2024-01,1,chronos_2,34587.0,32284.064453125
1425,2024-01,1,chronos_2,17787.0,17929.525390625
1429,2024-01,1,chronos_2,22767.0,21634.03125
1438,2024-01,1,chronos_2,43858.0,46682.86328125
1465,2024-01,1,chronos_2,42483.0,39853.76171875
1468,2024-01,1,chronos_2,42049.0,39011.33203125
1477,2024-01,1,chronos_2,34578.0,32200.693359375
1486,2024-01,1,chronos_2,31425.0,29192.994140625
1489,2024-01,1,chronos_2,33433.0,30878.701171875
1523,2024-01,1,chronos_2,34952.0,33102.73046875
1529,2024-01,1,chronos_2,23151.0,21622.052734375
1532,2024-01,1,chronos_2,23618.0,22151.919921875
1535,2024-01,1,chronos_2,21160.0,19895.375
1536,2024-01,1,chronos_2,23299.0,21633.357421875
1552,2024-01,1,chronos_2,19706.0,17564.623046875
1555,2024-01,1,chronos_2,24086.0,22726.03125
1571,2024-01,1,chronos_2,22681.0,20278.876953125
1573,2024-01,1,chronos_2,22026.0,19361.30078125
1580,2024-01,1,chronos_2,22192.0,19751.5703125
1604,2024-01,1,chronos_2,24241.0,21841.587890625
1605,2024-01,1,chronos_2,20530.0,18787.625
1606,2024-01,1,chronos_2,17574.0,17195.580078125
1607,2024-01,1,chronos_2,19444.0,18749.701171875
1610,2024-01,1,chronos_2,21295.0,19531.287109375
1611,2024-01,1,chronos_2,22386.0,21492.150390625
1612,2024-01,1,chronos_2,23822.0,22125.947265625
1615,2024-01,1,chronos_2,25099.0,23815.3203125
1617,2024-01,1,chronos_2,21645.0,20794.5
1618,2024-01,1,chronos_2,21704.0,20893.109375
1635,2024-01,1,chronos_2,17765.0,17356.939453125
1640,2024-01,1,chronos_2,18665.0,17993.02734375
1644,2024-01,1,chronos_2,20586.0,19209.12109375
1654,2024-01,1,chronos_2,19099.0,18978.435546875
1662,2024-01,1,chronos_2,19787.0,18900.525390625
1663,2024-01,1,chronos_2,20513.0,19268.056640625
1701,2024-01,1,chronos_2,22148.0,19397.33984375
1702,2024-01,1,chronos_2,19685.0,17232.82421875
1707,2024-01,1,chronos_2,29748.0,28052.884765625
1718,2024-01,1,chronos_2,21530.0,19580.48828125
1725,2024-01,1,chronos_2,20131.0,18361.2890625
1738,2024-01,1,chronos_2,22168.0,19144.4375
1744,2024-01,1,chronos_2,19059.0,17525.728515625
1751,2024-01,1,chronos_2,17946.0,16548.943359375
1759,2024-01,1,chronos_2,21775.0,20392.640625
1762,2024-01,1,chronos_2,19518.0,18007.505859375
1775,2024-01,1,chronos_2,20527.0,19303.498046875
1777,2024-01,1,chronos_2,22223.0,20180.69140625
1853,2024-01,1,chronos_2,21606.0,19826.4609375
1854,2024-01,1,chronos_2,20577.0,18371.337890625
1856,2024-01,1,chronos_2,22465.0,20730.09765625
1860,2024-01,1,chronos_2,21049.0,17954.26171875
1863,2024-01,1,chronos_2,29749.0,27696.166015625
1865,2024-01,1,chronos_2,20771.0,18207.9921875
1870,2024-01,1,chronos_2,19973.0,17799.375
1880,2024-01,1,chronos_2,23749.0,22664.859375
1884,2024-01,1,chronos_2,21607.0,19750.68359375
1890,2024-01,1,chronos_2,32791.0,30462.45703125
1909,2024-01,1,chronos_2,20362.0,18887.96484375
1912,2024-01,1,chronos_2,25357.0,23036.7578125
1924,2024-01,1,chronos_2,18921.0,16971.869140625
1929,2024-01,1,chronos_2,20151.0,18256.380859375
1933,2024-01,1,chronos_2,19943.0,17773.646484375
1939,2024-01,1,chronos_2,19304.0,17746.2578125
1957,2024-01,1,chronos_2,39871.0,35779.6328125
1958,2024-01,1,chronos_2,50018.0,46737.6953125
1960,2024-01,1,chronos_2,31744.0,29634.84765625
1976,2024-01,1,chronos_2,27345.0,26539.27734375
1979,2024-01,1,chronos_2,37185.0,35513.6640625
1980,2024-01,1,chronos_2,28752.0,27822.80078125
1992,2024-01,1,chronos_2,25525.0,24138.291015625
1995,2024-01,1,chronos_2,27009.0,25365.412109375
2000,2024-01,1,chronos_2,33378.0,31794.400390625
2001,2024-01,1,chronos_2,27603.0,26197.84765625
2007,2024-01,1,chronos_2,24235.0,23204.279296875
2021,2024-01,1,chronos_2,24928.0,23233.154296875
2024,2024-01,1,chronos_2,28811.0,27279.23046875
2036,2024-01,1,chronos_2,23165.0,21799.5625
2044,2024-01,1,chronos_2,32529.0,30264.150390625
2048,2024-01,1,chronos_2,28936.0,26307.822265625
2063,2024-01,1,chronos_2,32652.0,30492.642578125
2077,2024-01,1,chronos_2,22083.0,20959.212890625
2085,2024-01,1,chronos_2,19580.0,19223.431640625
2089,2024-01,1,chronos_2,19055.0,17990.0
2122,2024-01,1,chronos_2,24259.0,22155.474609375
2142,2024-01,1,chronos_2,25232.0,23150.63671875
2144,2024-01,1,chronos_2,34261.0,32470.255859375
2155,2024-01,1,chronos_2,27344.0,25105.3359375
2156,2024-01,1,chronos_2,22276.0,20831.78515625
2161,2024-01,1,chronos_2,35992.0,33834.12890625
2176,2024-01,1,chronos_2,22775.0,21716.76953125
2187,2024-01,1,chronos_2,26098.0,23808.828125
2194,2024-01,1,chronos_2,26644.0,25684.212890625
2196,2024-01,1,chronos_2,22085.0,20998.85546875
2208,2024-01,1,chronos_2,24808.0,23459.404296875
2232,2024-01,1,chronos_2,34068.0,32317.8984375
2259,2024-01,1,chronos_2,18804.0,17505.865234375
2265,2024-01,1,chronos_2,17981.0,16768.771484375
2269,2024-01,1,chronos_2,17038.0,16022.0791015625
2274,2024-01,1,chronos_2,18905.0,17333.26171875
2280,2024-01,1,chronos_2,29004.0,27077.716796875
2316,2024-01,1,chronos_2,21511.0,19416.263671875
2318,2024-01,1,chronos_2,34785.0,33294.91015625
2320,2024-01,1,chronos_2,30086.0,28360.591796875
2324,2024-01,1,chronos_2,22536.0,21631.353515625
2343,2024-01,1,chronos_2,32500.0,29646.28125
2345,2024-01,1,chronos_2,49823.0,45440.296875
2374,2024-01,1,chronos_2,45892.0,43628.9375
2375,2024-01,1,chronos_2,45990.0,43736.2421875
2391,2024-01,1,chronos_2,37864.0,35906.2109375
2395,2024-01,1,chronos_2,34569.0,33222.1484375
2403,2024-01,1,chronos_2,39280.0,37490.5390625
2406,2024-01,1,chronos_2,41187.0,39860.8046875
2411,2024-01,1,chronos_2,42421.0,40434.23046875
2426,2024-01,1,chronos_2,45712.0,43343.15625
2441,2024-01,1,chronos_2,49424.0,48408.61328125
2444,2024-01,1,chronos_2,57430.0,54380.58203125
2465,2024-01,1,chronos_2,39257.0,36773.86328125
2474,2024-01,1,chronos_2,41987.0,39382.82421875
2490,2024-01,1,chronos_2,50372.0,47534.3984375
2495,2024-01,1,chronos_2,56985.0,53555.875
2498,2024-01,1,chronos_2,43910.0,41630.72265625
2500,2024-01,1,chronos_2,45030.0,42249.45703125
2503,2024-01,1,chronos_2,52758.0,50144.69140625
2531,2024-01,1,chronos_2,49554.0,46939.75
2536,2024-01,1,chronos_2,55317.0,52616.90625
2539,2024-01,1,chronos_2,50820.0,47455.98828125
2552,2024-01,1,chronos_2,43070.0,40807.4140625
2554,2024-01,1,chronos_2,40794.0,38631.6640625
2555,2024-01,1,chronos_2,46680.0,44080.6328125
2556,2024-01,1,chronos_2,42668.0,40480.96484375
2560,2024-01,1,chronos_2,47907.0,44887.95703125
2582,2024-01,1,chronos_2,42306.0,39439.38671875
2589,2024-01,1,chronos_2,56590.0,53845.30859375
2590,2024-01,1,chronos_2,48320.0,45283.33984375
2605,2024-01,1,chronos_2,54694.0,51888.53515625
2620,2024-01,1,chronos_2,32366.0,31089.802734375
2647,2024-01,1,chronos_2,31611.0,30055.31640625
12,2024-01,3,chronos_2,33292.0,26713.5625
21,2024-01,3,chronos_2,35833.0,31731.8125
42,2024-01,3,chronos_2,26865.0,24282.818359375
48,2024-01,3,chronos_2,20472.0,18829.783203125
49,2024-01,3,chronos_2,23926.0,21157.740234375
57,2024-01,3,chronos_2,31497.0,27839.43359375
81,2024-01,3,chronos_2,26475.0,23576.541015625
225,2024-01,3,chronos_2,44804.0,37343.42578125
230,2024-01,3,chronos_2,27576.0,24885.0390625
239,2024-01,3,chronos_2,30016.0,25504.2734375
243,2024-01,3,chronos_2,28596.0,25082.193359375
280,2024-01,3,chronos_2,20111.0,16201.5751953125
287,2024-01,3,chronos_2,17167.0,15129.94140625
295,2024-01,3,chronos_2,21179.0,18240.60546875
298,2024-01,3,chronos_2,22716.0,19466.09765625
314,2024-01,3,chronos_2,30666.0,26454.205078125
329,2024-01,3,chronos_2,31369.0,27464.412109375
337,2024-01,3,chronos_2,27803.0,23191.853515625
351,2024-01,3,chronos_2,25475.0,22332.66796875
355,2024-01,3,chronos_2,33085.0,29428.6953125
383,2024-01,3,chronos_2,21912.0,19726.388671875
384,2024-01,3,chronos_2,18214.0,16110.1142578125
392,2024-01,3,chronos_2,21847.0,18717.876953125
410,2024-01,3,chronos_2,24983.0,21575.4296875
414,2024-01,3,chronos_2,22075.0,18690.708984375
432,2024-01,3,chronos_2,23563.0,19505.1015625
436,2024-01,3,chronos_2,18724.0,16116.9140625
438,2024-01,3,chronos_2,19343.0,16625.5078125
455,2024-01,3,chronos_2,27446.0,24172.693359375
485,2024-01,3,chronos_2,16623.0,14505.931640625
494,2024-01,3,chronos_2,16992.0,14800.1923828125
504,2024-01,3,chronos_2,34510.0,29580.177734375
520,2024-01,3,chronos_2,18952.0,15195.7060546875
532,2024-01,3,chronos_2,21320.0,17434.990234375
534,2024-01,3,chronos_2,19728.0,17739.396484375
536,2024-01,3,chronos_2,20403.0,17176.349609375
541,2024-01,3,chronos_2,20694.0,16926.279296875
544,2024-01,3,chronos_2,20917.0,17309.001953125
550,2024-01,3,chronos_2,19006.0,17180.873046875
556,2024-01,3,chronos_2,17408.0,14755.4404296875
559,2024-01,3,chronos_2,21602.0,19126.240234375
562,2024-01,3,chronos_2,21033.0,18067.0625
587,2024-01,3,chronos_2,29309.0,24723.099609375
608,2024-01,3,chronos_2,56967.0,50456.31640625
618,2024-01,3,chronos_2,46806.0,38478.203125
670,2024-01,3,chronos_2,29210.0,27720.0703125
683,2024-01,3,chronos_2,22183.0,19329.0078125
693,2024-01,3,chronos_2,34586.0,31477.287109375
706,2024-01,3,chronos_2,22128.0,18622.00390625
714,2024-01,3,chronos_2,26538.0,22915.2890625
727,2024-01,3,chronos_2,37471.0,32736.32421875
778,2024-01,3,chronos_2,39149.0,34522.66015625
797,2024-01,3,chronos_2,28611.0,25389.6796875
801,2024-01,3,chronos_2,33967.0,29199.76171875
810,2024-01,3,chronos_2,24141.0,21056.626953125
812,2024-01,3,chronos_2,34367.0,30194.98828125
817,2024-01,3,chronos_2,23074.0,20022.8125
825,2024-01,3,chronos_2,23874.0,21032.830078125
833,2024-01,3,chronos_2,23449.0,19785.326171875
847,2024-01,3,chronos_2,41379.0,35857.59375
859,2024-01,3,chronos_2,28975.0,24760.609375
877,2024-01,3,chronos_2,25536.0,22643.501953125
880,2024-01,3,chronos_2,24010.0,21989.18359375
892,2024-01,3,chronos_2,34168.0,30117.43359375
897,2024-01,3,chronos_2,31124.0,26788.80859375
899,2024-01,3,chronos_2,27296.0,23448.6171875
904,2024-01,3,chronos_2,22915.0,19881.970703125
922,2024-01,3,chronos_2,21747.0,18243.146484375
926,2024-01,3,chronos_2,20153.0,17582.71484375
929,2024-01,3,chronos_2,19322.0,17322.28125
987,2024-01,3,chronos_2,29560.0,25733.013671875
988,2024-01,3,chronos_2,34759.0,30240.21484375
989,2024-01,3,chronos_2,31567.0,27827.90234375
995,2024-01,3,chronos_2,26673.0,22427.51953125
999,2024-01,3,chronos_2,23011.0,19334.47265625
1002,2024-01,3,chronos_2,22397.0,20160.19921875
1004,2024-01,3,chronos_2,24288.0,21399.1328125
1009,2024-01,3,chronos_2,30593.0,26191.689453125
1011,2024-01,3,chronos_2,24934.0,21776.6328125
1014,2024-01,3,chronos_2,19067.0,17185.400390625
1017,2024-01,3,chronos_2,22181.0,18876.97265625
1028,2024-01,3,chronos_2,19875.0,17482.701171875
1039,2024-01,3,chronos_2,27553.0,23302.181640625
1052,2024-01,3,chronos_2,25692.0,21247.033203125
1053,2024-01,3,chronos_2,25638.0,22477.119140625
1071,2024-01,3,chronos_2,30949.0,26557.900390625
1072,2024-01,3,chronos_2,27789.0,24163.201171875
1112,2024-01,3,chronos_2,27051.0,22903.611328125
1117,2024-01,3,chronos_2,34770.0,29382.466796875
1120,2024-01,3,chronos_2,23367.0,20117.486328125
1121,2024-01,3,chronos_2,21041.0,18457.005859375
1126,2024-01,3,chronos_2,20532.0,17867.169921875
1139,2024-01,3,chronos_2,30272.0,24695.01953125
1141,2024-01,3,chronos_2,37459.0,32719.49609375
1144,2024-01,3,chronos_2,24026.0,21340.935546875
1146,2024-01,3,chronos_2,24966.0,20620.728515625
1157,2024-01,3,chronos_2,32499.0,27656.458984375
1176,2024-01,3,chronos_2,39273.0,34429.6171875
1211,2024-01,3,chronos_2,27764.0,24054.81640625
1212,2024-01,3,chronos_2,31437.0,28936.880859375
1226,2024-01,3,chronos_2,32286.0,28062.015625
1229,2024-01,3,chronos_2,32523.0,28626.658203125
1237,2024-01,3,chronos_2,27905.0,23661.986328125
1243,2024-01,3,chronos_2,35540.0,30068.001953125
1262,2024-01,3,chronos_2,24524.0,20763.33984375
1264,2024-01,3,chronos_2,19443.0,17240.35546875
1265,2024-01,3,chronos_2,20465.0,17591.927734375
1267,2024-01,3,chronos_2,18647.0,14905.708984375
1272,2024-01,3,chronos_2,21912.0,18544.89453125
1274,2024-01,3,chronos_2,19618.0,16808.650390625
1276,2024-01,3,chronos_2,19550.0,17945.796875
1287,2024-01,3,chronos_2,21458.0,19071.763671875
1305,2024-01,3,chronos_2,27404.0,24171.9765625
1313,2024-01,3,chronos_2,21890.0,17425.1875
1327,2024-01,3,chronos_2,20973.0,17020.708984375
1330,2024-01,3,chronos_2,22085.0,18929.79296875
1339,2024-01,3,chronos_2,16954.0,16017.12890625
1350,2024-01,3,chronos_2,17674.0,15356.84375
1405,2024-01,3,chronos_2,35982.0,30890.4375
1410,2024-01,3,chronos_2,37018.0,32204.099609375
1425,2024-01,3,chronos_2,21096.0,18200.19921875
1429,2024-01,3,chronos_2,24883.0,21711.111328125
1438,2024-01,3,chronos_2,45550.0,46310.23828125
1465,2024-01,3,chronos_2,45853.0,39575.8828125
1468,2024-01,3,chronos_2,45353.0,38788.1796875
1477,2024-01,3,chronos_2,37297.0,32040.974609375
1486,2024-01,3,chronos_2,34949.0,29364.962890625
1489,2024-01,3,chronos_2,36767.0,30799.724609375
1523,2024-01,3,chronos_2,37677.0,32990.35546875
1529,2024-01,3,chronos_2,24850.0,21836.03125
1532,2024-01,3,chronos_2,25209.0,22402.265625
1535,2024-01,3,chronos_2,22844.0,20270.47265625
1536,2024-01,3,chronos_2,24186.0,21925.3359375
1552,2024-01,3,chronos_2,21039.0,17898.744140625
1555,2024-01,3,chronos_2,25312.0,22879.818359375
1571,2024-01,3,chronos_2,25447.0,20431.03515625
1573,2024-01,3,chronos_2,23522.0,19580.283203125
1580,2024-01,3,chronos_2,23577.0,20360.978515625
1604,2024-01,3,chronos_2,26200.0,21812.134765625
1605,2024-01,3,chronos_2,21717.0,18829.978515625
1606,2024-01,3,chronos_2,19845.0,17305.447265625
1607,2024-01,3,chronos_2,20409.0,18851.90625
1610,2024-01,3,chronos_2,22321.0,19624.384765625
1611,2024-01,3,chronos_2,23900.0,21611.306640625
1612,2024-01,3,chronos_2,24975.0,22312.134765625
1615,2024-01,3,chronos_2,27189.0,23823.609375
1617,2024-01,3,chronos_2,23567.0,20607.513671875
1618,2024-01,3,chronos_2,24491.0,21008.125
1635,2024-01,3,chronos_2,20602.0,17471.517578125
1640,2024-01,3,chronos_2,20571.0,18268.06640625
1644,2024-01,3,chronos_2,22778.0,19297.53125
1654,2024-01,3,chronos_2,21138.0,19098.314453125
1662,2024-01,3,chronos_2,20810.0,18866.25
1663,2024-01,3,chronos_2,22344.0,19417.048828125
1701,2024-01,3,chronos_2,22854.0,19715.8671875
1702,2024-01,3,chronos_2,20082.0,17527.958984375
1707,2024-01,3,chronos_2,32071.0,28048.12890625
1718,2024-01,3,chronos_2,22183.0,19649.59375
1725,2024-01,3,chronos_2,21632.0,18513.126953125
1738,2024-01,3,chronos_2,21880.0,19285.091796875
1744,2024-01,3,chronos_2,20920.0,17494.818359375
1751,2024-01,3,chronos_2,19343.0,16674.466796875
1759,2024-01,3,chronos_2,22575.0,20447.37890625
1762,2024-01,3,chronos_2,20026.0,18018.759765625
1775,2024-01,3,chronos_2,22598.0,19524.642578125
1777,2024-01,3,chronos_2,24399.0,20577.76171875
1853,2024-01,3,chronos_2,22619.0,20119.828125
1854,2024-01,3,chronos_2,22287.0,18644.076171875
1856,2024-01,3,chronos_2,24422.0,20945.6328125
1860,2024-01,3,chronos_2,23122.0,18114.2421875
1863,2024-01,3,chronos_2,31616.0,27760.994140625
1865,2024-01,3,chronos_2,20728.0,18462.4140625
1870,2024-01,3,chronos_2,20447.0,18251.845703125
1880,2024-01,3,chronos_2,26960.0,22790.9453125
1884,2024-01,3,chronos_2,23525.0,19957.7421875
1890,2024-01,3,chronos_2,35793.0,30267.658203125
1909,2024-01,3,chronos_2,21938.0,18989.90625
1912,2024-01,3,chronos_2,27772.0,23324.861328125
1924,2024-01,3,chronos_2,18751.0,17044.865234375
1929,2024-01,3,chronos_2,21178.0,18482.662109375
1933,2024-01,3,chronos_2,22044.0,17925.78125
1939,2024-01,3,chronos_2,20417.0,17915.251953125
1957,2024-01,3,chronos_2,40636.0,36429.94140625
1958,2024-01,3,chronos_2,53506.0,47390.5703125
1960,2024-01,3,chronos_2,35366.0,30172.0625
1976,2024-01,3,chronos_2,30686.0,26555.416015625
1979,2024-01,3,chronos_2,40004.0,35392.296875
1980,2024-01,3,chronos_2,30185.0,28194.13671875
1992,2024-01,3,chronos_2,29020.0,24141.42578125
1995,2024-01,3,chronos_2,29430.0,25390.611328125
2000,2024-01,3,chronos_2,36254.0,31723.49609375
2001,2024-01,3,chronos_2,29991.0,26167.732421875
2007,2024-01,3,chronos_2,26636.0,23606.71875
2021,2024-01,3,chronos_2,27065.0,23488.7734375
2024,2024-01,3,chronos_2,30259.0,27201.302734375
2036,2024-01,3,chronos_2,25800.0,22017.40625
2044,2024-01,3,chronos_2,34820.0,30185.240234375
2048,2024-01,3,chronos_2,31892.0,26622.63671875
2063,2024-01,3,chronos_2,35328.0,30100.607421875
2077,2024-01,3,chronos_2,23220.0,20948.271484375
2085,2024-01,3,chronos_2,20691.0,19250.8046875
2089,2024-01,3,chronos_2,21835.0,18379.751953125
2122,2024-01,3,chronos_2,25278.0,22288.009765625
2142,2024-01,3,chronos_2,26993.0,23232.0234375
2144,2024-01,3,chronos_2,36888.0,32346.33203125
2155,2024-01,3,chronos_2,28570.0,25259.923828125
2156,2024-01,3,chronos_2,23164.0,21104.580078125
2161,2024-01,3,chronos_2,38554.0,33346.953125
2176,2024-01,3,chronos_2,26569.0,22084.025390625
2187,2024-01,3,chronos_2,28763.0,24019.751953125
2194,2024-01,3,chronos_2,29063.0,25785.748046875
2196,2024-01,3,chronos_2,25005.0,21338.92578125
2208,2024-01,3,chronos_2,27246.0,23462.3984375
2232,2024-01,3,chronos_2,37762.0,32486.306640625
2259,2024-01,3,chronos_2,20890.0,17668.267578125
2265,2024-01,3,chronos_2,18086.0,16982.1875
2269,2024-01,3,chronos_2,18682.0,16101.49609375
2274,2024-01,3,chronos_2,20669.0,17550.130859375
2280,2024-01,3,chronos_2,31332.0,26934.103515625
2316,2024-01,3,chronos_2,22894.0,19484.134765625
2318,2024-01,3,chronos_2,37592.0,33282.06640625
2320,2024-01,3,chronos_2,32202.0,28416.11328125
2324,2024-01,3,chronos_2,24856.0,21703.732421875
2343,2024-01,3,chronos_2,33884.0,29474.23046875
2345,2024-01,3,chronos_2,56144.0,46105.4921875
2374,2024-01,3,chronos_2,49267.0,43400.5078125
2375,2024-01,3,chronos_2,49768.0,43583.359375
2391,2024-01,3,chronos_2,39972.0,35673.875
2395,2024-01,3,chronos_2,37720.0,32948.0546875
2403,2024-01,3,chronos_2,42196.0,37289.09375
2406,2024-01,3,chronos_2,44854.0,39677.28515625
2411,2024-01,3,chronos_2,45871.0,39873.1328125
2426,2024-01,3,chronos_2,49419.0,43062.125
2441,2024-01,3,chronos_2,55447.0,48359.21484375
2444,2024-01,3,chronos_2,63708.0,53811.7578125
2465,2024-01,3,chronos_2,42784.0,36797.8125
2474,2024-01,3,chronos_2,46223.0,39333.76953125
2490,2024-01,3,chronos_2,55119.0,47385.17578125
2495,2024-01,3,chronos_2,62338.0,53369.2109375
2498,2024-01,3,chronos_2,48166.0,41594.66796875
2500,2024-01,3,chronos_2,49674.0,42069.19140625
2503,2024-01,3,chronos_2,58424.0,49906.7578125
2531,2024-01,3,chronos_2,54129.0,46829.01171875
2536,2024-01,3,chronos_2,61615.0,52548.98828125
2539,2024-01,3,chronos_2,54923.0,46790.09375
2552,2024-01,3,chronos_2,47151.0,40519.375
2554,2024-01,3,chronos_2,44648.0,38605.015625
2555,2024-01,3,chronos_2,51694.0,43858.8984375
2556,2024-01,3,chronos_2,46662.0,40385.4609375
2560,2024-01,3,chronos_2,51778.0,44748.6484375
2582,2024-01,3,chronos_2,46549.0,39287.6796875
2589,2024-01,3,chronos_2,62044.0,53744.453125
2590,2024-01,3,chronos_2,52241.0,45101.63671875
2605,2024-01,3,chronos_2,59421.0,51435.62109375
2620,2024-01,3,chronos_2,34971.0,31148.935546875
2647,2024-01,3,chronos_2,33292.0,29985.125
12,2024-01,6,chronos_2,37008.0,26115.255859375
21,2024-01,6,chronos_2,36788.0,31291.580078125
42,2024-01,6,chronos_2,28285.0,23934.73828125
48,2024-01,6,chronos_2,21097.0,18813.505859375
49,2024-01,6,chronos_2,24384.0,21106.986328125
57,2024-01,6,chronos_2,31766.0,27539.955078125
81,2024-01,6,chronos_2,27257.0,23343.302734375
225,2024-01,6,chronos_2,52057.0,37175.29296875
230,2024-01,6,chronos_2,31776.0,24902.771484375
239,2024-01,6,chronos_2,32380.0,25580.30859375
243,2024-01,6,chronos_2,31679.0,24983.517578125
280,2024-01,6,chronos_2,20258.0,16243.9599609375
287,2024-01,6,chronos_2,17870.0,15155.990234375
295,2024-01,6,chronos_2,23072.0,18151.84765625
298,2024-01,6,chronos_2,23494.0,19465.5546875
314,2024-01,6,chronos_2,34536.0,26347.849609375
329,2024-01,6,chronos_2,32919.0,27144.35546875
337,2024-01,6,chronos_2,29693.0,23300.68359375
351,2024-01,6,chronos_2,27914.0,21808.08203125
355,2024-01,6,chronos_2,34902.0,28843.6640625
383,2024-01,6,chronos_2,22831.0,19737.619140625
384,2024-01,6,chronos_2,19023.0,16155.06640625
392,2024-01,6,chronos_2,23032.0,18733.12109375
410,2024-01,6,chronos_2,26830.0,21051.078125
414,2024-01,6,chronos_2,25370.0,18536.470703125
432,2024-01,6,chronos_2,23549.0,19538.783203125
436,2024-01,6,chronos_2,19315.0,16134.5546875
438,2024-01,6,chronos_2,20995.0,16659.5
455,2024-01,6,chronos_2,30880.0,24192.5625
485,2024-01,6,chronos_2,17550.0,14521.5302734375
494,2024-01,6,chronos_2,19013.0,14880.9951171875
504,2024-01,6,chronos_2,36669.0,29142.65625
520,2024-01,6,chronos_2,19222.0,15225.5947265625
532,2024-01,6,chronos_2,22870.0,17389.767578125
534,2024-01,6,chronos_2,22389.0,17745.203125
536,2024-01,6,chronos_2,22563.0,17115.89453125
541,2024-01,6,chronos_2,22715.0,16792.689453125
544,2024-01,6,chronos_2,23202.0,17169.91796875
550,2024-01,6,chronos_2,21547.0,17149.619140625
556,2024-01,6,chronos_2,17905.0,14740.0283203125
559,2024-01,6,chronos_2,22930.0,19110.171875
562,2024-01,6,chronos_2,23401.0,18017.962890625
587,2024-01,6,chronos_2,30167.0,24432.271484375
608,2024-01,6,chronos_2,61431.0,50073.20703125
618,2024-01,6,chronos_2,54600.0,38227.015625
670,2024-01,6,chronos_2,33209.0,27539.271484375
683,2024-01,6,chronos_2,22516.0,19360.43359375
693,2024-01,6,chronos_2,38665.0,30801.28125
706,2024-01,6,chronos_2,22647.0,18708.458984375
714,2024-01,6,chronos_2,28325.0,22885.4921875
727,2024-01,6,chronos_2,39208.0,32363.06640625
778,2024-01,6,chronos_2,41033.0,33963.0703125
797,2024-01,6,chronos_2,29683.0,25425.33203125
801,2024-01,6,chronos_2,36778.0,28831.212890625
810,2024-01,6,chronos_2,25717.0,20758.666015625
812,2024-01,6,chronos_2,36507.0,29547.794921875
817,2024-01,6,chronos_2,24059.0,19758.017578125
825,2024-01,6,chronos_2,24652.0,20672.603515625
833,2024-01,6,chronos_2,24350.0,19577.435546875
847,2024-01,6,chronos_2,44974.0,35763.32421875
859,2024-01,6,chronos_2,33965.0,24610.9140625
877,2024-01,6,chronos_2,25761.0,22721.158203125
880,2024-01,6,chronos_2,25481.0,21919.677734375
892,2024-01,6,chronos_2,37411.0,30042.197265625
897,2024-01,6,chronos_2,32881.0,26729.33203125
899,2024-01,6,chronos_2,26736.0,23496.94140625
904,2024-01,6,chronos_2,24593.0,20005.26953125
922,2024-01,6,chronos_2,21981.0,18249.8515625
926,2024-01,6,chronos_2,21029.0,17550.58203125
929,2024-01,6,chronos_2,19466.0,17291.912109375
987,2024-01,6,chronos_2,31279.0,25367.10546875
988,2024-01,6,chronos_2,36276.0,29792.169921875
989,2024-01,6,chronos_2,32999.0,27428.07421875
995,2024-01,6,chronos_2,26415.0,22499.212890625
999,2024-01,6,chronos_2,23327.0,19402.6328125
1002,2024-01,6,chronos_2,22575.0,20191.998046875
1004,2024-01,6,chronos_2,25338.0,21487.95703125
1009,2024-01,6,chronos_2,31420.0,25899.6484375
1011,2024-01,6,chronos_2,26610.0,21654.328125
1014,2024-01,6,chronos_2,19581.0,17233.177734375
1017,2024-01,6,chronos_2,22043.0,18895.0390625
1028,2024-01,6,chronos_2,22020.0,17521.90625
1039,2024-01,6,chronos_2,27953.0,22923.013671875
1052,2024-01,6,chronos_2,26700.0,21285.880859375
1053,2024-01,6,chronos_2,24419.0,22560.890625
1071,2024-01,6,chronos_2,31923.0,26342.744140625
1072,2024-01,6,chronos_2,29455.0,24254.009765625
1112,2024-01,6,chronos_2,28238.0,22711.716796875
1117,2024-01,6,chronos_2,37487.0,28548.7265625
1120,2024-01,6,chronos_2,24532.0,20235.439453125
1121,2024-01,6,chronos_2,21563.0,18480.48828125
1126,2024-01,6,chronos_2,21829.0,17818.869140625
1139,2024-01,6,chronos_2,32676.0,24464.943359375
1141,2024-01,6,chronos_2,40065.0,32451.380859375
1144,2024-01,6,chronos_2,26094.0,21351.91015625
1146,2024-01,6,chronos_2,25934.0,20810.990234375
1157,2024-01,6,chronos_2,35729.0,27596.16796875
1176,2024-01,6,chronos_2,41951.0,33985.7109375
1211,2024-01,6,chronos_2,28982.0,23944.431640625
1212,2024-01,6,chronos_2,33177.0,28396.732421875
1226,2024-01,6,chronos_2,33891.0,27526.060546875
1229,2024-01,6,chronos_2,34723.0,28078.46484375
1237,2024-01,6,chronos_2,31090.0,23575.595703125
1243,2024-01,6,chronos_2,37711.0,29418.263671875
1262,2024-01,6,chronos_2,24819.0,20778.77734375
1264,2024-01,6,chronos_2,21022.0,17220.32421875
1265,2024-01,6,chronos_2,22418.0,17646.349609375
1267,2024-01,6,chronos_2,19066.0,14987.9423828125
1272,2024-01,6,chronos_2,21958.0,18567.498046875
1274,2024-01,6,chronos_2,21233.0,16856.60546875
1276,2024-01,6,chronos_2,19632.0,18025.119140625
1287,2024-01,6,chronos_2,22693.0,19140.705078125
1305,2024-01,6,chronos_2,21597.0,24109.751953125
1313,2024-01,6,chronos_2,22910.0,17383.603515625
1327,2024-01,6,chronos_2,21863.0,16925.16796875
1330,2024-01,6,chronos_2,21792.0,18914.01171875
1339,2024-01,6,chronos_2,17975.0,16010.060546875
1350,2024-01,6,chronos_2,17700.0,15399.6708984375
1405,2024-01,6,chronos_2,39155.0,30482.54296875
1410,2024-01,6,chronos_2,38587.0,31636.3671875
1425,2024-01,6,chronos_2,20831.0,18249.93359375
1429,2024-01,6,chronos_2,25179.0,21703.474609375
1438,2024-01,6,chronos_2,57553.0,45178.5
1465,2024-01,6,chronos_2,48373.0,38788.03515625
1468,2024-01,6,chronos_2,48074.0,38069.0234375
1477,2024-01,6,chronos_2,39473.0,31482.76953125
1486,2024-01,6,chronos_2,37739.0,29075.14453125
1489,2024-01,6,chronos_2,39699.0,30410.83984375
1523,2024-01,6,chronos_2,40050.0,32528.8046875
1529,2024-01,6,chronos_2,25593.0,21995.783203125
1532,2024-01,6,chronos_2,26090.0,22377.3203125
1535,2024-01,6,chronos_2,25202.0,20303.58984375
1536,2024-01,6,chronos_2,27320.0,21945.92578125
1552,2024-01,6,chronos_2,22174.0,17913.076171875
1555,2024-01,6,chronos_2,27268.0,22774.017578125
1571,2024-01,6,chronos_2,27755.0,20325.666015625
1573,2024-01,6,chronos_2,26491.0,19511.8984375
1580,2024-01,6,chronos_2,24650.0,20445.4765625
1604,2024-01,6,chronos_2,28048.0,21432.375
1605,2024-01,6,chronos_2,23792.0,18682.380859375
1606,2024-01,6,chronos_2,21463.0,17187.76171875
1607,2024-01,6,chronos_2,21802.0,18690.12890625
1610,2024-01,6,chronos_2,24222.0,19501.900390625
1611,2024-01,6,chronos_2,26935.0,21571.947265625
1612,2024-01,6,chronos_2,27058.0,22278.357421875
1615,2024-01,6,chronos_2,29674.0,23411.474609375
1617,2024-01,6,chronos_2,25745.0,20281.146484375
1618,2024-01,6,chronos_2,25580.0,20905.6015625
1635,2024-01,6,chronos_2,22497.0,17531.177734375
1640,2024-01,6,chronos_2,21301.0,18196.697265625
1644,2024-01,6,chronos_2,21650.0,19310.06640625
1654,2024-01,6,chronos_2,23706.0,19052.2578125
1662,2024-01,6,chronos_2,25113.0,18809.8515625
1663,2024-01,6,chronos_2,23286.0,19387.076171875
1701,2024-01,6,chronos_2,25296.0,19711.0546875
1702,2024-01,6,chronos_2,19166.0,17655.0859375
1707,2024-01,6,chronos_2,34527.0,27707.6640625
1718,2024-01,6,chronos_2,24003.0,19603.42578125
1725,2024-01,6,chronos_2,22388.0,18537.818359375
1738,2024-01,6,chronos_2,23337.0,19222.578125
1744,2024-01,6,chronos_2,19851.0,17484.6015625
1751,2024-01,6,chronos_2,18859.0,16716.291015625
1759,2024-01,6,chronos_2,22776.0,20344.689453125
1762,2024-01,6,chronos_2,21802.0,18007.1171875
1775,2024-01,6,chronos_2,24761.0,19526.79296875
1777,2024-01,6,chronos_2,25491.0,20617.48046875
1853,2024-01,6,chronos_2,24580.0,20154.166015625
1854,2024-01,6,chronos_2,22379.0,18744.48828125
1856,2024-01,6,chronos_2,25003.0,20972.076171875
1860,2024-01,6,chronos_2,24451.0,18213.30078125
1863,2024-01,6,chronos_2,33568.0,27466.447265625
1865,2024-01,6,chronos_2,22940.0,18467.1328125
1870,2024-01,6,chronos_2,21768.0,18222.8359375
1880,2024-01,6,chronos_2,28257.0,22579.59375
1884,2024-01,6,chronos_2,24616.0,19865.71484375
1890,2024-01,6,chronos_2,37212.0,29640.998046875
1909,2024-01,6,chronos_2,22946.0,18933.396484375
1912,2024-01,6,chronos_2,28346.0,23033.638671875
1924,2024-01,6,chronos_2,20206.0,17021.326171875
1929,2024-01,6,chronos_2,21507.0,18485.97265625
1933,2024-01,6,chronos_2,21359.0,17907.955078125
1939,2024-01,6,chronos_2,21305.0,17925.146484375
1957,2024-01,6,chronos_2,44258.0,36583.2890625
1958,2024-01,6,chronos_2,63026.0,46590.140625
1960,2024-01,6,chronos_2,36254.0,30594.9765625
1976,2024-01,6,chronos_2,31567.0,26600.068359375
1979,2024-01,6,chronos_2,41650.0,34862.28515625
1980,2024-01,6,chronos_2,31110.0,28122.673828125
1992,2024-01,6,chronos_2,28120.0,24229.322265625
1995,2024-01,6,chronos_2,30786.0,25081.869140625
2000,2024-01,6,chronos_2,37965.0,31338.361328125
2001,2024-01,6,chronos_2,30787.0,26177.96875
2007,2024-01,6,chronos_2,26797.0,23803.888671875
2021,2024-01,6,chronos_2,28743.0,23537.82421875
2024,2024-01,6,chronos_2,32681.0,26752.150390625
2036,2024-01,6,chronos_2,27527.0,22072.748046875
2044,2024-01,6,chronos_2,36710.0,29755.703125
2048,2024-01,6,chronos_2,33541.0,26559.828125
2063,2024-01,6,chronos_2,37294.0,29306.302734375
2077,2024-01,6,chronos_2,24089.0,20867.6796875
2085,2024-01,6,chronos_2,21369.0,19034.3828125
2089,2024-01,6,chronos_2,21892.0,18582.21875
2122,2024-01,6,chronos_2,28197.0,22189.802734375
2142,2024-01,6,chronos_2,28991.0,22888.162109375
2144,2024-01,6,chronos_2,39650.0,31881.3125
2155,2024-01,6,chronos_2,31078.0,25227.48046875
2156,2024-01,6,chronos_2,25046.0,21145.412109375
2161,2024-01,6,chronos_2,40838.0,32451.943359375
2176,2024-01,6,chronos_2,27956.0,22254.435546875
2187,2024-01,6,chronos_2,30107.0,23907.162109375
2194,2024-01,6,chronos_2,30154.0,25658.37890625
2196,2024-01,6,chronos_2,25441.0,21252.41796875
2208,2024-01,6,chronos_2,27943.0,23227.26953125
2232,2024-01,6,chronos_2,40496.0,32203.810546875
2259,2024-01,6,chronos_2,21037.0,17680.14453125
2265,2024-01,6,chronos_2,18361.0,16943.427734375
2269,2024-01,6,chronos_2,17328.0,16135.294921875
2274,2024-01,6,chronos_2,21072.0,17537.265625
2280,2024-01,6,chronos_2,33246.0,26430.50390625
2316,2024-01,6,chronos_2,24957.0,19496.7890625
2318,2024-01,6,chronos_2,39385.0,32828.36328125
2320,2024-01,6,chronos_2,33944.0,28121.78125
2324,2024-01,6,chronos_2,25746.0,21733.107421875
2343,2024-01,6,chronos_2,35342.0,28830.078125
2345,2024-01,6,chronos_2,80952.0,46414.8828125
2374,2024-01,6,chronos_2,51102.0,42790.07421875
2375,2024-01,6,chronos_2,50684.0,43018.328125
2391,2024-01,6,chronos_2,43363.0,35173.890625
2395,2024-01,6,chronos_2,38546.0,32294.294921875
2403,2024-01,6,chronos_2,44701.0,36750.5703125
2406,2024-01,6,chronos_2,47369.0,39185.5625
2411,2024-01,6,chronos_2,47821.0,38895.640625
2426,2024-01,6,chronos_2,49909.0,42326.0078125
2441,2024-01,6,chronos_2,60506.0,47786.05078125
2444,2024-01,6,chronos_2,66077.0,52688.07421875
2465,2024-01,6,chronos_2,45440.0,36395.8984375
2474,2024-01,6,chronos_2,47904.0,38781.25390625
2490,2024-01,6,chronos_2,57220.0,46600.62890625
2495,2024-01,6,chronos_2,66044.0,52469.33203125
2498,2024-01,6,chronos_2,51075.0,41106.84375
2500,2024-01,6,chronos_2,51946.0,41310.3203125
2503,2024-01,6,chronos_2,61525.0,49013.16796875
2531,2024-01,6,chronos_2,56005.0,46268.58203125
2536,2024-01,6,chronos_2,64701.0,51781.08984375
2539,2024-01,6,chronos_2,58450.0,45341.140625
2552,2024-01,6,chronos_2,49482.0,39699.14453125
2554,2024-01,6,chronos_2,47565.0,38076.97265625
2555,2024-01,6,chronos_2,54182.0,43121.5078125
2556,2024-01,6,chronos_2,49227.0,39862.015625
2560,2024-01,6,chronos_2,54024.0,44046.36328125
2582,2024-01,6,chronos_2,48513.0,38672.21484375
2589,2024-01,6,chronos_2,64746.0,52889.07421875
2590,2024-01,6,chronos_2,54391.0,44248.4921875
2605,2024-01,6,chronos_2,61663.0,50230.64453125
2620,2024-01,6,chronos_2,36379.0,30825.142578125
2647,2024-01,6,chronos_2,34222.0,29470.216796875
12,2024-02,1,chronos_2,33542.0,29018.611328125
21,2024-02,1,chronos_2,36705.0,32868.32421875
42,2024-02,1,chronos_2,28087.0,25052.54296875
48,2024-02,1,chronos_2,21158.0,19011.07421875
49,2024-02,1,chronos_2,25620.0,21608.20703125
57,2024-02,1,chronos_2,32314.0,28762.451171875
81,2024-02,1,chronos_2,26978.0,24563.810546875
225,2024-02,1,chronos_2,44222.0,38368.3359375
230,2024-02,1,chronos_2,29145.0,25829.990234375
239,2024-02,1,chronos_2,30334.0,26532.55078125
243,2024-02,1,chronos_2,31718.0,26066.015625
280,2024-02,1,chronos_2,20352.0,16897.1796875
287,2024-02,1,chronos_2,17333.0,15542.9208984375
295,2024-02,1,chronos_2,21570.0,18974.298828125
298,2024-02,1,chronos_2,22729.0,20068.5625
314,2024-02,1,chronos_2,30231.0,26185.546875
329,2024-02,1,chronos_2,32719.0,28284.5546875
337,2024-02,1,chronos_2,28493.0,24242.107421875
351,2024-02,1,chronos_2,26228.0,23721.806640625
355,2024-02,1,chronos_2,33968.0,30585.548828125
383,2024-02,1,chronos_2,22505.0,19909.509765625
384,2024-02,1,chronos_2,18606.0,16687.650390625
392,2024-02,1,chronos_2,21512.0,19179.0625
410,2024-02,1,chronos_2,27737.0,22854.84375
414,2024-02,1,chronos_2,21612.0,19160.267578125
432,2024-02,1,chronos_2,23574.0,20236.6640625
436,2024-02,1,chronos_2,18629.0,16715.169921875
438,2024-02,1,chronos_2,19382.0,17130.490234375
455,2024-02,1,chronos_2,28979.0,25249.318359375
485,2024-02,1,chronos_2,16688.0,15013.5810546875
494,2024-02,1,chronos_2,17935.0,15434.97265625
504,2024-02,1,chronos_2,35300.0,31132.998046875
520,2024-02,1,chronos_2,18281.0,15718.23046875
532,2024-02,1,chronos_2,20960.0,18288.544921875
534,2024-02,1,chronos_2,19659.0,18147.08203125
536,2024-02,1,chronos_2,20868.0,17831.33984375
541,2024-02,1,chronos_2,20343.0,17597.177734375
544,2024-02,1,chronos_2,20448.0,18284.94140625
550,2024-02,1,chronos_2,20135.0,17752.064453125
556,2024-02,1,chronos_2,16225.0,14776.025390625
559,2024-02,1,chronos_2,21766.0,19504.189453125
562,2024-02,1,chronos_2,20810.0,18549.509765625
587,2024-02,1,chronos_2,29588.0,26060.62109375
608,2024-02,1,chronos_2,58152.0,52186.6796875
618,2024-02,1,chronos_2,47388.0,41313.859375
670,2024-02,1,chronos_2,30354.0,28202.30859375
683,2024-02,1,chronos_2,23261.0,19837.669921875
693,2024-02,1,chronos_2,36133.0,33048.1171875
706,2024-02,1,chronos_2,22012.0,19885.080078125
714,2024-02,1,chronos_2,26895.0,24067.29296875
727,2024-02,1,chronos_2,38291.0,34175.4609375
778,2024-02,1,chronos_2,40747.0,35799.32421875
797,2024-02,1,chronos_2,29855.0,26386.287109375
801,2024-02,1,chronos_2,34292.0,30722.1484375
810,2024-02,1,chronos_2,24069.0,22025.279296875
812,2024-02,1,chronos_2,35132.0,31911.46484375
817,2024-02,1,chronos_2,24021.0,21570.07421875
825,2024-02,1,chronos_2,24297.0,22477.275390625
833,2024-02,1,chronos_2,23060.0,21032.681640625
847,2024-02,1,chronos_2,42598.0,37206.2734375
859,2024-02,1,chronos_2,28490.0,25464.755859375
877,2024-02,1,chronos_2,25719.0,23525.572265625
880,2024-02,1,chronos_2,25495.0,23108.919921875
892,2024-02,1,chronos_2,35246.0,30762.640625
897,2024-02,1,chronos_2,31819.0,27542.771484375
899,2024-02,1,chronos_2,26795.0,23838.23828125
904,2024-02,1,chronos_2,23883.0,21023.86328125
922,2024-02,1,chronos_2,20799.0,18674.32421875
926,2024-02,1,chronos_2,19960.0,18514.84375
929,2024-02,1,chronos_2,19420.0,17797.4140625
987,2024-02,1,chronos_2,30504.0,27154.59375
988,2024-02,1,chronos_2,35865.0,32082.462890625
989,2024-02,1,chronos_2,32464.0,29184.58984375
995,2024-02,1,chronos_2,27123.0,23221.7421875
999,2024-02,1,chronos_2,22720.0,20073.623046875
1002,2024-02,1,chronos_2,22713.0,20685.677734375
1004,2024-02,1,chronos_2,24380.0,22204.150390625
1009,2024-02,1,chronos_2,31246.0,27664.3515625
1011,2024-02,1,chronos_2,25522.0,22761.646484375
1014,2024-02,1,chronos_2,18179.0,17778.486328125
1017,2024-02,1,chronos_2,21427.0,19492.470703125
1028,2024-02,1,chronos_2,20768.0,18082.392578125
1039,2024-02,1,chronos_2,27836.0,24994.048828125
1052,2024-02,1,chronos_2,25919.0,21733.08203125
1053,2024-02,1,chronos_2,25033.0,23221.43359375
1071,2024-02,1,chronos_2,31655.0,27995.0703125
1072,2024-02,1,chronos_2,28122.0,24940.314453125
1112,2024-02,1,chronos_2,27511.0,24260.890625
1117,2024-02,1,chronos_2,35822.0,31757.423828125
1120,2024-02,1,chronos_2,25244.0,21013.384765625
1121,2024-02,1,chronos_2,20733.0,19317.400390625
1126,2024-02,1,chronos_2,21045.0,18745.552734375
1139,2024-02,1,chronos_2,30013.0,26854.294921875
1141,2024-02,1,chronos_2,38154.0,33918.3359375
1144,2024-02,1,chronos_2,24360.0,22499.259765625
1146,2024-02,1,chronos_2,25560.0,21991.033203125
1157,2024-02,1,chronos_2,32677.0,28740.888671875
1176,2024-02,1,chronos_2,40038.0,36125.234375
1211,2024-02,1,chronos_2,28367.0,24818.04296875
1212,2024-02,1,chronos_2,32298.0,30141.224609375
1226,2024-02,1,chronos_2,32835.0,28779.736328125
1229,2024-02,1,chronos_2,33083.0,29377.4375
1237,2024-02,1,chronos_2,28527.0,23893.705078125
1243,2024-02,1,chronos_2,35996.0,31494.302734375
1262,2024-02,1,chronos_2,24895.0,21211.16796875
1264,2024-02,1,chronos_2,20031.0,17745.9140625
1265,2024-02,1,chronos_2,20352.0,17823.134765625
1267,2024-02,1,chronos_2,17625.0,15602.0947265625
1272,2024-02,1,chronos_2,21605.0,18936.5859375
1274,2024-02,1,chronos_2,19892.0,17424.099609375
1276,2024-02,1,chronos_2,19598.0,18310.205078125
1287,2024-02,1,chronos_2,22131.0,19739.03125
1305,2024-02,1,chronos_2,27922.0,25050.603515625
1313,2024-02,1,chronos_2,21342.0,18259.853515625
1327,2024-02,1,chronos_2,20199.0,18239.76171875
1330,2024-02,1,chronos_2,22381.0,19011.125
1339,2024-02,1,chronos_2,18785.0,16662.201171875
1350,2024-02,1,chronos_2,18029.0,15926.0
1405,2024-02,1,chronos_2,35995.0,32385.1328125
1410,2024-02,1,chronos_2,37728.0,34252.6640625
1425,2024-02,1,chronos_2,19820.0,18319.3359375
1429,2024-02,1,chronos_2,24991.0,22143.30859375
1438,2024-02,1,chronos_2,46928.0,44328.47265625
1465,2024-02,1,chronos_2,46872.0,41984.0078125
1468,2024-02,1,chronos_2,46507.0,41457.859375
1477,2024-02,1,chronos_2,37792.0,33972.08203125
1486,2024-02,1,chronos_2,34408.0,30836.515625
1489,2024-02,1,chronos_2,36469.0,32719.6640625
1523,2024-02,1,chronos_2,38863.0,34568.6953125
1529,2024-02,1,chronos_2,25341.0,22690.578125
1532,2024-02,1,chronos_2,25544.0,23097.228515625
1535,2024-02,1,chronos_2,23779.0,20889.7109375
1536,2024-02,1,chronos_2,25497.0,22712.279296875
1552,2024-02,1,chronos_2,22034.0,18817.505859375
1555,2024-02,1,chronos_2,26110.0,23677.9765625
1571,2024-02,1,chronos_2,24997.0,21620.5703125
1573,2024-02,1,chronos_2,23478.0,20912.080078125
1580,2024-02,1,chronos_2,23784.0,21411.62890625
1604,2024-02,1,chronos_2,26218.0,23541.3984375
1605,2024-02,1,chronos_2,21807.0,19864.1328125
1606,2024-02,1,chronos_2,19690.0,17377.923828125
1607,2024-02,1,chronos_2,21196.0,19212.474609375
1610,2024-02,1,chronos_2,22705.0,20618.5546875
1611,2024-02,1,chronos_2,24594.0,22118.19140625
1612,2024-02,1,chronos_2,25841.0,23036.3671875
1615,2024-02,1,chronos_2,27520.0,24827.19921875
1617,2024-02,1,chronos_2,24202.0,21302.796875
1618,2024-02,1,chronos_2,24122.0,21411.095703125
1635,2024-02,1,chronos_2,20998.0,17555.27734375
1640,2024-02,1,chronos_2,21673.0,18626.20703125
1644,2024-02,1,chronos_2,22457.0,19662.095703125
1654,2024-02,1,chronos_2,21830.0,18964.470703125
1662,2024-02,1,chronos_2,23045.0,19343.6875
1663,2024-02,1,chronos_2,22562.0,19989.1015625
1701,2024-02,1,chronos_2,24671.0,20942.775390625
1702,2024-02,1,chronos_2,19498.0,18673.263671875
1707,2024-02,1,chronos_2,32856.0,29339.197265625
1718,2024-02,1,chronos_2,21403.0,20508.216796875
1725,2024-02,1,chronos_2,22209.0,19136.009765625
1738,2024-02,1,chronos_2,23775.0,20993.439453125
1744,2024-02,1,chronos_2,20470.0,18175.40625
1751,2024-02,1,chronos_2,20181.0,17116.48828125
1759,2024-02,1,chronos_2,23825.0,21287.666015625
1762,2024-02,1,chronos_2,21175.0,18875.318359375
1775,2024-02,1,chronos_2,24118.0,20051.544921875
1777,2024-02,1,chronos_2,24651.0,21652.396484375
1853,2024-02,1,chronos_2,23683.0,20788.92578125
1854,2024-02,1,chronos_2,22295.0,19478.201171875
1856,2024-02,1,chronos_2,24573.0,21455.021484375
1860,2024-02,1,chronos_2,21224.0,19248.08203125
1863,2024-02,1,chronos_2,33107.0,29108.671875
1865,2024-02,1,chronos_2,22012.0,19703.9921875
1870,2024-02,1,chronos_2,21605.0,19369.095703125
1880,2024-02,1,chronos_2,27390.0,23584.076171875
1884,2024-02,1,chronos_2,23936.0,20860.318359375
1890,2024-02,1,chronos_2,36696.0,32343.3359375
1909,2024-02,1,chronos_2,21738.0,19745.55078125
1912,2024-02,1,chronos_2,28094.0,24952.736328125
1924,2024-02,1,chronos_2,18649.0,17677.171875
1929,2024-02,1,chronos_2,21531.0,19102.876953125
1933,2024-02,1,chronos_2,21693.0,18769.76171875
1939,2024-02,1,chronos_2,20992.0,18505.85546875
1957,2024-02,1,chronos_2,43369.0,38492.12109375
1958,2024-02,1,chronos_2,55930.0,49650.78515625
1960,2024-02,1,chronos_2,35004.0,31156.603515625
1976,2024-02,1,chronos_2,30830.0,26901.7578125
1979,2024-02,1,chronos_2,41040.0,36929.578125
1980,2024-02,1,chronos_2,30347.0,28713.517578125
1992,2024-02,1,chronos_2,28629.0,24649.39453125
1995,2024-02,1,chronos_2,29705.0,26462.181640625
2000,2024-02,1,chronos_2,37690.0,33045.13671875
2001,2024-02,1,chronos_2,30967.0,26828.931640625
2007,2024-02,1,chronos_2,26814.0,24199.013671875
2021,2024-02,1,chronos_2,27144.0,24109.857421875
2024,2024-02,1,chronos_2,32282.0,28343.654296875
2036,2024-02,1,chronos_2,26668.0,22611.27734375
2044,2024-02,1,chronos_2,36083.0,32089.16796875
2048,2024-02,1,chronos_2,32012.0,27939.009765625
2063,2024-02,1,chronos_2,36170.0,32214.380859375
2077,2024-02,1,chronos_2,24326.0,21586.513671875
2085,2024-02,1,chronos_2,21263.0,19691.19140625
2089,2024-02,1,chronos_2,20531.0,19073.837890625
2122,2024-02,1,chronos_2,27005.0,23025.16015625
2142,2024-02,1,chronos_2,27874.0,24672.158203125
2144,2024-02,1,chronos_2,37891.0,33889.1796875
2155,2024-02,1,chronos_2,30146.0,26135.369140625
2156,2024-02,1,chronos_2,23564.0,21680.462890625
2161,2024-02,1,chronos_2,39628.0,35553.68359375
2176,2024-02,1,chronos_2,26425.0,22572.6484375
2187,2024-02,1,chronos_2,27745.0,25410.669921875
2194,2024-02,1,chronos_2,29660.0,26130.205078125
2196,2024-02,1,chronos_2,26342.0,21829.107421875
2208,2024-02,1,chronos_2,27435.0,24008.470703125
2232,2024-02,1,chronos_2,39252.0,33612.484375
2259,2024-02,1,chronos_2,20519.0,18106.6640625
2265,2024-02,1,chronos_2,17973.0,17592.412109375
2269,2024-02,1,chronos_2,18708.0,16445.046875
2274,2024-02,1,chronos_2,20351.0,18117.6796875
2280,2024-02,1,chronos_2,31942.0,28534.310546875
2316,2024-02,1,chronos_2,23398.0,20174.119140625
2318,2024-02,1,chronos_2,38796.0,34603.00390625
2320,2024-02,1,chronos_2,33408.0,29816.23828125
2324,2024-02,1,chronos_2,25096.0,22119.5546875
2343,2024-02,1,chronos_2,33946.0,31765.998046875
2345,2024-02,1,chronos_2,56302.0,48430.16796875
2374,2024-02,1,chronos_2,51159.0,45464.1796875
2375,2024-02,1,chronos_2,51760.0,45765.1484375
2391,2024-02,1,chronos_2,41686.0,37384.16015625
2395,2024-02,1,chronos_2,38794.0,34192.6484375
2403,2024-02,1,chronos_2,43536.0,39014.1640625
2406,2024-02,1,chronos_2,46568.0,40986.7890625
2411,2024-02,1,chronos_2,46827.0,41987.015625
2426,2024-02,1,chronos_2,50800.0,45479.265625
2441,2024-02,1,chronos_2,56201.0,49240.95703125
2444,2024-02,1,chronos_2,65159.0,57037.6171875
2465,2024-02,1,chronos_2,43042.0,38860.2265625
2474,2024-02,1,chronos_2,46672.0,41565.79296875
2490,2024-02,1,chronos_2,55803.0,49923.4453125
2495,2024-02,1,chronos_2,64278.0,56483.15625
2498,2024-02,1,chronos_2,49031.0,43571.203125
2500,2024-02,1,chronos_2,50351.0,44537.515625
2503,2024-02,1,chronos_2,59228.0,52399.20703125
2531,2024-02,1,chronos_2,54716.0,49122.3203125
2536,2024-02,1,chronos_2,61691.0,54895.5078125
2539,2024-02,1,chronos_2,55952.0,50241.671875
2552,2024-02,1,chronos_2,48081.0,42749.44921875
2554,2024-02,1,chronos_2,45256.0,40439.6640625
2555,2024-02,1,chronos_2,52432.0,46271.5546875
2556,2024-02,1,chronos_2,47378.0,42283.3984375
2560,2024-02,1,chronos_2,52724.0,47448.46875
2582,2024-02,1,chronos_2,46759.0,41807.5546875
2589,2024-02,1,chronos_2,62906.0,56358.1796875
2590,2024-02,1,chronos_2,52509.0,47940.61328125
2605,2024-02,1,chronos_2,60566.0,54305.69921875
2620,2024-02,1,chronos_2,35638.0,32163.71484375
2647,2024-02,1,chronos_2,34114.0,31444.14453125
12,2024-02,3,chronos_2,34220.0,28574.876953125
21,2024-02,3,chronos_2,35615.0,32776.36328125
42,2024-02,3,chronos_2,27014.0,24968.4609375
48,2024-02,3,chronos_2,19838.0,18983.046875
49,2024-02,3,chronos_2,24257.0,21584.734375
57,2024-02,3,chronos_2,30959.0,28672.826171875
81,2024-02,3,chronos_2,26862.0,24427.109375
225,2024-02,3,chronos_2,48616.0,38420.91015625
230,2024-02,3,chronos_2,26978.0,25677.634765625
239,2024-02,3,chronos_2,30378.0,26348.572265625
243,2024-02,3,chronos_2,23530.0,25817.6640625
280,2024-02,3,chronos_2,19203.0,16737.046875
287,2024-02,3,chronos_2,16930.0,15478.7744140625
295,2024-02,3,chronos_2,21270.0,18897.58984375
298,2024-02,3,chronos_2,23054.0,20027.642578125
314,2024-02,3,chronos_2,29963.0,26422.67578125
329,2024-02,3,chronos_2,29964.0,28065.87890625
337,2024-02,3,chronos_2,28625.0,24255.162109375
351,2024-02,3,chronos_2,25394.0,23342.080078125
355,2024-02,3,chronos_2,33464.0,30559.474609375
383,2024-02,3,chronos_2,22008.0,19893.794921875
384,2024-02,3,chronos_2,18088.0,16610.271484375
392,2024-02,3,chronos_2,21594.0,19082.673828125
410,2024-02,3,chronos_2,25326.0,22503.599609375
414,2024-02,3,chronos_2,23080.0,18968.32421875
432,2024-02,3,chronos_2,23651.0,20135.99609375
436,2024-02,3,chronos_2,17933.0,16623.22265625
438,2024-02,3,chronos_2,19785.0,17081.056640625
455,2024-02,3,chronos_2,28777.0,25012.16015625
485,2024-02,3,chronos_2,16502.0,14940.552734375
494,2024-02,3,chronos_2,17272.0,15342.7587890625
504,2024-02,3,chronos_2,34969.0,30819.958984375
520,2024-02,3,chronos_2,18157.0,15612.6591796875
532,2024-02,3,chronos_2,21007.0,18082.40625
534,2024-02,3,chronos_2,20071.0,18062.4609375
536,2024-02,3,chronos_2,21122.0,17688.1484375
541,2024-02,3,chronos_2,20915.0,17432.587890625
544,2024-02,3,chronos_2,21774.0,18099.125
550,2024-02,3,chronos_2,19961.0,17650.65625
556,2024-02,3,chronos_2,17764.0,14736.83984375
559,2024-02,3,chronos_2,21939.0,19390.841796875
562,2024-02,3,chronos_2,22583.0,18385.640625
587,2024-02,3,chronos_2,28827.0,25619.83984375
608,2024-02,3,chronos_2,57690.0,51847.15625
618,2024-02,3,chronos_2,45619.0,40820.3125
670,2024-02,3,chronos_2,29989.0,28059.5390625
683,2024-02,3,chronos_2,21921.0,19753.779296875
693,2024-02,3,chronos_2,35244.0,32673.0703125
706,2024-02,3,chronos_2,22624.0,19588.416015625
714,2024-02,3,chronos_2,27101.0,23875.576171875
727,2024-02,3,chronos_2,37515.0,33970.30078125
778,2024-02,3,chronos_2,38395.0,35426.44140625
797,2024-02,3,chronos_2,28833.0,26261.998046875
801,2024-02,3,chronos_2,33704.0,30494.4921875
810,2024-02,3,chronos_2,24124.0,21887.91796875
812,2024-02,3,chronos_2,34090.0,31715.587890625
817,2024-02,3,chronos_2,22937.0,21252.404296875
825,2024-02,3,chronos_2,23722.0,22282.61328125
833,2024-02,3,chronos_2,22876.0,20838.865234375
847,2024-02,3,chronos_2,41564.0,36974.16796875
859,2024-02,3,chronos_2,29748.0,25354.041015625
877,2024-02,3,chronos_2,26119.0,23310.615234375
880,2024-02,3,chronos_2,25604.0,22842.662109375
892,2024-02,3,chronos_2,35606.0,30642.541015625
897,2024-02,3,chronos_2,32019.0,27396.197265625
899,2024-02,3,chronos_2,25774.0,23822.51171875
904,2024-02,3,chronos_2,23915.0,20939.375
922,2024-02,3,chronos_2,20734.0,18588.509765625
926,2024-02,3,chronos_2,20186.0,18411.908203125
929,2024-02,3,chronos_2,19784.0,17723.1640625
987,2024-02,3,chronos_2,30397.0,27027.2734375
988,2024-02,3,chronos_2,35204.0,31916.66015625
989,2024-02,3,chronos_2,32064.0,29114.8046875
995,2024-02,3,chronos_2,26597.0,23115.8359375
999,2024-02,3,chronos_2,23252.0,19952.48046875
1002,2024-02,3,chronos_2,21717.0,20621.07421875
1004,2024-02,3,chronos_2,24969.0,22109.978515625
1009,2024-02,3,chronos_2,30481.0,27496.603515625
1011,2024-02,3,chronos_2,25006.0,22651.5859375
1014,2024-02,3,chronos_2,19725.0,17727.45703125
1017,2024-02,3,chronos_2,22243.0,19390.6796875
1028,2024-02,3,chronos_2,20984.0,17990.576171875
1039,2024-02,3,chronos_2,27024.0,24718.525390625
1052,2024-02,3,chronos_2,26083.0,21682.22265625
1053,2024-02,3,chronos_2,25996.0,23052.4140625
1071,2024-02,3,chronos_2,31322.0,27785.646484375
1072,2024-02,3,chronos_2,28709.0,24847.392578125
1112,2024-02,3,chronos_2,27374.0,24066.57421875
1117,2024-02,3,chronos_2,34609.0,31165.2265625
1120,2024-02,3,chronos_2,24138.0,20929.01171875
1121,2024-02,3,chronos_2,21099.0,19219.234375
1126,2024-02,3,chronos_2,20616.0,18569.25390625
1139,2024-02,3,chronos_2,30546.0,26506.23828125
1141,2024-02,3,chronos_2,38507.0,33729.04296875
1144,2024-02,3,chronos_2,25017.0,22268.2734375
1146,2024-02,3,chronos_2,25782.0,21882.361328125
1157,2024-02,3,chronos_2,34188.0,28638.23828125
1176,2024-02,3,chronos_2,40375.0,35857.8671875
1211,2024-02,3,chronos_2,28065.0,24642.177734375
1212,2024-02,3,chronos_2,31194.0,29944.837890625
1226,2024-02,3,chronos_2,32412.0,28550.794921875
1229,2024-02,3,chronos_2,33055.0,29126.498046875
1237,2024-02,3,chronos_2,28503.0,23811.65234375
1243,2024-02,3,chronos_2,37071.0,31259.99609375
1262,2024-02,3,chronos_2,23981.0,21129.349609375
1264,2024-02,3,chronos_2,20665.0,17685.345703125
1265,2024-02,3,chronos_2,20508.0,17844.095703125
1267,2024-02,3,chronos_2,18434.0,15913.474609375
1272,2024-02,3,chronos_2,21041.0,18890.38671875
1274,2024-02,3,chronos_2,19622.0,17439.095703125
1276,2024-02,3,chronos_2,20337.0,18273.5390625
1287,2024-02,3,chronos_2,21195.0,19631.68359375
1305,2024-02,3,chronos_2,25387.0,24826.328125
1313,2024-02,3,chronos_2,21642.0,18023.87890625
1327,2024-02,3,chronos_2,21643.0,18126.09765625
1330,2024-02,3,chronos_2,21486.0,18981.755859375
1339,2024-02,3,chronos_2,17133.0,16576.8828125
1350,2024-02,3,chronos_2,18008.0,15850.4384765625
1405,2024-02,3,chronos_2,38412.0,32133.337890625
1410,2024-02,3,chronos_2,37189.0,34325.62890625
1425,2024-02,3,chronos_2,19334.0,18294.6640625
1429,2024-02,3,chronos_2,24667.0,22060.609375
1438,2024-02,3,chronos_2,48525.0,44051.515625
1465,2024-02,3,chronos_2,46414.0,41456.91015625
1468,2024-02,3,chronos_2,46063.0,41084.09375
1477,2024-02,3,chronos_2,38037.0,33534.4453125
1486,2024-02,3,chronos_2,34413.0,30518.89453125
1489,2024-02,3,chronos_2,38184.0,32427.25390625
1523,2024-02,3,chronos_2,38437.0,34264.58984375
1529,2024-02,3,chronos_2,25251.0,22592.30078125
1532,2024-02,3,chronos_2,25233.0,22958.474609375
1535,2024-02,3,chronos_2,23808.0,20799.3515625
1536,2024-02,3,chronos_2,25651.0,22578.021484375
1552,2024-02,3,chronos_2,22221.0,18649.728515625
1555,2024-02,3,chronos_2,25692.0,23502.02734375
1571,2024-02,3,chronos_2,25256.0,21543.890625
1573,2024-02,3,chronos_2,23278.0,20738.869140625
1580,2024-02,3,chronos_2,23908.0,21206.2890625
1604,2024-02,3,chronos_2,25870.0,23283.30078125
1605,2024-02,3,chronos_2,21356.0,19755.982421875
1606,2024-02,3,chronos_2,19378.0,17280.60546875
1607,2024-02,3,chronos_2,20354.0,19055.72265625
1610,2024-02,3,chronos_2,22704.0,20489.966796875
1611,2024-02,3,chronos_2,24756.0,22006.041015625
1612,2024-02,3,chronos_2,25612.0,22887.822265625
1615,2024-02,3,chronos_2,27547.0,24657.890625
1617,2024-02,3,chronos_2,24117.0,21038.6796875
1618,2024-02,3,chronos_2,23902.0,21297.57421875
1635,2024-02,3,chronos_2,20830.0,17678.294921875
1640,2024-02,3,chronos_2,21144.0,18454.021484375
1644,2024-02,3,chronos_2,21172.0,19648.12890625
1654,2024-02,3,chronos_2,21982.0,18972.921875
1662,2024-02,3,chronos_2,21474.0,19274.9921875
1663,2024-02,3,chronos_2,22881.0,19882.837890625
1701,2024-02,3,chronos_2,23707.0,20748.017578125
1702,2024-02,3,chronos_2,20778.0,18321.13671875
1707,2024-02,3,chronos_2,32779.0,29097.865234375
1718,2024-02,3,chronos_2,22037.0,20383.2265625
1725,2024-02,3,chronos_2,21511.0,19017.82421875
1738,2024-02,3,chronos_2,22034.0,20492.21484375
1744,2024-02,3,chronos_2,20066.0,18001.5390625
1751,2024-02,3,chronos_2,19212.0,17113.509765625
1759,2024-02,3,chronos_2,22381.0,21147.201171875
1762,2024-02,3,chronos_2,20391.0,18652.5078125
1775,2024-02,3,chronos_2,23915.0,19937.462890625
1777,2024-02,3,chronos_2,25406.0,21496.076171875
1853,2024-02,3,chronos_2,22644.0,20678.015625
1854,2024-02,3,chronos_2,21727.0,19374.341796875
1856,2024-02,3,chronos_2,24623.0,21344.083984375
1860,2024-02,3,chronos_2,23519.0,19219.330078125
1863,2024-02,3,chronos_2,32186.0,28824.890625
1865,2024-02,3,chronos_2,21412.0,19493.912109375
1870,2024-02,3,chronos_2,20959.0,19215.36328125
1880,2024-02,3,chronos_2,26876.0,23394.251953125
1884,2024-02,3,chronos_2,24106.0,20705.1640625
1890,2024-02,3,chronos_2,35929.0,32054.154296875
1909,2024-02,3,chronos_2,21292.0,19632.875
1912,2024-02,3,chronos_2,26959.0,24621.9375
1924,2024-02,3,chronos_2,18802.0,17559.732421875
1929,2024-02,3,chronos_2,20751.0,18983.31640625
1933,2024-02,3,chronos_2,21930.0,18608.947265625
1939,2024-02,3,chronos_2,21450.0,18401.73828125
1957,2024-02,3,chronos_2,41703.0,38353.4375
1958,2024-02,3,chronos_2,55582.0,49033.5390625
1960,2024-02,3,chronos_2,35077.0,31480.900390625
1976,2024-02,3,chronos_2,31632.0,26819.35546875
1979,2024-02,3,chronos_2,39781.0,36859.078125
1980,2024-02,3,chronos_2,29419.0,28603.6875
1992,2024-02,3,chronos_2,27711.0,24620.138671875
1995,2024-02,3,chronos_2,29059.0,26347.234375
2000,2024-02,3,chronos_2,36453.0,32947.71875
2001,2024-02,3,chronos_2,30635.0,26690.6171875
2007,2024-02,3,chronos_2,26441.0,24136.4375
2021,2024-02,3,chronos_2,27320.0,24016.935546875
2024,2024-02,3,chronos_2,31217.0,28216.560546875
2036,2024-02,3,chronos_2,26022.0,22554.953125
2044,2024-02,3,chronos_2,35556.0,31797.55078125
2048,2024-02,3,chronos_2,32509.0,27685.091796875
2063,2024-02,3,chronos_2,35729.0,31778.33984375
2077,2024-02,3,chronos_2,23314.0,21472.138671875
2085,2024-02,3,chronos_2,20996.0,19544.720703125
2089,2024-02,3,chronos_2,21179.0,18904.806640625
2122,2024-02,3,chronos_2,26855.0,22945.51953125
2142,2024-02,3,chronos_2,28244.0,24429.24609375
2144,2024-02,3,chronos_2,37744.0,33585.359375
2155,2024-02,3,chronos_2,29604.0,26002.0703125
2156,2024-02,3,chronos_2,23995.0,21583.578125
2161,2024-02,3,chronos_2,38953.0,35109.44140625
2176,2024-02,3,chronos_2,27258.0,22530.728515625
2187,2024-02,3,chronos_2,27134.0,25136.74609375
2194,2024-02,3,chronos_2,29067.0,26030.8359375
2196,2024-02,3,chronos_2,25758.0,21604.83984375
2208,2024-02,3,chronos_2,26882.0,23857.951171875
2232,2024-02,3,chronos_2,38972.0,33488.015625
2259,2024-02,3,chronos_2,20303.0,18040.419921875
2265,2024-02,3,chronos_2,18401.0,17467.53125
2269,2024-02,3,chronos_2,18173.0,16392.41796875
2274,2024-02,3,chronos_2,20852.0,18013.703125
2280,2024-02,3,chronos_2,31739.0,28392.841796875
2316,2024-02,3,chronos_2,23294.0,20046.703125
2318,2024-02,3,chronos_2,38520.0,34412.85546875
2320,2024-02,3,chronos_2,33290.0,29626.3671875
2324,2024-02,3,chronos_2,25407.0,22030.865234375
2343,2024-02,3,chronos_2,33875.0,31730.759765625
2345,2024-02,3,chronos_2,60395.0,48984.3203125
2374,2024-02,3,chronos_2,51218.0,45266.93359375
2375,2024-02,3,chronos_2,50604.0,45465.69921875
2391,2024-02,3,chronos_2,41809.0,37221.671875
2395,2024-02,3,chronos_2,39317.0,34043.80859375
2403,2024-02,3,chronos_2,44115.0,38717.58203125
2406,2024-02,3,chronos_2,46747.0,40791.1328125
2411,2024-02,3,chronos_2,46938.0,41555.94921875
2426,2024-02,3,chronos_2,50007.0,45200.6953125
2441,2024-02,3,chronos_2,56813.0,49083.671875
2444,2024-02,3,chronos_2,65102.0,56598.859375
2465,2024-02,3,chronos_2,43227.0,38442.26171875
2474,2024-02,3,chronos_2,46249.0,41133.6796875
2490,2024-02,3,chronos_2,55286.0,49346.24609375
2495,2024-02,3,chronos_2,62717.0,56064.453125
2498,2024-02,3,chronos_2,48753.0,43181.56640625
2500,2024-02,3,chronos_2,49860.0,44094.57421875
2503,2024-02,3,chronos_2,58303.0,51953.45703125
2531,2024-02,3,chronos_2,54209.0,48710.63671875
2536,2024-02,3,chronos_2,61266.0,54500.4140625
2539,2024-02,3,chronos_2,55528.0,49591.88671875
2552,2024-02,3,chronos_2,47728.0,42230.140625
2554,2024-02,3,chronos_2,45511.0,40092.078125
2555,2024-02,3,chronos_2,52138.0,45813.99609375
2556,2024-02,3,chronos_2,46733.0,41877.3984375
2560,2024-02,3,chronos_2,51789.0,46956.04296875
2582,2024-02,3,chronos_2,47111.0,41357.1171875
2589,2024-02,3,chronos_2,62311.0,55751.9765625
2590,2024-02,3,chronos_2,52552.0,47564.96875
2605,2024-02,3,chronos_2,59372.0,53598.6328125
2620,2024-02,3,chronos_2,35259.0,32008.107421875
2647,2024-02,3,chronos_2,33147.0,31262.58984375
12,2024-02,6,chronos_2,37598.0,27851.009765625
21,2024-02,6,chronos_2,37597.0,32449.654296875
42,2024-02,6,chronos_2,29594.0,24695.47265625
48,2024-02,6,chronos_2,21766.0,19025.478515625
49,2024-02,6,chronos_2,24883.0,21516.330078125
57,2024-02,6,chronos_2,32318.0,28454.75
81,2024-02,6,chronos_2,28055.0,24198.224609375
225,2024-02,6,chronos_2,51039.0,37956.99609375
230,2024-02,6,chronos_2,30633.0,25724.029296875
239,2024-02,6,chronos_2,30950.0,26289.771484375
243,2024-02,6,chronos_2,31369.0,25887.087890625
280,2024-02,6,chronos_2,19255.0,16703.544921875
287,2024-02,6,chronos_2,17850.0,15464.1591796875
295,2024-02,6,chronos_2,22595.0,18758.03515625
298,2024-02,6,chronos_2,24042.0,19962.744140625
314,2024-02,6,chronos_2,36553.0,26667.90625
329,2024-02,6,chronos_2,34419.0,27867.0078125
337,2024-02,6,chronos_2,33955.0,24443.064453125
351,2024-02,6,chronos_2,28431.0,22706.236328125
355,2024-02,6,chronos_2,35540.0,30213.6328125
383,2024-02,6,chronos_2,23491.0,19916.322265625
384,2024-02,6,chronos_2,18522.0,16637.130859375
392,2024-02,6,chronos_2,23902.0,19060.9765625
410,2024-02,6,chronos_2,30443.0,21969.1171875
414,2024-02,6,chronos_2,27831.0,18807.29296875
432,2024-02,6,chronos_2,24450.0,20152.97265625
436,2024-02,6,chronos_2,19599.0,16634.55078125
438,2024-02,6,chronos_2,21055.0,17099.8984375
455,2024-02,6,chronos_2,30976.0,24913.580078125
485,2024-02,6,chronos_2,17047.0,14933.53515625
494,2024-02,6,chronos_2,18779.0,15353.1318359375
504,2024-02,6,chronos_2,37358.0,30266.384765625
520,2024-02,6,chronos_2,19851.0,15652.8740234375
532,2024-02,6,chronos_2,23097.0,18007.3984375
534,2024-02,6,chronos_2,20971.0,18045.732421875
536,2024-02,6,chronos_2,23025.0,17551.87109375
541,2024-02,6,chronos_2,23169.0,17276.13671875
544,2024-02,6,chronos_2,23067.0,17946.009765625
550,2024-02,6,chronos_2,21929.0,17609.7734375
556,2024-02,6,chronos_2,18902.0,14758.384765625
559,2024-02,6,chronos_2,23870.0,19402.044921875
562,2024-02,6,chronos_2,22744.0,18322.4296875
587,2024-02,6,chronos_2,30807.0,25148.849609375
608,2024-02,6,chronos_2,61721.0,51450.671875
618,2024-02,6,chronos_2,65110.0,40615.1171875
670,2024-02,6,chronos_2,35566.0,27891.0390625
683,2024-02,6,chronos_2,22352.0,19830.75390625
693,2024-02,6,chronos_2,38868.0,31916.498046875
706,2024-02,6,chronos_2,22681.0,19443.19921875
714,2024-02,6,chronos_2,28201.0,23777.796875
727,2024-02,6,chronos_2,39813.0,33561.98046875
778,2024-02,6,chronos_2,40150.0,34818.609375
797,2024-02,6,chronos_2,30868.0,26260.63671875
801,2024-02,6,chronos_2,37176.0,30178.052734375
810,2024-02,6,chronos_2,26324.0,21642.830078125
812,2024-02,6,chronos_2,37724.0,31116.9453125
817,2024-02,6,chronos_2,25763.0,20740.3046875
825,2024-02,6,chronos_2,26197.0,21934.509765625
833,2024-02,6,chronos_2,25867.0,20585.62890625
847,2024-02,6,chronos_2,44578.0,36855.78515625
859,2024-02,6,chronos_2,36626.0,25302.748046875
877,2024-02,6,chronos_2,27224.0,23405.099609375
880,2024-02,6,chronos_2,26182.0,22780.6875
892,2024-02,6,chronos_2,37283.0,30399.51171875
897,2024-02,6,chronos_2,33154.0,27352.861328125
899,2024-02,6,chronos_2,26070.0,23870.431640625
904,2024-02,6,chronos_2,25018.0,20969.611328125
922,2024-02,6,chronos_2,22878.0,18574.328125
926,2024-02,6,chronos_2,22477.0,18303.140625
929,2024-02,6,chronos_2,20535.0,17661.783203125
987,2024-02,6,chronos_2,31683.0,26651.318359375
988,2024-02,6,chronos_2,37168.0,31466.208984375
989,2024-02,6,chronos_2,33562.0,28822.611328125
995,2024-02,6,chronos_2,26518.0,23112.298828125
999,2024-02,6,chronos_2,24131.0,19932.5703125
1002,2024-02,6,chronos_2,23228.0,20611.34375
1004,2024-02,6,chronos_2,26537.0,22125.498046875
1009,2024-02,6,chronos_2,32274.0,27194.720703125
1011,2024-02,6,chronos_2,27596.0,22415.92578125
1014,2024-02,6,chronos_2,20668.0,17763.60546875
1017,2024-02,6,chronos_2,23071.0,19367.984375
1028,2024-02,6,chronos_2,21575.0,18007.71875
1039,2024-02,6,chronos_2,29370.0,24265.138671875
1052,2024-02,6,chronos_2,26904.0,21715.75390625
1053,2024-02,6,chronos_2,24705.0,23010.89453125
1071,2024-02,6,chronos_2,32015.0,27369.48828125
1072,2024-02,6,chronos_2,29652.0,24887.037109375
1112,2024-02,6,chronos_2,28399.0,23779.68359375
1117,2024-02,6,chronos_2,38034.0,30186.240234375
1120,2024-02,6,chronos_2,23802.0,20950.091796875
1121,2024-02,6,chronos_2,22092.0,19226.744140625
1126,2024-02,6,chronos_2,20566.0,18391.810546875
1139,2024-02,6,chronos_2,32805.0,26196.74609375
1141,2024-02,6,chronos_2,39816.0,33272.1171875
1144,2024-02,6,chronos_2,24979.0,22101.943359375
1146,2024-02,6,chronos_2,26982.0,21932.01953125
1157,2024-02,6,chronos_2,35318.0,28409.771484375
1176,2024-02,6,chronos_2,42337.0,35292.4296875
1211,2024-02,6,chronos_2,29749.0,24481.4140625
1212,2024-02,6,chronos_2,34452.0,29454.861328125
1226,2024-02,6,chronos_2,34969.0,28019.6484375
1229,2024-02,6,chronos_2,34873.0,28539.8515625
1237,2024-02,6,chronos_2,31675.0,23708.724609375
1243,2024-02,6,chronos_2,38006.0,30585.65625
1262,2024-02,6,chronos_2,24819.0,21114.353515625
1264,2024-02,6,chronos_2,21460.0,17684.7109375
1265,2024-02,6,chronos_2,21598.0,17911.283203125
1267,2024-02,6,chronos_2,19192.0,15899.3994140625
1272,2024-02,6,chronos_2,21314.0,18925.54296875
1274,2024-02,6,chronos_2,21260.0,17440.205078125
1276,2024-02,6,chronos_2,19803.0,18310.369140625
1287,2024-02,6,chronos_2,21524.0,19664.32421875
1305,2024-02,6,chronos_2,22041.0,24662.892578125
1313,2024-02,6,chronos_2,23013.0,18090.279296875
1327,2024-02,6,chronos_2,23456.0,17944.146484375
1330,2024-02,6,chronos_2,20950.0,19007.16796875
1339,2024-02,6,chronos_2,18655.0,16601.83984375
1350,2024-02,6,chronos_2,18450.0,15887.2734375
1405,2024-02,6,chronos_2,40508.0,31660.45703125
1410,2024-02,6,chronos_2,39324.0,33950.1953125
1425,2024-02,6,chronos_2,23514.0,18365.142578125
1429,2024-02,6,chronos_2,26515.0,22054.9140625
1438,2024-02,6,chronos_2,56683.0,43074.75
1465,2024-02,6,chronos_2,49188.0,40550.21875
1468,2024-02,6,chronos_2,48902.0,40238.859375
1477,2024-02,6,chronos_2,41377.0,32871.4921875
1486,2024-02,6,chronos_2,38032.0,30132.095703125
1489,2024-02,6,chronos_2,40105.0,31920.525390625
1523,2024-02,6,chronos_2,40441.0,33714.75390625
1529,2024-02,6,chronos_2,25806.0,22633.6015625
1532,2024-02,6,chronos_2,27544.0,22868.162109375
1535,2024-02,6,chronos_2,25383.0,20825.8515625
1536,2024-02,6,chronos_2,27166.0,22570.38671875
1552,2024-02,6,chronos_2,22993.0,18633.8203125
1555,2024-02,6,chronos_2,27756.0,23283.24609375
1571,2024-02,6,chronos_2,26965.0,21337.259765625
1573,2024-02,6,chronos_2,26258.0,20621.9921875
1580,2024-02,6,chronos_2,24610.0,21218.80078125
1604,2024-02,6,chronos_2,29579.0,22850.177734375
1605,2024-02,6,chronos_2,24013.0,19519.771484375
1606,2024-02,6,chronos_2,22037.0,17221.900390625
1607,2024-02,6,chronos_2,22650.0,18894.28125
1610,2024-02,6,chronos_2,24278.0,20365.166015625
1611,2024-02,6,chronos_2,27255.0,21889.318359375
1612,2024-02,6,chronos_2,27092.0,22841.40625
1615,2024-02,6,chronos_2,30016.0,24286.771484375
1617,2024-02,6,chronos_2,25962.0,20712.0703125
1618,2024-02,6,chronos_2,26054.0,21139.033203125
1635,2024-02,6,chronos_2,21186.0,17713.833984375
1640,2024-02,6,chronos_2,22529.0,18368.392578125
1644,2024-02,6,chronos_2,23386.0,19699.728515625
1654,2024-02,6,chronos_2,23456.0,18966.91796875
1662,2024-02,6,chronos_2,26573.0,19187.2734375
1663,2024-02,6,chronos_2,23516.0,19829.484375
1701,2024-02,6,chronos_2,25090.0,20616.376953125
1702,2024-02,6,chronos_2,21103.0,18167.486328125
1707,2024-02,6,chronos_2,35111.0,28680.44921875
1718,2024-02,6,chronos_2,23544.0,20274.48828125
1725,2024-02,6,chronos_2,22553.0,18963.091796875
1738,2024-02,6,chronos_2,23202.0,20262.541015625
1744,2024-02,6,chronos_2,20503.0,17866.12109375
1751,2024-02,6,chronos_2,20859.0,17051.875
1759,2024-02,6,chronos_2,23528.0,20945.11328125
1762,2024-02,6,chronos_2,21360.0,18495.443359375
1775,2024-02,6,chronos_2,24640.0,19956.34765625
1777,2024-02,6,chronos_2,25389.0,21453.623046875
1853,2024-02,6,chronos_2,24318.0,20679.3515625
1854,2024-02,6,chronos_2,23502.0,19358.16796875
1856,2024-02,6,chronos_2,23921.0,21356.296875
1860,2024-02,6,chronos_2,23368.0,19304.005859375
1863,2024-02,6,chronos_2,34291.0,28502.212890625
1865,2024-02,6,chronos_2,22655.0,19315.966796875
1870,2024-02,6,chronos_2,22033.0,19056.599609375
1880,2024-02,6,chronos_2,28396.0,23080.748046875
1884,2024-02,6,chronos_2,24118.0,20680.48046875
1890,2024-02,6,chronos_2,37600.0,31371.0
1909,2024-02,6,chronos_2,21618.0,19446.40234375
1912,2024-02,6,chronos_2,28034.0,24258.060546875
1924,2024-02,6,chronos_2,20283.0,17466.8828125
1929,2024-02,6,chronos_2,22230.0,18976.95703125
1933,2024-02,6,chronos_2,21184.0,18476.443359375
1939,2024-02,6,chronos_2,21659.0,18384.892578125
1957,2024-02,6,chronos_2,43986.0,38321.15234375
1958,2024-02,6,chronos_2,61311.0,48352.3984375
1960,2024-02,6,chronos_2,35548.0,31770.025390625
1976,2024-02,6,chronos_2,31251.0,26858.890625
1979,2024-02,6,chronos_2,42311.0,36523.68359375
1980,2024-02,6,chronos_2,32504.0,28438.041015625
1992,2024-02,6,chronos_2,28894.0,24581.771484375
1995,2024-02,6,chronos_2,31299.0,26089.59375
2000,2024-02,6,chronos_2,38291.0,32589.369140625
2001,2024-02,6,chronos_2,32744.0,26649.09375
2007,2024-02,6,chronos_2,26375.0,24239.734375
2021,2024-02,6,chronos_2,27935.0,24048.755859375
2024,2024-02,6,chronos_2,33630.0,27878.298828125
2036,2024-02,6,chronos_2,27506.0,22571.337890625
2044,2024-02,6,chronos_2,37535.0,31247.93359375
2048,2024-02,6,chronos_2,34949.0,27512.21875
2063,2024-02,6,chronos_2,37909.0,30901.994140625
2077,2024-02,6,chronos_2,24376.0,21292.998046875
2085,2024-02,6,chronos_2,21117.0,19253.634765625
2089,2024-02,6,chronos_2,21655.0,18998.0546875
2122,2024-02,6,chronos_2,28178.0,22838.76171875
2142,2024-02,6,chronos_2,29772.0,23998.412109375
2144,2024-02,6,chronos_2,39759.0,32994.8046875
2155,2024-02,6,chronos_2,31475.0,25905.943359375
2156,2024-02,6,chronos_2,25672.0,21616.70703125
2161,2024-02,6,chronos_2,40696.0,34111.4296875
2176,2024-02,6,chronos_2,27639.0,22510.576171875
2187,2024-02,6,chronos_2,28546.0,24933.611328125
2194,2024-02,6,chronos_2,31356.0,25900.796875
2196,2024-02,6,chronos_2,25306.0,21487.73046875
2208,2024-02,6,chronos_2,28526.0,23649.4375
2232,2024-02,6,chronos_2,41182.0,33064.4140625
2259,2024-02,6,chronos_2,21080.0,18033.208984375
2265,2024-02,6,chronos_2,19603.0,17433.576171875
2269,2024-02,6,chronos_2,18808.0,16402.787109375
2274,2024-02,6,chronos_2,22174.0,17983.8046875
2280,2024-02,6,chronos_2,33927.0,27946.158203125
2316,2024-02,6,chronos_2,24895.0,20004.328125
2318,2024-02,6,chronos_2,39669.0,33925.14453125
2320,2024-02,6,chronos_2,33972.0,29239.791015625
2324,2024-02,6,chronos_2,25321.0,22005.154296875
2343,2024-02,6,chronos_2,35552.0,31325.833984375
2345,2024-02,6,chronos_2,78307.0,48865.19140625
2374,2024-02,6,chronos_2,51738.0,44613.19140625
2375,2024-02,6,chronos_2,50523.0,44669.484375
2391,2024-02,6,chronos_2,43176.0,36747.796875
2395,2024-02,6,chronos_2,39804.0,33441.109375
2403,2024-02,6,chronos_2,45328.0,38001.5234375
2406,2024-02,6,chronos_2,48027.0,40192.25390625
2411,2024-02,6,chronos_2,49722.0,40502.21875
2426,2024-02,6,chronos_2,50251.0,44299.91796875
2441,2024-02,6,chronos_2,60913.0,48621.73828125
2444,2024-02,6,chronos_2,68841.0,55507.953125
2465,2024-02,6,chronos_2,46251.0,37794.40234375
2474,2024-02,6,chronos_2,48241.0,40441.92578125
2490,2024-02,6,chronos_2,57461.0,48398.6875
2495,2024-02,6,chronos_2,66696.0,55103.8828125
2498,2024-02,6,chronos_2,51255.0,42526.10546875
2500,2024-02,6,chronos_2,52088.0,43193.0
2503,2024-02,6,chronos_2,61206.0,50977.1015625
2531,2024-02,6,chronos_2,55938.0,47963.8203125
2536,2024-02,6,chronos_2,65670.0,53684.578125
2539,2024-02,6,chronos_2,58406.0,48041.83203125
2552,2024-02,6,chronos_2,49924.0,41220.87109375
2554,2024-02,6,chronos_2,47910.0,39461.8671875
2555,2024-02,6,chronos_2,54746.0,44916.6953125
2556,2024-02,6,chronos_2,49139.0,41213.41796875
2560,2024-02,6,chronos_2,53858.0,46099.2890625
2582,2024-02,6,chronos_2,48689.0,40589.83984375
2589,2024-02,6,chronos_2,65607.0,54648.296875
2590,2024-02,6,chronos_2,54497.0,46586.09765625
2605,2024-02,6,chronos_2,62011.0,52220.86328125
2620,2024-02,6,chronos_2,36884.0,31693.296875
2647,2024-02,6,chronos_2,35388.0,30791.88671875
12,2024-03,1,chronos_2,33292.0,31591.849609375
21,2024-03,1,chronos_2,35833.0,34885.14453125
42,2024-03,1,chronos_2,26865.0,26471.23828125
48,2024-03,1,chronos_2,20472.0,19384.3515625
49,2024-03,1,chronos_2,23926.0,22441.494140625
57,2024-03,1,chronos_2,31497.0,30379.625
81,2024-03,1,chronos_2,26475.0,25570.20703125
225,2024-03,1,chronos_2,44804.0,42126.83203125
230,2024-03,1,chronos_2,27576.0,26400.59765625
239,2024-03,1,chronos_2,30016.0,27795.76171875
243,2024-03,1,chronos_2,28596.0,27628.609375
280,2024-03,1,chronos_2,20111.0,18028.91015625
287,2024-03,1,chronos_2,17167.0,15905.1982421875
295,2024-03,1,chronos_2,21179.0,19868.56640625
298,2024-03,1,chronos_2,22716.0,20776.771484375
314,2024-03,1,chronos_2,30666.0,28394.642578125
329,2024-03,1,chronos_2,31369.0,30868.79296875
337,2024-03,1,chronos_2,27803.0,25881.91796875
351,2024-03,1,chronos_2,25475.0,25184.033203125
355,2024-03,1,chronos_2,33085.0,32795.328125
383,2024-03,1,chronos_2,21912.0,20478.734375
384,2024-03,1,chronos_2,18214.0,17524.384765625
392,2024-03,1,chronos_2,21847.0,19936.10546875
410,2024-03,1,chronos_2,24983.0,25163.38671875
414,2024-03,1,chronos_2,22075.0,20563.05078125
432,2024-03,1,chronos_2,23563.0,20957.716796875
436,2024-03,1,chronos_2,18724.0,17037.6171875
438,2024-03,1,chronos_2,19343.0,17690.869140625
455,2024-03,1,chronos_2,27446.0,26207.5546875
485,2024-03,1,chronos_2,16623.0,15550.0625
494,2024-03,1,chronos_2,16992.0,16064.095703125
504,2024-03,1,chronos_2,34510.0,33380.8203125
520,2024-03,1,chronos_2,18952.0,16214.2177734375
532,2024-03,1,chronos_2,21320.0,19435.244140625
534,2024-03,1,chronos_2,19728.0,18729.125
536,2024-03,1,chronos_2,20403.0,19454.34765625
541,2024-03,1,chronos_2,20694.0,19040.7890625
544,2024-03,1,chronos_2,20917.0,19307.185546875
550,2024-03,1,chronos_2,19006.0,18478.109375
556,2024-03,1,chronos_2,17408.0,15219.833984375
559,2024-03,1,chronos_2,21602.0,20292.490234375
562,2024-03,1,chronos_2,21033.0,19548.150390625
587,2024-03,1,chronos_2,29309.0,27998.423828125
608,2024-03,1,chronos_2,56967.0,54851.91015625
618,2024-03,1,chronos_2,46806.0,45610.8359375
670,2024-03,1,chronos_2,29210.0,29060.638671875
683,2024-03,1,chronos_2,22183.0,20720.693359375
693,2024-03,1,chronos_2,34586.0,34982.01171875
706,2024-03,1,chronos_2,22128.0,20757.1484375
714,2024-03,1,chronos_2,26538.0,24959.1796875
727,2024-03,1,chronos_2,37471.0,36186.5859375
778,2024-03,1,chronos_2,39149.0,38414.5
797,2024-03,1,chronos_2,28611.0,27212.234375
801,2024-03,1,chronos_2,33967.0,32286.3671875
810,2024-03,1,chronos_2,24141.0,23078.19921875
812,2024-03,1,chronos_2,34367.0,34000.3984375
817,2024-03,1,chronos_2,23074.0,22778.83203125
825,2024-03,1,chronos_2,23874.0,23500.2421875
833,2024-03,1,chronos_2,23449.0,21984.240234375
847,2024-03,1,chronos_2,41379.0,38614.9296875
859,2024-03,1,chronos_2,28975.0,27000.537109375
877,2024-03,1,chronos_2,25536.0,23892.94140625
880,2024-03,1,chronos_2,24010.0,24001.25
892,2024-03,1,chronos_2,34168.0,33030.2890625
897,2024-03,1,chronos_2,31124.0,28827.357421875
899,2024-03,1,chronos_2,27296.0,24561.14453125
904,2024-03,1,chronos_2,22915.0,21698.388671875
922,2024-03,1,chronos_2,21747.0,19049.13671875
926,2024-03,1,chronos_2,20153.0,19022.9921875
929,2024-03,1,chronos_2,19322.0,18301.87890625
987,2024-03,1,chronos_2,29560.0,28890.7578125
988,2024-03,1,chronos_2,34759.0,34256.27734375
989,2024-03,1,chronos_2,31567.0,31067.0546875
995,2024-03,1,chronos_2,26673.0,24264.828125
999,2024-03,1,chronos_2,23011.0,20602.908203125
1002,2024-03,1,chronos_2,22397.0,21130.412109375
1004,2024-03,1,chronos_2,24288.0,22621.2265625
1009,2024-03,1,chronos_2,30593.0,29299.958984375
1011,2024-03,1,chronos_2,24934.0,23852.17578125
1014,2024-03,1,chronos_2,19067.0,17886.87890625
1017,2024-03,1,chronos_2,22181.0,19952.447265625
1028,2024-03,1,chronos_2,19875.0,18713.498046875
1039,2024-03,1,chronos_2,27553.0,26628.95703125
1052,2024-03,1,chronos_2,25692.0,22569.234375
1053,2024-03,1,chronos_2,25638.0,23963.634765625
1071,2024-03,1,chronos_2,30949.0,30125.951171875
1072,2024-03,1,chronos_2,27789.0,25691.99609375
1112,2024-03,1,chronos_2,27051.0,25601.248046875
1117,2024-03,1,chronos_2,34770.0,34439.96875
1120,2024-03,1,chronos_2,23367.0,22040.240234375
1121,2024-03,1,chronos_2,21041.0,19781.646484375
1126,2024-03,1,chronos_2,20532.0,19245.681640625
1139,2024-03,1,chronos_2,30272.0,28272.87890625
1141,2024-03,1,chronos_2,37459.0,36112.94921875
1144,2024-03,1,chronos_2,24026.0,23178.15234375
1146,2024-03,1,chronos_2,24966.0,23224.0546875
1157,2024-03,1,chronos_2,32499.0,30545.0390625
1176,2024-03,1,chronos_2,39273.0,38232.2734375
1211,2024-03,1,chronos_2,27764.0,25665.087890625
1212,2024-03,1,chronos_2,31437.0,31458.259765625
1226,2024-03,1,chronos_2,32286.0,30876.43359375
1229,2024-03,1,chronos_2,32523.0,31410.302734375
1237,2024-03,1,chronos_2,27905.0,25783.685546875
1243,2024-03,1,chronos_2,35540.0,34139.14453125
1262,2024-03,1,chronos_2,24524.0,21952.353515625
1264,2024-03,1,chronos_2,19443.0,18417.5625
1265,2024-03,1,chronos_2,20465.0,18636.099609375
1267,2024-03,1,chronos_2,18647.0,16500.39453125
1272,2024-03,1,chronos_2,21912.0,19463.6796875
1274,2024-03,1,chronos_2,19618.0,18208.87109375
1276,2024-03,1,chronos_2,19550.0,18768.041015625
1287,2024-03,1,chronos_2,21458.0,20477.28125
1305,2024-03,1,chronos_2,27404.0,25993.01953125
1313,2024-03,1,chronos_2,21890.0,19094.93359375
1327,2024-03,1,chronos_2,20973.0,19204.8671875
1330,2024-03,1,chronos_2,22085.0,19624.47265625
1339,2024-03,1,chronos_2,16954.0,17159.859375
1350,2024-03,1,chronos_2,17674.0,16439.033203125
1405,2024-03,1,chronos_2,35982.0,34335.171875
1410,2024-03,1,chronos_2,37018.0,36630.90625
1425,2024-03,1,chronos_2,21096.0,18795.650390625
1429,2024-03,1,chronos_2,24883.0,22588.6796875
1438,2024-03,1,chronos_2,45550.0,46000.6875
1465,2024-03,1,chronos_2,45853.0,44969.5546875
1468,2024-03,1,chronos_2,45353.0,44514.328125
1477,2024-03,1,chronos_2,37297.0,36308.17578125
1486,2024-03,1,chronos_2,34949.0,32477.08203125
1489,2024-03,1,chronos_2,36767.0,34810.01953125
1523,2024-03,1,chronos_2,37677.0,36997.609375
1529,2024-03,1,chronos_2,24850.0,23309.7578125
1532,2024-03,1,chronos_2,25209.0,23980.732421875
1535,2024-03,1,chronos_2,22844.0,21578.267578125
1536,2024-03,1,chronos_2,24186.0,23493.537109375
1552,2024-03,1,chronos_2,21039.0,19506.26953125
1555,2024-03,1,chronos_2,25312.0,24825.162109375
1571,2024-03,1,chronos_2,25447.0,22921.763671875
1573,2024-03,1,chronos_2,23522.0,22023.638671875
1580,2024-03,1,chronos_2,23577.0,22009.673828125
1604,2024-03,1,chronos_2,26200.0,25128.013671875
1605,2024-03,1,chronos_2,21717.0,20839.65234375
1606,2024-03,1,chronos_2,19845.0,18470.73046875
1607,2024-03,1,chronos_2,20409.0,20183.392578125
1610,2024-03,1,chronos_2,22321.0,21481.4609375
1611,2024-03,1,chronos_2,23900.0,23107.150390625
1612,2024-03,1,chronos_2,24975.0,23737.72265625
1615,2024-03,1,chronos_2,27189.0,26167.572265625
1617,2024-03,1,chronos_2,23567.0,22849.048828125
1618,2024-03,1,chronos_2,24491.0,22724.859375
1635,2024-03,1,chronos_2,20602.0,18496.505859375
1640,2024-03,1,chronos_2,20571.0,19560.037109375
1644,2024-03,1,chronos_2,22778.0,20331.1171875
1654,2024-03,1,chronos_2,21138.0,19842.11328125
1662,2024-03,1,chronos_2,20810.0,20417.45703125
1663,2024-03,1,chronos_2,22344.0,20594.26953125
1701,2024-03,1,chronos_2,22854.0,22040.228515625
1702,2024-03,1,chronos_2,20082.0,18907.142578125
1707,2024-03,1,chronos_2,32071.0,31235.07421875
1718,2024-03,1,chronos_2,22183.0,20768.130859375
1725,2024-03,1,chronos_2,21632.0,19920.470703125
1738,2024-03,1,chronos_2,21880.0,22141.119140625
1744,2024-03,1,chronos_2,20920.0,18998.642578125
1751,2024-03,1,chronos_2,19343.0,17945.291015625
1759,2024-03,1,chronos_2,22575.0,22088.978515625
1762,2024-03,1,chronos_2,20026.0,19536.439453125
1775,2024-03,1,chronos_2,22598.0,20792.603515625
1777,2024-03,1,chronos_2,24399.0,22648.73046875
1853,2024-03,1,chronos_2,22619.0,21346.515625
1854,2024-03,1,chronos_2,22287.0,20301.662109375
1856,2024-03,1,chronos_2,24422.0,22017.5859375
1860,2024-03,1,chronos_2,23122.0,19953.216796875
1863,2024-03,1,chronos_2,31616.0,31155.763671875
1865,2024-03,1,chronos_2,20728.0,20399.0703125
1870,2024-03,1,chronos_2,20447.0,20350.14453125
1880,2024-03,1,chronos_2,26960.0,25123.99609375
1884,2024-03,1,chronos_2,23525.0,21888.65234375
1890,2024-03,1,chronos_2,35793.0,35052.703125
1909,2024-03,1,chronos_2,21938.0,20427.75390625
1912,2024-03,1,chronos_2,27772.0,26472.404296875
1924,2024-03,1,chronos_2,18751.0,17995.408203125
1929,2024-03,1,chronos_2,21178.0,19567.837890625
1933,2024-03,1,chronos_2,22044.0,19618.00390625
1939,2024-03,1,chronos_2,20417.0,19013.708984375
1957,2024-03,1,chronos_2,40636.0,40364.4921875
1958,2024-03,1,chronos_2,53506.0,52565.10546875
1960,2024-03,1,chronos_2,35366.0,33342.48046875
1976,2024-03,1,chronos_2,30686.0,28038.533203125
1979,2024-03,1,chronos_2,40004.0,39408.41796875
1980,2024-03,1,chronos_2,30185.0,29508.4921875
1992,2024-03,1,chronos_2,29020.0,25756.830078125
1995,2024-03,1,chronos_2,29430.0,27787.134765625
2000,2024-03,1,chronos_2,36254.0,35399.1640625
2001,2024-03,1,chronos_2,29991.0,28076.953125
2007,2024-03,1,chronos_2,26636.0,25186.216796875
2021,2024-03,1,chronos_2,27065.0,24708.68359375
2024,2024-03,1,chronos_2,30259.0,30126.17578125
2036,2024-03,1,chronos_2,25800.0,23521.416015625
2044,2024-03,1,chronos_2,34820.0,34293.51953125
2048,2024-03,1,chronos_2,31892.0,29125.392578125
2063,2024-03,1,chronos_2,35328.0,34803.3671875
2077,2024-03,1,chronos_2,23220.0,22375.732421875
2085,2024-03,1,chronos_2,20691.0,20611.611328125
2089,2024-03,1,chronos_2,21835.0,19640.673828125
2122,2024-03,1,chronos_2,25278.0,23807.46875
2142,2024-03,1,chronos_2,26993.0,26118.78125
2144,2024-03,1,chronos_2,36888.0,36021.91015625
2155,2024-03,1,chronos_2,28570.0,27100.982421875
2156,2024-03,1,chronos_2,23164.0,22021.482421875
2161,2024-03,1,chronos_2,38554.0,38153.3828125
2176,2024-03,1,chronos_2,26569.0,23914.064453125
2187,2024-03,1,chronos_2,28763.0,26196.044921875
2194,2024-03,1,chronos_2,29063.0,27483.0625
2196,2024-03,1,chronos_2,25005.0,23697.80078125
2208,2024-03,1,chronos_2,27246.0,25678.576171875
2232,2024-03,1,chronos_2,37762.0,35887.7265625
2259,2024-03,1,chronos_2,20890.0,18701.712890625
2265,2024-03,1,chronos_2,18086.0,17607.458984375
2269,2024-03,1,chronos_2,18682.0,16941.791015625
2274,2024-03,1,chronos_2,20669.0,18664.369140625
2280,2024-03,1,chronos_2,31332.0,30538.818359375
2316,2024-03,1,chronos_2,22894.0,21040.11328125
2318,2024-03,1,chronos_2,37592.0,36883.58203125
2320,2024-03,1,chronos_2,32202.0,31693.828125
2324,2024-03,1,chronos_2,24856.0,22616.009765625
2343,2024-03,1,chronos_2,33884.0,33269.4375
2345,2024-03,1,chronos_2,56144.0,54092.328125
2374,2024-03,1,chronos_2,49267.0,48777.98046875
2375,2024-03,1,chronos_2,49768.0,49326.6015625
2391,2024-03,1,chronos_2,39972.0,39636.796875
2395,2024-03,1,chronos_2,37720.0,36903.74609375
2403,2024-03,1,chronos_2,42196.0,41656.64453125
2406,2024-03,1,chronos_2,44854.0,43942.41796875
2411,2024-03,1,chronos_2,45871.0,45106.05859375
2426,2024-03,1,chronos_2,49419.0,49036.22265625
2441,2024-03,1,chronos_2,55447.0,51858.71875
2444,2024-03,1,chronos_2,63708.0,62358.1484375
2465,2024-03,1,chronos_2,42784.0,41183.44921875
2474,2024-03,1,chronos_2,46223.0,44511.17578125
2490,2024-03,1,chronos_2,55119.0,53475.49609375
2495,2024-03,1,chronos_2,62338.0,61194.6640625
2498,2024-03,1,chronos_2,48166.0,46590.1015625
2500,2024-03,1,chronos_2,49674.0,48055.78515625
2503,2024-03,1,chronos_2,58424.0,56434.8046875
2531,2024-03,1,chronos_2,54129.0,52459.328125
2536,2024-03,1,chronos_2,61615.0,58847.2890625
2539,2024-03,1,chronos_2,54923.0,54381.2421875
2552,2024-03,1,chronos_2,47151.0,46036.921875
2554,2024-03,1,chronos_2,44648.0,43189.6640625
2555,2024-03,1,chronos_2,51694.0,49950.98046875
2556,2024-03,1,chronos_2,46662.0,45219.99609375
2560,2024-03,1,chronos_2,51778.0,50708.22265625
2582,2024-03,1,chronos_2,46549.0,44663.7578125
2589,2024-03,1,chronos_2,62044.0,60367.91015625
2590,2024-03,1,chronos_2,52241.0,51057.91796875
2605,2024-03,1,chronos_2,59421.0,58432.1796875
2620,2024-03,1,chronos_2,34971.0,33831.265625
2647,2024-03,1,chronos_2,33292.0,33076.91796875
12,2024-03,3,chronos_2,35521.0,30749.873046875
21,2024-03,3,chronos_2,35988.0,34622.87890625
42,2024-03,3,chronos_2,27400.0,26215.08984375
48,2024-03,3,chronos_2,20893.0,19297.033203125
49,2024-03,3,chronos_2,23738.0,22237.740234375
57,2024-03,3,chronos_2,30926.0,30088.798828125
81,2024-03,3,chronos_2,27001.0,25261.744140625
225,2024-03,3,chronos_2,49540.0,41238.40625
230,2024-03,3,chronos_2,30128.0,26184.328125
239,2024-03,3,chronos_2,30736.0,27289.537109375
243,2024-03,3,chronos_2,28679.0,27027.6484375
280,2024-03,3,chronos_2,19621.0,17583.25390625
287,2024-03,3,chronos_2,17599.0,15796.1494140625
295,2024-03,3,chronos_2,21776.0,19641.478515625
298,2024-03,3,chronos_2,23217.0,20603.14453125
314,2024-03,3,chronos_2,35048.0,28159.41015625
329,2024-03,3,chronos_2,36002.0,30374.8046875
337,2024-03,3,chronos_2,31484.0,25507.216796875
351,2024-03,3,chronos_2,26515.0,24753.603515625
355,2024-03,3,chronos_2,33844.0,32706.685546875
383,2024-03,3,chronos_2,22591.0,20356.732421875
384,2024-03,3,chronos_2,19063.0,17323.90625
392,2024-03,3,chronos_2,22087.0,19712.533203125
410,2024-03,3,chronos_2,27492.0,24397.142578125
414,2024-03,3,chronos_2,25574.0,20186.001953125
432,2024-03,3,chronos_2,24797.0,20732.5234375
436,2024-03,3,chronos_2,19288.0,16935.607421875
438,2024-03,3,chronos_2,19710.0,17577.958984375
455,2024-03,3,chronos_2,28878.0,25865.21875
485,2024-03,3,chronos_2,17195.0,15397.1328125
494,2024-03,3,chronos_2,18206.0,15903.380859375
504,2024-03,3,chronos_2,35878.0,32860.91015625
520,2024-03,3,chronos_2,19015.0,16054.3232421875
532,2024-03,3,chronos_2,21861.0,19111.46484375
534,2024-03,3,chronos_2,21030.0,18588.521484375
536,2024-03,3,chronos_2,22026.0,19046.7578125
541,2024-03,3,chronos_2,22627.0,18702.177734375
544,2024-03,3,chronos_2,22039.0,18994.458984375
550,2024-03,3,chronos_2,20962.0,18284.544921875
556,2024-03,3,chronos_2,17873.0,15080.8369140625
559,2024-03,3,chronos_2,22532.0,20131.16796875
562,2024-03,3,chronos_2,23584.0,19313.1484375
587,2024-03,3,chronos_2,30222.0,27356.791015625
608,2024-03,3,chronos_2,59949.0,54053.36328125
618,2024-03,3,chronos_2,51809.0,44662.65234375
670,2024-03,3,chronos_2,31796.0,28786.5859375
683,2024-03,3,chronos_2,22384.0,20543.341796875
693,2024-03,3,chronos_2,36973.0,34551.69140625
706,2024-03,3,chronos_2,22506.0,20332.3046875
714,2024-03,3,chronos_2,28062.0,24683.7265625
727,2024-03,3,chronos_2,38585.0,35779.3203125
778,2024-03,3,chronos_2,39027.0,37758.4453125
797,2024-03,3,chronos_2,30531.0,26949.736328125
801,2024-03,3,chronos_2,33872.0,31902.025390625
810,2024-03,3,chronos_2,24730.0,22829.23828125
812,2024-03,3,chronos_2,35259.0,33747.0
817,2024-03,3,chronos_2,23455.0,22245.2421875
825,2024-03,3,chronos_2,24263.0,23213.52734375
833,2024-03,3,chronos_2,23275.0,21612.015625
847,2024-03,3,chronos_2,42180.0,38119.6484375
859,2024-03,3,chronos_2,31284.0,26670.767578125
877,2024-03,3,chronos_2,27845.0,23740.1875
880,2024-03,3,chronos_2,25731.0,23710.603515625
892,2024-03,3,chronos_2,36477.0,32502.412109375
897,2024-03,3,chronos_2,32518.0,28495.38671875
899,2024-03,3,chronos_2,26427.0,24431.994140625
904,2024-03,3,chronos_2,24218.0,21535.2421875
922,2024-03,3,chronos_2,21909.0,18989.529296875
926,2024-03,3,chronos_2,20986.0,18842.603515625
929,2024-03,3,chronos_2,19548.0,18153.125
987,2024-03,3,chronos_2,30336.0,28589.4375
988,2024-03,3,chronos_2,35728.0,33957.984375
989,2024-03,3,chronos_2,32280.0,30870.591796875
995,2024-03,3,chronos_2,26190.0,23961.828125
999,2024-03,3,chronos_2,22471.0,20426.16015625
1002,2024-03,3,chronos_2,23126.0,21007.953125
1004,2024-03,3,chronos_2,25037.0,22496.453125
1009,2024-03,3,chronos_2,30817.0,28896.3671875
1011,2024-03,3,chronos_2,25905.0,23556.0
1014,2024-03,3,chronos_2,20046.0,17844.5546875
1017,2024-03,3,chronos_2,22197.0,19787.3046875
1028,2024-03,3,chronos_2,20973.0,18509.595703125
1039,2024-03,3,chronos_2,27483.0,26182.958984375
1052,2024-03,3,chronos_2,26343.0,22302.66015625
1053,2024-03,3,chronos_2,25088.0,23669.912109375
1071,2024-03,3,chronos_2,31450.0,29812.078125
1072,2024-03,3,chronos_2,28670.0,25487.744140625
1112,2024-03,3,chronos_2,27563.0,25251.494140625
1117,2024-03,3,chronos_2,35591.0,33813.63671875
1120,2024-03,3,chronos_2,24413.0,21815.412109375
1121,2024-03,3,chronos_2,22473.0,19612.564453125
1126,2024-03,3,chronos_2,21298.0,19003.35546875
1139,2024-03,3,chronos_2,31746.0,27792.244140625
1141,2024-03,3,chronos_2,39003.0,35520.47265625
1144,2024-03,3,chronos_2,25451.0,22956.431640625
1146,2024-03,3,chronos_2,26499.0,23002.896484375
1157,2024-03,3,chronos_2,34510.0,30078.0390625
1176,2024-03,3,chronos_2,40302.0,37797.56640625
1211,2024-03,3,chronos_2,27492.0,25347.791015625
1212,2024-03,3,chronos_2,31990.0,31146.7109375
1226,2024-03,3,chronos_2,33056.0,30392.56640625
1229,2024-03,3,chronos_2,33454.0,30926.0546875
1237,2024-03,3,chronos_2,29517.0,25310.544921875
1243,2024-03,3,chronos_2,36976.0,33690.0
1262,2024-03,3,chronos_2,24694.0,21700.435546875
1264,2024-03,3,chronos_2,20030.0,18210.791015625
1265,2024-03,3,chronos_2,21182.0,18457.833984375
1267,2024-03,3,chronos_2,18420.0,16411.7734375
1272,2024-03,3,chronos_2,21601.0,19341.29296875
1274,2024-03,3,chronos_2,20318.0,18082.640625
1276,2024-03,3,chronos_2,19648.0,18675.361328125
1287,2024-03,3,chronos_2,21302.0,20280.6640625
1305,2024-03,3,chronos_2,22558.0,25582.041015625
1313,2024-03,3,chronos_2,22167.0,18786.453125
1327,2024-03,3,chronos_2,21168.0,18962.68359375
1330,2024-03,3,chronos_2,21657.0,19531.62890625
1339,2024-03,3,chronos_2,16652.0,17008.294921875
1350,2024-03,3,chronos_2,18061.0,16276.96875
1405,2024-03,3,chronos_2,38751.0,33858.609375
1410,2024-03,3,chronos_2,37156.0,36591.62890625
1425,2024-03,3,chronos_2,21201.0,18677.87890625
1429,2024-03,3,chronos_2,24430.0,22452.841796875
1438,2024-03,3,chronos_2,51713.0,45223.5390625
1465,2024-03,3,chronos_2,47251.0,44281.93359375
1468,2024-03,3,chronos_2,46720.0,43957.2265625
1477,2024-03,3,chronos_2,38631.0,35756.27734375
1486,2024-03,3,chronos_2,35183.0,31948.9765625
1489,2024-03,3,chronos_2,38401.0,34270.5234375
1523,2024-03,3,chronos_2,38910.0,36557.8515625
1529,2024-03,3,chronos_2,25599.0,23154.919921875
1532,2024-03,3,chronos_2,25737.0,23786.716796875
1535,2024-03,3,chronos_2,24496.0,21386.642578125
1536,2024-03,3,chronos_2,25803.0,23312.173828125
1552,2024-03,3,chronos_2,22342.0,19276.615234375
1555,2024-03,3,chronos_2,26266.0,24490.728515625
1571,2024-03,3,chronos_2,26347.0,22568.603515625
1573,2024-03,3,chronos_2,25010.0,21703.23046875
1580,2024-03,3,chronos_2,23945.0,21823.345703125
1604,2024-03,3,chronos_2,27234.0,24716.349609375
1605,2024-03,3,chronos_2,21891.0,20574.53125
1606,2024-03,3,chronos_2,20318.0,18238.5859375
1607,2024-03,3,chronos_2,21299.0,19932.966796875
1610,2024-03,3,chronos_2,23236.0,21272.5546875
1611,2024-03,3,chronos_2,25734.0,22863.1171875
1612,2024-03,3,chronos_2,26553.0,23540.486328125
1615,2024-03,3,chronos_2,28695.0,25822.20703125
1617,2024-03,3,chronos_2,24451.0,22391.69140625
1618,2024-03,3,chronos_2,24795.0,22435.900390625
1635,2024-03,3,chronos_2,21082.0,18359.7421875
1640,2024-03,3,chronos_2,21417.0,19219.904296875
1644,2024-03,3,chronos_2,22423.0,20215.92578125
1654,2024-03,3,chronos_2,22622.0,19675.169921875
1662,2024-03,3,chronos_2,22894.0,20158.779296875
1663,2024-03,3,chronos_2,22945.0,20465.755859375
1701,2024-03,3,chronos_2,24592.0,21683.166015625
1702,2024-03,3,chronos_2,20100.0,18598.833984375
1707,2024-03,3,chronos_2,33252.0,30848.64453125
1718,2024-03,3,chronos_2,21600.0,20608.61328125
1725,2024-03,3,chronos_2,22462.0,19708.900390625
1738,2024-03,3,chronos_2,22234.0,21624.79296875
1744,2024-03,3,chronos_2,20438.0,18655.265625
1751,2024-03,3,chronos_2,20009.0,17728.70703125
1759,2024-03,3,chronos_2,22508.0,21799.8046875
1762,2024-03,3,chronos_2,20483.0,19209.060546875
1775,2024-03,3,chronos_2,22440.0,20542.90234375
1777,2024-03,3,chronos_2,25019.0,22341.212890625
1853,2024-03,3,chronos_2,23020.0,21160.25
1854,2024-03,3,chronos_2,22201.0,20071.69140625
1856,2024-03,3,chronos_2,24235.0,21838.46484375
1860,2024-03,3,chronos_2,22139.0,19914.93359375
1863,2024-03,3,chronos_2,32489.0,30600.28125
1865,2024-03,3,chronos_2,21544.0,20157.01953125
1870,2024-03,3,chronos_2,21816.0,19972.21875
1880,2024-03,3,chronos_2,27886.0,24662.5703125
1884,2024-03,3,chronos_2,25247.0,21556.21875
1890,2024-03,3,chronos_2,36760.0,34719.9375
1909,2024-03,3,chronos_2,22169.0,20220.58203125
1912,2024-03,3,chronos_2,29161.0,26011.251953125
1924,2024-03,3,chronos_2,19605.0,17839.359375
1929,2024-03,3,chronos_2,21091.0,19409.328125
1933,2024-03,3,chronos_2,21457.0,19312.9140625
1939,2024-03,3,chronos_2,21493.0,18849.154296875
1957,2024-03,3,chronos_2,42768.0,39918.99609375
1958,2024-03,3,chronos_2,58642.0,51392.80078125
1960,2024-03,3,chronos_2,35913.0,33186.9375
1976,2024-03,3,chronos_2,31038.0,27682.890625
1979,2024-03,3,chronos_2,40941.0,39230.171875
1980,2024-03,3,chronos_2,30186.0,29188.8984375
1992,2024-03,3,chronos_2,29041.0,25476.4765625
1995,2024-03,3,chronos_2,30560.0,27458.05859375
2000,2024-03,3,chronos_2,37586.0,35123.28125
2001,2024-03,3,chronos_2,31132.0,27683.94140625
2007,2024-03,3,chronos_2,26154.0,24982.568359375
2021,2024-03,3,chronos_2,28350.0,24525.326171875
2024,2024-03,3,chronos_2,31621.0,29720.6484375
2036,2024-03,3,chronos_2,27006.0,23297.353515625
2044,2024-03,3,chronos_2,35600.0,33843.53515625
2048,2024-03,3,chronos_2,32630.0,28728.482421875
2063,2024-03,3,chronos_2,36265.0,34316.546875
2077,2024-03,3,chronos_2,23523.0,22104.6171875
2085,2024-03,3,chronos_2,20250.0,20217.234375
2089,2024-03,3,chronos_2,21179.0,19466.654296875
2122,2024-03,3,chronos_2,26507.0,23597.958984375
2142,2024-03,3,chronos_2,27931.0,25659.3125
2144,2024-03,3,chronos_2,38810.0,35477.85546875
2155,2024-03,3,chronos_2,30742.0,26798.294921875
2156,2024-03,3,chronos_2,25878.0,21922.57421875
2161,2024-03,3,chronos_2,40287.0,37653.6171875
2176,2024-03,3,chronos_2,26991.0,23474.64453125
2187,2024-03,3,chronos_2,28197.0,25868.90625
2194,2024-03,3,chronos_2,29832.0,27176.04296875
2196,2024-03,3,chronos_2,25501.0,23158.201171875
2208,2024-03,3,chronos_2,26704.0,25249.51171875
2232,2024-03,3,chronos_2,40428.0,35012.35546875
2259,2024-03,3,chronos_2,21008.0,18595.537109375
2265,2024-03,3,chronos_2,18560.0,17519.44140625
2269,2024-03,3,chronos_2,17309.0,16821.814453125
2274,2024-03,3,chronos_2,20885.0,18501.3515625
2280,2024-03,3,chronos_2,32491.0,30319.00390625
2316,2024-03,3,chronos_2,25185.0,20785.416015625
2318,2024-03,3,chronos_2,38324.0,36491.3984375
2320,2024-03,3,chronos_2,32917.0,31334.017578125
2324,2024-03,3,chronos_2,24375.0,22417.046875
2343,2024-03,3,chronos_2,34750.0,33130.08203125
2345,2024-03,3,chronos_2,67206.0,53566.66796875
2374,2024-03,3,chronos_2,50779.0,48393.10546875
2375,2024-03,3,chronos_2,50459.0,48847.89453125
2391,2024-03,3,chronos_2,43349.0,39189.42578125
2395,2024-03,3,chronos_2,38695.0,36561.93359375
2403,2024-03,3,chronos_2,44289.0,41190.8125
2406,2024-03,3,chronos_2,47242.0,43451.3046875
2411,2024-03,3,chronos_2,46659.0,44578.55859375
2426,2024-03,3,chronos_2,49585.0,48658.12890625
2441,2024-03,3,chronos_2,58915.0,51174.6640625
2444,2024-03,3,chronos_2,65570.0,61664.90625
2465,2024-03,3,chronos_2,44157.0,40647.29296875
2474,2024-03,3,chronos_2,47175.0,43869.8359375
2490,2024-03,3,chronos_2,55587.0,52717.87109375
2495,2024-03,3,chronos_2,64334.0,60503.015625
2498,2024-03,3,chronos_2,49825.0,45982.1171875
2500,2024-03,3,chronos_2,50612.0,47374.99609375
2503,2024-03,3,chronos_2,60414.0,55707.26171875
2531,2024-03,3,chronos_2,54651.0,51865.96875
2536,2024-03,3,chronos_2,62750.0,58180.19140625
2539,2024-03,3,chronos_2,56197.0,53863.47265625
2552,2024-03,3,chronos_2,48797.0,45331.98046875
2554,2024-03,3,chronos_2,45915.0,42623.390625
2555,2024-03,3,chronos_2,53155.0,49285.78515625
2556,2024-03,3,chronos_2,47749.0,44619.10546875
2560,2024-03,3,chronos_2,52702.0,50122.30078125
2582,2024-03,3,chronos_2,47573.0,43996.99609375
2589,2024-03,3,chronos_2,63219.0,59597.765625
2590,2024-03,3,chronos_2,52944.0,50665.33203125
2605,2024-03,3,chronos_2,60964.0,57655.5703125
2620,2024-03,3,chronos_2,36316.0,33475.078125
2647,2024-03,3,chronos_2,33694.0,32754.09765625
12,2024-03,6,chronos_2,34278.0,29151.87890625
21,2024-03,6,chronos_2,34999.0,33949.3125
42,2024-03,6,chronos_2,27234.0,25703.26953125
48,2024-03,6,chronos_2,20446.0,19233.544921875
49,2024-03,6,chronos_2,23006.0,21945.537109375
57,2024-03,6,chronos_2,30506.0,29481.125
81,2024-03,6,chronos_2,26141.0,24687.380859375
225,2024-03,6,chronos_2,45385.0,39858.734375
230,2024-03,6,chronos_2,27191.0,26099.244140625
239,2024-03,6,chronos_2,27758.0,26961.578125
243,2024-03,6,chronos_2,26101.0,26790.46484375
280,2024-03,6,chronos_2,17969.0,17260.345703125
287,2024-03,6,chronos_2,16668.0,15697.6103515625
295,2024-03,6,chronos_2,20817.0,19265.359375
298,2024-03,6,chronos_2,22275.0,20338.064453125
314,2024-03,6,chronos_2,30365.0,27801.587890625
329,2024-03,6,chronos_2,30362.0,29285.033203125
337,2024-03,6,chronos_2,27076.0,25289.498046875
351,2024-03,6,chronos_2,26258.0,23710.78125
355,2024-03,6,chronos_2,33360.0,32028.59375
383,2024-03,6,chronos_2,21719.0,20289.98828125
384,2024-03,6,chronos_2,16604.0,17219.642578125
392,2024-03,6,chronos_2,22043.0,19539.232421875
410,2024-03,6,chronos_2,27876.0,23112.251953125
414,2024-03,6,chronos_2,24020.0,19626.4140625
432,2024-03,6,chronos_2,22187.0,20550.8046875
436,2024-03,6,chronos_2,18794.0,16856.576171875
438,2024-03,6,chronos_2,20029.0,17492.80078125
455,2024-03,6,chronos_2,28157.0,25428.98828125
485,2024-03,6,chronos_2,16449.0,15263.2822265625
494,2024-03,6,chronos_2,17166.0,15814.94140625
504,2024-03,6,chronos_2,34843.0,31842.232421875
520,2024-03,6,chronos_2,17621.0,15929.9794921875
532,2024-03,6,chronos_2,20132.0,18686.919921875
534,2024-03,6,chronos_2,19284.0,18290.505859375
536,2024-03,6,chronos_2,20663.0,18513.486328125
541,2024-03,6,chronos_2,19594.0,18097.275390625
544,2024-03,6,chronos_2,20412.0,18458.193359375
550,2024-03,6,chronos_2,20003.0,17970.833984375
556,2024-03,6,chronos_2,16470.0,14944.3798828125
559,2024-03,6,chronos_2,21790.0,19884.982421875
562,2024-03,6,chronos_2,20831.0,18865.267578125
587,2024-03,6,chronos_2,26461.0,26216.89453125
608,2024-03,6,chronos_2,57433.0,52828.375
618,2024-03,6,chronos_2,54724.0,42971.59765625
670,2024-03,6,chronos_2,32786.0,28320.91015625
683,2024-03,6,chronos_2,20444.0,20309.3671875
693,2024-03,6,chronos_2,36306.0,33380.86328125
706,2024-03,6,chronos_2,20465.0,19960.876953125
714,2024-03,6,chronos_2,25744.0,24299.935546875
727,2024-03,6,chronos_2,37045.0,34999.4609375
778,2024-03,6,chronos_2,38299.0,36402.40625
797,2024-03,6,chronos_2,29921.0,26696.0078125
801,2024-03,6,chronos_2,33327.0,31171.7265625
810,2024-03,6,chronos_2,24149.0,22327.03515625
812,2024-03,6,chronos_2,35759.0,32758.068359375
817,2024-03,6,chronos_2,23281.0,21298.318359375
825,2024-03,6,chronos_2,24278.0,22630.787109375
833,2024-03,6,chronos_2,23305.0,21130.12109375
847,2024-03,6,chronos_2,40282.0,37591.33984375
859,2024-03,6,chronos_2,30435.0,25988.41796875
877,2024-03,6,chronos_2,24016.0,23646.330078125
880,2024-03,6,chronos_2,25122.0,23212.3515625
892,2024-03,6,chronos_2,33665.0,31716.455078125
897,2024-03,6,chronos_2,30187.0,28069.869140625
899,2024-03,6,chronos_2,23476.0,24323.865234375
904,2024-03,6,chronos_2,21862.0,21437.380859375
922,2024-03,6,chronos_2,20828.0,18862.17578125
926,2024-03,6,chronos_2,20845.0,18629.041015625
929,2024-03,6,chronos_2,18593.0,17942.04296875
987,2024-03,6,chronos_2,29903.0,27917.751953125
988,2024-03,6,chronos_2,35042.0,33175.06640625
989,2024-03,6,chronos_2,31655.0,30261.4921875
995,2024-03,6,chronos_2,24578.0,23652.1640625
999,2024-03,6,chronos_2,22449.0,20266.7109375
1002,2024-03,6,chronos_2,22337.0,20920.578125
1004,2024-03,6,chronos_2,24309.0,22435.189453125
1009,2024-03,6,chronos_2,30129.0,28296.046875
1011,2024-03,6,chronos_2,25126.0,23090.17578125
1014,2024-03,6,chronos_2,19533.0,17781.521484375
1017,2024-03,6,chronos_2,22011.0,19628.63671875
1028,2024-03,6,chronos_2,20025.0,18380.06640625
1039,2024-03,6,chronos_2,28259.0,25437.66796875
1052,2024-03,6,chronos_2,23924.0,22142.203125
1053,2024-03,6,chronos_2,23267.0,23444.01953125
1071,2024-03,6,chronos_2,30186.0,28879.599609375
1072,2024-03,6,chronos_2,27566.0,25365.7734375
1112,2024-03,6,chronos_2,26964.0,24675.818359375
1117,2024-03,6,chronos_2,34958.0,32523.6328125
1120,2024-03,6,chronos_2,22073.0,21647.224609375
1121,2024-03,6,chronos_2,20496.0,19548.666015625
1126,2024-03,6,chronos_2,19529.0,18630.3828125
1139,2024-03,6,chronos_2,29171.0,27083.279296875
1141,2024-03,6,chronos_2,36564.0,34449.8828125
1144,2024-03,6,chronos_2,24262.0,22456.4375
1146,2024-03,6,chronos_2,23251.0,22874.228515625
1157,2024-03,6,chronos_2,32040.0,29457.39453125
1176,2024-03,6,chronos_2,39925.0,36784.03125
1211,2024-03,6,chronos_2,27828.0,24902.203125
1212,2024-03,6,chronos_2,32717.0,30363.23046875
1226,2024-03,6,chronos_2,32495.0,29386.794921875
1229,2024-03,6,chronos_2,32326.0,29909.810546875
1237,2024-03,6,chronos_2,29412.0,24789.828125
1243,2024-03,6,chronos_2,34443.0,32452.6953125
1262,2024-03,6,chronos_2,23120.0,21514.482421875
1264,2024-03,6,chronos_2,18125.0,18043.541015625
1265,2024-03,6,chronos_2,19803.0,18371.650390625
1267,2024-03,6,chronos_2,16676.0,16368.2255859375
1272,2024-03,6,chronos_2,19818.0,19252.482421875
1274,2024-03,6,chronos_2,19822.0,17941.5078125
1276,2024-03,6,chronos_2,19461.0,18575.42578125
1287,2024-03,6,chronos_2,19929.0,20181.244140625
1305,2024-03,6,chronos_2,21979.0,25108.671875
1313,2024-03,6,chronos_2,20790.0,18493.943359375
1327,2024-03,6,chronos_2,21358.0,18613.55078125
1330,2024-03,6,chronos_2,19249.0,19398.34765625
1339,2024-03,6,chronos_2,18562.0,16874.228515625
1350,2024-03,6,chronos_2,17369.0,16185.671875
1405,2024-03,6,chronos_2,37608.0,32875.95703125
1410,2024-03,6,chronos_2,36942.0,35981.65234375
1425,2024-03,6,chronos_2,21060.0,18663.37890625
1429,2024-03,6,chronos_2,24618.0,22279.373046875
1438,2024-03,6,chronos_2,47418.0,43227.16015625
1465,2024-03,6,chronos_2,46250.0,42870.5234375
1468,2024-03,6,chronos_2,45946.0,42580.01953125
1477,2024-03,6,chronos_2,39089.0,34579.2109375
1486,2024-03,6,chronos_2,35725.0,31049.458984375
1489,2024-03,6,chronos_2,38018.0,33256.84765625
1523,2024-03,6,chronos_2,38231.0,35613.34765625
1529,2024-03,6,chronos_2,24987.0,23126.529296875
1532,2024-03,6,chronos_2,25952.0,23432.53515625
1535,2024-03,6,chronos_2,24128.0,21246.40234375
1536,2024-03,6,chronos_2,25788.0,23097.771484375
1552,2024-03,6,chronos_2,20620.0,19032.548828125
1555,2024-03,6,chronos_2,27237.0,23981.9453125
1571,2024-03,6,chronos_2,25352.0,22153.15625
1573,2024-03,6,chronos_2,24409.0,21238.015625
1580,2024-03,6,chronos_2,23701.0,21615.181640625
1604,2024-03,6,chronos_2,27070.0,23904.724609375
1605,2024-03,6,chronos_2,21271.0,20057.787109375
1606,2024-03,6,chronos_2,19818.0,17833.12109375
1607,2024-03,6,chronos_2,19799.0,19469.171875
1610,2024-03,6,chronos_2,22420.0,20925.2890625
1611,2024-03,6,chronos_2,25766.0,22475.013671875
1612,2024-03,6,chronos_2,25407.0,23229.2421875
1615,2024-03,6,chronos_2,27995.0,25113.962890625
1617,2024-03,6,chronos_2,23667.0,21557.2578125
1618,2024-03,6,chronos_2,24063.0,21900.58203125
1635,2024-03,6,chronos_2,18630.0,18208.935546875
1640,2024-03,6,chronos_2,20385.0,18797.931640625
1644,2024-03,6,chronos_2,21272.0,20090.86328125
1654,2024-03,6,chronos_2,20384.0,19494.619140625
1662,2024-03,6,chronos_2,22688.0,19782.373046875
1663,2024-03,6,chronos_2,21212.0,20216.55078125
1701,2024-03,6,chronos_2,22867.0,21281.5234375
1702,2024-03,6,chronos_2,17582.0,18285.748046875
1707,2024-03,6,chronos_2,32692.0,30115.41015625
1718,2024-03,6,chronos_2,21489.0,20296.21875
1725,2024-03,6,chronos_2,21267.0,19440.73828125
1738,2024-03,6,chronos_2,21537.0,20966.61328125
1744,2024-03,6,chronos_2,19060.0,18296.29296875
1751,2024-03,6,chronos_2,18477.0,17409.96484375
1759,2024-03,6,chronos_2,21628.0,21368.23828125
1762,2024-03,6,chronos_2,19345.0,18847.48828125
1775,2024-03,6,chronos_2,23705.0,20322.484375
1777,2024-03,6,chronos_2,24011.0,22039.365234375
1853,2024-03,6,chronos_2,23537.0,21006.4921875
1854,2024-03,6,chronos_2,21517.0,19855.67578125
1856,2024-03,6,chronos_2,23689.0,21688.12109375
1860,2024-03,6,chronos_2,22224.0,19960.556640625
1863,2024-03,6,chronos_2,32332.0,29795.779296875
1865,2024-03,6,chronos_2,22183.0,19759.638671875
1870,2024-03,6,chronos_2,21398.0,19674.78125
1880,2024-03,6,chronos_2,26070.0,24028.4140625
1884,2024-03,6,chronos_2,24443.0,21256.65625
1890,2024-03,6,chronos_2,35157.0,33673.8203125
1909,2024-03,6,chronos_2,21760.0,19863.740234375
1912,2024-03,6,chronos_2,26384.0,25281.31640625
1924,2024-03,6,chronos_2,18930.0,17599.580078125
1929,2024-03,6,chronos_2,20027.0,19241.677734375
1933,2024-03,6,chronos_2,19196.0,18956.201171875
1939,2024-03,6,chronos_2,20397.0,18663.0859375
1957,2024-03,6,chronos_2,41902.0,39322.38671875
1958,2024-03,6,chronos_2,55949.0,49745.40234375
1960,2024-03,6,chronos_2,33781.0,33147.16015625
1976,2024-03,6,chronos_2,29022.0,27411.630859375
1979,2024-03,6,chronos_2,39671.0,38427.109375
1980,2024-03,6,chronos_2,31515.0,28912.798828125
1992,2024-03,6,chronos_2,25997.0,25059.703125
1995,2024-03,6,chronos_2,29077.0,26857.796875
2000,2024-03,6,chronos_2,36212.0,34294.421875
2001,2024-03,6,chronos_2,28048.0,27345.919921875
2007,2024-03,6,chronos_2,25097.0,24838.54296875
2021,2024-03,6,chronos_2,26452.0,24410.236328125
2024,2024-03,6,chronos_2,30598.0,28932.939453125
2036,2024-03,6,chronos_2,25087.0,23093.80859375
2044,2024-03,6,chronos_2,35203.0,32886.31640625
2048,2024-03,6,chronos_2,32332.0,28187.83203125
2063,2024-03,6,chronos_2,36367.0,33066.92578125
2077,2024-03,6,chronos_2,22552.0,21710.4296875
2085,2024-03,6,chronos_2,19815.0,19697.892578125
2089,2024-03,6,chronos_2,20706.0,19384.02734375
2122,2024-03,6,chronos_2,27068.0,23195.03515625
2142,2024-03,6,chronos_2,25849.0,24871.814453125
2144,2024-03,6,chronos_2,37284.0,34357.828125
2155,2024-03,6,chronos_2,28107.0,26408.693359375
2156,2024-03,6,chronos_2,23501.0,21851.5625
2161,2024-03,6,chronos_2,38126.0,36203.1953125
2176,2024-03,6,chronos_2,25344.0,23183.447265625
2187,2024-03,6,chronos_2,27958.0,25384.36328125
2194,2024-03,6,chronos_2,28442.0,26663.10546875
2196,2024-03,6,chronos_2,22322.0,22496.130859375
2208,2024-03,6,chronos_2,24718.0,24485.0078125
2232,2024-03,6,chronos_2,36596.0,33928.578125
2259,2024-03,6,chronos_2,20179.0,18413.294921875
2265,2024-03,6,chronos_2,17552.0,17332.6640625
2269,2024-03,6,chronos_2,17430.0,16751.357421875
2274,2024-03,6,chronos_2,19967.0,18309.533203125
2280,2024-03,6,chronos_2,31254.0,29499.345703125
2316,2024-03,6,chronos_2,25013.0,20494.546875
2318,2024-03,6,chronos_2,37094.0,35624.99609375
2320,2024-03,6,chronos_2,31924.0,30584.830078125
2324,2024-03,6,chronos_2,24465.0,22322.419921875
2343,2024-03,6,chronos_2,32867.0,32272.470703125
2345,2024-03,6,chronos_2,67196.0,51316.8046875
2374,2024-03,6,chronos_2,49477.0,47117.3203125
2375,2024-03,6,chronos_2,48226.0,47384.7890625
2391,2024-03,6,chronos_2,42197.0,38127.69921875
2395,2024-03,6,chronos_2,37352.0,35549.5390625
2403,2024-03,6,chronos_2,42852.0,39923.7890625
2406,2024-03,6,chronos_2,45612.0,42222.1015625
2411,2024-03,6,chronos_2,47372.0,42932.55078125
2426,2024-03,6,chronos_2,47660.0,47130.84375
2441,2024-03,6,chronos_2,57420.0,50068.35546875
2444,2024-03,6,chronos_2,66666.0,59990.0078125
2465,2024-03,6,chronos_2,42503.0,39494.75
2474,2024-03,6,chronos_2,46304.0,42646.546875
2490,2024-03,6,chronos_2,54926.0,51155.359375
2495,2024-03,6,chronos_2,64345.0,58846.1796875
2498,2024-03,6,chronos_2,48922.0,44741.6796875
2500,2024-03,6,chronos_2,49071.0,45952.33203125
2503,2024-03,6,chronos_2,58171.0,54013.01953125
2531,2024-03,6,chronos_2,53304.0,50475.54296875
2536,2024-03,6,chronos_2,62439.0,56823.48828125
2539,2024-03,6,chronos_2,55715.0,52094.07421875
2552,2024-03,6,chronos_2,46890.0,43802.36328125
2554,2024-03,6,chronos_2,45011.0,41548.75390625
2555,2024-03,6,chronos_2,51722.0,47762.19921875
2556,2024-03,6,chronos_2,46980.0,43395.26953125
2560,2024-03,6,chronos_2,50740.0,48734.64453125
2582,2024-03,6,chronos_2,46125.0,42669.58984375
2589,2024-03,6,chronos_2,61705.0,57887.1015625
2590,2024-03,6,chronos_2,51280.0,49311.859375
2605,2024-03,6,chronos_2,58461.0,55760.99609375
2620,2024-03,6,chronos_2,34498.0,32737.953125
2647,2024-03,6,chronos_2,33859.0,31953.794921875
12,2024-04,1,chronos_2,34220.0,32024.41796875
21,2024-04,1,chronos_2,35615.0,35257.08984375
42,2024-04,1,chronos_2,27014.0,26434.607421875
48,2024-04,1,chronos_2,19838.0,19618.6171875
49,2024-04,1,chronos_2,24257.0,22907.974609375
57,2024-04,1,chronos_2,30959.0,30958.41015625
81,2024-04,1,chronos_2,26862.0,25903.771484375
225,2024-04,1,chronos_2,48616.0,43276.0625
230,2024-04,1,chronos_2,26978.0,26477.513671875
239,2024-04,1,chronos_2,30378.0,28603.029296875
243,2024-04,1,chronos_2,23530.0,27420.341796875
280,2024-04,1,chronos_2,19203.0,18966.046875
287,2024-04,1,chronos_2,16930.0,16358.5419921875
295,2024-04,1,chronos_2,21270.0,20338.890625
298,2024-04,1,chronos_2,23054.0,21452.658203125
314,2024-04,1,chronos_2,29963.0,28821.01953125
329,2024-04,1,chronos_2,29964.0,30349.912109375
337,2024-04,1,chronos_2,28625.0,26069.373046875
351,2024-04,1,chronos_2,25394.0,24899.32421875
355,2024-04,1,chronos_2,33464.0,32859.19140625
383,2024-04,1,chronos_2,22008.0,20883.8359375
384,2024-04,1,chronos_2,18088.0,17716.78125
392,2024-04,1,chronos_2,21594.0,20590.7421875
410,2024-04,1,chronos_2,25326.0,24386.00390625
414,2024-04,1,chronos_2,23080.0,20953.07421875
432,2024-04,1,chronos_2,23651.0,21825.2734375
436,2024-04,1,chronos_2,17933.0,17555.1796875
438,2024-04,1,chronos_2,19785.0,18173.056640625
455,2024-04,1,chronos_2,28777.0,26326.916015625
485,2024-04,1,chronos_2,16502.0,15905.255859375
494,2024-04,1,chronos_2,17272.0,16273.6005859375
504,2024-04,1,chronos_2,34969.0,33612.27734375
520,2024-04,1,chronos_2,18157.0,17025.416015625
532,2024-04,1,chronos_2,21007.0,20006.337890625
534,2024-04,1,chronos_2,20071.0,18914.287109375
536,2024-04,1,chronos_2,21122.0,19471.296875
541,2024-04,1,chronos_2,20915.0,19642.080078125
544,2024-04,1,chronos_2,21774.0,19702.12890625
550,2024-04,1,chronos_2,19961.0,18406.76953125
556,2024-04,1,chronos_2,17764.0,15647.677734375
559,2024-04,1,chronos_2,21939.0,20500.373046875
562,2024-04,1,chronos_2,22583.0,19794.275390625
587,2024-04,1,chronos_2,28827.0,28043.162109375
608,2024-04,1,chronos_2,57690.0,54968.1875
618,2024-04,1,chronos_2,45619.0,45298.67578125
670,2024-04,1,chronos_2,29989.0,28953.4296875
683,2024-04,1,chronos_2,21921.0,21017.68359375
693,2024-04,1,chronos_2,35244.0,34148.7734375
706,2024-04,1,chronos_2,22624.0,21283.71484375
714,2024-04,1,chronos_2,27101.0,25354.419921875
727,2024-04,1,chronos_2,37515.0,36457.83984375
778,2024-04,1,chronos_2,38395.0,38277.6640625
797,2024-04,1,chronos_2,28833.0,27447.287109375
801,2024-04,1,chronos_2,33704.0,32911.8828125
810,2024-04,1,chronos_2,24124.0,23598.234375
812,2024-04,1,chronos_2,34090.0,33928.43359375
817,2024-04,1,chronos_2,22937.0,22740.927734375
825,2024-04,1,chronos_2,23722.0,23546.697265625
833,2024-04,1,chronos_2,22876.0,22341.296875
847,2024-04,1,chronos_2,41564.0,39126.90625
859,2024-04,1,chronos_2,29748.0,27421.6171875
877,2024-04,1,chronos_2,26119.0,24085.3984375
880,2024-04,1,chronos_2,25604.0,23530.35546875
892,2024-04,1,chronos_2,35606.0,33138.62109375
897,2024-04,1,chronos_2,32019.0,29392.265625
899,2024-04,1,chronos_2,25774.0,25286.08203125
904,2024-04,1,chronos_2,23915.0,22006.62109375
922,2024-04,1,chronos_2,20734.0,19865.078125
926,2024-04,1,chronos_2,20186.0,19301.958984375
929,2024-04,1,chronos_2,19784.0,18568.421875
987,2024-04,1,chronos_2,30397.0,29090.837890625
988,2024-04,1,chronos_2,35204.0,34272.70703125
989,2024-04,1,chronos_2,32064.0,31225.662109375
995,2024-04,1,chronos_2,26597.0,25178.16796875
999,2024-04,1,chronos_2,23252.0,21540.873046875
1002,2024-04,1,chronos_2,21717.0,21490.935546875
1004,2024-04,1,chronos_2,24969.0,23012.63671875
1009,2024-04,1,chronos_2,30481.0,29656.150390625
1011,2024-04,1,chronos_2,25006.0,24052.369140625
1014,2024-04,1,chronos_2,19725.0,18115.15625
1017,2024-04,1,chronos_2,22243.0,20604.556640625
1028,2024-04,1,chronos_2,20984.0,18920.6640625
1039,2024-04,1,chronos_2,27024.0,26859.966796875
1052,2024-04,1,chronos_2,26083.0,23615.310546875
1053,2024-04,1,chronos_2,25996.0,24600.322265625
1071,2024-04,1,chronos_2,31322.0,30279.103515625
1072,2024-04,1,chronos_2,28709.0,26322.5078125
1112,2024-04,1,chronos_2,27374.0,26040.7109375
1117,2024-04,1,chronos_2,34609.0,33744.05859375
1120,2024-04,1,chronos_2,24138.0,22310.884765625
1121,2024-04,1,chronos_2,21099.0,20099.26953125
1126,2024-04,1,chronos_2,20616.0,19863.1875
1139,2024-04,1,chronos_2,30546.0,28793.634765625
1141,2024-04,1,chronos_2,38507.0,36520.953125
1144,2024-04,1,chronos_2,25017.0,23159.326171875
1146,2024-04,1,chronos_2,25782.0,23799.138671875
1157,2024-04,1,chronos_2,34188.0,31175.861328125
1176,2024-04,1,chronos_2,40375.0,38455.8515625
1211,2024-04,1,chronos_2,28065.0,26230.626953125
1212,2024-04,1,chronos_2,31194.0,31122.251953125
1226,2024-04,1,chronos_2,32412.0,31352.115234375
1229,2024-04,1,chronos_2,33055.0,31705.96484375
1237,2024-04,1,chronos_2,28503.0,26494.107421875
1243,2024-04,1,chronos_2,37071.0,34701.359375
1262,2024-04,1,chronos_2,23981.0,22810.927734375
1264,2024-04,1,chronos_2,20665.0,18668.791015625
1265,2024-04,1,chronos_2,20508.0,19123.498046875
1267,2024-04,1,chronos_2,18434.0,17444.685546875
1272,2024-04,1,chronos_2,21041.0,20252.439453125
1274,2024-04,1,chronos_2,19622.0,18606.92578125
1276,2024-04,1,chronos_2,20337.0,18956.1171875
1287,2024-04,1,chronos_2,21195.0,20699.287109375
1305,2024-04,1,chronos_2,25387.0,26646.255859375
1313,2024-04,1,chronos_2,21642.0,20149.150390625
1327,2024-04,1,chronos_2,21643.0,19867.8203125
1330,2024-04,1,chronos_2,21486.0,20312.822265625
1339,2024-04,1,chronos_2,17133.0,16870.375
1350,2024-04,1,chronos_2,18008.0,16720.447265625
1405,2024-04,1,chronos_2,38412.0,34917.875
1410,2024-04,1,chronos_2,37189.0,36996.5859375
1425,2024-04,1,chronos_2,19334.0,19365.107421875
1429,2024-04,1,chronos_2,24667.0,23189.048828125
1438,2024-04,1,chronos_2,48525.0,45211.9765625
1465,2024-04,1,chronos_2,46414.0,44773.40234375
1468,2024-04,1,chronos_2,46063.0,44492.0703125
1477,2024-04,1,chronos_2,38037.0,36260.58203125
1486,2024-04,1,chronos_2,34413.0,33137.6015625
1489,2024-04,1,chronos_2,38184.0,35562.2578125
1523,2024-04,1,chronos_2,38437.0,36938.6171875
1529,2024-04,1,chronos_2,25251.0,23694.75390625
1532,2024-04,1,chronos_2,25233.0,24163.142578125
1535,2024-04,1,chronos_2,23808.0,21760.01171875
1536,2024-04,1,chronos_2,25651.0,23450.57421875
1552,2024-04,1,chronos_2,22221.0,19867.388671875
1555,2024-04,1,chronos_2,25692.0,24733.66015625
1571,2024-04,1,chronos_2,25256.0,23920.45703125
1573,2024-04,1,chronos_2,23278.0,22323.716796875
1580,2024-04,1,chronos_2,23908.0,22312.236328125
1604,2024-04,1,chronos_2,25870.0,25378.568359375
1605,2024-04,1,chronos_2,21356.0,21025.544921875
1606,2024-04,1,chronos_2,19378.0,18765.8671875
1607,2024-04,1,chronos_2,20354.0,19963.099609375
1610,2024-04,1,chronos_2,22704.0,21697.580078125
1611,2024-04,1,chronos_2,24756.0,23210.611328125
1612,2024-04,1,chronos_2,25612.0,23901.388671875
1615,2024-04,1,chronos_2,27547.0,26474.62109375
1617,2024-04,1,chronos_2,24117.0,22959.111328125
1618,2024-04,1,chronos_2,23902.0,23256.6484375
1635,2024-04,1,chronos_2,20830.0,19082.296875
1640,2024-04,1,chronos_2,21144.0,19446.005859375
1644,2024-04,1,chronos_2,21172.0,21037.46875
1654,2024-04,1,chronos_2,21982.0,20084.900390625
1662,2024-04,1,chronos_2,21474.0,20344.6328125
1663,2024-04,1,chronos_2,22881.0,21123.603515625
1701,2024-04,1,chronos_2,23707.0,22022.048828125
1702,2024-04,1,chronos_2,20778.0,19276.373046875
1707,2024-04,1,chronos_2,32779.0,31325.314453125
1718,2024-04,1,chronos_2,22037.0,21332.50390625
1725,2024-04,1,chronos_2,21511.0,20498.173828125
1738,2024-04,1,chronos_2,22034.0,21608.51953125
1744,2024-04,1,chronos_2,20066.0,19808.876953125
1751,2024-04,1,chronos_2,19212.0,18406.908203125
1759,2024-04,1,chronos_2,22381.0,22235.46875
1762,2024-04,1,chronos_2,20391.0,19652.537109375
1775,2024-04,1,chronos_2,23915.0,21102.03515625
1777,2024-04,1,chronos_2,25406.0,23127.87890625
1853,2024-04,1,chronos_2,22644.0,21657.787109375
1854,2024-04,1,chronos_2,21727.0,21005.70703125
1856,2024-04,1,chronos_2,24623.0,22607.025390625
1860,2024-04,1,chronos_2,23519.0,21213.357421875
1863,2024-04,1,chronos_2,32186.0,30824.322265625
1865,2024-04,1,chronos_2,21412.0,20320.58203125
1870,2024-04,1,chronos_2,20959.0,20037.248046875
1880,2024-04,1,chronos_2,26876.0,25698.67578125
1884,2024-04,1,chronos_2,24106.0,22421.365234375
1890,2024-04,1,chronos_2,35929.0,35208.171875
1909,2024-04,1,chronos_2,21292.0,20884.265625
1912,2024-04,1,chronos_2,26959.0,26511.22265625
1924,2024-04,1,chronos_2,18802.0,18202.591796875
1929,2024-04,1,chronos_2,20751.0,19997.728515625
1933,2024-04,1,chronos_2,21930.0,20538.57421875
1939,2024-04,1,chronos_2,21450.0,19370.791015625
1957,2024-04,1,chronos_2,41703.0,39899.78125
1958,2024-04,1,chronos_2,55582.0,51473.796875
1960,2024-04,1,chronos_2,35077.0,34224.578125
1976,2024-04,1,chronos_2,31632.0,29297.740234375
1979,2024-04,1,chronos_2,39781.0,39594.2265625
1980,2024-04,1,chronos_2,29419.0,29500.04296875
1992,2024-04,1,chronos_2,27711.0,27204.966796875
1995,2024-04,1,chronos_2,29059.0,28519.404296875
2000,2024-04,1,chronos_2,36453.0,35678.78515625
2001,2024-04,1,chronos_2,30635.0,28809.109375
2007,2024-04,1,chronos_2,26441.0,25630.333984375
2021,2024-04,1,chronos_2,27320.0,25315.6484375
2024,2024-04,1,chronos_2,31217.0,29952.849609375
2036,2024-04,1,chronos_2,26022.0,24113.599609375
2044,2024-04,1,chronos_2,35556.0,34096.3515625
2048,2024-04,1,chronos_2,32509.0,29927.16015625
2063,2024-04,1,chronos_2,35729.0,34591.9453125
2077,2024-04,1,chronos_2,23314.0,22793.818359375
2085,2024-04,1,chronos_2,20996.0,20385.3359375
2089,2024-04,1,chronos_2,21179.0,20553.607421875
2122,2024-04,1,chronos_2,26855.0,24130.77734375
2142,2024-04,1,chronos_2,28244.0,26129.486328125
2144,2024-04,1,chronos_2,37744.0,36096.5625
2155,2024-04,1,chronos_2,29604.0,27390.27734375
2156,2024-04,1,chronos_2,23995.0,22267.99609375
2161,2024-04,1,chronos_2,38953.0,37942.55078125
2176,2024-04,1,chronos_2,27258.0,25067.60546875
2187,2024-04,1,chronos_2,27134.0,26963.7109375
2194,2024-04,1,chronos_2,29067.0,27749.462890625
2196,2024-04,1,chronos_2,25758.0,23544.45703125
2208,2024-04,1,chronos_2,26882.0,26090.41796875
2232,2024-04,1,chronos_2,38972.0,36127.10546875
2259,2024-04,1,chronos_2,20303.0,19366.908203125
2265,2024-04,1,chronos_2,18401.0,17668.478515625
2269,2024-04,1,chronos_2,18173.0,17485.361328125
2274,2024-04,1,chronos_2,20852.0,19205.572265625
2280,2024-04,1,chronos_2,31739.0,30873.775390625
2316,2024-04,1,chronos_2,23294.0,21711.75
2318,2024-04,1,chronos_2,38520.0,36886.01171875
2320,2024-04,1,chronos_2,33290.0,31612.865234375
2324,2024-04,1,chronos_2,25407.0,23167.91015625
2343,2024-04,1,chronos_2,33875.0,33590.09765625
2345,2024-04,1,chronos_2,60395.0,54134.0078125
2374,2024-04,1,chronos_2,51218.0,48662.8359375
2375,2024-04,1,chronos_2,50604.0,49058.17578125
2391,2024-04,1,chronos_2,41809.0,39655.23046875
2395,2024-04,1,chronos_2,39317.0,37149.5078125
2403,2024-04,1,chronos_2,44115.0,41481.078125
2406,2024-04,1,chronos_2,46747.0,44032.90625
2411,2024-04,1,chronos_2,46938.0,45221.34375
2426,2024-04,1,chronos_2,50007.0,48850.55859375
2441,2024-04,1,chronos_2,56813.0,53478.65234375
2444,2024-04,1,chronos_2,65102.0,62806.77734375
2465,2024-04,1,chronos_2,43227.0,41532.0078125
2474,2024-04,1,chronos_2,46249.0,44989.3125
2490,2024-04,1,chronos_2,55286.0,53728.453125
2495,2024-04,1,chronos_2,62717.0,61246.9765625
2498,2024-04,1,chronos_2,48753.0,46926.3203125
2500,2024-04,1,chronos_2,49860.0,48503.55859375
2503,2024-04,1,chronos_2,58303.0,57026.90625
2531,2024-04,1,chronos_2,54209.0,52933.48828125
2536,2024-04,1,chronos_2,61266.0,60032.625
2539,2024-04,1,chronos_2,55528.0,54104.3359375
2552,2024-04,1,chronos_2,47728.0,46059.98046875
2554,2024-04,1,chronos_2,45511.0,43547.66796875
2555,2024-04,1,chronos_2,52138.0,50485.28125
2556,2024-04,1,chronos_2,46733.0,45450.84375
2560,2024-04,1,chronos_2,51789.0,50710.08203125
2582,2024-04,1,chronos_2,47111.0,45320.48046875
2589,2024-04,1,chronos_2,62311.0,60479.984375
2590,2024-04,1,chronos_2,52552.0,51344.18359375
2605,2024-04,1,chronos_2,59372.0,58174.234375
2620,2024-04,1,chronos_2,35259.0,34053.57421875
2647,2024-04,1,chronos_2,33147.0,32957.5546875
12,2024-04,3,chronos_2,37008.0,31735.57421875
21,2024-04,3,chronos_2,36788.0,35464.36328125
42,2024-04,3,chronos_2,28285.0,26481.833984375
48,2024-04,3,chronos_2,21097.0,19632.154296875
49,2024-04,3,chronos_2,24384.0,22870.8828125
57,2024-04,3,chronos_2,31766.0,31139.619140625
81,2024-04,3,chronos_2,27257.0,26004.958984375
225,2024-04,3,chronos_2,52057.0,42383.98046875
230,2024-04,3,chronos_2,31776.0,26461.078125
239,2024-04,3,chronos_2,32380.0,28211.529296875
243,2024-04,3,chronos_2,31679.0,27184.373046875
280,2024-04,3,chronos_2,20258.0,18502.88671875
287,2024-04,3,chronos_2,17870.0,16265.896484375
295,2024-04,3,chronos_2,23072.0,20261.42578125
298,2024-04,3,chronos_2,23494.0,21308.40625
314,2024-04,3,chronos_2,34536.0,28821.0078125
329,2024-04,3,chronos_2,32919.0,30357.1640625
337,2024-04,3,chronos_2,29693.0,25975.01953125
351,2024-04,3,chronos_2,27914.0,24948.314453125
355,2024-04,3,chronos_2,34902.0,33226.45703125
383,2024-04,3,chronos_2,22831.0,20803.267578125
384,2024-04,3,chronos_2,19023.0,17538.236328125
392,2024-04,3,chronos_2,23032.0,20433.375
410,2024-04,3,chronos_2,26830.0,24427.099609375
414,2024-04,3,chronos_2,25370.0,20894.41796875
432,2024-04,3,chronos_2,23549.0,21574.69140625
436,2024-04,3,chronos_2,19315.0,17446.81640625
438,2024-04,3,chronos_2,20995.0,18062.79296875
455,2024-04,3,chronos_2,30880.0,26254.533203125
485,2024-04,3,chronos_2,17550.0,15756.2685546875
494,2024-04,3,chronos_2,19013.0,16175.169921875
504,2024-04,3,chronos_2,36669.0,33572.78125
520,2024-04,3,chronos_2,19222.0,16825.962890625
532,2024-04,3,chronos_2,22870.0,19903.060546875
534,2024-04,3,chronos_2,22389.0,18882.59765625
536,2024-04,3,chronos_2,22563.0,19354.826171875
541,2024-04,3,chronos_2,22715.0,19390.263671875
544,2024-04,3,chronos_2,23202.0,19607.32421875
550,2024-04,3,chronos_2,21547.0,18439.951171875
556,2024-04,3,chronos_2,17905.0,15619.3525390625
559,2024-04,3,chronos_2,22930.0,20560.15625
562,2024-04,3,chronos_2,23401.0,19806.203125
587,2024-04,3,chronos_2,30167.0,27912.01953125
608,2024-04,3,chronos_2,61431.0,54721.04296875
618,2024-04,3,chronos_2,54600.0,45451.1484375
670,2024-04,3,chronos_2,33209.0,28987.638671875
683,2024-04,3,chronos_2,22516.0,21012.62109375
693,2024-04,3,chronos_2,38665.0,34190.48828125
706,2024-04,3,chronos_2,22647.0,20931.474609375
714,2024-04,3,chronos_2,28325.0,25249.337890625
727,2024-04,3,chronos_2,39208.0,36553.8046875
778,2024-04,3,chronos_2,41033.0,38188.8359375
797,2024-04,3,chronos_2,29683.0,27393.06640625
801,2024-04,3,chronos_2,36778.0,32951.6328125
810,2024-04,3,chronos_2,25717.0,23764.0703125
812,2024-04,3,chronos_2,36507.0,34196.3671875
817,2024-04,3,chronos_2,24059.0,22778.38671875
825,2024-04,3,chronos_2,24652.0,23756.26171875
833,2024-04,3,chronos_2,24350.0,22406.890625
847,2024-04,3,chronos_2,44974.0,38931.36328125
859,2024-04,3,chronos_2,33965.0,27286.587890625
877,2024-04,3,chronos_2,25761.0,24237.994140625
880,2024-04,3,chronos_2,25481.0,23625.310546875
892,2024-04,3,chronos_2,37411.0,32946.84375
897,2024-04,3,chronos_2,32881.0,29320.357421875
899,2024-04,3,chronos_2,26736.0,25148.943359375
904,2024-04,3,chronos_2,24593.0,21893.416015625
922,2024-04,3,chronos_2,21981.0,19752.81640625
926,2024-04,3,chronos_2,21029.0,19249.515625
929,2024-04,3,chronos_2,19466.0,18542.791015625
987,2024-04,3,chronos_2,31279.0,29130.6328125
988,2024-04,3,chronos_2,36276.0,34417.9453125
989,2024-04,3,chronos_2,32999.0,31363.970703125
995,2024-04,3,chronos_2,26415.0,24792.44140625
999,2024-04,3,chronos_2,23327.0,21305.63671875
1002,2024-04,3,chronos_2,22575.0,21427.44140625
1004,2024-04,3,chronos_2,25338.0,22989.9296875
1009,2024-04,3,chronos_2,31420.0,29731.03515625
1011,2024-04,3,chronos_2,26610.0,24099.966796875
1014,2024-04,3,chronos_2,19581.0,18155.5
1017,2024-04,3,chronos_2,22043.0,20517.1796875
1028,2024-04,3,chronos_2,22020.0,18825.10546875
1039,2024-04,3,chronos_2,27953.0,27074.021484375
1052,2024-04,3,chronos_2,26700.0,23317.365234375
1053,2024-04,3,chronos_2,24419.0,24286.0703125
1071,2024-04,3,chronos_2,31923.0,30288.25
1072,2024-04,3,chronos_2,29455.0,26163.751953125
1112,2024-04,3,chronos_2,28238.0,25976.142578125
1117,2024-04,3,chronos_2,37487.0,33856.41796875
1120,2024-04,3,chronos_2,24532.0,22126.330078125
1121,2024-04,3,chronos_2,21563.0,19981.9765625
1126,2024-04,3,chronos_2,21829.0,19756.205078125
1139,2024-04,3,chronos_2,32676.0,28684.54296875
1141,2024-04,3,chronos_2,40065.0,36183.2109375
1144,2024-04,3,chronos_2,26094.0,23199.416015625
1146,2024-04,3,chronos_2,25934.0,23519.53515625
1157,2024-04,3,chronos_2,35729.0,30879.837890625
1176,2024-04,3,chronos_2,41951.0,38514.34765625
1211,2024-04,3,chronos_2,28982.0,26241.806640625
1212,2024-04,3,chronos_2,33177.0,31346.474609375
1226,2024-04,3,chronos_2,33891.0,31237.828125
1229,2024-04,3,chronos_2,34723.0,31579.3046875
1237,2024-04,3,chronos_2,31090.0,26118.3203125
1243,2024-04,3,chronos_2,37711.0,34866.68359375
1262,2024-04,3,chronos_2,24819.0,22598.30859375
1264,2024-04,3,chronos_2,21022.0,18505.34765625
1265,2024-04,3,chronos_2,22418.0,18977.70703125
1267,2024-04,3,chronos_2,19066.0,17181.935546875
1272,2024-04,3,chronos_2,21958.0,20098.912109375
1274,2024-04,3,chronos_2,21233.0,18430.498046875
1276,2024-04,3,chronos_2,19632.0,18902.9140625
1287,2024-04,3,chronos_2,22693.0,20613.578125
1305,2024-04,3,chronos_2,21597.0,26409.23828125
1313,2024-04,3,chronos_2,22910.0,19870.21875
1327,2024-04,3,chronos_2,21863.0,19713.87109375
1330,2024-04,3,chronos_2,21792.0,20253.583984375
1339,2024-04,3,chronos_2,17975.0,16864.01953125
1350,2024-04,3,chronos_2,17700.0,16617.587890625
1405,2024-04,3,chronos_2,39155.0,34942.2890625
1410,2024-04,3,chronos_2,38587.0,37673.3671875
1425,2024-04,3,chronos_2,20831.0,19247.345703125
1429,2024-04,3,chronos_2,25179.0,23106.5859375
1438,2024-04,3,chronos_2,57553.0,45287.140625
1465,2024-04,3,chronos_2,48373.0,44777.4140625
1468,2024-04,3,chronos_2,48074.0,44675.078125
1477,2024-04,3,chronos_2,39473.0,36324.08203125
1486,2024-04,3,chronos_2,37739.0,32983.33984375
1489,2024-04,3,chronos_2,39699.0,35341.3515625
1523,2024-04,3,chronos_2,40050.0,36946.65625
1529,2024-04,3,chronos_2,25593.0,23606.779296875
1532,2024-04,3,chronos_2,26090.0,24213.279296875
1535,2024-04,3,chronos_2,25202.0,21734.876953125
1536,2024-04,3,chronos_2,27320.0,23459.0
1552,2024-04,3,chronos_2,22174.0,19734.61328125
1555,2024-04,3,chronos_2,27268.0,24731.43359375
1571,2024-04,3,chronos_2,27755.0,23615.4140625
1573,2024-04,3,chronos_2,26491.0,22143.818359375
1580,2024-04,3,chronos_2,24650.0,22290.30078125
1604,2024-04,3,chronos_2,28048.0,25484.63671875
1605,2024-04,3,chronos_2,23792.0,21013.44921875
1606,2024-04,3,chronos_2,21463.0,18707.02734375
1607,2024-04,3,chronos_2,21802.0,20014.623046875
1610,2024-04,3,chronos_2,24222.0,21666.7265625
1611,2024-04,3,chronos_2,26935.0,23190.1875
1612,2024-04,3,chronos_2,27058.0,23934.302734375
1615,2024-04,3,chronos_2,29674.0,26529.126953125
1617,2024-04,3,chronos_2,25745.0,22799.93359375
1618,2024-04,3,chronos_2,25580.0,23161.98046875
1635,2024-04,3,chronos_2,22497.0,18860.654296875
1640,2024-04,3,chronos_2,21301.0,19528.740234375
1644,2024-04,3,chronos_2,21650.0,20964.2890625
1654,2024-04,3,chronos_2,23706.0,20087.251953125
1662,2024-04,3,chronos_2,25113.0,20348.55078125
1663,2024-04,3,chronos_2,23286.0,21057.810546875
1701,2024-04,3,chronos_2,25296.0,21984.107421875
1702,2024-04,3,chronos_2,19166.0,19047.451171875
1707,2024-04,3,chronos_2,34527.0,31409.564453125
1718,2024-04,3,chronos_2,24003.0,21324.169921875
1725,2024-04,3,chronos_2,22388.0,20383.373046875
1738,2024-04,3,chronos_2,23337.0,21483.029296875
1744,2024-04,3,chronos_2,19851.0,19571.94921875
1751,2024-04,3,chronos_2,18859.0,18221.935546875
1759,2024-04,3,chronos_2,22776.0,22287.8125
1762,2024-04,3,chronos_2,21802.0,19534.837890625
1775,2024-04,3,chronos_2,24761.0,21058.6953125
1777,2024-04,3,chronos_2,25491.0,22913.90625
1853,2024-04,3,chronos_2,24580.0,21622.205078125
1854,2024-04,3,chronos_2,22379.0,20736.373046875
1856,2024-04,3,chronos_2,25003.0,22515.384765625
1860,2024-04,3,chronos_2,24451.0,20960.57421875
1863,2024-04,3,chronos_2,33568.0,30847.4140625
1865,2024-04,3,chronos_2,22940.0,20304.41015625
1870,2024-04,3,chronos_2,21768.0,19956.908203125
1880,2024-04,3,chronos_2,28257.0,25584.71875
1884,2024-04,3,chronos_2,24616.0,22267.59765625
1890,2024-04,3,chronos_2,37212.0,35349.8671875
1909,2024-04,3,chronos_2,22946.0,20822.28125
1912,2024-04,3,chronos_2,28346.0,26665.857421875
1924,2024-04,3,chronos_2,20206.0,18159.091796875
1929,2024-04,3,chronos_2,21507.0,19960.333984375
1933,2024-04,3,chronos_2,21359.0,20326.8046875
1939,2024-04,3,chronos_2,21305.0,19304.15625
1957,2024-04,3,chronos_2,44258.0,39791.66015625
1958,2024-04,3,chronos_2,63026.0,51486.0
1960,2024-04,3,chronos_2,36254.0,33981.078125
1976,2024-04,3,chronos_2,31567.0,28863.708984375
1979,2024-04,3,chronos_2,41650.0,39903.234375
1980,2024-04,3,chronos_2,31110.0,29360.560546875
1992,2024-04,3,chronos_2,28120.0,26763.451171875
1995,2024-04,3,chronos_2,30786.0,28521.177734375
2000,2024-04,3,chronos_2,37965.0,35724.51171875
2001,2024-04,3,chronos_2,30787.0,28465.984375
2007,2024-04,3,chronos_2,26797.0,25403.796875
2021,2024-04,3,chronos_2,28743.0,25219.25
2024,2024-04,3,chronos_2,32681.0,29987.232421875
2036,2024-04,3,chronos_2,27527.0,23955.919921875
2044,2024-04,3,chronos_2,36710.0,34128.65234375
2048,2024-04,3,chronos_2,33541.0,29863.5
2063,2024-04,3,chronos_2,37294.0,34605.5078125
2077,2024-04,3,chronos_2,24089.0,22752.265625
2085,2024-04,3,chronos_2,21369.0,20266.720703125
2089,2024-04,3,chronos_2,21892.0,20182.501953125
2122,2024-04,3,chronos_2,28197.0,24061.6875
2142,2024-04,3,chronos_2,28991.0,26171.3359375
2144,2024-04,3,chronos_2,39650.0,36033.23046875
2155,2024-04,3,chronos_2,31078.0,27319.63671875
2156,2024-04,3,chronos_2,25046.0,22265.87109375
2161,2024-04,3,chronos_2,40838.0,37942.67578125
2176,2024-04,3,chronos_2,27956.0,24466.427734375
2187,2024-04,3,chronos_2,30107.0,26922.248046875
2194,2024-04,3,chronos_2,30154.0,27787.892578125
2196,2024-04,3,chronos_2,25441.0,23815.6875
2208,2024-04,3,chronos_2,27943.0,26001.23046875
2232,2024-04,3,chronos_2,40496.0,35668.453125
2259,2024-04,3,chronos_2,21037.0,19304.701171875
2265,2024-04,3,chronos_2,18361.0,17675.865234375
2269,2024-04,3,chronos_2,17328.0,17391.7890625
2274,2024-04,3,chronos_2,21072.0,19186.265625
2280,2024-04,3,chronos_2,33246.0,31063.4375
2316,2024-04,3,chronos_2,24957.0,21446.775390625
2318,2024-04,3,chronos_2,39385.0,37054.69140625
2320,2024-04,3,chronos_2,33944.0,31757.291015625
2324,2024-04,3,chronos_2,25746.0,23063.974609375
2343,2024-04,3,chronos_2,35342.0,34074.8984375
2345,2024-04,3,chronos_2,80952.0,53973.49609375
2374,2024-04,3,chronos_2,51102.0,48734.203125
2375,2024-04,3,chronos_2,50684.0,49038.140625
2391,2024-04,3,chronos_2,43363.0,39772.515625
2395,2024-04,3,chronos_2,38546.0,36985.546875
2403,2024-04,3,chronos_2,44701.0,41597.046875
2406,2024-04,3,chronos_2,47369.0,44008.90234375
2411,2024-04,3,chronos_2,47821.0,45159.16015625
2426,2024-04,3,chronos_2,49909.0,48937.453125
2441,2024-04,3,chronos_2,60506.0,53638.52734375
2444,2024-04,3,chronos_2,66077.0,62771.8046875
2465,2024-04,3,chronos_2,45440.0,41521.41015625
2474,2024-04,3,chronos_2,47904.0,45003.68359375
2490,2024-04,3,chronos_2,57220.0,53806.96484375
2495,2024-04,3,chronos_2,66044.0,61492.9375
2498,2024-04,3,chronos_2,51075.0,46985.59765625
2500,2024-04,3,chronos_2,51946.0,48542.44140625
2503,2024-04,3,chronos_2,61525.0,57240.38671875
2531,2024-04,3,chronos_2,56005.0,52947.953125
2536,2024-04,3,chronos_2,64701.0,60312.1796875
2539,2024-04,3,chronos_2,58450.0,54366.8203125
2552,2024-04,3,chronos_2,49482.0,46098.78515625
2554,2024-04,3,chronos_2,47565.0,43671.0
2555,2024-04,3,chronos_2,54182.0,50581.69921875
2556,2024-04,3,chronos_2,49227.0,45479.76953125
2560,2024-04,3,chronos_2,54024.0,50764.37890625
2582,2024-04,3,chronos_2,48513.0,45235.46875
2589,2024-04,3,chronos_2,64746.0,60579.58203125
2590,2024-04,3,chronos_2,54391.0,51580.43359375
2605,2024-04,3,chronos_2,61663.0,58251.984375
2620,2024-04,3,chronos_2,36379.0,34141.12109375
2647,2024-04,3,chronos_2,34222.0,33260.859375
12,2024-04,6,chronos_2,36256.0,30762.537109375
21,2024-04,6,chronos_2,36530.0,35098.49609375
42,2024-04,6,chronos_2,28887.0,26191.564453125
48,2024-04,6,chronos_2,20849.0,19524.99609375
49,2024-04,6,chronos_2,23820.0,22583.349609375
57,2024-04,6,chronos_2,31322.0,30824.916015625
81,2024-04,6,chronos_2,27721.0,25677.2578125
225,2024-04,6,chronos_2,46078.0,41434.72265625
230,2024-04,6,chronos_2,27772.0,26402.966796875
239,2024-04,6,chronos_2,29380.0,27725.16015625
243,2024-04,6,chronos_2,27800.0,27000.693359375
280,2024-04,6,chronos_2,18754.0,17917.462890625
287,2024-04,6,chronos_2,16899.0,16147.1259765625
295,2024-04,6,chronos_2,21925.0,20009.71875
298,2024-04,6,chronos_2,22954.0,21088.498046875
314,2024-04,6,chronos_2,31593.0,28445.322265625
329,2024-04,6,chronos_2,29987.0,29746.896484375
337,2024-04,6,chronos_2,27947.0,25795.85546875
351,2024-04,6,chronos_2,27703.0,24241.1171875
355,2024-04,6,chronos_2,34881.0,33088.84375
383,2024-04,6,chronos_2,21828.0,20695.943359375
384,2024-04,6,chronos_2,17907.0,17415.765625
392,2024-04,6,chronos_2,24325.0,20165.970703125
410,2024-04,6,chronos_2,27617.0,23543.875
414,2024-04,6,chronos_2,23672.0,20394.828125
432,2024-04,6,chronos_2,23360.0,21247.818359375
436,2024-04,6,chronos_2,20035.0,17314.16796875
438,2024-04,6,chronos_2,21192.0,17931.552734375
455,2024-04,6,chronos_2,30027.0,25963.85546875
485,2024-04,6,chronos_2,17308.0,15579.341796875
494,2024-04,6,chronos_2,17934.0,16066.5009765625
504,2024-04,6,chronos_2,36431.0,32992.36328125
520,2024-04,6,chronos_2,18871.0,16579.17578125
532,2024-04,6,chronos_2,21534.0,19538.84765625
534,2024-04,6,chronos_2,19714.0,18714.439453125
536,2024-04,6,chronos_2,21884.0,19008.619140625
541,2024-04,6,chronos_2,21066.0,19023.60546875
544,2024-04,6,chronos_2,20640.0,19322.31640625
550,2024-04,6,chronos_2,20651.0,18269.779296875
556,2024-04,6,chronos_2,17559.0,15424.18359375
559,2024-04,6,chronos_2,24233.0,20341.08984375
562,2024-04,6,chronos_2,21578.0,19506.47265625
587,2024-04,6,chronos_2,29513.0,27106.943359375
608,2024-04,6,chronos_2,59173.0,54039.96484375
618,2024-04,6,chronos_2,58784.0,44097.27734375
670,2024-04,6,chronos_2,35161.0,28744.3984375
683,2024-04,6,chronos_2,21534.0,20815.962890625
693,2024-04,6,chronos_2,37947.0,33496.8984375
706,2024-04,6,chronos_2,22194.0,20487.806640625
714,2024-04,6,chronos_2,26637.0,24976.583984375
727,2024-04,6,chronos_2,39368.0,36075.796875
778,2024-04,6,chronos_2,39868.0,37432.05078125
797,2024-04,6,chronos_2,30554.0,27170.3046875
801,2024-04,6,chronos_2,34920.0,32520.25
810,2024-04,6,chronos_2,25660.0,23495.51953125
812,2024-04,6,chronos_2,37612.0,33603.9375
817,2024-04,6,chronos_2,24242.0,21968.791015625
825,2024-04,6,chronos_2,25085.0,23369.603515625
833,2024-04,6,chronos_2,24737.0,22003.849609375
847,2024-04,6,chronos_2,41460.0,38530.39453125
859,2024-04,6,chronos_2,35784.0,26834.4453125
877,2024-04,6,chronos_2,26513.0,24060.6171875
880,2024-04,6,chronos_2,25460.0,23371.40234375
892,2024-04,6,chronos_2,36442.0,32490.6640625
897,2024-04,6,chronos_2,31626.0,28928.396484375
899,2024-04,6,chronos_2,24863.0,24933.208984375
904,2024-04,6,chronos_2,22278.0,21742.845703125
922,2024-04,6,chronos_2,21307.0,19564.9375
926,2024-04,6,chronos_2,20861.0,19107.796875
929,2024-04,6,chronos_2,20069.0,18349.73828125
987,2024-04,6,chronos_2,31477.0,28763.36328125
988,2024-04,6,chronos_2,36466.0,34005.2578125
989,2024-04,6,chronos_2,33561.0,31078.66796875
995,2024-04,6,chronos_2,26891.0,24387.8671875
999,2024-04,6,chronos_2,23217.0,21021.822265625
1002,2024-04,6,chronos_2,23083.0,21306.822265625
1004,2024-04,6,chronos_2,25126.0,22847.1015625
1009,2024-04,6,chronos_2,31413.0,29310.001953125
1011,2024-04,6,chronos_2,27321.0,23834.228515625
1014,2024-04,6,chronos_2,20249.0,18158.37890625
1017,2024-04,6,chronos_2,23136.0,20329.427734375
1028,2024-04,6,chronos_2,22905.0,18667.23046875
1039,2024-04,6,chronos_2,29322.0,26492.72265625
1052,2024-04,6,chronos_2,26325.0,22953.4296875
1053,2024-04,6,chronos_2,25741.0,24029.1171875
1071,2024-04,6,chronos_2,31770.0,29837.90625
1072,2024-04,6,chronos_2,29235.0,25890.18359375
1112,2024-04,6,chronos_2,27851.0,25588.2109375
1117,2024-04,6,chronos_2,36479.0,32931.30859375
1120,2024-04,6,chronos_2,22177.0,22006.830078125
1121,2024-04,6,chronos_2,21314.0,19905.103515625
1126,2024-04,6,chronos_2,21602.0,19397.765625
1139,2024-04,6,chronos_2,31175.0,28247.283203125
1141,2024-04,6,chronos_2,38169.0,35633.1171875
1144,2024-04,6,chronos_2,26064.0,22944.427734375
1146,2024-04,6,chronos_2,25393.0,23343.49609375
1157,2024-04,6,chronos_2,33509.0,30430.017578125
1176,2024-04,6,chronos_2,41810.0,37903.453125
1211,2024-04,6,chronos_2,29037.0,25780.431640625
1212,2024-04,6,chronos_2,34647.0,30792.158203125
1226,2024-04,6,chronos_2,33463.0,30619.9921875
1229,2024-04,6,chronos_2,33387.0,30941.470703125
1237,2024-04,6,chronos_2,30811.0,25658.376953125
1243,2024-04,6,chronos_2,36774.0,34137.83203125
1262,2024-04,6,chronos_2,24483.0,22214.9296875
1264,2024-04,6,chronos_2,19997.0,18323.08984375
1265,2024-04,6,chronos_2,20606.0,18795.400390625
1267,2024-04,6,chronos_2,18808.0,16963.150390625
1272,2024-04,6,chronos_2,21173.0,19853.71875
1274,2024-04,6,chronos_2,19776.0,18289.224609375
1276,2024-04,6,chronos_2,20025.0,18827.3828125
1287,2024-04,6,chronos_2,21362.0,20530.724609375
1305,2024-04,6,chronos_2,23379.0,25911.4375
1313,2024-04,6,chronos_2,23047.0,19435.9609375
1327,2024-04,6,chronos_2,22152.0,19464.90625
1330,2024-04,6,chronos_2,21740.0,20077.201171875
1339,2024-04,6,chronos_2,17159.0,16842.60546875
1350,2024-04,6,chronos_2,17979.0,16431.861328125
1405,2024-04,6,chronos_2,40146.0,34362.9765625
1410,2024-04,6,chronos_2,39009.0,37800.65625
1425,2024-04,6,chronos_2,23910.0,19130.662109375
1429,2024-04,6,chronos_2,25408.0,22899.111328125
1438,2024-04,6,chronos_2,58555.0,43999.53515625
1465,2024-04,6,chronos_2,48499.0,43966.3515625
1468,2024-04,6,chronos_2,48202.0,43926.1328125
1477,2024-04,6,chronos_2,41437.0,35610.71875
1486,2024-04,6,chronos_2,37290.0,32421.544921875
1489,2024-04,6,chronos_2,39744.0,34771.390625
1523,2024-04,6,chronos_2,40204.0,36394.94140625
1529,2024-04,6,chronos_2,25589.0,23485.4921875
1532,2024-04,6,chronos_2,27509.0,23986.83203125
1535,2024-04,6,chronos_2,24776.0,21567.37890625
1536,2024-04,6,chronos_2,26928.0,23283.935546875
1552,2024-04,6,chronos_2,21760.0,19483.115234375
1555,2024-04,6,chronos_2,28211.0,24397.40234375
1571,2024-04,6,chronos_2,26203.0,23230.892578125
1573,2024-04,6,chronos_2,24762.0,21864.9296875
1580,2024-04,6,chronos_2,24324.0,22052.82421875
1604,2024-04,6,chronos_2,28117.0,25051.46484375
1605,2024-04,6,chronos_2,22585.0,20801.419921875
1606,2024-04,6,chronos_2,21836.0,18428.52734375
1607,2024-04,6,chronos_2,21011.0,19766.720703125
1610,2024-04,6,chronos_2,23254.0,21500.828125
1611,2024-04,6,chronos_2,26893.0,22932.662109375
1612,2024-04,6,chronos_2,27454.0,23700.966796875
1615,2024-04,6,chronos_2,29568.0,26110.505859375
1617,2024-04,6,chronos_2,26192.0,22293.154296875
1618,2024-04,6,chronos_2,25666.0,22851.451171875
1635,2024-04,6,chronos_2,20735.0,18653.1953125
1640,2024-04,6,chronos_2,22137.0,19130.904296875
1644,2024-04,6,chronos_2,22266.0,20779.080078125
1654,2024-04,6,chronos_2,22864.0,19915.408203125
1662,2024-04,6,chronos_2,23986.0,20091.4140625
1663,2024-04,6,chronos_2,22867.0,20855.57421875
1701,2024-04,6,chronos_2,25090.0,21717.412109375
1702,2024-04,6,chronos_2,18474.0,18777.328125
1707,2024-04,6,chronos_2,34309.0,30959.474609375
1718,2024-04,6,chronos_2,23206.0,21201.82421875
1725,2024-04,6,chronos_2,23734.0,20112.755859375
1738,2024-04,6,chronos_2,23637.0,20967.09765625
1744,2024-04,6,chronos_2,20007.0,19158.853515625
1751,2024-04,6,chronos_2,21222.0,17994.74609375
1759,2024-04,6,chronos_2,23462.0,22012.37890625
1762,2024-04,6,chronos_2,21754.0,19128.21484375
1775,2024-04,6,chronos_2,22751.0,20830.20703125
1777,2024-04,6,chronos_2,25662.0,22605.53125
1853,2024-04,6,chronos_2,25158.0,21429.01953125
1854,2024-04,6,chronos_2,24194.0,20510.796875
1856,2024-04,6,chronos_2,25063.0,22252.6796875
1860,2024-04,6,chronos_2,23554.0,20865.103515625
1863,2024-04,6,chronos_2,34652.0,30298.826171875
1865,2024-04,6,chronos_2,23521.0,20054.970703125
1870,2024-04,6,chronos_2,24376.0,19807.947265625
1880,2024-04,6,chronos_2,27830.0,25023.560546875
1884,2024-04,6,chronos_2,24176.0,21955.6328125
1890,2024-04,6,chronos_2,37307.0,34756.3125
1909,2024-04,6,chronos_2,21752.0,20565.751953125
1912,2024-04,6,chronos_2,27384.0,26077.734375
1924,2024-04,6,chronos_2,19708.0,18003.580078125
1929,2024-04,6,chronos_2,21451.0,19755.294921875
1933,2024-04,6,chronos_2,20104.0,19929.982421875
1939,2024-04,6,chronos_2,21914.0,19107.982421875
1957,2024-04,6,chronos_2,43217.0,39506.46875
1958,2024-04,6,chronos_2,56588.0,50552.62890625
1960,2024-04,6,chronos_2,35636.0,33731.1328125
1976,2024-04,6,chronos_2,31640.0,28335.484375
1979,2024-04,6,chronos_2,41723.0,39619.140625
1980,2024-04,6,chronos_2,32447.0,29187.75
1992,2024-04,6,chronos_2,28466.0,26217.166015625
1995,2024-04,6,chronos_2,30326.0,28148.826171875
2000,2024-04,6,chronos_2,38401.0,35271.796875
2001,2024-04,6,chronos_2,29208.0,27986.775390625
2007,2024-04,6,chronos_2,25966.0,25165.80859375
2021,2024-04,6,chronos_2,27937.0,24994.20703125
2024,2024-04,6,chronos_2,32130.0,29565.1328125
2036,2024-04,6,chronos_2,26402.0,23676.33984375
2044,2024-04,6,chronos_2,37077.0,33628.9453125
2048,2024-04,6,chronos_2,34060.0,29367.771484375
2063,2024-04,6,chronos_2,38145.0,33908.21484375
2077,2024-04,6,chronos_2,24530.0,22436.818359375
2085,2024-04,6,chronos_2,20018.0,19868.2890625
2089,2024-04,6,chronos_2,22462.0,19980.8671875
2122,2024-04,6,chronos_2,27940.0,23814.05859375
2142,2024-04,6,chronos_2,28980.0,25749.0078125
2144,2024-04,6,chronos_2,39157.0,35440.734375
2155,2024-04,6,chronos_2,29833.0,27036.697265625
2156,2024-04,6,chronos_2,25469.0,22164.677734375
2161,2024-04,6,chronos_2,40331.0,37192.1796875
2176,2024-04,6,chronos_2,26292.0,24080.228515625
2187,2024-04,6,chronos_2,29888.0,26563.205078125
2194,2024-04,6,chronos_2,30933.0,27484.962890625
2196,2024-04,6,chronos_2,25987.0,23280.169921875
2208,2024-04,6,chronos_2,27499.0,25583.740234375
2232,2024-04,6,chronos_2,37646.0,34993.2734375
2259,2024-04,6,chronos_2,21129.0,19127.724609375
2265,2024-04,6,chronos_2,18397.0,17596.9375
2269,2024-04,6,chronos_2,18691.0,17286.04296875
2274,2024-04,6,chronos_2,21970.0,18959.599609375
2280,2024-04,6,chronos_2,33087.0,30760.93359375
2316,2024-04,6,chronos_2,27984.0,21072.416015625
2318,2024-04,6,chronos_2,39091.0,36501.52734375
2320,2024-04,6,chronos_2,33567.0,31254.251953125
2324,2024-04,6,chronos_2,25733.0,22789.568359375
2343,2024-04,6,chronos_2,34527.0,33921.77734375
2345,2024-04,6,chronos_2,64611.0,52264.40234375
2374,2024-04,6,chronos_2,51599.0,48061.99609375
2375,2024-04,6,chronos_2,50305.0,48202.69921875
2391,2024-04,6,chronos_2,42459.0,39136.7265625
2395,2024-04,6,chronos_2,40531.0,36440.6640625
2403,2024-04,6,chronos_2,45027.0,40908.00390625
2406,2024-04,6,chronos_2,48076.0,43262.30859375
2411,2024-04,6,chronos_2,48766.0,44295.74609375
2426,2024-04,6,chronos_2,49584.0,48174.77734375
2441,2024-04,6,chronos_2,60001.0,52686.47265625
2444,2024-04,6,chronos_2,68207.0,61791.984375
2465,2024-04,6,chronos_2,43653.0,40813.4921875
2474,2024-04,6,chronos_2,48353.0,44191.32421875
2490,2024-04,6,chronos_2,57569.0,52808.80859375
2495,2024-04,6,chronos_2,66536.0,60441.75390625
2498,2024-04,6,chronos_2,51340.0,46177.6796875
2500,2024-04,6,chronos_2,51731.0,47638.37890625
2503,2024-04,6,chronos_2,61334.0,56152.8515625
2531,2024-04,6,chronos_2,56477.0,52115.828125
2536,2024-04,6,chronos_2,65079.0,59379.69140625
2539,2024-04,6,chronos_2,57403.0,53213.64453125
2552,2024-04,6,chronos_2,49358.0,45181.015625
2554,2024-04,6,chronos_2,47751.0,42937.8046875
2555,2024-04,6,chronos_2,54671.0,49618.7890625
2556,2024-04,6,chronos_2,49233.0,44727.80078125
2560,2024-04,6,chronos_2,53719.0,49934.98046875
2582,2024-04,6,chronos_2,48785.0,44427.1015625
2589,2024-04,6,chronos_2,65017.0,59483.390625
2590,2024-04,6,chronos_2,53591.0,50761.12890625
2605,2024-04,6,chronos_2,61738.0,57105.93359375
2620,2024-04,6,chronos_2,36400.0,33654.6875
2647,2024-04,6,chronos_2,35667.0,32741.4296875
12,2024-05,1,chronos_2,35521.0,33344.38671875
21,2024-05,1,chronos_2,35988.0,35508.8125
42,2024-05,1,chronos_2,27400.0,26721.939453125
48,2024-05,1,chronos_2,20893.0,19647.54296875
49,2024-05,1,chronos_2,23738.0,23420.125
57,2024-05,1,chronos_2,30926.0,30939.36328125
81,2024-05,1,chronos_2,27001.0,26325.09765625
225,2024-05,1,chronos_2,49540.0,47398.56640625
230,2024-05,1,chronos_2,30128.0,26644.28125
239,2024-05,1,chronos_2,30736.0,29726.37109375
243,2024-05,1,chronos_2,28679.0,25216.306640625
280,2024-05,1,chronos_2,19621.0,18755.24609375
287,2024-05,1,chronos_2,17599.0,16455.576171875
295,2024-05,1,chronos_2,21776.0,20724.921875
298,2024-05,1,chronos_2,23217.0,22105.216796875
314,2024-05,1,chronos_2,35048.0,29326.884765625
329,2024-05,1,chronos_2,36002.0,30176.849609375
337,2024-05,1,chronos_2,31484.0,27131.220703125
351,2024-05,1,chronos_2,26515.0,25283.69140625
355,2024-05,1,chronos_2,33844.0,33426.49609375
383,2024-05,1,chronos_2,22591.0,21145.404296875
384,2024-05,1,chronos_2,19063.0,17825.646484375
392,2024-05,1,chronos_2,22087.0,21076.892578125
410,2024-05,1,chronos_2,27492.0,25045.24609375
414,2024-05,1,chronos_2,25574.0,22163.015625
432,2024-05,1,chronos_2,24797.0,22677.626953125
436,2024-05,1,chronos_2,19288.0,17629.98046875
438,2024-05,1,chronos_2,19710.0,18762.234375
455,2024-05,1,chronos_2,28878.0,27329.087890625
485,2024-05,1,chronos_2,17195.0,16144.8076171875
494,2024-05,1,chronos_2,18206.0,16590.248046875
504,2024-05,1,chronos_2,35878.0,34623.5
520,2024-05,1,chronos_2,19015.0,17466.470703125
532,2024-05,1,chronos_2,21861.0,20623.7578125
534,2024-05,1,chronos_2,21030.0,19431.857421875
536,2024-05,1,chronos_2,22026.0,20571.02734375
541,2024-05,1,chronos_2,22627.0,20344.099609375
544,2024-05,1,chronos_2,22039.0,20751.564453125
550,2024-05,1,chronos_2,20962.0,18985.69140625
556,2024-05,1,chronos_2,17873.0,16331.77734375
559,2024-05,1,chronos_2,22532.0,21150.169921875
562,2024-05,1,chronos_2,23584.0,21025.998046875
587,2024-05,1,chronos_2,30222.0,28478.705078125
608,2024-05,1,chronos_2,59949.0,56446.90234375
618,2024-05,1,chronos_2,51809.0,45635.66015625
670,2024-05,1,chronos_2,31796.0,29383.068359375
683,2024-05,1,chronos_2,22384.0,21465.00390625
693,2024-05,1,chronos_2,36973.0,35165.828125
706,2024-05,1,chronos_2,22506.0,21845.169921875
714,2024-05,1,chronos_2,28062.0,26271.69140625
727,2024-05,1,chronos_2,38585.0,37153.65625
778,2024-05,1,chronos_2,39027.0,38178.20703125
797,2024-05,1,chronos_2,30531.0,27905.63671875
801,2024-05,1,chronos_2,33872.0,33355.99609375
810,2024-05,1,chronos_2,24730.0,23945.306640625
812,2024-05,1,chronos_2,35259.0,34169.60546875
817,2024-05,1,chronos_2,23455.0,22726.0703125
825,2024-05,1,chronos_2,24263.0,23694.150390625
833,2024-05,1,chronos_2,23275.0,22470.533203125
847,2024-05,1,chronos_2,42180.0,40312.48046875
859,2024-05,1,chronos_2,31284.0,28416.197265625
877,2024-05,1,chronos_2,27845.0,24754.15234375
880,2024-05,1,chronos_2,25731.0,24453.443359375
892,2024-05,1,chronos_2,36477.0,34588.2265625
897,2024-05,1,chronos_2,32518.0,30709.078125
899,2024-05,1,chronos_2,26427.0,25421.06640625
904,2024-05,1,chronos_2,24218.0,22749.333984375
922,2024-05,1,chronos_2,21909.0,20089.71875
926,2024-05,1,chronos_2,20986.0,19691.26171875
929,2024-05,1,chronos_2,19548.0,18950.5859375
987,2024-05,1,chronos_2,30336.0,29991.705078125
988,2024-05,1,chronos_2,35728.0,35107.3671875
989,2024-05,1,chronos_2,32280.0,31848.669921875
995,2024-05,1,chronos_2,26190.0,25732.25
999,2024-05,1,chronos_2,22471.0,22226.3203125
1002,2024-05,1,chronos_2,23126.0,21319.427734375
1004,2024-05,1,chronos_2,25037.0,23698.91015625
1009,2024-05,1,chronos_2,30817.0,30055.9921875
1011,2024-05,1,chronos_2,25905.0,24479.560546875
1014,2024-05,1,chronos_2,20046.0,18594.4140625
1017,2024-05,1,chronos_2,22197.0,21179.4609375
1028,2024-05,1,chronos_2,20973.0,19533.259765625
1039,2024-05,1,chronos_2,27483.0,27011.712890625
1052,2024-05,1,chronos_2,26343.0,24930.103515625
1053,2024-05,1,chronos_2,25088.0,25054.1484375
1071,2024-05,1,chronos_2,31450.0,31210.9296875
1072,2024-05,1,chronos_2,28670.0,27244.05859375
1112,2024-05,1,chronos_2,27563.0,26794.796875
1117,2024-05,1,chronos_2,35591.0,34744.1875
1120,2024-05,1,chronos_2,24413.0,22842.646484375
1121,2024-05,1,chronos_2,22473.0,20341.009765625
1126,2024-05,1,chronos_2,21298.0,20165.57421875
1139,2024-05,1,chronos_2,31746.0,29929.736328125
1141,2024-05,1,chronos_2,39003.0,37623.3046875
1144,2024-05,1,chronos_2,25451.0,24128.23828125
1146,2024-05,1,chronos_2,26499.0,24654.51953125
1157,2024-05,1,chronos_2,34510.0,32910.27734375
1176,2024-05,1,chronos_2,40302.0,39665.74609375
1211,2024-05,1,chronos_2,27492.0,27040.837890625
1212,2024-05,1,chronos_2,31990.0,31225.505859375
1226,2024-05,1,chronos_2,33056.0,31891.8984375
1229,2024-05,1,chronos_2,33454.0,32540.0390625
1237,2024-05,1,chronos_2,29517.0,27876.912109375
1243,2024-05,1,chronos_2,36976.0,36297.04296875
1262,2024-05,1,chronos_2,24694.0,23223.8515625
1264,2024-05,1,chronos_2,20030.0,19419.087890625
1265,2024-05,1,chronos_2,21182.0,19841.296875
1267,2024-05,1,chronos_2,18420.0,17931.40625
1272,2024-05,1,chronos_2,21601.0,20438.1875
1274,2024-05,1,chronos_2,20318.0,19110.30078125
1276,2024-05,1,chronos_2,19648.0,19493.814453125
1287,2024-05,1,chronos_2,21302.0,20743.720703125
1305,2024-05,1,chronos_2,22558.0,25430.873046875
1313,2024-05,1,chronos_2,22167.0,21044.701171875
1327,2024-05,1,chronos_2,21168.0,20888.34765625
1330,2024-05,1,chronos_2,21657.0,20603.669921875
1339,2024-05,1,chronos_2,16652.0,16992.828125
1350,2024-05,1,chronos_2,18061.0,17339.943359375
1405,2024-05,1,chronos_2,38751.0,36673.8046875
1410,2024-05,1,chronos_2,37156.0,37530.5625
1425,2024-05,1,chronos_2,21201.0,19078.91015625
1429,2024-05,1,chronos_2,24430.0,23676.29296875
1438,2024-05,1,chronos_2,51713.0,47177.796875
1465,2024-05,1,chronos_2,47251.0,46193.5390625
1468,2024-05,1,chronos_2,46720.0,45894.23046875
1477,2024-05,1,chronos_2,38631.0,37722.3671875
1486,2024-05,1,chronos_2,35183.0,33746.3984375
1489,2024-05,1,chronos_2,38401.0,37193.796875
1523,2024-05,1,chronos_2,38910.0,38029.36328125
1529,2024-05,1,chronos_2,25599.0,24119.31640625
1532,2024-05,1,chronos_2,25737.0,24675.76171875
1535,2024-05,1,chronos_2,24496.0,22618.3046875
1536,2024-05,1,chronos_2,25803.0,24439.458984375
1552,2024-05,1,chronos_2,22342.0,20930.6796875
1555,2024-05,1,chronos_2,26266.0,25229.517578125
1571,2024-05,1,chronos_2,26347.0,24742.837890625
1573,2024-05,1,chronos_2,25010.0,22863.576171875
1580,2024-05,1,chronos_2,23945.0,23179.916015625
1604,2024-05,1,chronos_2,27234.0,25824.119140625
1605,2024-05,1,chronos_2,21891.0,21213.21875
1606,2024-05,1,chronos_2,20318.0,18989.935546875
1607,2024-05,1,chronos_2,21299.0,20265.671875
1610,2024-05,1,chronos_2,23236.0,22309.7109375
1611,2024-05,1,chronos_2,25734.0,23753.9921875
1612,2024-05,1,chronos_2,26553.0,24583.009765625
1615,2024-05,1,chronos_2,28695.0,27170.5390625
1617,2024-05,1,chronos_2,24451.0,23574.7734375
1618,2024-05,1,chronos_2,24795.0,23522.072265625
1635,2024-05,1,chronos_2,21082.0,19830.701171875
1640,2024-05,1,chronos_2,21417.0,20195.9375
1644,2024-05,1,chronos_2,22423.0,20924.826171875
1654,2024-05,1,chronos_2,22622.0,20525.3984375
1662,2024-05,1,chronos_2,22894.0,20562.71875
1663,2024-05,1,chronos_2,22945.0,21872.6640625
1701,2024-05,1,chronos_2,24592.0,22898.859375
1702,2024-05,1,chronos_2,20100.0,19838.95703125
1707,2024-05,1,chronos_2,33252.0,32299.669921875
1718,2024-05,1,chronos_2,21600.0,21609.421875
1725,2024-05,1,chronos_2,22462.0,21019.494140625
1738,2024-05,1,chronos_2,22234.0,21750.662109375
1744,2024-05,1,chronos_2,20438.0,19658.314453125
1751,2024-05,1,chronos_2,20009.0,18597.693359375
1759,2024-05,1,chronos_2,22508.0,22215.298828125
1762,2024-05,1,chronos_2,20483.0,19835.005859375
1775,2024-05,1,chronos_2,22440.0,22090.962890625
1777,2024-05,1,chronos_2,25019.0,24396.078125
1853,2024-05,1,chronos_2,23020.0,22008.19140625
1854,2024-05,1,chronos_2,22201.0,21183.572265625
1856,2024-05,1,chronos_2,24235.0,23512.67578125
1860,2024-05,1,chronos_2,22139.0,22409.71875
1863,2024-05,1,chronos_2,32489.0,31731.810546875
1865,2024-05,1,chronos_2,21544.0,20858.962890625
1870,2024-05,1,chronos_2,21816.0,20518.099609375
1880,2024-05,1,chronos_2,27886.0,26353.4375
1884,2024-05,1,chronos_2,25247.0,23302.615234375
1890,2024-05,1,chronos_2,36760.0,35821.703125
1909,2024-05,1,chronos_2,22169.0,20942.06640625
1912,2024-05,1,chronos_2,29161.0,26913.7109375
1924,2024-05,1,chronos_2,19605.0,18395.951171875
1929,2024-05,1,chronos_2,21091.0,20244.521484375
1933,2024-05,1,chronos_2,21457.0,20958.693359375
1939,2024-05,1,chronos_2,21493.0,20021.431640625
1957,2024-05,1,chronos_2,42768.0,40748.1796875
1958,2024-05,1,chronos_2,58642.0,53535.3671875
1960,2024-05,1,chronos_2,35913.0,34622.79296875
1976,2024-05,1,chronos_2,31038.0,30476.13671875
1979,2024-05,1,chronos_2,40941.0,39842.21875
1980,2024-05,1,chronos_2,30186.0,29313.728515625
1992,2024-05,1,chronos_2,29041.0,27065.90234375
1995,2024-05,1,chronos_2,30560.0,28671.9375
2000,2024-05,1,chronos_2,37586.0,36266.265625
2001,2024-05,1,chronos_2,31132.0,29450.4296875
2007,2024-05,1,chronos_2,26154.0,25932.8984375
2021,2024-05,1,chronos_2,28350.0,26078.298828125
2024,2024-05,1,chronos_2,31621.0,30896.1171875
2036,2024-05,1,chronos_2,27006.0,24968.66796875
2044,2024-05,1,chronos_2,35600.0,35194.53125
2048,2024-05,1,chronos_2,32630.0,31200.04296875
2063,2024-05,1,chronos_2,36265.0,35653.3046875
2077,2024-05,1,chronos_2,23523.0,22899.328125
2085,2024-05,1,chronos_2,20250.0,20704.02734375
2089,2024-05,1,chronos_2,21179.0,20602.607421875
2122,2024-05,1,chronos_2,26507.0,24898.634765625
2142,2024-05,1,chronos_2,27931.0,27176.279296875
2144,2024-05,1,chronos_2,38810.0,37210.88671875
2155,2024-05,1,chronos_2,30742.0,28358.837890625
2156,2024-05,1,chronos_2,25878.0,22896.373046875
2161,2024-05,1,chronos_2,40287.0,38893.08984375
2176,2024-05,1,chronos_2,26991.0,26349.5703125
2187,2024-05,1,chronos_2,28197.0,26960.134765625
2194,2024-05,1,chronos_2,29832.0,28339.48046875
2196,2024-05,1,chronos_2,25501.0,24899.01171875
2208,2024-05,1,chronos_2,26704.0,26335.6484375
2232,2024-05,1,chronos_2,40428.0,37656.015625
2259,2024-05,1,chronos_2,21008.0,19783.86328125
2265,2024-05,1,chronos_2,18560.0,18053.29296875
2269,2024-05,1,chronos_2,17309.0,17528.75
2274,2024-05,1,chronos_2,20885.0,19880.412109375
2280,2024-05,1,chronos_2,32491.0,31506.4296875
2316,2024-05,1,chronos_2,25185.0,22332.8984375
2318,2024-05,1,chronos_2,38324.0,38049.68359375
2320,2024-05,1,chronos_2,32917.0,32811.125
2324,2024-05,1,chronos_2,24375.0,23818.42578125
2343,2024-05,1,chronos_2,34750.0,34150.48828125
2345,2024-05,1,chronos_2,67206.0,58761.09375
2374,2024-05,1,chronos_2,50779.0,50491.34375
2375,2024-05,1,chronos_2,50459.0,50334.87109375
2391,2024-05,1,chronos_2,43349.0,40769.21875
2395,2024-05,1,chronos_2,38695.0,38583.26953125
2403,2024-05,1,chronos_2,44289.0,43374.6484375
2406,2024-05,1,chronos_2,47242.0,45730.98046875
2411,2024-05,1,chronos_2,46659.0,46521.1875
2426,2024-05,1,chronos_2,49585.0,49994.99609375
2441,2024-05,1,chronos_2,58915.0,55161.9375
2444,2024-05,1,chronos_2,65570.0,65068.734375
2465,2024-05,1,chronos_2,44157.0,42728.453125
2474,2024-05,1,chronos_2,47175.0,46073.1328125
2490,2024-05,1,chronos_2,55587.0,55096.54296875
2495,2024-05,1,chronos_2,64334.0,62672.4765625
2498,2024-05,1,chronos_2,49825.0,48390.2734375
2500,2024-05,1,chronos_2,50612.0,49717.546875
2503,2024-05,1,chronos_2,60414.0,58189.89453125
2531,2024-05,1,chronos_2,54651.0,54076.94140625
2536,2024-05,1,chronos_2,62750.0,60984.5234375
2539,2024-05,1,chronos_2,56197.0,55533.39453125
2552,2024-05,1,chronos_2,48797.0,47528.38671875
2554,2024-05,1,chronos_2,45915.0,45035.015625
2555,2024-05,1,chronos_2,53155.0,51949.98828125
2556,2024-05,1,chronos_2,47749.0,46527.1484375
2560,2024-05,1,chronos_2,52702.0,51754.5390625
2582,2024-05,1,chronos_2,47573.0,46704.31640625
2589,2024-05,1,chronos_2,63219.0,62076.08203125
2590,2024-05,1,chronos_2,52944.0,52522.11328125
2605,2024-05,1,chronos_2,60964.0,59369.40234375
2620,2024-05,1,chronos_2,36316.0,34761.11328125
2647,2024-05,1,chronos_2,33694.0,33209.5703125
12,2024-05,3,chronos_2,37598.0,32882.08203125
21,2024-05,3,chronos_2,37597.0,35630.6015625
42,2024-05,3,chronos_2,29594.0,26693.720703125
48,2024-05,3,chronos_2,21766.0,19600.224609375
49,2024-05,3,chronos_2,24883.0,23063.41015625
57,2024-05,3,chronos_2,32318.0,30985.552734375
81,2024-05,3,chronos_2,28055.0,26184.603515625
225,2024-05,3,chronos_2,51039.0,45412.234375
230,2024-05,3,chronos_2,30633.0,26544.279296875
239,2024-05,3,chronos_2,30950.0,29026.189453125
243,2024-05,3,chronos_2,31369.0,25662.685546875
280,2024-05,3,chronos_2,19255.0,18129.630859375
287,2024-05,3,chronos_2,17850.0,16288.2294921875
295,2024-05,3,chronos_2,22595.0,20560.97265625
298,2024-05,3,chronos_2,24042.0,21779.7890625
314,2024-05,3,chronos_2,36553.0,29141.0703125
329,2024-05,3,chronos_2,34419.0,29945.419921875
337,2024-05,3,chronos_2,33955.0,26712.16796875
351,2024-05,3,chronos_2,28431.0,25166.119140625
355,2024-05,3,chronos_2,35540.0,33741.6953125
383,2024-05,3,chronos_2,23491.0,20975.87890625
384,2024-05,3,chronos_2,18522.0,17640.396484375
392,2024-05,3,chronos_2,23902.0,20817.412109375
410,2024-05,3,chronos_2,30443.0,24915.05078125
414,2024-05,3,chronos_2,27831.0,21647.51953125
432,2024-05,3,chronos_2,24450.0,22140.912109375
436,2024-05,3,chronos_2,19599.0,17469.326171875
438,2024-05,3,chronos_2,21055.0,18491.880859375
455,2024-05,3,chronos_2,30976.0,26805.53515625
485,2024-05,3,chronos_2,17047.0,15880.443359375
494,2024-05,3,chronos_2,18779.0,16380.8896484375
504,2024-05,3,chronos_2,37358.0,34492.73046875
520,2024-05,3,chronos_2,19851.0,17093.98046875
532,2024-05,3,chronos_2,23097.0,20363.134765625
534,2024-05,3,chronos_2,20971.0,19250.7421875
536,2024-05,3,chronos_2,23025.0,20163.46484375
541,2024-05,3,chronos_2,23169.0,20002.53125
544,2024-05,3,chronos_2,23067.0,20402.556640625
550,2024-05,3,chronos_2,21929.0,18807.310546875
556,2024-05,3,chronos_2,18902.0,16079.2685546875
559,2024-05,3,chronos_2,23870.0,20925.826171875
562,2024-05,3,chronos_2,22744.0,20600.810546875
587,2024-05,3,chronos_2,30807.0,28119.12109375
608,2024-05,3,chronos_2,61721.0,55857.39453125
618,2024-05,3,chronos_2,65110.0,45395.2109375
670,2024-05,3,chronos_2,35566.0,29262.921875
683,2024-05,3,chronos_2,22352.0,21223.4140625
693,2024-05,3,chronos_2,38868.0,35198.6796875
706,2024-05,3,chronos_2,22681.0,21256.732421875
714,2024-05,3,chronos_2,28201.0,25907.76171875
727,2024-05,3,chronos_2,39813.0,37095.68359375
778,2024-05,3,chronos_2,40150.0,37971.3046875
797,2024-05,3,chronos_2,30868.0,27628.306640625
801,2024-05,3,chronos_2,37176.0,33270.2578125
810,2024-05,3,chronos_2,26324.0,23965.451171875
812,2024-05,3,chronos_2,37724.0,34244.2890625
817,2024-05,3,chronos_2,25763.0,22193.216796875
825,2024-05,3,chronos_2,26197.0,23670.607421875
833,2024-05,3,chronos_2,25867.0,22178.91796875
847,2024-05,3,chronos_2,44578.0,39610.9453125
859,2024-05,3,chronos_2,36626.0,27981.994140625
877,2024-05,3,chronos_2,27224.0,24611.390625
880,2024-05,3,chronos_2,26182.0,24222.19921875
892,2024-05,3,chronos_2,37283.0,34110.36328125
897,2024-05,3,chronos_2,33154.0,30227.87890625
899,2024-05,3,chronos_2,26070.0,25169.99609375
904,2024-05,3,chronos_2,25018.0,22382.31640625
922,2024-05,3,chronos_2,22878.0,19881.76953125
926,2024-05,3,chronos_2,22477.0,19530.66796875
929,2024-05,3,chronos_2,20535.0,18755.3671875
987,2024-05,3,chronos_2,31683.0,30031.10546875
988,2024-05,3,chronos_2,37168.0,35287.5703125
989,2024-05,3,chronos_2,33562.0,32007.96875
995,2024-05,3,chronos_2,26518.0,25069.7734375
999,2024-05,3,chronos_2,24131.0,21748.380859375
1002,2024-05,3,chronos_2,23228.0,21216.73828125
1004,2024-05,3,chronos_2,26537.0,23404.69921875
1009,2024-05,3,chronos_2,32274.0,29961.984375
1011,2024-05,3,chronos_2,27596.0,24337.869140625
1014,2024-05,3,chronos_2,20668.0,18481.90234375
1017,2024-05,3,chronos_2,23071.0,20830.357421875
1028,2024-05,3,chronos_2,21575.0,19190.91796875
1039,2024-05,3,chronos_2,29370.0,26996.919921875
1052,2024-05,3,chronos_2,26904.0,24185.396484375
1053,2024-05,3,chronos_2,24705.0,24629.34765625
1071,2024-05,3,chronos_2,32015.0,31063.583984375
1072,2024-05,3,chronos_2,29652.0,26692.3828125
1112,2024-05,3,chronos_2,28399.0,26597.083984375
1117,2024-05,3,chronos_2,38034.0,34904.859375
1120,2024-05,3,chronos_2,23802.0,22486.666015625
1121,2024-05,3,chronos_2,22092.0,20129.103515625
1126,2024-05,3,chronos_2,20566.0,19917.4453125
1139,2024-05,3,chronos_2,32805.0,29603.009765625
1141,2024-05,3,chronos_2,39816.0,37190.859375
1144,2024-05,3,chronos_2,24979.0,23868.822265625
1146,2024-05,3,chronos_2,26982.0,24133.3203125
1157,2024-05,3,chronos_2,35318.0,32264.474609375
1176,2024-05,3,chronos_2,42337.0,39477.45703125
1211,2024-05,3,chronos_2,29749.0,26642.033203125
1212,2024-05,3,chronos_2,34452.0,31156.435546875
1226,2024-05,3,chronos_2,34969.0,31713.08984375
1229,2024-05,3,chronos_2,34873.0,32342.70703125
1237,2024-05,3,chronos_2,31675.0,27315.671875
1243,2024-05,3,chronos_2,38006.0,36198.33203125
1262,2024-05,3,chronos_2,24819.0,22698.78515625
1264,2024-05,3,chronos_2,21460.0,18999.81640625
1265,2024-05,3,chronos_2,21598.0,19435.587890625
1267,2024-05,3,chronos_2,19192.0,17551.310546875
1272,2024-05,3,chronos_2,21314.0,20157.55078125
1274,2024-05,3,chronos_2,21260.0,18825.642578125
1276,2024-05,3,chronos_2,19803.0,19231.04296875
1287,2024-05,3,chronos_2,21524.0,20618.82421875
1305,2024-05,3,chronos_2,22041.0,25099.978515625
1313,2024-05,3,chronos_2,23013.0,20497.505859375
1327,2024-05,3,chronos_2,23456.0,20627.87890625
1330,2024-05,3,chronos_2,20950.0,20429.205078125
1339,2024-05,3,chronos_2,18655.0,16940.1171875
1350,2024-05,3,chronos_2,18450.0,16934.458984375
1405,2024-05,3,chronos_2,40508.0,36421.94140625
1410,2024-05,3,chronos_2,39324.0,37986.4140625
1425,2024-05,3,chronos_2,23514.0,19089.173828125
1429,2024-05,3,chronos_2,26515.0,23378.849609375
1438,2024-05,3,chronos_2,56683.0,46515.03125
1465,2024-05,3,chronos_2,49188.0,46086.9765625
1468,2024-05,3,chronos_2,48902.0,45974.19140625
1477,2024-05,3,chronos_2,41377.0,37682.5
1486,2024-05,3,chronos_2,38032.0,33316.828125
1489,2024-05,3,chronos_2,40105.0,36785.80078125
1523,2024-05,3,chronos_2,40441.0,37909.62109375
1529,2024-05,3,chronos_2,25806.0,23902.44140625
1532,2024-05,3,chronos_2,27544.0,24498.330078125
1535,2024-05,3,chronos_2,25383.0,22265.892578125
1536,2024-05,3,chronos_2,27166.0,24141.658203125
1552,2024-05,3,chronos_2,22993.0,20478.548828125
1555,2024-05,3,chronos_2,27756.0,24989.740234375
1571,2024-05,3,chronos_2,26965.0,24286.53125
1573,2024-05,3,chronos_2,26258.0,22513.78515625
1580,2024-05,3,chronos_2,24610.0,22818.173828125
1604,2024-05,3,chronos_2,29579.0,25863.13671875
1605,2024-05,3,chronos_2,24013.0,21113.55078125
1606,2024-05,3,chronos_2,22037.0,18810.775390625
1607,2024-05,3,chronos_2,22650.0,20210.66015625
1610,2024-05,3,chronos_2,24278.0,22228.353515625
1611,2024-05,3,chronos_2,27255.0,23526.498046875
1612,2024-05,3,chronos_2,27092.0,24384.767578125
1615,2024-05,3,chronos_2,30016.0,27171.45703125
1617,2024-05,3,chronos_2,25962.0,23308.744140625
1618,2024-05,3,chronos_2,26054.0,23319.26171875
1635,2024-05,3,chronos_2,21186.0,19131.677734375
1640,2024-05,3,chronos_2,22529.0,19889.8828125
1644,2024-05,3,chronos_2,23386.0,20814.158203125
1654,2024-05,3,chronos_2,23456.0,20355.00390625
1662,2024-05,3,chronos_2,26573.0,20352.607421875
1663,2024-05,3,chronos_2,23516.0,21577.380859375
1701,2024-05,3,chronos_2,25090.0,22498.337890625
1702,2024-05,3,chronos_2,21103.0,19414.890625
1707,2024-05,3,chronos_2,35111.0,32255.1640625
1718,2024-05,3,chronos_2,23544.0,21498.564453125
1725,2024-05,3,chronos_2,22553.0,20657.73828125
1738,2024-05,3,chronos_2,23202.0,21359.189453125
1744,2024-05,3,chronos_2,20503.0,19294.798828125
1751,2024-05,3,chronos_2,20859.0,18175.708984375
1759,2024-05,3,chronos_2,23528.0,22053.193359375
1762,2024-05,3,chronos_2,21360.0,19349.955078125
1775,2024-05,3,chronos_2,24640.0,21644.71875
1777,2024-05,3,chronos_2,25389.0,23859.509765625
1853,2024-05,3,chronos_2,24318.0,21803.82421875
1854,2024-05,3,chronos_2,23502.0,20772.4765625
1856,2024-05,3,chronos_2,23921.0,23090.3203125
1860,2024-05,3,chronos_2,23368.0,22015.828125
1863,2024-05,3,chronos_2,34291.0,31603.9609375
1865,2024-05,3,chronos_2,22655.0,20603.24609375
1870,2024-05,3,chronos_2,22033.0,20196.82421875
1880,2024-05,3,chronos_2,28396.0,26027.306640625
1884,2024-05,3,chronos_2,24118.0,23034.98046875
1890,2024-05,3,chronos_2,37600.0,35832.609375
1909,2024-05,3,chronos_2,21618.0,20704.744140625
1912,2024-05,3,chronos_2,28034.0,26934.86328125
1924,2024-05,3,chronos_2,20283.0,18210.28515625
1929,2024-05,3,chronos_2,22230.0,20051.4765625
1933,2024-05,3,chronos_2,21184.0,20439.31640625
1939,2024-05,3,chronos_2,21659.0,19683.44140625
1957,2024-05,3,chronos_2,43986.0,40349.890625
1958,2024-05,3,chronos_2,61311.0,52981.18359375
1960,2024-05,3,chronos_2,35548.0,34241.2265625
1976,2024-05,3,chronos_2,31251.0,29609.3203125
1979,2024-05,3,chronos_2,42311.0,40068.01171875
1980,2024-05,3,chronos_2,32504.0,29105.431640625
1992,2024-05,3,chronos_2,28894.0,26378.77734375
1995,2024-05,3,chronos_2,31299.0,28597.32421875
2000,2024-05,3,chronos_2,38291.0,36259.7578125
2001,2024-05,3,chronos_2,32744.0,28770.38671875
2007,2024-05,3,chronos_2,26375.0,25541.541015625
2021,2024-05,3,chronos_2,27935.0,25639.314453125
2024,2024-05,3,chronos_2,33630.0,30982.900390625
2036,2024-05,3,chronos_2,27506.0,24439.638671875
2044,2024-05,3,chronos_2,37535.0,35046.4921875
2048,2024-05,3,chronos_2,34949.0,30647.095703125
2063,2024-05,3,chronos_2,37909.0,35603.82421875
2077,2024-05,3,chronos_2,24376.0,22628.263671875
2085,2024-05,3,chronos_2,21117.0,20398.048828125
2089,2024-05,3,chronos_2,21655.0,20322.072265625
2122,2024-05,3,chronos_2,28178.0,24583.48828125
2142,2024-05,3,chronos_2,29772.0,26960.623046875
2144,2024-05,3,chronos_2,39759.0,37046.16796875
2155,2024-05,3,chronos_2,31475.0,27973.962890625
2156,2024-05,3,chronos_2,25672.0,22675.6875
2161,2024-05,3,chronos_2,40696.0,38875.1953125
2176,2024-05,3,chronos_2,27639.0,25296.837890625
2187,2024-05,3,chronos_2,28546.0,26796.3125
2194,2024-05,3,chronos_2,31356.0,28126.765625
2196,2024-05,3,chronos_2,25306.0,24528.201171875
2208,2024-05,3,chronos_2,28526.0,26092.7109375
2232,2024-05,3,chronos_2,41182.0,36825.28515625
2259,2024-05,3,chronos_2,21080.0,19574.638671875
2265,2024-05,3,chronos_2,19603.0,17969.23046875
2269,2024-05,3,chronos_2,18808.0,17394.994140625
2274,2024-05,3,chronos_2,22174.0,19561.775390625
2280,2024-05,3,chronos_2,33927.0,31640.375
2316,2024-05,3,chronos_2,24895.0,21809.759765625
2318,2024-05,3,chronos_2,39669.0,38005.0546875
2320,2024-05,3,chronos_2,33972.0,32736.568359375
2324,2024-05,3,chronos_2,25321.0,23393.767578125
2343,2024-05,3,chronos_2,35552.0,34449.34765625
2345,2024-05,3,chronos_2,78307.0,56728.390625
2374,2024-05,3,chronos_2,51738.0,50407.62890625
2375,2024-05,3,chronos_2,50523.0,50104.3359375
2391,2024-05,3,chronos_2,43176.0,40374.49609375
2395,2024-05,3,chronos_2,39804.0,38389.9921875
2403,2024-05,3,chronos_2,45328.0,43241.0078125
2406,2024-05,3,chronos_2,48027.0,45478.9765625
2411,2024-05,3,chronos_2,49722.0,46361.76171875
2426,2024-05,3,chronos_2,50251.0,49935.15625
2441,2024-05,3,chronos_2,60913.0,54641.515625
2444,2024-05,3,chronos_2,68841.0,64956.171875
2465,2024-05,3,chronos_2,46251.0,42435.91015625
2474,2024-05,3,chronos_2,48241.0,45907.00390625
2490,2024-05,3,chronos_2,57461.0,54920.08203125
2495,2024-05,3,chronos_2,66696.0,62756.40234375
2498,2024-05,3,chronos_2,51255.0,48254.59375
2500,2024-05,3,chronos_2,52088.0,49652.53125
2503,2024-05,3,chronos_2,61206.0,58223.6875
2531,2024-05,3,chronos_2,55938.0,53923.73046875
2536,2024-05,3,chronos_2,65670.0,61028.7578125
2539,2024-05,3,chronos_2,58406.0,55805.45703125
2552,2024-05,3,chronos_2,49924.0,47418.7421875
2554,2024-05,3,chronos_2,47910.0,44978.125
2555,2024-05,3,chronos_2,54746.0,51927.2734375
2556,2024-05,3,chronos_2,49139.0,46406.3125
2560,2024-05,3,chronos_2,53858.0,51582.65625
2582,2024-05,3,chronos_2,48689.0,46430.3828125
2589,2024-05,3,chronos_2,65607.0,61885.359375
2590,2024-05,3,chronos_2,54497.0,52622.859375
2605,2024-05,3,chronos_2,62011.0,59344.6640625
2620,2024-05,3,chronos_2,36884.0,34589.58203125
2647,2024-05,3,chronos_2,35388.0,33263.35546875
12,2024-05,6,chronos_2,34887.0,32074.279296875
21,2024-05,6,chronos_2,37011.0,35602.4765625
42,2024-05,6,chronos_2,28895.0,26520.158203125
48,2024-05,6,chronos_2,20130.0,19509.08203125
49,2024-05,6,chronos_2,23745.0,22689.353515625
57,2024-05,6,chronos_2,31824.0,30790.5546875
81,2024-05,6,chronos_2,28174.0,25884.064453125
225,2024-05,6,chronos_2,44556.0,43181.16796875
230,2024-05,6,chronos_2,26967.0,26440.013671875
239,2024-05,6,chronos_2,27917.0,28385.408203125
243,2024-05,6,chronos_2,24347.0,25654.63671875
280,2024-05,6,chronos_2,18466.0,17593.603515625
287,2024-05,6,chronos_2,18281.0,16201.2421875
295,2024-05,6,chronos_2,22726.0,20366.869140625
298,2024-05,6,chronos_2,23495.0,21465.775390625
314,2024-05,6,chronos_2,31050.0,28777.51953125
329,2024-05,6,chronos_2,30020.0,29494.279296875
337,2024-05,6,chronos_2,25836.0,26318.19921875
351,2024-05,6,chronos_2,27278.0,24681.048828125
355,2024-05,6,chronos_2,35244.0,33885.58203125
383,2024-05,6,chronos_2,21792.0,20762.220703125
384,2024-05,6,chronos_2,18879.0,17423.505859375
392,2024-05,6,chronos_2,22957.0,20526.345703125
410,2024-05,6,chronos_2,28402.0,24241.068359375
414,2024-05,6,chronos_2,24567.0,21210.072265625
432,2024-05,6,chronos_2,22984.0,21675.44921875
436,2024-05,6,chronos_2,20234.0,17324.486328125
438,2024-05,6,chronos_2,22090.0,18203.9921875
455,2024-05,6,chronos_2,28925.0,26352.353515625
485,2024-05,6,chronos_2,17253.0,15592.1328125
494,2024-05,6,chronos_2,16949.0,16189.10546875
504,2024-05,6,chronos_2,36785.0,34266.140625
520,2024-05,6,chronos_2,20103.0,16800.51953125
532,2024-05,6,chronos_2,21784.0,20102.39453125
534,2024-05,6,chronos_2,19189.0,19118.1171875
536,2024-05,6,chronos_2,20861.0,19847.1875
541,2024-05,6,chronos_2,21921.0,19685.466796875
544,2024-05,6,chronos_2,20366.0,20038.357421875
550,2024-05,6,chronos_2,20589.0,18613.49609375
556,2024-05,6,chronos_2,17327.0,15911.1083984375
559,2024-05,6,chronos_2,24078.0,20798.326171875
562,2024-05,6,chronos_2,20726.0,20305.5625
587,2024-05,6,chronos_2,30697.0,27506.40625
608,2024-05,6,chronos_2,59599.0,55258.40625
618,2024-05,6,chronos_2,55123.0,44029.4140625
670,2024-05,6,chronos_2,35204.0,29063.794921875
683,2024-05,6,chronos_2,21483.0,21069.451171875
693,2024-05,6,chronos_2,38498.0,34947.63671875
706,2024-05,6,chronos_2,21242.0,20660.93359375
714,2024-05,6,chronos_2,26527.0,25580.7265625
727,2024-05,6,chronos_2,39845.0,36909.97265625
778,2024-05,6,chronos_2,40350.0,37399.31640625
797,2024-05,6,chronos_2,31830.0,27334.8828125
801,2024-05,6,chronos_2,35784.0,33006.09765625
810,2024-05,6,chronos_2,25299.0,23841.623046875
812,2024-05,6,chronos_2,37623.0,34002.15234375
817,2024-05,6,chronos_2,24731.0,21200.015625
825,2024-05,6,chronos_2,25379.0,23365.3671875
833,2024-05,6,chronos_2,24166.0,21700.447265625
847,2024-05,6,chronos_2,40806.0,38952.2109375
859,2024-05,6,chronos_2,33522.0,27451.328125
877,2024-05,6,chronos_2,26876.0,24472.431640625
880,2024-05,6,chronos_2,26526.0,23998.212890625
892,2024-05,6,chronos_2,36491.0,33691.95703125
897,2024-05,6,chronos_2,31874.0,29783.486328125
899,2024-05,6,chronos_2,26337.0,24969.810546875
904,2024-05,6,chronos_2,23056.0,22153.19921875
922,2024-05,6,chronos_2,20468.0,19693.9921875
926,2024-05,6,chronos_2,20753.0,19393.76953125
929,2024-05,6,chronos_2,20190.0,18528.013671875
987,2024-05,6,chronos_2,31668.0,30003.796875
988,2024-05,6,chronos_2,36937.0,35408.76953125
989,2024-05,6,chronos_2,33716.0,32106.50390625
995,2024-05,6,chronos_2,26773.0,24557.587890625
999,2024-05,6,chronos_2,23073.0,21299.46875
1002,2024-05,6,chronos_2,22806.0,21063.822265625
1004,2024-05,6,chronos_2,24885.0,23208.771484375
1009,2024-05,6,chronos_2,31545.0,29699.2890625
1011,2024-05,6,chronos_2,27185.0,24129.1953125
1014,2024-05,6,chronos_2,21056.0,18385.626953125
1017,2024-05,6,chronos_2,23557.0,20555.708984375
1028,2024-05,6,chronos_2,21609.0,18921.181640625
1039,2024-05,6,chronos_2,30033.0,26658.005859375
1052,2024-05,6,chronos_2,25568.0,23573.640625
1053,2024-05,6,chronos_2,25488.0,24291.892578125
1071,2024-05,6,chronos_2,32398.0,30988.896484375
1072,2024-05,6,chronos_2,30393.0,26339.724609375
1112,2024-05,6,chronos_2,28146.0,26324.111328125
1117,2024-05,6,chronos_2,40080.0,34729.875
1120,2024-05,6,chronos_2,23343.0,22174.203125
1121,2024-05,6,chronos_2,22274.0,20175.578125
1126,2024-05,6,chronos_2,20875.0,19610.431640625
1139,2024-05,6,chronos_2,30685.0,29259.1953125
1141,2024-05,6,chronos_2,37802.0,36706.22265625
1144,2024-05,6,chronos_2,24612.0,23636.904296875
1146,2024-05,6,chronos_2,24138.0,23741.978515625
1157,2024-05,6,chronos_2,32306.0,31718.9453125
1176,2024-05,6,chronos_2,42328.0,39085.75390625
1211,2024-05,6,chronos_2,30420.0,26170.330078125
1212,2024-05,6,chronos_2,35697.0,30756.373046875
1226,2024-05,6,chronos_2,33485.0,31287.22265625
1229,2024-05,6,chronos_2,33743.0,31928.763671875
1237,2024-05,6,chronos_2,29505.0,26810.373046875
1243,2024-05,6,chronos_2,36539.0,35840.1328125
1262,2024-05,6,chronos_2,24459.0,22267.8828125
1264,2024-05,6,chronos_2,20168.0,18688.986328125
1265,2024-05,6,chronos_2,19034.0,19162.87890625
1267,2024-05,6,chronos_2,17463.0,17238.62109375
1272,2024-05,6,chronos_2,21632.0,19914.970703125
1274,2024-05,6,chronos_2,18870.0,18536.80078125
1276,2024-05,6,chronos_2,18688.0,19107.623046875
1287,2024-05,6,chronos_2,21936.0,20492.9296875
1305,2024-05,6,chronos_2,26612.0,24784.6015625
1313,2024-05,6,chronos_2,21277.0,19982.4140625
1327,2024-05,6,chronos_2,21120.0,20362.30859375
1330,2024-05,6,chronos_2,21997.0,20211.482421875
1339,2024-05,6,chronos_2,17737.0,16874.861328125
1350,2024-05,6,chronos_2,17851.0,16683.6015625
1405,2024-05,6,chronos_2,40183.0,35860.61328125
1410,2024-05,6,chronos_2,39868.0,38242.12890625
1425,2024-05,6,chronos_2,22393.0,19076.412109375
1429,2024-05,6,chronos_2,25694.0,23078.46484375
1438,2024-05,6,chronos_2,56394.0,45521.32421875
1465,2024-05,6,chronos_2,48737.0,45832.80859375
1468,2024-05,6,chronos_2,48625.0,45934.13671875
1477,2024-05,6,chronos_2,41458.0,37501.8359375
1486,2024-05,6,chronos_2,37962.0,32809.625
1489,2024-05,6,chronos_2,39744.0,36363.109375
1523,2024-05,6,chronos_2,40579.0,37718.65234375
1529,2024-05,6,chronos_2,24783.0,23722.1171875
1532,2024-05,6,chronos_2,28166.0,24344.458984375
1535,2024-05,6,chronos_2,24499.0,22018.470703125
1536,2024-05,6,chronos_2,27139.0,23976.12890625
1552,2024-05,6,chronos_2,22250.0,20160.552734375
1555,2024-05,6,chronos_2,28609.0,24729.8125
1571,2024-05,6,chronos_2,25852.0,23801.5546875
1573,2024-05,6,chronos_2,24828.0,22136.58984375
1580,2024-05,6,chronos_2,24243.0,22581.404296875
1604,2024-05,6,chronos_2,28209.0,25705.189453125
1605,2024-05,6,chronos_2,23155.0,20958.15625
1606,2024-05,6,chronos_2,21166.0,18599.041015625
1607,2024-05,6,chronos_2,21508.0,20119.01953125
1610,2024-05,6,chronos_2,22985.0,22144.982421875
1611,2024-05,6,chronos_2,27480.0,23238.48828125
1612,2024-05,6,chronos_2,27916.0,24201.087890625
1615,2024-05,6,chronos_2,29576.0,27009.916015625
1617,2024-05,6,chronos_2,23870.0,22856.509765625
1618,2024-05,6,chronos_2,25064.0,23088.33203125
1635,2024-05,6,chronos_2,19494.0,18842.947265625
1640,2024-05,6,chronos_2,20320.0,19530.70703125
1644,2024-05,6,chronos_2,22608.0,20620.51953125
1654,2024-05,6,chronos_2,23361.0,20186.060546875
1662,2024-05,6,chronos_2,22327.0,19992.734375
1663,2024-05,6,chronos_2,21611.0,21305.00390625
1701,2024-05,6,chronos_2,24170.0,22131.42578125
1702,2024-05,6,chronos_2,18401.0,19129.63671875
1707,2024-05,6,chronos_2,34382.0,32126.453125
1718,2024-05,6,chronos_2,22637.0,21349.921875
1725,2024-05,6,chronos_2,21961.0,20364.833984375
1738,2024-05,6,chronos_2,23885.0,20853.458984375
1744,2024-05,6,chronos_2,21992.0,18861.025390625
1751,2024-05,6,chronos_2,20624.0,17939.3515625
1759,2024-05,6,chronos_2,23898.0,21738.7109375
1762,2024-05,6,chronos_2,21090.0,18844.068359375
1775,2024-05,6,chronos_2,23640.0,21276.177734375
1777,2024-05,6,chronos_2,24622.0,23408.30078125
1853,2024-05,6,chronos_2,24698.0,21609.30859375
1854,2024-05,6,chronos_2,24047.0,20479.16796875
1856,2024-05,6,chronos_2,24488.0,22748.849609375
1860,2024-05,6,chronos_2,23523.0,21550.814453125
1863,2024-05,6,chronos_2,35320.0,31362.166015625
1865,2024-05,6,chronos_2,23902.0,20324.859375
1870,2024-05,6,chronos_2,23572.0,20147.220703125
1880,2024-05,6,chronos_2,27570.0,25576.619140625
1884,2024-05,6,chronos_2,24343.0,22738.185546875
1890,2024-05,6,chronos_2,37647.0,35708.75390625
1909,2024-05,6,chronos_2,22405.0,20434.951171875
1912,2024-05,6,chronos_2,28491.0,26735.8515625
1924,2024-05,6,chronos_2,19542.0,18007.11328125
1929,2024-05,6,chronos_2,22064.0,19803.546875
1933,2024-05,6,chronos_2,20310.0,19913.958984375
1939,2024-05,6,chronos_2,21912.0,19389.080078125
1957,2024-05,6,chronos_2,41970.0,39932.78125
1958,2024-05,6,chronos_2,57089.0,52211.4140625
1960,2024-05,6,chronos_2,33247.0,33882.6640625
1976,2024-05,6,chronos_2,31102.0,28775.357421875
1979,2024-05,6,chronos_2,42273.0,40155.421875
1980,2024-05,6,chronos_2,34043.0,29052.345703125
1992,2024-05,6,chronos_2,29255.0,25873.03515625
1995,2024-05,6,chronos_2,30140.0,28336.548828125
2000,2024-05,6,chronos_2,39089.0,36171.80859375
2001,2024-05,6,chronos_2,29942.0,28110.3828125
2007,2024-05,6,chronos_2,26400.0,25379.3046875
2021,2024-05,6,chronos_2,28380.0,25341.0859375
2024,2024-05,6,chronos_2,31641.0,30969.248046875
2036,2024-05,6,chronos_2,26565.0,24063.19921875
2044,2024-05,6,chronos_2,37594.0,34823.18359375
2048,2024-05,6,chronos_2,34656.0,30100.0
2063,2024-05,6,chronos_2,38394.0,35394.45703125
2077,2024-05,6,chronos_2,24559.0,22218.126953125
2085,2024-05,6,chronos_2,21127.0,19993.6640625
2089,2024-05,6,chronos_2,22511.0,20102.62109375
2122,2024-05,6,chronos_2,26265.0,24194.50390625
2142,2024-05,6,chronos_2,29726.0,26601.4609375
2144,2024-05,6,chronos_2,39757.0,36739.07421875
2155,2024-05,6,chronos_2,29356.0,27651.1171875
2156,2024-05,6,chronos_2,24657.0,22532.94140625
2161,2024-05,6,chronos_2,40955.0,38622.90625
2176,2024-05,6,chronos_2,27467.0,25000.9296875
2187,2024-05,6,chronos_2,29088.0,26523.640625
2194,2024-05,6,chronos_2,29960.0,27899.08203125
2196,2024-05,6,chronos_2,24415.0,24215.275390625
2208,2024-05,6,chronos_2,25094.0,25708.287109375
2232,2024-05,6,chronos_2,38682.0,35841.30859375
2259,2024-05,6,chronos_2,21252.0,19411.236328125
2265,2024-05,6,chronos_2,18477.0,17895.32421875
2269,2024-05,6,chronos_2,19229.0,17252.259765625
2274,2024-05,6,chronos_2,21665.0,19312.806640625
2280,2024-05,6,chronos_2,32993.0,31664.896484375
2316,2024-05,6,chronos_2,28240.0,21279.552734375
2318,2024-05,6,chronos_2,39611.0,37857.34765625
2320,2024-05,6,chronos_2,34530.0,32623.73828125
2324,2024-05,6,chronos_2,25819.0,23018.7265625
2343,2024-05,6,chronos_2,33420.0,34480.046875
2345,2024-05,6,chronos_2,60292.0,53563.93359375
2374,2024-05,6,chronos_2,52609.0,50318.95703125
2375,2024-05,6,chronos_2,51162.0,49758.203125
2391,2024-05,6,chronos_2,43467.0,39614.6328125
2395,2024-05,6,chronos_2,40208.0,38191.625
2403,2024-05,6,chronos_2,45364.0,43020.21875
2406,2024-05,6,chronos_2,48295.0,45050.3359375
2411,2024-05,6,chronos_2,48484.0,45986.92578125
2426,2024-05,6,chronos_2,50603.0,49749.15625
2441,2024-05,6,chronos_2,62464.0,53702.40625
2444,2024-05,6,chronos_2,70705.0,65063.82421875
2465,2024-05,6,chronos_2,45064.0,42083.30078125
2474,2024-05,6,chronos_2,48474.0,45669.4140625
2490,2024-05,6,chronos_2,58446.0,54582.640625
2495,2024-05,6,chronos_2,67895.0,62755.55859375
2498,2024-05,6,chronos_2,51698.0,48050.56640625
2500,2024-05,6,chronos_2,52457.0,49489.7265625
2503,2024-05,6,chronos_2,62340.0,57939.2578125
2531,2024-05,6,chronos_2,56639.0,53792.96484375
2536,2024-05,6,chronos_2,65720.0,60806.51953125
2539,2024-05,6,chronos_2,57494.0,55703.5546875
2552,2024-05,6,chronos_2,49422.0,47150.2734375
2554,2024-05,6,chronos_2,47813.0,44834.49609375
2555,2024-05,6,chronos_2,55559.0,51823.625
2556,2024-05,6,chronos_2,49664.0,46203.9453125
2560,2024-05,6,chronos_2,54358.0,51349.63671875
2582,2024-05,6,chronos_2,48738.0,46080.73046875
2589,2024-05,6,chronos_2,65421.0,61554.109375
2590,2024-05,6,chronos_2,54853.0,52635.90234375
2605,2024-05,6,chronos_2,62360.0,58988.828125
2620,2024-05,6,chronos_2,36879.0,34287.96875
2647,2024-05,6,chronos_2,36145.0,33002.6640625
12,2024-06,1,chronos_2,37008.0,35082.13671875
21,2024-06,1,chronos_2,36788.0,36423.734375
42,2024-06,1,chronos_2,28285.0,27413.47265625
48,2024-06,1,chronos_2,21097.0,20160.1171875
49,2024-06,1,chronos_2,24384.0,23641.349609375
57,2024-06,1,chronos_2,31766.0,31352.65625
81,2024-06,1,chronos_2,27257.0,27117.310546875
225,2024-06,1,chronos_2,52057.0,49107.8359375
230,2024-06,1,chronos_2,31776.0,27707.77734375
239,2024-06,1,chronos_2,32380.0,30354.603515625
243,2024-06,1,chronos_2,31679.0,27040.078125
280,2024-06,1,chronos_2,20258.0,19213.759765625
287,2024-06,1,chronos_2,17870.0,16931.92578125
295,2024-06,1,chronos_2,23072.0,21460.966796875
298,2024-06,1,chronos_2,23494.0,22835.505859375
314,2024-06,1,chronos_2,34536.0,31500.6875
329,2024-06,1,chronos_2,32919.0,32702.10546875
337,2024-06,1,chronos_2,29693.0,28847.873046875
351,2024-06,1,chronos_2,27914.0,26480.5703125
355,2024-06,1,chronos_2,34902.0,34192.40234375
383,2024-06,1,chronos_2,22831.0,21842.154296875
384,2024-06,1,chronos_2,19023.0,18598.15234375
392,2024-06,1,chronos_2,23032.0,21763.8984375
410,2024-06,1,chronos_2,26830.0,26398.60546875
414,2024-06,1,chronos_2,25370.0,23987.451171875
432,2024-06,1,chronos_2,23549.0,23953.86328125
436,2024-06,1,chronos_2,19315.0,18345.740234375
438,2024-06,1,chronos_2,20995.0,19179.796875
455,2024-06,1,chronos_2,30880.0,28070.939453125
485,2024-06,1,chronos_2,17550.0,16692.896484375
494,2024-06,1,chronos_2,19013.0,17234.0546875
504,2024-06,1,chronos_2,36669.0,35762.390625
520,2024-06,1,chronos_2,19222.0,18426.439453125
532,2024-06,1,chronos_2,22870.0,21451.625
534,2024-06,1,chronos_2,22389.0,20216.146484375
536,2024-06,1,chronos_2,22563.0,21471.328125
541,2024-06,1,chronos_2,22715.0,21761.76171875
544,2024-06,1,chronos_2,23202.0,21509.3828125
550,2024-06,1,chronos_2,21547.0,19909.025390625
556,2024-06,1,chronos_2,17905.0,17127.341796875
559,2024-06,1,chronos_2,22930.0,21866.763671875
562,2024-06,1,chronos_2,23401.0,22506.822265625
587,2024-06,1,chronos_2,30167.0,29887.091796875
608,2024-06,1,chronos_2,61431.0,58531.79296875
618,2024-06,1,chronos_2,54600.0,51301.078125
670,2024-06,1,chronos_2,33209.0,30626.791015625
683,2024-06,1,chronos_2,22516.0,21972.052734375
693,2024-06,1,chronos_2,38665.0,36638.640625
706,2024-06,1,chronos_2,22647.0,22174.505859375
714,2024-06,1,chronos_2,28325.0,27379.306640625
727,2024-06,1,chronos_2,39208.0,38547.19140625
778,2024-06,1,chronos_2,41033.0,38801.1171875
797,2024-06,1,chronos_2,29683.0,29088.986328125
801,2024-06,1,chronos_2,36778.0,34100.1640625
810,2024-06,1,chronos_2,25717.0,24871.51953125
812,2024-06,1,chronos_2,36507.0,35410.1953125
817,2024-06,1,chronos_2,24059.0,23378.34375
825,2024-06,1,chronos_2,24652.0,24498.58984375
833,2024-06,1,chronos_2,24350.0,23224.10546875
847,2024-06,1,chronos_2,44974.0,41395.953125
859,2024-06,1,chronos_2,33965.0,29887.9296875
877,2024-06,1,chronos_2,25761.0,25875.986328125
880,2024-06,1,chronos_2,25481.0,25029.802734375
892,2024-06,1,chronos_2,37411.0,35776.28515625
897,2024-06,1,chronos_2,32881.0,31744.6484375
899,2024-06,1,chronos_2,26736.0,26034.072265625
904,2024-06,1,chronos_2,24593.0,23337.78125
922,2024-06,1,chronos_2,21981.0,20989.263671875
926,2024-06,1,chronos_2,21029.0,20455.51171875
929,2024-06,1,chronos_2,19466.0,19382.056640625
987,2024-06,1,chronos_2,31279.0,30595.89453125
988,2024-06,1,chronos_2,36276.0,36151.80859375
989,2024-06,1,chronos_2,32999.0,32651.755859375
995,2024-06,1,chronos_2,26415.0,25761.0703125
999,2024-06,1,chronos_2,23327.0,22065.703125
1002,2024-06,1,chronos_2,22575.0,21935.330078125
1004,2024-06,1,chronos_2,25338.0,24289.955078125
1009,2024-06,1,chronos_2,31420.0,30799.275390625
1011,2024-06,1,chronos_2,26610.0,25514.44140625
1014,2024-06,1,chronos_2,19581.0,19150.64453125
1017,2024-06,1,chronos_2,22043.0,21697.548828125
1028,2024-06,1,chronos_2,22020.0,20149.099609375
1039,2024-06,1,chronos_2,27953.0,27731.34765625
1052,2024-06,1,chronos_2,26700.0,25975.794921875
1053,2024-06,1,chronos_2,24419.0,24884.49609375
1071,2024-06,1,chronos_2,31923.0,31588.44921875
1072,2024-06,1,chronos_2,29455.0,27867.076171875
1112,2024-06,1,chronos_2,28238.0,27532.541015625
1117,2024-06,1,chronos_2,37487.0,35762.5625
1120,2024-06,1,chronos_2,24532.0,23588.9765625
1121,2024-06,1,chronos_2,21563.0,21072.462890625
1126,2024-06,1,chronos_2,21829.0,20767.58984375
1139,2024-06,1,chronos_2,32676.0,31278.447265625
1141,2024-06,1,chronos_2,40065.0,38551.55859375
1144,2024-06,1,chronos_2,26094.0,24999.82421875
1146,2024-06,1,chronos_2,25934.0,25640.078125
1157,2024-06,1,chronos_2,35729.0,33973.984375
1176,2024-06,1,chronos_2,41951.0,40239.55078125
1211,2024-06,1,chronos_2,28982.0,27144.0625
1212,2024-06,1,chronos_2,33177.0,32128.4140625
1226,2024-06,1,chronos_2,33891.0,32727.65625
1229,2024-06,1,chronos_2,34723.0,33314.51171875
1237,2024-06,1,chronos_2,31090.0,29089.24609375
1243,2024-06,1,chronos_2,37711.0,36659.21484375
1262,2024-06,1,chronos_2,24819.0,24152.193359375
1264,2024-06,1,chronos_2,21022.0,19654.427734375
1265,2024-06,1,chronos_2,22418.0,20654.384765625
1267,2024-06,1,chronos_2,19066.0,18222.9453125
1272,2024-06,1,chronos_2,21958.0,21041.3828125
1274,2024-06,1,chronos_2,21233.0,19705.732421875
1276,2024-06,1,chronos_2,19632.0,19491.81640625
1287,2024-06,1,chronos_2,22693.0,21101.123046875
1305,2024-06,1,chronos_2,21597.0,23129.2578125
1313,2024-06,1,chronos_2,22910.0,21866.177734375
1327,2024-06,1,chronos_2,21863.0,21168.11328125
1330,2024-06,1,chronos_2,21792.0,21155.259765625
1339,2024-06,1,chronos_2,17975.0,16901.96484375
1350,2024-06,1,chronos_2,17700.0,17662.09765625
1405,2024-06,1,chronos_2,39155.0,38133.47265625
1410,2024-06,1,chronos_2,38587.0,37709.3671875
1425,2024-06,1,chronos_2,20831.0,19935.70703125
1429,2024-06,1,chronos_2,25179.0,24088.62890625
1438,2024-06,1,chronos_2,57553.0,50157.0078125
1465,2024-06,1,chronos_2,48373.0,47293.984375
1468,2024-06,1,chronos_2,48074.0,47127.97265625
1477,2024-06,1,chronos_2,39473.0,38751.7734375
1486,2024-06,1,chronos_2,37739.0,34985.5859375
1489,2024-06,1,chronos_2,39699.0,38277.50390625
1523,2024-06,1,chronos_2,40050.0,38870.7421875
1529,2024-06,1,chronos_2,25593.0,24818.068359375
1532,2024-06,1,chronos_2,26090.0,25455.658203125
1535,2024-06,1,chronos_2,25202.0,23427.58203125
1536,2024-06,1,chronos_2,27320.0,25042.49609375
1552,2024-06,1,chronos_2,22174.0,21552.99609375
1555,2024-06,1,chronos_2,27268.0,25930.93359375
1571,2024-06,1,chronos_2,27755.0,25810.103515625
1573,2024-06,1,chronos_2,26491.0,24072.380859375
1580,2024-06,1,chronos_2,24650.0,23600.7734375
1604,2024-06,1,chronos_2,28048.0,27252.58984375
1605,2024-06,1,chronos_2,23792.0,21888.416015625
1606,2024-06,1,chronos_2,21463.0,19791.123046875
1607,2024-06,1,chronos_2,21802.0,20967.87890625
1610,2024-06,1,chronos_2,24222.0,22945.046875
1611,2024-06,1,chronos_2,26935.0,24837.0390625
1612,2024-06,1,chronos_2,27058.0,25562.2265625
1615,2024-06,1,chronos_2,29674.0,28452.31640625
1617,2024-06,1,chronos_2,25745.0,24119.451171875
1618,2024-06,1,chronos_2,25580.0,24474.998046875
1635,2024-06,1,chronos_2,22497.0,20499.234375
1640,2024-06,1,chronos_2,21301.0,20859.31640625
1644,2024-06,1,chronos_2,21650.0,21654.625
1654,2024-06,1,chronos_2,23706.0,21484.76953125
1662,2024-06,1,chronos_2,25113.0,21716.6171875
1663,2024-06,1,chronos_2,23286.0,22403.4609375
1701,2024-06,1,chronos_2,25296.0,23768.23046875
1702,2024-06,1,chronos_2,19166.0,19855.009765625
1707,2024-06,1,chronos_2,34527.0,33245.8359375
1718,2024-06,1,chronos_2,24003.0,21713.201171875
1725,2024-06,1,chronos_2,22388.0,21970.9765625
1738,2024-06,1,chronos_2,23337.0,21991.45703125
1744,2024-06,1,chronos_2,19851.0,20161.462890625
1751,2024-06,1,chronos_2,18859.0,19331.51171875
1759,2024-06,1,chronos_2,22776.0,22632.462890625
1762,2024-06,1,chronos_2,21802.0,20232.224609375
1775,2024-06,1,chronos_2,24761.0,22179.08984375
1777,2024-06,1,chronos_2,25491.0,24667.33984375
1853,2024-06,1,chronos_2,24580.0,22455.62109375
1854,2024-06,1,chronos_2,22379.0,21676.77734375
1856,2024-06,1,chronos_2,25003.0,23767.634765625
1860,2024-06,1,chronos_2,24451.0,22013.87890625
1863,2024-06,1,chronos_2,33568.0,32332.3828125
1865,2024-06,1,chronos_2,22940.0,21245.666015625
1870,2024-06,1,chronos_2,21768.0,21128.125
1880,2024-06,1,chronos_2,28257.0,27537.990234375
1884,2024-06,1,chronos_2,24616.0,24441.353515625
1890,2024-06,1,chronos_2,37212.0,36815.16015625
1909,2024-06,1,chronos_2,22946.0,21719.25390625
1912,2024-06,1,chronos_2,28346.0,28671.22265625
1924,2024-06,1,chronos_2,20206.0,19091.5703125
1929,2024-06,1,chronos_2,21507.0,20724.978515625
1933,2024-06,1,chronos_2,21359.0,21163.392578125
1939,2024-06,1,chronos_2,21305.0,20822.30859375
1957,2024-06,1,chronos_2,44258.0,41804.16015625
1958,2024-06,1,chronos_2,63026.0,56509.45703125
1960,2024-06,1,chronos_2,36254.0,35327.87890625
1976,2024-06,1,chronos_2,31567.0,30757.708984375
1979,2024-06,1,chronos_2,41650.0,41374.94140625
1980,2024-06,1,chronos_2,31110.0,29845.8828125
1992,2024-06,1,chronos_2,28120.0,28206.138671875
1995,2024-06,1,chronos_2,30786.0,30180.53515625
2000,2024-06,1,chronos_2,37965.0,37612.9609375
2001,2024-06,1,chronos_2,30787.0,30468.42578125
2007,2024-06,1,chronos_2,26797.0,26009.595703125
2021,2024-06,1,chronos_2,28743.0,27141.212890625
2024,2024-06,1,chronos_2,32681.0,31681.919921875
2036,2024-06,1,chronos_2,27527.0,26043.650390625
2044,2024-06,1,chronos_2,36710.0,35680.1171875
2048,2024-06,1,chronos_2,33541.0,32203.4765625
2063,2024-06,1,chronos_2,37294.0,36365.09765625
2077,2024-06,1,chronos_2,24089.0,23404.958984375
2085,2024-06,1,chronos_2,21369.0,20355.654296875
2089,2024-06,1,chronos_2,21892.0,20989.625
2122,2024-06,1,chronos_2,28197.0,25409.7578125
2142,2024-06,1,chronos_2,28991.0,27746.4453125
2144,2024-06,1,chronos_2,39650.0,38521.2109375
2155,2024-06,1,chronos_2,31078.0,29475.109375
2156,2024-06,1,chronos_2,25046.0,24009.701171875
2161,2024-06,1,chronos_2,40838.0,40260.734375
2176,2024-06,1,chronos_2,27956.0,26687.501953125
2187,2024-06,1,chronos_2,30107.0,28004.453125
2194,2024-06,1,chronos_2,30154.0,29250.341796875
2196,2024-06,1,chronos_2,25441.0,25227.546875
2208,2024-06,1,chronos_2,27943.0,26654.84375
2232,2024-06,1,chronos_2,40496.0,39281.28125
2259,2024-06,1,chronos_2,21037.0,20535.341796875
2265,2024-06,1,chronos_2,18361.0,18328.841796875
2269,2024-06,1,chronos_2,17328.0,17398.970703125
2274,2024-06,1,chronos_2,21072.0,20398.84765625
2280,2024-06,1,chronos_2,33246.0,32756.455078125
2316,2024-06,1,chronos_2,24957.0,23769.033203125
2318,2024-06,1,chronos_2,39385.0,38464.8046875
2320,2024-06,1,chronos_2,33944.0,33031.703125
2324,2024-06,1,chronos_2,25746.0,23971.390625
2343,2024-06,1,chronos_2,35342.0,35250.875
2345,2024-06,1,chronos_2,80952.0,64730.41796875
2374,2024-06,1,chronos_2,51102.0,50819.3828125
2375,2024-06,1,chronos_2,50684.0,50519.4296875
2391,2024-06,1,chronos_2,43363.0,42287.6328125
2395,2024-06,1,chronos_2,38546.0,38788.0234375
2403,2024-06,1,chronos_2,44701.0,44202.1640625
2406,2024-06,1,chronos_2,47369.0,46627.3984375
2411,2024-06,1,chronos_2,47821.0,46757.63671875
2426,2024-06,1,chronos_2,49909.0,49939.57421875
2441,2024-06,1,chronos_2,60506.0,57564.3046875
2444,2024-06,1,chronos_2,66077.0,66353.984375
2465,2024-06,1,chronos_2,45440.0,44128.72265625
2474,2024-06,1,chronos_2,47904.0,47257.3515625
2490,2024-06,1,chronos_2,57220.0,55748.44140625
2495,2024-06,1,chronos_2,66044.0,64448.7890625
2498,2024-06,1,chronos_2,51075.0,49810.81640625
2500,2024-06,1,chronos_2,51946.0,50770.75
2503,2024-06,1,chronos_2,61525.0,60263.65234375
2531,2024-06,1,chronos_2,56005.0,54887.96875
2536,2024-06,1,chronos_2,64701.0,62761.24609375
2539,2024-06,1,chronos_2,58450.0,56682.09375
2552,2024-06,1,chronos_2,49482.0,48846.2734375
2554,2024-06,1,chronos_2,47565.0,46015.8125
2555,2024-06,1,chronos_2,54182.0,53382.0859375
2556,2024-06,1,chronos_2,49227.0,47749.16015625
2560,2024-06,1,chronos_2,54024.0,52818.2265625
2582,2024-06,1,chronos_2,48513.0,47698.19921875
2589,2024-06,1,chronos_2,64746.0,63453.31640625
2590,2024-06,1,chronos_2,54391.0,53660.421875
2605,2024-06,1,chronos_2,61663.0,61019.16015625
2620,2024-06,1,chronos_2,36379.0,35976.92578125
2647,2024-06,1,chronos_2,34222.0,34003.265625
12,2024-06,3,chronos_2,34278.0,34584.765625
21,2024-06,3,chronos_2,34999.0,36468.39453125
42,2024-06,3,chronos_2,27234.0,27324.54296875
48,2024-06,3,chronos_2,20446.0,19970.810546875
49,2024-06,3,chronos_2,23006.0,23331.666015625
57,2024-06,3,chronos_2,30506.0,31263.73828125
81,2024-06,3,chronos_2,26141.0,27071.5
225,2024-06,3,chronos_2,45385.0,46916.8515625
230,2024-06,3,chronos_2,27191.0,27345.328125
239,2024-06,3,chronos_2,27758.0,29862.58203125
243,2024-06,3,chronos_2,26101.0,26730.572265625
280,2024-06,3,chronos_2,17969.0,18617.4375
287,2024-06,3,chronos_2,16668.0,16735.953125
295,2024-06,3,chronos_2,20817.0,21303.4453125
298,2024-06,3,chronos_2,22275.0,22582.4375
314,2024-06,3,chronos_2,30365.0,30690.095703125
329,2024-06,3,chronos_2,30362.0,31999.34765625
337,2024-06,3,chronos_2,27076.0,27993.130859375
351,2024-06,3,chronos_2,26258.0,26328.857421875
355,2024-06,3,chronos_2,33360.0,34370.6015625
383,2024-06,3,chronos_2,21719.0,21574.537109375
384,2024-06,3,chronos_2,16604.0,18299.236328125
392,2024-06,3,chronos_2,22043.0,21403.451171875
410,2024-06,3,chronos_2,27876.0,26022.158203125
414,2024-06,3,chronos_2,24020.0,23227.765625
432,2024-06,3,chronos_2,22187.0,23355.783203125
436,2024-06,3,chronos_2,18794.0,18095.052734375
438,2024-06,3,chronos_2,20029.0,18937.759765625
455,2024-06,3,chronos_2,28157.0,27538.35546875
485,2024-06,3,chronos_2,16449.0,16382.17578125
494,2024-06,3,chronos_2,17166.0,16922.1953125
504,2024-06,3,chronos_2,34843.0,35608.09375
520,2024-06,3,chronos_2,17621.0,17978.54296875
532,2024-06,3,chronos_2,20132.0,21118.00390625
534,2024-06,3,chronos_2,19284.0,19944.38671875
536,2024-06,3,chronos_2,20663.0,20982.619140625
541,2024-06,3,chronos_2,19594.0,21255.708984375
544,2024-06,3,chronos_2,20412.0,21220.396484375
550,2024-06,3,chronos_2,20003.0,19672.654296875
556,2024-06,3,chronos_2,16470.0,16881.166015625
559,2024-06,3,chronos_2,21790.0,21602.041015625
562,2024-06,3,chronos_2,20831.0,21926.75390625
587,2024-06,3,chronos_2,26461.0,29366.25390625
608,2024-06,3,chronos_2,57433.0,57879.6328125
618,2024-06,3,chronos_2,54724.0,50134.359375
670,2024-06,3,chronos_2,32786.0,30436.7890625
683,2024-06,3,chronos_2,20444.0,21694.43359375
693,2024-06,3,chronos_2,36306.0,36576.88671875
706,2024-06,3,chronos_2,20465.0,21688.337890625
714,2024-06,3,chronos_2,25744.0,27050.384765625
727,2024-06,3,chronos_2,37045.0,38422.484375
778,2024-06,3,chronos_2,38299.0,38441.89453125
797,2024-06,3,chronos_2,29921.0,28687.126953125
801,2024-06,3,chronos_2,33327.0,33996.58984375
810,2024-06,3,chronos_2,24149.0,24976.701171875
812,2024-06,3,chronos_2,35759.0,35445.4140625
817,2024-06,3,chronos_2,23281.0,23104.34375
825,2024-06,3,chronos_2,24278.0,24630.6796875
833,2024-06,3,chronos_2,23305.0,23059.291015625
847,2024-06,3,chronos_2,40282.0,40850.0
859,2024-06,3,chronos_2,30435.0,29404.3046875
877,2024-06,3,chronos_2,24016.0,25459.275390625
880,2024-06,3,chronos_2,25122.0,24740.80859375
892,2024-06,3,chronos_2,33665.0,35227.7578125
897,2024-06,3,chronos_2,30187.0,31307.810546875
899,2024-06,3,chronos_2,23476.0,25587.064453125
904,2024-06,3,chronos_2,21862.0,22995.48828125
922,2024-06,3,chronos_2,20828.0,20704.306640625
926,2024-06,3,chronos_2,20845.0,20319.615234375
929,2024-06,3,chronos_2,18593.0,19235.75390625
987,2024-06,3,chronos_2,29903.0,30663.5546875
988,2024-06,3,chronos_2,35042.0,36358.6171875
989,2024-06,3,chronos_2,31655.0,32847.75
995,2024-06,3,chronos_2,24578.0,25292.208984375
999,2024-06,3,chronos_2,22449.0,21728.47265625
1002,2024-06,3,chronos_2,22337.0,21757.083984375
1004,2024-06,3,chronos_2,24309.0,23967.923828125
1009,2024-06,3,chronos_2,30129.0,30604.11328125
1011,2024-06,3,chronos_2,25126.0,25344.93359375
1014,2024-06,3,chronos_2,19533.0,18944.25390625
1017,2024-06,3,chronos_2,22011.0,21439.611328125
1028,2024-06,3,chronos_2,20025.0,19807.44921875
1039,2024-06,3,chronos_2,28259.0,27737.1171875
1052,2024-06,3,chronos_2,23924.0,25343.7109375
1053,2024-06,3,chronos_2,23267.0,24623.451171875
1071,2024-06,3,chronos_2,30186.0,31425.537109375
1072,2024-06,3,chronos_2,27566.0,27362.0
1112,2024-06,3,chronos_2,26964.0,27336.3359375
1117,2024-06,3,chronos_2,34958.0,35794.29296875
1120,2024-06,3,chronos_2,22073.0,23166.421875
1121,2024-06,3,chronos_2,20496.0,20807.2109375
1126,2024-06,3,chronos_2,19529.0,20581.5703125
1139,2024-06,3,chronos_2,29171.0,30982.037109375
1141,2024-06,3,chronos_2,36564.0,38073.22265625
1144,2024-06,3,chronos_2,24262.0,24677.833984375
1146,2024-06,3,chronos_2,23251.0,25147.73828125
1157,2024-06,3,chronos_2,32040.0,33331.44921875
1176,2024-06,3,chronos_2,39925.0,39921.64453125
1211,2024-06,3,chronos_2,27828.0,26623.2265625
1212,2024-06,3,chronos_2,32717.0,32011.3359375
1226,2024-06,3,chronos_2,32495.0,32427.46484375
1229,2024-06,3,chronos_2,32326.0,33053.40234375
1237,2024-06,3,chronos_2,29412.0,28488.853515625
1243,2024-06,3,chronos_2,34443.0,36257.3125
1262,2024-06,3,chronos_2,23120.0,23607.0703125
1264,2024-06,3,chronos_2,18125.0,19356.880859375
1265,2024-06,3,chronos_2,19803.0,20168.326171875
1267,2024-06,3,chronos_2,16676.0,17872.994140625
1272,2024-06,3,chronos_2,19818.0,20710.376953125
1274,2024-06,3,chronos_2,19822.0,19358.353515625
1276,2024-06,3,chronos_2,19461.0,19306.75
1287,2024-06,3,chronos_2,19929.0,20935.662109375
1305,2024-06,3,chronos_2,21979.0,23159.935546875
1313,2024-06,3,chronos_2,20790.0,21347.416015625
1327,2024-06,3,chronos_2,21358.0,20994.810546875
1330,2024-06,3,chronos_2,19249.0,20887.4375
1339,2024-06,3,chronos_2,18562.0,16837.755859375
1350,2024-06,3,chronos_2,17369.0,17290.99609375
1405,2024-06,3,chronos_2,37608.0,37757.37109375
1410,2024-06,3,chronos_2,36942.0,37970.95703125
1425,2024-06,3,chronos_2,21060.0,19671.291015625
1429,2024-06,3,chronos_2,24618.0,23775.10546875
1438,2024-06,3,chronos_2,47418.0,48988.80078125
1465,2024-06,3,chronos_2,46250.0,47127.2890625
1468,2024-06,3,chronos_2,45946.0,47215.3671875
1477,2024-06,3,chronos_2,39089.0,38714.07421875
1486,2024-06,3,chronos_2,35725.0,34576.6015625
1489,2024-06,3,chronos_2,38018.0,37958.59375
1523,2024-06,3,chronos_2,38231.0,38690.7734375
1529,2024-06,3,chronos_2,24987.0,24469.05859375
1532,2024-06,3,chronos_2,25952.0,25242.0234375
1535,2024-06,3,chronos_2,24128.0,23026.697265625
1536,2024-06,3,chronos_2,25788.0,24782.21875
1552,2024-06,3,chronos_2,20620.0,21187.853515625
1555,2024-06,3,chronos_2,27237.0,25671.609375
1571,2024-06,3,chronos_2,25352.0,25385.685546875
1573,2024-06,3,chronos_2,24409.0,23708.390625
1580,2024-06,3,chronos_2,23701.0,23301.00390625
1604,2024-06,3,chronos_2,27070.0,27334.630859375
1605,2024-06,3,chronos_2,21271.0,21785.865234375
1606,2024-06,3,chronos_2,19818.0,19560.205078125
1607,2024-06,3,chronos_2,19799.0,20828.05859375
1610,2024-06,3,chronos_2,22420.0,22885.326171875
1611,2024-06,3,chronos_2,25766.0,24572.21484375
1612,2024-06,3,chronos_2,25407.0,25304.576171875
1615,2024-06,3,chronos_2,27995.0,28473.96484375
1617,2024-06,3,chronos_2,23667.0,23856.1875
1618,2024-06,3,chronos_2,24063.0,24243.4140625
1635,2024-06,3,chronos_2,18630.0,19824.69140625
1640,2024-06,3,chronos_2,20385.0,20481.787109375
1644,2024-06,3,chronos_2,21272.0,21357.935546875
1654,2024-06,3,chronos_2,20384.0,21157.76171875
1662,2024-06,3,chronos_2,22688.0,21389.7578125
1663,2024-06,3,chronos_2,21212.0,22163.392578125
1701,2024-06,3,chronos_2,22867.0,23371.38671875
1702,2024-06,3,chronos_2,17582.0,19600.572265625
1707,2024-06,3,chronos_2,32692.0,33181.03125
1718,2024-06,3,chronos_2,21489.0,21622.8359375
1725,2024-06,3,chronos_2,21267.0,21535.79296875
1738,2024-06,3,chronos_2,21537.0,21685.64453125
1744,2024-06,3,chronos_2,19060.0,19848.7421875
1751,2024-06,3,chronos_2,18477.0,18970.830078125
1759,2024-06,3,chronos_2,21628.0,22488.861328125
1762,2024-06,3,chronos_2,19345.0,19708.875
1775,2024-06,3,chronos_2,23705.0,21806.591796875
1777,2024-06,3,chronos_2,24011.0,24210.7890625
1853,2024-06,3,chronos_2,23537.0,22195.376953125
1854,2024-06,3,chronos_2,21517.0,21319.365234375
1856,2024-06,3,chronos_2,23689.0,23407.373046875
1860,2024-06,3,chronos_2,22224.0,21748.830078125
1863,2024-06,3,chronos_2,32332.0,32113.5546875
1865,2024-06,3,chronos_2,22183.0,21018.755859375
1870,2024-06,3,chronos_2,21398.0,20862.77734375
1880,2024-06,3,chronos_2,26070.0,27082.234375
1884,2024-06,3,chronos_2,24443.0,24090.5078125
1890,2024-06,3,chronos_2,35157.0,36709.9375
1909,2024-06,3,chronos_2,21760.0,21442.72265625
1912,2024-06,3,chronos_2,26384.0,28534.2421875
1924,2024-06,3,chronos_2,18930.0,18935.15625
1929,2024-06,3,chronos_2,20027.0,20486.873046875
1933,2024-06,3,chronos_2,19196.0,20797.67578125
1939,2024-06,3,chronos_2,20397.0,20492.6171875
1957,2024-06,3,chronos_2,41902.0,41217.36328125
1958,2024-06,3,chronos_2,55949.0,55605.5234375
1960,2024-06,3,chronos_2,33781.0,34773.71484375
1976,2024-06,3,chronos_2,29022.0,30077.94140625
1979,2024-06,3,chronos_2,39671.0,41626.1015625
1980,2024-06,3,chronos_2,31515.0,29597.35546875
1992,2024-06,3,chronos_2,25997.0,27497.4921875
1995,2024-06,3,chronos_2,29077.0,30166.8828125
2000,2024-06,3,chronos_2,36212.0,37599.203125
2001,2024-06,3,chronos_2,28048.0,29791.8828125
2007,2024-06,3,chronos_2,25097.0,25641.107421875
2021,2024-06,3,chronos_2,26452.0,26666.412109375
2024,2024-06,3,chronos_2,30598.0,31722.8828125
2036,2024-06,3,chronos_2,25087.0,25542.25390625
2044,2024-06,3,chronos_2,35203.0,35465.9765625
2048,2024-06,3,chronos_2,32332.0,31719.724609375
2063,2024-06,3,chronos_2,36367.0,36281.08984375
2077,2024-06,3,chronos_2,22552.0,23215.900390625
2085,2024-06,3,chronos_2,19815.0,20151.013671875
2089,2024-06,3,chronos_2,20706.0,20746.59375
2122,2024-06,3,chronos_2,27068.0,24959.392578125
2142,2024-06,3,chronos_2,25849.0,27538.32421875
2144,2024-06,3,chronos_2,37284.0,38329.8125
2155,2024-06,3,chronos_2,28107.0,29121.078125
2156,2024-06,3,chronos_2,23501.0,23597.23828125
2161,2024-06,3,chronos_2,38126.0,40282.46875
2176,2024-06,3,chronos_2,25344.0,25927.99609375
2187,2024-06,3,chronos_2,27958.0,27778.02734375
2194,2024-06,3,chronos_2,28442.0,28998.962890625
2196,2024-06,3,chronos_2,22322.0,24777.279296875
2208,2024-06,3,chronos_2,24718.0,26415.2421875
2232,2024-06,3,chronos_2,36596.0,38282.41796875
2259,2024-06,3,chronos_2,20179.0,20322.07421875
2265,2024-06,3,chronos_2,17552.0,18234.2421875
2269,2024-06,3,chronos_2,17430.0,17326.0703125
2274,2024-06,3,chronos_2,19967.0,20150.78125
2280,2024-06,3,chronos_2,31254.0,32935.4921875
2316,2024-06,3,chronos_2,25013.0,23080.36328125
2318,2024-06,3,chronos_2,37094.0,38266.203125
2320,2024-06,3,chronos_2,31924.0,32816.1953125
2324,2024-06,3,chronos_2,24465.0,23635.1796875
2343,2024-06,3,chronos_2,32867.0,35952.984375
2345,2024-06,3,chronos_2,67196.0,61144.90234375
2374,2024-06,3,chronos_2,49477.0,50569.22265625
2375,2024-06,3,chronos_2,48226.0,50083.625
2391,2024-06,3,chronos_2,42197.0,41496.65234375
2395,2024-06,3,chronos_2,37352.0,38624.453125
2403,2024-06,3,chronos_2,42852.0,43965.6328125
2406,2024-06,3,chronos_2,45612.0,46049.58984375
2411,2024-06,3,chronos_2,47372.0,46506.98828125
2426,2024-06,3,chronos_2,47660.0,49684.75390625
2441,2024-06,3,chronos_2,57420.0,56736.859375
2444,2024-06,3,chronos_2,66666.0,66472.25
2465,2024-06,3,chronos_2,42503.0,43770.20703125
2474,2024-06,3,chronos_2,46304.0,46993.296875
2490,2024-06,3,chronos_2,54926.0,55343.546875
2495,2024-06,3,chronos_2,64345.0,64248.546875
2498,2024-06,3,chronos_2,48922.0,49566.84375
2500,2024-06,3,chronos_2,49071.0,50628.171875
2503,2024-06,3,chronos_2,58171.0,60026.9609375
2531,2024-06,3,chronos_2,53304.0,54682.171875
2536,2024-06,3,chronos_2,62439.0,62501.65234375
2539,2024-06,3,chronos_2,55715.0,56840.62890625
2552,2024-06,3,chronos_2,46890.0,48698.8046875
2554,2024-06,3,chronos_2,45011.0,45855.2109375
2555,2024-06,3,chronos_2,51722.0,53294.99609375
2556,2024-06,3,chronos_2,46980.0,47524.921875
2560,2024-06,3,chronos_2,50740.0,52561.41796875
2582,2024-06,3,chronos_2,46125.0,47418.07421875
2589,2024-06,3,chronos_2,61705.0,63165.87109375
2590,2024-06,3,chronos_2,51280.0,53872.7734375
2605,2024-06,3,chronos_2,58461.0,60856.84375
2620,2024-06,3,chronos_2,34498.0,35653.61328125
2647,2024-06,3,chronos_2,33859.0,34066.40625
12,2024-06,6,chronos_2,42595.0,34087.34375
21,2024-06,6,chronos_2,42485.0,36857.1796875
42,2024-06,6,chronos_2,33604.0,27365.1171875
48,2024-06,6,chronos_2,23697.0,19934.271484375
49,2024-06,6,chronos_2,27879.0,23050.3984375
57,2024-06,6,chronos_2,36757.0,31422.64453125
81,2024-06,6,chronos_2,32888.0,27157.623046875
225,2024-06,6,chronos_2,51020.0,44572.5390625
230,2024-06,6,chronos_2,35160.0,27243.06640625
239,2024-06,6,chronos_2,34191.0,29364.88671875
243,2024-06,6,chronos_2,31339.0,26604.548828125
280,2024-06,6,chronos_2,22732.0,17971.185546875
287,2024-06,6,chronos_2,21582.0,16594.77734375
295,2024-06,6,chronos_2,26084.0,21233.849609375
298,2024-06,6,chronos_2,27377.0,22345.634765625
314,2024-06,6,chronos_2,42147.0,30437.439453125
329,2024-06,6,chronos_2,42813.0,31881.12890625
337,2024-06,6,chronos_2,34005.0,27526.0625
351,2024-06,6,chronos_2,32458.0,26252.640625
355,2024-06,6,chronos_2,40376.0,34539.56640625
383,2024-06,6,chronos_2,25252.0,21213.7578125
384,2024-06,6,chronos_2,21030.0,17760.826171875
392,2024-06,6,chronos_2,27565.0,21017.173828125
410,2024-06,6,chronos_2,34776.0,25461.76171875
414,2024-06,6,chronos_2,28958.0,22762.6796875
432,2024-06,6,chronos_2,28334.0,22828.26171875
436,2024-06,6,chronos_2,22407.0,17917.814453125
438,2024-06,6,chronos_2,24718.0,18579.666015625
455,2024-06,6,chronos_2,37309.0,27172.7734375
485,2024-06,6,chronos_2,20469.0,15924.9326171875
494,2024-06,6,chronos_2,20963.0,16646.76953125
504,2024-06,6,chronos_2,43606.0,35742.90625
520,2024-06,6,chronos_2,22568.0,17607.88671875
532,2024-06,6,chronos_2,25614.0,20993.751953125
534,2024-06,6,chronos_2,23921.0,19788.05078125
536,2024-06,6,chronos_2,24835.0,20636.552734375
541,2024-06,6,chronos_2,25584.0,20862.251953125
544,2024-06,6,chronos_2,24775.0,21034.890625
550,2024-06,6,chronos_2,24347.0,19503.109375
556,2024-06,6,chronos_2,21935.0,16679.568359375
559,2024-06,6,chronos_2,28625.0,21506.30859375
562,2024-06,6,chronos_2,25222.0,21559.501953125
587,2024-06,6,chronos_2,38211.0,29153.54296875
608,2024-06,6,chronos_2,69451.0,57456.6484375
618,2024-06,6,chronos_2,63777.0,47993.0703125
670,2024-06,6,chronos_2,40287.0,30272.25
683,2024-06,6,chronos_2,27144.0,21582.94921875
693,2024-06,6,chronos_2,43594.0,36667.3125
706,2024-06,6,chronos_2,25979.0,21072.484375
714,2024-06,6,chronos_2,30977.0,26826.908203125
727,2024-06,6,chronos_2,46941.0,38770.8046875
778,2024-06,6,chronos_2,47238.0,37958.5234375
797,2024-06,6,chronos_2,39155.0,28401.330078125
801,2024-06,6,chronos_2,41017.0,34239.59375
810,2024-06,6,chronos_2,29457.0,25246.310546875
812,2024-06,6,chronos_2,43980.0,35532.65625
817,2024-06,6,chronos_2,29563.0,22418.345703125
825,2024-06,6,chronos_2,30624.0,24867.52734375
833,2024-06,6,chronos_2,29295.0,22976.486328125
847,2024-06,6,chronos_2,49702.0,40371.9296875
859,2024-06,6,chronos_2,38568.0,29063.25390625
877,2024-06,6,chronos_2,30473.0,25269.7578125
880,2024-06,6,chronos_2,34251.0,24637.892578125
892,2024-06,6,chronos_2,42591.0,34947.5625
897,2024-06,6,chronos_2,37333.0,30993.798828125
899,2024-06,6,chronos_2,30737.0,25560.517578125
904,2024-06,6,chronos_2,27151.0,22692.994140625
922,2024-06,6,chronos_2,25441.0,20515.146484375
926,2024-06,6,chronos_2,26404.0,20329.71484375
929,2024-06,6,chronos_2,24866.0,19085.484375
987,2024-06,6,chronos_2,37413.0,30947.26953125
988,2024-06,6,chronos_2,43359.0,36854.875
989,2024-06,6,chronos_2,39202.0,33203.625
995,2024-06,6,chronos_2,31971.0,24921.01171875
999,2024-06,6,chronos_2,27374.0,21394.0703125
1002,2024-06,6,chronos_2,26807.0,21557.591796875
1004,2024-06,6,chronos_2,30538.0,23729.212890625
1009,2024-06,6,chronos_2,38789.0,30477.41796875
1011,2024-06,6,chronos_2,33142.0,25366.16796875
1014,2024-06,6,chronos_2,25149.0,18847.03515625
1017,2024-06,6,chronos_2,27633.0,21189.197265625
1028,2024-06,6,chronos_2,26675.0,19502.591796875
1039,2024-06,6,chronos_2,35345.0,27928.244140625
1052,2024-06,6,chronos_2,30575.0,24743.392578125
1053,2024-06,6,chronos_2,29338.0,24354.505859375
1071,2024-06,6,chronos_2,36598.0,31717.849609375
1072,2024-06,6,chronos_2,35161.0,26948.8671875
1112,2024-06,6,chronos_2,34128.0,27329.828125
1117,2024-06,6,chronos_2,43086.0,36144.72265625
1120,2024-06,6,chronos_2,29677.0,22694.38671875
1121,2024-06,6,chronos_2,25267.0,20717.294921875
1126,2024-06,6,chronos_2,24723.0,20328.947265625
1139,2024-06,6,chronos_2,36644.0,30991.916015625
1141,2024-06,6,chronos_2,44468.0,37691.3515625
1144,2024-06,6,chronos_2,30600.0,24632.921875
1146,2024-06,6,chronos_2,27933.0,24568.015625
1157,2024-06,6,chronos_2,37372.0,32875.1875
1176,2024-06,6,chronos_2,48687.0,39636.76171875
1211,2024-06,6,chronos_2,35124.0,26121.873046875
1212,2024-06,6,chronos_2,40847.0,31907.92578125
1226,2024-06,6,chronos_2,39335.0,32069.078125
1229,2024-06,6,chronos_2,39261.0,32832.4296875
1237,2024-06,6,chronos_2,34983.0,28074.306640625
1243,2024-06,6,chronos_2,40673.0,35430.5703125
1262,2024-06,6,chronos_2,28961.0,23091.6484375
1264,2024-06,6,chronos_2,23937.0,19111.7109375
1265,2024-06,6,chronos_2,23023.0,19838.19921875
1267,2024-06,6,chronos_2,20705.0,17488.951171875
1272,2024-06,6,chronos_2,24430.0,20455.37890625
1274,2024-06,6,chronos_2,22847.0,19087.41796875
1276,2024-06,6,chronos_2,22588.0,19252.9140625
1287,2024-06,6,chronos_2,24584.0,20762.3671875
1305,2024-06,6,chronos_2,30876.0,23319.48046875
1313,2024-06,6,chronos_2,24654.0,20888.22265625
1327,2024-06,6,chronos_2,25546.0,21040.93359375
1330,2024-06,6,chronos_2,25279.0,20733.935546875
1339,2024-06,6,chronos_2,22909.0,16857.03515625
1350,2024-06,6,chronos_2,21658.0,17109.806640625
1405,2024-06,6,chronos_2,46594.0,37446.66796875
1410,2024-06,6,chronos_2,46358.0,38066.13671875
1425,2024-06,6,chronos_2,25371.0,19633.03125
1429,2024-06,6,chronos_2,31597.0,23526.4453125
1438,2024-06,6,chronos_2,70825.0,48257.41015625
1465,2024-06,6,chronos_2,57432.0,47279.09765625
1468,2024-06,6,chronos_2,58259.0,47641.7734375
1477,2024-06,6,chronos_2,49666.0,38986.22265625
1486,2024-06,6,chronos_2,45617.0,34390.79296875
1489,2024-06,6,chronos_2,47021.0,37899.95703125
1523,2024-06,6,chronos_2,47006.0,38726.44921875
1529,2024-06,6,chronos_2,28439.0,24200.95703125
1532,2024-06,6,chronos_2,33819.0,25249.66796875
1535,2024-06,6,chronos_2,29218.0,22788.2109375
1536,2024-06,6,chronos_2,31205.0,24621.166015625
1552,2024-06,6,chronos_2,26872.0,20837.326171875
1555,2024-06,6,chronos_2,33875.0,25570.3671875
1571,2024-06,6,chronos_2,30890.0,25039.6015625
1573,2024-06,6,chronos_2,30528.0,23528.63671875
1580,2024-06,6,chronos_2,29297.0,23122.59765625
1604,2024-06,6,chronos_2,33426.0,27753.17578125
1605,2024-06,6,chronos_2,26504.0,21920.798828125
1606,2024-06,6,chronos_2,25586.0,19449.45703125
1607,2024-06,6,chronos_2,25484.0,20882.314453125
1610,2024-06,6,chronos_2,26804.0,23024.76953125
1611,2024-06,6,chronos_2,31974.0,24332.021484375
1612,2024-06,6,chronos_2,31665.0,25109.5390625
1615,2024-06,6,chronos_2,34724.0,28711.3515625
1617,2024-06,6,chronos_2,29193.0,23461.345703125
1618,2024-06,6,chronos_2,29526.0,24248.818359375
1635,2024-06,6,chronos_2,23472.0,19578.6875
1640,2024-06,6,chronos_2,25217.0,20250.427734375
1644,2024-06,6,chronos_2,26809.0,21121.5234375
1654,2024-06,6,chronos_2,27339.0,21048.248046875
1662,2024-06,6,chronos_2,27982.0,21049.896484375
1663,2024-06,6,chronos_2,25562.0,21934.93359375
1701,2024-06,6,chronos_2,27673.0,23056.634765625
1702,2024-06,6,chronos_2,21559.0,19355.69140625
1707,2024-06,6,chronos_2,40205.0,33378.45703125
1718,2024-06,6,chronos_2,26377.0,21624.8359375
1725,2024-06,6,chronos_2,24826.0,21203.478515625
1738,2024-06,6,chronos_2,28894.0,21137.92578125
1744,2024-06,6,chronos_2,25133.0,19407.4375
1751,2024-06,6,chronos_2,22624.0,18753.77734375
1759,2024-06,6,chronos_2,27670.0,22346.193359375
1762,2024-06,6,chronos_2,25473.0,19011.0625
1775,2024-06,6,chronos_2,28903.0,21587.52734375
1777,2024-06,6,chronos_2,29420.0,23867.1953125
1853,2024-06,6,chronos_2,28875.0,22005.763671875
1854,2024-06,6,chronos_2,28361.0,20938.126953125
1856,2024-06,6,chronos_2,29197.0,23107.83984375
1860,2024-06,6,chronos_2,26422.0,21308.11328125
1863,2024-06,6,chronos_2,41185.0,32023.89453125
1865,2024-06,6,chronos_2,27786.0,20816.93359375
1870,2024-06,6,chronos_2,25332.0,20765.099609375
1880,2024-06,6,chronos_2,32910.0,26830.474609375
1884,2024-06,6,chronos_2,30196.0,23899.404296875
1890,2024-06,6,chronos_2,44374.0,36665.23046875
1909,2024-06,6,chronos_2,26630.0,21221.333984375
1912,2024-06,6,chronos_2,36758.0,28990.5546875
1924,2024-06,6,chronos_2,23131.0,18764.412109375
1929,2024-06,6,chronos_2,26589.0,20293.8125
1933,2024-06,6,chronos_2,25738.0,20320.80859375
1939,2024-06,6,chronos_2,25779.0,20208.58203125
1957,2024-06,6,chronos_2,50707.0,40972.08984375
1958,2024-06,6,chronos_2,67604.0,55094.51171875
1960,2024-06,6,chronos_2,42532.0,34356.84375
1976,2024-06,6,chronos_2,35283.0,29321.748046875
1979,2024-06,6,chronos_2,49004.0,42196.30859375
1980,2024-06,6,chronos_2,38023.0,29566.017578125
1992,2024-06,6,chronos_2,33505.0,26757.3203125
1995,2024-06,6,chronos_2,36191.0,30372.291015625
2000,2024-06,6,chronos_2,45958.0,38001.5703125
2001,2024-06,6,chronos_2,34992.0,28968.7421875
2007,2024-06,6,chronos_2,29744.0,25564.953125
2021,2024-06,6,chronos_2,34014.0,26337.638671875
2024,2024-06,6,chronos_2,36740.0,31968.31640625
2036,2024-06,6,chronos_2,31285.0,25195.162109375
2044,2024-06,6,chronos_2,44379.0,35427.7734375
2048,2024-06,6,chronos_2,40985.0,31327.4453125
2063,2024-06,6,chronos_2,44475.0,36273.56640625
2077,2024-06,6,chronos_2,29166.0,22877.296875
2085,2024-06,6,chronos_2,25797.0,19805.630859375
2089,2024-06,6,chronos_2,25495.0,20475.81640625
2122,2024-06,6,chronos_2,32297.0,24516.126953125
2142,2024-06,6,chronos_2,36627.0,27375.1953125
2144,2024-06,6,chronos_2,45996.0,38344.51953125
2155,2024-06,6,chronos_2,35293.0,28750.607421875
2156,2024-06,6,chronos_2,30023.0,23321.35546875
2161,2024-06,6,chronos_2,46966.0,40426.96875
2176,2024-06,6,chronos_2,30728.0,25495.087890625
2187,2024-06,6,chronos_2,35760.0,27865.9765625
2194,2024-06,6,chronos_2,35735.0,28933.83203125
2196,2024-06,6,chronos_2,32067.0,24610.35546875
2208,2024-06,6,chronos_2,29742.0,26256.587890625
2232,2024-06,6,chronos_2,46210.0,37349.859375
2259,2024-06,6,chronos_2,23858.0,20184.5078125
2265,2024-06,6,chronos_2,22214.0,18206.578125
2269,2024-06,6,chronos_2,21893.0,17242.130859375
2274,2024-06,6,chronos_2,26680.0,19935.435546875
2280,2024-06,6,chronos_2,39129.0,33323.625
2316,2024-06,6,chronos_2,32701.0,22343.58203125
2318,2024-06,6,chronos_2,45947.0,38230.41015625
2320,2024-06,6,chronos_2,39801.0,32703.9921875
2324,2024-06,6,chronos_2,29690.0,23334.3125
2343,2024-06,6,chronos_2,41159.0,36712.85546875
2345,2024-06,6,chronos_2,75056.0,57255.03125
2374,2024-06,6,chronos_2,59962.0,50376.2890625
2375,2024-06,6,chronos_2,58887.0,49832.4140625
2391,2024-06,6,chronos_2,49221.0,40008.72265625
2395,2024-06,6,chronos_2,45845.0,38630.40234375
2403,2024-06,6,chronos_2,53129.0,43809.0078125
2406,2024-06,6,chronos_2,56497.0,45249.5
2411,2024-06,6,chronos_2,56968.0,46202.83984375
2426,2024-06,6,chronos_2,58084.0,49644.0078125
2441,2024-06,6,chronos_2,70917.0,55683.73046875
2444,2024-06,6,chronos_2,79505.0,66867.21875
2465,2024-06,6,chronos_2,51374.0,43874.11328125
2474,2024-06,6,chronos_2,56852.0,47226.33984375
2490,2024-06,6,chronos_2,68709.0,55336.4375
2495,2024-06,6,chronos_2,78197.0,64414.953125
2498,2024-06,6,chronos_2,60924.0,49852.25390625
2500,2024-06,6,chronos_2,61151.0,50870.91015625
2503,2024-06,6,chronos_2,71895.0,60112.1015625
2531,2024-06,6,chronos_2,66597.0,55111.5859375
2536,2024-06,6,chronos_2,76256.0,62647.1796875
2539,2024-06,6,chronos_2,67626.0,56840.7890625
2552,2024-06,6,chronos_2,58729.0,48894.4921875
2554,2024-06,6,chronos_2,55431.0,45989.7890625
2555,2024-06,6,chronos_2,64586.0,53661.41015625
2556,2024-06,6,chronos_2,58134.0,47771.15234375
2560,2024-06,6,chronos_2,62968.0,52775.90234375
2582,2024-06,6,chronos_2,57644.0,47473.9765625
2589,2024-06,6,chronos_2,76742.0,63668.953125
2590,2024-06,6,chronos_2,63598.0,54590.70703125
2605,2024-06,6,chronos_2,72779.0,61093.5078125
2620,2024-06,6,chronos_2,43851.0,35541.765625
2647,2024-06,6,chronos_2,42109.0,34203.9140625
12,2024-07,1,chronos_2,37598.0,36476.68359375
21,2024-07,1,chronos_2,37597.0,36861.72265625
42,2024-07,1,chronos_2,29594.0,28103.5703125
48,2024-07,1,chronos_2,21766.0,20363.23046875
49,2024-07,1,chronos_2,24883.0,23756.029296875
57,2024-07,1,chronos_2,32318.0,31720.60546875
81,2024-07,1,chronos_2,28055.0,27212.9453125
225,2024-07,1,chronos_2,51039.0,51440.6875
230,2024-07,1,chronos_2,30633.0,29161.830078125
239,2024-07,1,chronos_2,30950.0,31411.28515625
243,2024-07,1,chronos_2,31369.0,28582.5546875
280,2024-07,1,chronos_2,19255.0,19747.923828125
287,2024-07,1,chronos_2,17850.0,17210.96875
295,2024-07,1,chronos_2,22595.0,22296.58984375
298,2024-07,1,chronos_2,24042.0,23163.751953125
314,2024-07,1,chronos_2,36553.0,32324.73828125
329,2024-07,1,chronos_2,34419.0,32543.35546875
337,2024-07,1,chronos_2,33955.0,28756.392578125
351,2024-07,1,chronos_2,28431.0,27448.921875
355,2024-07,1,chronos_2,35540.0,35030.75
383,2024-07,1,chronos_2,23491.0,22284.73828125
384,2024-07,1,chronos_2,18522.0,18672.212890625
392,2024-07,1,chronos_2,23902.0,22366.8984375
410,2024-07,1,chronos_2,30443.0,26768.646484375
414,2024-07,1,chronos_2,27831.0,24203.33984375
432,2024-07,1,chronos_2,24450.0,23144.732421875
436,2024-07,1,chronos_2,19599.0,18760.150390625
438,2024-07,1,chronos_2,21055.0,20086.640625
455,2024-07,1,chronos_2,30976.0,29214.4921875
485,2024-07,1,chronos_2,17047.0,17107.39453125
494,2024-07,1,chronos_2,18779.0,18125.15625
504,2024-07,1,chronos_2,37358.0,36443.6171875
520,2024-07,1,chronos_2,19851.0,18785.81640625
532,2024-07,1,chronos_2,23097.0,22120.82421875
534,2024-07,1,chronos_2,20971.0,21131.060546875
536,2024-07,1,chronos_2,23025.0,21969.220703125
541,2024-07,1,chronos_2,23169.0,22080.552734375
544,2024-07,1,chronos_2,23067.0,22430.349609375
550,2024-07,1,chronos_2,21929.0,20563.06640625
556,2024-07,1,chronos_2,18902.0,17523.556640625
559,2024-07,1,chronos_2,23870.0,22244.080078125
562,2024-07,1,chronos_2,22744.0,22693.806640625
587,2024-07,1,chronos_2,30807.0,29833.130859375
608,2024-07,1,chronos_2,61721.0,60006.484375
618,2024-07,1,chronos_2,65110.0,53691.0625
670,2024-07,1,chronos_2,35566.0,31751.958984375
683,2024-07,1,chronos_2,22352.0,22005.16015625
693,2024-07,1,chronos_2,38868.0,38121.1796875
706,2024-07,1,chronos_2,22681.0,22364.369140625
714,2024-07,1,chronos_2,28201.0,27910.794921875
727,2024-07,1,chronos_2,39813.0,39000.046875
778,2024-07,1,chronos_2,40150.0,40048.9921875
797,2024-07,1,chronos_2,30868.0,28980.09765625
801,2024-07,1,chronos_2,37176.0,35729.84375
810,2024-07,1,chronos_2,26324.0,25589.30859375
812,2024-07,1,chronos_2,37724.0,36544.60546875
817,2024-07,1,chronos_2,25763.0,23835.267578125
825,2024-07,1,chronos_2,26197.0,24741.943359375
833,2024-07,1,chronos_2,25867.0,23795.3515625
847,2024-07,1,chronos_2,44578.0,43071.86328125
859,2024-07,1,chronos_2,36626.0,31686.548828125
877,2024-07,1,chronos_2,27224.0,25363.228515625
880,2024-07,1,chronos_2,26182.0,25009.751953125
892,2024-07,1,chronos_2,37283.0,36419.69921875
897,2024-07,1,chronos_2,33154.0,32288.62890625
899,2024-07,1,chronos_2,26070.0,26028.884765625
904,2024-07,1,chronos_2,25018.0,23859.41015625
922,2024-07,1,chronos_2,22878.0,21273.01171875
926,2024-07,1,chronos_2,22477.0,20652.15625
929,2024-07,1,chronos_2,20535.0,19263.50390625
987,2024-07,1,chronos_2,31683.0,31193.595703125
988,2024-07,1,chronos_2,37168.0,36448.4296875
989,2024-07,1,chronos_2,33562.0,33188.84765625
995,2024-07,1,chronos_2,26518.0,25883.74609375
999,2024-07,1,chronos_2,24131.0,22748.3125
1002,2024-07,1,chronos_2,23228.0,22141.12109375
1004,2024-07,1,chronos_2,26537.0,24680.740234375
1009,2024-07,1,chronos_2,32274.0,31261.681640625
1011,2024-07,1,chronos_2,27596.0,26039.08984375
1014,2024-07,1,chronos_2,20668.0,19192.2109375
1017,2024-07,1,chronos_2,23071.0,21639.6875
1028,2024-07,1,chronos_2,21575.0,20981.03125
1039,2024-07,1,chronos_2,29370.0,27997.044921875
1052,2024-07,1,chronos_2,26904.0,26272.5390625
1053,2024-07,1,chronos_2,24705.0,24374.6328125
1071,2024-07,1,chronos_2,32015.0,31688.2109375
1072,2024-07,1,chronos_2,29652.0,28787.2421875
1112,2024-07,1,chronos_2,28399.0,27947.349609375
1117,2024-07,1,chronos_2,38034.0,37297.62109375
1120,2024-07,1,chronos_2,23802.0,23894.62890625
1121,2024-07,1,chronos_2,22092.0,21044.72265625
1126,2024-07,1,chronos_2,20566.0,21408.41796875
1139,2024-07,1,chronos_2,32805.0,32135.904296875
1141,2024-07,1,chronos_2,39816.0,39252.8984375
1144,2024-07,1,chronos_2,24979.0,25382.857421875
1146,2024-07,1,chronos_2,26982.0,25655.0
1157,2024-07,1,chronos_2,35318.0,34864.34765625
1176,2024-07,1,chronos_2,42337.0,41572.57421875
1211,2024-07,1,chronos_2,29749.0,28092.015625
1212,2024-07,1,chronos_2,34452.0,32942.46875
1226,2024-07,1,chronos_2,34969.0,33633.875
1229,2024-07,1,chronos_2,34873.0,34373.1328125
1237,2024-07,1,chronos_2,31675.0,30279.35546875
1243,2024-07,1,chronos_2,38006.0,37884.140625
1262,2024-07,1,chronos_2,24819.0,24415.48046875
1264,2024-07,1,chronos_2,21460.0,20271.60546875
1265,2024-07,1,chronos_2,21598.0,21549.888671875
1267,2024-07,1,chronos_2,19192.0,18613.28515625
1272,2024-07,1,chronos_2,21314.0,21415.830078125
1274,2024-07,1,chronos_2,21260.0,20362.76953125
1276,2024-07,1,chronos_2,19803.0,19396.794921875
1287,2024-07,1,chronos_2,21524.0,21680.23046875
1305,2024-07,1,chronos_2,22041.0,21772.064453125
1313,2024-07,1,chronos_2,23013.0,22427.21875
1327,2024-07,1,chronos_2,23456.0,21575.53125
1330,2024-07,1,chronos_2,20950.0,21257.25390625
1339,2024-07,1,chronos_2,18655.0,17131.265625
1350,2024-07,1,chronos_2,18450.0,17377.529296875
1405,2024-07,1,chronos_2,40508.0,38873.5234375
1410,2024-07,1,chronos_2,39324.0,38816.87890625
1425,2024-07,1,chronos_2,23514.0,19976.8125
1429,2024-07,1,chronos_2,26515.0,24504.017578125
1438,2024-07,1,chronos_2,56683.0,53330.71484375
1465,2024-07,1,chronos_2,49188.0,48176.2421875
1468,2024-07,1,chronos_2,48902.0,48245.66015625
1477,2024-07,1,chronos_2,41377.0,39435.98046875
1486,2024-07,1,chronos_2,38032.0,36332.734375
1489,2024-07,1,chronos_2,40105.0,39206.23046875
1523,2024-07,1,chronos_2,40441.0,39739.8125
1529,2024-07,1,chronos_2,25806.0,25151.962890625
1532,2024-07,1,chronos_2,27544.0,25581.72265625
1535,2024-07,1,chronos_2,25383.0,24338.931640625
1536,2024-07,1,chronos_2,27166.0,26055.251953125
1552,2024-07,1,chronos_2,22993.0,21827.796875
1555,2024-07,1,chronos_2,27756.0,26464.07421875
1571,2024-07,1,chronos_2,26965.0,26950.009765625
1573,2024-07,1,chronos_2,26258.0,25224.31640625
1580,2024-07,1,chronos_2,24610.0,24082.90625
1604,2024-07,1,chronos_2,29579.0,27909.626953125
1605,2024-07,1,chronos_2,24013.0,22753.0546875
1606,2024-07,1,chronos_2,22037.0,20515.0546875
1607,2024-07,1,chronos_2,22650.0,21315.876953125
1610,2024-07,1,chronos_2,24278.0,23723.517578125
1611,2024-07,1,chronos_2,27255.0,25652.412109375
1612,2024-07,1,chronos_2,27092.0,26222.833984375
1615,2024-07,1,chronos_2,30016.0,29298.333984375
1617,2024-07,1,chronos_2,25962.0,25173.07421875
1618,2024-07,1,chronos_2,26054.0,24914.263671875
1635,2024-07,1,chronos_2,21186.0,21246.39453125
1640,2024-07,1,chronos_2,22529.0,20829.359375
1644,2024-07,1,chronos_2,23386.0,21309.466796875
1654,2024-07,1,chronos_2,23456.0,22282.958984375
1662,2024-07,1,chronos_2,26573.0,22867.48046875
1663,2024-07,1,chronos_2,23516.0,22872.822265625
1701,2024-07,1,chronos_2,25090.0,24445.068359375
1702,2024-07,1,chronos_2,21103.0,19110.986328125
1707,2024-07,1,chronos_2,35111.0,34143.80078125
1718,2024-07,1,chronos_2,23544.0,22557.796875
1725,2024-07,1,chronos_2,22553.0,21962.048828125
1738,2024-07,1,chronos_2,23202.0,22542.375
1744,2024-07,1,chronos_2,20503.0,19564.71875
1751,2024-07,1,chronos_2,20859.0,18614.80859375
1759,2024-07,1,chronos_2,23528.0,22621.064453125
1762,2024-07,1,chronos_2,21360.0,20911.345703125
1775,2024-07,1,chronos_2,24640.0,23152.3203125
1777,2024-07,1,chronos_2,25389.0,24983.84765625
1853,2024-07,1,chronos_2,24318.0,23170.42578125
1854,2024-07,1,chronos_2,23502.0,21796.99609375
1856,2024-07,1,chronos_2,23921.0,24370.05078125
1860,2024-07,1,chronos_2,23368.0,23182.54296875
1863,2024-07,1,chronos_2,34291.0,33095.65625
1865,2024-07,1,chronos_2,22655.0,21895.80078125
1870,2024-07,1,chronos_2,22033.0,21195.025390625
1880,2024-07,1,chronos_2,28396.0,27835.19921875
1884,2024-07,1,chronos_2,24118.0,24437.140625
1890,2024-07,1,chronos_2,37600.0,37388.2890625
1909,2024-07,1,chronos_2,21618.0,22294.46875
1912,2024-07,1,chronos_2,28034.0,28249.95703125
1924,2024-07,1,chronos_2,20283.0,19520.244140625
1929,2024-07,1,chronos_2,22230.0,20954.341796875
1933,2024-07,1,chronos_2,21184.0,20862.599609375
1939,2024-07,1,chronos_2,21659.0,20883.01953125
1957,2024-07,1,chronos_2,43986.0,42484.4453125
1958,2024-07,1,chronos_2,61311.0,59408.4140625
1960,2024-07,1,chronos_2,35548.0,35582.53125
1976,2024-07,1,chronos_2,31251.0,31106.568359375
1979,2024-07,1,chronos_2,42311.0,41967.3359375
1980,2024-07,1,chronos_2,32504.0,30248.36328125
1992,2024-07,1,chronos_2,28894.0,27590.896484375
1995,2024-07,1,chronos_2,31299.0,30570.267578125
2000,2024-07,1,chronos_2,38291.0,37898.6640625
2001,2024-07,1,chronos_2,32744.0,30424.6796875
2007,2024-07,1,chronos_2,26375.0,26230.337890625
2021,2024-07,1,chronos_2,27935.0,27879.90234375
2024,2024-07,1,chronos_2,33630.0,32465.755859375
2036,2024-07,1,chronos_2,27506.0,26788.568359375
2044,2024-07,1,chronos_2,37535.0,36476.69921875
2048,2024-07,1,chronos_2,34949.0,32921.5390625
2063,2024-07,1,chronos_2,37909.0,37332.50390625
2077,2024-07,1,chronos_2,24376.0,23717.6796875
2085,2024-07,1,chronos_2,21117.0,20959.6171875
2089,2024-07,1,chronos_2,21655.0,21340.126953125
2122,2024-07,1,chronos_2,28178.0,26683.83203125
2142,2024-07,1,chronos_2,29772.0,28603.453125
2144,2024-07,1,chronos_2,39759.0,39348.66015625
2155,2024-07,1,chronos_2,31475.0,30354.1875
2156,2024-07,1,chronos_2,25672.0,24255.68359375
2161,2024-07,1,chronos_2,40696.0,40960.2734375
2176,2024-07,1,chronos_2,27639.0,27342.94140625
2187,2024-07,1,chronos_2,28546.0,28976.037109375
2194,2024-07,1,chronos_2,31356.0,29584.880859375
2196,2024-07,1,chronos_2,25306.0,24967.5859375
2208,2024-07,1,chronos_2,28526.0,27261.6796875
2232,2024-07,1,chronos_2,41182.0,39688.1171875
2259,2024-07,1,chronos_2,21080.0,20641.919921875
2265,2024-07,1,chronos_2,19603.0,18197.22265625
2269,2024-07,1,chronos_2,18808.0,17221.017578125
2274,2024-07,1,chronos_2,22174.0,20597.525390625
2280,2024-07,1,chronos_2,33927.0,33343.7265625
2316,2024-07,1,chronos_2,24895.0,24294.8125
2318,2024-07,1,chronos_2,39669.0,39403.92578125
2320,2024-07,1,chronos_2,33972.0,33823.5390625
2324,2024-07,1,chronos_2,25321.0,24738.884765625
2343,2024-07,1,chronos_2,35552.0,35760.63671875
2345,2024-07,1,chronos_2,78307.0,75450.71875
2374,2024-07,1,chronos_2,51738.0,51317.96484375
2375,2024-07,1,chronos_2,50523.0,50550.22265625
2391,2024-07,1,chronos_2,43176.0,43158.48828125
2395,2024-07,1,chronos_2,39804.0,38626.9609375
2403,2024-07,1,chronos_2,45328.0,44833.1015625
2406,2024-07,1,chronos_2,48027.0,47405.8125
2411,2024-07,1,chronos_2,49722.0,47611.16796875
2426,2024-07,1,chronos_2,50251.0,49942.9609375
2441,2024-07,1,chronos_2,60913.0,59719.984375
2444,2024-07,1,chronos_2,68841.0,66385.5703125
2465,2024-07,1,chronos_2,46251.0,44794.06640625
2474,2024-07,1,chronos_2,48241.0,47768.31640625
2490,2024-07,1,chronos_2,57461.0,56945.66796875
2495,2024-07,1,chronos_2,66696.0,66199.53125
2498,2024-07,1,chronos_2,51255.0,50775.47265625
2500,2024-07,1,chronos_2,52088.0,52111.03515625
2503,2024-07,1,chronos_2,61206.0,61662.046875
2531,2024-07,1,chronos_2,55938.0,55713.12109375
2536,2024-07,1,chronos_2,65670.0,64580.84375
2539,2024-07,1,chronos_2,58406.0,59013.4765625
2552,2024-07,1,chronos_2,49924.0,49602.2890625
2554,2024-07,1,chronos_2,47910.0,47358.4609375
2555,2024-07,1,chronos_2,54746.0,54225.546875
2556,2024-07,1,chronos_2,49139.0,48773.8671875
2560,2024-07,1,chronos_2,53858.0,53707.796875
2582,2024-07,1,chronos_2,48689.0,48361.59375
2589,2024-07,1,chronos_2,65607.0,64413.81640625
2590,2024-07,1,chronos_2,54497.0,54571.58984375
2605,2024-07,1,chronos_2,62011.0,61587.1640625
2620,2024-07,1,chronos_2,36884.0,36361.28125
2647,2024-07,1,chronos_2,35388.0,34347.2578125
12,2024-07,3,chronos_2,36256.0,36163.55078125
21,2024-07,3,chronos_2,36530.0,37155.671875
42,2024-07,3,chronos_2,28887.0,28278.4296875
48,2024-07,3,chronos_2,20849.0,20174.619140625
49,2024-07,3,chronos_2,23820.0,23543.853515625
57,2024-07,3,chronos_2,31322.0,31853.826171875
81,2024-07,3,chronos_2,27721.0,27306.998046875
225,2024-07,3,chronos_2,46078.0,49167.00390625
230,2024-07,3,chronos_2,27772.0,28492.05078125
239,2024-07,3,chronos_2,29380.0,30883.498046875
243,2024-07,3,chronos_2,27800.0,27850.763671875
280,2024-07,3,chronos_2,18754.0,19297.861328125
287,2024-07,3,chronos_2,16899.0,17092.048828125
295,2024-07,3,chronos_2,21925.0,22180.0234375
298,2024-07,3,chronos_2,22954.0,22975.708984375
314,2024-07,3,chronos_2,31593.0,31303.662109375
329,2024-07,3,chronos_2,29987.0,31901.828125
337,2024-07,3,chronos_2,27947.0,27919.359375
351,2024-07,3,chronos_2,27703.0,27408.349609375
355,2024-07,3,chronos_2,34881.0,35656.87109375
383,2024-07,3,chronos_2,21828.0,22076.76953125
384,2024-07,3,chronos_2,17907.0,18455.330078125
392,2024-07,3,chronos_2,24325.0,22159.234375
410,2024-07,3,chronos_2,27617.0,26774.380859375
414,2024-07,3,chronos_2,23672.0,23634.078125
432,2024-07,3,chronos_2,23360.0,22764.484375
436,2024-07,3,chronos_2,20035.0,18492.6640625
438,2024-07,3,chronos_2,21192.0,19790.23828125
455,2024-07,3,chronos_2,30027.0,28761.1328125
485,2024-07,3,chronos_2,17308.0,16870.740234375
494,2024-07,3,chronos_2,17934.0,17742.4609375
504,2024-07,3,chronos_2,36431.0,36527.21875
520,2024-07,3,chronos_2,18871.0,18442.453125
532,2024-07,3,chronos_2,21534.0,21785.888671875
534,2024-07,3,chronos_2,19714.0,20732.873046875
536,2024-07,3,chronos_2,21884.0,21499.064453125
541,2024-07,3,chronos_2,21066.0,21615.7578125
544,2024-07,3,chronos_2,20640.0,22125.306640625
550,2024-07,3,chronos_2,20651.0,20325.537109375
556,2024-07,3,chronos_2,17559.0,17262.44140625
559,2024-07,3,chronos_2,24233.0,22033.9296875
562,2024-07,3,chronos_2,21578.0,22223.029296875
587,2024-07,3,chronos_2,29513.0,29493.12109375
608,2024-07,3,chronos_2,59173.0,59265.0390625
618,2024-07,3,chronos_2,58784.0,51518.8671875
670,2024-07,3,chronos_2,35161.0,31498.93359375
683,2024-07,3,chronos_2,21534.0,21798.083984375
693,2024-07,3,chronos_2,37947.0,38236.42578125
706,2024-07,3,chronos_2,22194.0,22138.142578125
714,2024-07,3,chronos_2,26637.0,27670.41796875
727,2024-07,3,chronos_2,39368.0,39118.21484375
778,2024-07,3,chronos_2,39868.0,39873.36328125
797,2024-07,3,chronos_2,30554.0,28668.2734375
801,2024-07,3,chronos_2,34920.0,35829.640625
810,2024-07,3,chronos_2,25660.0,25776.5390625
812,2024-07,3,chronos_2,37612.0,36883.19921875
817,2024-07,3,chronos_2,24242.0,23799.74609375
825,2024-07,3,chronos_2,25085.0,24944.00390625
833,2024-07,3,chronos_2,24737.0,23710.103515625
847,2024-07,3,chronos_2,41460.0,42422.73046875
859,2024-07,3,chronos_2,35784.0,31041.099609375
877,2024-07,3,chronos_2,26513.0,25120.966796875
880,2024-07,3,chronos_2,25460.0,24730.76953125
892,2024-07,3,chronos_2,36442.0,36110.4375
897,2024-07,3,chronos_2,31626.0,31930.134765625
899,2024-07,3,chronos_2,24863.0,25736.93359375
904,2024-07,3,chronos_2,22278.0,23527.96484375
922,2024-07,3,chronos_2,21307.0,21029.4609375
926,2024-07,3,chronos_2,20861.0,20527.267578125
929,2024-07,3,chronos_2,20069.0,19140.5
987,2024-07,3,chronos_2,31477.0,31430.380859375
988,2024-07,3,chronos_2,36466.0,36827.40625
989,2024-07,3,chronos_2,33561.0,33603.6640625
995,2024-07,3,chronos_2,26891.0,25529.169921875
999,2024-07,3,chronos_2,23217.0,22461.765625
1002,2024-07,3,chronos_2,23083.0,21923.3828125
1004,2024-07,3,chronos_2,25126.0,24435.662109375
1009,2024-07,3,chronos_2,31413.0,31296.998046875
1011,2024-07,3,chronos_2,27321.0,25988.943359375
1014,2024-07,3,chronos_2,20249.0,19025.0625
1017,2024-07,3,chronos_2,23136.0,21458.685546875
1028,2024-07,3,chronos_2,22905.0,20667.232421875
1039,2024-07,3,chronos_2,29322.0,28164.6171875
1052,2024-07,3,chronos_2,26325.0,25850.298828125
1053,2024-07,3,chronos_2,25741.0,24170.439453125
1071,2024-07,3,chronos_2,31770.0,31871.11328125
1072,2024-07,3,chronos_2,29235.0,28353.47265625
1112,2024-07,3,chronos_2,27851.0,27873.052734375
1117,2024-07,3,chronos_2,36479.0,37455.9296875
1120,2024-07,3,chronos_2,22177.0,23584.091796875
1121,2024-07,3,chronos_2,21314.0,20872.484375
1126,2024-07,3,chronos_2,21602.0,21172.078125
1139,2024-07,3,chronos_2,31175.0,31870.197265625
1141,2024-07,3,chronos_2,38169.0,38848.9453125
1144,2024-07,3,chronos_2,26064.0,25128.099609375
1146,2024-07,3,chronos_2,25393.0,25321.345703125
1157,2024-07,3,chronos_2,33509.0,34389.73046875
1176,2024-07,3,chronos_2,41810.0,41717.5546875
1211,2024-07,3,chronos_2,29037.0,27746.40625
1212,2024-07,3,chronos_2,34647.0,33048.4765625
1226,2024-07,3,chronos_2,33463.0,33589.3671875
1229,2024-07,3,chronos_2,33387.0,34336.8046875
1237,2024-07,3,chronos_2,30811.0,29758.6796875
1243,2024-07,3,chronos_2,36774.0,38200.015625
1262,2024-07,3,chronos_2,24483.0,24059.216796875
1264,2024-07,3,chronos_2,19997.0,19977.50390625
1265,2024-07,3,chronos_2,20606.0,21007.439453125
1267,2024-07,3,chronos_2,18808.0,18288.650390625
1272,2024-07,3,chronos_2,21173.0,21145.068359375
1274,2024-07,3,chronos_2,19776.0,19980.90625
1276,2024-07,3,chronos_2,20025.0,19290.962890625
1287,2024-07,3,chronos_2,21362.0,21455.9609375
1305,2024-07,3,chronos_2,23379.0,21929.640625
1313,2024-07,3,chronos_2,23047.0,22069.87890625
1327,2024-07,3,chronos_2,22152.0,21500.193359375
1330,2024-07,3,chronos_2,21740.0,21054.4296875
1339,2024-07,3,chronos_2,17159.0,17036.314453125
1350,2024-07,3,chronos_2,17979.0,17145.58203125
1405,2024-07,3,chronos_2,40146.0,38819.80078125
1410,2024-07,3,chronos_2,39009.0,39531.33984375
1425,2024-07,3,chronos_2,23910.0,19817.818359375
1429,2024-07,3,chronos_2,25408.0,24240.857421875
1438,2024-07,3,chronos_2,58555.0,51579.4296875
1465,2024-07,3,chronos_2,48499.0,48403.42578125
1468,2024-07,3,chronos_2,48202.0,48731.10546875
1477,2024-07,3,chronos_2,41437.0,39679.0546875
1486,2024-07,3,chronos_2,37290.0,35922.59375
1489,2024-07,3,chronos_2,39744.0,39155.91015625
1523,2024-07,3,chronos_2,40204.0,39933.2265625
1529,2024-07,3,chronos_2,25589.0,24906.623046875
1532,2024-07,3,chronos_2,27509.0,25434.966796875
1535,2024-07,3,chronos_2,24776.0,23918.19921875
1536,2024-07,3,chronos_2,26928.0,25706.3515625
1552,2024-07,3,chronos_2,21760.0,21470.24609375
1555,2024-07,3,chronos_2,28211.0,26370.95703125
1571,2024-07,3,chronos_2,26203.0,26547.26953125
1573,2024-07,3,chronos_2,24762.0,24712.125
1580,2024-07,3,chronos_2,24324.0,23850.5546875
1604,2024-07,3,chronos_2,28117.0,28099.478515625
1605,2024-07,3,chronos_2,22585.0,22668.04296875
1606,2024-07,3,chronos_2,21836.0,20245.7109375
1607,2024-07,3,chronos_2,21011.0,21150.197265625
1610,2024-07,3,chronos_2,23254.0,23680.79296875
1611,2024-07,3,chronos_2,26893.0,25354.607421875
1612,2024-07,3,chronos_2,27454.0,25946.728515625
1615,2024-07,3,chronos_2,29568.0,29344.890625
1617,2024-07,3,chronos_2,26192.0,25041.3125
1618,2024-07,3,chronos_2,25666.0,24790.380859375
1635,2024-07,3,chronos_2,20735.0,20765.3515625
1640,2024-07,3,chronos_2,22137.0,20567.095703125
1644,2024-07,3,chronos_2,22266.0,21093.57421875
1654,2024-07,3,chronos_2,22864.0,21995.2578125
1662,2024-07,3,chronos_2,23986.0,22565.931640625
1663,2024-07,3,chronos_2,22867.0,22650.408203125
1701,2024-07,3,chronos_2,25090.0,24153.146484375
1702,2024-07,3,chronos_2,18474.0,18920.162109375
1707,2024-07,3,chronos_2,34309.0,34295.70703125
1718,2024-07,3,chronos_2,23206.0,22423.7890625
1725,2024-07,3,chronos_2,23734.0,21740.408203125
1738,2024-07,3,chronos_2,23637.0,22295.490234375
1744,2024-07,3,chronos_2,20007.0,19266.09375
1751,2024-07,3,chronos_2,21222.0,18405.439453125
1759,2024-07,3,chronos_2,23462.0,22546.67578125
1762,2024-07,3,chronos_2,21754.0,20560.669921875
1775,2024-07,3,chronos_2,22751.0,22767.98046875
1777,2024-07,3,chronos_2,25662.0,24650.244140625
1853,2024-07,3,chronos_2,25158.0,22904.2734375
1854,2024-07,3,chronos_2,24194.0,21611.65234375
1856,2024-07,3,chronos_2,25063.0,24047.60546875
1860,2024-07,3,chronos_2,23554.0,22763.208984375
1863,2024-07,3,chronos_2,34652.0,33114.2109375
1865,2024-07,3,chronos_2,23521.0,21747.87890625
1870,2024-07,3,chronos_2,24376.0,21110.212890625
1880,2024-07,3,chronos_2,27830.0,27511.77734375
1884,2024-07,3,chronos_2,24176.0,24157.5703125
1890,2024-07,3,chronos_2,37307.0,37717.953125
1909,2024-07,3,chronos_2,21752.0,22113.97265625
1912,2024-07,3,chronos_2,27384.0,28233.33984375
1924,2024-07,3,chronos_2,19708.0,19351.873046875
1929,2024-07,3,chronos_2,21451.0,20728.748046875
1933,2024-07,3,chronos_2,20104.0,20648.96484375
1939,2024-07,3,chronos_2,21914.0,20635.048828125
1957,2024-07,3,chronos_2,43217.0,41914.8046875
1958,2024-07,3,chronos_2,56588.0,58054.9375
1960,2024-07,3,chronos_2,35636.0,35085.58984375
1976,2024-07,3,chronos_2,31640.0,30555.31640625
1979,2024-07,3,chronos_2,41723.0,42538.8046875
1980,2024-07,3,chronos_2,32447.0,30015.654296875
1992,2024-07,3,chronos_2,28466.0,27175.869140625
1995,2024-07,3,chronos_2,30326.0,30515.787109375
2000,2024-07,3,chronos_2,38401.0,38155.6875
2001,2024-07,3,chronos_2,29208.0,29970.48046875
2007,2024-07,3,chronos_2,25966.0,25998.787109375
2021,2024-07,3,chronos_2,27937.0,27420.302734375
2024,2024-07,3,chronos_2,32130.0,32734.75390625
2036,2024-07,3,chronos_2,26402.0,26356.28515625
2044,2024-07,3,chronos_2,37077.0,36609.26171875
2048,2024-07,3,chronos_2,34060.0,32552.10546875
2063,2024-07,3,chronos_2,38145.0,37679.76171875
2077,2024-07,3,chronos_2,24530.0,23652.28515625
2085,2024-07,3,chronos_2,20018.0,20835.11328125
2089,2024-07,3,chronos_2,22462.0,21046.064453125
2122,2024-07,3,chronos_2,27940.0,26310.90234375
2142,2024-07,3,chronos_2,28980.0,28571.072265625
2144,2024-07,3,chronos_2,39157.0,39378.33203125
2155,2024-07,3,chronos_2,29833.0,29936.84375
2156,2024-07,3,chronos_2,25469.0,23903.375
2161,2024-07,3,chronos_2,40331.0,41251.515625
2176,2024-07,3,chronos_2,26292.0,26992.787109375
2187,2024-07,3,chronos_2,29888.0,28670.650390625
2194,2024-07,3,chronos_2,30933.0,29411.42578125
2196,2024-07,3,chronos_2,25987.0,24777.033203125
2208,2024-07,3,chronos_2,27499.0,27132.1640625
2232,2024-07,3,chronos_2,37646.0,38891.046875
2259,2024-07,3,chronos_2,21129.0,20417.89453125
2265,2024-07,3,chronos_2,18397.0,18110.421875
2269,2024-07,3,chronos_2,18691.0,17177.95703125
2274,2024-07,3,chronos_2,21970.0,20399.611328125
2280,2024-07,3,chronos_2,33087.0,33740.42578125
2316,2024-07,3,chronos_2,27984.0,23883.404296875
2318,2024-07,3,chronos_2,39091.0,39656.4765625
2320,2024-07,3,chronos_2,33567.0,33990.41796875
2324,2024-07,3,chronos_2,25733.0,24394.146484375
2343,2024-07,3,chronos_2,34527.0,36565.796875
2345,2024-07,3,chronos_2,64611.0,67635.484375
2374,2024-07,3,chronos_2,51599.0,51683.37890625
2375,2024-07,3,chronos_2,50305.0,50658.21875
2391,2024-07,3,chronos_2,42459.0,43262.421875
2395,2024-07,3,chronos_2,40531.0,38768.7265625
2403,2024-07,3,chronos_2,45027.0,45121.4921875
2406,2024-07,3,chronos_2,48076.0,47552.09375
2411,2024-07,3,chronos_2,48766.0,47915.92578125
2426,2024-07,3,chronos_2,49584.0,50195.515625
2441,2024-07,3,chronos_2,60001.0,59419.42578125
2444,2024-07,3,chronos_2,68207.0,66873.71875
2465,2024-07,3,chronos_2,43653.0,44746.296875
2474,2024-07,3,chronos_2,48353.0,47976.28515625
2490,2024-07,3,chronos_2,57569.0,57160.0234375
2495,2024-07,3,chronos_2,66536.0,66810.7734375
2498,2024-07,3,chronos_2,51340.0,51017.73828125
2500,2024-07,3,chronos_2,51731.0,52529.0
2503,2024-07,3,chronos_2,61334.0,62068.5625
2531,2024-07,3,chronos_2,56477.0,56022.0
2536,2024-07,3,chronos_2,65079.0,65021.99609375
2539,2024-07,3,chronos_2,57403.0,59697.83984375
2552,2024-07,3,chronos_2,49358.0,49910.7578125
2554,2024-07,3,chronos_2,47751.0,47641.6171875
2555,2024-07,3,chronos_2,54671.0,54680.7421875
2556,2024-07,3,chronos_2,49233.0,48987.375
2560,2024-07,3,chronos_2,53719.0,53988.2734375
2582,2024-07,3,chronos_2,48785.0,48557.24609375
2589,2024-07,3,chronos_2,65017.0,64725.78515625
2590,2024-07,3,chronos_2,53591.0,55343.0078125
2605,2024-07,3,chronos_2,61738.0,61992.99609375
2620,2024-07,3,chronos_2,36400.0,36408.0390625
2647,2024-07,3,chronos_2,35667.0,34637.37109375
12,2024-08,1,chronos_2,34278.0,37340.99609375
21,2024-08,1,chronos_2,34999.0,37403.1640625
42,2024-08,1,chronos_2,27234.0,28999.0
48,2024-08,1,chronos_2,20446.0,20945.04296875
49,2024-08,1,chronos_2,23006.0,24223.197265625
57,2024-08,1,chronos_2,30506.0,32066.26171875
81,2024-08,1,chronos_2,26141.0,27861.9609375
225,2024-08,1,chronos_2,45385.0,50502.7421875
230,2024-08,1,chronos_2,27191.0,29387.251953125
239,2024-08,1,chronos_2,27758.0,30830.97265625
243,2024-08,1,chronos_2,26101.0,29378.5703125
280,2024-08,1,chronos_2,17969.0,18988.95703125
287,2024-08,1,chronos_2,16668.0,17600.412109375
295,2024-08,1,chronos_2,20817.0,22588.0625
298,2024-08,1,chronos_2,22275.0,23762.1484375
314,2024-08,1,chronos_2,30365.0,33938.05078125
329,2024-08,1,chronos_2,30362.0,32967.390625
337,2024-08,1,chronos_2,27076.0,30633.078125
351,2024-08,1,chronos_2,26258.0,28268.8359375
355,2024-08,1,chronos_2,33360.0,35670.34375
383,2024-08,1,chronos_2,21719.0,22946.037109375
384,2024-08,1,chronos_2,16604.0,18446.5546875
392,2024-08,1,chronos_2,22043.0,23485.17578125
410,2024-08,1,chronos_2,27876.0,28631.994140625
414,2024-08,1,chronos_2,24020.0,26539.734375
432,2024-08,1,chronos_2,22187.0,23966.86328125
436,2024-08,1,chronos_2,18794.0,19242.64453125
438,2024-08,1,chronos_2,20029.0,20664.5390625
455,2024-08,1,chronos_2,28157.0,30078.71875
485,2024-08,1,chronos_2,16449.0,16938.533203125
494,2024-08,1,chronos_2,17166.0,18441.935546875
504,2024-08,1,chronos_2,34843.0,37293.16015625
520,2024-08,1,chronos_2,17621.0,19379.26953125
532,2024-08,1,chronos_2,20132.0,22692.361328125
534,2024-08,1,chronos_2,19284.0,20769.869140625
536,2024-08,1,chronos_2,20663.0,22573.583984375
541,2024-08,1,chronos_2,19594.0,22847.669921875
544,2024-08,1,chronos_2,20412.0,22767.390625
550,2024-08,1,chronos_2,20003.0,21298.837890625
556,2024-08,1,chronos_2,16470.0,18361.6484375
559,2024-08,1,chronos_2,21790.0,23114.04296875
562,2024-08,1,chronos_2,20831.0,22543.185546875
587,2024-08,1,chronos_2,26461.0,30279.421875
608,2024-08,1,chronos_2,57433.0,60899.6484375
618,2024-08,1,chronos_2,54724.0,63056.359375
670,2024-08,1,chronos_2,32786.0,33785.92578125
683,2024-08,1,chronos_2,20444.0,21996.470703125
693,2024-08,1,chronos_2,36306.0,38904.04296875
706,2024-08,1,chronos_2,20465.0,22665.8203125
714,2024-08,1,chronos_2,25744.0,28117.732421875
727,2024-08,1,chronos_2,37045.0,39660.26953125
778,2024-08,1,chronos_2,38299.0,40019.07421875
797,2024-08,1,chronos_2,29921.0,29877.74609375
801,2024-08,1,chronos_2,33327.0,36694.484375
810,2024-08,1,chronos_2,24149.0,26264.83984375
812,2024-08,1,chronos_2,35759.0,37694.81640625
817,2024-08,1,chronos_2,23281.0,24861.7734375
825,2024-08,1,chronos_2,24278.0,25749.724609375
833,2024-08,1,chronos_2,23305.0,24988.912109375
847,2024-08,1,chronos_2,40282.0,43838.3515625
859,2024-08,1,chronos_2,30435.0,34529.69140625
877,2024-08,1,chronos_2,24016.0,26115.359375
880,2024-08,1,chronos_2,25122.0,25429.744140625
892,2024-08,1,chronos_2,33665.0,36919.5546875
897,2024-08,1,chronos_2,30187.0,32729.203125
899,2024-08,1,chronos_2,23476.0,25742.541015625
904,2024-08,1,chronos_2,21862.0,24467.119140625
922,2024-08,1,chronos_2,20828.0,22226.9921875
926,2024-08,1,chronos_2,20845.0,21671.830078125
929,2024-08,1,chronos_2,18593.0,19856.203125
987,2024-08,1,chronos_2,29903.0,31726.16015625
988,2024-08,1,chronos_2,35042.0,37173.48828125
989,2024-08,1,chronos_2,31655.0,33664.46875
995,2024-08,1,chronos_2,24578.0,25994.828125
999,2024-08,1,chronos_2,22449.0,23471.72265625
1002,2024-08,1,chronos_2,22337.0,22647.677734375
1004,2024-08,1,chronos_2,24309.0,25557.013671875
1009,2024-08,1,chronos_2,30129.0,32016.283203125
1011,2024-08,1,chronos_2,25126.0,27077.1015625
1014,2024-08,1,chronos_2,19533.0,19774.224609375
1017,2024-08,1,chronos_2,22011.0,22456.138671875
1028,2024-08,1,chronos_2,20025.0,21174.625
1039,2024-08,1,chronos_2,28259.0,28980.8359375
1052,2024-08,1,chronos_2,23924.0,26626.419921875
1053,2024-08,1,chronos_2,23267.0,24459.76953125
1071,2024-08,1,chronos_2,30186.0,31940.162109375
1072,2024-08,1,chronos_2,27566.0,29265.478515625
1112,2024-08,1,chronos_2,26964.0,28351.400390625
1117,2024-08,1,chronos_2,34958.0,37935.91796875
1120,2024-08,1,chronos_2,22073.0,23634.158203125
1121,2024-08,1,chronos_2,20496.0,21565.806640625
1126,2024-08,1,chronos_2,19529.0,20709.669921875
1139,2024-08,1,chronos_2,29171.0,32631.84375
1141,2024-08,1,chronos_2,36564.0,39409.55078125
1144,2024-08,1,chronos_2,24262.0,24966.85546875
1146,2024-08,1,chronos_2,23251.0,26401.716796875
1157,2024-08,1,chronos_2,32040.0,35017.12890625
1176,2024-08,1,chronos_2,39925.0,42291.76953125
1211,2024-08,1,chronos_2,27828.0,28990.6640625
1212,2024-08,1,chronos_2,32717.0,33994.8515625
1226,2024-08,1,chronos_2,32495.0,34636.546875
1229,2024-08,1,chronos_2,32326.0,34712.31640625
1237,2024-08,1,chronos_2,29412.0,31377.88671875
1243,2024-08,1,chronos_2,34443.0,38235.7890625
1262,2024-08,1,chronos_2,23120.0,24635.67578125
1264,2024-08,1,chronos_2,18125.0,20891.279296875
1265,2024-08,1,chronos_2,19803.0,21218.50390625
1267,2024-08,1,chronos_2,16676.0,18987.861328125
1272,2024-08,1,chronos_2,19818.0,21058.40234375
1274,2024-08,1,chronos_2,19822.0,20787.208984375
1276,2024-08,1,chronos_2,19461.0,19482.876953125
1287,2024-08,1,chronos_2,19929.0,21429.189453125
1305,2024-08,1,chronos_2,21979.0,21911.35546875
1313,2024-08,1,chronos_2,20790.0,22671.59375
1327,2024-08,1,chronos_2,21358.0,22849.451171875
1330,2024-08,1,chronos_2,19249.0,20861.419921875
1339,2024-08,1,chronos_2,18562.0,17437.1171875
1350,2024-08,1,chronos_2,17369.0,17859.890625
1405,2024-08,1,chronos_2,37608.0,40240.07421875
1410,2024-08,1,chronos_2,36942.0,39498.4765625
1425,2024-08,1,chronos_2,21060.0,21422.435546875
1429,2024-08,1,chronos_2,24618.0,25370.998046875
1438,2024-08,1,chronos_2,47418.0,54141.765625
1465,2024-08,1,chronos_2,46250.0,49166.296875
1468,2024-08,1,chronos_2,45946.0,49087.8359375
1477,2024-08,1,chronos_2,39089.0,41121.83984375
1486,2024-08,1,chronos_2,35725.0,37439.2265625
1489,2024-08,1,chronos_2,38018.0,40091.20703125
1523,2024-08,1,chronos_2,38231.0,40438.3828125
1529,2024-08,1,chronos_2,24987.0,25463.01953125
1532,2024-08,1,chronos_2,25952.0,26580.734375
1535,2024-08,1,chronos_2,24128.0,24900.25390625
1536,2024-08,1,chronos_2,25788.0,26765.205078125
1552,2024-08,1,chronos_2,20620.0,22502.689453125
1555,2024-08,1,chronos_2,27237.0,27374.1640625
1571,2024-08,1,chronos_2,25352.0,26857.6796875
1573,2024-08,1,chronos_2,24409.0,25705.458984375
1580,2024-08,1,chronos_2,23701.0,24308.408203125
1604,2024-08,1,chronos_2,27070.0,29158.96484375
1605,2024-08,1,chronos_2,21271.0,23565.759765625
1606,2024-08,1,chronos_2,19818.0,21303.578125
1607,2024-08,1,chronos_2,19799.0,21997.3671875
1610,2024-08,1,chronos_2,22420.0,24134.173828125
1611,2024-08,1,chronos_2,25766.0,26695.005859375
1612,2024-08,1,chronos_2,25407.0,26669.111328125
1615,2024-08,1,chronos_2,27995.0,29945.259765625
1617,2024-08,1,chronos_2,23667.0,25804.146484375
1618,2024-08,1,chronos_2,24063.0,25654.173828125
1635,2024-08,1,chronos_2,18630.0,20748.734375
1640,2024-08,1,chronos_2,20385.0,21660.810546875
1644,2024-08,1,chronos_2,21272.0,22212.16015625
1654,2024-08,1,chronos_2,20384.0,22816.869140625
1662,2024-08,1,chronos_2,22688.0,24797.9765625
1663,2024-08,1,chronos_2,21212.0,23260.66796875
1701,2024-08,1,chronos_2,22867.0,24762.1640625
1702,2024-08,1,chronos_2,17582.0,20130.099609375
1707,2024-08,1,chronos_2,32692.0,35046.234375
1718,2024-08,1,chronos_2,21489.0,23146.771484375
1725,2024-08,1,chronos_2,21267.0,22336.25390625
1738,2024-08,1,chronos_2,21537.0,22983.15625
1744,2024-08,1,chronos_2,19060.0,20118.591796875
1751,2024-08,1,chronos_2,18477.0,19683.861328125
1759,2024-08,1,chronos_2,21628.0,23149.296875
1762,2024-08,1,chronos_2,19345.0,21065.283203125
1775,2024-08,1,chronos_2,23705.0,23720.38671875
1777,2024-08,1,chronos_2,24011.0,25104.083984375
1853,2024-08,1,chronos_2,23537.0,23707.1171875
1854,2024-08,1,chronos_2,21517.0,22716.1875
1856,2024-08,1,chronos_2,23689.0,23708.45703125
1860,2024-08,1,chronos_2,22224.0,23252.77734375
1863,2024-08,1,chronos_2,32332.0,33951.07421875
1865,2024-08,1,chronos_2,22183.0,22266.783203125
1870,2024-08,1,chronos_2,21398.0,21763.537109375
1880,2024-08,1,chronos_2,26070.0,28181.564453125
1884,2024-08,1,chronos_2,24443.0,24133.68359375
1890,2024-08,1,chronos_2,35157.0,37763.609375
1909,2024-08,1,chronos_2,21760.0,21736.810546875
1912,2024-08,1,chronos_2,26384.0,28031.66015625
1924,2024-08,1,chronos_2,18930.0,19906.888671875
1929,2024-08,1,chronos_2,20027.0,21518.064453125
1933,2024-08,1,chronos_2,19196.0,20812.55859375
1939,2024-08,1,chronos_2,20397.0,21301.2265625
1957,2024-08,1,chronos_2,41902.0,42860.53515625
1958,2024-08,1,chronos_2,55949.0,59771.23046875
1960,2024-08,1,chronos_2,33781.0,35100.671875
1976,2024-08,1,chronos_2,29022.0,31169.3671875
1979,2024-08,1,chronos_2,39671.0,42402.5234375
1980,2024-08,1,chronos_2,31515.0,31131.12109375
1992,2024-08,1,chronos_2,25997.0,28211.87890625
1995,2024-08,1,chronos_2,29077.0,31184.67578125
2000,2024-08,1,chronos_2,36212.0,38277.0703125
2001,2024-08,1,chronos_2,28048.0,31600.150390625
2007,2024-08,1,chronos_2,25097.0,26110.82421875
2021,2024-08,1,chronos_2,26452.0,27623.16796875
2024,2024-08,1,chronos_2,30598.0,33329.91796875
2036,2024-08,1,chronos_2,25087.0,27117.099609375
2044,2024-08,1,chronos_2,35203.0,37366.0859375
2048,2024-08,1,chronos_2,32332.0,34324.93359375
2063,2024-08,1,chronos_2,36367.0,38090.02734375
2077,2024-08,1,chronos_2,22552.0,24137.615234375
2085,2024-08,1,chronos_2,19815.0,20937.890625
2089,2024-08,1,chronos_2,20706.0,21386.37890625
2122,2024-08,1,chronos_2,27068.0,27430.30078125
2142,2024-08,1,chronos_2,25849.0,29432.875
2144,2024-08,1,chronos_2,37284.0,39765.2890625
2155,2024-08,1,chronos_2,28107.0,30988.595703125
2156,2024-08,1,chronos_2,23501.0,25054.16796875
2161,2024-08,1,chronos_2,38126.0,41004.1328125
2176,2024-08,1,chronos_2,25344.0,27487.759765625
2187,2024-08,1,chronos_2,27958.0,28583.630859375
2194,2024-08,1,chronos_2,28442.0,30636.904296875
2196,2024-08,1,chronos_2,22322.0,24940.15625
2208,2024-08,1,chronos_2,24718.0,27995.474609375
2232,2024-08,1,chronos_2,36596.0,40432.0703125
2259,2024-08,1,chronos_2,20179.0,20884.24609375
2265,2024-08,1,chronos_2,17552.0,18824.326171875
2269,2024-08,1,chronos_2,17430.0,17845.859375
2274,2024-08,1,chronos_2,19967.0,21570.630859375
2280,2024-08,1,chronos_2,31254.0,34009.5234375
2316,2024-08,1,chronos_2,25013.0,24717.0546875
2318,2024-08,1,chronos_2,37094.0,39707.01171875
2320,2024-08,1,chronos_2,31924.0,34036.19140625
2324,2024-08,1,chronos_2,24465.0,24701.001953125
2343,2024-08,1,chronos_2,32867.0,36080.50390625
2345,2024-08,1,chronos_2,67196.0,74535.984375
2374,2024-08,1,chronos_2,49477.0,51817.68359375
2375,2024-08,1,chronos_2,48226.0,50362.015625
2391,2024-08,1,chronos_2,42197.0,43355.60546875
2395,2024-08,1,chronos_2,37352.0,39365.15625
2403,2024-08,1,chronos_2,42852.0,45461.86328125
2406,2024-08,1,chronos_2,45612.0,48089.4375
2411,2024-08,1,chronos_2,47372.0,49483.97265625
2426,2024-08,1,chronos_2,47660.0,50138.27734375
2441,2024-08,1,chronos_2,57420.0,60463.25
2444,2024-08,1,chronos_2,66666.0,69200.6328125
2465,2024-08,1,chronos_2,42503.0,46087.671875
2474,2024-08,1,chronos_2,46304.0,48266.8828125
2490,2024-08,1,chronos_2,54926.0,57389.0859375
2495,2024-08,1,chronos_2,64345.0,66998.0
2498,2024-08,1,chronos_2,48922.0,51366.58203125
2500,2024-08,1,chronos_2,49071.0,52282.71875
2503,2024-08,1,chronos_2,58171.0,61583.03125
2531,2024-08,1,chronos_2,53304.0,56032.171875
2536,2024-08,1,chronos_2,62439.0,65908.1171875
2539,2024-08,1,chronos_2,55715.0,58909.1796875
2552,2024-08,1,chronos_2,46890.0,50077.4296875
2554,2024-08,1,chronos_2,45011.0,48067.98046875
2555,2024-08,1,chronos_2,51722.0,54989.05859375
2556,2024-08,1,chronos_2,46980.0,49201.984375
2560,2024-08,1,chronos_2,50740.0,53945.58984375
2582,2024-08,1,chronos_2,46125.0,48833.0234375
2589,2024-08,1,chronos_2,61705.0,65457.12109375
2590,2024-08,1,chronos_2,51280.0,54854.8515625
2605,2024-08,1,chronos_2,58461.0,62155.9453125
2620,2024-08,1,chronos_2,34498.0,36805.4921875
2647,2024-08,1,chronos_2,33859.0,35287.5546875
12,2024-08,3,chronos_2,34887.0,37282.9375
21,2024-08,3,chronos_2,37011.0,38106.80078125
42,2024-08,3,chronos_2,28895.0,29552.50390625
48,2024-08,3,chronos_2,20130.0,20831.365234375
49,2024-08,3,chronos_2,23745.0,24107.423828125
57,2024-08,3,chronos_2,31824.0,32375.953125
81,2024-08,3,chronos_2,28174.0,28093.251953125
225,2024-08,3,chronos_2,44556.0,48727.63671875
230,2024-08,3,chronos_2,26967.0,28908.529296875
239,2024-08,3,chronos_2,27917.0,30391.208984375
243,2024-08,3,chronos_2,24347.0,28497.76953125
280,2024-08,3,chronos_2,18466.0,18604.392578125
287,2024-08,3,chronos_2,18281.0,17463.595703125
295,2024-08,3,chronos_2,22726.0,22634.341796875
298,2024-08,3,chronos_2,23495.0,23732.77734375
314,2024-08,3,chronos_2,31050.0,32827.75390625
329,2024-08,3,chronos_2,30020.0,32547.58203125
337,2024-08,3,chronos_2,25836.0,29658.830078125
351,2024-08,3,chronos_2,27278.0,28520.611328125
355,2024-08,3,chronos_2,35244.0,36667.484375
383,2024-08,3,chronos_2,21792.0,22737.01953125
384,2024-08,3,chronos_2,18879.0,18249.68359375
392,2024-08,3,chronos_2,22957.0,23486.45703125
410,2024-08,3,chronos_2,28402.0,29129.501953125
414,2024-08,3,chronos_2,24567.0,25696.2265625
432,2024-08,3,chronos_2,22984.0,23647.11328125
436,2024-08,3,chronos_2,20234.0,19076.125
438,2024-08,3,chronos_2,22090.0,20450.9140625
455,2024-08,3,chronos_2,28925.0,29741.953125
485,2024-08,3,chronos_2,17253.0,16716.01171875
494,2024-08,3,chronos_2,16949.0,18216.15625
504,2024-08,3,chronos_2,36785.0,37693.78125
520,2024-08,3,chronos_2,20103.0,19112.3515625
532,2024-08,3,chronos_2,21784.0,22498.65234375
534,2024-08,3,chronos_2,19189.0,20542.98046875
536,2024-08,3,chronos_2,20861.0,22163.228515625
541,2024-08,3,chronos_2,21921.0,22478.224609375
544,2024-08,3,chronos_2,20366.0,22598.1015625
550,2024-08,3,chronos_2,20589.0,21139.546875
556,2024-08,3,chronos_2,17327.0,18129.255859375
559,2024-08,3,chronos_2,24078.0,22929.294921875
562,2024-08,3,chronos_2,20726.0,22241.646484375
587,2024-08,3,chronos_2,30697.0,30309.40625
608,2024-08,3,chronos_2,59599.0,60477.96484375
618,2024-08,3,chronos_2,55123.0,58114.75390625
670,2024-08,3,chronos_2,35204.0,33485.5390625
683,2024-08,3,chronos_2,21483.0,21899.16015625
693,2024-08,3,chronos_2,38498.0,39433.32421875
706,2024-08,3,chronos_2,21242.0,22510.099609375
714,2024-08,3,chronos_2,26527.0,28047.49609375
727,2024-08,3,chronos_2,39845.0,40199.3984375
778,2024-08,3,chronos_2,40350.0,40188.2734375
797,2024-08,3,chronos_2,31830.0,29693.58203125
801,2024-08,3,chronos_2,35784.0,37333.3046875
810,2024-08,3,chronos_2,25299.0,26652.466796875
812,2024-08,3,chronos_2,37623.0,38503.75390625
817,2024-08,3,chronos_2,24731.0,24788.21875
825,2024-08,3,chronos_2,25379.0,26182.267578125
833,2024-08,3,chronos_2,24166.0,25219.40234375
847,2024-08,3,chronos_2,40806.0,43447.3515625
859,2024-08,3,chronos_2,33522.0,33714.8203125
877,2024-08,3,chronos_2,26876.0,25821.8671875
880,2024-08,3,chronos_2,26526.0,25253.17578125
892,2024-08,3,chronos_2,36491.0,36679.68359375
897,2024-08,3,chronos_2,31874.0,32658.419921875
899,2024-08,3,chronos_2,26337.0,25579.439453125
904,2024-08,3,chronos_2,23056.0,24180.38671875
922,2024-08,3,chronos_2,20468.0,22002.125
926,2024-08,3,chronos_2,20753.0,21754.330078125
929,2024-08,3,chronos_2,20190.0,19776.693359375
987,2024-08,3,chronos_2,31668.0,32195.08203125
988,2024-08,3,chronos_2,36937.0,37899.6796875
989,2024-08,3,chronos_2,33716.0,34283.578125
995,2024-08,3,chronos_2,26773.0,25728.509765625
999,2024-08,3,chronos_2,23073.0,23235.59375
1002,2024-08,3,chronos_2,22806.0,22514.080078125
1004,2024-08,3,chronos_2,24885.0,25222.091796875
1009,2024-08,3,chronos_2,31545.0,32300.037109375
1011,2024-08,3,chronos_2,27185.0,27274.44140625
1014,2024-08,3,chronos_2,21056.0,19589.998046875
1017,2024-08,3,chronos_2,23557.0,22281.392578125
1028,2024-08,3,chronos_2,21609.0,20907.328125
1039,2024-08,3,chronos_2,30033.0,29535.876953125
1052,2024-08,3,chronos_2,25568.0,26420.533203125
1053,2024-08,3,chronos_2,25488.0,24248.828125
1071,2024-08,3,chronos_2,32398.0,32220.27734375
1072,2024-08,3,chronos_2,30393.0,29021.203125
1112,2024-08,3,chronos_2,28146.0,28479.2734375
1117,2024-08,3,chronos_2,40080.0,38868.265625
1120,2024-08,3,chronos_2,23343.0,23402.220703125
1121,2024-08,3,chronos_2,22274.0,21426.744140625
1126,2024-08,3,chronos_2,20875.0,20634.197265625
1139,2024-08,3,chronos_2,30685.0,32687.22265625
1141,2024-08,3,chronos_2,37802.0,39118.65625
1144,2024-08,3,chronos_2,24612.0,24858.220703125
1146,2024-08,3,chronos_2,24138.0,26137.296875
1157,2024-08,3,chronos_2,32306.0,34735.7890625
1176,2024-08,3,chronos_2,42328.0,42745.0390625
1211,2024-08,3,chronos_2,30420.0,28935.5703125
1212,2024-08,3,chronos_2,35697.0,34507.46875
1226,2024-08,3,chronos_2,33485.0,34862.35546875
1229,2024-08,3,chronos_2,33743.0,34823.66015625
1237,2024-08,3,chronos_2,29505.0,31157.4921875
1243,2024-08,3,chronos_2,36539.0,38625.8671875
1262,2024-08,3,chronos_2,24459.0,24403.609375
1264,2024-08,3,chronos_2,20168.0,20694.8828125
1265,2024-08,3,chronos_2,19034.0,20790.09765625
1267,2024-08,3,chronos_2,17463.0,18774.404296875
1272,2024-08,3,chronos_2,21632.0,20847.423828125
1274,2024-08,3,chronos_2,18870.0,20474.92578125
1276,2024-08,3,chronos_2,18688.0,19408.5546875
1287,2024-08,3,chronos_2,21936.0,21297.830078125
1305,2024-08,3,chronos_2,26612.0,22064.587890625
1313,2024-08,3,chronos_2,21277.0,22543.953125
1327,2024-08,3,chronos_2,21120.0,22932.69140625
1330,2024-08,3,chronos_2,21997.0,20662.884765625
1339,2024-08,3,chronos_2,17737.0,17392.31640625
1350,2024-08,3,chronos_2,17851.0,17655.552734375
1405,2024-08,3,chronos_2,40183.0,40419.05078125
1410,2024-08,3,chronos_2,39868.0,40475.6640625
1425,2024-08,3,chronos_2,22393.0,20966.087890625
1429,2024-08,3,chronos_2,25694.0,25181.037109375
1438,2024-08,3,chronos_2,56394.0,53029.31640625
1465,2024-08,3,chronos_2,48737.0,49846.46484375
1468,2024-08,3,chronos_2,48625.0,50135.58203125
1477,2024-08,3,chronos_2,41458.0,41784.01171875
1486,2024-08,3,chronos_2,37962.0,37433.0
1489,2024-08,3,chronos_2,39744.0,40302.87890625
1523,2024-08,3,chronos_2,40579.0,40906.28125
1529,2024-08,3,chronos_2,24783.0,25287.025390625
1532,2024-08,3,chronos_2,28166.0,26590.0234375
1535,2024-08,3,chronos_2,24499.0,24579.498046875
1536,2024-08,3,chronos_2,27139.0,26526.525390625
1552,2024-08,3,chronos_2,22250.0,22306.826171875
1555,2024-08,3,chronos_2,28609.0,27314.69140625
1571,2024-08,3,chronos_2,25852.0,26608.44140625
1573,2024-08,3,chronos_2,24828.0,25468.595703125
1580,2024-08,3,chronos_2,24243.0,24156.1875
1604,2024-08,3,chronos_2,28209.0,29836.24609375
1605,2024-08,3,chronos_2,23155.0,23770.041015625
1606,2024-08,3,chronos_2,21166.0,21091.376953125
1607,2024-08,3,chronos_2,21508.0,22113.1875
1610,2024-08,3,chronos_2,22985.0,24266.92578125
1611,2024-08,3,chronos_2,27480.0,26487.16015625
1612,2024-08,3,chronos_2,27916.0,26526.09765625
1615,2024-08,3,chronos_2,29576.0,30307.310546875
1617,2024-08,3,chronos_2,23870.0,25725.521484375
1618,2024-08,3,chronos_2,25064.0,25623.2109375
1635,2024-08,3,chronos_2,19494.0,20467.369140625
1640,2024-08,3,chronos_2,20320.0,21522.865234375
1644,2024-08,3,chronos_2,22608.0,21989.421875
1654,2024-08,3,chronos_2,23361.0,22587.765625
1662,2024-08,3,chronos_2,22327.0,24472.84765625
1663,2024-08,3,chronos_2,21611.0,23067.615234375
1701,2024-08,3,chronos_2,24170.0,24533.8828125
1702,2024-08,3,chronos_2,18401.0,19967.85546875
1707,2024-08,3,chronos_2,34382.0,35471.15625
1718,2024-08,3,chronos_2,22637.0,23198.958984375
1725,2024-08,3,chronos_2,21961.0,22262.015625
1738,2024-08,3,chronos_2,23885.0,22810.68359375
1744,2024-08,3,chronos_2,21992.0,19877.10546875
1751,2024-08,3,chronos_2,20624.0,19558.978515625
1759,2024-08,3,chronos_2,23898.0,23236.830078125
1762,2024-08,3,chronos_2,21090.0,20867.103515625
1775,2024-08,3,chronos_2,23640.0,23478.814453125
1777,2024-08,3,chronos_2,24622.0,24910.2734375
1853,2024-08,3,chronos_2,24698.0,23500.267578125
1854,2024-08,3,chronos_2,24047.0,22419.53515625
1856,2024-08,3,chronos_2,24488.0,23452.1484375
1860,2024-08,3,chronos_2,23523.0,22886.658203125
1863,2024-08,3,chronos_2,35320.0,34254.0625
1865,2024-08,3,chronos_2,23902.0,22204.4375
1870,2024-08,3,chronos_2,23572.0,21673.37109375
1880,2024-08,3,chronos_2,27570.0,28141.5390625
1884,2024-08,3,chronos_2,24343.0,23983.71875
1890,2024-08,3,chronos_2,37647.0,38421.9140625
1909,2024-08,3,chronos_2,22405.0,21694.9609375
1912,2024-08,3,chronos_2,28491.0,28483.146484375
1924,2024-08,3,chronos_2,19542.0,19855.607421875
1929,2024-08,3,chronos_2,22064.0,21374.826171875
1933,2024-08,3,chronos_2,20310.0,20552.81640625
1939,2024-08,3,chronos_2,21912.0,21132.931640625
1957,2024-08,3,chronos_2,41970.0,42432.15234375
1958,2024-08,3,chronos_2,57089.0,59190.234375
1960,2024-08,3,chronos_2,33247.0,34644.375
1976,2024-08,3,chronos_2,31102.0,30855.611328125
1979,2024-08,3,chronos_2,42273.0,43436.90625
1980,2024-08,3,chronos_2,34043.0,30906.455078125
1992,2024-08,3,chronos_2,29255.0,27875.8671875
1995,2024-08,3,chronos_2,30140.0,31498.220703125
2000,2024-08,3,chronos_2,39089.0,38783.85546875
2001,2024-08,3,chronos_2,29942.0,31244.744140625
2007,2024-08,3,chronos_2,26400.0,25966.31640625
2021,2024-08,3,chronos_2,28380.0,27299.5078125
2024,2024-08,3,chronos_2,31641.0,34076.390625
2036,2024-08,3,chronos_2,26565.0,26908.119140625
2044,2024-08,3,chronos_2,37594.0,37860.328125
2048,2024-08,3,chronos_2,34656.0,34230.5
2063,2024-08,3,chronos_2,38394.0,38846.89453125
2077,2024-08,3,chronos_2,24559.0,24140.505859375
2085,2024-08,3,chronos_2,21127.0,20860.166015625
2089,2024-08,3,chronos_2,22511.0,21148.40625
2122,2024-08,3,chronos_2,26265.0,27167.966796875
2142,2024-08,3,chronos_2,29726.0,29658.99609375
2144,2024-08,3,chronos_2,39757.0,40070.30078125
2155,2024-08,3,chronos_2,29356.0,30879.71875
2156,2024-08,3,chronos_2,24657.0,24687.140625
2161,2024-08,3,chronos_2,40955.0,41612.265625
2176,2024-08,3,chronos_2,27467.0,27311.76171875
2187,2024-08,3,chronos_2,29088.0,28750.208984375
2194,2024-08,3,chronos_2,29960.0,30710.505859375
2196,2024-08,3,chronos_2,24415.0,24783.59375
2208,2024-08,3,chronos_2,25094.0,28071.693359375
2232,2024-08,3,chronos_2,38682.0,40098.10546875
2259,2024-08,3,chronos_2,21252.0,20804.53515625
2265,2024-08,3,chronos_2,18477.0,18766.1015625
2269,2024-08,3,chronos_2,19229.0,17679.919921875
2274,2024-08,3,chronos_2,21665.0,21394.392578125
2280,2024-08,3,chronos_2,32993.0,34770.2265625
2316,2024-08,3,chronos_2,28240.0,24463.171875
2318,2024-08,3,chronos_2,39611.0,40226.7734375
2320,2024-08,3,chronos_2,34530.0,34388.8359375
2324,2024-08,3,chronos_2,25819.0,24463.919921875
2343,2024-08,3,chronos_2,33420.0,37074.17578125
2345,2024-08,3,chronos_2,60292.0,67033.5625
2374,2024-08,3,chronos_2,52609.0,52349.6875
2375,2024-08,3,chronos_2,51162.0,50620.921875
2391,2024-08,3,chronos_2,43467.0,43571.984375
2395,2024-08,3,chronos_2,40208.0,39662.30078125
2403,2024-08,3,chronos_2,45364.0,46040.92578125
2406,2024-08,3,chronos_2,48295.0,48531.70703125
2411,2024-08,3,chronos_2,48484.0,50069.52734375
2426,2024-08,3,chronos_2,50603.0,50582.2578125
2441,2024-08,3,chronos_2,62464.0,60600.1015625
2444,2024-08,3,chronos_2,70705.0,70296.859375
2465,2024-08,3,chronos_2,45064.0,46419.43359375
2474,2024-08,3,chronos_2,48474.0,48820.140625
2490,2024-08,3,chronos_2,58446.0,58080.75390625
2495,2024-08,3,chronos_2,67895.0,68309.8828125
2498,2024-08,3,chronos_2,51698.0,51990.078125
2500,2024-08,3,chronos_2,52457.0,53184.28125
2503,2024-08,3,chronos_2,62340.0,62515.77734375
2531,2024-08,3,chronos_2,56639.0,56770.234375
2536,2024-08,3,chronos_2,65720.0,66941.265625
2539,2024-08,3,chronos_2,57494.0,60098.12109375
2552,2024-08,3,chronos_2,49422.0,50855.44140625
2554,2024-08,3,chronos_2,47813.0,48680.03515625
2555,2024-08,3,chronos_2,55559.0,55875.53125
2556,2024-08,3,chronos_2,49664.0,49913.140625
2560,2024-08,3,chronos_2,54358.0,54775.99609375
2582,2024-08,3,chronos_2,48738.0,49332.21484375
2589,2024-08,3,chronos_2,65421.0,66419.90625
2590,2024-08,3,chronos_2,54853.0,56069.52734375
2605,2024-08,3,chronos_2,62360.0,63196.15234375
2620,2024-08,3,chronos_2,36879.0,37146.125
2647,2024-08,3,chronos_2,36145.0,35869.55859375
12,2024-09,1,chronos_2,36256.0,35228.59375
21,2024-09,1,chronos_2,36530.0,36011.40234375
42,2024-09,1,chronos_2,28887.0,28099.505859375
48,2024-09,1,chronos_2,20849.0,20598.91015625
49,2024-09,1,chronos_2,23820.0,23421.46875
57,2024-09,1,chronos_2,31322.0,31171.05859375
81,2024-09,1,chronos_2,27721.0,26814.513671875
225,2024-09,1,chronos_2,46078.0,44985.1875
230,2024-09,1,chronos_2,27772.0,28052.5390625
239,2024-09,1,chronos_2,29380.0,28509.79296875
243,2024-09,1,chronos_2,27800.0,27695.21484375
280,2024-09,1,chronos_2,18754.0,18181.869140625
287,2024-09,1,chronos_2,16899.0,16975.57421875
295,2024-09,1,chronos_2,21925.0,21466.71484375
298,2024-09,1,chronos_2,22954.0,22696.43359375
314,2024-09,1,chronos_2,31593.0,31438.98828125
329,2024-09,1,chronos_2,29987.0,31585.361328125
337,2024-09,1,chronos_2,27947.0,27898.37890625
351,2024-09,1,chronos_2,27703.0,27046.916015625
355,2024-09,1,chronos_2,34881.0,34451.23828125
383,2024-09,1,chronos_2,21828.0,22033.1328125
384,2024-09,1,chronos_2,17907.0,17339.916015625
392,2024-09,1,chronos_2,24325.0,22424.779296875
410,2024-09,1,chronos_2,27617.0,28362.25
414,2024-09,1,chronos_2,23672.0,24324.560546875
432,2024-09,1,chronos_2,23360.0,22534.75390625
436,2024-09,1,chronos_2,20035.0,18875.01953125
438,2024-09,1,chronos_2,21192.0,20177.90625
455,2024-09,1,chronos_2,30027.0,28737.8359375
485,2024-09,1,chronos_2,17308.0,16545.603515625
494,2024-09,1,chronos_2,17934.0,17475.587890625
504,2024-09,1,chronos_2,36431.0,35765.75390625
520,2024-09,1,chronos_2,18871.0,18084.5
532,2024-09,1,chronos_2,21534.0,21039.09375
534,2024-09,1,chronos_2,19714.0,19852.837890625
536,2024-09,1,chronos_2,21884.0,21077.08984375
541,2024-09,1,chronos_2,21066.0,20501.435546875
544,2024-09,1,chronos_2,20640.0,21168.255859375
550,2024-09,1,chronos_2,20651.0,20457.27734375
556,2024-09,1,chronos_2,17559.0,16945.47265625
559,2024-09,1,chronos_2,24233.0,22183.77734375
562,2024-09,1,chronos_2,21578.0,21294.59765625
587,2024-09,1,chronos_2,29513.0,27770.478515625
608,2024-09,1,chronos_2,59173.0,58538.8828125
618,2024-09,1,chronos_2,58784.0,55419.30859375
670,2024-09,1,chronos_2,35161.0,33040.875
683,2024-09,1,chronos_2,21534.0,21124.1640625
693,2024-09,1,chronos_2,37947.0,37503.73828125
706,2024-09,1,chronos_2,22194.0,20952.869140625
714,2024-09,1,chronos_2,26637.0,26530.021484375
727,2024-09,1,chronos_2,39368.0,38099.26171875
778,2024-09,1,chronos_2,39868.0,39058.55078125
797,2024-09,1,chronos_2,30554.0,29810.50390625
801,2024-09,1,chronos_2,34920.0,34830.90234375
810,2024-09,1,chronos_2,25660.0,24975.412109375
812,2024-09,1,chronos_2,37612.0,36799.06640625
817,2024-09,1,chronos_2,24242.0,23703.525390625
825,2024-09,1,chronos_2,25085.0,24958.35546875
833,2024-09,1,chronos_2,24737.0,24020.236328125
847,2024-09,1,chronos_2,41460.0,41516.6640625
859,2024-09,1,chronos_2,35784.0,31522.376953125
877,2024-09,1,chronos_2,26513.0,24906.619140625
880,2024-09,1,chronos_2,25460.0,25241.630859375
892,2024-09,1,chronos_2,36442.0,34764.1015625
897,2024-09,1,chronos_2,31626.0,31053.330078125
899,2024-09,1,chronos_2,24863.0,24615.515625
904,2024-09,1,chronos_2,22278.0,22803.2890625
922,2024-09,1,chronos_2,21307.0,21152.359375
926,2024-09,1,chronos_2,20861.0,21151.8125
929,2024-09,1,chronos_2,20069.0,19002.15234375
987,2024-09,1,chronos_2,31477.0,30665.60546875
988,2024-09,1,chronos_2,36466.0,35939.51171875
989,2024-09,1,chronos_2,33561.0,32508.064453125
995,2024-09,1,chronos_2,26891.0,24871.455078125
999,2024-09,1,chronos_2,23217.0,22612.2421875
1002,2024-09,1,chronos_2,23083.0,22377.318359375
1004,2024-09,1,chronos_2,25126.0,24645.0078125
1009,2024-09,1,chronos_2,31413.0,30876.599609375
1011,2024-09,1,chronos_2,27321.0,25859.03125
1014,2024-09,1,chronos_2,20249.0,19549.4765625
1017,2024-09,1,chronos_2,23136.0,22041.263671875
1028,2024-09,1,chronos_2,22905.0,20347.8984375
1039,2024-09,1,chronos_2,29322.0,28900.91796875
1052,2024-09,1,chronos_2,26325.0,24415.810546875
1053,2024-09,1,chronos_2,25741.0,23642.6328125
1071,2024-09,1,chronos_2,31770.0,30989.20703125
1072,2024-09,1,chronos_2,29235.0,27874.46875
1112,2024-09,1,chronos_2,27851.0,27454.671875
1117,2024-09,1,chronos_2,36479.0,36316.69921875
1120,2024-09,1,chronos_2,22177.0,22602.611328125
1121,2024-09,1,chronos_2,21314.0,20860.76171875
1126,2024-09,1,chronos_2,21602.0,19857.755859375
1139,2024-09,1,chronos_2,31175.0,30381.87109375
1141,2024-09,1,chronos_2,38169.0,37483.1640625
1144,2024-09,1,chronos_2,26064.0,24602.55859375
1146,2024-09,1,chronos_2,25393.0,24387.029296875
1157,2024-09,1,chronos_2,33509.0,32824.26953125
1176,2024-09,1,chronos_2,41810.0,40932.26171875
1211,2024-09,1,chronos_2,29037.0,28258.08984375
1212,2024-09,1,chronos_2,34647.0,33457.609375
1226,2024-09,1,chronos_2,33463.0,33300.05078125
1229,2024-09,1,chronos_2,33387.0,33148.2578125
1237,2024-09,1,chronos_2,30811.0,29734.88671875
1243,2024-09,1,chronos_2,36774.0,35659.015625
1262,2024-09,1,chronos_2,24483.0,23358.099609375
1264,2024-09,1,chronos_2,19997.0,19185.677734375
1265,2024-09,1,chronos_2,20606.0,20098.52734375
1267,2024-09,1,chronos_2,18808.0,17377.0859375
1272,2024-09,1,chronos_2,21173.0,20261.384765625
1274,2024-09,1,chronos_2,19776.0,20021.990234375
1276,2024-09,1,chronos_2,20025.0,19474.732421875
1287,2024-09,1,chronos_2,21362.0,20631.396484375
1305,2024-09,1,chronos_2,23379.0,21995.166015625
1313,2024-09,1,chronos_2,23047.0,21269.046875
1327,2024-09,1,chronos_2,22152.0,21906.2109375
1330,2024-09,1,chronos_2,21740.0,20044.380859375
1339,2024-09,1,chronos_2,17159.0,17743.39453125
1350,2024-09,1,chronos_2,17979.0,17415.755859375
1405,2024-09,1,chronos_2,40146.0,38523.15625
1410,2024-09,1,chronos_2,39009.0,38064.1015625
1425,2024-09,1,chronos_2,23910.0,20980.70703125
1429,2024-09,1,chronos_2,25408.0,24800.791015625
1438,2024-09,1,chronos_2,58555.0,49174.87109375
1465,2024-09,1,chronos_2,48499.0,47441.18359375
1468,2024-09,1,chronos_2,48202.0,47395.953125
1477,2024-09,1,chronos_2,41437.0,40146.7109375
1486,2024-09,1,chronos_2,37290.0,36498.01171875
1489,2024-09,1,chronos_2,39744.0,38696.51171875
1523,2024-09,1,chronos_2,40204.0,39158.7734375
1529,2024-09,1,chronos_2,25589.0,25006.25
1532,2024-09,1,chronos_2,27509.0,26244.205078125
1535,2024-09,1,chronos_2,24776.0,24273.12890625
1536,2024-09,1,chronos_2,26928.0,26063.1640625
1552,2024-09,1,chronos_2,21760.0,21170.595703125
1555,2024-09,1,chronos_2,28211.0,27341.1484375
1571,2024-09,1,chronos_2,26203.0,25658.884765625
1573,2024-09,1,chronos_2,24762.0,24817.26953125
1580,2024-09,1,chronos_2,24324.0,23916.001953125
1604,2024-09,1,chronos_2,28117.0,28124.935546875
1605,2024-09,1,chronos_2,22585.0,22176.490234375
1606,2024-09,1,chronos_2,21836.0,20283.703125
1607,2024-09,1,chronos_2,21011.0,20735.068359375
1610,2024-09,1,chronos_2,23254.0,23108.28125
1611,2024-09,1,chronos_2,26893.0,26045.6875
1612,2024-09,1,chronos_2,27454.0,25853.40234375
1615,2024-09,1,chronos_2,29568.0,28825.525390625
1617,2024-09,1,chronos_2,26192.0,24329.224609375
1618,2024-09,1,chronos_2,25666.0,24639.689453125
1635,2024-09,1,chronos_2,20735.0,19210.88671875
1640,2024-09,1,chronos_2,22137.0,20794.6015625
1644,2024-09,1,chronos_2,22266.0,21566.876953125
1654,2024-09,1,chronos_2,22864.0,21260.15625
1662,2024-09,1,chronos_2,23986.0,23391.9140625
1663,2024-09,1,chronos_2,22867.0,21890.21875
1701,2024-09,1,chronos_2,25090.0,23625.58984375
1702,2024-09,1,chronos_2,18474.0,18586.7421875
1707,2024-09,1,chronos_2,34309.0,33672.3828125
1718,2024-09,1,chronos_2,23206.0,22255.94140625
1725,2024-09,1,chronos_2,23734.0,21572.28515625
1738,2024-09,1,chronos_2,23637.0,21912.220703125
1744,2024-09,1,chronos_2,20007.0,19238.052734375
1751,2024-09,1,chronos_2,21222.0,18818.576171875
1759,2024-09,1,chronos_2,23462.0,22113.466796875
1762,2024-09,1,chronos_2,21754.0,19841.064453125
1775,2024-09,1,chronos_2,22751.0,23620.654296875
1777,2024-09,1,chronos_2,25662.0,24277.171875
1853,2024-09,1,chronos_2,25158.0,23565.9375
1854,2024-09,1,chronos_2,24194.0,21752.724609375
1856,2024-09,1,chronos_2,25063.0,23541.138671875
1860,2024-09,1,chronos_2,23554.0,22435.197265625
1863,2024-09,1,chronos_2,34652.0,33084.73046875
1865,2024-09,1,chronos_2,23521.0,22278.63671875
1870,2024-09,1,chronos_2,24376.0,21518.900390625
1880,2024-09,1,chronos_2,27830.0,26747.173828125
1884,2024-09,1,chronos_2,24176.0,24440.865234375
1890,2024-09,1,chronos_2,37307.0,36148.55859375
1909,2024-09,1,chronos_2,21752.0,21804.46875
1912,2024-09,1,chronos_2,27384.0,27208.375
1924,2024-09,1,chronos_2,19708.0,19263.982421875
1929,2024-09,1,chronos_2,21451.0,20538.38671875
1933,2024-09,1,chronos_2,20104.0,19690.640625
1939,2024-09,1,chronos_2,21914.0,20595.111328125
1957,2024-09,1,chronos_2,43217.0,42197.08984375
1958,2024-09,1,chronos_2,56588.0,57250.51953125
1960,2024-09,1,chronos_2,35636.0,34075.54296875
1976,2024-09,1,chronos_2,31640.0,29068.37109375
1979,2024-09,1,chronos_2,41723.0,40884.546875
1980,2024-09,1,chronos_2,32447.0,31289.34375
1992,2024-09,1,chronos_2,28466.0,26530.201171875
1995,2024-09,1,chronos_2,30326.0,29904.4921875
2000,2024-09,1,chronos_2,38401.0,37066.37109375
2001,2024-09,1,chronos_2,29208.0,29036.4765625
2007,2024-09,1,chronos_2,25966.0,25425.103515625
2021,2024-09,1,chronos_2,27937.0,26708.94140625
2024,2024-09,1,chronos_2,32130.0,32027.970703125
2036,2024-09,1,chronos_2,26402.0,25684.95703125
2044,2024-09,1,chronos_2,37077.0,36104.6015625
2048,2024-09,1,chronos_2,34060.0,32991.703125
2063,2024-09,1,chronos_2,38145.0,37292.1171875
2077,2024-09,1,chronos_2,24530.0,23068.685546875
2085,2024-09,1,chronos_2,20018.0,20196.22265625
2089,2024-09,1,chronos_2,22462.0,20823.466796875
2122,2024-09,1,chronos_2,27940.0,27121.447265625
2142,2024-09,1,chronos_2,28980.0,27151.23046875
2144,2024-09,1,chronos_2,39157.0,38195.6171875
2155,2024-09,1,chronos_2,29833.0,29186.650390625
2156,2024-09,1,chronos_2,25469.0,23981.52734375
2161,2024-09,1,chronos_2,40331.0,39224.87890625
2176,2024-09,1,chronos_2,26292.0,25826.798828125
2187,2024-09,1,chronos_2,29888.0,28387.62890625
2194,2024-09,1,chronos_2,30933.0,29304.70703125
2196,2024-09,1,chronos_2,25987.0,23414.990234375
2208,2024-09,1,chronos_2,27499.0,26091.140625
2232,2024-09,1,chronos_2,37646.0,37608.71875
2259,2024-09,1,chronos_2,21129.0,20373.869140625
2265,2024-09,1,chronos_2,18397.0,18218.90625
2269,2024-09,1,chronos_2,18691.0,17505.423828125
2274,2024-09,1,chronos_2,21970.0,20382.25
2280,2024-09,1,chronos_2,33087.0,32342.958984375
2316,2024-09,1,chronos_2,27984.0,24809.701171875
2318,2024-09,1,chronos_2,39091.0,38147.46875
2320,2024-09,1,chronos_2,33567.0,32793.796875
2324,2024-09,1,chronos_2,25733.0,24381.90234375
2343,2024-09,1,chronos_2,34527.0,34024.4453125
2345,2024-09,1,chronos_2,64611.0,65717.984375
2374,2024-09,1,chronos_2,51599.0,50400.10546875
2375,2024-09,1,chronos_2,50305.0,49010.90234375
2391,2024-09,1,chronos_2,42459.0,42792.28515625
2395,2024-09,1,chronos_2,40531.0,38117.82421875
2403,2024-09,1,chronos_2,45027.0,43941.6015625
2406,2024-09,1,chronos_2,48076.0,46572.75
2411,2024-09,1,chronos_2,48766.0,48173.41796875
2426,2024-09,1,chronos_2,49584.0,48543.09375
2441,2024-09,1,chronos_2,60001.0,58492.08203125
2444,2024-09,1,chronos_2,68207.0,67753.1953125
2465,2024-09,1,chronos_2,43653.0,43668.390625
2474,2024-09,1,chronos_2,48353.0,47220.8515625
2490,2024-09,1,chronos_2,57569.0,56061.1953125
2495,2024-09,1,chronos_2,66536.0,65861.8359375
2498,2024-09,1,chronos_2,51340.0,50032.4453125
2500,2024-09,1,chronos_2,51731.0,50530.05859375
2503,2024-09,1,chronos_2,61334.0,59641.37890625
2531,2024-09,1,chronos_2,56477.0,54533.63671875
2536,2024-09,1,chronos_2,65079.0,63963.0859375
2539,2024-09,1,chronos_2,57403.0,57304.16015625
2552,2024-09,1,chronos_2,49358.0,48174.3125
2554,2024-09,1,chronos_2,47751.0,46261.328125
2555,2024-09,1,chronos_2,54671.0,53052.12890625
2556,2024-09,1,chronos_2,49233.0,48109.15625
2560,2024-09,1,chronos_2,53719.0,52153.33203125
2582,2024-09,1,chronos_2,48785.0,47120.73046875
2589,2024-09,1,chronos_2,65017.0,63267.1953125
2590,2024-09,1,chronos_2,53591.0,52837.85546875
2605,2024-09,1,chronos_2,61738.0,60052.0
2620,2024-09,1,chronos_2,36400.0,35346.90625
2647,2024-09,1,chronos_2,35667.0,34592.7734375
12,2024-09,3,chronos_2,42595.0,35281.9609375
21,2024-09,3,chronos_2,42485.0,36326.359375
42,2024-09,3,chronos_2,33604.0,28475.93359375
48,2024-09,3,chronos_2,23697.0,20518.390625
49,2024-09,3,chronos_2,27879.0,23295.66796875
57,2024-09,3,chronos_2,36757.0,31359.83203125
81,2024-09,3,chronos_2,32888.0,26854.173828125
225,2024-09,3,chronos_2,51020.0,43611.296875
230,2024-09,3,chronos_2,35160.0,27935.51171875
239,2024-09,3,chronos_2,34191.0,28368.603515625
243,2024-09,3,chronos_2,31339.0,27542.611328125
280,2024-09,3,chronos_2,22732.0,17929.125
287,2024-09,3,chronos_2,21582.0,16868.107421875
295,2024-09,3,chronos_2,26084.0,21495.755859375
298,2024-09,3,chronos_2,27377.0,22607.4453125
314,2024-09,3,chronos_2,42147.0,31043.171875
329,2024-09,3,chronos_2,42813.0,31535.05078125
337,2024-09,3,chronos_2,34005.0,27705.5703125
351,2024-09,3,chronos_2,32458.0,27233.93359375
355,2024-09,3,chronos_2,40376.0,35047.58203125
383,2024-09,3,chronos_2,25252.0,21848.240234375
384,2024-09,3,chronos_2,21030.0,17241.1171875
392,2024-09,3,chronos_2,27565.0,22263.56640625
410,2024-09,3,chronos_2,34776.0,28655.189453125
414,2024-09,3,chronos_2,28958.0,23865.171875
432,2024-09,3,chronos_2,28334.0,22291.046875
436,2024-09,3,chronos_2,22407.0,18742.73828125
438,2024-09,3,chronos_2,24718.0,19968.1953125
455,2024-09,3,chronos_2,37309.0,28601.298828125
485,2024-09,3,chronos_2,20469.0,16370.9443359375
494,2024-09,3,chronos_2,20963.0,17272.26953125
504,2024-09,3,chronos_2,43606.0,36078.03515625
520,2024-09,3,chronos_2,22568.0,17895.544921875
532,2024-09,3,chronos_2,25614.0,21082.947265625
534,2024-09,3,chronos_2,23921.0,19755.544921875
536,2024-09,3,chronos_2,24835.0,20969.177734375
541,2024-09,3,chronos_2,25584.0,20439.673828125
544,2024-09,3,chronos_2,24775.0,21098.248046875
550,2024-09,3,chronos_2,24347.0,20365.4453125
556,2024-09,3,chronos_2,21935.0,16858.025390625
559,2024-09,3,chronos_2,28625.0,22065.962890625
562,2024-09,3,chronos_2,25222.0,21182.169921875
587,2024-09,3,chronos_2,38211.0,27975.751953125
608,2024-09,3,chronos_2,69451.0,58388.5390625
618,2024-09,3,chronos_2,63777.0,52336.73046875
670,2024-09,3,chronos_2,40287.0,32936.46875
683,2024-09,3,chronos_2,27144.0,21087.443359375
693,2024-09,3,chronos_2,43594.0,37935.3828125
706,2024-09,3,chronos_2,25979.0,20685.08984375
714,2024-09,3,chronos_2,30977.0,26475.568359375
727,2024-09,3,chronos_2,46941.0,38415.0390625
778,2024-09,3,chronos_2,47238.0,39101.31640625
797,2024-09,3,chronos_2,39155.0,29678.275390625
801,2024-09,3,chronos_2,41017.0,35332.7890625
810,2024-09,3,chronos_2,29457.0,25204.43359375
812,2024-09,3,chronos_2,43980.0,37577.29296875
817,2024-09,3,chronos_2,29563.0,23594.98046875
825,2024-09,3,chronos_2,30624.0,25237.42578125
833,2024-09,3,chronos_2,29295.0,24160.892578125
847,2024-09,3,chronos_2,49702.0,41345.47265625
859,2024-09,3,chronos_2,38568.0,31077.3828125
877,2024-09,3,chronos_2,30473.0,24872.962890625
880,2024-09,3,chronos_2,34251.0,25143.568359375
892,2024-09,3,chronos_2,42591.0,34942.953125
897,2024-09,3,chronos_2,37333.0,30910.228515625
899,2024-09,3,chronos_2,30737.0,24762.931640625
904,2024-09,3,chronos_2,27151.0,22707.26171875
922,2024-09,3,chronos_2,25441.0,21017.453125
926,2024-09,3,chronos_2,26404.0,21168.119140625
929,2024-09,3,chronos_2,24866.0,18903.287109375
987,2024-09,3,chronos_2,37413.0,30993.1484375
988,2024-09,3,chronos_2,43359.0,36415.42578125
989,2024-09,3,chronos_2,39202.0,32884.66015625
995,2024-09,3,chronos_2,31971.0,24714.693359375
999,2024-09,3,chronos_2,27374.0,22429.439453125
1002,2024-09,3,chronos_2,26807.0,22201.8203125
1004,2024-09,3,chronos_2,30538.0,24463.494140625
1009,2024-09,3,chronos_2,38789.0,31021.203125
1011,2024-09,3,chronos_2,33142.0,25913.732421875
1014,2024-09,3,chronos_2,25149.0,19399.98828125
1017,2024-09,3,chronos_2,27633.0,21886.1328125
1028,2024-09,3,chronos_2,26675.0,20173.515625
1039,2024-09,3,chronos_2,35345.0,29504.216796875
1052,2024-09,3,chronos_2,30575.0,24170.4140625
1053,2024-09,3,chronos_2,29338.0,23629.05859375
1071,2024-09,3,chronos_2,36598.0,31240.74609375
1072,2024-09,3,chronos_2,35161.0,27639.74609375
1112,2024-09,3,chronos_2,34128.0,27525.271484375
1117,2024-09,3,chronos_2,43086.0,37116.0234375
1120,2024-09,3,chronos_2,29677.0,22444.61328125
1121,2024-09,3,chronos_2,25267.0,20711.029296875
1126,2024-09,3,chronos_2,24723.0,19692.234375
1139,2024-09,3,chronos_2,36644.0,30407.314453125
1141,2024-09,3,chronos_2,44468.0,37366.4609375
1144,2024-09,3,chronos_2,30600.0,24599.671875
1146,2024-09,3,chronos_2,27933.0,24213.53125
1157,2024-09,3,chronos_2,37372.0,32584.2421875
1176,2024-09,3,chronos_2,48687.0,41374.109375
1211,2024-09,3,chronos_2,35124.0,28220.3125
1212,2024-09,3,chronos_2,40847.0,33912.8828125
1226,2024-09,3,chronos_2,39335.0,33501.921875
1229,2024-09,3,chronos_2,39261.0,33343.984375
1237,2024-09,3,chronos_2,34983.0,29420.09375
1243,2024-09,3,chronos_2,40673.0,35811.3203125
1262,2024-09,3,chronos_2,28961.0,23098.33203125
1264,2024-09,3,chronos_2,23937.0,19129.833984375
1265,2024-09,3,chronos_2,23023.0,19906.892578125
1267,2024-09,3,chronos_2,20705.0,17262.83203125
1272,2024-09,3,chronos_2,24430.0,20183.802734375
1274,2024-09,3,chronos_2,22847.0,19844.45703125
1276,2024-09,3,chronos_2,22588.0,19417.037109375
1287,2024-09,3,chronos_2,24584.0,20572.361328125
1305,2024-09,3,chronos_2,30876.0,22302.36328125
1313,2024-09,3,chronos_2,24654.0,21141.234375
1327,2024-09,3,chronos_2,25546.0,22025.66015625
1330,2024-09,3,chronos_2,25279.0,20001.0
1339,2024-09,3,chronos_2,22909.0,17650.72265625
1350,2024-09,3,chronos_2,21658.0,17310.4453125
1405,2024-09,3,chronos_2,46594.0,38538.71875
1410,2024-09,3,chronos_2,46358.0,38671.87109375
1425,2024-09,3,chronos_2,25371.0,20764.06640625
1429,2024-09,3,chronos_2,31597.0,24698.0546875
1438,2024-09,3,chronos_2,70825.0,49714.11328125
1465,2024-09,3,chronos_2,57432.0,48002.140625
1468,2024-09,3,chronos_2,58259.0,48220.10546875
1477,2024-09,3,chronos_2,49666.0,40800.79296875
1486,2024-09,3,chronos_2,45617.0,36635.41796875
1489,2024-09,3,chronos_2,47021.0,38890.10546875
1523,2024-09,3,chronos_2,47006.0,39543.58203125
1529,2024-09,3,chronos_2,28439.0,24789.435546875
1532,2024-09,3,chronos_2,33819.0,26256.072265625
1535,2024-09,3,chronos_2,29218.0,24095.744140625
1536,2024-09,3,chronos_2,31205.0,25947.896484375
1552,2024-09,3,chronos_2,26872.0,20971.9921875
1555,2024-09,3,chronos_2,33875.0,27314.23828125
1571,2024-09,3,chronos_2,30890.0,25469.2265625
1573,2024-09,3,chronos_2,30528.0,24760.6484375
1580,2024-09,3,chronos_2,29297.0,23839.53125
1604,2024-09,3,chronos_2,33426.0,28700.787109375
1605,2024-09,3,chronos_2,26504.0,22298.4921875
1606,2024-09,3,chronos_2,25586.0,20201.517578125
1607,2024-09,3,chronos_2,25484.0,20808.7109375
1610,2024-09,3,chronos_2,26804.0,23122.96875
1611,2024-09,3,chronos_2,31974.0,25949.15234375
1612,2024-09,3,chronos_2,31665.0,25751.17578125
1615,2024-09,3,chronos_2,34724.0,29052.208984375
1617,2024-09,3,chronos_2,29193.0,24285.6796875
1618,2024-09,3,chronos_2,29526.0,24641.205078125
1635,2024-09,3,chronos_2,23472.0,19436.951171875
1640,2024-09,3,chronos_2,25217.0,20667.806640625
1644,2024-09,3,chronos_2,26809.0,21406.1875
1654,2024-09,3,chronos_2,27339.0,21190.861328125
1662,2024-09,3,chronos_2,27982.0,23254.40234375
1663,2024-09,3,chronos_2,25562.0,21758.75390625
1701,2024-09,3,chronos_2,27673.0,23560.5625
1702,2024-09,3,chronos_2,21559.0,18659.6484375
1707,2024-09,3,chronos_2,40205.0,33949.92578125
1718,2024-09,3,chronos_2,26377.0,22268.453125
1725,2024-09,3,chronos_2,24826.0,21449.59765625
1738,2024-09,3,chronos_2,28894.0,21658.796875
1744,2024-09,3,chronos_2,25133.0,19005.380859375
1751,2024-09,3,chronos_2,22624.0,18716.83984375
1759,2024-09,3,chronos_2,27670.0,22044.70703125
1762,2024-09,3,chronos_2,25473.0,19487.087890625
1775,2024-09,3,chronos_2,28903.0,23518.9375
1777,2024-09,3,chronos_2,29420.0,24122.87109375
1853,2024-09,3,chronos_2,28875.0,23434.1953125
1854,2024-09,3,chronos_2,28361.0,21564.900390625
1856,2024-09,3,chronos_2,29197.0,23337.6015625
1860,2024-09,3,chronos_2,26422.0,22096.3046875
1863,2024-09,3,chronos_2,41185.0,33281.96484375
1865,2024-09,3,chronos_2,27786.0,22266.16015625
1870,2024-09,3,chronos_2,25332.0,21413.0703125
1880,2024-09,3,chronos_2,32910.0,26739.65625
1884,2024-09,3,chronos_2,30196.0,24371.810546875
1890,2024-09,3,chronos_2,44374.0,36426.15625
1909,2024-09,3,chronos_2,26630.0,21811.482421875
1912,2024-09,3,chronos_2,36758.0,27483.14453125
1924,2024-09,3,chronos_2,23131.0,19193.8125
1929,2024-09,3,chronos_2,26589.0,20443.16015625
1933,2024-09,3,chronos_2,25738.0,19415.111328125
1939,2024-09,3,chronos_2,25779.0,20468.4296875
1957,2024-09,3,chronos_2,50707.0,42009.68359375
1958,2024-09,3,chronos_2,67604.0,57098.01953125
1960,2024-09,3,chronos_2,42532.0,33883.44140625
1976,2024-09,3,chronos_2,35283.0,28689.8203125
1979,2024-09,3,chronos_2,49004.0,41421.515625
1980,2024-09,3,chronos_2,38023.0,31071.095703125
1992,2024-09,3,chronos_2,33505.0,26327.15234375
1995,2024-09,3,chronos_2,36191.0,29998.15625
2000,2024-09,3,chronos_2,45958.0,37350.96875
2001,2024-09,3,chronos_2,34992.0,28716.89453125
2007,2024-09,3,chronos_2,29744.0,25433.712890625
2021,2024-09,3,chronos_2,34014.0,26529.61328125
2024,2024-09,3,chronos_2,36740.0,32431.1640625
2036,2024-09,3,chronos_2,31285.0,25494.607421875
2044,2024-09,3,chronos_2,44379.0,36501.6875
2048,2024-09,3,chronos_2,40985.0,32994.796875
2063,2024-09,3,chronos_2,44475.0,37970.03125
2077,2024-09,3,chronos_2,29166.0,22952.931640625
2085,2024-09,3,chronos_2,25797.0,20110.759765625
2089,2024-09,3,chronos_2,25495.0,20666.7890625
2122,2024-09,3,chronos_2,32297.0,26964.931640625
2142,2024-09,3,chronos_2,36627.0,27177.66796875
2144,2024-09,3,chronos_2,45996.0,38434.97265625
2155,2024-09,3,chronos_2,35293.0,28996.515625
2156,2024-09,3,chronos_2,30023.0,23764.81640625
2161,2024-09,3,chronos_2,46966.0,39498.8515625
2176,2024-09,3,chronos_2,30728.0,25668.509765625
2187,2024-09,3,chronos_2,35760.0,28550.93359375
2194,2024-09,3,chronos_2,35735.0,29290.640625
2196,2024-09,3,chronos_2,32067.0,23451.05078125
2208,2024-09,3,chronos_2,29742.0,26063.0546875
2232,2024-09,3,chronos_2,46210.0,37261.79296875
2259,2024-09,3,chronos_2,23858.0,20276.783203125
2265,2024-09,3,chronos_2,22214.0,18177.80859375
2269,2024-09,3,chronos_2,21893.0,17436.201171875
2274,2024-09,3,chronos_2,26680.0,20254.24609375
2280,2024-09,3,chronos_2,39129.0,32658.24609375
2316,2024-09,3,chronos_2,32701.0,24733.79296875
2318,2024-09,3,chronos_2,45947.0,38503.0703125
2320,2024-09,3,chronos_2,39801.0,33072.87890625
2324,2024-09,3,chronos_2,29690.0,24038.21484375
2343,2024-09,3,chronos_2,41159.0,34247.08984375
2345,2024-09,3,chronos_2,75056.0,60967.453125
2374,2024-09,3,chronos_2,59962.0,50786.38671875
2375,2024-09,3,chronos_2,58887.0,49229.41015625
2391,2024-09,3,chronos_2,49221.0,43029.9375
2395,2024-09,3,chronos_2,45845.0,38262.6171875
2403,2024-09,3,chronos_2,53129.0,44408.2890625
2406,2024-09,3,chronos_2,56497.0,46884.59765625
2411,2024-09,3,chronos_2,56968.0,48740.4296875
2426,2024-09,3,chronos_2,58084.0,48779.25390625
2441,2024-09,3,chronos_2,70917.0,58268.59765625
2444,2024-09,3,chronos_2,79505.0,68927.015625
2465,2024-09,3,chronos_2,51374.0,44074.06640625
2474,2024-09,3,chronos_2,56852.0,47761.28125
2490,2024-09,3,chronos_2,68709.0,56693.734375
2495,2024-09,3,chronos_2,78197.0,67123.3359375
2498,2024-09,3,chronos_2,60924.0,50644.1171875
2500,2024-09,3,chronos_2,61151.0,51353.8828125
2503,2024-09,3,chronos_2,71895.0,60340.84765625
2531,2024-09,3,chronos_2,66597.0,55230.17578125
2536,2024-09,3,chronos_2,76256.0,64851.09375
2539,2024-09,3,chronos_2,67626.0,58335.79296875
2552,2024-09,3,chronos_2,58729.0,48807.4375
2554,2024-09,3,chronos_2,55431.0,46819.828125
2555,2024-09,3,chronos_2,64586.0,53786.3125
2556,2024-09,3,chronos_2,58134.0,48762.37890625
2560,2024-09,3,chronos_2,62968.0,52812.66796875
2582,2024-09,3,chronos_2,57644.0,47571.6875
2589,2024-09,3,chronos_2,76742.0,64207.078125
2590,2024-09,3,chronos_2,63598.0,53732.67578125
2605,2024-09,3,chronos_2,72779.0,60775.29296875
2620,2024-09,3,chronos_2,43851.0,35606.859375
2647,2024-09,3,chronos_2,42109.0,35076.15234375
12,2024-10,1,chronos_2,34887.0,36291.08984375
21,2024-10,1,chronos_2,37011.0,36839.45703125
42,2024-10,1,chronos_2,28895.0,29045.5546875
48,2024-10,1,chronos_2,20130.0,20789.208984375
49,2024-10,1,chronos_2,23745.0,23567.3359375
57,2024-10,1,chronos_2,31824.0,31486.203125
81,2024-10,1,chronos_2,28174.0,27694.716796875
225,2024-10,1,chronos_2,44556.0,45507.42578125
230,2024-10,1,chronos_2,26967.0,27926.333984375
239,2024-10,1,chronos_2,27917.0,29211.19140625
243,2024-10,1,chronos_2,24347.0,27772.36328125
280,2024-10,1,chronos_2,18466.0,18482.93359375
287,2024-10,1,chronos_2,18281.0,16944.0625
295,2024-10,1,chronos_2,22726.0,21996.26953125
298,2024-10,1,chronos_2,23495.0,22881.513671875
314,2024-10,1,chronos_2,31050.0,31202.37109375
329,2024-10,1,chronos_2,30020.0,30194.064453125
337,2024-10,1,chronos_2,25836.0,27828.28515625
351,2024-10,1,chronos_2,27278.0,28196.390625
355,2024-10,1,chronos_2,35244.0,35438.5859375
383,2024-10,1,chronos_2,21792.0,21825.046875
384,2024-10,1,chronos_2,18879.0,17605.390625
392,2024-10,1,chronos_2,22957.0,23807.01171875
410,2024-10,1,chronos_2,28402.0,28354.890625
414,2024-10,1,chronos_2,24567.0,23950.462890625
432,2024-10,1,chronos_2,22984.0,22981.98046875
436,2024-10,1,chronos_2,20234.0,19698.50390625
438,2024-10,1,chronos_2,22090.0,20845.23046875
455,2024-10,1,chronos_2,28925.0,29606.880859375
485,2024-10,1,chronos_2,17253.0,17005.3984375
494,2024-10,1,chronos_2,16949.0,17753.640625
504,2024-10,1,chronos_2,36785.0,36765.8828125
520,2024-10,1,chronos_2,20103.0,18651.830078125
532,2024-10,1,chronos_2,21784.0,21682.67578125
534,2024-10,1,chronos_2,19189.0,19873.369140625
536,2024-10,1,chronos_2,20861.0,21770.0234375
541,2024-10,1,chronos_2,21921.0,21042.603515625
544,2024-10,1,chronos_2,20366.0,20797.060546875
550,2024-10,1,chronos_2,20589.0,20620.435546875
556,2024-10,1,chronos_2,17327.0,17550.96484375
559,2024-10,1,chronos_2,24078.0,23555.8515625
562,2024-10,1,chronos_2,20726.0,21658.802734375
587,2024-10,1,chronos_2,30697.0,29332.74609375
608,2024-10,1,chronos_2,59599.0,59150.765625
618,2024-10,1,chronos_2,55123.0,57491.0234375
670,2024-10,1,chronos_2,35204.0,34635.9375
683,2024-10,1,chronos_2,21483.0,21349.412109375
693,2024-10,1,chronos_2,38498.0,38511.9296875
706,2024-10,1,chronos_2,21242.0,21627.72265625
714,2024-10,1,chronos_2,26527.0,26597.830078125
727,2024-10,1,chronos_2,39845.0,39631.15234375
778,2024-10,1,chronos_2,40350.0,39839.6484375
797,2024-10,1,chronos_2,31830.0,30369.333984375
801,2024-10,1,chronos_2,35784.0,35526.671875
810,2024-10,1,chronos_2,25299.0,25949.712890625
812,2024-10,1,chronos_2,37623.0,38278.890625
817,2024-10,1,chronos_2,24731.0,24303.267578125
825,2024-10,1,chronos_2,25379.0,25628.09375
833,2024-10,1,chronos_2,24166.0,24924.904296875
847,2024-10,1,chronos_2,40806.0,41609.5390625
859,2024-10,1,chronos_2,33522.0,33979.1796875
877,2024-10,1,chronos_2,26876.0,25656.8203125
880,2024-10,1,chronos_2,26526.0,25377.244140625
892,2024-10,1,chronos_2,36491.0,36284.1328125
897,2024-10,1,chronos_2,31874.0,31475.384765625
899,2024-10,1,chronos_2,26337.0,24839.708984375
904,2024-10,1,chronos_2,23056.0,22482.5390625
922,2024-10,1,chronos_2,20468.0,21354.64453125
926,2024-10,1,chronos_2,20753.0,21225.4609375
929,2024-10,1,chronos_2,20190.0,19582.958984375
987,2024-10,1,chronos_2,31668.0,31619.646484375
988,2024-10,1,chronos_2,36937.0,36947.57421875
989,2024-10,1,chronos_2,33716.0,33813.44921875
995,2024-10,1,chronos_2,26773.0,26067.689453125
999,2024-10,1,chronos_2,23073.0,22958.95703125
1002,2024-10,1,chronos_2,22806.0,22792.046875
1004,2024-10,1,chronos_2,24885.0,24969.6796875
1009,2024-10,1,chronos_2,31545.0,31682.14453125
1011,2024-10,1,chronos_2,27185.0,27190.95703125
1014,2024-10,1,chronos_2,21056.0,19970.095703125
1017,2024-10,1,chronos_2,23557.0,22863.7890625
1028,2024-10,1,chronos_2,21609.0,21675.888671875
1039,2024-10,1,chronos_2,30033.0,29915.76171875
1052,2024-10,1,chronos_2,25568.0,25752.837890625
1053,2024-10,1,chronos_2,25488.0,24751.91015625
1071,2024-10,1,chronos_2,32398.0,31841.08203125
1072,2024-10,1,chronos_2,30393.0,28731.443359375
1112,2024-10,1,chronos_2,28146.0,27951.791015625
1117,2024-10,1,chronos_2,40080.0,37475.2109375
1120,2024-10,1,chronos_2,23343.0,22257.0
1121,2024-10,1,chronos_2,22274.0,21187.515625
1126,2024-10,1,chronos_2,20875.0,20942.96875
1139,2024-10,1,chronos_2,30685.0,31141.85546875
1141,2024-10,1,chronos_2,37802.0,37981.40625
1144,2024-10,1,chronos_2,24612.0,25687.751953125
1146,2024-10,1,chronos_2,24138.0,24843.833984375
1157,2024-10,1,chronos_2,32306.0,33365.984375
1176,2024-10,1,chronos_2,42328.0,42204.21875
1211,2024-10,1,chronos_2,30420.0,29056.654296875
1212,2024-10,1,chronos_2,35697.0,34964.140625
1226,2024-10,1,chronos_2,33485.0,33782.70703125
1229,2024-10,1,chronos_2,33743.0,33620.375
1237,2024-10,1,chronos_2,29505.0,30859.890625
1243,2024-10,1,chronos_2,36539.0,36990.77734375
1262,2024-10,1,chronos_2,24459.0,24075.666015625
1264,2024-10,1,chronos_2,20168.0,19496.458984375
1265,2024-10,1,chronos_2,19034.0,20484.62890625
1267,2024-10,1,chronos_2,17463.0,18099.744140625
1272,2024-10,1,chronos_2,21632.0,20746.69140625
1274,2024-10,1,chronos_2,18870.0,19818.17578125
1276,2024-10,1,chronos_2,18688.0,19760.36328125
1287,2024-10,1,chronos_2,21936.0,21011.013671875
1305,2024-10,1,chronos_2,26612.0,22878.4296875
1313,2024-10,1,chronos_2,21277.0,22654.03125
1327,2024-10,1,chronos_2,21120.0,22340.0
1330,2024-10,1,chronos_2,21997.0,20802.7109375
1339,2024-10,1,chronos_2,17737.0,17481.896484375
1350,2024-10,1,chronos_2,17851.0,17787.6796875
1405,2024-10,1,chronos_2,40183.0,40160.1484375
1410,2024-10,1,chronos_2,39868.0,39364.34765625
1425,2024-10,1,chronos_2,22393.0,22338.8125
1429,2024-10,1,chronos_2,25694.0,25347.353515625
1438,2024-10,1,chronos_2,56394.0,54421.36328125
1465,2024-10,1,chronos_2,48737.0,49048.171875
1468,2024-10,1,chronos_2,48625.0,48921.1015625
1477,2024-10,1,chronos_2,41458.0,41835.375
1486,2024-10,1,chronos_2,37962.0,37550.359375
1489,2024-10,1,chronos_2,39744.0,39872.53515625
1523,2024-10,1,chronos_2,40579.0,40531.078125
1529,2024-10,1,chronos_2,24783.0,25397.279296875
1532,2024-10,1,chronos_2,28166.0,27354.869140625
1535,2024-10,1,chronos_2,24499.0,24682.037109375
1536,2024-10,1,chronos_2,27139.0,26798.703125
1552,2024-10,1,chronos_2,22250.0,21532.6171875
1555,2024-10,1,chronos_2,28609.0,28225.09765625
1571,2024-10,1,chronos_2,25852.0,26060.015625
1573,2024-10,1,chronos_2,24828.0,24835.23046875
1580,2024-10,1,chronos_2,24243.0,24316.814453125
1604,2024-10,1,chronos_2,28209.0,28824.9296875
1605,2024-10,1,chronos_2,23155.0,22728.673828125
1606,2024-10,1,chronos_2,21166.0,21399.2578125
1607,2024-10,1,chronos_2,21508.0,21094.50390625
1610,2024-10,1,chronos_2,22985.0,23357.166015625
1611,2024-10,1,chronos_2,27480.0,26845.6015625
1612,2024-10,1,chronos_2,27916.0,27012.287109375
1615,2024-10,1,chronos_2,29576.0,29800.08984375
1617,2024-10,1,chronos_2,23870.0,25744.337890625
1618,2024-10,1,chronos_2,25064.0,25600.857421875
1635,2024-10,1,chronos_2,19494.0,20385.849609375
1640,2024-10,1,chronos_2,20320.0,21652.015625
1644,2024-10,1,chronos_2,22608.0,21879.658203125
1654,2024-10,1,chronos_2,23361.0,22108.013671875
1662,2024-10,1,chronos_2,22327.0,23737.6953125
1663,2024-10,1,chronos_2,21611.0,22481.123046875
1701,2024-10,1,chronos_2,24170.0,24608.359375
1702,2024-10,1,chronos_2,18401.0,18612.3359375
1707,2024-10,1,chronos_2,34382.0,34707.3046875
1718,2024-10,1,chronos_2,22637.0,22996.34765625
1725,2024-10,1,chronos_2,21961.0,23028.619140625
1738,2024-10,1,chronos_2,23885.0,23065.501953125
1744,2024-10,1,chronos_2,21992.0,19692.5546875
1751,2024-10,1,chronos_2,20624.0,19962.8359375
1759,2024-10,1,chronos_2,23898.0,23019.236328125
1762,2024-10,1,chronos_2,21090.0,20903.080078125
1775,2024-10,1,chronos_2,23640.0,23046.306640625
1777,2024-10,1,chronos_2,24622.0,25212.11328125
1853,2024-10,1,chronos_2,24698.0,24579.265625
1854,2024-10,1,chronos_2,24047.0,23173.7265625
1856,2024-10,1,chronos_2,24488.0,24377.26953125
1860,2024-10,1,chronos_2,23523.0,22987.90625
1863,2024-10,1,chronos_2,35320.0,34743.75390625
1865,2024-10,1,chronos_2,23902.0,23213.09765625
1870,2024-10,1,chronos_2,23572.0,23138.255859375
1880,2024-10,1,chronos_2,27570.0,27751.30859375
1884,2024-10,1,chronos_2,24343.0,24182.33203125
1890,2024-10,1,chronos_2,37647.0,37663.05859375
1909,2024-10,1,chronos_2,22405.0,21841.166015625
1912,2024-10,1,chronos_2,28491.0,27652.6953125
1924,2024-10,1,chronos_2,19542.0,19654.046875
1929,2024-10,1,chronos_2,22064.0,21108.828125
1933,2024-10,1,chronos_2,20310.0,19803.919921875
1939,2024-10,1,chronos_2,21912.0,21467.94140625
1957,2024-10,1,chronos_2,41970.0,42704.80859375
1958,2024-10,1,chronos_2,57089.0,57375.0234375
1960,2024-10,1,chronos_2,33247.0,34893.93359375
1976,2024-10,1,chronos_2,31102.0,30799.28125
1979,2024-10,1,chronos_2,42273.0,42249.21875
1980,2024-10,1,chronos_2,34043.0,32234.5625
1992,2024-10,1,chronos_2,29255.0,27589.806640625
1995,2024-10,1,chronos_2,30140.0,30406.830078125
2000,2024-10,1,chronos_2,39089.0,38528.8671875
2001,2024-10,1,chronos_2,29942.0,28994.224609375
2007,2024-10,1,chronos_2,26400.0,25873.2734375
2021,2024-10,1,chronos_2,28380.0,27495.1796875
2024,2024-10,1,chronos_2,31641.0,32557.27734375
2036,2024-10,1,chronos_2,26565.0,26164.4296875
2044,2024-10,1,chronos_2,37594.0,37419.546875
2048,2024-10,1,chronos_2,34656.0,34090.81640625
2063,2024-10,1,chronos_2,38394.0,38594.9765625
2077,2024-10,1,chronos_2,24559.0,23883.8984375
2085,2024-10,1,chronos_2,21127.0,20172.265625
2089,2024-10,1,chronos_2,22511.0,21857.345703125
2122,2024-10,1,chronos_2,26265.0,27667.23828125
2142,2024-10,1,chronos_2,29726.0,28565.67578125
2144,2024-10,1,chronos_2,39757.0,39321.6328125
2155,2024-10,1,chronos_2,29356.0,29608.943359375
2156,2024-10,1,chronos_2,24657.0,24831.251953125
2161,2024-10,1,chronos_2,40955.0,40553.26171875
2176,2024-10,1,chronos_2,27467.0,26220.791015625
2187,2024-10,1,chronos_2,29088.0,29840.94140625
2194,2024-10,1,chronos_2,29960.0,30520.064453125
2196,2024-10,1,chronos_2,24415.0,25170.80078125
2208,2024-10,1,chronos_2,25094.0,26925.646484375
2232,2024-10,1,chronos_2,38682.0,37541.3359375
2259,2024-10,1,chronos_2,21252.0,20921.01171875
2265,2024-10,1,chronos_2,18477.0,18415.39453125
2269,2024-10,1,chronos_2,19229.0,18029.75
2274,2024-10,1,chronos_2,21665.0,21423.396484375
2280,2024-10,1,chronos_2,32993.0,33418.87109375
2316,2024-10,1,chronos_2,28240.0,27069.6015625
2318,2024-10,1,chronos_2,39611.0,39432.03125
2320,2024-10,1,chronos_2,34530.0,33901.8671875
2324,2024-10,1,chronos_2,25819.0,25225.125
2343,2024-10,1,chronos_2,33420.0,34785.359375
2345,2024-10,1,chronos_2,60292.0,62155.3984375
2374,2024-10,1,chronos_2,52609.0,51780.5546875
2375,2024-10,1,chronos_2,51162.0,50329.82421875
2391,2024-10,1,chronos_2,43467.0,42860.13671875
2395,2024-10,1,chronos_2,40208.0,40073.390625
2403,2024-10,1,chronos_2,45364.0,45361.51171875
2406,2024-10,1,chronos_2,48295.0,48383.18359375
2411,2024-10,1,chronos_2,48484.0,49065.98828125
2426,2024-10,1,chronos_2,50603.0,49711.83203125
2441,2024-10,1,chronos_2,62464.0,59880.328125
2444,2024-10,1,chronos_2,70705.0,69386.171875
2465,2024-10,1,chronos_2,45064.0,44445.1796875
2474,2024-10,1,chronos_2,48474.0,48976.2890625
2490,2024-10,1,chronos_2,58446.0,58197.0859375
2495,2024-10,1,chronos_2,67895.0,67822.6015625
2498,2024-10,1,chronos_2,51698.0,52035.515625
2500,2024-10,1,chronos_2,52457.0,52484.8203125
2503,2024-10,1,chronos_2,62340.0,62271.4140625
2531,2024-10,1,chronos_2,56639.0,57217.484375
2536,2024-10,1,chronos_2,65720.0,66271.578125
2539,2024-10,1,chronos_2,57494.0,58390.37890625
2552,2024-10,1,chronos_2,49422.0,49971.70703125
2554,2024-10,1,chronos_2,47813.0,48356.58984375
2555,2024-10,1,chronos_2,55559.0,55470.546875
2556,2024-10,1,chronos_2,49664.0,49949.5859375
2560,2024-10,1,chronos_2,54358.0,54432.484375
2582,2024-10,1,chronos_2,48738.0,49298.80859375
2589,2024-10,1,chronos_2,65421.0,65995.71875
2590,2024-10,1,chronos_2,54853.0,54510.10546875
2605,2024-10,1,chronos_2,62360.0,62388.73046875
2620,2024-10,1,chronos_2,36879.0,36694.140625
2647,2024-10,1,chronos_2,36145.0,36104.65625
12,2024-11,1,chronos_2,42595.0,35166.9765625
21,2024-11,1,chronos_2,42485.0,37143.5390625
42,2024-11,1,chronos_2,33604.0,29212.044921875
48,2024-11,1,chronos_2,23697.0,20358.876953125
49,2024-11,1,chronos_2,27879.0,23506.0625
57,2024-11,1,chronos_2,36757.0,31756.779296875
81,2024-11,1,chronos_2,32888.0,28219.861328125
225,2024-11,1,chronos_2,51020.0,43883.26953125
230,2024-11,1,chronos_2,35160.0,27295.96875
239,2024-11,1,chronos_2,34191.0,27942.486328125
243,2024-11,1,chronos_2,31339.0,26269.064453125
280,2024-11,1,chronos_2,22732.0,18040.447265625
287,2024-11,1,chronos_2,21582.0,17567.58984375
295,2024-11,1,chronos_2,26084.0,22599.267578125
298,2024-11,1,chronos_2,27377.0,23251.98828125
314,2024-11,1,chronos_2,42147.0,31200.29296875
329,2024-11,1,chronos_2,42813.0,30154.55859375
337,2024-11,1,chronos_2,34005.0,26734.80859375
351,2024-11,1,chronos_2,32458.0,27532.443359375
355,2024-11,1,chronos_2,40376.0,35567.1640625
383,2024-11,1,chronos_2,25252.0,21595.630859375
384,2024-11,1,chronos_2,21030.0,18037.458984375
392,2024-11,1,chronos_2,27565.0,23112.333984375
410,2024-11,1,chronos_2,34776.0,28946.8125
414,2024-11,1,chronos_2,28958.0,24296.419921875
432,2024-11,1,chronos_2,28334.0,22784.0390625
436,2024-11,1,chronos_2,22407.0,20101.826171875
438,2024-11,1,chronos_2,24718.0,21612.9921875
455,2024-11,1,chronos_2,37309.0,29142.783203125
485,2024-11,1,chronos_2,20469.0,16997.75
494,2024-11,1,chronos_2,20963.0,16926.873046875
504,2024-11,1,chronos_2,43606.0,37071.125
520,2024-11,1,chronos_2,22568.0,19445.158203125
532,2024-11,1,chronos_2,25614.0,21667.68359375
534,2024-11,1,chronos_2,23921.0,19286.7578125
536,2024-11,1,chronos_2,24835.0,20959.15234375
541,2024-11,1,chronos_2,25584.0,21559.0
544,2024-11,1,chronos_2,24775.0,20381.23046875
550,2024-11,1,chronos_2,24347.0,20562.458984375
556,2024-11,1,chronos_2,21935.0,17318.216796875
559,2024-11,1,chronos_2,28625.0,23819.919921875
562,2024-11,1,chronos_2,25222.0,20722.001953125
587,2024-11,1,chronos_2,38211.0,30097.033203125
608,2024-11,1,chronos_2,69451.0,59447.9296875
618,2024-11,1,chronos_2,63777.0,54102.953125
670,2024-11,1,chronos_2,40287.0,35069.5078125
683,2024-11,1,chronos_2,27144.0,21234.2890625
693,2024-11,1,chronos_2,43594.0,38853.41796875
706,2024-11,1,chronos_2,25979.0,21039.494140625
714,2024-11,1,chronos_2,30977.0,26421.337890625
727,2024-11,1,chronos_2,46941.0,40181.265625
778,2024-11,1,chronos_2,47238.0,40179.34375
797,2024-11,1,chronos_2,39155.0,31268.66015625
801,2024-11,1,chronos_2,41017.0,36012.51171875
810,2024-11,1,chronos_2,29457.0,25679.640625
812,2024-11,1,chronos_2,43980.0,38201.015625
817,2024-11,1,chronos_2,29563.0,24599.4140625
825,2024-11,1,chronos_2,30624.0,25689.6484375
833,2024-11,1,chronos_2,29295.0,24595.86328125
847,2024-11,1,chronos_2,49702.0,40856.4296875
859,2024-11,1,chronos_2,38568.0,33477.61328125
877,2024-11,1,chronos_2,30473.0,26043.125
880,2024-11,1,chronos_2,34251.0,26062.365234375
892,2024-11,1,chronos_2,42591.0,36556.1328125
897,2024-11,1,chronos_2,37333.0,31575.681640625
899,2024-11,1,chronos_2,30737.0,25591.146484375
904,2024-11,1,chronos_2,27151.0,22639.748046875
922,2024-11,1,chronos_2,25441.0,20649.376953125
926,2024-11,1,chronos_2,26404.0,20940.611328125
929,2024-11,1,chronos_2,24866.0,19874.328125
987,2024-11,1,chronos_2,37413.0,31946.0546875
988,2024-11,1,chronos_2,43359.0,37277.8046875
989,2024-11,1,chronos_2,39202.0,34100.078125
995,2024-11,1,chronos_2,31971.0,26369.634765625
999,2024-11,1,chronos_2,27374.0,22866.484375
1002,2024-11,1,chronos_2,26807.0,22711.205078125
1004,2024-11,1,chronos_2,30538.0,24719.607421875
1009,2024-11,1,chronos_2,38789.0,31764.67578125
1011,2024-11,1,chronos_2,33142.0,27375.365234375
1014,2024-11,1,chronos_2,25149.0,20473.12890625
1017,2024-11,1,chronos_2,27633.0,23351.021484375
1028,2024-11,1,chronos_2,26675.0,21469.767578125
1039,2024-11,1,chronos_2,35345.0,30432.919921875
1052,2024-11,1,chronos_2,30575.0,25320.392578125
1053,2024-11,1,chronos_2,29338.0,24940.20703125
1071,2024-11,1,chronos_2,36598.0,32665.7265625
1072,2024-11,1,chronos_2,35161.0,29646.60546875
1112,2024-11,1,chronos_2,34128.0,28184.1796875
1117,2024-11,1,chronos_2,43086.0,39832.41796875
1120,2024-11,1,chronos_2,29677.0,22532.646484375
1121,2024-11,1,chronos_2,25267.0,21648.060546875
1126,2024-11,1,chronos_2,24723.0,20782.900390625
1139,2024-11,1,chronos_2,36644.0,30682.638671875
1141,2024-11,1,chronos_2,44468.0,37719.54296875
1144,2024-11,1,chronos_2,30600.0,25020.08203125
1146,2024-11,1,chronos_2,27933.0,24143.185546875
1157,2024-11,1,chronos_2,37372.0,32367.24609375
1176,2024-11,1,chronos_2,48687.0,42698.2890625
1211,2024-11,1,chronos_2,35124.0,30158.22265625
1212,2024-11,1,chronos_2,40847.0,35738.98828125
1226,2024-11,1,chronos_2,39335.0,33779.6953125
1229,2024-11,1,chronos_2,39261.0,33898.1015625
1237,2024-11,1,chronos_2,34983.0,29668.294921875
1243,2024-11,1,chronos_2,40673.0,36673.4296875
1262,2024-11,1,chronos_2,28961.0,24032.322265625
1264,2024-11,1,chronos_2,23937.0,19942.537109375
1265,2024-11,1,chronos_2,23023.0,19267.63671875
1267,2024-11,1,chronos_2,20705.0,17644.24609375
1272,2024-11,1,chronos_2,24430.0,21047.1015625
1274,2024-11,1,chronos_2,22847.0,19020.7109375
1276,2024-11,1,chronos_2,22588.0,19211.12890625
1287,2024-11,1,chronos_2,24584.0,21223.73046875
1305,2024-11,1,chronos_2,30876.0,25375.896484375
1313,2024-11,1,chronos_2,24654.0,21667.48046875
1327,2024-11,1,chronos_2,25546.0,21597.650390625
1330,2024-11,1,chronos_2,25279.0,21308.50390625
1339,2024-11,1,chronos_2,22909.0,17524.5234375
1350,2024-11,1,chronos_2,21658.0,17782.224609375
1405,2024-11,1,chronos_2,46594.0,40282.5625
1410,2024-11,1,chronos_2,46358.0,40173.6484375
1425,2024-11,1,chronos_2,25371.0,22117.58984375
1429,2024-11,1,chronos_2,31597.0,25550.45703125
1438,2024-11,1,chronos_2,70825.0,55467.109375
1465,2024-11,1,chronos_2,57432.0,49262.078125
1468,2024-11,1,chronos_2,58259.0,49315.48828125
1477,2024-11,1,chronos_2,49666.0,41975.9921875
1486,2024-11,1,chronos_2,45617.0,38107.67578125
1489,2024-11,1,chronos_2,47021.0,40125.1171875
1523,2024-11,1,chronos_2,47006.0,40973.9453125
1529,2024-11,1,chronos_2,28439.0,24669.3359375
1532,2024-11,1,chronos_2,33819.0,27856.845703125
1535,2024-11,1,chronos_2,29218.0,24528.232421875
1536,2024-11,1,chronos_2,31205.0,27007.966796875
1552,2024-11,1,chronos_2,26872.0,21880.234375
1555,2024-11,1,chronos_2,33875.0,28684.025390625
1571,2024-11,1,chronos_2,30890.0,25729.21484375
1573,2024-11,1,chronos_2,30528.0,24814.505859375
1580,2024-11,1,chronos_2,29297.0,24182.619140625
1604,2024-11,1,chronos_2,33426.0,28750.875
1605,2024-11,1,chronos_2,26504.0,23072.484375
1606,2024-11,1,chronos_2,25586.0,21270.734375
1607,2024-11,1,chronos_2,25484.0,21348.408203125
1610,2024-11,1,chronos_2,26804.0,23135.912109375
1611,2024-11,1,chronos_2,31974.0,27337.33984375
1612,2024-11,1,chronos_2,31665.0,27606.232421875
1615,2024-11,1,chronos_2,34724.0,29692.65234375
1617,2024-11,1,chronos_2,29193.0,24586.87109375
1618,2024-11,1,chronos_2,29526.0,25278.708984375
1635,2024-11,1,chronos_2,23472.0,19684.453125
1640,2024-11,1,chronos_2,25217.0,20770.841796875
1644,2024-11,1,chronos_2,26809.0,22091.740234375
1654,2024-11,1,chronos_2,27339.0,22697.73828125
1662,2024-11,1,chronos_2,27982.0,22700.826171875
1663,2024-11,1,chronos_2,25562.0,21847.208984375
1701,2024-11,1,chronos_2,27673.0,24258.26953125
1702,2024-11,1,chronos_2,21559.0,18528.41015625
1707,2024-11,1,chronos_2,40205.0,34690.453125
1718,2024-11,1,chronos_2,26377.0,22855.16796875
1725,2024-11,1,chronos_2,24826.0,22262.412109375
1738,2024-11,1,chronos_2,28894.0,23383.89453125
1744,2024-11,1,chronos_2,25133.0,20736.990234375
1751,2024-11,1,chronos_2,22624.0,20248.3828125
1759,2024-11,1,chronos_2,27670.0,23515.7734375
1762,2024-11,1,chronos_2,25473.0,20707.078125
1775,2024-11,1,chronos_2,28903.0,23322.52734375
1777,2024-11,1,chronos_2,29420.0,24744.541015625
1853,2024-11,1,chronos_2,28875.0,24624.19921875
1854,2024-11,1,chronos_2,28361.0,23448.869140625
1856,2024-11,1,chronos_2,29197.0,24222.74609375
1860,2024-11,1,chronos_2,26422.0,23048.298828125
1863,2024-11,1,chronos_2,41185.0,35334.86328125
1865,2024-11,1,chronos_2,27786.0,23762.787109375
1870,2024-11,1,chronos_2,25332.0,23310.25390625
1880,2024-11,1,chronos_2,32910.0,27499.52734375
1884,2024-11,1,chronos_2,30196.0,24239.1875
1890,2024-11,1,chronos_2,44374.0,37871.18359375
1909,2024-11,1,chronos_2,26630.0,22322.958984375
1912,2024-11,1,chronos_2,36758.0,28510.701171875
1924,2024-11,1,chronos_2,23131.0,19577.10546875
1929,2024-11,1,chronos_2,26589.0,21519.67578125
1933,2024-11,1,chronos_2,25738.0,19900.595703125
1939,2024-11,1,chronos_2,25779.0,21739.533203125
1957,2024-11,1,chronos_2,50707.0,42083.234375
1958,2024-11,1,chronos_2,67604.0,57280.83984375
1960,2024-11,1,chronos_2,42532.0,33850.16015625
1976,2024-11,1,chronos_2,35283.0,30767.5078125
1979,2024-11,1,chronos_2,49004.0,42738.32421875
1980,2024-11,1,chronos_2,38023.0,33167.27734375
1992,2024-11,1,chronos_2,33505.0,28292.9140625
1995,2024-11,1,chronos_2,36191.0,30200.853515625
2000,2024-11,1,chronos_2,45958.0,39406.2421875
2001,2024-11,1,chronos_2,34992.0,29207.595703125
2007,2024-11,1,chronos_2,29744.0,26045.548828125
2021,2024-11,1,chronos_2,34014.0,27877.263671875
2024,2024-11,1,chronos_2,36740.0,32020.125
2036,2024-11,1,chronos_2,31285.0,26268.62109375
2044,2024-11,1,chronos_2,44379.0,37921.10546875
2048,2024-11,1,chronos_2,40985.0,34719.4140625
2063,2024-11,1,chronos_2,44475.0,39003.61328125
2077,2024-11,1,chronos_2,29166.0,24274.05859375
2085,2024-11,1,chronos_2,25797.0,20747.109375
2089,2024-11,1,chronos_2,25495.0,22095.8203125
2122,2024-11,1,chronos_2,32297.0,26750.94140625
2142,2024-11,1,chronos_2,36627.0,29537.138671875
2144,2024-11,1,chronos_2,45996.0,39899.26171875
2155,2024-11,1,chronos_2,35293.0,29334.875
2156,2024-11,1,chronos_2,30023.0,24546.2265625
2161,2024-11,1,chronos_2,46966.0,41128.21875
2176,2024-11,1,chronos_2,30728.0,26889.39453125
2187,2024-11,1,chronos_2,35760.0,29597.146484375
2194,2024-11,1,chronos_2,35735.0,30277.3828125
2196,2024-11,1,chronos_2,32067.0,24555.791015625
2208,2024-11,1,chronos_2,29742.0,25872.431640625
2232,2024-11,1,chronos_2,46210.0,38220.71875
2259,2024-11,1,chronos_2,23858.0,21062.31640625
2265,2024-11,1,chronos_2,22214.0,18424.765625
2269,2024-11,1,chronos_2,21893.0,18413.29296875
2274,2024-11,1,chronos_2,26680.0,21496.47265625
2280,2024-11,1,chronos_2,39129.0,33249.15625
2316,2024-11,1,chronos_2,32701.0,28051.376953125
2318,2024-11,1,chronos_2,45947.0,39960.13671875
2320,2024-11,1,chronos_2,39801.0,34755.890625
2324,2024-11,1,chronos_2,29690.0,25381.89453125
2343,2024-11,1,chronos_2,41159.0,33875.8046875
2345,2024-11,1,chronos_2,75056.0,58018.46875
2374,2024-11,1,chronos_2,59962.0,53094.8046875
2375,2024-11,1,chronos_2,58887.0,51226.6328125
2391,2024-11,1,chronos_2,49221.0,43633.34765625
2395,2024-11,1,chronos_2,45845.0,40639.33203125
2403,2024-11,1,chronos_2,53129.0,45937.4453125
2406,2024-11,1,chronos_2,56497.0,48963.82421875
2411,2024-11,1,chronos_2,56968.0,49086.10546875
2426,2024-11,1,chronos_2,58084.0,50650.875
2441,2024-11,1,chronos_2,70917.0,62478.94140625
2444,2024-11,1,chronos_2,79505.0,71485.53125
2465,2024-11,1,chronos_2,51374.0,45188.62890625
2474,2024-11,1,chronos_2,56852.0,49184.171875
2490,2024-11,1,chronos_2,68709.0,59145.1171875
2495,2024-11,1,chronos_2,78197.0,69035.78125
2498,2024-11,1,chronos_2,60924.0,52372.87890625
2500,2024-11,1,chronos_2,61151.0,53345.6953125
2503,2024-11,1,chronos_2,71895.0,63199.0
2531,2024-11,1,chronos_2,66597.0,57449.37109375
2536,2024-11,1,chronos_2,76256.0,66784.1875
2539,2024-11,1,chronos_2,67626.0,58235.90625
2552,2024-11,1,chronos_2,58729.0,50114.83984375
2554,2024-11,1,chronos_2,55431.0,48456.94921875
2555,2024-11,1,chronos_2,64586.0,56337.2109375
2556,2024-11,1,chronos_2,58134.0,50280.4375
2560,2024-11,1,chronos_2,62968.0,54978.06640625
2582,2024-11,1,chronos_2,57644.0,49360.5703125
2589,2024-11,1,chronos_2,76742.0,66315.9609375
2590,2024-11,1,chronos_2,63598.0,55517.27734375
2605,2024-11,1,chronos_2,72779.0,63015.41796875
2620,2024-11,1,chronos_2,43851.0,37312.234375
2647,2024-11,1,chronos_2,42109.0,36493.99609375
