territory_id,origin,target,horizon,region_code,origin_end,target_start,target_end,announced_rate_pct,announcements_90d,seasonal_claims_eligible,weather_warnings_eligible,warm_temperature_claims_eligible,warm_precipitation_claims_eligible
12,2023-12,2024-12,12,4,2023-12-31,2024-12-01,2024-12-31,16.0,2.0,0,0,0,0
12,2024-06,2024-07,1,4,2024-06-30,2024-07-01,2024-07-31,16.0,2.0,0,0,0,0
12,2024-06,2024-09,3,4,2024-06-30,2024-09-01,2024-09-30,16.0,2.0,0,0,0,0
12,2024-06,2024-12,6,4,2024-06-30,2024-12-01,2024-12-31,16.0,2.0,0,0,0,0
12,2024-07,2024-08,1,4,2024-07-31,2024-08-01,2024-08-31,18.0,2.0,0,0,0,0
12,2024-07,2024-10,3,4,2024-07-31,2024-10-01,2024-10-31,18.0,2.0,0,0,0,0
12,2024-08,2024-09,1,4,2024-08-31,2024-09-01,2024-09-30,18.0,2.0,0,0,0,0
12,2024-08,2024-11,3,4,2024-08-31,2024-11-01,2024-11-30,18.0,2.0,0,0,0,0
12,2024-09,2024-10,1,4,2024-09-30,2024-10-01,2024-10-31,19.0,2.0,0,0,0,0
12,2024-09,2024-12,3,4,2024-09-30,2024-12-01,2024-12-31,19.0,2.0,0,0,0,0
12,2024-10,2024-11,1,4,2024-10-31,2024-11-01,2024-11-30,21.0,2.0,0,0,0,0
12,2024-11,2024-12,1,4,2024-11-30,2024-12-01,2024-12-31,21.0,2.0,0,0,0,0
21,2023-12,2024-12,12,2,2023-12-31,2024-12-01,2024-12-31,16.0,2.0,0,0,0,0
21,2024-06,2024-07,1,2,2024-06-30,2024-07-01,2024-07-31,16.0,2.0,0,0,0,0
21,2024-06,2024-09,3,2,2024-06-30,2024-09-01,2024-09-30,16.0,2.0,0,0,0,0
21,2024-06,2024-12,6,2,2024-06-30,2024-12-01,2024-12-31,16.0,2.0,0,0,0,0
21,2024-07,2024-08,1,2,2024-07-31,2024-08-01,2024-08-31,18.0,2.0,0,0,0,0
21,2024-07,2024-10,3,2,2024-07-31,2024-10-01,2024-10-31,18.0,2.0,0,0,0,0
21,2024-08,2024-09,1,2,2024-08-31,2024-09-01,2024-09-30,18.0,2.0,0,0,0,0
21,2024-08,2024-11,3,2,2024-08-31,2024-11-01,2024-11-30,18.0,2.0,0,0,0,0
21,2024-09,2024-10,1,2,2024-09-30,2024-10-01,2024-10-31,19.0,2.0,0,0,0,0
21,2024-09,2024-12,3,2,2024-09-30,2024-12-01,2024-12-31,19.0,2.0,0,0,0,0
21,2024-10,2024-11,1,2,2024-10-31,2024-11-01,2024-11-30,21.0,2.0,0,0,0,0
21,2024-11,2024-12,1,2,2024-11-30,2024-12-01,2024-12-31,21.0,2.0,0,0,0,0
43,2023-12,2024-12,12,2,2023-12-31,2024-12-01,2024-12-31,16.0,2.0,0,0,0,0
43,2024-06,2024-07,1,2,2024-06-30,2024-07-01,2024-07-31,16.0,2.0,0,0,0,0
43,2024-06,2024-09,3,2,2024-06-30,2024-09-01,2024-09-30,16.0,2.0,0,0,0,0
43,2024-06,2024-12,6,2,2024-06-30,2024-12-01,2024-12-31,16.0,2.0,0,0,0,0
43,2024-07,2024-08,1,2,2024-07-31,2024-08-01,2024-08-31,18.0,2.0,0,0,0,0
43,2024-07,2024-10,3,2,2024-07-31,2024-10-01,2024-10-31,18.0,2.0,0,0,0,0
43,2024-08,2024-09,1,2,2024-08-31,2024-09-01,2024-09-30,18.0,2.0,0,0,0,0
43,2024-08,2024-11,3,2,2024-08-31,2024-11-01,2024-11-30,18.0,2.0,0,0,0,0
43,2024-09,2024-10,1,2,2024-09-30,2024-10-01,2024-10-31,19.0,2.0,0,0,0,0
43,2024-09,2024-12,3,2,2024-09-30,2024-12-01,2024-12-31,19.0,2.0,0,0,0,0
43,2024-10,2024-11,1,2,2024-10-31,2024-11-01,2024-11-30,21.0,2.0,0,0,0,0
43,2024-11,2024-12,1,2,2024-11-30,2024-12-01,2024-12-31,21.0,2.0,0,0,0,0
50,2023-12,2024-12,12,2,2023-12-31,2024-12-01,2024-12-31,16.0,2.0,0,0,0,0
50,2024-06,2024-07,1,2,2024-06-30,2024-07-01,2024-07-31,16.0,2.0,0,0,0,0
50,2024-06,2024-09,3,2,2024-06-30,2024-09-01,2024-09-30,16.0,2.0,0,0,0,0
50,2024-06,2024-12,6,2,2024-06-30,2024-12-01,2024-12-31,16.0,2.0,0,0,0,0
50,2024-07,2024-08,1,2,2024-07-31,2024-08-01,2024-08-31,18.0,2.0,0,0,0,0
50,2024-07,2024-10,3,2,2024-07-31,2024-10-01,2024-10-31,18.0,2.0,0,0,0,0
50,2024-08,2024-09,1,2,2024-08-31,2024-09-01,2024-09-30,18.0,2.0,0,0,0,0
50,2024-08,2024-11,3,2,2024-08-31,2024-11-01,2024-11-30,18.0,2.0,0,0,0,0
50,2024-09,2024-10,1,2,2024-09-30,2024-10-01,2024-10-31,19.0,2.0,0,0,0,0
50,2024-09,2024-12,3,2,2024-09-30,2024-12-01,2024-12-31,19.0,2.0,0,0,0,0
50,2024-10,2024-11,1,2,2024-10-31,2024-11-01,2024-11-30,21.0,2.0,0,0,0,0
50,2024-11,2024-12,1,2,2024-11-30,2024-12-01,2024-12-31,21.0,2.0,0,0,0,0
58,2023-12,2024-12,12,2,2023-12-31,2024-12-01,2024-12-31,16.0,2.0,0,0,0,0
58,2024-06,2024-07,1,2,2024-06-30,2024-07-01,2024-07-31,16.0,2.0,0,0,0,0
58,2024-06,2024-09,3,2,2024-06-30,2024-09-01,2024-09-30,16.0,2.0,0,0,0,0
58,2024-06,2024-12,6,2,2024-06-30,2024-12-01,2024-12-31,16.0,2.0,0,0,0,0
58,2024-07,2024-08,1,2,2024-07-31,2024-08-01,2024-08-31,18.0,2.0,0,0,0,0
58,2024-07,2024-10,3,2,2024-07-31,2024-10-01,2024-10-31,18.0,2.0,0,0,0,0
58,2024-08,2024-09,1,2,2024-08-31,2024-09-01,2024-09-30,18.0,2.0,0,0,0,0
58,2024-08,2024-11,3,2,2024-08-31,2024-11-01,2024-11-30,18.0,2.0,0,0,0,0
58,2024-09,2024-10,1,2,2024-09-30,2024-10-01,2024-10-31,19.0,2.0,0,0,0,0
58,2024-09,2024-12,3,2,2024-09-30,2024-12-01,2024-12-31,19.0,2.0,0,0,0,0
58,2024-10,2024-11,1,2,2024-10-31,2024-11-01,2024-11-30,21.0,2.0,0,0,0,0
58,2024-11,2024-12,1,2,2024-11-30,2024-12-01,2024-12-31,21.0,2.0,0,0,0,0
83,2023-12,2024-12,12,2,2023-12-31,2024-12-01,2024-12-31,16.0,2.0,0,0,0,0
83,2024-06,2024-07,1,2,2024-06-30,2024-07-01,2024-07-31,16.0,2.0,0,0,0,0
83,2024-06,2024-09,3,2,2024-06-30,2024-09-01,2024-09-30,16.0,2.0,0,0,0,0
83,2024-06,2024-12,6,2,2024-06-30,2024-12-01,2024-12-31,16.0,2.0,0,0,0,0
83,2024-07,2024-08,1,2,2024-07-31,2024-08-01,2024-08-31,18.0,2.0,0,0,0,0
83,2024-07,2024-10,3,2,2024-07-31,2024-10-01,2024-10-31,18.0,2.0,0,0,0,0
83,2024-08,2024-09,1,2,2024-08-31,2024-09-01,2024-09-30,18.0,2.0,0,0,0,0
83,2024-08,2024-11,3,2,2024-08-31,2024-11-01,2024-11-30,18.0,2.0,0,0,0,0
83,2024-09,2024-10,1,2,2024-09-30,2024-10-01,2024-10-31,19.0,2.0,0,0,0,0
83,2024-09,2024-12,3,2,2024-09-30,2024-12-01,2024-12-31,19.0,2.0,0,0,0,0
83,2024-10,2024-11,1,2,2024-10-31,2024-11-01,2024-11-30,21.0,2.0,0,0,0,0
83,2024-11,2024-12,1,2,2024-11-30,2024-12-01,2024-12-31,21.0,2.0,0,0,0,0
205,2023-12,2024-12,12,9,2023-12-31,2024-12-01,2024-12-31,16.0,2.0,0,0,0,0
205,2024-06,2024-07,1,9,2024-06-30,2024-07-01,2024-07-31,16.0,2.0,0,0,0,0
205,2024-06,2024-09,3,9,2024-06-30,2024-09-01,2024-09-30,16.0,2.0,0,0,0,0
205,2024-06,2024-12,6,9,2024-06-30,2024-12-01,2024-12-31,16.0,2.0,0,0,0,0
205,2024-07,2024-08,1,9,2024-07-31,2024-08-01,2024-08-31,18.0,2.0,0,0,0,0
205,2024-07,2024-10,3,9,2024-07-31,2024-10-01,2024-10-31,18.0,2.0,0,0,0,0
205,2024-08,2024-09,1,9,2024-08-31,2024-09-01,2024-09-30,18.0,2.0,0,0,0,0
205,2024-08,2024-11,3,9,2024-08-31,2024-11-01,2024-11-30,18.0,2.0,0,0,0,0
205,2024-09,2024-10,1,9,2024-09-30,2024-10-01,2024-10-31,19.0,2.0,0,0,0,0
205,2024-09,2024-12,3,9,2024-09-30,2024-12-01,2024-12-31,19.0,2.0,0,0,0,0
205,2024-10,2024-11,1,9,2024-10-31,2024-11-01,2024-11-30,21.0,2.0,0,0,0,0
205,2024-11,2024-12,1,9,2024-11-30,2024-12-01,2024-12-31,21.0,2.0,0,0,0,0
210,2023-12,2024-12,12,10,2023-12-31,2024-12-01,2024-12-31,16.0,2.0,0,0,0,0
210,2024-06,2024-07,1,10,2024-06-30,2024-07-01,2024-07-31,16.0,2.0,0,0,0,0
210,2024-06,2024-09,3,10,2024-06-30,2024-09-01,2024-09-30,16.0,2.0,0,0,0,0
210,2024-06,2024-12,6,10,2024-06-30,2024-12-01,2024-12-31,16.0,2.0,0,0,0,0
210,2024-07,2024-08,1,10,2024-07-31,2024-08-01,2024-08-31,18.0,2.0,0,0,0,0
210,2024-07,2024-10,3,10,2024-07-31,2024-10-01,2024-10-31,18.0,2.0,0,0,0,0
210,2024-08,2024-09,1,10,2024-08-31,2024-09-01,2024-09-30,18.0,2.0,0,0,0,0
210,2024-08,2024-11,3,10,2024-08-31,2024-11-01,2024-11-30,18.0,2.0,0,0,0,0
210,2024-09,2024-10,1,10,2024-09-30,2024-10-01,2024-10-31,19.0,2.0,0,0,0,0
210,2024-09,2024-12,3,10,2024-09-30,2024-12-01,2024-12-31,19.0,2.0,0,0,0,0
210,2024-10,2024-11,1,10,2024-10-31,2024-11-01,2024-11-30,21.0,2.0,0,0,0,0
210,2024-11,2024-12,1,10,2024-11-30,2024-12-01,2024-12-31,21.0,2.0,0,0,0,0
220,2023-12,2024-12,12,10,2023-12-31,2024-12-01,2024-12-31,16.0,2.0,0,0,0,0
220,2024-06,2024-07,1,10,2024-06-30,2024-07-01,2024-07-31,16.0,2.0,0,0,0,0
220,2024-06,2024-09,3,10,2024-06-30,2024-09-01,2024-09-30,16.0,2.0,0,0,0,0
220,2024-06,2024-12,6,10,2024-06-30,2024-12-01,2024-12-31,16.0,2.0,0,0,0,0
220,2024-07,2024-08,1,10,2024-07-31,2024-08-01,2024-08-31,18.0,2.0,0,0,0,0
220,2024-07,2024-10,3,10,2024-07-31,2024-10-01,2024-10-31,18.0,2.0,0,0,0,0
220,2024-08,2024-09,1,10,2024-08-31,2024-09-01,2024-09-30,18.0,2.0,0,0,0,0
220,2024-08,2024-11,3,10,2024-08-31,2024-11-01,2024-11-30,18.0,2.0,0,0,0,0
220,2024-09,2024-10,1,10,2024-09-30,2024-10-01,2024-10-31,19.0,2.0,0,0,0,0
220,2024-09,2024-12,3,10,2024-09-30,2024-12-01,2024-12-31,19.0,2.0,0,0,0,0
220,2024-10,2024-11,1,10,2024-10-31,2024-11-01,2024-11-30,21.0,2.0,0,0,0,0
220,2024-11,2024-12,1,10,2024-11-30,2024-12-01,2024-12-31,21.0,2.0,0,0,0,0
225,2023-12,2024-12,12,11,2023-12-31,2024-12-01,2024-12-31,16.0,2.0,0,0,0,0
225,2024-06,2024-07,1,11,2024-06-30,2024-07-01,2024-07-31,16.0,2.0,0,0,0,0
225,2024-06,2024-09,3,11,2024-06-30,2024-09-01,2024-09-30,16.0,2.0,0,0,0,0
225,2024-06,2024-12,6,11,2024-06-30,2024-12-01,2024-12-31,16.0,2.0,0,0,0,0
225,2024-07,2024-08,1,11,2024-07-31,2024-08-01,2024-08-31,18.0,2.0,0,0,0,0
225,2024-07,2024-10,3,11,2024-07-31,2024-10-01,2024-10-31,18.0,2.0,0,0,0,0
225,2024-08,2024-09,1,11,2024-08-31,2024-09-01,2024-09-30,18.0,2.0,0,0,0,0
225,2024-08,2024-11,3,11,2024-08-31,2024-11-01,2024-11-30,18.0,2.0,0,0,0,0
225,2024-09,2024-10,1,11,2024-09-30,2024-10-01,2024-10-31,19.0,2.0,0,0,0,0
225,2024-09,2024-12,3,11,2024-09-30,2024-12-01,2024-12-31,19.0,2.0,0,0,0,0
225,2024-10,2024-11,1,11,2024-10-31,2024-11-01,2024-11-30,21.0,2.0,0,0,0,0
225,2024-11,2024-12,1,11,2024-11-30,2024-12-01,2024-12-31,21.0,2.0,0,0,0,0
236,2023-12,2024-12,12,11,2023-12-31,2024-12-01,2024-12-31,16.0,2.0,0,0,0,0
236,2024-06,2024-07,1,11,2024-06-30,2024-07-01,2024-07-31,16.0,2.0,0,0,0,0
236,2024-06,2024-09,3,11,2024-06-30,2024-09-01,2024-09-30,16.0,2.0,0,0,0,0
236,2024-06,2024-12,6,11,2024-06-30,2024-12-01,2024-12-31,16.0,2.0,0,0,0,0
236,2024-07,2024-08,1,11,2024-07-31,2024-08-01,2024-08-31,18.0,2.0,0,0,0,0
236,2024-07,2024-10,3,11,2024-07-31,2024-10-01,2024-10-31,18.0,2.0,0,0,0,0
236,2024-08,2024-09,1,11,2024-08-31,2024-09-01,2024-09-30,18.0,2.0,0,0,0,0
236,2024-08,2024-11,3,11,2024-08-31,2024-11-01,2024-11-30,18.0,2.0,0,0,0,0
236,2024-09,2024-10,1,11,2024-09-30,2024-10-01,2024-10-31,19.0,2.0,0,0,0,0
236,2024-09,2024-12,3,11,2024-09-30,2024-12-01,2024-12-31,19.0,2.0,0,0,0,0
236,2024-10,2024-11,1,11,2024-10-31,2024-11-01,2024-11-30,21.0,2.0,0,0,0,0
236,2024-11,2024-12,1,11,2024-11-30,2024-12-01,2024-12-31,21.0,2.0,0,0,0,0
242,2023-12,2024-12,12,11,2023-12-31,2024-12-01,2024-12-31,16.0,2.0,0,0,0,0
242,2024-06,2024-07,1,11,2024-06-30,2024-07-01,2024-07-31,16.0,2.0,0,0,0,0
242,2024-06,2024-09,3,11,2024-06-30,2024-09-01,2024-09-30,16.0,2.0,0,0,0,0
242,2024-06,2024-12,6,11,2024-06-30,2024-12-01,2024-12-31,16.0,2.0,0,0,0,0
242,2024-07,2024-08,1,11,2024-07-31,2024-08-01,2024-08-31,18.0,2.0,0,0,0,0
242,2024-07,2024-10,3,11,2024-07-31,2024-10-01,2024-10-31,18.0,2.0,0,0,0,0
242,2024-08,2024-09,1,11,2024-08-31,2024-09-01,2024-09-30,18.0,2.0,0,0,0,0
242,2024-08,2024-11,3,11,2024-08-31,2024-11-01,2024-11-30,18.0,2.0,0,0,0,0
242,2024-09,2024-10,1,11,2024-09-30,2024-10-01,2024-10-31,19.0,2.0,0,0,0,0
242,2024-09,2024-12,3,11,2024-09-30,2024-12-01,2024-12-31,19.0,2.0,0,0,0,0
242,2024-10,2024-11,1,11,2024-10-31,2024-11-01,2024-11-30,21.0,2.0,0,0,0,0
242,2024-11,2024-12,1,11,2024-11-30,2024-12-01,2024-12-31,21.0,2.0,0,0,0,0
275,2023-12,2024-12,12,12,2023-12-31,2024-12-01,2024-12-31,16.0,2.0,0,0,0,0
275,2024-06,2024-07,1,12,2024-06-30,2024-07-01,2024-07-31,16.0,2.0,0,0,0,0
275,2024-06,2024-09,3,12,2024-06-30,2024-09-01,2024-09-30,16.0,2.0,0,0,0,0
275,2024-06,2024-12,6,12,2024-06-30,2024-12-01,2024-12-31,16.0,2.0,0,0,0,0
275,2024-07,2024-08,1,12,2024-07-31,2024-08-01,2024-08-31,18.0,2.0,0,0,0,0
275,2024-07,2024-10,3,12,2024-07-31,2024-10-01,2024-10-31,18.0,2.0,0,0,0,0
275,2024-08,2024-09,1,12,2024-08-31,2024-09-01,2024-09-30,18.0,2.0,0,0,0,0
275,2024-08,2024-11,3,12,2024-08-31,2024-11-01,2024-11-30,18.0,2.0,0,0,0,0
275,2024-09,2024-10,1,12,2024-09-30,2024-10-01,2024-10-31,19.0,2.0,0,0,0,0
275,2024-09,2024-12,3,12,2024-09-30,2024-12-01,2024-12-31,19.0,2.0,0,0,0,0
275,2024-10,2024-11,1,12,2024-10-31,2024-11-01,2024-11-30,21.0,2.0,0,0,0,0
275,2024-11,2024-12,1,12,2024-11-30,2024-12-01,2024-12-31,21.0,2.0,0,0,0,0
278,2023-12,2024-12,12,12,2023-12-31,2024-12-01,2024-12-31,16.0,2.0,0,0,0,0
278,2024-06,2024-07,1,12,2024-06-30,2024-07-01,2024-07-31,16.0,2.0,0,0,0,0
278,2024-06,2024-09,3,12,2024-06-30,2024-09-01,2024-09-30,16.0,2.0,0,0,0,0
278,2024-06,2024-12,6,12,2024-06-30,2024-12-01,2024-12-31,16.0,2.0,0,0,0,0
278,2024-07,2024-08,1,12,2024-07-31,2024-08-01,2024-08-31,18.0,2.0,0,0,0,0
278,2024-07,2024-10,3,12,2024-07-31,2024-10-01,2024-10-31,18.0,2.0,0,0,0,0
278,2024-08,2024-09,1,12,2024-08-31,2024-09-01,2024-09-30,18.0,2.0,0,0,0,0
278,2024-08,2024-11,3,12,2024-08-31,2024-11-01,2024-11-30,18.0,2.0,0,0,0,0
278,2024-09,2024-10,1,12,2024-09-30,2024-10-01,2024-10-31,19.0,2.0,0,0,0,0
278,2024-09,2024-12,3,12,2024-09-30,2024-12-01,2024-12-31,19.0,2.0,0,0,0,0
278,2024-10,2024-11,1,12,2024-10-31,2024-11-01,2024-11-30,21.0,2.0,0,0,0,0
278,2024-11,2024-12,1,12,2024-11-30,2024-12-01,2024-12-31,21.0,2.0,0,0,0,0
292,2023-12,2024-12,12,13,2023-12-31,2024-12-01,2024-12-31,16.0,2.0,0,0,0,0
292,2024-06,2024-07,1,13,2024-06-30,2024-07-01,2024-07-31,16.0,2.0,0,0,0,0
292,2024-06,2024-09,3,13,2024-06-30,2024-09-01,2024-09-30,16.0,2.0,0,0,0,0
292,2024-06,2024-12,6,13,2024-06-30,2024-12-01,2024-12-31,16.0,2.0,0,0,0,0
292,2024-07,2024-08,1,13,2024-07-31,2024-08-01,2024-08-31,18.0,2.0,0,0,0,0
292,2024-07,2024-10,3,13,2024-07-31,2024-10-01,2024-10-31,18.0,2.0,0,0,0,0
292,2024-08,2024-09,1,13,2024-08-31,2024-09-01,2024-09-30,18.0,2.0,0,0,0,0
292,2024-08,2024-11,3,13,2024-08-31,2024-11-01,2024-11-30,18.0,2.0,0,0,0,0
292,2024-09,2024-10,1,13,2024-09-30,2024-10-01,2024-10-31,19.0,2.0,0,0,0,0
292,2024-09,2024-12,3,13,2024-09-30,2024-12-01,2024-12-31,19.0,2.0,0,0,0,0
292,2024-10,2024-11,1,13,2024-10-31,2024-11-01,2024-11-30,21.0,2.0,0,0,0,0
292,2024-11,2024-12,1,13,2024-11-30,2024-12-01,2024-12-31,21.0,2.0,0,0,0,0
306,2023-12,2024-12,12,13,2023-12-31,2024-12-01,2024-12-31,16.0,2.0,0,0,0,0
306,2024-06,2024-07,1,13,2024-06-30,2024-07-01,2024-07-31,16.0,2.0,0,0,0,0
306,2024-06,2024-09,3,13,2024-06-30,2024-09-01,2024-09-30,16.0,2.0,0,0,0,0
306,2024-06,2024-12,6,13,2024-06-30,2024-12-01,2024-12-31,16.0,2.0,0,0,0,0
306,2024-07,2024-08,1,13,2024-07-31,2024-08-01,2024-08-31,18.0,2.0,0,0,0,0
306,2024-07,2024-10,3,13,2024-07-31,2024-10-01,2024-10-31,18.0,2.0,0,0,0,0
306,2024-08,2024-09,1,13,2024-08-31,2024-09-01,2024-09-30,18.0,2.0,0,0,0,0
306,2024-08,2024-11,3,13,2024-08-31,2024-11-01,2024-11-30,18.0,2.0,0,0,0,0
306,2024-09,2024-10,1,13,2024-09-30,2024-10-01,2024-10-31,19.0,2.0,0,0,0,0
306,2024-09,2024-12,3,13,2024-09-30,2024-12-01,2024-12-31,19.0,2.0,0,0,0,0
306,2024-10,2024-11,1,13,2024-10-31,2024-11-01,2024-11-30,21.0,2.0,0,0,0,0
306,2024-11,2024-12,1,13,2024-11-30,2024-12-01,2024-12-31,21.0,2.0,0,0,0,0
316,2023-12,2024-12,12,14,2023-12-31,2024-12-01,2024-12-31,16.0,2.0,0,0,0,0
316,2024-06,2024-07,1,14,2024-06-30,2024-07-01,2024-07-31,16.0,2.0,0,0,0,0
316,2024-06,2024-09,3,14,2024-06-30,2024-09-01,2024-09-30,16.0,2.0,0,0,0,0
316,2024-06,2024-12,6,14,2024-06-30,2024-12-01,2024-12-31,16.0,2.0,0,0,0,0
316,2024-07,2024-08,1,14,2024-07-31,2024-08-01,2024-08-31,18.0,2.0,0,0,0,0
316,2024-07,2024-10,3,14,2024-07-31,2024-10-01,2024-10-31,18.0,2.0,0,0,0,0
316,2024-08,2024-09,1,14,2024-08-31,2024-09-01,2024-09-30,18.0,2.0,0,0,0,0
316,2024-08,2024-11,3,14,2024-08-31,2024-11-01,2024-11-30,18.0,2.0,0,0,0,0
316,2024-09,2024-10,1,14,2024-09-30,2024-10-01,2024-10-31,19.0,2.0,0,0,0,0
316,2024-09,2024-12,3,14,2024-09-30,2024-12-01,2024-12-31,19.0,2.0,0,0,0,0
316,2024-10,2024-11,1,14,2024-10-31,2024-11-01,2024-11-30,21.0,2.0,0,0,0,0
316,2024-11,2024-12,1,14,2024-11-30,2024-12-01,2024-12-31,21.0,2.0,0,0,0,0
329,2023-12,2024-12,12,14,2023-12-31,2024-12-01,2024-12-31,16.0,2.0,0,0,0,0
329,2024-06,2024-07,1,14,2024-06-30,2024-07-01,2024-07-31,16.0,2.0,0,0,0,0
329,2024-06,2024-09,3,14,2024-06-30,2024-09-01,2024-09-30,16.0,2.0,0,0,0,0
329,2024-06,2024-12,6,14,2024-06-30,2024-12-01,2024-12-31,16.0,2.0,0,0,0,0
329,2024-07,2024-08,1,14,2024-07-31,2024-08-01,2024-08-31,18.0,2.0,0,0,0,0
329,2024-07,2024-10,3,14,2024-07-31,2024-10-01,2024-10-31,18.0,2.0,0,0,0,0
329,2024-08,2024-09,1,14,2024-08-31,2024-09-01,2024-09-30,18.0,2.0,0,0,0,0
329,2024-08,2024-11,3,14,2024-08-31,2024-11-01,2024-11-30,18.0,2.0,0,0,0,0
329,2024-09,2024-10,1,14,2024-09-30,2024-10-01,2024-10-31,19.0,2.0,0,0,0,0
329,2024-09,2024-12,3,14,2024-09-30,2024-12-01,2024-12-31,19.0,2.0,0,0,0,0
329,2024-10,2024-11,1,14,2024-10-31,2024-11-01,2024-11-30,21.0,2.0,0,0,0,0
329,2024-11,2024-12,1,14,2024-11-30,2024-12-01,2024-12-31,21.0,2.0,0,0,0,0
332,2023-12,2024-12,12,14,2023-12-31,2024-12-01,2024-12-31,16.0,2.0,0,0,0,0
332,2024-06,2024-07,1,14,2024-06-30,2024-07-01,2024-07-31,16.0,2.0,0,0,0,0
332,2024-06,2024-09,3,14,2024-06-30,2024-09-01,2024-09-30,16.0,2.0,0,0,0,0
332,2024-06,2024-12,6,14,2024-06-30,2024-12-01,2024-12-31,16.0,2.0,0,0,0,0
332,2024-07,2024-08,1,14,2024-07-31,2024-08-01,2024-08-31,18.0,2.0,0,0,0,0
332,2024-07,2024-10,3,14,2024-07-31,2024-10-01,2024-10-31,18.0,2.0,0,0,0,0
332,2024-08,2024-09,1,14,2024-08-31,2024-09-01,2024-09-30,18.0,2.0,0,0,0,0
332,2024-08,2024-11,3,14,2024-08-31,2024-11-01,2024-11-30,18.0,2.0,0,0,0,0
332,2024-09,2024-10,1,14,2024-09-30,2024-10-01,2024-10-31,19.0,2.0,0,0,0,0
332,2024-09,2024-12,3,14,2024-09-30,2024-12-01,2024-12-31,19.0,2.0,0,0,0,0
332,2024-10,2024-11,1,14,2024-10-31,2024-11-01,2024-11-30,21.0,2.0,0,0,0,0
332,2024-11,2024-12,1,14,2024-11-30,2024-12-01,2024-12-31,21.0,2.0,0,0,0,0
363,2023-12,2024-12,12,16,2023-12-31,2024-12-01,2024-12-31,16.0,2.0,0,0,0,0
363,2024-06,2024-07,1,16,2024-06-30,2024-07-01,2024-07-31,16.0,2.0,0,0,0,0
363,2024-06,2024-09,3,16,2024-06-30,2024-09-01,2024-09-30,16.0,2.0,0,0,0,0
363,2024-06,2024-12,6,16,2024-06-30,2024-12-01,2024-12-31,16.0,2.0,0,0,0,0
363,2024-07,2024-08,1,16,2024-07-31,2024-08-01,2024-08-31,18.0,2.0,0,0,0,0
363,2024-07,2024-10,3,16,2024-07-31,2024-10-01,2024-10-31,18.0,2.0,0,0,0,0
363,2024-08,2024-09,1,16,2024-08-31,2024-09-01,2024-09-30,18.0,2.0,0,0,0,0
363,2024-08,2024-11,3,16,2024-08-31,2024-11-01,2024-11-30,18.0,2.0,0,0,0,0
363,2024-09,2024-10,1,16,2024-09-30,2024-10-01,2024-10-31,19.0,2.0,0,0,0,0
363,2024-09,2024-12,3,16,2024-09-30,2024-12-01,2024-12-31,19.0,2.0,0,0,0,0
363,2024-10,2024-11,1,16,2024-10-31,2024-11-01,2024-11-30,21.0,2.0,0,0,0,0
363,2024-11,2024-12,1,16,2024-11-30,2024-12-01,2024-12-31,21.0,2.0,0,0,0,0
365,2023-12,2024-12,12,16,2023-12-31,2024-12-01,2024-12-31,16.0,2.0,0,0,0,0
365,2024-06,2024-07,1,16,2024-06-30,2024-07-01,2024-07-31,16.0,2.0,0,0,0,0
365,2024-06,2024-09,3,16,2024-06-30,2024-09-01,2024-09-30,16.0,2.0,0,0,0,0
365,2024-06,2024-12,6,16,2024-06-30,2024-12-01,2024-12-31,16.0,2.0,0,0,0,0
365,2024-07,2024-08,1,16,2024-07-31,2024-08-01,2024-08-31,18.0,2.0,0,0,0,0
365,2024-07,2024-10,3,16,2024-07-31,2024-10-01,2024-10-31,18.0,2.0,0,0,0,0
365,2024-08,2024-09,1,16,2024-08-31,2024-09-01,2024-09-30,18.0,2.0,0,0,0,0
365,2024-08,2024-11,3,16,2024-08-31,2024-11-01,2024-11-30,18.0,2.0,0,0,0,0
365,2024-09,2024-10,1,16,2024-09-30,2024-10-01,2024-10-31,19.0,2.0,0,0,0,0
365,2024-09,2024-12,3,16,2024-09-30,2024-12-01,2024-12-31,19.0,2.0,0,0,0,0
365,2024-10,2024-11,1,16,2024-10-31,2024-11-01,2024-11-30,21.0,2.0,0,0,0,0
365,2024-11,2024-12,1,16,2024-11-30,2024-12-01,2024-12-31,21.0,2.0,0,0,0,0
372,2023-12,2024-12,12,16,2023-12-31,2024-12-01,2024-12-31,16.0,2.0,0,0,0,0
372,2024-06,2024-07,1,16,2024-06-30,2024-07-01,2024-07-31,16.0,2.0,0,0,0,0
372,2024-06,2024-09,3,16,2024-06-30,2024-09-01,2024-09-30,16.0,2.0,0,0,0,0
372,2024-06,2024-12,6,16,2024-06-30,2024-12-01,2024-12-31,16.0,2.0,0,0,0,0
372,2024-07,2024-08,1,16,2024-07-31,2024-08-01,2024-08-31,18.0,2.0,0,0,0,0
372,2024-07,2024-10,3,16,2024-07-31,2024-10-01,2024-10-31,18.0,2.0,0,0,0,0
372,2024-08,2024-09,1,16,2024-08-31,2024-09-01,2024-09-30,18.0,2.0,0,0,0,0
372,2024-08,2024-11,3,16,2024-08-31,2024-11-01,2024-11-30,18.0,2.0,0,0,0,0
372,2024-09,2024-10,1,16,2024-09-30,2024-10-01,2024-10-31,19.0,2.0,0,0,0,0
372,2024-09,2024-12,3,16,2024-09-30,2024-12-01,2024-12-31,19.0,2.0,0,0,0,0
372,2024-10,2024-11,1,16,2024-10-31,2024-11-01,2024-11-30,21.0,2.0,0,0,0,0
372,2024-11,2024-12,1,16,2024-11-30,2024-12-01,2024-12-31,21.0,2.0,0,0,0,0
384,2023-12,2024-12,12,16,2023-12-31,2024-12-01,2024-12-31,16.0,2.0,0,0,0,0
384,2024-06,2024-07,1,16,2024-06-30,2024-07-01,2024-07-31,16.0,2.0,0,0,0,0
384,2024-06,2024-09,3,16,2024-06-30,2024-09-01,2024-09-30,16.0,2.0,0,0,0,0
384,2024-06,2024-12,6,16,2024-06-30,2024-12-01,2024-12-31,16.0,2.0,0,0,0,0
384,2024-07,2024-08,1,16,2024-07-31,2024-08-01,2024-08-31,18.0,2.0,0,0,0,0
384,2024-07,2024-10,3,16,2024-07-31,2024-10-01,2024-10-31,18.0,2.0,0,0,0,0
384,2024-08,2024-09,1,16,2024-08-31,2024-09-01,2024-09-30,18.0,2.0,0,0,0,0
384,2024-08,2024-11,3,16,2024-08-31,2024-11-01,2024-11-30,18.0,2.0,0,0,0,0
384,2024-09,2024-10,1,16,2024-09-30,2024-10-01,2024-10-31,19.0,2.0,0,0,0,0
384,2024-09,2024-12,3,16,2024-09-30,2024-12-01,2024-12-31,19.0,2.0,0,0,0,0
384,2024-10,2024-11,1,16,2024-10-31,2024-11-01,2024-11-30,21.0,2.0,0,0,0,0
384,2024-11,2024-12,1,16,2024-11-30,2024-12-01,2024-12-31,21.0,2.0,0,0,0,0
387,2023-12,2024-12,12,16,2023-12-31,2024-12-01,2024-12-31,16.0,2.0,0,0,0,0
387,2024-06,2024-07,1,16,2024-06-30,2024-07-01,2024-07-31,16.0,2.0,0,0,0,0
387,2024-06,2024-09,3,16,2024-06-30,2024-09-01,2024-09-30,16.0,2.0,0,0,0,0
387,2024-06,2024-12,6,16,2024-06-30,2024-12-01,2024-12-31,16.0,2.0,0,0,0,0
387,2024-07,2024-08,1,16,2024-07-31,2024-08-01,2024-08-31,18.0,2.0,0,0,0,0
387,2024-07,2024-10,3,16,2024-07-31,2024-10-01,2024-10-31,18.0,2.0,0,0,0,0
387,2024-08,2024-09,1,16,2024-08-31,2024-09-01,2024-09-30,18.0,2.0,0,0,0,0
387,2024-08,2024-11,3,16,2024-08-31,2024-11-01,2024-11-30,18.0,2.0,0,0,0,0
387,2024-09,2024-10,1,16,2024-09-30,2024-10-01,2024-10-31,19.0,2.0,0,0,0,0
387,2024-09,2024-12,3,16,2024-09-30,2024-12-01,2024-12-31,19.0,2.0,0,0,0,0
387,2024-10,2024-11,1,16,2024-10-31,2024-11-01,2024-11-30,21.0,2.0,0,0,0,0
387,2024-11,2024-12,1,16,2024-11-30,2024-12-01,2024-12-31,21.0,2.0,0,0,0,0
405,2023-12,2024-12,12,17,2023-12-31,2024-12-01,2024-12-31,16.0,2.0,0,0,0,0
405,2024-06,2024-07,1,17,2024-06-30,2024-07-01,2024-07-31,16.0,2.0,0,0,0,0
405,2024-06,2024-09,3,17,2024-06-30,2024-09-01,2024-09-30,16.0,2.0,0,0,0,1
405,2024-06,2024-12,6,17,2024-06-30,2024-12-01,2024-12-31,16.0,2.0,0,0,0,0
405,2024-07,2024-08,1,17,2024-07-31,2024-08-01,2024-08-31,18.0,2.0,0,0,0,0
405,2024-07,2024-10,3,17,2024-07-31,2024-10-01,2024-10-31,18.0,2.0,0,0,0,0
405,2024-08,2024-09,1,17,2024-08-31,2024-09-01,2024-09-30,18.0,2.0,0,0,0,1
405,2024-08,2024-11,3,17,2024-08-31,2024-11-01,2024-11-30,18.0,2.0,0,0,0,0
405,2024-09,2024-10,1,17,2024-09-30,2024-10-01,2024-10-31,19.0,2.0,0,0,0,0
405,2024-09,2024-12,3,17,2024-09-30,2024-12-01,2024-12-31,19.0,2.0,0,0,0,0
405,2024-10,2024-11,1,17,2024-10-31,2024-11-01,2024-11-30,21.0,2.0,0,0,0,0
405,2024-11,2024-12,1,17,2024-11-30,2024-12-01,2024-12-31,21.0,2.0,0,0,0,0
414,2023-12,2024-12,12,17,2023-12-31,2024-12-01,2024-12-31,16.0,2.0,0,0,0,0
414,2024-06,2024-07,1,17,2024-06-30,2024-07-01,2024-07-31,16.0,2.0,0,0,0,0
414,2024-06,2024-09,3,17,2024-06-30,2024-09-01,2024-09-30,16.0,2.0,0,0,0,1
414,2024-06,2024-12,6,17,2024-06-30,2024-12-01,2024-12-31,16.0,2.0,0,0,0,0
414,2024-07,2024-08,1,17,2024-07-31,2024-08-01,2024-08-31,18.0,2.0,0,0,0,0
414,2024-07,2024-10,3,17,2024-07-31,2024-10-01,2024-10-31,18.0,2.0,0,0,0,0
414,2024-08,2024-09,1,17,2024-08-31,2024-09-01,2024-09-30,18.0,2.0,0,0,0,1
414,2024-08,2024-11,3,17,2024-08-31,2024-11-01,2024-11-30,18.0,2.0,0,0,0,0
414,2024-09,2024-10,1,17,2024-09-30,2024-10-01,2024-10-31,19.0,2.0,0,0,0,0
414,2024-09,2024-12,3,17,2024-09-30,2024-12-01,2024-12-31,19.0,2.0,0,0,0,0
414,2024-10,2024-11,1,17,2024-10-31,2024-11-01,2024-11-30,21.0,2.0,0,0,0,0
414,2024-11,2024-12,1,17,2024-11-30,2024-12-01,2024-12-31,21.0,2.0,0,0,0,0
418,2023-12,2024-12,12,18,2023-12-31,2024-12-01,2024-12-31,16.0,2.0,0,0,0,0
418,2024-06,2024-07,1,18,2024-06-30,2024-07-01,2024-07-31,16.0,2.0,0,0,0,0
418,2024-06,2024-09,3,18,2024-06-30,2024-09-01,2024-09-30,16.0,2.0,0,0,0,0
418,2024-06,2024-12,6,18,2024-06-30,2024-12-01,2024-12-31,16.0,2.0,0,0,0,0
418,2024-07,2024-08,1,18,2024-07-31,2024-08-01,2024-08-31,18.0,2.0,0,0,0,0
418,2024-07,2024-10,3,18,2024-07-31,2024-10-01,2024-10-31,18.0,2.0,0,0,0,0
418,2024-08,2024-09,1,18,2024-08-31,2024-09-01,2024-09-30,18.0,2.0,0,0,0,0
418,2024-08,2024-11,3,18,2024-08-31,2024-11-01,2024-11-30,18.0,2.0,0,0,0,0
418,2024-09,2024-10,1,18,2024-09-30,2024-10-01,2024-10-31,19.0,2.0,0,0,0,0
418,2024-09,2024-12,3,18,2024-09-30,2024-12-01,2024-12-31,19.0,2.0,0,0,0,0
418,2024-10,2024-11,1,18,2024-10-31,2024-11-01,2024-11-30,21.0,2.0,0,0,0,0
418,2024-11,2024-12,1,18,2024-11-30,2024-12-01,2024-12-31,21.0,2.0,0,0,0,0
435,2023-12,2024-12,12,18,2023-12-31,2024-12-01,2024-12-31,16.0,2.0,0,0,0,0
435,2024-06,2024-07,1,18,2024-06-30,2024-07-01,2024-07-31,16.0,2.0,0,0,0,0
435,2024-06,2024-09,3,18,2024-06-30,2024-09-01,2024-09-30,16.0,2.0,0,0,0,0
435,2024-06,2024-12,6,18,2024-06-30,2024-12-01,2024-12-31,16.0,2.0,0,0,0,0
435,2024-07,2024-08,1,18,2024-07-31,2024-08-01,2024-08-31,18.0,2.0,0,0,0,0
435,2024-07,2024-10,3,18,2024-07-31,2024-10-01,2024-10-31,18.0,2.0,0,0,0,0
435,2024-08,2024-09,1,18,2024-08-31,2024-09-01,2024-09-30,18.0,2.0,0,0,0,0
435,2024-08,2024-11,3,18,2024-08-31,2024-11-01,2024-11-30,18.0,2.0,0,0,0,0
435,2024-09,2024-10,1,18,2024-09-30,2024-10-01,2024-10-31,19.0,2.0,0,0,0,0
435,2024-09,2024-12,3,18,2024-09-30,2024-12-01,2024-12-31,19.0,2.0,0,0,0,0
435,2024-10,2024-11,1,18,2024-10-31,2024-11-01,2024-11-30,21.0,2.0,0,0,0,0
435,2024-11,2024-12,1,18,2024-11-30,2024-12-01,2024-12-31,21.0,2.0,0,0,0,0
448,2023-12,2024-12,12,19,2023-12-31,2024-12-01,2024-12-31,16.0,2.0,0,0,0,0
448,2024-06,2024-07,1,19,2024-06-30,2024-07-01,2024-07-31,16.0,2.0,0,0,0,0
448,2024-06,2024-09,3,19,2024-06-30,2024-09-01,2024-09-30,16.0,2.0,0,0,0,0
448,2024-06,2024-12,6,19,2024-06-30,2024-12-01,2024-12-31,16.0,2.0,0,0,0,0
448,2024-07,2024-08,1,19,2024-07-31,2024-08-01,2024-08-31,18.0,2.0,0,0,0,0
448,2024-07,2024-10,3,19,2024-07-31,2024-10-01,2024-10-31,18.0,2.0,0,0,0,0
448,2024-08,2024-09,1,19,2024-08-31,2024-09-01,2024-09-30,18.0,2.0,0,0,0,0
448,2024-08,2024-11,3,19,2024-08-31,2024-11-01,2024-11-30,18.0,2.0,0,0,0,0
448,2024-09,2024-10,1,19,2024-09-30,2024-10-01,2024-10-31,19.0,2.0,0,0,0,0
448,2024-09,2024-12,3,19,2024-09-30,2024-12-01,2024-12-31,19.0,2.0,0,0,0,0
448,2024-10,2024-11,1,19,2024-10-31,2024-11-01,2024-11-30,21.0,2.0,0,0,0,0
448,2024-11,2024-12,1,19,2024-11-30,2024-12-01,2024-12-31,21.0,2.0,0,0,0,0
458,2023-12,2024-12,12,19,2023-12-31,2024-12-01,2024-12-31,16.0,2.0,0,0,0,0
458,2024-06,2024-07,1,19,2024-06-30,2024-07-01,2024-07-31,16.0,2.0,0,0,0,0
458,2024-06,2024-09,3,19,2024-06-30,2024-09-01,2024-09-30,16.0,2.0,0,0,0,0
458,2024-06,2024-12,6,19,2024-06-30,2024-12-01,2024-12-31,16.0,2.0,0,0,0,0
458,2024-07,2024-08,1,19,2024-07-31,2024-08-01,2024-08-31,18.0,2.0,0,0,0,0
458,2024-07,2024-10,3,19,2024-07-31,2024-10-01,2024-10-31,18.0,2.0,0,0,0,0
458,2024-08,2024-09,1,19,2024-08-31,2024-09-01,2024-09-30,18.0,2.0,0,0,0,0
458,2024-08,2024-11,3,19,2024-08-31,2024-11-01,2024-11-30,18.0,2.0,0,0,0,0
458,2024-09,2024-10,1,19,2024-09-30,2024-10-01,2024-10-31,19.0,2.0,0,0,0,0
458,2024-09,2024-12,3,19,2024-09-30,2024-12-01,2024-12-31,19.0,2.0,0,0,0,0
458,2024-10,2024-11,1,19,2024-10-31,2024-11-01,2024-11-30,21.0,2.0,0,0,0,0
458,2024-11,2024-12,1,19,2024-11-30,2024-12-01,2024-12-31,21.0,2.0,0,0,0,0
486,2023-12,2024-12,12,21,2023-12-31,2024-12-01,2024-12-31,16.0,2.0,0,0,0,0
486,2024-06,2024-07,1,21,2024-06-30,2024-07-01,2024-07-31,16.0,2.0,0,0,0,0
486,2024-06,2024-09,3,21,2024-06-30,2024-09-01,2024-09-30,16.0,2.0,0,0,0,0
486,2024-06,2024-12,6,21,2024-06-30,2024-12-01,2024-12-31,16.0,2.0,0,0,0,0
486,2024-07,2024-08,1,21,2024-07-31,2024-08-01,2024-08-31,18.0,2.0,0,0,0,0
486,2024-07,2024-10,3,21,2024-07-31,2024-10-01,2024-10-31,18.0,2.0,0,0,0,0
486,2024-08,2024-09,1,21,2024-08-31,2024-09-01,2024-09-30,18.0,2.0,0,0,0,0
486,2024-08,2024-11,3,21,2024-08-31,2024-11-01,2024-11-30,18.0,2.0,0,0,0,0
486,2024-09,2024-10,1,21,2024-09-30,2024-10-01,2024-10-31,19.0,2.0,0,0,0,0
486,2024-09,2024-12,3,21,2024-09-30,2024-12-01,2024-12-31,19.0,2.0,0,0,0,0
486,2024-10,2024-11,1,21,2024-10-31,2024-11-01,2024-11-30,21.0,2.0,0,0,0,0
486,2024-11,2024-12,1,21,2024-11-30,2024-12-01,2024-12-31,21.0,2.0,0,0,0,0
501,2023-12,2024-12,12,21,2023-12-31,2024-12-01,2024-12-31,16.0,2.0,0,0,0,0
501,2024-06,2024-07,1,21,2024-06-30,2024-07-01,2024-07-31,16.0,2.0,0,0,0,0
501,2024-06,2024-09,3,21,2024-06-30,2024-09-01,2024-09-30,16.0,2.0,0,0,0,0
501,2024-06,2024-12,6,21,2024-06-30,2024-12-01,2024-12-31,16.0,2.0,0,0,0,0
501,2024-07,2024-08,1,21,2024-07-31,2024-08-01,2024-08-31,18.0,2.0,0,0,0,0
501,2024-07,2024-10,3,21,2024-07-31,2024-10-01,2024-10-31,18.0,2.0,0,0,0,0
501,2024-08,2024-09,1,21,2024-08-31,2024-09-01,2024-09-30,18.0,2.0,0,0,0,0
501,2024-08,2024-11,3,21,2024-08-31,2024-11-01,2024-11-30,18.0,2.0,0,0,0,0
501,2024-09,2024-10,1,21,2024-09-30,2024-10-01,2024-10-31,19.0,2.0,0,0,0,0
501,2024-09,2024-12,3,21,2024-09-30,2024-12-01,2024-12-31,19.0,2.0,0,0,0,0
501,2024-10,2024-11,1,21,2024-10-31,2024-11-01,2024-11-30,21.0,2.0,0,0,0,0
501,2024-11,2024-12,1,21,2024-11-30,2024-12-01,2024-12-31,21.0,2.0,0,0,0,0
512,2023-12,2024-12,12,22,2023-12-31,2024-12-01,2024-12-31,16.0,2.0,0,0,0,0
512,2024-06,2024-07,1,22,2024-06-30,2024-07-01,2024-07-31,16.0,2.0,0,0,0,0
512,2024-06,2024-09,3,22,2024-06-30,2024-09-01,2024-09-30,16.0,2.0,0,0,0,0
512,2024-06,2024-12,6,22,2024-06-30,2024-12-01,2024-12-31,16.0,2.0,0,0,0,0
512,2024-07,2024-08,1,22,2024-07-31,2024-08-01,2024-08-31,18.0,2.0,0,0,0,0
512,2024-07,2024-10,3,22,2024-07-31,2024-10-01,2024-10-31,18.0,2.0,0,0,0,0
512,2024-08,2024-09,1,22,2024-08-31,2024-09-01,2024-09-30,18.0,2.0,0,0,0,0
512,2024-08,2024-11,3,22,2024-08-31,2024-11-01,2024-11-30,18.0,2.0,0,0,0,0
512,2024-09,2024-10,1,22,2024-09-30,2024-10-01,2024-10-31,19.0,2.0,0,0,0,0
512,2024-09,2024-12,3,22,2024-09-30,2024-12-01,2024-12-31,19.0,2.0,0,0,0,0
512,2024-10,2024-11,1,22,2024-10-31,2024-11-01,2024-11-30,21.0,2.0,0,0,0,0
512,2024-11,2024-12,1,22,2024-11-30,2024-12-01,2024-12-31,21.0,2.0,0,0,0,0
516,2023-12,2024-12,12,22,2023-12-31,2024-12-01,2024-12-31,16.0,2.0,0,0,0,0
516,2024-06,2024-07,1,22,2024-06-30,2024-07-01,2024-07-31,16.0,2.0,0,0,0,0
516,2024-06,2024-09,3,22,2024-06-30,2024-09-01,2024-09-30,16.0,2.0,0,0,0,0
516,2024-06,2024-12,6,22,2024-06-30,2024-12-01,2024-12-31,16.0,2.0,0,0,0,0
516,2024-07,2024-08,1,22,2024-07-31,2024-08-01,2024-08-31,18.0,2.0,0,0,0,0
516,2024-07,2024-10,3,22,2024-07-31,2024-10-01,2024-10-31,18.0,2.0,0,0,0,0
516,2024-08,2024-09,1,22,2024-08-31,2024-09-01,2024-09-30,18.0,2.0,0,0,0,0
516,2024-08,2024-11,3,22,2024-08-31,2024-11-01,2024-11-30,18.0,2.0,0,0,0,0
516,2024-09,2024-10,1,22,2024-09-30,2024-10-01,2024-10-31,19.0,2.0,0,0,0,0
516,2024-09,2024-12,3,22,2024-09-30,2024-12-01,2024-12-31,19.0,2.0,0,0,0,0
516,2024-10,2024-11,1,22,2024-10-31,2024-11-01,2024-11-30,21.0,2.0,0,0,0,0
516,2024-11,2024-12,1,22,2024-11-30,2024-12-01,2024-12-31,21.0,2.0,0,0,0,0
518,2023-12,2024-12,12,22,2023-12-31,2024-12-01,2024-12-31,16.0,2.0,0,0,0,0
518,2024-06,2024-07,1,22,2024-06-30,2024-07-01,2024-07-31,16.0,2.0,0,0,0,0
518,2024-06,2024-09,3,22,2024-06-30,2024-09-01,2024-09-30,16.0,2.0,0,0,0,0
518,2024-06,2024-12,6,22,2024-06-30,2024-12-01,2024-12-31,16.0,2.0,0,0,0,0
518,2024-07,2024-08,1,22,2024-07-31,2024-08-01,2024-08-31,18.0,2.0,0,0,0,0
518,2024-07,2024-10,3,22,2024-07-31,2024-10-01,2024-10-31,18.0,2.0,0,0,0,0
518,2024-08,2024-09,1,22,2024-08-31,2024-09-01,2024-09-30,18.0,2.0,0,0,0,0
518,2024-08,2024-11,3,22,2024-08-31,2024-11-01,2024-11-30,18.0,2.0,0,0,0,0
518,2024-09,2024-10,1,22,2024-09-30,2024-10-01,2024-10-31,19.0,2.0,0,0,0,0
518,2024-09,2024-12,3,22,2024-09-30,2024-12-01,2024-12-31,19.0,2.0,0,0,0,0
518,2024-10,2024-11,1,22,2024-10-31,2024-11-01,2024-11-30,21.0,2.0,0,0,0,0
518,2024-11,2024-12,1,22,2024-11-30,2024-12-01,2024-12-31,21.0,2.0,0,0,0,0
524,2023-12,2024-12,12,22,2023-12-31,2024-12-01,2024-12-31,16.0,2.0,0,0,0,0
524,2024-06,2024-07,1,22,2024-06-30,2024-07-01,2024-07-31,16.0,2.0,0,0,0,0
524,2024-06,2024-09,3,22,2024-06-30,2024-09-01,2024-09-30,16.0,2.0,0,0,0,0
524,2024-06,2024-12,6,22,2024-06-30,2024-12-01,2024-12-31,16.0,2.0,0,0,0,0
524,2024-07,2024-08,1,22,2024-07-31,2024-08-01,2024-08-31,18.0,2.0,0,0,0,0
524,2024-07,2024-10,3,22,2024-07-31,2024-10-01,2024-10-31,18.0,2.0,0,0,0,0
524,2024-08,2024-09,1,22,2024-08-31,2024-09-01,2024-09-30,18.0,2.0,0,0,0,0
524,2024-08,2024-11,3,22,2024-08-31,2024-11-01,2024-11-30,18.0,2.0,0,0,0,0
524,2024-09,2024-10,1,22,2024-09-30,2024-10-01,2024-10-31,19.0,2.0,0,0,0,0
524,2024-09,2024-12,3,22,2024-09-30,2024-12-01,2024-12-31,19.0,2.0,0,0,0,0
524,2024-10,2024-11,1,22,2024-10-31,2024-11-01,2024-11-30,21.0,2.0,0,0,0,0
524,2024-11,2024-12,1,22,2024-11-30,2024-12-01,2024-12-31,21.0,2.0,0,0,0,0
528,2023-12,2024-12,12,22,2023-12-31,2024-12-01,2024-12-31,16.0,2.0,0,0,0,0
528,2024-06,2024-07,1,22,2024-06-30,2024-07-01,2024-07-31,16.0,2.0,0,0,0,0
528,2024-06,2024-09,3,22,2024-06-30,2024-09-01,2024-09-30,16.0,2.0,0,0,0,0
528,2024-06,2024-12,6,22,2024-06-30,2024-12-01,2024-12-31,16.0,2.0,0,0,0,0
528,2024-07,2024-08,1,22,2024-07-31,2024-08-01,2024-08-31,18.0,2.0,0,0,0,0
528,2024-07,2024-10,3,22,2024-07-31,2024-10-01,2024-10-31,18.0,2.0,0,0,0,0
528,2024-08,2024-09,1,22,2024-08-31,2024-09-01,2024-09-30,18.0,2.0,0,0,0,0
528,2024-08,2024-11,3,22,2024-08-31,2024-11-01,2024-11-30,18.0,2.0,0,0,0,0
528,2024-09,2024-10,1,22,2024-09-30,2024-10-01,2024-10-31,19.0,2.0,0,0,0,0
528,2024-09,2024-12,3,22,2024-09-30,2024-12-01,2024-12-31,19.0,2.0,0,0,0,0
528,2024-10,2024-11,1,22,2024-10-31,2024-11-01,2024-11-30,21.0,2.0,0,0,0,0
528,2024-11,2024-12,1,22,2024-11-30,2024-12-01,2024-12-31,21.0,2.0,0,0,0,0
533,2023-12,2024-12,12,22,2023-12-31,2024-12-01,2024-12-31,16.0,2.0,0,0,0,0
533,2024-06,2024-07,1,22,2024-06-30,2024-07-01,2024-07-31,16.0,2.0,0,0,0,0
533,2024-06,2024-09,3,22,2024-06-30,2024-09-01,2024-09-30,16.0,2.0,0,0,0,0
533,2024-06,2024-12,6,22,2024-06-30,2024-12-01,2024-12-31,16.0,2.0,0,0,0,0
533,2024-07,2024-08,1,22,2024-07-31,2024-08-01,2024-08-31,18.0,2.0,0,0,0,0
533,2024-07,2024-10,3,22,2024-07-31,2024-10-01,2024-10-31,18.0,2.0,0,0,0,0
533,2024-08,2024-09,1,22,2024-08-31,2024-09-01,2024-09-30,18.0,2.0,0,0,0,0
533,2024-08,2024-11,3,22,2024-08-31,2024-11-01,2024-11-30,18.0,2.0,0,0,0,0
533,2024-09,2024-10,1,22,2024-09-30,2024-10-01,2024-10-31,19.0,2.0,0,0,0,0
533,2024-09,2024-12,3,22,2024-09-30,2024-12-01,2024-12-31,19.0,2.0,0,0,0,0
533,2024-10,2024-11,1,22,2024-10-31,2024-11-01,2024-11-30,21.0,2.0,0,0,0,0
533,2024-11,2024-12,1,22,2024-11-30,2024-12-01,2024-12-31,21.0,2.0,0,0,0,0
538,2023-12,2024-12,12,22,2023-12-31,2024-12-01,2024-12-31,16.0,2.0,0,0,0,0
538,2024-06,2024-07,1,22,2024-06-30,2024-07-01,2024-07-31,16.0,2.0,0,0,0,0
538,2024-06,2024-09,3,22,2024-06-30,2024-09-01,2024-09-30,16.0,2.0,0,0,0,0
538,2024-06,2024-12,6,22,2024-06-30,2024-12-01,2024-12-31,16.0,2.0,0,0,0,0
538,2024-07,2024-08,1,22,2024-07-31,2024-08-01,2024-08-31,18.0,2.0,0,0,0,0
538,2024-07,2024-10,3,22,2024-07-31,2024-10-01,2024-10-31,18.0,2.0,0,0,0,0
538,2024-08,2024-09,1,22,2024-08-31,2024-09-01,2024-09-30,18.0,2.0,0,0,0,0
538,2024-08,2024-11,3,22,2024-08-31,2024-11-01,2024-11-30,18.0,2.0,0,0,0,0
538,2024-09,2024-10,1,22,2024-09-30,2024-10-01,2024-10-31,19.0,2.0,0,0,0,0
538,2024-09,2024-12,3,22,2024-09-30,2024-12-01,2024-12-31,19.0,2.0,0,0,0,0
538,2024-10,2024-11,1,22,2024-10-31,2024-11-01,2024-11-30,21.0,2.0,0,0,0,0
538,2024-11,2024-12,1,22,2024-11-30,2024-12-01,2024-12-31,21.0,2.0,0,0,0,0
542,2023-12,2024-12,12,22,2023-12-31,2024-12-01,2024-12-31,16.0,2.0,0,0,0,0
542,2024-06,2024-07,1,22,2024-06-30,2024-07-01,2024-07-31,16.0,2.0,0,0,0,0
542,2024-06,2024-09,3,22,2024-06-30,2024-09-01,2024-09-30,16.0,2.0,0,0,0,0
542,2024-06,2024-12,6,22,2024-06-30,2024-12-01,2024-12-31,16.0,2.0,0,0,0,0
542,2024-07,2024-08,1,22,2024-07-31,2024-08-01,2024-08-31,18.0,2.0,0,0,0,0
542,2024-07,2024-10,3,22,2024-07-31,2024-10-01,2024-10-31,18.0,2.0,0,0,0,0
542,2024-08,2024-09,1,22,2024-08-31,2024-09-01,2024-09-30,18.0,2.0,0,0,0,0
542,2024-08,2024-11,3,22,2024-08-31,2024-11-01,2024-11-30,18.0,2.0,0,0,0,0
542,2024-09,2024-10,1,22,2024-09-30,2024-10-01,2024-10-31,19.0,2.0,0,0,0,0
542,2024-09,2024-12,3,22,2024-09-30,2024-12-01,2024-12-31,19.0,2.0,0,0,0,0
542,2024-10,2024-11,1,22,2024-10-31,2024-11-01,2024-11-30,21.0,2.0,0,0,0,0
542,2024-11,2024-12,1,22,2024-11-30,2024-12-01,2024-12-31,21.0,2.0,0,0,0,0
545,2023-12,2024-12,12,22,2023-12-31,2024-12-01,2024-12-31,16.0,2.0,0,0,0,0
545,2024-06,2024-07,1,22,2024-06-30,2024-07-01,2024-07-31,16.0,2.0,0,0,0,0
545,2024-06,2024-09,3,22,2024-06-30,2024-09-01,2024-09-30,16.0,2.0,0,0,0,0
545,2024-06,2024-12,6,22,2024-06-30,2024-12-01,2024-12-31,16.0,2.0,0,0,0,0
545,2024-07,2024-08,1,22,2024-07-31,2024-08-01,2024-08-31,18.0,2.0,0,0,0,0
545,2024-07,2024-10,3,22,2024-07-31,2024-10-01,2024-10-31,18.0,2.0,0,0,0,0
545,2024-08,2024-09,1,22,2024-08-31,2024-09-01,2024-09-30,18.0,2.0,0,0,0,0
545,2024-08,2024-11,3,22,2024-08-31,2024-11-01,2024-11-30,18.0,2.0,0,0,0,0
545,2024-09,2024-10,1,22,2024-09-30,2024-10-01,2024-10-31,19.0,2.0,0,0,0,0
545,2024-09,2024-12,3,22,2024-09-30,2024-12-01,2024-12-31,19.0,2.0,0,0,0,0
545,2024-10,2024-11,1,22,2024-10-31,2024-11-01,2024-11-30,21.0,2.0,0,0,0,0
545,2024-11,2024-12,1,22,2024-11-30,2024-12-01,2024-12-31,21.0,2.0,0,0,0,0
567,2023-12,2024-12,12,22,2023-12-31,2024-12-01,2024-12-31,16.0,2.0,0,0,0,0
567,2024-06,2024-07,1,22,2024-06-30,2024-07-01,2024-07-31,16.0,2.0,0,0,0,0
567,2024-06,2024-09,3,22,2024-06-30,2024-09-01,2024-09-30,16.0,2.0,0,0,0,0
567,2024-06,2024-12,6,22,2024-06-30,2024-12-01,2024-12-31,16.0,2.0,0,0,0,0
567,2024-07,2024-08,1,22,2024-07-31,2024-08-01,2024-08-31,18.0,2.0,0,0,0,0
567,2024-07,2024-10,3,22,2024-07-31,2024-10-01,2024-10-31,18.0,2.0,0,0,0,0
567,2024-08,2024-09,1,22,2024-08-31,2024-09-01,2024-09-30,18.0,2.0,0,0,0,0
567,2024-08,2024-11,3,22,2024-08-31,2024-11-01,2024-11-30,18.0,2.0,0,0,0,0
567,2024-09,2024-10,1,22,2024-09-30,2024-10-01,2024-10-31,19.0,2.0,0,0,0,0
567,2024-09,2024-12,3,22,2024-09-30,2024-12-01,2024-12-31,19.0,2.0,0,0,0,0
567,2024-10,2024-11,1,22,2024-10-31,2024-11-01,2024-11-30,21.0,2.0,0,0,0,0
567,2024-11,2024-12,1,22,2024-11-30,2024-12-01,2024-12-31,21.0,2.0,0,0,0,0
586,2023-12,2024-12,12,75,2023-12-31,2024-12-01,2024-12-31,16.0,2.0,0,0,0,0
586,2024-06,2024-07,1,75,2024-06-30,2024-07-01,2024-07-31,16.0,2.0,0,0,0,0
586,2024-06,2024-09,3,75,2024-06-30,2024-09-01,2024-09-30,16.0,2.0,0,0,0,1
586,2024-06,2024-12,6,75,2024-06-30,2024-12-01,2024-12-31,16.0,2.0,0,0,0,0
586,2024-07,2024-08,1,75,2024-07-31,2024-08-01,2024-08-31,18.0,2.0,0,0,0,0
586,2024-07,2024-10,3,75,2024-07-31,2024-10-01,2024-10-31,18.0,2.0,0,0,0,0
586,2024-08,2024-09,1,75,2024-08-31,2024-09-01,2024-09-30,18.0,2.0,0,0,0,1
586,2024-08,2024-11,3,75,2024-08-31,2024-11-01,2024-11-30,18.0,2.0,0,0,0,0
586,2024-09,2024-10,1,75,2024-09-30,2024-10-01,2024-10-31,19.0,2.0,0,0,0,0
586,2024-09,2024-12,3,75,2024-09-30,2024-12-01,2024-12-31,19.0,2.0,0,0,0,0
586,2024-10,2024-11,1,75,2024-10-31,2024-11-01,2024-11-30,21.0,2.0,1,0,0,0
586,2024-11,2024-12,1,75,2024-11-30,2024-12-01,2024-12-31,21.0,2.0,0,0,0,0
587,2023-12,2024-12,12,75,2023-12-31,2024-12-01,2024-12-31,16.0,2.0,0,0,0,0
587,2024-06,2024-07,1,75,2024-06-30,2024-07-01,2024-07-31,16.0,2.0,0,0,0,0
587,2024-06,2024-09,3,75,2024-06-30,2024-09-01,2024-09-30,16.0,2.0,0,0,0,1
587,2024-06,2024-12,6,75,2024-06-30,2024-12-01,2024-12-31,16.0,2.0,0,0,0,0
587,2024-07,2024-08,1,75,2024-07-31,2024-08-01,2024-08-31,18.0,2.0,0,0,0,0
587,2024-07,2024-10,3,75,2024-07-31,2024-10-01,2024-10-31,18.0,2.0,0,0,0,0
587,2024-08,2024-09,1,75,2024-08-31,2024-09-01,2024-09-30,18.0,2.0,0,0,0,1
587,2024-08,2024-11,3,75,2024-08-31,2024-11-01,2024-11-30,18.0,2.0,0,0,0,0
587,2024-09,2024-10,1,75,2024-09-30,2024-10-01,2024-10-31,19.0,2.0,0,0,0,0
587,2024-09,2024-12,3,75,2024-09-30,2024-12-01,2024-12-31,19.0,2.0,0,0,0,0
587,2024-10,2024-11,1,75,2024-10-31,2024-11-01,2024-11-30,21.0,2.0,1,0,0,0
587,2024-11,2024-12,1,75,2024-11-30,2024-12-01,2024-12-31,21.0,2.0,0,0,0,0
594,2023-12,2024-12,12,75,2023-12-31,2024-12-01,2024-12-31,16.0,2.0,0,0,0,0
594,2024-06,2024-07,1,75,2024-06-30,2024-07-01,2024-07-31,16.0,2.0,0,0,0,0
594,2024-06,2024-09,3,75,2024-06-30,2024-09-01,2024-09-30,16.0,2.0,0,0,0,1
594,2024-06,2024-12,6,75,2024-06-30,2024-12-01,2024-12-31,16.0,2.0,0,0,0,0
594,2024-07,2024-08,1,75,2024-07-31,2024-08-01,2024-08-31,18.0,2.0,0,0,0,0
594,2024-07,2024-10,3,75,2024-07-31,2024-10-01,2024-10-31,18.0,2.0,0,0,0,0
594,2024-08,2024-09,1,75,2024-08-31,2024-09-01,2024-09-30,18.0,2.0,0,0,0,1
594,2024-08,2024-11,3,75,2024-08-31,2024-11-01,2024-11-30,18.0,2.0,0,0,0,0
594,2024-09,2024-10,1,75,2024-09-30,2024-10-01,2024-10-31,19.0,2.0,0,0,0,0
594,2024-09,2024-12,3,75,2024-09-30,2024-12-01,2024-12-31,19.0,2.0,0,0,0,0
594,2024-10,2024-11,1,75,2024-10-31,2024-11-01,2024-11-30,21.0,2.0,1,0,0,0
594,2024-11,2024-12,1,75,2024-11-30,2024-12-01,2024-12-31,21.0,2.0,0,0,0,0
601,2023-12,2024-12,12,75,2023-12-31,2024-12-01,2024-12-31,16.0,2.0,0,0,0,0
601,2024-06,2024-07,1,75,2024-06-30,2024-07-01,2024-07-31,16.0,2.0,0,0,0,0
601,2024-06,2024-09,3,75,2024-06-30,2024-09-01,2024-09-30,16.0,2.0,0,0,0,1
601,2024-06,2024-12,6,75,2024-06-30,2024-12-01,2024-12-31,16.0,2.0,0,0,0,0
601,2024-07,2024-08,1,75,2024-07-31,2024-08-01,2024-08-31,18.0,2.0,0,0,0,0
601,2024-07,2024-10,3,75,2024-07-31,2024-10-01,2024-10-31,18.0,2.0,0,0,0,0
601,2024-08,2024-09,1,75,2024-08-31,2024-09-01,2024-09-30,18.0,2.0,0,0,0,1
601,2024-08,2024-11,3,75,2024-08-31,2024-11-01,2024-11-30,18.0,2.0,0,0,0,0
601,2024-09,2024-10,1,75,2024-09-30,2024-10-01,2024-10-31,19.0,2.0,0,0,0,0
601,2024-09,2024-12,3,75,2024-09-30,2024-12-01,2024-12-31,19.0,2.0,0,0,0,0
601,2024-10,2024-11,1,75,2024-10-31,2024-11-01,2024-11-30,21.0,2.0,1,0,0,0
601,2024-11,2024-12,1,75,2024-11-30,2024-12-01,2024-12-31,21.0,2.0,0,0,0,0
613,2023-12,2024-12,12,41,2023-12-31,2024-12-01,2024-12-31,16.0,2.0,0,0,0,0
613,2024-06,2024-07,1,41,2024-06-30,2024-07-01,2024-07-31,16.0,2.0,0,0,0,0
613,2024-06,2024-09,3,41,2024-06-30,2024-09-01,2024-09-30,16.0,2.0,0,0,0,0
613,2024-06,2024-12,6,41,2024-06-30,2024-12-01,2024-12-31,16.0,2.0,0,0,0,0
613,2024-07,2024-08,1,41,2024-07-31,2024-08-01,2024-08-31,18.0,2.0,0,0,0,0
613,2024-07,2024-10,3,41,2024-07-31,2024-10-01,2024-10-31,18.0,2.0,0,0,0,0
613,2024-08,2024-09,1,41,2024-08-31,2024-09-01,2024-09-30,18.0,2.0,0,0,0,0
613,2024-08,2024-11,3,41,2024-08-31,2024-11-01,2024-11-30,18.0,2.0,0,0,0,0
613,2024-09,2024-10,1,41,2024-09-30,2024-10-01,2024-10-31,19.0,2.0,0,0,0,0
613,2024-09,2024-12,3,41,2024-09-30,2024-12-01,2024-12-31,19.0,2.0,0,0,0,0
613,2024-10,2024-11,1,41,2024-10-31,2024-11-01,2024-11-30,21.0,2.0,0,0,0,0
613,2024-11,2024-12,1,41,2024-11-30,2024-12-01,2024-12-31,21.0,2.0,0,0,0,0
668,2023-12,2024-12,12,24,2023-12-31,2024-12-01,2024-12-31,16.0,2.0,0,0,0,0
668,2024-06,2024-07,1,24,2024-06-30,2024-07-01,2024-07-31,16.0,2.0,0,0,0,0
668,2024-06,2024-09,3,24,2024-06-30,2024-09-01,2024-09-30,16.0,2.0,0,0,0,0
668,2024-06,2024-12,6,24,2024-06-30,2024-12-01,2024-12-31,16.0,2.0,0,0,0,0
668,2024-07,2024-08,1,24,2024-07-31,2024-08-01,2024-08-31,18.0,2.0,0,0,0,0
668,2024-07,2024-10,3,24,2024-07-31,2024-10-01,2024-10-31,18.0,2.0,0,0,0,0
668,2024-08,2024-09,1,24,2024-08-31,2024-09-01,2024-09-30,18.0,2.0,0,0,0,0
668,2024-08,2024-11,3,24,2024-08-31,2024-11-01,2024-11-30,18.0,2.0,0,0,0,0
668,2024-09,2024-10,1,24,2024-09-30,2024-10-01,2024-10-31,19.0,2.0,0,0,0,0
668,2024-09,2024-12,3,24,2024-09-30,2024-12-01,2024-12-31,19.0,2.0,0,0,0,0
668,2024-10,2024-11,1,24,2024-10-31,2024-11-01,2024-11-30,21.0,2.0,0,0,0,0
668,2024-11,2024-12,1,24,2024-11-30,2024-12-01,2024-12-31,21.0,2.0,0,0,0,0
685,2023-12,2024-12,12,24,2023-12-31,2024-12-01,2024-12-31,16.0,2.0,0,0,0,0
685,2024-06,2024-07,1,24,2024-06-30,2024-07-01,2024-07-31,16.0,2.0,0,0,0,0
685,2024-06,2024-09,3,24,2024-06-30,2024-09-01,2024-09-30,16.0,2.0,0,0,0,0
685,2024-06,2024-12,6,24,2024-06-30,2024-12-01,2024-12-31,16.0,2.0,0,0,0,0
685,2024-07,2024-08,1,24,2024-07-31,2024-08-01,2024-08-31,18.0,2.0,0,0,0,0
685,2024-07,2024-10,3,24,2024-07-31,2024-10-01,2024-10-31,18.0,2.0,0,0,0,0
685,2024-08,2024-09,1,24,2024-08-31,2024-09-01,2024-09-30,18.0,2.0,0,0,0,0
685,2024-08,2024-11,3,24,2024-08-31,2024-11-01,2024-11-30,18.0,2.0,0,0,0,0
685,2024-09,2024-10,1,24,2024-09-30,2024-10-01,2024-10-31,19.0,2.0,0,0,0,0
685,2024-09,2024-12,3,24,2024-09-30,2024-12-01,2024-12-31,19.0,2.0,0,0,0,0
685,2024-10,2024-11,1,24,2024-10-31,2024-11-01,2024-11-30,21.0,2.0,0,0,0,0
685,2024-11,2024-12,1,24,2024-11-30,2024-12-01,2024-12-31,21.0,2.0,0,0,0,0
692,2023-12,2024-12,12,24,2023-12-31,2024-12-01,2024-12-31,16.0,2.0,0,0,0,0
692,2024-06,2024-07,1,24,2024-06-30,2024-07-01,2024-07-31,16.0,2.0,0,0,0,0
692,2024-06,2024-09,3,24,2024-06-30,2024-09-01,2024-09-30,16.0,2.0,0,0,0,0
692,2024-06,2024-12,6,24,2024-06-30,2024-12-01,2024-12-31,16.0,2.0,0,0,0,0
692,2024-07,2024-08,1,24,2024-07-31,2024-08-01,2024-08-31,18.0,2.0,0,0,0,0
692,2024-07,2024-10,3,24,2024-07-31,2024-10-01,2024-10-31,18.0,2.0,0,0,0,0
692,2024-08,2024-09,1,24,2024-08-31,2024-09-01,2024-09-30,18.0,2.0,0,0,0,0
692,2024-08,2024-11,3,24,2024-08-31,2024-11-01,2024-11-30,18.0,2.0,0,0,0,0
692,2024-09,2024-10,1,24,2024-09-30,2024-10-01,2024-10-31,19.0,2.0,0,0,0,0
692,2024-09,2024-12,3,24,2024-09-30,2024-12-01,2024-12-31,19.0,2.0,0,0,0,0
692,2024-10,2024-11,1,24,2024-10-31,2024-11-01,2024-11-30,21.0,2.0,0,0,0,0
692,2024-11,2024-12,1,24,2024-11-30,2024-12-01,2024-12-31,21.0,2.0,0,0,0,0
704,2023-12,2024-12,12,24,2023-12-31,2024-12-01,2024-12-31,16.0,2.0,0,0,0,0
704,2024-06,2024-07,1,24,2024-06-30,2024-07-01,2024-07-31,16.0,2.0,0,0,0,0
704,2024-06,2024-09,3,24,2024-06-30,2024-09-01,2024-09-30,16.0,2.0,0,0,0,0
704,2024-06,2024-12,6,24,2024-06-30,2024-12-01,2024-12-31,16.0,2.0,0,0,0,0
704,2024-07,2024-08,1,24,2024-07-31,2024-08-01,2024-08-31,18.0,2.0,0,0,0,0
704,2024-07,2024-10,3,24,2024-07-31,2024-10-01,2024-10-31,18.0,2.0,0,0,0,0
704,2024-08,2024-09,1,24,2024-08-31,2024-09-01,2024-09-30,18.0,2.0,0,0,0,0
704,2024-08,2024-11,3,24,2024-08-31,2024-11-01,2024-11-30,18.0,2.0,0,0,0,0
704,2024-09,2024-10,1,24,2024-09-30,2024-10-01,2024-10-31,19.0,2.0,0,0,0,0
704,2024-09,2024-12,3,24,2024-09-30,2024-12-01,2024-12-31,19.0,2.0,0,0,0,0
704,2024-10,2024-11,1,24,2024-10-31,2024-11-01,2024-11-30,21.0,2.0,0,0,0,0
704,2024-11,2024-12,1,24,2024-11-30,2024-12-01,2024-12-31,21.0,2.0,0,0,0,0
757,2023-12,2024-12,12,59,2023-12-31,2024-12-01,2024-12-31,16.0,2.0,0,0,0,0
757,2024-06,2024-07,1,59,2024-06-30,2024-07-01,2024-07-31,16.0,2.0,0,0,0,0
757,2024-06,2024-09,3,59,2024-06-30,2024-09-01,2024-09-30,16.0,2.0,0,0,0,0
757,2024-06,2024-12,6,59,2024-06-30,2024-12-01,2024-12-31,16.0,2.0,0,0,0,0
757,2024-07,2024-08,1,59,2024-07-31,2024-08-01,2024-08-31,18.0,2.0,0,0,0,0
757,2024-07,2024-10,3,59,2024-07-31,2024-10-01,2024-10-31,18.0,2.0,0,0,0,0
757,2024-08,2024-09,1,59,2024-08-31,2024-09-01,2024-09-30,18.0,2.0,0,0,0,0
757,2024-08,2024-11,3,59,2024-08-31,2024-11-01,2024-11-30,18.0,2.0,0,0,0,0
757,2024-09,2024-10,1,59,2024-09-30,2024-10-01,2024-10-31,19.0,2.0,0,0,0,0
757,2024-09,2024-12,3,59,2024-09-30,2024-12-01,2024-12-31,19.0,2.0,0,0,0,0
757,2024-10,2024-11,1,59,2024-10-31,2024-11-01,2024-11-30,21.0,2.0,0,0,0,0
757,2024-11,2024-12,1,59,2024-11-30,2024-12-01,2024-12-31,21.0,2.0,0,0,0,0
779,2023-12,2024-12,12,25,2023-12-31,2024-12-01,2024-12-31,16.0,2.0,0,0,0,0
779,2024-06,2024-07,1,25,2024-06-30,2024-07-01,2024-07-31,16.0,2.0,0,0,0,0
779,2024-06,2024-09,3,25,2024-06-30,2024-09-01,2024-09-30,16.0,2.0,0,0,0,0
779,2024-06,2024-12,6,25,2024-06-30,2024-12-01,2024-12-31,16.0,2.0,0,0,0,0
779,2024-07,2024-08,1,25,2024-07-31,2024-08-01,2024-08-31,18.0,2.0,0,0,0,1
779,2024-07,2024-10,3,25,2024-07-31,2024-10-01,2024-10-31,18.0,2.0,0,0,0,0
779,2024-08,2024-09,1,25,2024-08-31,2024-09-01,2024-09-30,18.0,2.0,0,0,0,0
779,2024-08,2024-11,3,25,2024-08-31,2024-11-01,2024-11-30,18.0,2.0,0,0,0,0
779,2024-09,2024-10,1,25,2024-09-30,2024-10-01,2024-10-31,19.0,2.0,0,0,0,0
779,2024-09,2024-12,3,25,2024-09-30,2024-12-01,2024-12-31,19.0,2.0,0,0,0,0
779,2024-10,2024-11,1,25,2024-10-31,2024-11-01,2024-11-30,21.0,2.0,0,0,0,0
779,2024-11,2024-12,1,25,2024-11-30,2024-12-01,2024-12-31,21.0,2.0,0,0,0,0
783,2023-12,2024-12,12,25,2023-12-31,2024-12-01,2024-12-31,16.0,2.0,0,0,0,0
783,2024-06,2024-07,1,25,2024-06-30,2024-07-01,2024-07-31,16.0,2.0,0,0,0,0
783,2024-06,2024-09,3,25,2024-06-30,2024-09-01,2024-09-30,16.0,2.0,0,0,0,0
783,2024-06,2024-12,6,25,2024-06-30,2024-12-01,2024-12-31,16.0,2.0,0,0,0,0
783,2024-07,2024-08,1,25,2024-07-31,2024-08-01,2024-08-31,18.0,2.0,0,0,0,1
783,2024-07,2024-10,3,25,2024-07-31,2024-10-01,2024-10-31,18.0,2.0,0,0,0,0
783,2024-08,2024-09,1,25,2024-08-31,2024-09-01,2024-09-30,18.0,2.0,0,0,0,0
783,2024-08,2024-11,3,25,2024-08-31,2024-11-01,2024-11-30,18.0,2.0,0,0,0,0
783,2024-09,2024-10,1,25,2024-09-30,2024-10-01,2024-10-31,19.0,2.0,0,0,0,0
783,2024-09,2024-12,3,25,2024-09-30,2024-12-01,2024-12-31,19.0,2.0,0,0,0,0
783,2024-10,2024-11,1,25,2024-10-31,2024-11-01,2024-11-30,21.0,2.0,0,0,0,0
783,2024-11,2024-12,1,25,2024-11-30,2024-12-01,2024-12-31,21.0,2.0,0,0,0,0
794,2023-12,2024-12,12,25,2023-12-31,2024-12-01,2024-12-31,16.0,2.0,0,0,0,0
794,2024-06,2024-07,1,25,2024-06-30,2024-07-01,2024-07-31,16.0,2.0,0,0,0,0
794,2024-06,2024-09,3,25,2024-06-30,2024-09-01,2024-09-30,16.0,2.0,0,0,0,0
794,2024-06,2024-12,6,25,2024-06-30,2024-12-01,2024-12-31,16.0,2.0,0,0,0,0
794,2024-07,2024-08,1,25,2024-07-31,2024-08-01,2024-08-31,18.0,2.0,0,0,0,1
794,2024-07,2024-10,3,25,2024-07-31,2024-10-01,2024-10-31,18.0,2.0,0,0,0,0
794,2024-08,2024-09,1,25,2024-08-31,2024-09-01,2024-09-30,18.0,2.0,0,0,0,0
794,2024-08,2024-11,3,25,2024-08-31,2024-11-01,2024-11-30,18.0,2.0,0,0,0,0
794,2024-09,2024-10,1,25,2024-09-30,2024-10-01,2024-10-31,19.0,2.0,0,0,0,0
794,2024-09,2024-12,3,25,2024-09-30,2024-12-01,2024-12-31,19.0,2.0,0,0,0,0
794,2024-10,2024-11,1,25,2024-10-31,2024-11-01,2024-11-30,21.0,2.0,0,0,0,0
794,2024-11,2024-12,1,25,2024-11-30,2024-12-01,2024-12-31,21.0,2.0,0,0,0,0
795,2023-12,2024-12,12,25,2023-12-31,2024-12-01,2024-12-31,16.0,2.0,0,0,0,0
795,2024-06,2024-07,1,25,2024-06-30,2024-07-01,2024-07-31,16.0,2.0,0,0,0,0
795,2024-06,2024-09,3,25,2024-06-30,2024-09-01,2024-09-30,16.0,2.0,0,0,0,0
795,2024-06,2024-12,6,25,2024-06-30,2024-12-01,2024-12-31,16.0,2.0,0,0,0,0
795,2024-07,2024-08,1,25,2024-07-31,2024-08-01,2024-08-31,18.0,2.0,0,0,0,1
795,2024-07,2024-10,3,25,2024-07-31,2024-10-01,2024-10-31,18.0,2.0,0,0,0,0
795,2024-08,2024-09,1,25,2024-08-31,2024-09-01,2024-09-30,18.0,2.0,0,0,0,0
795,2024-08,2024-11,3,25,2024-08-31,2024-11-01,2024-11-30,18.0,2.0,0,0,0,0
795,2024-09,2024-10,1,25,2024-09-30,2024-10-01,2024-10-31,19.0,2.0,0,0,0,0
795,2024-09,2024-12,3,25,2024-09-30,2024-12-01,2024-12-31,19.0,2.0,0,0,0,0
795,2024-10,2024-11,1,25,2024-10-31,2024-11-01,2024-11-30,21.0,2.0,0,0,0,0
795,2024-11,2024-12,1,25,2024-11-30,2024-12-01,2024-12-31,21.0,2.0,0,0,0,0
798,2023-12,2024-12,12,25,2023-12-31,2024-12-01,2024-12-31,16.0,2.0,0,0,0,0
798,2024-06,2024-07,1,25,2024-06-30,2024-07-01,2024-07-31,16.0,2.0,0,0,0,0
798,2024-06,2024-09,3,25,2024-06-30,2024-09-01,2024-09-30,16.0,2.0,0,0,0,0
798,2024-06,2024-12,6,25,2024-06-30,2024-12-01,2024-12-31,16.0,2.0,0,0,0,0
798,2024-07,2024-08,1,25,2024-07-31,2024-08-01,2024-08-31,18.0,2.0,0,0,0,1
798,2024-07,2024-10,3,25,2024-07-31,2024-10-01,2024-10-31,18.0,2.0,0,0,0,0
798,2024-08,2024-09,1,25,2024-08-31,2024-09-01,2024-09-30,18.0,2.0,0,0,0,0
798,2024-08,2024-11,3,25,2024-08-31,2024-11-01,2024-11-30,18.0,2.0,0,0,0,0
798,2024-09,2024-10,1,25,2024-09-30,2024-10-01,2024-10-31,19.0,2.0,0,0,0,0
798,2024-09,2024-12,3,25,2024-09-30,2024-12-01,2024-12-31,19.0,2.0,0,0,0,0
798,2024-10,2024-11,1,25,2024-10-31,2024-11-01,2024-11-30,21.0,2.0,0,0,0,0
798,2024-11,2024-12,1,25,2024-11-30,2024-12-01,2024-12-31,21.0,2.0,0,0,0,0
807,2023-12,2024-12,12,25,2023-12-31,2024-12-01,2024-12-31,16.0,2.0,0,0,0,0
807,2024-06,2024-07,1,25,2024-06-30,2024-07-01,2024-07-31,16.0,2.0,0,0,0,0
807,2024-06,2024-09,3,25,2024-06-30,2024-09-01,2024-09-30,16.0,2.0,0,0,0,0
807,2024-06,2024-12,6,25,2024-06-30,2024-12-01,2024-12-31,16.0,2.0,0,0,0,0
807,2024-07,2024-08,1,25,2024-07-31,2024-08-01,2024-08-31,18.0,2.0,0,0,0,1
807,2024-07,2024-10,3,25,2024-07-31,2024-10-01,2024-10-31,18.0,2.0,0,0,0,0
807,2024-08,2024-09,1,25,2024-08-31,2024-09-01,2024-09-30,18.0,2.0,0,0,0,0
807,2024-08,2024-11,3,25,2024-08-31,2024-11-01,2024-11-30,18.0,2.0,0,0,0,0
807,2024-09,2024-10,1,25,2024-09-30,2024-10-01,2024-10-31,19.0,2.0,0,0,0,0
807,2024-09,2024-12,3,25,2024-09-30,2024-12-01,2024-12-31,19.0,2.0,0,0,0,0
807,2024-10,2024-11,1,25,2024-10-31,2024-11-01,2024-11-30,21.0,2.0,0,0,0,0
807,2024-11,2024-12,1,25,2024-11-30,2024-12-01,2024-12-31,21.0,2.0,0,0,0,0
817,2023-12,2024-12,12,26,2023-12-31,2024-12-01,2024-12-31,16.0,2.0,0,0,0,0
817,2024-06,2024-07,1,26,2024-06-30,2024-07-01,2024-07-31,16.0,2.0,0,0,0,0
817,2024-06,2024-09,3,26,2024-06-30,2024-09-01,2024-09-30,16.0,2.0,0,0,0,1
817,2024-06,2024-12,6,26,2024-06-30,2024-12-01,2024-12-31,16.0,2.0,0,0,0,0
817,2024-07,2024-08,1,26,2024-07-31,2024-08-01,2024-08-31,18.0,2.0,0,0,0,0
817,2024-07,2024-10,3,26,2024-07-31,2024-10-01,2024-10-31,18.0,2.0,0,0,0,0
817,2024-08,2024-09,1,26,2024-08-31,2024-09-01,2024-09-30,18.0,2.0,0,0,0,1
817,2024-08,2024-11,3,26,2024-08-31,2024-11-01,2024-11-30,18.0,2.0,0,0,0,0
817,2024-09,2024-10,1,26,2024-09-30,2024-10-01,2024-10-31,19.0,2.0,0,0,0,0
817,2024-09,2024-12,3,26,2024-09-30,2024-12-01,2024-12-31,19.0,2.0,0,0,0,0
817,2024-10,2024-11,1,26,2024-10-31,2024-11-01,2024-11-30,21.0,2.0,0,0,0,0
817,2024-11,2024-12,1,26,2024-11-30,2024-12-01,2024-12-31,21.0,2.0,0,0,0,0
831,2023-12,2024-12,12,26,2023-12-31,2024-12-01,2024-12-31,16.0,2.0,0,0,0,0
831,2024-06,2024-07,1,26,2024-06-30,2024-07-01,2024-07-31,16.0,2.0,0,0,0,0
831,2024-06,2024-09,3,26,2024-06-30,2024-09-01,2024-09-30,16.0,2.0,0,0,0,1
831,2024-06,2024-12,6,26,2024-06-30,2024-12-01,2024-12-31,16.0,2.0,0,0,0,0
831,2024-07,2024-08,1,26,2024-07-31,2024-08-01,2024-08-31,18.0,2.0,0,0,0,0
831,2024-07,2024-10,3,26,2024-07-31,2024-10-01,2024-10-31,18.0,2.0,0,0,0,0
831,2024-08,2024-09,1,26,2024-08-31,2024-09-01,2024-09-30,18.0,2.0,0,0,0,1
831,2024-08,2024-11,3,26,2024-08-31,2024-11-01,2024-11-30,18.0,2.0,0,0,0,0
831,2024-09,2024-10,1,26,2024-09-30,2024-10-01,2024-10-31,19.0,2.0,0,0,0,0
831,2024-09,2024-12,3,26,2024-09-30,2024-12-01,2024-12-31,19.0,2.0,0,0,0,0
831,2024-10,2024-11,1,26,2024-10-31,2024-11-01,2024-11-30,21.0,2.0,0,0,0,0
831,2024-11,2024-12,1,26,2024-11-30,2024-12-01,2024-12-31,21.0,2.0,0,0,0,0
840,2023-12,2024-12,12,26,2023-12-31,2024-12-01,2024-12-31,16.0,2.0,0,0,0,0
840,2024-06,2024-07,1,26,2024-06-30,2024-07-01,2024-07-31,16.0,2.0,0,0,0,0
840,2024-06,2024-09,3,26,2024-06-30,2024-09-01,2024-09-30,16.0,2.0,0,0,0,1
840,2024-06,2024-12,6,26,2024-06-30,2024-12-01,2024-12-31,16.0,2.0,0,0,0,0
840,2024-07,2024-08,1,26,2024-07-31,2024-08-01,2024-08-31,18.0,2.0,0,0,0,0
840,2024-07,2024-10,3,26,2024-07-31,2024-10-01,2024-10-31,18.0,2.0,0,0,0,0
840,2024-08,2024-09,1,26,2024-08-31,2024-09-01,2024-09-30,18.0,2.0,0,0,0,1
840,2024-08,2024-11,3,26,2024-08-31,2024-11-01,2024-11-30,18.0,2.0,0,0,0,0
840,2024-09,2024-10,1,26,2024-09-30,2024-10-01,2024-10-31,19.0,2.0,0,0,0,0
840,2024-09,2024-12,3,26,2024-09-30,2024-12-01,2024-12-31,19.0,2.0,0,0,0,0
840,2024-10,2024-11,1,26,2024-10-31,2024-11-01,2024-11-30,21.0,2.0,0,0,0,0
840,2024-11,2024-12,1,26,2024-11-30,2024-12-01,2024-12-31,21.0,2.0,0,0,0,0
851,2023-12,2024-12,12,27,2023-12-31,2024-12-01,2024-12-31,16.0,2.0,0,0,0,0
851,2024-06,2024-07,1,27,2024-06-30,2024-07-01,2024-07-31,16.0,2.0,0,0,0,0
851,2024-06,2024-09,3,27,2024-06-30,2024-09-01,2024-09-30,16.0,2.0,0,0,0,0
851,2024-06,2024-12,6,27,2024-06-30,2024-12-01,2024-12-31,16.0,2.0,0,0,0,0
851,2024-07,2024-08,1,27,2024-07-31,2024-08-01,2024-08-31,18.0,2.0,0,0,0,0
851,2024-07,2024-10,3,27,2024-07-31,2024-10-01,2024-10-31,18.0,2.0,0,0,0,0
851,2024-08,2024-09,1,27,2024-08-31,2024-09-01,2024-09-30,18.0,2.0,0,0,0,0
851,2024-08,2024-11,3,27,2024-08-31,2024-11-01,2024-11-30,18.0,2.0,0,0,0,0
851,2024-09,2024-10,1,27,2024-09-30,2024-10-01,2024-10-31,19.0,2.0,0,0,0,0
851,2024-09,2024-12,3,27,2024-09-30,2024-12-01,2024-12-31,19.0,2.0,0,0,0,0
851,2024-10,2024-11,1,27,2024-10-31,2024-11-01,2024-11-30,21.0,2.0,0,0,0,0
851,2024-11,2024-12,1,27,2024-11-30,2024-12-01,2024-12-31,21.0,2.0,0,0,0,0
855,2023-12,2024-12,12,27,2023-12-31,2024-12-01,2024-12-31,16.0,2.0,0,0,0,0
855,2024-06,2024-07,1,27,2024-06-30,2024-07-01,2024-07-31,16.0,2.0,0,0,0,0
855,2024-06,2024-09,3,27,2024-06-30,2024-09-01,2024-09-30,16.0,2.0,0,0,0,0
855,2024-06,2024-12,6,27,2024-06-30,2024-12-01,2024-12-31,16.0,2.0,0,0,0,0
855,2024-07,2024-08,1,27,2024-07-31,2024-08-01,2024-08-31,18.0,2.0,0,0,0,0
855,2024-07,2024-10,3,27,2024-07-31,2024-10-01,2024-10-31,18.0,2.0,0,0,0,0
855,2024-08,2024-09,1,27,2024-08-31,2024-09-01,2024-09-30,18.0,2.0,0,0,0,0
855,2024-08,2024-11,3,27,2024-08-31,2024-11-01,2024-11-30,18.0,2.0,0,0,0,0
855,2024-09,2024-10,1,27,2024-09-30,2024-10-01,2024-10-31,19.0,2.0,0,0,0,0
855,2024-09,2024-12,3,27,2024-09-30,2024-12-01,2024-12-31,19.0,2.0,0,0,0,0
855,2024-10,2024-11,1,27,2024-10-31,2024-11-01,2024-11-30,21.0,2.0,0,0,0,0
855,2024-11,2024-12,1,27,2024-11-30,2024-12-01,2024-12-31,21.0,2.0,0,0,0,0
871,2023-12,2024-12,12,28,2023-12-31,2024-12-01,2024-12-31,16.0,2.0,0,0,0,0
871,2024-06,2024-07,1,28,2024-06-30,2024-07-01,2024-07-31,16.0,2.0,0,0,0,0
871,2024-06,2024-09,3,28,2024-06-30,2024-09-01,2024-09-30,16.0,2.0,0,0,0,0
871,2024-06,2024-12,6,28,2024-06-30,2024-12-01,2024-12-31,16.0,2.0,0,0,0,0
871,2024-07,2024-08,1,28,2024-07-31,2024-08-01,2024-08-31,18.0,2.0,0,0,0,0
871,2024-07,2024-10,3,28,2024-07-31,2024-10-01,2024-10-31,18.0,2.0,0,0,0,0
871,2024-08,2024-09,1,28,2024-08-31,2024-09-01,2024-09-30,18.0,2.0,0,0,0,0
871,2024-08,2024-11,3,28,2024-08-31,2024-11-01,2024-11-30,18.0,2.0,0,0,0,0
871,2024-09,2024-10,1,28,2024-09-30,2024-10-01,2024-10-31,19.0,2.0,0,0,0,0
871,2024-09,2024-12,3,28,2024-09-30,2024-12-01,2024-12-31,19.0,2.0,0,0,0,0
871,2024-10,2024-11,1,28,2024-10-31,2024-11-01,2024-11-30,21.0,2.0,0,0,0,0
871,2024-11,2024-12,1,28,2024-11-30,2024-12-01,2024-12-31,21.0,2.0,0,0,0,0
873,2023-12,2024-12,12,28,2023-12-31,2024-12-01,2024-12-31,16.0,2.0,0,0,0,0
873,2024-06,2024-07,1,28,2024-06-30,2024-07-01,2024-07-31,16.0,2.0,0,0,0,0
873,2024-06,2024-09,3,28,2024-06-30,2024-09-01,2024-09-30,16.0,2.0,0,0,0,0
873,2024-06,2024-12,6,28,2024-06-30,2024-12-01,2024-12-31,16.0,2.0,0,0,0,0
873,2024-07,2024-08,1,28,2024-07-31,2024-08-01,2024-08-31,18.0,2.0,0,0,0,0
873,2024-07,2024-10,3,28,2024-07-31,2024-10-01,2024-10-31,18.0,2.0,0,0,0,0
873,2024-08,2024-09,1,28,2024-08-31,2024-09-01,2024-09-30,18.0,2.0,0,0,0,0
873,2024-08,2024-11,3,28,2024-08-31,2024-11-01,2024-11-30,18.0,2.0,0,0,0,0
873,2024-09,2024-10,1,28,2024-09-30,2024-10-01,2024-10-31,19.0,2.0,0,0,0,0
873,2024-09,2024-12,3,28,2024-09-30,2024-12-01,2024-12-31,19.0,2.0,0,0,0,0
873,2024-10,2024-11,1,28,2024-10-31,2024-11-01,2024-11-30,21.0,2.0,0,0,0,0
873,2024-11,2024-12,1,28,2024-11-30,2024-12-01,2024-12-31,21.0,2.0,0,0,0,0
878,2023-12,2024-12,12,28,2023-12-31,2024-12-01,2024-12-31,16.0,2.0,0,0,0,0
878,2024-06,2024-07,1,28,2024-06-30,2024-07-01,2024-07-31,16.0,2.0,0,0,0,0
878,2024-06,2024-09,3,28,2024-06-30,2024-09-01,2024-09-30,16.0,2.0,0,0,0,0
878,2024-06,2024-12,6,28,2024-06-30,2024-12-01,2024-12-31,16.0,2.0,0,0,0,0
878,2024-07,2024-08,1,28,2024-07-31,2024-08-01,2024-08-31,18.0,2.0,0,0,0,0
878,2024-07,2024-10,3,28,2024-07-31,2024-10-01,2024-10-31,18.0,2.0,0,0,0,0
878,2024-08,2024-09,1,28,2024-08-31,2024-09-01,2024-09-30,18.0,2.0,0,0,0,0
878,2024-08,2024-11,3,28,2024-08-31,2024-11-01,2024-11-30,18.0,2.0,0,0,0,0
878,2024-09,2024-10,1,28,2024-09-30,2024-10-01,2024-10-31,19.0,2.0,0,0,0,0
878,2024-09,2024-12,3,28,2024-09-30,2024-12-01,2024-12-31,19.0,2.0,0,0,0,0
878,2024-10,2024-11,1,28,2024-10-31,2024-11-01,2024-11-30,21.0,2.0,0,0,0,0
878,2024-11,2024-12,1,28,2024-11-30,2024-12-01,2024-12-31,21.0,2.0,0,0,0,0
896,2023-12,2024-12,12,29,2023-12-31,2024-12-01,2024-12-31,16.0,2.0,0,0,0,0
896,2024-06,2024-07,1,29,2024-06-30,2024-07-01,2024-07-31,16.0,2.0,0,0,0,0
896,2024-06,2024-09,3,29,2024-06-30,2024-09-01,2024-09-30,16.0,2.0,0,0,0,0
896,2024-06,2024-12,6,29,2024-06-30,2024-12-01,2024-12-31,16.0,2.0,0,0,0,0
896,2024-07,2024-08,1,29,2024-07-31,2024-08-01,2024-08-31,18.0,2.0,0,0,0,0
896,2024-07,2024-10,3,29,2024-07-31,2024-10-01,2024-10-31,18.0,2.0,0,0,0,0
896,2024-08,2024-09,1,29,2024-08-31,2024-09-01,2024-09-30,18.0,2.0,0,0,0,0
896,2024-08,2024-11,3,29,2024-08-31,2024-11-01,2024-11-30,18.0,2.0,0,0,0,0
896,2024-09,2024-10,1,29,2024-09-30,2024-10-01,2024-10-31,19.0,2.0,0,0,0,0
896,2024-09,2024-12,3,29,2024-09-30,2024-12-01,2024-12-31,19.0,2.0,0,0,0,0
896,2024-10,2024-11,1,29,2024-10-31,2024-11-01,2024-11-30,21.0,2.0,0,0,0,0
896,2024-11,2024-12,1,29,2024-11-30,2024-12-01,2024-12-31,21.0,2.0,0,0,0,0
900,2023-12,2024-12,12,29,2023-12-31,2024-12-01,2024-12-31,16.0,2.0,0,0,0,0
900,2024-06,2024-07,1,29,2024-06-30,2024-07-01,2024-07-31,16.0,2.0,0,0,0,0
900,2024-06,2024-09,3,29,2024-06-30,2024-09-01,2024-09-30,16.0,2.0,0,0,0,0
900,2024-06,2024-12,6,29,2024-06-30,2024-12-01,2024-12-31,16.0,2.0,0,0,0,0
900,2024-07,2024-08,1,29,2024-07-31,2024-08-01,2024-08-31,18.0,2.0,0,0,0,0
900,2024-07,2024-10,3,29,2024-07-31,2024-10-01,2024-10-31,18.0,2.0,0,0,0,0
900,2024-08,2024-09,1,29,2024-08-31,2024-09-01,2024-09-30,18.0,2.0,0,0,0,0
900,2024-08,2024-11,3,29,2024-08-31,2024-11-01,2024-11-30,18.0,2.0,0,0,0,0
900,2024-09,2024-10,1,29,2024-09-30,2024-10-01,2024-10-31,19.0,2.0,0,0,0,0
900,2024-09,2024-12,3,29,2024-09-30,2024-12-01,2024-12-31,19.0,2.0,0,0,0,0
900,2024-10,2024-11,1,29,2024-10-31,2024-11-01,2024-11-30,21.0,2.0,0,0,0,0
900,2024-11,2024-12,1,29,2024-11-30,2024-12-01,2024-12-31,21.0,2.0,0,0,0,0
905,2023-12,2024-12,12,29,2023-12-31,2024-12-01,2024-12-31,16.0,2.0,0,0,0,0
905,2024-06,2024-07,1,29,2024-06-30,2024-07-01,2024-07-31,16.0,2.0,0,0,0,0
905,2024-06,2024-09,3,29,2024-06-30,2024-09-01,2024-09-30,16.0,2.0,0,0,0,0
905,2024-06,2024-12,6,29,2024-06-30,2024-12-01,2024-12-31,16.0,2.0,0,0,0,0
905,2024-07,2024-08,1,29,2024-07-31,2024-08-01,2024-08-31,18.0,2.0,0,0,0,0
905,2024-07,2024-10,3,29,2024-07-31,2024-10-01,2024-10-31,18.0,2.0,0,0,0,0
905,2024-08,2024-09,1,29,2024-08-31,2024-09-01,2024-09-30,18.0,2.0,0,0,0,0
905,2024-08,2024-11,3,29,2024-08-31,2024-11-01,2024-11-30,18.0,2.0,0,0,0,0
905,2024-09,2024-10,1,29,2024-09-30,2024-10-01,2024-10-31,19.0,2.0,0,0,0,0
905,2024-09,2024-12,3,29,2024-09-30,2024-12-01,2024-12-31,19.0,2.0,0,0,0,0
905,2024-10,2024-11,1,29,2024-10-31,2024-11-01,2024-11-30,21.0,2.0,0,0,0,0
905,2024-11,2024-12,1,29,2024-11-30,2024-12-01,2024-12-31,21.0,2.0,0,0,0,0
907,2023-12,2024-12,12,29,2023-12-31,2024-12-01,2024-12-31,16.0,2.0,0,0,0,0
907,2024-06,2024-07,1,29,2024-06-30,2024-07-01,2024-07-31,16.0,2.0,0,0,0,0
907,2024-06,2024-09,3,29,2024-06-30,2024-09-01,2024-09-30,16.0,2.0,0,0,0,0
907,2024-06,2024-12,6,29,2024-06-30,2024-12-01,2024-12-31,16.0,2.0,0,0,0,0
907,2024-07,2024-08,1,29,2024-07-31,2024-08-01,2024-08-31,18.0,2.0,0,0,0,0
907,2024-07,2024-10,3,29,2024-07-31,2024-10-01,2024-10-31,18.0,2.0,0,0,0,0
907,2024-08,2024-09,1,29,2024-08-31,2024-09-01,2024-09-30,18.0,2.0,0,0,0,0
907,2024-08,2024-11,3,29,2024-08-31,2024-11-01,2024-11-30,18.0,2.0,0,0,0,0
907,2024-09,2024-10,1,29,2024-09-30,2024-10-01,2024-10-31,19.0,2.0,0,0,0,0
907,2024-09,2024-12,3,29,2024-09-30,2024-12-01,2024-12-31,19.0,2.0,0,0,0,0
907,2024-10,2024-11,1,29,2024-10-31,2024-11-01,2024-11-30,21.0,2.0,0,0,0,0
907,2024-11,2024-12,1,29,2024-11-30,2024-12-01,2024-12-31,21.0,2.0,0,0,0,0
909,2023-12,2024-12,12,29,2023-12-31,2024-12-01,2024-12-31,16.0,2.0,0,0,0,0
909,2024-06,2024-07,1,29,2024-06-30,2024-07-01,2024-07-31,16.0,2.0,0,0,0,0
909,2024-06,2024-09,3,29,2024-06-30,2024-09-01,2024-09-30,16.0,2.0,0,0,0,0
909,2024-06,2024-12,6,29,2024-06-30,2024-12-01,2024-12-31,16.0,2.0,0,0,0,0
909,2024-07,2024-08,1,29,2024-07-31,2024-08-01,2024-08-31,18.0,2.0,0,0,0,0
909,2024-07,2024-10,3,29,2024-07-31,2024-10-01,2024-10-31,18.0,2.0,0,0,0,0
909,2024-08,2024-09,1,29,2024-08-31,2024-09-01,2024-09-30,18.0,2.0,0,0,0,0
909,2024-08,2024-11,3,29,2024-08-31,2024-11-01,2024-11-30,18.0,2.0,0,0,0,0
909,2024-09,2024-10,1,29,2024-09-30,2024-10-01,2024-10-31,19.0,2.0,0,0,0,0
909,2024-09,2024-12,3,29,2024-09-30,2024-12-01,2024-12-31,19.0,2.0,0,0,0,0
909,2024-10,2024-11,1,29,2024-10-31,2024-11-01,2024-11-30,21.0,2.0,0,0,0,0
909,2024-11,2024-12,1,29,2024-11-30,2024-12-01,2024-12-31,21.0,2.0,0,0,0,0
916,2023-12,2024-12,12,83,2023-12-31,2024-12-01,2024-12-31,16.0,2.0,0,0,0,0
916,2024-06,2024-07,1,83,2024-06-30,2024-07-01,2024-07-31,16.0,2.0,0,0,0,0
916,2024-06,2024-09,3,83,2024-06-30,2024-09-01,2024-09-30,16.0,2.0,0,0,0,0
916,2024-06,2024-12,6,83,2024-06-30,2024-12-01,2024-12-31,16.0,2.0,0,0,0,0
916,2024-07,2024-08,1,83,2024-07-31,2024-08-01,2024-08-31,18.0,2.0,0,0,0,0
916,2024-07,2024-10,3,83,2024-07-31,2024-10-01,2024-10-31,18.0,2.0,0,0,0,0
916,2024-08,2024-09,1,83,2024-08-31,2024-09-01,2024-09-30,18.0,2.0,0,0,0,0
916,2024-08,2024-11,3,83,2024-08-31,2024-11-01,2024-11-30,18.0,2.0,0,0,0,0
916,2024-09,2024-10,1,83,2024-09-30,2024-10-01,2024-10-31,19.0,2.0,0,0,0,0
916,2024-09,2024-12,3,83,2024-09-30,2024-12-01,2024-12-31,19.0,2.0,0,0,0,0
916,2024-10,2024-11,1,83,2024-10-31,2024-11-01,2024-11-30,21.0,2.0,0,0,0,0
916,2024-11,2024-12,1,83,2024-11-30,2024-12-01,2024-12-31,21.0,2.0,0,0,0,0
918,2023-12,2024-12,12,30,2023-12-31,2024-12-01,2024-12-31,16.0,2.0,0,0,0,0
918,2024-06,2024-07,1,30,2024-06-30,2024-07-01,2024-07-31,16.0,2.0,0,0,0,0
918,2024-06,2024-09,3,30,2024-06-30,2024-09-01,2024-09-30,16.0,2.0,0,0,0,0
918,2024-06,2024-12,6,30,2024-06-30,2024-12-01,2024-12-31,16.0,2.0,0,0,0,0
918,2024-07,2024-08,1,30,2024-07-31,2024-08-01,2024-08-31,18.0,2.0,0,0,0,0
918,2024-07,2024-10,3,30,2024-07-31,2024-10-01,2024-10-31,18.0,2.0,0,0,0,0
918,2024-08,2024-09,1,30,2024-08-31,2024-09-01,2024-09-30,18.0,2.0,0,0,0,0
918,2024-08,2024-11,3,30,2024-08-31,2024-11-01,2024-11-30,18.0,2.0,0,0,0,0
918,2024-09,2024-10,1,30,2024-09-30,2024-10-01,2024-10-31,19.0,2.0,0,0,0,0
918,2024-09,2024-12,3,30,2024-09-30,2024-12-01,2024-12-31,19.0,2.0,0,0,0,0
918,2024-10,2024-11,1,30,2024-10-31,2024-11-01,2024-11-30,21.0,2.0,0,0,0,0
918,2024-11,2024-12,1,30,2024-11-30,2024-12-01,2024-12-31,21.0,2.0,0,0,0,0
920,2023-12,2024-12,12,30,2023-12-31,2024-12-01,2024-12-31,16.0,2.0,0,0,0,0
920,2024-06,2024-07,1,30,2024-06-30,2024-07-01,2024-07-31,16.0,2.0,0,0,0,0
920,2024-06,2024-09,3,30,2024-06-30,2024-09-01,2024-09-30,16.0,2.0,0,0,0,0
920,2024-06,2024-12,6,30,2024-06-30,2024-12-01,2024-12-31,16.0,2.0,0,0,0,0
920,2024-07,2024-08,1,30,2024-07-31,2024-08-01,2024-08-31,18.0,2.0,0,0,0,0
920,2024-07,2024-10,3,30,2024-07-31,2024-10-01,2024-10-31,18.0,2.0,0,0,0,0
920,2024-08,2024-09,1,30,2024-08-31,2024-09-01,2024-09-30,18.0,2.0,0,0,0,0
920,2024-08,2024-11,3,30,2024-08-31,2024-11-01,2024-11-30,18.0,2.0,0,0,0,0
920,2024-09,2024-10,1,30,2024-09-30,2024-10-01,2024-10-31,19.0,2.0,0,0,0,0
920,2024-09,2024-12,3,30,2024-09-30,2024-12-01,2024-12-31,19.0,2.0,0,0,0,0
920,2024-10,2024-11,1,30,2024-10-31,2024-11-01,2024-11-30,21.0,2.0,0,0,0,0
920,2024-11,2024-12,1,30,2024-11-30,2024-12-01,2024-12-31,21.0,2.0,0,0,0,0
924,2023-12,2024-12,12,30,2023-12-31,2024-12-01,2024-12-31,16.0,2.0,0,0,0,0
924,2024-06,2024-07,1,30,2024-06-30,2024-07-01,2024-07-31,16.0,2.0,0,0,0,0
924,2024-06,2024-09,3,30,2024-06-30,2024-09-01,2024-09-30,16.0,2.0,0,0,0,0
924,2024-06,2024-12,6,30,2024-06-30,2024-12-01,2024-12-31,16.0,2.0,0,0,0,0
924,2024-07,2024-08,1,30,2024-07-31,2024-08-01,2024-08-31,18.0,2.0,0,0,0,0
924,2024-07,2024-10,3,30,2024-07-31,2024-10-01,2024-10-31,18.0,2.0,0,0,0,0
924,2024-08,2024-09,1,30,2024-08-31,2024-09-01,2024-09-30,18.0,2.0,0,0,0,0
924,2024-08,2024-11,3,30,2024-08-31,2024-11-01,2024-11-30,18.0,2.0,0,0,0,0
924,2024-09,2024-10,1,30,2024-09-30,2024-10-01,2024-10-31,19.0,2.0,0,0,0,0
924,2024-09,2024-12,3,30,2024-09-30,2024-12-01,2024-12-31,19.0,2.0,0,0,0,0
924,2024-10,2024-11,1,30,2024-10-31,2024-11-01,2024-11-30,21.0,2.0,0,0,0,0
924,2024-11,2024-12,1,30,2024-11-30,2024-12-01,2024-12-31,21.0,2.0,0,0,0,0
929,2023-12,2024-12,12,30,2023-12-31,2024-12-01,2024-12-31,16.0,2.0,0,0,0,0
929,2024-06,2024-07,1,30,2024-06-30,2024-07-01,2024-07-31,16.0,2.0,0,0,0,0
929,2024-06,2024-09,3,30,2024-06-30,2024-09-01,2024-09-30,16.0,2.0,0,0,0,0
929,2024-06,2024-12,6,30,2024-06-30,2024-12-01,2024-12-31,16.0,2.0,0,0,0,0
929,2024-07,2024-08,1,30,2024-07-31,2024-08-01,2024-08-31,18.0,2.0,0,0,0,0
929,2024-07,2024-10,3,30,2024-07-31,2024-10-01,2024-10-31,18.0,2.0,0,0,0,0
929,2024-08,2024-09,1,30,2024-08-31,2024-09-01,2024-09-30,18.0,2.0,0,0,0,0
929,2024-08,2024-11,3,30,2024-08-31,2024-11-01,2024-11-30,18.0,2.0,0,0,0,0
929,2024-09,2024-10,1,30,2024-09-30,2024-10-01,2024-10-31,19.0,2.0,0,0,0,0
929,2024-09,2024-12,3,30,2024-09-30,2024-12-01,2024-12-31,19.0,2.0,0,0,0,0
929,2024-10,2024-11,1,30,2024-10-31,2024-11-01,2024-11-30,21.0,2.0,0,0,0,0
929,2024-11,2024-12,1,30,2024-11-30,2024-12-01,2024-12-31,21.0,2.0,0,0,0,0
930,2023-12,2024-12,12,30,2023-12-31,2024-12-01,2024-12-31,16.0,2.0,0,0,0,0
930,2024-06,2024-07,1,30,2024-06-30,2024-07-01,2024-07-31,16.0,2.0,0,0,0,0
930,2024-06,2024-09,3,30,2024-06-30,2024-09-01,2024-09-30,16.0,2.0,0,0,0,0
930,2024-06,2024-12,6,30,2024-06-30,2024-12-01,2024-12-31,16.0,2.0,0,0,0,0
930,2024-07,2024-08,1,30,2024-07-31,2024-08-01,2024-08-31,18.0,2.0,0,0,0,0
930,2024-07,2024-10,3,30,2024-07-31,2024-10-01,2024-10-31,18.0,2.0,0,0,0,0
930,2024-08,2024-09,1,30,2024-08-31,2024-09-01,2024-09-30,18.0,2.0,0,0,0,0
930,2024-08,2024-11,3,30,2024-08-31,2024-11-01,2024-11-30,18.0,2.0,0,0,0,0
930,2024-09,2024-10,1,30,2024-09-30,2024-10-01,2024-10-31,19.0,2.0,0,0,0,0
930,2024-09,2024-12,3,30,2024-09-30,2024-12-01,2024-12-31,19.0,2.0,0,0,0,0
930,2024-10,2024-11,1,30,2024-10-31,2024-11-01,2024-11-30,21.0,2.0,0,0,0,0
930,2024-11,2024-12,1,30,2024-11-30,2024-12-01,2024-12-31,21.0,2.0,0,0,0,0
988,2023-12,2024-12,12,33,2023-12-31,2024-12-01,2024-12-31,16.0,2.0,0,0,0,0
988,2024-06,2024-07,1,33,2024-06-30,2024-07-01,2024-07-31,16.0,2.0,0,0,0,0
988,2024-06,2024-09,3,33,2024-06-30,2024-09-01,2024-09-30,16.0,2.0,0,0,0,0
988,2024-06,2024-12,6,33,2024-06-30,2024-12-01,2024-12-31,16.0,2.0,0,0,0,0
988,2024-07,2024-08,1,33,2024-07-31,2024-08-01,2024-08-31,18.0,2.0,0,0,0,0
988,2024-07,2024-10,3,33,2024-07-31,2024-10-01,2024-10-31,18.0,2.0,0,0,0,0
988,2024-08,2024-09,1,33,2024-08-31,2024-09-01,2024-09-30,18.0,2.0,0,0,0,0
988,2024-08,2024-11,3,33,2024-08-31,2024-11-01,2024-11-30,18.0,2.0,0,0,0,0
988,2024-09,2024-10,1,33,2024-09-30,2024-10-01,2024-10-31,19.0,2.0,0,0,0,0
988,2024-09,2024-12,3,33,2024-09-30,2024-12-01,2024-12-31,19.0,2.0,0,0,0,0
988,2024-10,2024-11,1,33,2024-10-31,2024-11-01,2024-11-30,21.0,2.0,0,0,0,0
988,2024-11,2024-12,1,33,2024-11-30,2024-12-01,2024-12-31,21.0,2.0,0,0,0,0
992,2023-12,2024-12,12,33,2023-12-31,2024-12-01,2024-12-31,16.0,2.0,0,0,0,0
992,2024-06,2024-07,1,33,2024-06-30,2024-07-01,2024-07-31,16.0,2.0,0,0,0,0
992,2024-06,2024-09,3,33,2024-06-30,2024-09-01,2024-09-30,16.0,2.0,0,0,0,0
992,2024-06,2024-12,6,33,2024-06-30,2024-12-01,2024-12-31,16.0,2.0,0,0,0,0
992,2024-07,2024-08,1,33,2024-07-31,2024-08-01,2024-08-31,18.0,2.0,0,0,0,0
992,2024-07,2024-10,3,33,2024-07-31,2024-10-01,2024-10-31,18.0,2.0,0,0,0,0
992,2024-08,2024-09,1,33,2024-08-31,2024-09-01,2024-09-30,18.0,2.0,0,0,0,0
992,2024-08,2024-11,3,33,2024-08-31,2024-11-01,2024-11-30,18.0,2.0,0,0,0,0
992,2024-09,2024-10,1,33,2024-09-30,2024-10-01,2024-10-31,19.0,2.0,0,0,0,0
992,2024-09,2024-12,3,33,2024-09-30,2024-12-01,2024-12-31,19.0,2.0,0,0,0,0
992,2024-10,2024-11,1,33,2024-10-31,2024-11-01,2024-11-30,21.0,2.0,0,0,0,0
992,2024-11,2024-12,1,33,2024-11-30,2024-12-01,2024-12-31,21.0,2.0,0,0,0,0
1007,2023-12,2024-12,12,34,2023-12-31,2024-12-01,2024-12-31,16.0,2.0,0,0,0,0
1007,2024-06,2024-07,1,34,2024-06-30,2024-07-01,2024-07-31,16.0,2.0,0,0,0,0
1007,2024-06,2024-09,3,34,2024-06-30,2024-09-01,2024-09-30,16.0,2.0,0,0,0,0
1007,2024-06,2024-12,6,34,2024-06-30,2024-12-01,2024-12-31,16.0,2.0,0,0,0,0
1007,2024-07,2024-08,1,34,2024-07-31,2024-08-01,2024-08-31,18.0,2.0,0,0,0,0
1007,2024-07,2024-10,3,34,2024-07-31,2024-10-01,2024-10-31,18.0,2.0,0,0,0,0
1007,2024-08,2024-09,1,34,2024-08-31,2024-09-01,2024-09-30,18.0,2.0,0,0,0,0
1007,2024-08,2024-11,3,34,2024-08-31,2024-11-01,2024-11-30,18.0,2.0,0,0,0,0
1007,2024-09,2024-10,1,34,2024-09-30,2024-10-01,2024-10-31,19.0,2.0,0,0,0,0
1007,2024-09,2024-12,3,34,2024-09-30,2024-12-01,2024-12-31,19.0,2.0,0,0,0,0
1007,2024-10,2024-11,1,34,2024-10-31,2024-11-01,2024-11-30,21.0,2.0,0,0,0,0
1007,2024-11,2024-12,1,34,2024-11-30,2024-12-01,2024-12-31,21.0,2.0,0,0,0,0
1016,2023-12,2024-12,12,34,2023-12-31,2024-12-01,2024-12-31,16.0,2.0,0,0,0,0
1016,2024-06,2024-07,1,34,2024-06-30,2024-07-01,2024-07-31,16.0,2.0,0,0,0,0
1016,2024-06,2024-09,3,34,2024-06-30,2024-09-01,2024-09-30,16.0,2.0,0,0,0,0
1016,2024-06,2024-12,6,34,2024-06-30,2024-12-01,2024-12-31,16.0,2.0,0,0,0,0
1016,2024-07,2024-08,1,34,2024-07-31,2024-08-01,2024-08-31,18.0,2.0,0,0,0,0
1016,2024-07,2024-10,3,34,2024-07-31,2024-10-01,2024-10-31,18.0,2.0,0,0,0,0
1016,2024-08,2024-09,1,34,2024-08-31,2024-09-01,2024-09-30,18.0,2.0,0,0,0,0
1016,2024-08,2024-11,3,34,2024-08-31,2024-11-01,2024-11-30,18.0,2.0,0,0,0,0
1016,2024-09,2024-10,1,34,2024-09-30,2024-10-01,2024-10-31,19.0,2.0,0,0,0,0
1016,2024-09,2024-12,3,34,2024-09-30,2024-12-01,2024-12-31,19.0,2.0,0,0,0,0
1016,2024-10,2024-11,1,34,2024-10-31,2024-11-01,2024-11-30,21.0,2.0,0,0,0,0
1016,2024-11,2024-12,1,34,2024-11-30,2024-12-01,2024-12-31,21.0,2.0,0,0,0,0
1026,2023-12,2024-12,12,34,2023-12-31,2024-12-01,2024-12-31,16.0,2.0,0,0,0,0
1026,2024-06,2024-07,1,34,2024-06-30,2024-07-01,2024-07-31,16.0,2.0,0,0,0,0
1026,2024-06,2024-09,3,34,2024-06-30,2024-09-01,2024-09-30,16.0,2.0,0,0,0,0
1026,2024-06,2024-12,6,34,2024-06-30,2024-12-01,2024-12-31,16.0,2.0,0,0,0,0
1026,2024-07,2024-08,1,34,2024-07-31,2024-08-01,2024-08-31,18.0,2.0,0,0,0,0
1026,2024-07,2024-10,3,34,2024-07-31,2024-10-01,2024-10-31,18.0,2.0,0,0,0,0
1026,2024-08,2024-09,1,34,2024-08-31,2024-09-01,2024-09-30,18.0,2.0,0,0,0,0
1026,2024-08,2024-11,3,34,2024-08-31,2024-11-01,2024-11-30,18.0,2.0,0,0,0,0
1026,2024-09,2024-10,1,34,2024-09-30,2024-10-01,2024-10-31,19.0,2.0,0,0,0,0
1026,2024-09,2024-12,3,34,2024-09-30,2024-12-01,2024-12-31,19.0,2.0,0,0,0,0
1026,2024-10,2024-11,1,34,2024-10-31,2024-11-01,2024-11-30,21.0,2.0,0,0,0,0
1026,2024-11,2024-12,1,34,2024-11-30,2024-12-01,2024-12-31,21.0,2.0,0,0,0,0
1049,2023-12,2024-12,12,35,2023-12-31,2024-12-01,2024-12-31,16.0,2.0,0,0,0,0
1049,2024-06,2024-07,1,35,2024-06-30,2024-07-01,2024-07-31,16.0,2.0,0,0,0,0
1049,2024-06,2024-09,3,35,2024-06-30,2024-09-01,2024-09-30,16.0,2.0,0,0,0,0
1049,2024-06,2024-12,6,35,2024-06-30,2024-12-01,2024-12-31,16.0,2.0,0,0,0,0
1049,2024-07,2024-08,1,35,2024-07-31,2024-08-01,2024-08-31,18.0,2.0,0,0,0,0
1049,2024-07,2024-10,3,35,2024-07-31,2024-10-01,2024-10-31,18.0,2.0,0,0,0,0
1049,2024-08,2024-09,1,35,2024-08-31,2024-09-01,2024-09-30,18.0,2.0,0,0,0,0
1049,2024-08,2024-11,3,35,2024-08-31,2024-11-01,2024-11-30,18.0,2.0,0,0,0,0
1049,2024-09,2024-10,1,35,2024-09-30,2024-10-01,2024-10-31,19.0,2.0,0,0,0,0
1049,2024-09,2024-12,3,35,2024-09-30,2024-12-01,2024-12-31,19.0,2.0,0,0,0,0
1049,2024-10,2024-11,1,35,2024-10-31,2024-11-01,2024-11-30,21.0,2.0,0,0,0,0
1049,2024-11,2024-12,1,35,2024-11-30,2024-12-01,2024-12-31,21.0,2.0,0,0,0,0
1051,2023-12,2024-12,12,35,2023-12-31,2024-12-01,2024-12-31,16.0,2.0,0,0,0,0
1051,2024-06,2024-07,1,35,2024-06-30,2024-07-01,2024-07-31,16.0,2.0,0,0,0,0
1051,2024-06,2024-09,3,35,2024-06-30,2024-09-01,2024-09-30,16.0,2.0,0,0,0,0
1051,2024-06,2024-12,6,35,2024-06-30,2024-12-01,2024-12-31,16.0,2.0,0,0,0,0
1051,2024-07,2024-08,1,35,2024-07-31,2024-08-01,2024-08-31,18.0,2.0,0,0,0,0
1051,2024-07,2024-10,3,35,2024-07-31,2024-10-01,2024-10-31,18.0,2.0,0,0,0,0
1051,2024-08,2024-09,1,35,2024-08-31,2024-09-01,2024-09-30,18.0,2.0,0,0,0,0
1051,2024-08,2024-11,3,35,2024-08-31,2024-11-01,2024-11-30,18.0,2.0,0,0,0,0
1051,2024-09,2024-10,1,35,2024-09-30,2024-10-01,2024-10-31,19.0,2.0,0,0,0,0
1051,2024-09,2024-12,3,35,2024-09-30,2024-12-01,2024-12-31,19.0,2.0,0,0,0,0
1051,2024-10,2024-11,1,35,2024-10-31,2024-11-01,2024-11-30,21.0,2.0,0,0,0,0
1051,2024-11,2024-12,1,35,2024-11-30,2024-12-01,2024-12-31,21.0,2.0,0,0,0,0
1058,2023-12,2024-12,12,35,2023-12-31,2024-12-01,2024-12-31,16.0,2.0,0,0,0,0
1058,2024-06,2024-07,1,35,2024-06-30,2024-07-01,2024-07-31,16.0,2.0,0,0,0,0
1058,2024-06,2024-09,3,35,2024-06-30,2024-09-01,2024-09-30,16.0,2.0,0,0,0,0
1058,2024-06,2024-12,6,35,2024-06-30,2024-12-01,2024-12-31,16.0,2.0,0,0,0,0
1058,2024-07,2024-08,1,35,2024-07-31,2024-08-01,2024-08-31,18.0,2.0,0,0,0,0
1058,2024-07,2024-10,3,35,2024-07-31,2024-10-01,2024-10-31,18.0,2.0,0,0,0,0
1058,2024-08,2024-09,1,35,2024-08-31,2024-09-01,2024-09-30,18.0,2.0,0,0,0,0
1058,2024-08,2024-11,3,35,2024-08-31,2024-11-01,2024-11-30,18.0,2.0,0,0,0,0
1058,2024-09,2024-10,1,35,2024-09-30,2024-10-01,2024-10-31,19.0,2.0,0,0,0,0
1058,2024-09,2024-12,3,35,2024-09-30,2024-12-01,2024-12-31,19.0,2.0,0,0,0,0
1058,2024-10,2024-11,1,35,2024-10-31,2024-11-01,2024-11-30,21.0,2.0,0,0,0,0
1058,2024-11,2024-12,1,35,2024-11-30,2024-12-01,2024-12-31,21.0,2.0,0,0,0,0
1064,2023-12,2024-12,12,35,2023-12-31,2024-12-01,2024-12-31,16.0,2.0,0,0,0,0
1064,2024-06,2024-07,1,35,2024-06-30,2024-07-01,2024-07-31,16.0,2.0,0,0,0,0
1064,2024-06,2024-09,3,35,2024-06-30,2024-09-01,2024-09-30,16.0,2.0,0,0,0,0
1064,2024-06,2024-12,6,35,2024-06-30,2024-12-01,2024-12-31,16.0,2.0,0,0,0,0
1064,2024-07,2024-08,1,35,2024-07-31,2024-08-01,2024-08-31,18.0,2.0,0,0,0,0
1064,2024-07,2024-10,3,35,2024-07-31,2024-10-01,2024-10-31,18.0,2.0,0,0,0,0
1064,2024-08,2024-09,1,35,2024-08-31,2024-09-01,2024-09-30,18.0,2.0,0,0,0,0
1064,2024-08,2024-11,3,35,2024-08-31,2024-11-01,2024-11-30,18.0,2.0,0,0,0,0
1064,2024-09,2024-10,1,35,2024-09-30,2024-10-01,2024-10-31,19.0,2.0,0,0,0,0
1064,2024-09,2024-12,3,35,2024-09-30,2024-12-01,2024-12-31,19.0,2.0,0,0,0,0
1064,2024-10,2024-11,1,35,2024-10-31,2024-11-01,2024-11-30,21.0,2.0,0,0,0,0
1064,2024-11,2024-12,1,35,2024-11-30,2024-12-01,2024-12-31,21.0,2.0,0,0,0,0
1065,2023-12,2024-12,12,35,2023-12-31,2024-12-01,2024-12-31,16.0,2.0,0,0,0,0
1065,2024-06,2024-07,1,35,2024-06-30,2024-07-01,2024-07-31,16.0,2.0,0,0,0,0
1065,2024-06,2024-09,3,35,2024-06-30,2024-09-01,2024-09-30,16.0,2.0,0,0,0,0
1065,2024-06,2024-12,6,35,2024-06-30,2024-12-01,2024-12-31,16.0,2.0,0,0,0,0
1065,2024-07,2024-08,1,35,2024-07-31,2024-08-01,2024-08-31,18.0,2.0,0,0,0,0
1065,2024-07,2024-10,3,35,2024-07-31,2024-10-01,2024-10-31,18.0,2.0,0,0,0,0
1065,2024-08,2024-09,1,35,2024-08-31,2024-09-01,2024-09-30,18.0,2.0,0,0,0,0
1065,2024-08,2024-11,3,35,2024-08-31,2024-11-01,2024-11-30,18.0,2.0,0,0,0,0
1065,2024-09,2024-10,1,35,2024-09-30,2024-10-01,2024-10-31,19.0,2.0,0,0,0,0
1065,2024-09,2024-12,3,35,2024-09-30,2024-12-01,2024-12-31,19.0,2.0,0,0,0,0
1065,2024-10,2024-11,1,35,2024-10-31,2024-11-01,2024-11-30,21.0,2.0,0,0,0,0
1065,2024-11,2024-12,1,35,2024-11-30,2024-12-01,2024-12-31,21.0,2.0,0,0,0,0
1066,2023-12,2024-12,12,35,2023-12-31,2024-12-01,2024-12-31,16.0,2.0,0,0,0,0
1066,2024-06,2024-07,1,35,2024-06-30,2024-07-01,2024-07-31,16.0,2.0,0,0,0,0
1066,2024-06,2024-09,3,35,2024-06-30,2024-09-01,2024-09-30,16.0,2.0,0,0,0,0
1066,2024-06,2024-12,6,35,2024-06-30,2024-12-01,2024-12-31,16.0,2.0,0,0,0,0
1066,2024-07,2024-08,1,35,2024-07-31,2024-08-01,2024-08-31,18.0,2.0,0,0,0,0
1066,2024-07,2024-10,3,35,2024-07-31,2024-10-01,2024-10-31,18.0,2.0,0,0,0,0
1066,2024-08,2024-09,1,35,2024-08-31,2024-09-01,2024-09-30,18.0,2.0,0,0,0,0
1066,2024-08,2024-11,3,35,2024-08-31,2024-11-01,2024-11-30,18.0,2.0,0,0,0,0
1066,2024-09,2024-10,1,35,2024-09-30,2024-10-01,2024-10-31,19.0,2.0,0,0,0,0
1066,2024-09,2024-12,3,35,2024-09-30,2024-12-01,2024-12-31,19.0,2.0,0,0,0,0
1066,2024-10,2024-11,1,35,2024-10-31,2024-11-01,2024-11-30,21.0,2.0,0,0,0,0
1066,2024-11,2024-12,1,35,2024-11-30,2024-12-01,2024-12-31,21.0,2.0,0,0,0,0
1069,2023-12,2024-12,12,35,2023-12-31,2024-12-01,2024-12-31,16.0,2.0,0,0,0,0
1069,2024-06,2024-07,1,35,2024-06-30,2024-07-01,2024-07-31,16.0,2.0,0,0,0,0
1069,2024-06,2024-09,3,35,2024-06-30,2024-09-01,2024-09-30,16.0,2.0,0,0,0,0
1069,2024-06,2024-12,6,35,2024-06-30,2024-12-01,2024-12-31,16.0,2.0,0,0,0,0
1069,2024-07,2024-08,1,35,2024-07-31,2024-08-01,2024-08-31,18.0,2.0,0,0,0,0
1069,2024-07,2024-10,3,35,2024-07-31,2024-10-01,2024-10-31,18.0,2.0,0,0,0,0
1069,2024-08,2024-09,1,35,2024-08-31,2024-09-01,2024-09-30,18.0,2.0,0,0,0,0
1069,2024-08,2024-11,3,35,2024-08-31,2024-11-01,2024-11-30,18.0,2.0,0,0,0,0
1069,2024-09,2024-10,1,35,2024-09-30,2024-10-01,2024-10-31,19.0,2.0,0,0,0,0
1069,2024-09,2024-12,3,35,2024-09-30,2024-12-01,2024-12-31,19.0,2.0,0,0,0,0
1069,2024-10,2024-11,1,35,2024-10-31,2024-11-01,2024-11-30,21.0,2.0,0,0,0,0
1069,2024-11,2024-12,1,35,2024-11-30,2024-12-01,2024-12-31,21.0,2.0,0,0,0,0
1120,2023-12,2024-12,12,37,2023-12-31,2024-12-01,2024-12-31,16.0,2.0,0,0,0,0
1120,2024-06,2024-07,1,37,2024-06-30,2024-07-01,2024-07-31,16.0,2.0,0,0,0,0
1120,2024-06,2024-09,3,37,2024-06-30,2024-09-01,2024-09-30,16.0,2.0,0,0,0,0
1120,2024-06,2024-12,6,37,2024-06-30,2024-12-01,2024-12-31,16.0,2.0,0,0,0,0
1120,2024-07,2024-08,1,37,2024-07-31,2024-08-01,2024-08-31,18.0,2.0,0,0,0,0
1120,2024-07,2024-10,3,37,2024-07-31,2024-10-01,2024-10-31,18.0,2.0,0,0,0,0
1120,2024-08,2024-09,1,37,2024-08-31,2024-09-01,2024-09-30,18.0,2.0,0,0,0,0
1120,2024-08,2024-11,3,37,2024-08-31,2024-11-01,2024-11-30,18.0,2.0,0,0,0,0
1120,2024-09,2024-10,1,37,2024-09-30,2024-10-01,2024-10-31,19.0,2.0,0,0,0,0
1120,2024-09,2024-12,3,37,2024-09-30,2024-12-01,2024-12-31,19.0,2.0,0,0,0,0
1120,2024-10,2024-11,1,37,2024-10-31,2024-11-01,2024-11-30,21.0,2.0,0,0,0,0
1120,2024-11,2024-12,1,37,2024-11-30,2024-12-01,2024-12-31,21.0,2.0,0,0,0,0
1121,2023-12,2024-12,12,37,2023-12-31,2024-12-01,2024-12-31,16.0,2.0,0,0,0,0
1121,2024-06,2024-07,1,37,2024-06-30,2024-07-01,2024-07-31,16.0,2.0,0,0,0,0
1121,2024-06,2024-09,3,37,2024-06-30,2024-09-01,2024-09-30,16.0,2.0,0,0,0,0
1121,2024-06,2024-12,6,37,2024-06-30,2024-12-01,2024-12-31,16.0,2.0,0,0,0,0
1121,2024-07,2024-08,1,37,2024-07-31,2024-08-01,2024-08-31,18.0,2.0,0,0,0,0
1121,2024-07,2024-10,3,37,2024-07-31,2024-10-01,2024-10-31,18.0,2.0,0,0,0,0
1121,2024-08,2024-09,1,37,2024-08-31,2024-09-01,2024-09-30,18.0,2.0,0,0,0,0
1121,2024-08,2024-11,3,37,2024-08-31,2024-11-01,2024-11-30,18.0,2.0,0,0,0,0
1121,2024-09,2024-10,1,37,2024-09-30,2024-10-01,2024-10-31,19.0,2.0,0,0,0,0
1121,2024-09,2024-12,3,37,2024-09-30,2024-12-01,2024-12-31,19.0,2.0,0,0,0,0
1121,2024-10,2024-11,1,37,2024-10-31,2024-11-01,2024-11-30,21.0,2.0,0,0,0,0
1121,2024-11,2024-12,1,37,2024-11-30,2024-12-01,2024-12-31,21.0,2.0,0,0,0,0
1126,2023-12,2024-12,12,37,2023-12-31,2024-12-01,2024-12-31,16.0,2.0,0,0,0,0
1126,2024-06,2024-07,1,37,2024-06-30,2024-07-01,2024-07-31,16.0,2.0,0,0,0,0
1126,2024-06,2024-09,3,37,2024-06-30,2024-09-01,2024-09-30,16.0,2.0,0,0,0,0
1126,2024-06,2024-12,6,37,2024-06-30,2024-12-01,2024-12-31,16.0,2.0,0,0,0,0
1126,2024-07,2024-08,1,37,2024-07-31,2024-08-01,2024-08-31,18.0,2.0,0,0,0,0
1126,2024-07,2024-10,3,37,2024-07-31,2024-10-01,2024-10-31,18.0,2.0,0,0,0,0
1126,2024-08,2024-09,1,37,2024-08-31,2024-09-01,2024-09-30,18.0,2.0,0,0,0,0
1126,2024-08,2024-11,3,37,2024-08-31,2024-11-01,2024-11-30,18.0,2.0,0,0,0,0
1126,2024-09,2024-10,1,37,2024-09-30,2024-10-01,2024-10-31,19.0,2.0,0,0,0,0
1126,2024-09,2024-12,3,37,2024-09-30,2024-12-01,2024-12-31,19.0,2.0,0,0,0,0
1126,2024-10,2024-11,1,37,2024-10-31,2024-11-01,2024-11-30,21.0,2.0,0,0,0,0
1126,2024-11,2024-12,1,37,2024-11-30,2024-12-01,2024-12-31,21.0,2.0,0,0,0,0
1135,2023-12,2024-12,12,38,2023-12-31,2024-12-01,2024-12-31,16.0,2.0,0,0,0,0
1135,2024-06,2024-07,1,38,2024-06-30,2024-07-01,2024-07-31,16.0,2.0,0,0,0,0
1135,2024-06,2024-09,3,38,2024-06-30,2024-09-01,2024-09-30,16.0,2.0,0,0,0,0
1135,2024-06,2024-12,6,38,2024-06-30,2024-12-01,2024-12-31,16.0,2.0,0,0,0,0
1135,2024-07,2024-08,1,38,2024-07-31,2024-08-01,2024-08-31,18.0,2.0,0,0,0,0
1135,2024-07,2024-10,3,38,2024-07-31,2024-10-01,2024-10-31,18.0,2.0,0,0,0,0
1135,2024-08,2024-09,1,38,2024-08-31,2024-09-01,2024-09-30,18.0,2.0,0,0,0,0
1135,2024-08,2024-11,3,38,2024-08-31,2024-11-01,2024-11-30,18.0,2.0,0,0,0,0
1135,2024-09,2024-10,1,38,2024-09-30,2024-10-01,2024-10-31,19.0,2.0,0,0,0,0
1135,2024-09,2024-12,3,38,2024-09-30,2024-12-01,2024-12-31,19.0,2.0,0,0,0,0
1135,2024-10,2024-11,1,38,2024-10-31,2024-11-01,2024-11-30,21.0,2.0,0,0,0,0
1135,2024-11,2024-12,1,38,2024-11-30,2024-12-01,2024-12-31,21.0,2.0,0,0,0,0
1158,2023-12,2024-12,12,38,2023-12-31,2024-12-01,2024-12-31,16.0,2.0,0,0,0,0
1158,2024-06,2024-07,1,38,2024-06-30,2024-07-01,2024-07-31,16.0,2.0,0,0,0,0
1158,2024-06,2024-09,3,38,2024-06-30,2024-09-01,2024-09-30,16.0,2.0,0,0,0,0
1158,2024-06,2024-12,6,38,2024-06-30,2024-12-01,2024-12-31,16.0,2.0,0,0,0,0
1158,2024-07,2024-08,1,38,2024-07-31,2024-08-01,2024-08-31,18.0,2.0,0,0,0,0
1158,2024-07,2024-10,3,38,2024-07-31,2024-10-01,2024-10-31,18.0,2.0,0,0,0,0
1158,2024-08,2024-09,1,38,2024-08-31,2024-09-01,2024-09-30,18.0,2.0,0,0,0,0
1158,2024-08,2024-11,3,38,2024-08-31,2024-11-01,2024-11-30,18.0,2.0,0,0,0,0
1158,2024-09,2024-10,1,38,2024-09-30,2024-10-01,2024-10-31,19.0,2.0,0,0,0,0
1158,2024-09,2024-12,3,38,2024-09-30,2024-12-01,2024-12-31,19.0,2.0,0,0,0,0
1158,2024-10,2024-11,1,38,2024-10-31,2024-11-01,2024-11-30,21.0,2.0,0,0,0,0
1158,2024-11,2024-12,1,38,2024-11-30,2024-12-01,2024-12-31,21.0,2.0,0,0,0,0
1193,2023-12,2024-12,12,39,2023-12-31,2024-12-01,2024-12-31,16.0,2.0,0,0,0,0
1193,2024-06,2024-07,1,39,2024-06-30,2024-07-01,2024-07-31,16.0,2.0,0,0,0,0
1193,2024-06,2024-09,3,39,2024-06-30,2024-09-01,2024-09-30,16.0,2.0,0,0,0,0
1193,2024-06,2024-12,6,39,2024-06-30,2024-12-01,2024-12-31,16.0,2.0,0,0,0,0
1193,2024-07,2024-08,1,39,2024-07-31,2024-08-01,2024-08-31,18.0,2.0,0,0,0,0
1193,2024-07,2024-10,3,39,2024-07-31,2024-10-01,2024-10-31,18.0,2.0,0,0,0,0
1193,2024-08,2024-09,1,39,2024-08-31,2024-09-01,2024-09-30,18.0,2.0,0,0,0,0
1193,2024-08,2024-11,3,39,2024-08-31,2024-11-01,2024-11-30,18.0,2.0,0,0,0,0
1193,2024-09,2024-10,1,39,2024-09-30,2024-10-01,2024-10-31,19.0,2.0,0,0,0,0
1193,2024-09,2024-12,3,39,2024-09-30,2024-12-01,2024-12-31,19.0,2.0,0,0,0,0
1193,2024-10,2024-11,1,39,2024-10-31,2024-11-01,2024-11-30,21.0,2.0,0,0,0,0
1193,2024-11,2024-12,1,39,2024-11-30,2024-12-01,2024-12-31,21.0,2.0,0,0,0,0
1194,2023-12,2024-12,12,39,2023-12-31,2024-12-01,2024-12-31,16.0,2.0,0,0,0,0
1194,2024-06,2024-07,1,39,2024-06-30,2024-07-01,2024-07-31,16.0,2.0,0,0,0,0
1194,2024-06,2024-09,3,39,2024-06-30,2024-09-01,2024-09-30,16.0,2.0,0,0,0,0
1194,2024-06,2024-12,6,39,2024-06-30,2024-12-01,2024-12-31,16.0,2.0,0,0,0,0
1194,2024-07,2024-08,1,39,2024-07-31,2024-08-01,2024-08-31,18.0,2.0,0,0,0,0
1194,2024-07,2024-10,3,39,2024-07-31,2024-10-01,2024-10-31,18.0,2.0,0,0,0,0
1194,2024-08,2024-09,1,39,2024-08-31,2024-09-01,2024-09-30,18.0,2.0,0,0,0,0
1194,2024-08,2024-11,3,39,2024-08-31,2024-11-01,2024-11-30,18.0,2.0,0,0,0,0
1194,2024-09,2024-10,1,39,2024-09-30,2024-10-01,2024-10-31,19.0,2.0,0,0,0,0
1194,2024-09,2024-12,3,39,2024-09-30,2024-12-01,2024-12-31,19.0,2.0,0,0,0,0
1194,2024-10,2024-11,1,39,2024-10-31,2024-11-01,2024-11-30,21.0,2.0,0,0,0,0
1194,2024-11,2024-12,1,39,2024-11-30,2024-12-01,2024-12-31,21.0,2.0,0,0,0,0
1208,2023-12,2024-12,12,40,2023-12-31,2024-12-01,2024-12-31,16.0,2.0,0,0,0,0
1208,2024-06,2024-07,1,40,2024-06-30,2024-07-01,2024-07-31,16.0,2.0,0,0,0,0
1208,2024-06,2024-09,3,40,2024-06-30,2024-09-01,2024-09-30,16.0,2.0,0,0,0,0
1208,2024-06,2024-12,6,40,2024-06-30,2024-12-01,2024-12-31,16.0,2.0,0,0,0,0
1208,2024-07,2024-08,1,40,2024-07-31,2024-08-01,2024-08-31,18.0,2.0,0,0,0,0
1208,2024-07,2024-10,3,40,2024-07-31,2024-10-01,2024-10-31,18.0,2.0,0,0,0,0
1208,2024-08,2024-09,1,40,2024-08-31,2024-09-01,2024-09-30,18.0,2.0,0,0,0,0
1208,2024-08,2024-11,3,40,2024-08-31,2024-11-01,2024-11-30,18.0,2.0,0,0,0,0
1208,2024-09,2024-10,1,40,2024-09-30,2024-10-01,2024-10-31,19.0,2.0,0,0,0,0
1208,2024-09,2024-12,3,40,2024-09-30,2024-12-01,2024-12-31,19.0,2.0,0,0,0,0
1208,2024-10,2024-11,1,40,2024-10-31,2024-11-01,2024-11-30,21.0,2.0,0,0,0,0
1208,2024-11,2024-12,1,40,2024-11-30,2024-12-01,2024-12-31,21.0,2.0,0,0,0,0
1213,2023-12,2024-12,12,40,2023-12-31,2024-12-01,2024-12-31,16.0,2.0,0,0,0,0
1213,2024-06,2024-07,1,40,2024-06-30,2024-07-01,2024-07-31,16.0,2.0,0,0,0,0
1213,2024-06,2024-09,3,40,2024-06-30,2024-09-01,2024-09-30,16.0,2.0,0,0,0,0
1213,2024-06,2024-12,6,40,2024-06-30,2024-12-01,2024-12-31,16.0,2.0,0,0,0,0
1213,2024-07,2024-08,1,40,2024-07-31,2024-08-01,2024-08-31,18.0,2.0,0,0,0,0
1213,2024-07,2024-10,3,40,2024-07-31,2024-10-01,2024-10-31,18.0,2.0,0,0,0,0
1213,2024-08,2024-09,1,40,2024-08-31,2024-09-01,2024-09-30,18.0,2.0,0,0,0,0
1213,2024-08,2024-11,3,40,2024-08-31,2024-11-01,2024-11-30,18.0,2.0,0,0,0,0
1213,2024-09,2024-10,1,40,2024-09-30,2024-10-01,2024-10-31,19.0,2.0,0,0,0,0
1213,2024-09,2024-12,3,40,2024-09-30,2024-12-01,2024-12-31,19.0,2.0,0,0,0,0
1213,2024-10,2024-11,1,40,2024-10-31,2024-11-01,2024-11-30,21.0,2.0,0,0,0,0
1213,2024-11,2024-12,1,40,2024-11-30,2024-12-01,2024-12-31,21.0,2.0,0,0,0,0
1221,2023-12,2024-12,12,40,2023-12-31,2024-12-01,2024-12-31,16.0,2.0,0,0,0,0
1221,2024-06,2024-07,1,40,2024-06-30,2024-07-01,2024-07-31,16.0,2.0,0,0,0,0
1221,2024-06,2024-09,3,40,2024-06-30,2024-09-01,2024-09-30,16.0,2.0,0,0,0,0
1221,2024-06,2024-12,6,40,2024-06-30,2024-12-01,2024-12-31,16.0,2.0,0,0,0,0
1221,2024-07,2024-08,1,40,2024-07-31,2024-08-01,2024-08-31,18.0,2.0,0,0,0,0
1221,2024-07,2024-10,3,40,2024-07-31,2024-10-01,2024-10-31,18.0,2.0,0,0,0,0
1221,2024-08,2024-09,1,40,2024-08-31,2024-09-01,2024-09-30,18.0,2.0,0,0,0,0
1221,2024-08,2024-11,3,40,2024-08-31,2024-11-01,2024-11-30,18.0,2.0,0,0,0,0
1221,2024-09,2024-10,1,40,2024-09-30,2024-10-01,2024-10-31,19.0,2.0,0,0,0,0
1221,2024-09,2024-12,3,40,2024-09-30,2024-12-01,2024-12-31,19.0,2.0,0,0,0,0
1221,2024-10,2024-11,1,40,2024-10-31,2024-11-01,2024-11-30,21.0,2.0,0,0,0,0
1221,2024-11,2024-12,1,40,2024-11-30,2024-12-01,2024-12-31,21.0,2.0,0,0,0,0
1226,2023-12,2024-12,12,42,2023-12-31,2024-12-01,2024-12-31,16.0,2.0,0,0,0,0
1226,2024-06,2024-07,1,42,2024-06-30,2024-07-01,2024-07-31,16.0,2.0,0,0,0,0
1226,2024-06,2024-09,3,42,2024-06-30,2024-09-01,2024-09-30,16.0,2.0,0,0,0,0
1226,2024-06,2024-12,6,42,2024-06-30,2024-12-01,2024-12-31,16.0,2.0,0,0,0,0
1226,2024-07,2024-08,1,42,2024-07-31,2024-08-01,2024-08-31,18.0,2.0,0,0,0,0
1226,2024-07,2024-10,3,42,2024-07-31,2024-10-01,2024-10-31,18.0,2.0,0,0,0,0
1226,2024-08,2024-09,1,42,2024-08-31,2024-09-01,2024-09-30,18.0,2.0,0,0,0,0
1226,2024-08,2024-11,3,42,2024-08-31,2024-11-01,2024-11-30,18.0,2.0,0,0,0,0
1226,2024-09,2024-10,1,42,2024-09-30,2024-10-01,2024-10-31,19.0,2.0,0,0,0,0
1226,2024-09,2024-12,3,42,2024-09-30,2024-12-01,2024-12-31,19.0,2.0,0,0,0,0
1226,2024-10,2024-11,1,42,2024-10-31,2024-11-01,2024-11-30,21.0,2.0,0,0,0,0
1226,2024-11,2024-12,1,42,2024-11-30,2024-12-01,2024-12-31,21.0,2.0,0,0,0,0
1244,2023-12,2024-12,12,42,2023-12-31,2024-12-01,2024-12-31,16.0,2.0,0,0,0,0
1244,2024-06,2024-07,1,42,2024-06-30,2024-07-01,2024-07-31,16.0,2.0,0,0,0,0
1244,2024-06,2024-09,3,42,2024-06-30,2024-09-01,2024-09-30,16.0,2.0,0,0,0,0
1244,2024-06,2024-12,6,42,2024-06-30,2024-12-01,2024-12-31,16.0,2.0,0,0,0,0
1244,2024-07,2024-08,1,42,2024-07-31,2024-08-01,2024-08-31,18.0,2.0,0,0,0,0
1244,2024-07,2024-10,3,42,2024-07-31,2024-10-01,2024-10-31,18.0,2.0,0,0,0,0
1244,2024-08,2024-09,1,42,2024-08-31,2024-09-01,2024-09-30,18.0,2.0,0,0,0,0
1244,2024-08,2024-11,3,42,2024-08-31,2024-11-01,2024-11-30,18.0,2.0,0,0,0,0
1244,2024-09,2024-10,1,42,2024-09-30,2024-10-01,2024-10-31,19.0,2.0,0,0,0,0
1244,2024-09,2024-12,3,42,2024-09-30,2024-12-01,2024-12-31,19.0,2.0,0,0,0,0
1244,2024-10,2024-11,1,42,2024-10-31,2024-11-01,2024-11-30,21.0,2.0,0,0,0,0
1244,2024-11,2024-12,1,42,2024-11-30,2024-12-01,2024-12-31,21.0,2.0,0,0,0,0
1247,2023-12,2024-12,12,42,2023-12-31,2024-12-01,2024-12-31,16.0,2.0,0,0,0,0
1252,2023-12,2024-12,12,42,2023-12-31,2024-12-01,2024-12-31,16.0,2.0,0,0,0,0
1252,2024-06,2024-07,1,42,2024-06-30,2024-07-01,2024-07-31,16.0,2.0,0,0,0,0
1252,2024-06,2024-09,3,42,2024-06-30,2024-09-01,2024-09-30,16.0,2.0,0,0,0,0
1252,2024-06,2024-12,6,42,2024-06-30,2024-12-01,2024-12-31,16.0,2.0,0,0,0,0
1252,2024-07,2024-08,1,42,2024-07-31,2024-08-01,2024-08-31,18.0,2.0,0,0,0,0
1252,2024-07,2024-10,3,42,2024-07-31,2024-10-01,2024-10-31,18.0,2.0,0,0,0,0
1252,2024-08,2024-09,1,42,2024-08-31,2024-09-01,2024-09-30,18.0,2.0,0,0,0,0
1252,2024-08,2024-11,3,42,2024-08-31,2024-11-01,2024-11-30,18.0,2.0,0,0,0,0
1252,2024-09,2024-10,1,42,2024-09-30,2024-10-01,2024-10-31,19.0,2.0,0,0,0,0
1252,2024-09,2024-12,3,42,2024-09-30,2024-12-01,2024-12-31,19.0,2.0,0,0,0,0
1252,2024-10,2024-11,1,42,2024-10-31,2024-11-01,2024-11-30,21.0,2.0,0,0,0,0
1252,2024-11,2024-12,1,42,2024-11-30,2024-12-01,2024-12-31,21.0,2.0,0,0,0,0
1257,2023-12,2024-12,12,42,2023-12-31,2024-12-01,2024-12-31,16.0,2.0,0,0,0,0
1257,2024-06,2024-07,1,42,2024-06-30,2024-07-01,2024-07-31,16.0,2.0,0,0,0,0
1257,2024-06,2024-09,3,42,2024-06-30,2024-09-01,2024-09-30,16.0,2.0,0,0,0,0
1257,2024-06,2024-12,6,42,2024-06-30,2024-12-01,2024-12-31,16.0,2.0,0,0,0,0
1257,2024-07,2024-08,1,42,2024-07-31,2024-08-01,2024-08-31,18.0,2.0,0,0,0,0
1257,2024-07,2024-10,3,42,2024-07-31,2024-10-01,2024-10-31,18.0,2.0,0,0,0,0
1257,2024-08,2024-09,1,42,2024-08-31,2024-09-01,2024-09-30,18.0,2.0,0,0,0,0
1257,2024-08,2024-11,3,42,2024-08-31,2024-11-01,2024-11-30,18.0,2.0,0,0,0,0
1257,2024-09,2024-10,1,42,2024-09-30,2024-10-01,2024-10-31,19.0,2.0,0,0,0,0
1257,2024-09,2024-12,3,42,2024-09-30,2024-12-01,2024-12-31,19.0,2.0,0,0,0,0
1257,2024-10,2024-11,1,42,2024-10-31,2024-11-01,2024-11-30,21.0,2.0,0,0,0,0
1257,2024-11,2024-12,1,42,2024-11-30,2024-12-01,2024-12-31,21.0,2.0,0,0,0,0
1258,2023-12,2024-12,12,43,2023-12-31,2024-12-01,2024-12-31,16.0,2.0,0,0,0,0
1258,2024-06,2024-07,1,43,2024-06-30,2024-07-01,2024-07-31,16.0,2.0,0,0,0,0
1258,2024-06,2024-09,3,43,2024-06-30,2024-09-01,2024-09-30,16.0,2.0,0,0,0,0
1258,2024-06,2024-12,6,43,2024-06-30,2024-12-01,2024-12-31,16.0,2.0,0,0,0,0
1258,2024-07,2024-08,1,43,2024-07-31,2024-08-01,2024-08-31,18.0,2.0,0,0,0,0
1258,2024-07,2024-10,3,43,2024-07-31,2024-10-01,2024-10-31,18.0,2.0,0,0,0,0
1258,2024-08,2024-09,1,43,2024-08-31,2024-09-01,2024-09-30,18.0,2.0,0,0,0,0
1258,2024-08,2024-11,3,43,2024-08-31,2024-11-01,2024-11-30,18.0,2.0,0,0,0,0
1258,2024-09,2024-10,1,43,2024-09-30,2024-10-01,2024-10-31,19.0,2.0,0,0,0,0
1258,2024-09,2024-12,3,43,2024-09-30,2024-12-01,2024-12-31,19.0,2.0,0,0,0,0
1258,2024-10,2024-11,1,43,2024-10-31,2024-11-01,2024-11-30,21.0,2.0,0,0,0,0
1258,2024-11,2024-12,1,43,2024-11-30,2024-12-01,2024-12-31,21.0,2.0,0,0,0,0
1270,2023-12,2024-12,12,43,2023-12-31,2024-12-01,2024-12-31,16.0,2.0,0,0,0,0
1270,2024-06,2024-07,1,43,2024-06-30,2024-07-01,2024-07-31,16.0,2.0,0,0,0,0
1270,2024-06,2024-09,3,43,2024-06-30,2024-09-01,2024-09-30,16.0,2.0,0,0,0,0
1270,2024-06,2024-12,6,43,2024-06-30,2024-12-01,2024-12-31,16.0,2.0,0,0,0,0
1270,2024-07,2024-08,1,43,2024-07-31,2024-08-01,2024-08-31,18.0,2.0,0,0,0,0
1270,2024-07,2024-10,3,43,2024-07-31,2024-10-01,2024-10-31,18.0,2.0,0,0,0,0
1270,2024-08,2024-09,1,43,2024-08-31,2024-09-01,2024-09-30,18.0,2.0,0,0,0,0
1270,2024-08,2024-11,3,43,2024-08-31,2024-11-01,2024-11-30,18.0,2.0,0,0,0,0
1270,2024-09,2024-10,1,43,2024-09-30,2024-10-01,2024-10-31,19.0,2.0,0,0,0,0
1270,2024-09,2024-12,3,43,2024-09-30,2024-12-01,2024-12-31,19.0,2.0,0,0,0,0
1270,2024-10,2024-11,1,43,2024-10-31,2024-11-01,2024-11-30,21.0,2.0,0,0,0,0
1270,2024-11,2024-12,1,43,2024-11-30,2024-12-01,2024-12-31,21.0,2.0,0,0,0,0
1290,2023-12,2024-12,12,43,2023-12-31,2024-12-01,2024-12-31,16.0,2.0,0,0,0,0
1290,2024-06,2024-07,1,43,2024-06-30,2024-07-01,2024-07-31,16.0,2.0,0,0,0,0
1290,2024-06,2024-09,3,43,2024-06-30,2024-09-01,2024-09-30,16.0,2.0,0,0,0,0
1290,2024-06,2024-12,6,43,2024-06-30,2024-12-01,2024-12-31,16.0,2.0,0,0,0,0
1290,2024-07,2024-08,1,43,2024-07-31,2024-08-01,2024-08-31,18.0,2.0,0,0,0,0
1290,2024-07,2024-10,3,43,2024-07-31,2024-10-01,2024-10-31,18.0,2.0,0,0,0,0
1290,2024-08,2024-09,1,43,2024-08-31,2024-09-01,2024-09-30,18.0,2.0,0,0,0,0
1290,2024-08,2024-11,3,43,2024-08-31,2024-11-01,2024-11-30,18.0,2.0,0,0,0,0
1290,2024-09,2024-10,1,43,2024-09-30,2024-10-01,2024-10-31,19.0,2.0,0,0,0,0
1290,2024-09,2024-12,3,43,2024-09-30,2024-12-01,2024-12-31,19.0,2.0,0,0,0,0
1290,2024-10,2024-11,1,43,2024-10-31,2024-11-01,2024-11-30,21.0,2.0,0,0,0,0
1290,2024-11,2024-12,1,43,2024-11-30,2024-12-01,2024-12-31,21.0,2.0,0,0,0,0
1296,2023-12,2024-12,12,43,2023-12-31,2024-12-01,2024-12-31,16.0,2.0,0,0,0,0
1296,2024-06,2024-07,1,43,2024-06-30,2024-07-01,2024-07-31,16.0,2.0,0,0,0,0
1296,2024-06,2024-09,3,43,2024-06-30,2024-09-01,2024-09-30,16.0,2.0,0,0,0,0
1296,2024-06,2024-12,6,43,2024-06-30,2024-12-01,2024-12-31,16.0,2.0,0,0,0,0
1296,2024-07,2024-08,1,43,2024-07-31,2024-08-01,2024-08-31,18.0,2.0,0,0,0,0
1296,2024-07,2024-10,3,43,2024-07-31,2024-10-01,2024-10-31,18.0,2.0,0,0,0,0
1296,2024-08,2024-09,1,43,2024-08-31,2024-09-01,2024-09-30,18.0,2.0,0,0,0,0
1296,2024-08,2024-11,3,43,2024-08-31,2024-11-01,2024-11-30,18.0,2.0,0,0,0,0
1296,2024-09,2024-10,1,43,2024-09-30,2024-10-01,2024-10-31,19.0,2.0,0,0,0,0
1296,2024-09,2024-12,3,43,2024-09-30,2024-12-01,2024-12-31,19.0,2.0,0,0,0,0
1296,2024-10,2024-11,1,43,2024-10-31,2024-11-01,2024-11-30,21.0,2.0,0,0,0,0
1296,2024-11,2024-12,1,43,2024-11-30,2024-12-01,2024-12-31,21.0,2.0,0,0,0,0
1297,2023-12,2024-12,12,43,2023-12-31,2024-12-01,2024-12-31,16.0,2.0,0,0,0,0
1297,2024-06,2024-07,1,43,2024-06-30,2024-07-01,2024-07-31,16.0,2.0,0,0,0,0
1297,2024-06,2024-09,3,43,2024-06-30,2024-09-01,2024-09-30,16.0,2.0,0,0,0,0
1297,2024-06,2024-12,6,43,2024-06-30,2024-12-01,2024-12-31,16.0,2.0,0,0,0,0
1297,2024-07,2024-08,1,43,2024-07-31,2024-08-01,2024-08-31,18.0,2.0,0,0,0,0
1297,2024-07,2024-10,3,43,2024-07-31,2024-10-01,2024-10-31,18.0,2.0,0,0,0,0
1297,2024-08,2024-09,1,43,2024-08-31,2024-09-01,2024-09-30,18.0,2.0,0,0,0,0
1297,2024-08,2024-11,3,43,2024-08-31,2024-11-01,2024-11-30,18.0,2.0,0,0,0,0
1297,2024-09,2024-10,1,43,2024-09-30,2024-10-01,2024-10-31,19.0,2.0,0,0,0,0
1297,2024-09,2024-12,3,43,2024-09-30,2024-12-01,2024-12-31,19.0,2.0,0,0,0,0
1297,2024-10,2024-11,1,43,2024-10-31,2024-11-01,2024-11-30,21.0,2.0,0,0,0,0
1297,2024-11,2024-12,1,43,2024-11-30,2024-12-01,2024-12-31,21.0,2.0,0,0,0,0
1312,2023-12,2024-12,12,44,2023-12-31,2024-12-01,2024-12-31,16.0,2.0,0,0,0,0
1312,2024-06,2024-07,1,44,2024-06-30,2024-07-01,2024-07-31,16.0,2.0,0,0,0,0
1312,2024-06,2024-09,3,44,2024-06-30,2024-09-01,2024-09-30,16.0,2.0,0,0,0,0
1312,2024-06,2024-12,6,44,2024-06-30,2024-12-01,2024-12-31,16.0,2.0,0,0,0,0
1312,2024-07,2024-08,1,44,2024-07-31,2024-08-01,2024-08-31,18.0,2.0,0,0,0,0
1312,2024-07,2024-10,3,44,2024-07-31,2024-10-01,2024-10-31,18.0,2.0,0,0,0,0
1312,2024-08,2024-09,1,44,2024-08-31,2024-09-01,2024-09-30,18.0,2.0,0,0,0,0
1312,2024-08,2024-11,3,44,2024-08-31,2024-11-01,2024-11-30,18.0,2.0,0,0,0,0
1312,2024-09,2024-10,1,44,2024-09-30,2024-10-01,2024-10-31,19.0,2.0,0,0,0,0
1312,2024-09,2024-12,3,44,2024-09-30,2024-12-01,2024-12-31,19.0,2.0,0,0,0,0
1312,2024-10,2024-11,1,44,2024-10-31,2024-11-01,2024-11-30,21.0,2.0,0,0,0,0
1312,2024-11,2024-12,1,44,2024-11-30,2024-12-01,2024-12-31,21.0,2.0,0,0,0,0
1313,2023-12,2024-12,12,44,2023-12-31,2024-12-01,2024-12-31,16.0,2.0,0,0,0,0
1313,2024-06,2024-07,1,44,2024-06-30,2024-07-01,2024-07-31,16.0,2.0,0,0,0,0
1313,2024-06,2024-09,3,44,2024-06-30,2024-09-01,2024-09-30,16.0,2.0,0,0,0,0
1313,2024-06,2024-12,6,44,2024-06-30,2024-12-01,2024-12-31,16.0,2.0,0,0,0,0
1313,2024-07,2024-08,1,44,2024-07-31,2024-08-01,2024-08-31,18.0,2.0,0,0,0,0
1313,2024-07,2024-10,3,44,2024-07-31,2024-10-01,2024-10-31,18.0,2.0,0,0,0,0
1313,2024-08,2024-09,1,44,2024-08-31,2024-09-01,2024-09-30,18.0,2.0,0,0,0,0
1313,2024-08,2024-11,3,44,2024-08-31,2024-11-01,2024-11-30,18.0,2.0,0,0,0,0
1313,2024-09,2024-10,1,44,2024-09-30,2024-10-01,2024-10-31,19.0,2.0,0,0,0,0
1313,2024-09,2024-12,3,44,2024-09-30,2024-12-01,2024-12-31,19.0,2.0,0,0,0,0
1313,2024-10,2024-11,1,44,2024-10-31,2024-11-01,2024-11-30,21.0,2.0,0,0,0,0
1313,2024-11,2024-12,1,44,2024-11-30,2024-12-01,2024-12-31,21.0,2.0,0,0,0,0
1322,2023-12,2024-12,12,44,2023-12-31,2024-12-01,2024-12-31,16.0,2.0,0,0,0,0
1322,2024-06,2024-07,1,44,2024-06-30,2024-07-01,2024-07-31,16.0,2.0,0,0,0,0
1322,2024-06,2024-09,3,44,2024-06-30,2024-09-01,2024-09-30,16.0,2.0,0,0,0,0
1322,2024-06,2024-12,6,44,2024-06-30,2024-12-01,2024-12-31,16.0,2.0,0,0,0,0
1322,2024-07,2024-08,1,44,2024-07-31,2024-08-01,2024-08-31,18.0,2.0,0,0,0,0
1322,2024-07,2024-10,3,44,2024-07-31,2024-10-01,2024-10-31,18.0,2.0,0,0,0,0
1322,2024-08,2024-09,1,44,2024-08-31,2024-09-01,2024-09-30,18.0,2.0,0,0,0,0
1322,2024-08,2024-11,3,44,2024-08-31,2024-11-01,2024-11-30,18.0,2.0,0,0,0,0
1322,2024-09,2024-10,1,44,2024-09-30,2024-10-01,2024-10-31,19.0,2.0,0,0,0,0
1322,2024-09,2024-12,3,44,2024-09-30,2024-12-01,2024-12-31,19.0,2.0,0,0,0,0
1322,2024-10,2024-11,1,44,2024-10-31,2024-11-01,2024-11-30,21.0,2.0,0,0,0,0
1322,2024-11,2024-12,1,44,2024-11-30,2024-12-01,2024-12-31,21.0,2.0,0,0,0,0
1337,2023-12,2024-12,12,45,2023-12-31,2024-12-01,2024-12-31,16.0,2.0,0,0,0,0
1337,2024-06,2024-07,1,45,2024-06-30,2024-07-01,2024-07-31,16.0,2.0,0,0,0,0
1337,2024-06,2024-09,3,45,2024-06-30,2024-09-01,2024-09-30,16.0,2.0,0,0,0,0
1337,2024-06,2024-12,6,45,2024-06-30,2024-12-01,2024-12-31,16.0,2.0,0,0,0,0
1337,2024-07,2024-08,1,45,2024-07-31,2024-08-01,2024-08-31,18.0,2.0,0,0,0,0
1337,2024-07,2024-10,3,45,2024-07-31,2024-10-01,2024-10-31,18.0,2.0,0,0,0,0
1337,2024-08,2024-09,1,45,2024-08-31,2024-09-01,2024-09-30,18.0,2.0,0,0,0,0
1337,2024-08,2024-11,3,45,2024-08-31,2024-11-01,2024-11-30,18.0,2.0,0,0,0,0
1337,2024-09,2024-10,1,45,2024-09-30,2024-10-01,2024-10-31,19.0,2.0,0,0,0,0
1337,2024-09,2024-12,3,45,2024-09-30,2024-12-01,2024-12-31,19.0,2.0,0,0,0,0
1337,2024-10,2024-11,1,45,2024-10-31,2024-11-01,2024-11-30,21.0,2.0,0,0,0,0
1337,2024-11,2024-12,1,45,2024-11-30,2024-12-01,2024-12-31,21.0,2.0,0,0,0,0
1393,2023-12,2024-12,12,47,2023-12-31,2024-12-01,2024-12-31,16.0,2.0,0,0,0,0
1393,2024-06,2024-07,1,47,2024-06-30,2024-07-01,2024-07-31,16.0,2.0,0,0,0,0
1393,2024-06,2024-09,3,47,2024-06-30,2024-09-01,2024-09-30,16.0,2.0,0,0,0,0
1393,2024-06,2024-12,6,47,2024-06-30,2024-12-01,2024-12-31,16.0,2.0,0,0,0,0
1393,2024-07,2024-08,1,47,2024-07-31,2024-08-01,2024-08-31,18.0,2.0,0,0,0,0
1393,2024-07,2024-10,3,47,2024-07-31,2024-10-01,2024-10-31,18.0,2.0,0,0,0,0
1393,2024-08,2024-09,1,47,2024-08-31,2024-09-01,2024-09-30,18.0,2.0,0,0,0,0
1393,2024-08,2024-11,3,47,2024-08-31,2024-11-01,2024-11-30,18.0,2.0,0,0,0,0
1393,2024-09,2024-10,1,47,2024-09-30,2024-10-01,2024-10-31,19.0,2.0,0,0,0,0
1393,2024-09,2024-12,3,47,2024-09-30,2024-12-01,2024-12-31,19.0,2.0,0,0,0,0
1393,2024-10,2024-11,1,47,2024-10-31,2024-11-01,2024-11-30,21.0,2.0,0,0,0,0
1393,2024-11,2024-12,1,47,2024-11-30,2024-12-01,2024-12-31,21.0,2.0,0,0,0,0
1398,2023-12,2024-12,12,47,2023-12-31,2024-12-01,2024-12-31,16.0,2.0,0,0,0,0
1398,2024-06,2024-07,1,47,2024-06-30,2024-07-01,2024-07-31,16.0,2.0,0,0,0,0
1398,2024-06,2024-09,3,47,2024-06-30,2024-09-01,2024-09-30,16.0,2.0,0,0,0,0
1398,2024-06,2024-12,6,47,2024-06-30,2024-12-01,2024-12-31,16.0,2.0,0,0,0,0
1398,2024-07,2024-08,1,47,2024-07-31,2024-08-01,2024-08-31,18.0,2.0,0,0,0,0
1398,2024-07,2024-10,3,47,2024-07-31,2024-10-01,2024-10-31,18.0,2.0,0,0,0,0
1398,2024-08,2024-09,1,47,2024-08-31,2024-09-01,2024-09-30,18.0,2.0,0,0,0,0
1398,2024-08,2024-11,3,47,2024-08-31,2024-11-01,2024-11-30,18.0,2.0,0,0,0,0
1398,2024-09,2024-10,1,47,2024-09-30,2024-10-01,2024-10-31,19.0,2.0,0,0,0,0
1398,2024-09,2024-12,3,47,2024-09-30,2024-12-01,2024-12-31,19.0,2.0,0,0,0,0
1398,2024-10,2024-11,1,47,2024-10-31,2024-11-01,2024-11-30,21.0,2.0,0,0,0,0
1398,2024-11,2024-12,1,47,2024-11-30,2024-12-01,2024-12-31,21.0,2.0,0,0,0,0
1410,2023-12,2024-12,12,48,2023-12-31,2024-12-01,2024-12-31,16.0,2.0,0,0,0,0
1410,2024-06,2024-07,1,48,2024-06-30,2024-07-01,2024-07-31,16.0,2.0,0,0,0,0
1410,2024-06,2024-09,3,48,2024-06-30,2024-09-01,2024-09-30,16.0,2.0,0,0,0,0
1410,2024-06,2024-12,6,48,2024-06-30,2024-12-01,2024-12-31,16.0,2.0,0,0,0,0
1410,2024-07,2024-08,1,48,2024-07-31,2024-08-01,2024-08-31,18.0,2.0,0,0,0,0
1410,2024-07,2024-10,3,48,2024-07-31,2024-10-01,2024-10-31,18.0,2.0,0,0,0,0
1410,2024-08,2024-09,1,48,2024-08-31,2024-09-01,2024-09-30,18.0,2.0,0,0,0,0
1410,2024-08,2024-11,3,48,2024-08-31,2024-11-01,2024-11-30,18.0,2.0,0,0,0,0
1410,2024-09,2024-10,1,48,2024-09-30,2024-10-01,2024-10-31,19.0,2.0,0,0,0,0
1410,2024-09,2024-12,3,48,2024-09-30,2024-12-01,2024-12-31,19.0,2.0,0,0,0,0
1410,2024-10,2024-11,1,48,2024-10-31,2024-11-01,2024-11-30,21.0,2.0,0,0,0,0
1410,2024-11,2024-12,1,48,2024-11-30,2024-12-01,2024-12-31,21.0,2.0,0,0,0,0
1414,2023-12,2024-12,12,48,2023-12-31,2024-12-01,2024-12-31,16.0,2.0,0,0,0,0
1414,2024-06,2024-07,1,48,2024-06-30,2024-07-01,2024-07-31,16.0,2.0,0,0,0,0
1414,2024-06,2024-09,3,48,2024-06-30,2024-09-01,2024-09-30,16.0,2.0,0,0,0,0
1414,2024-06,2024-12,6,48,2024-06-30,2024-12-01,2024-12-31,16.0,2.0,0,0,0,0
1414,2024-07,2024-08,1,48,2024-07-31,2024-08-01,2024-08-31,18.0,2.0,0,0,0,0
1414,2024-07,2024-10,3,48,2024-07-31,2024-10-01,2024-10-31,18.0,2.0,0,0,0,0
1414,2024-08,2024-09,1,48,2024-08-31,2024-09-01,2024-09-30,18.0,2.0,0,0,0,0
1414,2024-08,2024-11,3,48,2024-08-31,2024-11-01,2024-11-30,18.0,2.0,0,0,0,0
1414,2024-09,2024-10,1,48,2024-09-30,2024-10-01,2024-10-31,19.0,2.0,0,0,0,0
1414,2024-09,2024-12,3,48,2024-09-30,2024-12-01,2024-12-31,19.0,2.0,0,0,0,0
1414,2024-10,2024-11,1,48,2024-10-31,2024-11-01,2024-11-30,21.0,2.0,0,0,0,0
1414,2024-11,2024-12,1,48,2024-11-30,2024-12-01,2024-12-31,21.0,2.0,0,0,0,0
1415,2023-12,2024-12,12,48,2023-12-31,2024-12-01,2024-12-31,16.0,2.0,0,0,0,0
1415,2024-06,2024-07,1,48,2024-06-30,2024-07-01,2024-07-31,16.0,2.0,0,0,0,0
1415,2024-06,2024-09,3,48,2024-06-30,2024-09-01,2024-09-30,16.0,2.0,0,0,0,0
1415,2024-06,2024-12,6,48,2024-06-30,2024-12-01,2024-12-31,16.0,2.0,0,0,0,0
1415,2024-07,2024-08,1,48,2024-07-31,2024-08-01,2024-08-31,18.0,2.0,0,0,0,0
1415,2024-07,2024-10,3,48,2024-07-31,2024-10-01,2024-10-31,18.0,2.0,0,0,0,0
1415,2024-08,2024-09,1,48,2024-08-31,2024-09-01,2024-09-30,18.0,2.0,0,0,0,0
1415,2024-08,2024-11,3,48,2024-08-31,2024-11-01,2024-11-30,18.0,2.0,0,0,0,0
1415,2024-09,2024-10,1,48,2024-09-30,2024-10-01,2024-10-31,19.0,2.0,0,0,0,0
1415,2024-09,2024-12,3,48,2024-09-30,2024-12-01,2024-12-31,19.0,2.0,0,0,0,0
1415,2024-10,2024-11,1,48,2024-10-31,2024-11-01,2024-11-30,21.0,2.0,0,0,0,0
1415,2024-11,2024-12,1,48,2024-11-30,2024-12-01,2024-12-31,21.0,2.0,0,0,0,0
1439,2023-12,2024-12,12,50,2023-12-31,2024-12-01,2024-12-31,16.0,2.0,0,0,0,0
1439,2024-06,2024-07,1,50,2024-06-30,2024-07-01,2024-07-31,16.0,2.0,0,0,0,0
1439,2024-06,2024-09,3,50,2024-06-30,2024-09-01,2024-09-30,16.0,2.0,0,0,0,0
1439,2024-06,2024-12,6,50,2024-06-30,2024-12-01,2024-12-31,16.0,2.0,0,0,0,0
1439,2024-07,2024-08,1,50,2024-07-31,2024-08-01,2024-08-31,18.0,2.0,0,0,0,0
1439,2024-07,2024-10,3,50,2024-07-31,2024-10-01,2024-10-31,18.0,2.0,0,0,0,0
1439,2024-08,2024-09,1,50,2024-08-31,2024-09-01,2024-09-30,18.0,2.0,0,0,0,0
1439,2024-08,2024-11,3,50,2024-08-31,2024-11-01,2024-11-30,18.0,2.0,0,0,0,0
1439,2024-09,2024-10,1,50,2024-09-30,2024-10-01,2024-10-31,19.0,2.0,0,0,0,0
1439,2024-09,2024-12,3,50,2024-09-30,2024-12-01,2024-12-31,19.0,2.0,0,0,0,0
1439,2024-10,2024-11,1,50,2024-10-31,2024-11-01,2024-11-30,21.0,2.0,0,0,0,0
1439,2024-11,2024-12,1,50,2024-11-30,2024-12-01,2024-12-31,21.0,2.0,0,0,0,0
1445,2023-12,2024-12,12,50,2023-12-31,2024-12-01,2024-12-31,16.0,2.0,0,0,0,0
1445,2024-06,2024-07,1,50,2024-06-30,2024-07-01,2024-07-31,16.0,2.0,0,0,0,0
1445,2024-06,2024-09,3,50,2024-06-30,2024-09-01,2024-09-30,16.0,2.0,0,0,0,0
1445,2024-06,2024-12,6,50,2024-06-30,2024-12-01,2024-12-31,16.0,2.0,0,0,0,0
1445,2024-07,2024-08,1,50,2024-07-31,2024-08-01,2024-08-31,18.0,2.0,0,0,0,0
1445,2024-07,2024-10,3,50,2024-07-31,2024-10-01,2024-10-31,18.0,2.0,0,0,0,0
1445,2024-08,2024-09,1,50,2024-08-31,2024-09-01,2024-09-30,18.0,2.0,0,0,0,0
1445,2024-08,2024-11,3,50,2024-08-31,2024-11-01,2024-11-30,18.0,2.0,0,0,0,0
1445,2024-09,2024-10,1,50,2024-09-30,2024-10-01,2024-10-31,19.0,2.0,0,0,0,0
1445,2024-09,2024-12,3,50,2024-09-30,2024-12-01,2024-12-31,19.0,2.0,0,0,0,0
1445,2024-10,2024-11,1,50,2024-10-31,2024-11-01,2024-11-30,21.0,2.0,0,0,0,0
1445,2024-11,2024-12,1,50,2024-11-30,2024-12-01,2024-12-31,21.0,2.0,0,0,0,0
1453,2023-12,2024-12,12,50,2023-12-31,2024-12-01,2024-12-31,16.0,2.0,0,0,0,0
1453,2024-06,2024-07,1,50,2024-06-30,2024-07-01,2024-07-31,16.0,2.0,0,0,0,0
1453,2024-06,2024-09,3,50,2024-06-30,2024-09-01,2024-09-30,16.0,2.0,0,0,0,0
1453,2024-06,2024-12,6,50,2024-06-30,2024-12-01,2024-12-31,16.0,2.0,0,0,0,0
1453,2024-07,2024-08,1,50,2024-07-31,2024-08-01,2024-08-31,18.0,2.0,0,0,0,0
1453,2024-07,2024-10,3,50,2024-07-31,2024-10-01,2024-10-31,18.0,2.0,0,0,0,0
1453,2024-08,2024-09,1,50,2024-08-31,2024-09-01,2024-09-30,18.0,2.0,0,0,0,0
1453,2024-08,2024-11,3,50,2024-08-31,2024-11-01,2024-11-30,18.0,2.0,0,0,0,0
1453,2024-09,2024-10,1,50,2024-09-30,2024-10-01,2024-10-31,19.0,2.0,0,0,0,0
1453,2024-09,2024-12,3,50,2024-09-30,2024-12-01,2024-12-31,19.0,2.0,0,0,0,0
1453,2024-10,2024-11,1,50,2024-10-31,2024-11-01,2024-11-30,21.0,2.0,0,0,0,0
1453,2024-11,2024-12,1,50,2024-11-30,2024-12-01,2024-12-31,21.0,2.0,0,0,0,0
1463,2023-12,2024-12,12,50,2023-12-31,2024-12-01,2024-12-31,16.0,2.0,0,0,0,0
1463,2024-06,2024-07,1,50,2024-06-30,2024-07-01,2024-07-31,16.0,2.0,0,0,0,0
1463,2024-06,2024-09,3,50,2024-06-30,2024-09-01,2024-09-30,16.0,2.0,0,0,0,0
1463,2024-06,2024-12,6,50,2024-06-30,2024-12-01,2024-12-31,16.0,2.0,0,0,0,0
1463,2024-07,2024-08,1,50,2024-07-31,2024-08-01,2024-08-31,18.0,2.0,0,0,0,0
1463,2024-07,2024-10,3,50,2024-07-31,2024-10-01,2024-10-31,18.0,2.0,0,0,0,0
1463,2024-08,2024-09,1,50,2024-08-31,2024-09-01,2024-09-30,18.0,2.0,0,0,0,0
1463,2024-08,2024-11,3,50,2024-08-31,2024-11-01,2024-11-30,18.0,2.0,0,0,0,0
1463,2024-09,2024-10,1,50,2024-09-30,2024-10-01,2024-10-31,19.0,2.0,0,0,0,0
1463,2024-09,2024-12,3,50,2024-09-30,2024-12-01,2024-12-31,19.0,2.0,0,0,0,0
1463,2024-10,2024-11,1,50,2024-10-31,2024-11-01,2024-11-30,21.0,2.0,0,0,0,0
1463,2024-11,2024-12,1,50,2024-11-30,2024-12-01,2024-12-31,21.0,2.0,0,0,0,0
1468,2023-12,2024-12,12,50,2023-12-31,2024-12-01,2024-12-31,16.0,2.0,0,0,0,0
1468,2024-06,2024-07,1,50,2024-06-30,2024-07-01,2024-07-31,16.0,2.0,0,0,0,0
1468,2024-06,2024-09,3,50,2024-06-30,2024-09-01,2024-09-30,16.0,2.0,0,0,0,0
1468,2024-06,2024-12,6,50,2024-06-30,2024-12-01,2024-12-31,16.0,2.0,0,0,0,0
1468,2024-07,2024-08,1,50,2024-07-31,2024-08-01,2024-08-31,18.0,2.0,0,0,0,0
1468,2024-07,2024-10,3,50,2024-07-31,2024-10-01,2024-10-31,18.0,2.0,0,0,0,0
1468,2024-08,2024-09,1,50,2024-08-31,2024-09-01,2024-09-30,18.0,2.0,0,0,0,0
1468,2024-08,2024-11,3,50,2024-08-31,2024-11-01,2024-11-30,18.0,2.0,0,0,0,0
1468,2024-09,2024-10,1,50,2024-09-30,2024-10-01,2024-10-31,19.0,2.0,0,0,0,0
1468,2024-09,2024-12,3,50,2024-09-30,2024-12-01,2024-12-31,19.0,2.0,0,0,0,0
1468,2024-10,2024-11,1,50,2024-10-31,2024-11-01,2024-11-30,21.0,2.0,0,0,0,0
1468,2024-11,2024-12,1,50,2024-11-30,2024-12-01,2024-12-31,21.0,2.0,0,0,0,0
1495,2023-12,2024-12,12,50,2023-12-31,2024-12-01,2024-12-31,16.0,2.0,0,0,0,0
1495,2024-06,2024-07,1,50,2024-06-30,2024-07-01,2024-07-31,16.0,2.0,0,0,0,0
1495,2024-06,2024-09,3,50,2024-06-30,2024-09-01,2024-09-30,16.0,2.0,0,0,0,0
1495,2024-06,2024-12,6,50,2024-06-30,2024-12-01,2024-12-31,16.0,2.0,0,0,0,0
1495,2024-07,2024-08,1,50,2024-07-31,2024-08-01,2024-08-31,18.0,2.0,0,0,0,0
1495,2024-07,2024-10,3,50,2024-07-31,2024-10-01,2024-10-31,18.0,2.0,0,0,0,0
1495,2024-08,2024-09,1,50,2024-08-31,2024-09-01,2024-09-30,18.0,2.0,0,0,0,0
1495,2024-08,2024-11,3,50,2024-08-31,2024-11-01,2024-11-30,18.0,2.0,0,0,0,0
1495,2024-09,2024-10,1,50,2024-09-30,2024-10-01,2024-10-31,19.0,2.0,0,0,0,0
1495,2024-09,2024-12,3,50,2024-09-30,2024-12-01,2024-12-31,19.0,2.0,0,0,0,0
1495,2024-10,2024-11,1,50,2024-10-31,2024-11-01,2024-11-30,21.0,2.0,0,0,0,0
1495,2024-11,2024-12,1,50,2024-11-30,2024-12-01,2024-12-31,21.0,2.0,0,0,0,0
1509,2023-12,2024-12,12,51,2023-12-31,2024-12-01,2024-12-31,16.0,2.0,0,0,0,0
1509,2024-06,2024-07,1,51,2024-06-30,2024-07-01,2024-07-31,16.0,2.0,0,0,0,0
1509,2024-06,2024-09,3,51,2024-06-30,2024-09-01,2024-09-30,16.0,2.0,0,0,0,0
1509,2024-06,2024-12,6,51,2024-06-30,2024-12-01,2024-12-31,16.0,2.0,0,0,0,0
1509,2024-07,2024-08,1,51,2024-07-31,2024-08-01,2024-08-31,18.0,2.0,0,0,0,0
1509,2024-07,2024-10,3,51,2024-07-31,2024-10-01,2024-10-31,18.0,2.0,0,0,0,0
1509,2024-08,2024-09,1,51,2024-08-31,2024-09-01,2024-09-30,18.0,2.0,0,0,0,0
1509,2024-08,2024-11,3,51,2024-08-31,2024-11-01,2024-11-30,18.0,2.0,0,0,0,0
1509,2024-09,2024-10,1,51,2024-09-30,2024-10-01,2024-10-31,19.0,2.0,0,0,0,0
1509,2024-09,2024-12,3,51,2024-09-30,2024-12-01,2024-12-31,19.0,2.0,0,0,0,0
1509,2024-10,2024-11,1,51,2024-10-31,2024-11-01,2024-11-30,21.0,2.0,0,0,0,0
1509,2024-11,2024-12,1,51,2024-11-30,2024-12-01,2024-12-31,21.0,2.0,0,0,0,0
1518,2023-12,2024-12,12,51,2023-12-31,2024-12-01,2024-12-31,16.0,2.0,0,0,0,0
1518,2024-06,2024-07,1,51,2024-06-30,2024-07-01,2024-07-31,16.0,2.0,0,0,0,0
1518,2024-06,2024-09,3,51,2024-06-30,2024-09-01,2024-09-30,16.0,2.0,0,0,0,0
1518,2024-06,2024-12,6,51,2024-06-30,2024-12-01,2024-12-31,16.0,2.0,0,0,0,0
1518,2024-07,2024-08,1,51,2024-07-31,2024-08-01,2024-08-31,18.0,2.0,0,0,0,0
1518,2024-07,2024-10,3,51,2024-07-31,2024-10-01,2024-10-31,18.0,2.0,0,0,0,0
1518,2024-08,2024-09,1,51,2024-08-31,2024-09-01,2024-09-30,18.0,2.0,0,0,0,0
1518,2024-08,2024-11,3,51,2024-08-31,2024-11-01,2024-11-30,18.0,2.0,0,0,0,0
1518,2024-09,2024-10,1,51,2024-09-30,2024-10-01,2024-10-31,19.0,2.0,0,0,0,0
1518,2024-09,2024-12,3,51,2024-09-30,2024-12-01,2024-12-31,19.0,2.0,0,0,0,0
1518,2024-10,2024-11,1,51,2024-10-31,2024-11-01,2024-11-30,21.0,2.0,0,0,0,0
1518,2024-11,2024-12,1,51,2024-11-30,2024-12-01,2024-12-31,21.0,2.0,0,0,0,0
1520,2023-12,2024-12,12,51,2023-12-31,2024-12-01,2024-12-31,16.0,2.0,0,0,0,0
1520,2024-06,2024-07,1,51,2024-06-30,2024-07-01,2024-07-31,16.0,2.0,0,0,0,0
1520,2024-06,2024-09,3,51,2024-06-30,2024-09-01,2024-09-30,16.0,2.0,0,0,0,0
1520,2024-06,2024-12,6,51,2024-06-30,2024-12-01,2024-12-31,16.0,2.0,0,0,0,0
1520,2024-07,2024-08,1,51,2024-07-31,2024-08-01,2024-08-31,18.0,2.0,0,0,0,0
1520,2024-07,2024-10,3,51,2024-07-31,2024-10-01,2024-10-31,18.0,2.0,0,0,0,0
1520,2024-08,2024-09,1,51,2024-08-31,2024-09-01,2024-09-30,18.0,2.0,0,0,0,0
1520,2024-08,2024-11,3,51,2024-08-31,2024-11-01,2024-11-30,18.0,2.0,0,0,0,0
1520,2024-09,2024-10,1,51,2024-09-30,2024-10-01,2024-10-31,19.0,2.0,0,0,0,0
1520,2024-09,2024-12,3,51,2024-09-30,2024-12-01,2024-12-31,19.0,2.0,0,0,0,0
1520,2024-10,2024-11,1,51,2024-10-31,2024-11-01,2024-11-30,21.0,2.0,0,0,0,0
1520,2024-11,2024-12,1,51,2024-11-30,2024-12-01,2024-12-31,21.0,2.0,0,0,0,0
1536,2023-12,2024-12,12,52,2023-12-31,2024-12-01,2024-12-31,16.0,2.0,0,0,0,0
1536,2024-06,2024-07,1,52,2024-06-30,2024-07-01,2024-07-31,16.0,2.0,0,0,0,0
1536,2024-06,2024-09,3,52,2024-06-30,2024-09-01,2024-09-30,16.0,2.0,0,0,0,0
1536,2024-06,2024-12,6,52,2024-06-30,2024-12-01,2024-12-31,16.0,2.0,0,0,0,0
1536,2024-07,2024-08,1,52,2024-07-31,2024-08-01,2024-08-31,18.0,2.0,0,0,0,0
1536,2024-07,2024-10,3,52,2024-07-31,2024-10-01,2024-10-31,18.0,2.0,0,0,0,0
1536,2024-08,2024-09,1,52,2024-08-31,2024-09-01,2024-09-30,18.0,2.0,0,0,0,0
1536,2024-08,2024-11,3,52,2024-08-31,2024-11-01,2024-11-30,18.0,2.0,0,0,0,0
1536,2024-09,2024-10,1,52,2024-09-30,2024-10-01,2024-10-31,19.0,2.0,0,0,0,0
1536,2024-09,2024-12,3,52,2024-09-30,2024-12-01,2024-12-31,19.0,2.0,0,0,0,0
1536,2024-10,2024-11,1,52,2024-10-31,2024-11-01,2024-11-30,21.0,2.0,0,0,0,0
1536,2024-11,2024-12,1,52,2024-11-30,2024-12-01,2024-12-31,21.0,2.0,0,0,0,0
1540,2023-12,2024-12,12,52,2023-12-31,2024-12-01,2024-12-31,16.0,2.0,0,0,0,0
1540,2024-06,2024-07,1,52,2024-06-30,2024-07-01,2024-07-31,16.0,2.0,0,0,0,0
1540,2024-06,2024-09,3,52,2024-06-30,2024-09-01,2024-09-30,16.0,2.0,0,0,0,0
1540,2024-06,2024-12,6,52,2024-06-30,2024-12-01,2024-12-31,16.0,2.0,0,0,0,0
1540,2024-07,2024-08,1,52,2024-07-31,2024-08-01,2024-08-31,18.0,2.0,0,0,0,0
1540,2024-07,2024-10,3,52,2024-07-31,2024-10-01,2024-10-31,18.0,2.0,0,0,0,0
1540,2024-08,2024-09,1,52,2024-08-31,2024-09-01,2024-09-30,18.0,2.0,0,0,0,0
1540,2024-08,2024-11,3,52,2024-08-31,2024-11-01,2024-11-30,18.0,2.0,0,0,0,0
1540,2024-09,2024-10,1,52,2024-09-30,2024-10-01,2024-10-31,19.0,2.0,0,0,0,0
1540,2024-09,2024-12,3,52,2024-09-30,2024-12-01,2024-12-31,19.0,2.0,0,0,0,0
1540,2024-10,2024-11,1,52,2024-10-31,2024-11-01,2024-11-30,21.0,2.0,0,0,0,0
1540,2024-11,2024-12,1,52,2024-11-30,2024-12-01,2024-12-31,21.0,2.0,0,0,0,0
1556,2023-12,2024-12,12,52,2023-12-31,2024-12-01,2024-12-31,16.0,2.0,0,0,0,0
1556,2024-06,2024-07,1,52,2024-06-30,2024-07-01,2024-07-31,16.0,2.0,0,0,0,0
1556,2024-06,2024-09,3,52,2024-06-30,2024-09-01,2024-09-30,16.0,2.0,0,0,0,0
1556,2024-06,2024-12,6,52,2024-06-30,2024-12-01,2024-12-31,16.0,2.0,0,0,0,0
1556,2024-07,2024-08,1,52,2024-07-31,2024-08-01,2024-08-31,18.0,2.0,0,0,0,0
1556,2024-07,2024-10,3,52,2024-07-31,2024-10-01,2024-10-31,18.0,2.0,0,0,0,0
1556,2024-08,2024-09,1,52,2024-08-31,2024-09-01,2024-09-30,18.0,2.0,0,0,0,0
1556,2024-08,2024-11,3,52,2024-08-31,2024-11-01,2024-11-30,18.0,2.0,0,0,0,0
1556,2024-09,2024-10,1,52,2024-09-30,2024-10-01,2024-10-31,19.0,2.0,0,0,0,0
1556,2024-09,2024-12,3,52,2024-09-30,2024-12-01,2024-12-31,19.0,2.0,0,0,0,0
1556,2024-10,2024-11,1,52,2024-10-31,2024-11-01,2024-11-30,21.0,2.0,0,0,0,0
1556,2024-11,2024-12,1,52,2024-11-30,2024-12-01,2024-12-31,21.0,2.0,0,0,0,0
1557,2023-12,2024-12,12,52,2023-12-31,2024-12-01,2024-12-31,16.0,2.0,0,0,0,0
1557,2024-06,2024-07,1,52,2024-06-30,2024-07-01,2024-07-31,16.0,2.0,0,0,0,0
1557,2024-06,2024-09,3,52,2024-06-30,2024-09-01,2024-09-30,16.0,2.0,0,0,0,0
1557,2024-06,2024-12,6,52,2024-06-30,2024-12-01,2024-12-31,16.0,2.0,0,0,0,0
1557,2024-07,2024-08,1,52,2024-07-31,2024-08-01,2024-08-31,18.0,2.0,0,0,0,0
1557,2024-07,2024-10,3,52,2024-07-31,2024-10-01,2024-10-31,18.0,2.0,0,0,0,0
1557,2024-08,2024-09,1,52,2024-08-31,2024-09-01,2024-09-30,18.0,2.0,0,0,0,0
1557,2024-08,2024-11,3,52,2024-08-31,2024-11-01,2024-11-30,18.0,2.0,0,0,0,0
1557,2024-09,2024-10,1,52,2024-09-30,2024-10-01,2024-10-31,19.0,2.0,0,0,0,0
1557,2024-09,2024-12,3,52,2024-09-30,2024-12-01,2024-12-31,19.0,2.0,0,0,0,0
1557,2024-10,2024-11,1,52,2024-10-31,2024-11-01,2024-11-30,21.0,2.0,0,0,0,0
1557,2024-11,2024-12,1,52,2024-11-30,2024-12-01,2024-12-31,21.0,2.0,0,0,0,0
1563,2023-12,2024-12,12,52,2023-12-31,2024-12-01,2024-12-31,16.0,2.0,0,0,0,0
1563,2024-06,2024-07,1,52,2024-06-30,2024-07-01,2024-07-31,16.0,2.0,0,0,0,0
1563,2024-06,2024-09,3,52,2024-06-30,2024-09-01,2024-09-30,16.0,2.0,0,0,0,0
1563,2024-06,2024-12,6,52,2024-06-30,2024-12-01,2024-12-31,16.0,2.0,0,0,0,0
1563,2024-07,2024-08,1,52,2024-07-31,2024-08-01,2024-08-31,18.0,2.0,0,0,0,0
1563,2024-07,2024-10,3,52,2024-07-31,2024-10-01,2024-10-31,18.0,2.0,0,0,0,0
1563,2024-08,2024-09,1,52,2024-08-31,2024-09-01,2024-09-30,18.0,2.0,0,0,0,0
1563,2024-08,2024-11,3,52,2024-08-31,2024-11-01,2024-11-30,18.0,2.0,0,0,0,0
1563,2024-09,2024-10,1,52,2024-09-30,2024-10-01,2024-10-31,19.0,2.0,0,0,0,0
1563,2024-09,2024-12,3,52,2024-09-30,2024-12-01,2024-12-31,19.0,2.0,0,0,0,0
1563,2024-10,2024-11,1,52,2024-10-31,2024-11-01,2024-11-30,21.0,2.0,0,0,0,0
1563,2024-11,2024-12,1,52,2024-11-30,2024-12-01,2024-12-31,21.0,2.0,0,0,0,0
1591,2023-12,2024-12,12,53,2023-12-31,2024-12-01,2024-12-31,16.0,2.0,0,0,0,0
1591,2024-06,2024-07,1,53,2024-06-30,2024-07-01,2024-07-31,16.0,2.0,0,0,0,0
1591,2024-06,2024-09,3,53,2024-06-30,2024-09-01,2024-09-30,16.0,2.0,0,0,0,0
1591,2024-06,2024-12,6,53,2024-06-30,2024-12-01,2024-12-31,16.0,2.0,0,0,0,0
1591,2024-07,2024-08,1,53,2024-07-31,2024-08-01,2024-08-31,18.0,2.0,0,0,0,0
1591,2024-07,2024-10,3,53,2024-07-31,2024-10-01,2024-10-31,18.0,2.0,0,0,0,0
1591,2024-08,2024-09,1,53,2024-08-31,2024-09-01,2024-09-30,18.0,2.0,0,0,0,0
1591,2024-08,2024-11,3,53,2024-08-31,2024-11-01,2024-11-30,18.0,2.0,0,0,0,0
1591,2024-09,2024-10,1,53,2024-09-30,2024-10-01,2024-10-31,19.0,2.0,0,0,0,0
1591,2024-09,2024-12,3,53,2024-09-30,2024-12-01,2024-12-31,19.0,2.0,0,0,0,0
1591,2024-10,2024-11,1,53,2024-10-31,2024-11-01,2024-11-30,21.0,2.0,0,0,0,0
1591,2024-11,2024-12,1,53,2024-11-30,2024-12-01,2024-12-31,21.0,2.0,0,0,0,0
1592,2023-12,2024-12,12,53,2023-12-31,2024-12-01,2024-12-31,16.0,2.0,0,0,0,0
1592,2024-06,2024-07,1,53,2024-06-30,2024-07-01,2024-07-31,16.0,2.0,0,0,0,0
1592,2024-06,2024-09,3,53,2024-06-30,2024-09-01,2024-09-30,16.0,2.0,0,0,0,0
1592,2024-06,2024-12,6,53,2024-06-30,2024-12-01,2024-12-31,16.0,2.0,0,0,0,0
1592,2024-07,2024-08,1,53,2024-07-31,2024-08-01,2024-08-31,18.0,2.0,0,0,0,0
1592,2024-07,2024-10,3,53,2024-07-31,2024-10-01,2024-10-31,18.0,2.0,0,0,0,0
1592,2024-08,2024-09,1,53,2024-08-31,2024-09-01,2024-09-30,18.0,2.0,0,0,0,0
1592,2024-08,2024-11,3,53,2024-08-31,2024-11-01,2024-11-30,18.0,2.0,0,0,0,0
1592,2024-09,2024-10,1,53,2024-09-30,2024-10-01,2024-10-31,19.0,2.0,0,0,0,0
1592,2024-09,2024-12,3,53,2024-09-30,2024-12-01,2024-12-31,19.0,2.0,0,0,0,0
1592,2024-10,2024-11,1,53,2024-10-31,2024-11-01,2024-11-30,21.0,2.0,0,0,0,0
1592,2024-11,2024-12,1,53,2024-11-30,2024-12-01,2024-12-31,21.0,2.0,0,0,0,0
1594,2023-12,2024-12,12,53,2023-12-31,2024-12-01,2024-12-31,16.0,2.0,0,0,0,0
1594,2024-06,2024-07,1,53,2024-06-30,2024-07-01,2024-07-31,16.0,2.0,0,0,0,0
1594,2024-06,2024-09,3,53,2024-06-30,2024-09-01,2024-09-30,16.0,2.0,0,0,0,0
1594,2024-06,2024-12,6,53,2024-06-30,2024-12-01,2024-12-31,16.0,2.0,0,0,0,0
1594,2024-07,2024-08,1,53,2024-07-31,2024-08-01,2024-08-31,18.0,2.0,0,0,0,0
1594,2024-07,2024-10,3,53,2024-07-31,2024-10-01,2024-10-31,18.0,2.0,0,0,0,0
1594,2024-08,2024-09,1,53,2024-08-31,2024-09-01,2024-09-30,18.0,2.0,0,0,0,0
1594,2024-08,2024-11,3,53,2024-08-31,2024-11-01,2024-11-30,18.0,2.0,0,0,0,0
1594,2024-09,2024-10,1,53,2024-09-30,2024-10-01,2024-10-31,19.0,2.0,0,0,0,0
1594,2024-09,2024-12,3,53,2024-09-30,2024-12-01,2024-12-31,19.0,2.0,0,0,0,0
1594,2024-10,2024-11,1,53,2024-10-31,2024-11-01,2024-11-30,21.0,2.0,0,0,0,0
1594,2024-11,2024-12,1,53,2024-11-30,2024-12-01,2024-12-31,21.0,2.0,0,0,0,0
1595,2023-12,2024-12,12,53,2023-12-31,2024-12-01,2024-12-31,16.0,2.0,0,0,0,0
1595,2024-06,2024-07,1,53,2024-06-30,2024-07-01,2024-07-31,16.0,2.0,0,0,0,0
1595,2024-06,2024-09,3,53,2024-06-30,2024-09-01,2024-09-30,16.0,2.0,0,0,0,0
1595,2024-06,2024-12,6,53,2024-06-30,2024-12-01,2024-12-31,16.0,2.0,0,0,0,0
1595,2024-07,2024-08,1,53,2024-07-31,2024-08-01,2024-08-31,18.0,2.0,0,0,0,0
1595,2024-07,2024-10,3,53,2024-07-31,2024-10-01,2024-10-31,18.0,2.0,0,0,0,0
1595,2024-08,2024-09,1,53,2024-08-31,2024-09-01,2024-09-30,18.0,2.0,0,0,0,0
1595,2024-08,2024-11,3,53,2024-08-31,2024-11-01,2024-11-30,18.0,2.0,0,0,0,0
1595,2024-09,2024-10,1,53,2024-09-30,2024-10-01,2024-10-31,19.0,2.0,0,0,0,0
1595,2024-09,2024-12,3,53,2024-09-30,2024-12-01,2024-12-31,19.0,2.0,0,0,0,0
1595,2024-10,2024-11,1,53,2024-10-31,2024-11-01,2024-11-30,21.0,2.0,0,0,0,0
1595,2024-11,2024-12,1,53,2024-11-30,2024-12-01,2024-12-31,21.0,2.0,0,0,0,0
1597,2023-12,2024-12,12,54,2023-12-31,2024-12-01,2024-12-31,16.0,2.0,0,0,0,0
1597,2024-06,2024-07,1,54,2024-06-30,2024-07-01,2024-07-31,16.0,2.0,0,0,0,0
1597,2024-06,2024-09,3,54,2024-06-30,2024-09-01,2024-09-30,16.0,2.0,0,0,0,0
1597,2024-06,2024-12,6,54,2024-06-30,2024-12-01,2024-12-31,16.0,2.0,0,0,0,0
1597,2024-07,2024-08,1,54,2024-07-31,2024-08-01,2024-08-31,18.0,2.0,0,0,0,0
1597,2024-07,2024-10,3,54,2024-07-31,2024-10-01,2024-10-31,18.0,2.0,0,0,0,0
1597,2024-08,2024-09,1,54,2024-08-31,2024-09-01,2024-09-30,18.0,2.0,0,0,0,0
1597,2024-08,2024-11,3,54,2024-08-31,2024-11-01,2024-11-30,18.0,2.0,0,0,0,0
1597,2024-09,2024-10,1,54,2024-09-30,2024-10-01,2024-10-31,19.0,2.0,0,0,0,0
1597,2024-09,2024-12,3,54,2024-09-30,2024-12-01,2024-12-31,19.0,2.0,0,0,0,0
1597,2024-10,2024-11,1,54,2024-10-31,2024-11-01,2024-11-30,21.0,2.0,0,0,0,0
1597,2024-11,2024-12,1,54,2024-11-30,2024-12-01,2024-12-31,21.0,2.0,0,0,0,0
1599,2023-12,2024-12,12,54,2023-12-31,2024-12-01,2024-12-31,16.0,2.0,0,0,0,0
1599,2024-06,2024-07,1,54,2024-06-30,2024-07-01,2024-07-31,16.0,2.0,0,0,0,0
1599,2024-06,2024-09,3,54,2024-06-30,2024-09-01,2024-09-30,16.0,2.0,0,0,0,0
1599,2024-06,2024-12,6,54,2024-06-30,2024-12-01,2024-12-31,16.0,2.0,0,0,0,0
1599,2024-07,2024-08,1,54,2024-07-31,2024-08-01,2024-08-31,18.0,2.0,0,0,0,0
1599,2024-07,2024-10,3,54,2024-07-31,2024-10-01,2024-10-31,18.0,2.0,0,0,0,0
1599,2024-08,2024-09,1,54,2024-08-31,2024-09-01,2024-09-30,18.0,2.0,0,0,0,0
1599,2024-08,2024-11,3,54,2024-08-31,2024-11-01,2024-11-30,18.0,2.0,0,0,0,0
1599,2024-09,2024-10,1,54,2024-09-30,2024-10-01,2024-10-31,19.0,2.0,0,0,0,0
1599,2024-09,2024-12,3,54,2024-09-30,2024-12-01,2024-12-31,19.0,2.0,0,0,0,0
1599,2024-10,2024-11,1,54,2024-10-31,2024-11-01,2024-11-30,21.0,2.0,0,0,0,0
1599,2024-11,2024-12,1,54,2024-11-30,2024-12-01,2024-12-31,21.0,2.0,0,0,0,0
1603,2023-12,2024-12,12,54,2023-12-31,2024-12-01,2024-12-31,16.0,2.0,0,0,0,0
1603,2024-06,2024-07,1,54,2024-06-30,2024-07-01,2024-07-31,16.0,2.0,0,0,0,0
1603,2024-06,2024-09,3,54,2024-06-30,2024-09-01,2024-09-30,16.0,2.0,0,0,0,0
1603,2024-06,2024-12,6,54,2024-06-30,2024-12-01,2024-12-31,16.0,2.0,0,0,0,0
1603,2024-07,2024-08,1,54,2024-07-31,2024-08-01,2024-08-31,18.0,2.0,0,0,0,0
1603,2024-07,2024-10,3,54,2024-07-31,2024-10-01,2024-10-31,18.0,2.0,0,0,0,0
1603,2024-08,2024-09,1,54,2024-08-31,2024-09-01,2024-09-30,18.0,2.0,0,0,0,0
1603,2024-08,2024-11,3,54,2024-08-31,2024-11-01,2024-11-30,18.0,2.0,0,0,0,0
1603,2024-09,2024-10,1,54,2024-09-30,2024-10-01,2024-10-31,19.0,2.0,0,0,0,0
1603,2024-09,2024-12,3,54,2024-09-30,2024-12-01,2024-12-31,19.0,2.0,0,0,0,0
1603,2024-10,2024-11,1,54,2024-10-31,2024-11-01,2024-11-30,21.0,2.0,0,0,0,0
1603,2024-11,2024-12,1,54,2024-11-30,2024-12-01,2024-12-31,21.0,2.0,0,0,0,0
1604,2023-12,2024-12,12,54,2023-12-31,2024-12-01,2024-12-31,16.0,2.0,0,0,0,0
1604,2024-06,2024-07,1,54,2024-06-30,2024-07-01,2024-07-31,16.0,2.0,0,0,0,0
1604,2024-06,2024-09,3,54,2024-06-30,2024-09-01,2024-09-30,16.0,2.0,0,0,0,0
1604,2024-06,2024-12,6,54,2024-06-30,2024-12-01,2024-12-31,16.0,2.0,0,0,0,0
1604,2024-07,2024-08,1,54,2024-07-31,2024-08-01,2024-08-31,18.0,2.0,0,0,0,0
1604,2024-07,2024-10,3,54,2024-07-31,2024-10-01,2024-10-31,18.0,2.0,0,0,0,0
1604,2024-08,2024-09,1,54,2024-08-31,2024-09-01,2024-09-30,18.0,2.0,0,0,0,0
1604,2024-08,2024-11,3,54,2024-08-31,2024-11-01,2024-11-30,18.0,2.0,0,0,0,0
1604,2024-09,2024-10,1,54,2024-09-30,2024-10-01,2024-10-31,19.0,2.0,0,0,0,0
1604,2024-09,2024-12,3,54,2024-09-30,2024-12-01,2024-12-31,19.0,2.0,0,0,0,0
1604,2024-10,2024-11,1,54,2024-10-31,2024-11-01,2024-11-30,21.0,2.0,0,0,0,0
1604,2024-11,2024-12,1,54,2024-11-30,2024-12-01,2024-12-31,21.0,2.0,0,0,0,0
1621,2023-12,2024-12,12,54,2023-12-31,2024-12-01,2024-12-31,16.0,2.0,0,0,0,0
1621,2024-06,2024-07,1,54,2024-06-30,2024-07-01,2024-07-31,16.0,2.0,0,0,0,0
1621,2024-06,2024-09,3,54,2024-06-30,2024-09-01,2024-09-30,16.0,2.0,0,0,0,0
1621,2024-06,2024-12,6,54,2024-06-30,2024-12-01,2024-12-31,16.0,2.0,0,0,0,0
1621,2024-07,2024-08,1,54,2024-07-31,2024-08-01,2024-08-31,18.0,2.0,0,0,0,0
1621,2024-07,2024-10,3,54,2024-07-31,2024-10-01,2024-10-31,18.0,2.0,0,0,0,0
1621,2024-08,2024-09,1,54,2024-08-31,2024-09-01,2024-09-30,18.0,2.0,0,0,0,0
1621,2024-08,2024-11,3,54,2024-08-31,2024-11-01,2024-11-30,18.0,2.0,0,0,0,0
1621,2024-09,2024-10,1,54,2024-09-30,2024-10-01,2024-10-31,19.0,2.0,0,0,0,0
1621,2024-09,2024-12,3,54,2024-09-30,2024-12-01,2024-12-31,19.0,2.0,0,0,0,0
1621,2024-10,2024-11,1,54,2024-10-31,2024-11-01,2024-11-30,21.0,2.0,0,0,0,0
1621,2024-11,2024-12,1,54,2024-11-30,2024-12-01,2024-12-31,21.0,2.0,0,0,0,0
1626,2023-12,2024-12,12,54,2023-12-31,2024-12-01,2024-12-31,16.0,2.0,0,0,0,0
1626,2024-06,2024-07,1,54,2024-06-30,2024-07-01,2024-07-31,16.0,2.0,0,0,0,0
1626,2024-06,2024-09,3,54,2024-06-30,2024-09-01,2024-09-30,16.0,2.0,0,0,0,0
1626,2024-06,2024-12,6,54,2024-06-30,2024-12-01,2024-12-31,16.0,2.0,0,0,0,0
1626,2024-07,2024-08,1,54,2024-07-31,2024-08-01,2024-08-31,18.0,2.0,0,0,0,0
1626,2024-07,2024-10,3,54,2024-07-31,2024-10-01,2024-10-31,18.0,2.0,0,0,0,0
1626,2024-08,2024-09,1,54,2024-08-31,2024-09-01,2024-09-30,18.0,2.0,0,0,0,0
1626,2024-08,2024-11,3,54,2024-08-31,2024-11-01,2024-11-30,18.0,2.0,0,0,0,0
1626,2024-09,2024-10,1,54,2024-09-30,2024-10-01,2024-10-31,19.0,2.0,0,0,0,0
1626,2024-09,2024-12,3,54,2024-09-30,2024-12-01,2024-12-31,19.0,2.0,0,0,0,0
1626,2024-10,2024-11,1,54,2024-10-31,2024-11-01,2024-11-30,21.0,2.0,0,0,0,0
1626,2024-11,2024-12,1,54,2024-11-30,2024-12-01,2024-12-31,21.0,2.0,0,0,0,0
1633,2023-12,2024-12,12,55,2023-12-31,2024-12-01,2024-12-31,16.0,2.0,0,0,0,0
1633,2024-06,2024-07,1,55,2024-06-30,2024-07-01,2024-07-31,16.0,2.0,0,0,0,0
1633,2024-06,2024-09,3,55,2024-06-30,2024-09-01,2024-09-30,16.0,2.0,0,0,0,0
1633,2024-06,2024-12,6,55,2024-06-30,2024-12-01,2024-12-31,16.0,2.0,0,0,0,0
1633,2024-07,2024-08,1,55,2024-07-31,2024-08-01,2024-08-31,18.0,2.0,0,0,0,0
1633,2024-07,2024-10,3,55,2024-07-31,2024-10-01,2024-10-31,18.0,2.0,0,0,0,0
1633,2024-08,2024-09,1,55,2024-08-31,2024-09-01,2024-09-30,18.0,2.0,0,0,0,0
1633,2024-08,2024-11,3,55,2024-08-31,2024-11-01,2024-11-30,18.0,2.0,0,0,0,0
1633,2024-09,2024-10,1,55,2024-09-30,2024-10-01,2024-10-31,19.0,2.0,0,0,0,0
1633,2024-09,2024-12,3,55,2024-09-30,2024-12-01,2024-12-31,19.0,2.0,0,0,0,0
1633,2024-10,2024-11,1,55,2024-10-31,2024-11-01,2024-11-30,21.0,2.0,0,0,0,0
1633,2024-11,2024-12,1,55,2024-11-30,2024-12-01,2024-12-31,21.0,2.0,0,0,0,0
1641,2023-12,2024-12,12,55,2023-12-31,2024-12-01,2024-12-31,16.0,2.0,0,0,0,0
1641,2024-06,2024-07,1,55,2024-06-30,2024-07-01,2024-07-31,16.0,2.0,0,0,0,0
1641,2024-06,2024-09,3,55,2024-06-30,2024-09-01,2024-09-30,16.0,2.0,0,0,0,0
1641,2024-06,2024-12,6,55,2024-06-30,2024-12-01,2024-12-31,16.0,2.0,0,0,0,0
1641,2024-07,2024-08,1,55,2024-07-31,2024-08-01,2024-08-31,18.0,2.0,0,0,0,0
1641,2024-07,2024-10,3,55,2024-07-31,2024-10-01,2024-10-31,18.0,2.0,0,0,0,0
1641,2024-08,2024-09,1,55,2024-08-31,2024-09-01,2024-09-30,18.0,2.0,0,0,0,0
1641,2024-08,2024-11,3,55,2024-08-31,2024-11-01,2024-11-30,18.0,2.0,0,0,0,0
1641,2024-09,2024-10,1,55,2024-09-30,2024-10-01,2024-10-31,19.0,2.0,0,0,0,0
1641,2024-09,2024-12,3,55,2024-09-30,2024-12-01,2024-12-31,19.0,2.0,0,0,0,0
1641,2024-10,2024-11,1,55,2024-10-31,2024-11-01,2024-11-30,21.0,2.0,0,0,0,0
1641,2024-11,2024-12,1,55,2024-11-30,2024-12-01,2024-12-31,21.0,2.0,0,0,0,0
1651,2023-12,2024-12,12,55,2023-12-31,2024-12-01,2024-12-31,16.0,2.0,0,0,0,0
1651,2024-06,2024-07,1,55,2024-06-30,2024-07-01,2024-07-31,16.0,2.0,0,0,0,0
1651,2024-06,2024-09,3,55,2024-06-30,2024-09-01,2024-09-30,16.0,2.0,0,0,0,0
1651,2024-06,2024-12,6,55,2024-06-30,2024-12-01,2024-12-31,16.0,2.0,0,0,0,0
1651,2024-07,2024-08,1,55,2024-07-31,2024-08-01,2024-08-31,18.0,2.0,0,0,0,0
1651,2024-07,2024-10,3,55,2024-07-31,2024-10-01,2024-10-31,18.0,2.0,0,0,0,0
1651,2024-08,2024-09,1,55,2024-08-31,2024-09-01,2024-09-30,18.0,2.0,0,0,0,0
1651,2024-08,2024-11,3,55,2024-08-31,2024-11-01,2024-11-30,18.0,2.0,0,0,0,0
1651,2024-09,2024-10,1,55,2024-09-30,2024-10-01,2024-10-31,19.0,2.0,0,0,0,0
1651,2024-09,2024-12,3,55,2024-09-30,2024-12-01,2024-12-31,19.0,2.0,0,0,0,0
1651,2024-10,2024-11,1,55,2024-10-31,2024-11-01,2024-11-30,21.0,2.0,0,0,0,0
1651,2024-11,2024-12,1,55,2024-11-30,2024-12-01,2024-12-31,21.0,2.0,0,0,0,0
1654,2023-12,2024-12,12,55,2023-12-31,2024-12-01,2024-12-31,16.0,2.0,0,0,0,0
1654,2024-06,2024-07,1,55,2024-06-30,2024-07-01,2024-07-31,16.0,2.0,0,0,0,0
1654,2024-06,2024-09,3,55,2024-06-30,2024-09-01,2024-09-30,16.0,2.0,0,0,0,0
1654,2024-06,2024-12,6,55,2024-06-30,2024-12-01,2024-12-31,16.0,2.0,0,0,0,0
1654,2024-07,2024-08,1,55,2024-07-31,2024-08-01,2024-08-31,18.0,2.0,0,0,0,0
1654,2024-07,2024-10,3,55,2024-07-31,2024-10-01,2024-10-31,18.0,2.0,0,0,0,0
1654,2024-08,2024-09,1,55,2024-08-31,2024-09-01,2024-09-30,18.0,2.0,0,0,0,0
1654,2024-08,2024-11,3,55,2024-08-31,2024-11-01,2024-11-30,18.0,2.0,0,0,0,0
1654,2024-09,2024-10,1,55,2024-09-30,2024-10-01,2024-10-31,19.0,2.0,0,0,0,0
1654,2024-09,2024-12,3,55,2024-09-30,2024-12-01,2024-12-31,19.0,2.0,0,0,0,0
1654,2024-10,2024-11,1,55,2024-10-31,2024-11-01,2024-11-30,21.0,2.0,0,0,0,0
1654,2024-11,2024-12,1,55,2024-11-30,2024-12-01,2024-12-31,21.0,2.0,0,0,0,0
1689,2023-12,2024-12,12,56,2023-12-31,2024-12-01,2024-12-31,16.0,2.0,0,0,0,0
1689,2024-06,2024-07,1,56,2024-06-30,2024-07-01,2024-07-31,16.0,2.0,0,0,0,0
1689,2024-06,2024-09,3,56,2024-06-30,2024-09-01,2024-09-30,16.0,2.0,0,0,0,0
1689,2024-06,2024-12,6,56,2024-06-30,2024-12-01,2024-12-31,16.0,2.0,0,0,0,0
1689,2024-07,2024-08,1,56,2024-07-31,2024-08-01,2024-08-31,18.0,2.0,0,0,0,0
1689,2024-07,2024-10,3,56,2024-07-31,2024-10-01,2024-10-31,18.0,2.0,0,0,0,0
1689,2024-08,2024-09,1,56,2024-08-31,2024-09-01,2024-09-30,18.0,2.0,0,0,0,0
1689,2024-08,2024-11,3,56,2024-08-31,2024-11-01,2024-11-30,18.0,2.0,0,0,0,0
1689,2024-09,2024-10,1,56,2024-09-30,2024-10-01,2024-10-31,19.0,2.0,0,0,0,0
1689,2024-09,2024-12,3,56,2024-09-30,2024-12-01,2024-12-31,19.0,2.0,0,0,0,0
1689,2024-10,2024-11,1,56,2024-10-31,2024-11-01,2024-11-30,21.0,2.0,0,0,0,0
1689,2024-11,2024-12,1,56,2024-11-30,2024-12-01,2024-12-31,21.0,2.0,0,0,0,0
1692,2023-12,2024-12,12,56,2023-12-31,2024-12-01,2024-12-31,16.0,2.0,0,0,0,0
1692,2024-06,2024-07,1,56,2024-06-30,2024-07-01,2024-07-31,16.0,2.0,0,0,0,0
1692,2024-06,2024-09,3,56,2024-06-30,2024-09-01,2024-09-30,16.0,2.0,0,0,0,0
1692,2024-06,2024-12,6,56,2024-06-30,2024-12-01,2024-12-31,16.0,2.0,0,0,0,0
1692,2024-07,2024-08,1,56,2024-07-31,2024-08-01,2024-08-31,18.0,2.0,0,0,0,0
1692,2024-07,2024-10,3,56,2024-07-31,2024-10-01,2024-10-31,18.0,2.0,0,0,0,0
1692,2024-08,2024-09,1,56,2024-08-31,2024-09-01,2024-09-30,18.0,2.0,0,0,0,0
1692,2024-08,2024-11,3,56,2024-08-31,2024-11-01,2024-11-30,18.0,2.0,0,0,0,0
1692,2024-09,2024-10,1,56,2024-09-30,2024-10-01,2024-10-31,19.0,2.0,0,0,0,0
1692,2024-09,2024-12,3,56,2024-09-30,2024-12-01,2024-12-31,19.0,2.0,0,0,0,0
1692,2024-10,2024-11,1,56,2024-10-31,2024-11-01,2024-11-30,21.0,2.0,0,0,0,0
1692,2024-11,2024-12,1,56,2024-11-30,2024-12-01,2024-12-31,21.0,2.0,0,0,0,0
1699,2023-12,2024-12,12,56,2023-12-31,2024-12-01,2024-12-31,16.0,2.0,0,0,0,0
1699,2024-06,2024-07,1,56,2024-06-30,2024-07-01,2024-07-31,16.0,2.0,0,0,0,0
1699,2024-06,2024-09,3,56,2024-06-30,2024-09-01,2024-09-30,16.0,2.0,0,0,0,0
1699,2024-06,2024-12,6,56,2024-06-30,2024-12-01,2024-12-31,16.0,2.0,0,0,0,0
1699,2024-07,2024-08,1,56,2024-07-31,2024-08-01,2024-08-31,18.0,2.0,0,0,0,0
1699,2024-07,2024-10,3,56,2024-07-31,2024-10-01,2024-10-31,18.0,2.0,0,0,0,0
1699,2024-08,2024-09,1,56,2024-08-31,2024-09-01,2024-09-30,18.0,2.0,0,0,0,0
1699,2024-08,2024-11,3,56,2024-08-31,2024-11-01,2024-11-30,18.0,2.0,0,0,0,0
1699,2024-09,2024-10,1,56,2024-09-30,2024-10-01,2024-10-31,19.0,2.0,0,0,0,0
1699,2024-09,2024-12,3,56,2024-09-30,2024-12-01,2024-12-31,19.0,2.0,0,0,0,0
1699,2024-10,2024-11,1,56,2024-10-31,2024-11-01,2024-11-30,21.0,2.0,0,0,0,0
1699,2024-11,2024-12,1,56,2024-11-30,2024-12-01,2024-12-31,21.0,2.0,0,0,0,0
1705,2023-12,2024-12,12,56,2023-12-31,2024-12-01,2024-12-31,16.0,2.0,0,0,0,0
1705,2024-06,2024-07,1,56,2024-06-30,2024-07-01,2024-07-31,16.0,2.0,0,0,0,0
1705,2024-06,2024-09,3,56,2024-06-30,2024-09-01,2024-09-30,16.0,2.0,0,0,0,0
1705,2024-06,2024-12,6,56,2024-06-30,2024-12-01,2024-12-31,16.0,2.0,0,0,0,0
1705,2024-07,2024-08,1,56,2024-07-31,2024-08-01,2024-08-31,18.0,2.0,0,0,0,0
1705,2024-07,2024-10,3,56,2024-07-31,2024-10-01,2024-10-31,18.0,2.0,0,0,0,0
1705,2024-08,2024-09,1,56,2024-08-31,2024-09-01,2024-09-30,18.0,2.0,0,0,0,0
1705,2024-08,2024-11,3,56,2024-08-31,2024-11-01,2024-11-30,18.0,2.0,0,0,0,0
1705,2024-09,2024-10,1,56,2024-09-30,2024-10-01,2024-10-31,19.0,2.0,0,0,0,0
1705,2024-09,2024-12,3,56,2024-09-30,2024-12-01,2024-12-31,19.0,2.0,0,0,0,0
1705,2024-10,2024-11,1,56,2024-10-31,2024-11-01,2024-11-30,21.0,2.0,0,0,0,0
1705,2024-11,2024-12,1,56,2024-11-30,2024-12-01,2024-12-31,21.0,2.0,0,0,0,0
1712,2023-12,2024-12,12,57,2023-12-31,2024-12-01,2024-12-31,16.0,2.0,0,0,0,0
1712,2024-06,2024-07,1,57,2024-06-30,2024-07-01,2024-07-31,16.0,2.0,0,0,0,0
1712,2024-06,2024-09,3,57,2024-06-30,2024-09-01,2024-09-30,16.0,2.0,0,0,0,0
1712,2024-06,2024-12,6,57,2024-06-30,2024-12-01,2024-12-31,16.0,2.0,0,0,0,0
1712,2024-07,2024-08,1,57,2024-07-31,2024-08-01,2024-08-31,18.0,2.0,0,0,0,0
1712,2024-07,2024-10,3,57,2024-07-31,2024-10-01,2024-10-31,18.0,2.0,0,0,0,0
1712,2024-08,2024-09,1,57,2024-08-31,2024-09-01,2024-09-30,18.0,2.0,0,0,0,0
1712,2024-08,2024-11,3,57,2024-08-31,2024-11-01,2024-11-30,18.0,2.0,0,0,0,0
1712,2024-09,2024-10,1,57,2024-09-30,2024-10-01,2024-10-31,19.0,2.0,0,0,0,0
1712,2024-09,2024-12,3,57,2024-09-30,2024-12-01,2024-12-31,19.0,2.0,0,0,0,0
1712,2024-10,2024-11,1,57,2024-10-31,2024-11-01,2024-11-30,21.0,2.0,0,0,0,0
1712,2024-11,2024-12,1,57,2024-11-30,2024-12-01,2024-12-31,21.0,2.0,0,0,0,0
1718,2023-12,2024-12,12,57,2023-12-31,2024-12-01,2024-12-31,16.0,2.0,0,0,0,0
1718,2024-06,2024-07,1,57,2024-06-30,2024-07-01,2024-07-31,16.0,2.0,0,0,0,0
1718,2024-06,2024-09,3,57,2024-06-30,2024-09-01,2024-09-30,16.0,2.0,0,0,0,0
1718,2024-06,2024-12,6,57,2024-06-30,2024-12-01,2024-12-31,16.0,2.0,0,0,0,0
1718,2024-07,2024-08,1,57,2024-07-31,2024-08-01,2024-08-31,18.0,2.0,0,0,0,0
1718,2024-07,2024-10,3,57,2024-07-31,2024-10-01,2024-10-31,18.0,2.0,0,0,0,0
1718,2024-08,2024-09,1,57,2024-08-31,2024-09-01,2024-09-30,18.0,2.0,0,0,0,0
1718,2024-08,2024-11,3,57,2024-08-31,2024-11-01,2024-11-30,18.0,2.0,0,0,0,0
1718,2024-09,2024-10,1,57,2024-09-30,2024-10-01,2024-10-31,19.0,2.0,0,0,0,0
1718,2024-09,2024-12,3,57,2024-09-30,2024-12-01,2024-12-31,19.0,2.0,0,0,0,0
1718,2024-10,2024-11,1,57,2024-10-31,2024-11-01,2024-11-30,21.0,2.0,0,0,0,0
1718,2024-11,2024-12,1,57,2024-11-30,2024-12-01,2024-12-31,21.0,2.0,0,0,0,0
1733,2023-12,2024-12,12,57,2023-12-31,2024-12-01,2024-12-31,16.0,2.0,0,0,0,0
1733,2024-06,2024-07,1,57,2024-06-30,2024-07-01,2024-07-31,16.0,2.0,0,0,0,0
1733,2024-06,2024-09,3,57,2024-06-30,2024-09-01,2024-09-30,16.0,2.0,0,0,0,0
1733,2024-06,2024-12,6,57,2024-06-30,2024-12-01,2024-12-31,16.0,2.0,0,0,0,0
1733,2024-07,2024-08,1,57,2024-07-31,2024-08-01,2024-08-31,18.0,2.0,0,0,0,0
1733,2024-07,2024-10,3,57,2024-07-31,2024-10-01,2024-10-31,18.0,2.0,0,0,0,0
1733,2024-08,2024-09,1,57,2024-08-31,2024-09-01,2024-09-30,18.0,2.0,0,0,0,0
1733,2024-08,2024-11,3,57,2024-08-31,2024-11-01,2024-11-30,18.0,2.0,0,0,0,0
1733,2024-09,2024-10,1,57,2024-09-30,2024-10-01,2024-10-31,19.0,2.0,0,0,0,0
1733,2024-09,2024-12,3,57,2024-09-30,2024-12-01,2024-12-31,19.0,2.0,0,0,0,0
1733,2024-10,2024-11,1,57,2024-10-31,2024-11-01,2024-11-30,21.0,2.0,0,0,0,0
1733,2024-11,2024-12,1,57,2024-11-30,2024-12-01,2024-12-31,21.0,2.0,0,0,0,0
1738,2023-12,2024-12,12,58,2023-12-31,2024-12-01,2024-12-31,16.0,2.0,0,0,0,0
1738,2024-06,2024-07,1,58,2024-06-30,2024-07-01,2024-07-31,16.0,2.0,0,0,0,0
1738,2024-06,2024-09,3,58,2024-06-30,2024-09-01,2024-09-30,16.0,2.0,0,0,0,0
1738,2024-06,2024-12,6,58,2024-06-30,2024-12-01,2024-12-31,16.0,2.0,0,0,0,0
1738,2024-07,2024-08,1,58,2024-07-31,2024-08-01,2024-08-31,18.0,2.0,0,0,0,0
1738,2024-07,2024-10,3,58,2024-07-31,2024-10-01,2024-10-31,18.0,2.0,0,0,0,0
1738,2024-08,2024-09,1,58,2024-08-31,2024-09-01,2024-09-30,18.0,2.0,0,0,0,0
1738,2024-08,2024-11,3,58,2024-08-31,2024-11-01,2024-11-30,18.0,2.0,0,0,0,0
1738,2024-09,2024-10,1,58,2024-09-30,2024-10-01,2024-10-31,19.0,2.0,0,0,0,0
1738,2024-09,2024-12,3,58,2024-09-30,2024-12-01,2024-12-31,19.0,2.0,0,0,0,0
1738,2024-10,2024-11,1,58,2024-10-31,2024-11-01,2024-11-30,21.0,2.0,0,0,0,0
1738,2024-11,2024-12,1,58,2024-11-30,2024-12-01,2024-12-31,21.0,2.0,0,0,0,0
1746,2023-12,2024-12,12,58,2023-12-31,2024-12-01,2024-12-31,16.0,2.0,0,0,0,0
1746,2024-06,2024-07,1,58,2024-06-30,2024-07-01,2024-07-31,16.0,2.0,0,0,0,0
1746,2024-06,2024-09,3,58,2024-06-30,2024-09-01,2024-09-30,16.0,2.0,0,0,0,0
1746,2024-06,2024-12,6,58,2024-06-30,2024-12-01,2024-12-31,16.0,2.0,0,0,0,0
1746,2024-07,2024-08,1,58,2024-07-31,2024-08-01,2024-08-31,18.0,2.0,0,0,0,0
1746,2024-07,2024-10,3,58,2024-07-31,2024-10-01,2024-10-31,18.0,2.0,0,0,0,0
1746,2024-08,2024-09,1,58,2024-08-31,2024-09-01,2024-09-30,18.0,2.0,0,0,0,0
1746,2024-08,2024-11,3,58,2024-08-31,2024-11-01,2024-11-30,18.0,2.0,0,0,0,0
1746,2024-09,2024-10,1,58,2024-09-30,2024-10-01,2024-10-31,19.0,2.0,0,0,0,0
1746,2024-09,2024-12,3,58,2024-09-30,2024-12-01,2024-12-31,19.0,2.0,0,0,0,0
1746,2024-10,2024-11,1,58,2024-10-31,2024-11-01,2024-11-30,21.0,2.0,0,0,0,0
1746,2024-11,2024-12,1,58,2024-11-30,2024-12-01,2024-12-31,21.0,2.0,0,0,0,0
1753,2023-12,2024-12,12,58,2023-12-31,2024-12-01,2024-12-31,16.0,2.0,0,0,0,0
1753,2024-06,2024-07,1,58,2024-06-30,2024-07-01,2024-07-31,16.0,2.0,0,0,0,0
1753,2024-06,2024-09,3,58,2024-06-30,2024-09-01,2024-09-30,16.0,2.0,0,0,0,0
1753,2024-06,2024-12,6,58,2024-06-30,2024-12-01,2024-12-31,16.0,2.0,0,0,0,0
1753,2024-07,2024-08,1,58,2024-07-31,2024-08-01,2024-08-31,18.0,2.0,0,0,0,0
1753,2024-07,2024-10,3,58,2024-07-31,2024-10-01,2024-10-31,18.0,2.0,0,0,0,0
1753,2024-08,2024-09,1,58,2024-08-31,2024-09-01,2024-09-30,18.0,2.0,0,0,0,0
1753,2024-08,2024-11,3,58,2024-08-31,2024-11-01,2024-11-30,18.0,2.0,0,0,0,0
1753,2024-09,2024-10,1,58,2024-09-30,2024-10-01,2024-10-31,19.0,2.0,0,0,0,0
1753,2024-09,2024-12,3,58,2024-09-30,2024-12-01,2024-12-31,19.0,2.0,0,0,0,0
1753,2024-10,2024-11,1,58,2024-10-31,2024-11-01,2024-11-30,21.0,2.0,0,0,0,0
1753,2024-11,2024-12,1,58,2024-11-30,2024-12-01,2024-12-31,21.0,2.0,0,0,0,0
1760,2023-12,2024-12,12,58,2023-12-31,2024-12-01,2024-12-31,16.0,2.0,0,0,0,0
1760,2024-06,2024-07,1,58,2024-06-30,2024-07-01,2024-07-31,16.0,2.0,0,0,0,0
1760,2024-06,2024-09,3,58,2024-06-30,2024-09-01,2024-09-30,16.0,2.0,0,0,0,0
1760,2024-06,2024-12,6,58,2024-06-30,2024-12-01,2024-12-31,16.0,2.0,0,0,0,0
1760,2024-07,2024-08,1,58,2024-07-31,2024-08-01,2024-08-31,18.0,2.0,0,0,0,0
1760,2024-07,2024-10,3,58,2024-07-31,2024-10-01,2024-10-31,18.0,2.0,0,0,0,0
1760,2024-08,2024-09,1,58,2024-08-31,2024-09-01,2024-09-30,18.0,2.0,0,0,0,0
1760,2024-08,2024-11,3,58,2024-08-31,2024-11-01,2024-11-30,18.0,2.0,0,0,0,0
1760,2024-09,2024-10,1,58,2024-09-30,2024-10-01,2024-10-31,19.0,2.0,0,0,0,0
1760,2024-09,2024-12,3,58,2024-09-30,2024-12-01,2024-12-31,19.0,2.0,0,0,0,0
1760,2024-10,2024-11,1,58,2024-10-31,2024-11-01,2024-11-30,21.0,2.0,0,0,0,0
1760,2024-11,2024-12,1,58,2024-11-30,2024-12-01,2024-12-31,21.0,2.0,0,0,0,0
1762,2023-12,2024-12,12,58,2023-12-31,2024-12-01,2024-12-31,16.0,2.0,0,0,0,0
1762,2024-06,2024-07,1,58,2024-06-30,2024-07-01,2024-07-31,16.0,2.0,0,0,0,0
1762,2024-06,2024-09,3,58,2024-06-30,2024-09-01,2024-09-30,16.0,2.0,0,0,0,0
1762,2024-06,2024-12,6,58,2024-06-30,2024-12-01,2024-12-31,16.0,2.0,0,0,0,0
1762,2024-07,2024-08,1,58,2024-07-31,2024-08-01,2024-08-31,18.0,2.0,0,0,0,0
1762,2024-07,2024-10,3,58,2024-07-31,2024-10-01,2024-10-31,18.0,2.0,0,0,0,0
1762,2024-08,2024-09,1,58,2024-08-31,2024-09-01,2024-09-30,18.0,2.0,0,0,0,0
1762,2024-08,2024-11,3,58,2024-08-31,2024-11-01,2024-11-30,18.0,2.0,0,0,0,0
1762,2024-09,2024-10,1,58,2024-09-30,2024-10-01,2024-10-31,19.0,2.0,0,0,0,0
1762,2024-09,2024-12,3,58,2024-09-30,2024-12-01,2024-12-31,19.0,2.0,0,0,0,0
1762,2024-10,2024-11,1,58,2024-10-31,2024-11-01,2024-11-30,21.0,2.0,0,0,0,0
1762,2024-11,2024-12,1,58,2024-11-30,2024-12-01,2024-12-31,21.0,2.0,0,0,0,0
1784,2023-12,2024-12,12,60,2023-12-31,2024-12-01,2024-12-31,16.0,2.0,0,0,0,0
1784,2024-06,2024-07,1,60,2024-06-30,2024-07-01,2024-07-31,16.0,2.0,0,0,0,0
1784,2024-06,2024-09,3,60,2024-06-30,2024-09-01,2024-09-30,16.0,2.0,0,0,0,0
1784,2024-06,2024-12,6,60,2024-06-30,2024-12-01,2024-12-31,16.0,2.0,0,0,0,0
1784,2024-07,2024-08,1,60,2024-07-31,2024-08-01,2024-08-31,18.0,2.0,0,0,0,0
1784,2024-07,2024-10,3,60,2024-07-31,2024-10-01,2024-10-31,18.0,2.0,0,0,0,0
1784,2024-08,2024-09,1,60,2024-08-31,2024-09-01,2024-09-30,18.0,2.0,0,0,0,0
1784,2024-08,2024-11,3,60,2024-08-31,2024-11-01,2024-11-30,18.0,2.0,0,0,0,0
1784,2024-09,2024-10,1,60,2024-09-30,2024-10-01,2024-10-31,19.0,2.0,0,0,0,0
1784,2024-09,2024-12,3,60,2024-09-30,2024-12-01,2024-12-31,19.0,2.0,0,0,0,0
1784,2024-10,2024-11,1,60,2024-10-31,2024-11-01,2024-11-30,21.0,2.0,0,0,0,0
1784,2024-11,2024-12,1,60,2024-11-30,2024-12-01,2024-12-31,21.0,2.0,0,0,0,0
1785,2023-12,2024-12,12,60,2023-12-31,2024-12-01,2024-12-31,16.0,2.0,0,0,0,0
1785,2024-06,2024-07,1,60,2024-06-30,2024-07-01,2024-07-31,16.0,2.0,0,0,0,0
1785,2024-06,2024-09,3,60,2024-06-30,2024-09-01,2024-09-30,16.0,2.0,0,0,0,0
1785,2024-06,2024-12,6,60,2024-06-30,2024-12-01,2024-12-31,16.0,2.0,0,0,0,0
1785,2024-07,2024-08,1,60,2024-07-31,2024-08-01,2024-08-31,18.0,2.0,0,0,0,0
1785,2024-07,2024-10,3,60,2024-07-31,2024-10-01,2024-10-31,18.0,2.0,0,0,0,0
1785,2024-08,2024-09,1,60,2024-08-31,2024-09-01,2024-09-30,18.0,2.0,0,0,0,0
1785,2024-08,2024-11,3,60,2024-08-31,2024-11-01,2024-11-30,18.0,2.0,0,0,0,0
1785,2024-09,2024-10,1,60,2024-09-30,2024-10-01,2024-10-31,19.0,2.0,0,0,0,0
1785,2024-09,2024-12,3,60,2024-09-30,2024-12-01,2024-12-31,19.0,2.0,0,0,0,0
1785,2024-10,2024-11,1,60,2024-10-31,2024-11-01,2024-11-30,21.0,2.0,0,0,0,0
1785,2024-11,2024-12,1,60,2024-11-30,2024-12-01,2024-12-31,21.0,2.0,0,0,0,0
1850,2023-12,2024-12,12,62,2023-12-31,2024-12-01,2024-12-31,16.0,2.0,0,0,0,0
1850,2024-06,2024-07,1,62,2024-06-30,2024-07-01,2024-07-31,16.0,2.0,0,0,0,0
1850,2024-06,2024-09,3,62,2024-06-30,2024-09-01,2024-09-30,16.0,2.0,0,0,0,0
1850,2024-06,2024-12,6,62,2024-06-30,2024-12-01,2024-12-31,16.0,2.0,0,0,0,0
1850,2024-07,2024-08,1,62,2024-07-31,2024-08-01,2024-08-31,18.0,2.0,0,0,0,0
1850,2024-07,2024-10,3,62,2024-07-31,2024-10-01,2024-10-31,18.0,2.0,0,0,0,0
1850,2024-08,2024-09,1,62,2024-08-31,2024-09-01,2024-09-30,18.0,2.0,0,0,0,0
1850,2024-08,2024-11,3,62,2024-08-31,2024-11-01,2024-11-30,18.0,2.0,0,0,0,0
1850,2024-09,2024-10,1,62,2024-09-30,2024-10-01,2024-10-31,19.0,2.0,0,0,0,0
1850,2024-09,2024-12,3,62,2024-09-30,2024-12-01,2024-12-31,19.0,2.0,0,0,0,0
1850,2024-10,2024-11,1,62,2024-10-31,2024-11-01,2024-11-30,21.0,2.0,0,0,0,0
1850,2024-11,2024-12,1,62,2024-11-30,2024-12-01,2024-12-31,21.0,2.0,0,0,0,0
1854,2023-12,2024-12,12,62,2023-12-31,2024-12-01,2024-12-31,16.0,2.0,0,0,0,0
1854,2024-06,2024-07,1,62,2024-06-30,2024-07-01,2024-07-31,16.0,2.0,0,0,0,0
1854,2024-06,2024-09,3,62,2024-06-30,2024-09-01,2024-09-30,16.0,2.0,0,0,0,0
1854,2024-06,2024-12,6,62,2024-06-30,2024-12-01,2024-12-31,16.0,2.0,0,0,0,0
1854,2024-07,2024-08,1,62,2024-07-31,2024-08-01,2024-08-31,18.0,2.0,0,0,0,0
1854,2024-07,2024-10,3,62,2024-07-31,2024-10-01,2024-10-31,18.0,2.0,0,0,0,0
1854,2024-08,2024-09,1,62,2024-08-31,2024-09-01,2024-09-30,18.0,2.0,0,0,0,0
1854,2024-08,2024-11,3,62,2024-08-31,2024-11-01,2024-11-30,18.0,2.0,0,0,0,0
1854,2024-09,2024-10,1,62,2024-09-30,2024-10-01,2024-10-31,19.0,2.0,0,0,0,0
1854,2024-09,2024-12,3,62,2024-09-30,2024-12-01,2024-12-31,19.0,2.0,0,0,0,0
1854,2024-10,2024-11,1,62,2024-10-31,2024-11-01,2024-11-30,21.0,2.0,0,0,0,0
1854,2024-11,2024-12,1,62,2024-11-30,2024-12-01,2024-12-31,21.0,2.0,0,0,0,0
1860,2023-12,2024-12,12,62,2023-12-31,2024-12-01,2024-12-31,16.0,2.0,0,0,0,0
1860,2024-06,2024-07,1,62,2024-06-30,2024-07-01,2024-07-31,16.0,2.0,0,0,0,0
1860,2024-06,2024-09,3,62,2024-06-30,2024-09-01,2024-09-30,16.0,2.0,0,0,0,0
1860,2024-06,2024-12,6,62,2024-06-30,2024-12-01,2024-12-31,16.0,2.0,0,0,0,0
1860,2024-07,2024-08,1,62,2024-07-31,2024-08-01,2024-08-31,18.0,2.0,0,0,0,0
1860,2024-07,2024-10,3,62,2024-07-31,2024-10-01,2024-10-31,18.0,2.0,0,0,0,0
1860,2024-08,2024-09,1,62,2024-08-31,2024-09-01,2024-09-30,18.0,2.0,0,0,0,0
1860,2024-08,2024-11,3,62,2024-08-31,2024-11-01,2024-11-30,18.0,2.0,0,0,0,0
1860,2024-09,2024-10,1,62,2024-09-30,2024-10-01,2024-10-31,19.0,2.0,0,0,0,0
1860,2024-09,2024-12,3,62,2024-09-30,2024-12-01,2024-12-31,19.0,2.0,0,0,0,0
1860,2024-10,2024-11,1,62,2024-10-31,2024-11-01,2024-11-30,21.0,2.0,0,0,0,0
1860,2024-11,2024-12,1,62,2024-11-30,2024-12-01,2024-12-31,21.0,2.0,0,0,0,0
1872,2023-12,2024-12,12,62,2023-12-31,2024-12-01,2024-12-31,16.0,2.0,0,0,0,0
1872,2024-06,2024-07,1,62,2024-06-30,2024-07-01,2024-07-31,16.0,2.0,0,0,0,0
1872,2024-06,2024-09,3,62,2024-06-30,2024-09-01,2024-09-30,16.0,2.0,0,0,0,0
1872,2024-06,2024-12,6,62,2024-06-30,2024-12-01,2024-12-31,16.0,2.0,0,0,0,0
1872,2024-07,2024-08,1,62,2024-07-31,2024-08-01,2024-08-31,18.0,2.0,0,0,0,0
1872,2024-07,2024-10,3,62,2024-07-31,2024-10-01,2024-10-31,18.0,2.0,0,0,0,0
1872,2024-08,2024-09,1,62,2024-08-31,2024-09-01,2024-09-30,18.0,2.0,0,0,0,0
1872,2024-08,2024-11,3,62,2024-08-31,2024-11-01,2024-11-30,18.0,2.0,0,0,0,0
1872,2024-09,2024-10,1,62,2024-09-30,2024-10-01,2024-10-31,19.0,2.0,0,0,0,0
1872,2024-09,2024-12,3,62,2024-09-30,2024-12-01,2024-12-31,19.0,2.0,0,0,0,0
1872,2024-10,2024-11,1,62,2024-10-31,2024-11-01,2024-11-30,21.0,2.0,0,0,0,0
1872,2024-11,2024-12,1,62,2024-11-30,2024-12-01,2024-12-31,21.0,2.0,0,0,0,0
1874,2023-12,2024-12,12,63,2023-12-31,2024-12-01,2024-12-31,16.0,2.0,0,0,0,0
1874,2024-06,2024-07,1,63,2024-06-30,2024-07-01,2024-07-31,16.0,2.0,0,0,0,0
1874,2024-06,2024-09,3,63,2024-06-30,2024-09-01,2024-09-30,16.0,2.0,0,0,0,0
1874,2024-06,2024-12,6,63,2024-06-30,2024-12-01,2024-12-31,16.0,2.0,0,0,0,0
1874,2024-07,2024-08,1,63,2024-07-31,2024-08-01,2024-08-31,18.0,2.0,0,0,0,0
1874,2024-07,2024-10,3,63,2024-07-31,2024-10-01,2024-10-31,18.0,2.0,0,0,0,0
1874,2024-08,2024-09,1,63,2024-08-31,2024-09-01,2024-09-30,18.0,2.0,0,0,0,0
1874,2024-08,2024-11,3,63,2024-08-31,2024-11-01,2024-11-30,18.0,2.0,0,0,0,0
1874,2024-09,2024-10,1,63,2024-09-30,2024-10-01,2024-10-31,19.0,2.0,0,0,0,0
1874,2024-09,2024-12,3,63,2024-09-30,2024-12-01,2024-12-31,19.0,2.0,0,0,0,0
1874,2024-10,2024-11,1,63,2024-10-31,2024-11-01,2024-11-30,21.0,2.0,0,0,0,0
1874,2024-11,2024-12,1,63,2024-11-30,2024-12-01,2024-12-31,21.0,2.0,0,0,0,0
1879,2023-12,2024-12,12,63,2023-12-31,2024-12-01,2024-12-31,16.0,2.0,0,0,0,0
1879,2024-06,2024-07,1,63,2024-06-30,2024-07-01,2024-07-31,16.0,2.0,0,0,0,0
1879,2024-06,2024-09,3,63,2024-06-30,2024-09-01,2024-09-30,16.0,2.0,0,0,0,0
1879,2024-06,2024-12,6,63,2024-06-30,2024-12-01,2024-12-31,16.0,2.0,0,0,0,0
1879,2024-07,2024-08,1,63,2024-07-31,2024-08-01,2024-08-31,18.0,2.0,0,0,0,0
1879,2024-07,2024-10,3,63,2024-07-31,2024-10-01,2024-10-31,18.0,2.0,0,0,0,0
1879,2024-08,2024-09,1,63,2024-08-31,2024-09-01,2024-09-30,18.0,2.0,0,0,0,0
1879,2024-08,2024-11,3,63,2024-08-31,2024-11-01,2024-11-30,18.0,2.0,0,0,0,0
1879,2024-09,2024-10,1,63,2024-09-30,2024-10-01,2024-10-31,19.0,2.0,0,0,0,0
1879,2024-09,2024-12,3,63,2024-09-30,2024-12-01,2024-12-31,19.0,2.0,0,0,0,0
1879,2024-10,2024-11,1,63,2024-10-31,2024-11-01,2024-11-30,21.0,2.0,0,0,0,0
1879,2024-11,2024-12,1,63,2024-11-30,2024-12-01,2024-12-31,21.0,2.0,0,0,0,0
1896,2023-12,2024-12,12,63,2023-12-31,2024-12-01,2024-12-31,16.0,2.0,0,0,0,0
1896,2024-06,2024-07,1,63,2024-06-30,2024-07-01,2024-07-31,16.0,2.0,0,0,0,0
1896,2024-06,2024-09,3,63,2024-06-30,2024-09-01,2024-09-30,16.0,2.0,0,0,0,0
1896,2024-06,2024-12,6,63,2024-06-30,2024-12-01,2024-12-31,16.0,2.0,0,0,0,0
1896,2024-07,2024-08,1,63,2024-07-31,2024-08-01,2024-08-31,18.0,2.0,0,0,0,0
1896,2024-07,2024-10,3,63,2024-07-31,2024-10-01,2024-10-31,18.0,2.0,0,0,0,0
1896,2024-08,2024-09,1,63,2024-08-31,2024-09-01,2024-09-30,18.0,2.0,0,0,0,0
1896,2024-08,2024-11,3,63,2024-08-31,2024-11-01,2024-11-30,18.0,2.0,0,0,0,0
1896,2024-09,2024-10,1,63,2024-09-30,2024-10-01,2024-10-31,19.0,2.0,0,0,0,0
1896,2024-09,2024-12,3,63,2024-09-30,2024-12-01,2024-12-31,19.0,2.0,0,0,0,0
1896,2024-10,2024-11,1,63,2024-10-31,2024-11-01,2024-11-30,21.0,2.0,0,0,0,0
1896,2024-11,2024-12,1,63,2024-11-30,2024-12-01,2024-12-31,21.0,2.0,0,0,0,0
1900,2023-12,2024-12,12,63,2023-12-31,2024-12-01,2024-12-31,16.0,2.0,0,0,0,0
1900,2024-06,2024-07,1,63,2024-06-30,2024-07-01,2024-07-31,16.0,2.0,0,0,0,0
1900,2024-06,2024-09,3,63,2024-06-30,2024-09-01,2024-09-30,16.0,2.0,0,0,0,0
1900,2024-06,2024-12,6,63,2024-06-30,2024-12-01,2024-12-31,16.0,2.0,0,0,0,0
1900,2024-07,2024-08,1,63,2024-07-31,2024-08-01,2024-08-31,18.0,2.0,0,0,0,0
1900,2024-07,2024-10,3,63,2024-07-31,2024-10-01,2024-10-31,18.0,2.0,0,0,0,0
1900,2024-08,2024-09,1,63,2024-08-31,2024-09-01,2024-09-30,18.0,2.0,0,0,0,0
1900,2024-08,2024-11,3,63,2024-08-31,2024-11-01,2024-11-30,18.0,2.0,0,0,0,0
1900,2024-09,2024-10,1,63,2024-09-30,2024-10-01,2024-10-31,19.0,2.0,0,0,0,0
1900,2024-09,2024-12,3,63,2024-09-30,2024-12-01,2024-12-31,19.0,2.0,0,0,0,0
1900,2024-10,2024-11,1,63,2024-10-31,2024-11-01,2024-11-30,21.0,2.0,0,0,0,0
1900,2024-11,2024-12,1,63,2024-11-30,2024-12-01,2024-12-31,21.0,2.0,0,0,0,0
1915,2023-12,2024-12,12,64,2023-12-31,2024-12-01,2024-12-31,16.0,2.0,0,0,0,0
1915,2024-06,2024-07,1,64,2024-06-30,2024-07-01,2024-07-31,16.0,2.0,0,0,0,0
1915,2024-06,2024-09,3,64,2024-06-30,2024-09-01,2024-09-30,16.0,2.0,0,0,0,0
1915,2024-06,2024-12,6,64,2024-06-30,2024-12-01,2024-12-31,16.0,2.0,0,0,0,0
1915,2024-07,2024-08,1,64,2024-07-31,2024-08-01,2024-08-31,18.0,2.0,0,0,0,0
1915,2024-07,2024-10,3,64,2024-07-31,2024-10-01,2024-10-31,18.0,2.0,0,0,0,0
1915,2024-08,2024-09,1,64,2024-08-31,2024-09-01,2024-09-30,18.0,2.0,0,0,0,0
1915,2024-08,2024-11,3,64,2024-08-31,2024-11-01,2024-11-30,18.0,2.0,0,0,0,0
1915,2024-09,2024-10,1,64,2024-09-30,2024-10-01,2024-10-31,19.0,2.0,0,0,0,0
1915,2024-09,2024-12,3,64,2024-09-30,2024-12-01,2024-12-31,19.0,2.0,0,0,0,0
1915,2024-10,2024-11,1,64,2024-10-31,2024-11-01,2024-11-30,21.0,2.0,0,0,0,0
1915,2024-11,2024-12,1,64,2024-11-30,2024-12-01,2024-12-31,21.0,2.0,0,0,0,0
1921,2023-12,2024-12,12,64,2023-12-31,2024-12-01,2024-12-31,16.0,2.0,0,0,0,0
1921,2024-06,2024-07,1,64,2024-06-30,2024-07-01,2024-07-31,16.0,2.0,0,0,0,0
1921,2024-06,2024-09,3,64,2024-06-30,2024-09-01,2024-09-30,16.0,2.0,0,0,0,0
1921,2024-06,2024-12,6,64,2024-06-30,2024-12-01,2024-12-31,16.0,2.0,0,0,0,0
1921,2024-07,2024-08,1,64,2024-07-31,2024-08-01,2024-08-31,18.0,2.0,0,0,0,0
1921,2024-07,2024-10,3,64,2024-07-31,2024-10-01,2024-10-31,18.0,2.0,0,0,0,0
1921,2024-08,2024-09,1,64,2024-08-31,2024-09-01,2024-09-30,18.0,2.0,0,0,0,0
1921,2024-08,2024-11,3,64,2024-08-31,2024-11-01,2024-11-30,18.0,2.0,0,0,0,0
1921,2024-09,2024-10,1,64,2024-09-30,2024-10-01,2024-10-31,19.0,2.0,0,0,0,0
1921,2024-09,2024-12,3,64,2024-09-30,2024-12-01,2024-12-31,19.0,2.0,0,0,0,0
1921,2024-10,2024-11,1,64,2024-10-31,2024-11-01,2024-11-30,21.0,2.0,0,0,0,0
1921,2024-11,2024-12,1,64,2024-11-30,2024-12-01,2024-12-31,21.0,2.0,0,0,0,0
1922,2023-12,2024-12,12,64,2023-12-31,2024-12-01,2024-12-31,16.0,2.0,0,0,0,0
1922,2024-06,2024-07,1,64,2024-06-30,2024-07-01,2024-07-31,16.0,2.0,0,0,0,0
1922,2024-06,2024-09,3,64,2024-06-30,2024-09-01,2024-09-30,16.0,2.0,0,0,0,0
1922,2024-06,2024-12,6,64,2024-06-30,2024-12-01,2024-12-31,16.0,2.0,0,0,0,0
1922,2024-07,2024-08,1,64,2024-07-31,2024-08-01,2024-08-31,18.0,2.0,0,0,0,0
1922,2024-07,2024-10,3,64,2024-07-31,2024-10-01,2024-10-31,18.0,2.0,0,0,0,0
1922,2024-08,2024-09,1,64,2024-08-31,2024-09-01,2024-09-30,18.0,2.0,0,0,0,0
1922,2024-08,2024-11,3,64,2024-08-31,2024-11-01,2024-11-30,18.0,2.0,0,0,0,0
1922,2024-09,2024-10,1,64,2024-09-30,2024-10-01,2024-10-31,19.0,2.0,0,0,0,0
1922,2024-09,2024-12,3,64,2024-09-30,2024-12-01,2024-12-31,19.0,2.0,0,0,0,0
1922,2024-10,2024-11,1,64,2024-10-31,2024-11-01,2024-11-30,21.0,2.0,0,0,0,0
1922,2024-11,2024-12,1,64,2024-11-30,2024-12-01,2024-12-31,21.0,2.0,0,0,0,0
1930,2023-12,2024-12,12,64,2023-12-31,2024-12-01,2024-12-31,16.0,2.0,0,0,0,0
1930,2024-06,2024-07,1,64,2024-06-30,2024-07-01,2024-07-31,16.0,2.0,0,0,0,0
1930,2024-06,2024-09,3,64,2024-06-30,2024-09-01,2024-09-30,16.0,2.0,0,0,0,0
1930,2024-06,2024-12,6,64,2024-06-30,2024-12-01,2024-12-31,16.0,2.0,0,0,0,0
1930,2024-07,2024-08,1,64,2024-07-31,2024-08-01,2024-08-31,18.0,2.0,0,0,0,0
1930,2024-07,2024-10,3,64,2024-07-31,2024-10-01,2024-10-31,18.0,2.0,0,0,0,0
1930,2024-08,2024-09,1,64,2024-08-31,2024-09-01,2024-09-30,18.0,2.0,0,0,0,0
1930,2024-08,2024-11,3,64,2024-08-31,2024-11-01,2024-11-30,18.0,2.0,0,0,0,0
1930,2024-09,2024-10,1,64,2024-09-30,2024-10-01,2024-10-31,19.0,2.0,0,0,0,0
1930,2024-09,2024-12,3,64,2024-09-30,2024-12-01,2024-12-31,19.0,2.0,0,0,0,0
1930,2024-10,2024-11,1,64,2024-10-31,2024-11-01,2024-11-30,21.0,2.0,0,0,0,0
1930,2024-11,2024-12,1,64,2024-11-30,2024-12-01,2024-12-31,21.0,2.0,0,0,0,0
1949,2023-12,2024-12,12,64,2023-12-31,2024-12-01,2024-12-31,16.0,2.0,0,0,0,0
1949,2024-06,2024-07,1,64,2024-06-30,2024-07-01,2024-07-31,16.0,2.0,0,0,0,0
1949,2024-06,2024-09,3,64,2024-06-30,2024-09-01,2024-09-30,16.0,2.0,0,0,0,0
1949,2024-06,2024-12,6,64,2024-06-30,2024-12-01,2024-12-31,16.0,2.0,0,0,0,0
1949,2024-07,2024-08,1,64,2024-07-31,2024-08-01,2024-08-31,18.0,2.0,0,0,0,0
1949,2024-07,2024-10,3,64,2024-07-31,2024-10-01,2024-10-31,18.0,2.0,0,0,0,0
1949,2024-08,2024-09,1,64,2024-08-31,2024-09-01,2024-09-30,18.0,2.0,0,0,0,0
1949,2024-08,2024-11,3,64,2024-08-31,2024-11-01,2024-11-30,18.0,2.0,0,0,0,0
1949,2024-09,2024-10,1,64,2024-09-30,2024-10-01,2024-10-31,19.0,2.0,0,0,0,0
1949,2024-09,2024-12,3,64,2024-09-30,2024-12-01,2024-12-31,19.0,2.0,0,0,0,0
1949,2024-10,2024-11,1,64,2024-10-31,2024-11-01,2024-11-30,21.0,2.0,0,0,0,0
1949,2024-11,2024-12,1,64,2024-11-30,2024-12-01,2024-12-31,21.0,2.0,0,0,0,0
1954,2023-12,2024-12,12,65,2023-12-31,2024-12-01,2024-12-31,16.0,2.0,0,0,0,0
1954,2024-06,2024-07,1,65,2024-06-30,2024-07-01,2024-07-31,16.0,2.0,0,0,0,0
1954,2024-06,2024-09,3,65,2024-06-30,2024-09-01,2024-09-30,16.0,2.0,0,0,0,0
1954,2024-06,2024-12,6,65,2024-06-30,2024-12-01,2024-12-31,16.0,2.0,0,0,0,0
1954,2024-07,2024-08,1,65,2024-07-31,2024-08-01,2024-08-31,18.0,2.0,0,0,0,0
1954,2024-07,2024-10,3,65,2024-07-31,2024-10-01,2024-10-31,18.0,2.0,0,0,0,0
1954,2024-08,2024-09,1,65,2024-08-31,2024-09-01,2024-09-30,18.0,2.0,0,0,0,0
1954,2024-08,2024-11,3,65,2024-08-31,2024-11-01,2024-11-30,18.0,2.0,0,0,0,0
1954,2024-09,2024-10,1,65,2024-09-30,2024-10-01,2024-10-31,19.0,2.0,0,0,0,0
1954,2024-09,2024-12,3,65,2024-09-30,2024-12-01,2024-12-31,19.0,2.0,0,0,0,0
1954,2024-10,2024-11,1,65,2024-10-31,2024-11-01,2024-11-30,21.0,2.0,0,0,0,0
1954,2024-11,2024-12,1,65,2024-11-30,2024-12-01,2024-12-31,21.0,2.0,0,0,0,0
1963,2023-12,2024-12,12,65,2023-12-31,2024-12-01,2024-12-31,16.0,2.0,0,0,0,0
1963,2024-06,2024-07,1,65,2024-06-30,2024-07-01,2024-07-31,16.0,2.0,0,0,0,0
1963,2024-06,2024-09,3,65,2024-06-30,2024-09-01,2024-09-30,16.0,2.0,0,0,0,0
1963,2024-06,2024-12,6,65,2024-06-30,2024-12-01,2024-12-31,16.0,2.0,0,0,0,0
1963,2024-07,2024-08,1,65,2024-07-31,2024-08-01,2024-08-31,18.0,2.0,0,0,0,0
1963,2024-07,2024-10,3,65,2024-07-31,2024-10-01,2024-10-31,18.0,2.0,0,0,0,0
1963,2024-08,2024-09,1,65,2024-08-31,2024-09-01,2024-09-30,18.0,2.0,0,0,0,0
1963,2024-08,2024-11,3,65,2024-08-31,2024-11-01,2024-11-30,18.0,2.0,0,0,0,0
1963,2024-09,2024-10,1,65,2024-09-30,2024-10-01,2024-10-31,19.0,2.0,0,0,0,0
1963,2024-09,2024-12,3,65,2024-09-30,2024-12-01,2024-12-31,19.0,2.0,0,0,0,0
1963,2024-10,2024-11,1,65,2024-10-31,2024-11-01,2024-11-30,21.0,2.0,0,0,0,0
1963,2024-11,2024-12,1,65,2024-11-30,2024-12-01,2024-12-31,21.0,2.0,0,0,0,0
1970,2023-12,2024-12,12,65,2023-12-31,2024-12-01,2024-12-31,16.0,2.0,0,0,0,0
1970,2024-06,2024-07,1,65,2024-06-30,2024-07-01,2024-07-31,16.0,2.0,0,0,0,0
1970,2024-06,2024-09,3,65,2024-06-30,2024-09-01,2024-09-30,16.0,2.0,0,0,0,0
1970,2024-06,2024-12,6,65,2024-06-30,2024-12-01,2024-12-31,16.0,2.0,0,0,0,0
1970,2024-07,2024-08,1,65,2024-07-31,2024-08-01,2024-08-31,18.0,2.0,0,0,0,0
1970,2024-07,2024-10,3,65,2024-07-31,2024-10-01,2024-10-31,18.0,2.0,0,0,0,0
1970,2024-08,2024-09,1,65,2024-08-31,2024-09-01,2024-09-30,18.0,2.0,0,0,0,0
1970,2024-08,2024-11,3,65,2024-08-31,2024-11-01,2024-11-30,18.0,2.0,0,0,0,0
1970,2024-09,2024-10,1,65,2024-09-30,2024-10-01,2024-10-31,19.0,2.0,0,0,0,0
1970,2024-09,2024-12,3,65,2024-09-30,2024-12-01,2024-12-31,19.0,2.0,0,0,0,0
1970,2024-10,2024-11,1,65,2024-10-31,2024-11-01,2024-11-30,21.0,2.0,0,0,0,0
1970,2024-11,2024-12,1,65,2024-11-30,2024-12-01,2024-12-31,21.0,2.0,0,0,0,0
1971,2023-12,2024-12,12,66,2023-12-31,2024-12-01,2024-12-31,16.0,2.0,0,0,0,0
1971,2024-06,2024-07,1,66,2024-06-30,2024-07-01,2024-07-31,16.0,2.0,0,0,0,0
1971,2024-06,2024-09,3,66,2024-06-30,2024-09-01,2024-09-30,16.0,2.0,0,0,0,0
1971,2024-06,2024-12,6,66,2024-06-30,2024-12-01,2024-12-31,16.0,2.0,0,0,0,0
1971,2024-07,2024-08,1,66,2024-07-31,2024-08-01,2024-08-31,18.0,2.0,0,0,0,0
1971,2024-07,2024-10,3,66,2024-07-31,2024-10-01,2024-10-31,18.0,2.0,0,0,0,0
1971,2024-08,2024-09,1,66,2024-08-31,2024-09-01,2024-09-30,18.0,2.0,0,0,0,0
1971,2024-08,2024-11,3,66,2024-08-31,2024-11-01,2024-11-30,18.0,2.0,0,0,0,0
1971,2024-09,2024-10,1,66,2024-09-30,2024-10-01,2024-10-31,19.0,2.0,0,0,0,0
1971,2024-09,2024-12,3,66,2024-09-30,2024-12-01,2024-12-31,19.0,2.0,0,0,0,0
1971,2024-10,2024-11,1,66,2024-10-31,2024-11-01,2024-11-30,21.0,2.0,0,0,0,0
1971,2024-11,2024-12,1,66,2024-11-30,2024-12-01,2024-12-31,21.0,2.0,0,0,0,0
1982,2023-12,2024-12,12,66,2023-12-31,2024-12-01,2024-12-31,16.0,2.0,0,0,0,0
1982,2024-06,2024-07,1,66,2024-06-30,2024-07-01,2024-07-31,16.0,2.0,0,0,0,0
1982,2024-06,2024-09,3,66,2024-06-30,2024-09-01,2024-09-30,16.0,2.0,0,0,0,0
1982,2024-06,2024-12,6,66,2024-06-30,2024-12-01,2024-12-31,16.0,2.0,0,0,0,0
1982,2024-07,2024-08,1,66,2024-07-31,2024-08-01,2024-08-31,18.0,2.0,0,0,0,0
1982,2024-07,2024-10,3,66,2024-07-31,2024-10-01,2024-10-31,18.0,2.0,0,0,0,0
1982,2024-08,2024-09,1,66,2024-08-31,2024-09-01,2024-09-30,18.0,2.0,0,0,0,0
1982,2024-08,2024-11,3,66,2024-08-31,2024-11-01,2024-11-30,18.0,2.0,0,0,0,0
1982,2024-09,2024-10,1,66,2024-09-30,2024-10-01,2024-10-31,19.0,2.0,0,0,0,0
1982,2024-09,2024-12,3,66,2024-09-30,2024-12-01,2024-12-31,19.0,2.0,0,0,0,0
1982,2024-10,2024-11,1,66,2024-10-31,2024-11-01,2024-11-30,21.0,2.0,0,0,0,0
1982,2024-11,2024-12,1,66,2024-11-30,2024-12-01,2024-12-31,21.0,2.0,0,0,0,0
1987,2023-12,2024-12,12,66,2023-12-31,2024-12-01,2024-12-31,16.0,2.0,0,0,0,0
1987,2024-06,2024-07,1,66,2024-06-30,2024-07-01,2024-07-31,16.0,2.0,0,0,0,0
1987,2024-06,2024-09,3,66,2024-06-30,2024-09-01,2024-09-30,16.0,2.0,0,0,0,0
1987,2024-06,2024-12,6,66,2024-06-30,2024-12-01,2024-12-31,16.0,2.0,0,0,0,0
1987,2024-07,2024-08,1,66,2024-07-31,2024-08-01,2024-08-31,18.0,2.0,0,0,0,0
1987,2024-07,2024-10,3,66,2024-07-31,2024-10-01,2024-10-31,18.0,2.0,0,0,0,0
1987,2024-08,2024-09,1,66,2024-08-31,2024-09-01,2024-09-30,18.0,2.0,0,0,0,0
1987,2024-08,2024-11,3,66,2024-08-31,2024-11-01,2024-11-30,18.0,2.0,0,0,0,0
1987,2024-09,2024-10,1,66,2024-09-30,2024-10-01,2024-10-31,19.0,2.0,0,0,0,0
1987,2024-09,2024-12,3,66,2024-09-30,2024-12-01,2024-12-31,19.0,2.0,0,0,0,0
1987,2024-10,2024-11,1,66,2024-10-31,2024-11-01,2024-11-30,21.0,2.0,0,0,0,0
1987,2024-11,2024-12,1,66,2024-11-30,2024-12-01,2024-12-31,21.0,2.0,0,0,0,0
1988,2023-12,2024-12,12,66,2023-12-31,2024-12-01,2024-12-31,16.0,2.0,0,0,0,0
1988,2024-06,2024-07,1,66,2024-06-30,2024-07-01,2024-07-31,16.0,2.0,0,0,0,0
1988,2024-06,2024-09,3,66,2024-06-30,2024-09-01,2024-09-30,16.0,2.0,0,0,0,0
1988,2024-06,2024-12,6,66,2024-06-30,2024-12-01,2024-12-31,16.0,2.0,0,0,0,0
1988,2024-07,2024-08,1,66,2024-07-31,2024-08-01,2024-08-31,18.0,2.0,0,0,0,0
1988,2024-07,2024-10,3,66,2024-07-31,2024-10-01,2024-10-31,18.0,2.0,0,0,0,0
1988,2024-08,2024-09,1,66,2024-08-31,2024-09-01,2024-09-30,18.0,2.0,0,0,0,0
1988,2024-08,2024-11,3,66,2024-08-31,2024-11-01,2024-11-30,18.0,2.0,0,0,0,0
1988,2024-09,2024-10,1,66,2024-09-30,2024-10-01,2024-10-31,19.0,2.0,0,0,0,0
1988,2024-09,2024-12,3,66,2024-09-30,2024-12-01,2024-12-31,19.0,2.0,0,0,0,0
1988,2024-10,2024-11,1,66,2024-10-31,2024-11-01,2024-11-30,21.0,2.0,0,0,0,0
1988,2024-11,2024-12,1,66,2024-11-30,2024-12-01,2024-12-31,21.0,2.0,0,0,0,0
1989,2023-12,2024-12,12,66,2023-12-31,2024-12-01,2024-12-31,16.0,2.0,0,0,0,0
1989,2024-06,2024-07,1,66,2024-06-30,2024-07-01,2024-07-31,16.0,2.0,0,0,0,0
1989,2024-06,2024-09,3,66,2024-06-30,2024-09-01,2024-09-30,16.0,2.0,0,0,0,0
1989,2024-06,2024-12,6,66,2024-06-30,2024-12-01,2024-12-31,16.0,2.0,0,0,0,0
1989,2024-07,2024-08,1,66,2024-07-31,2024-08-01,2024-08-31,18.0,2.0,0,0,0,0
1989,2024-07,2024-10,3,66,2024-07-31,2024-10-01,2024-10-31,18.0,2.0,0,0,0,0
1989,2024-08,2024-09,1,66,2024-08-31,2024-09-01,2024-09-30,18.0,2.0,0,0,0,0
1989,2024-08,2024-11,3,66,2024-08-31,2024-11-01,2024-11-30,18.0,2.0,0,0,0,0
1989,2024-09,2024-10,1,66,2024-09-30,2024-10-01,2024-10-31,19.0,2.0,0,0,0,0
1989,2024-09,2024-12,3,66,2024-09-30,2024-12-01,2024-12-31,19.0,2.0,0,0,0,0
1989,2024-10,2024-11,1,66,2024-10-31,2024-11-01,2024-11-30,21.0,2.0,0,0,0,0
1989,2024-11,2024-12,1,66,2024-11-30,2024-12-01,2024-12-31,21.0,2.0,0,0,0,0
2000,2023-12,2024-12,12,66,2023-12-31,2024-12-01,2024-12-31,16.0,2.0,0,0,0,0
2000,2024-06,2024-07,1,66,2024-06-30,2024-07-01,2024-07-31,16.0,2.0,0,0,0,0
2000,2024-06,2024-09,3,66,2024-06-30,2024-09-01,2024-09-30,16.0,2.0,0,0,0,0
2000,2024-06,2024-12,6,66,2024-06-30,2024-12-01,2024-12-31,16.0,2.0,0,0,0,0
2000,2024-07,2024-08,1,66,2024-07-31,2024-08-01,2024-08-31,18.0,2.0,0,0,0,0
2000,2024-07,2024-10,3,66,2024-07-31,2024-10-01,2024-10-31,18.0,2.0,0,0,0,0
2000,2024-08,2024-09,1,66,2024-08-31,2024-09-01,2024-09-30,18.0,2.0,0,0,0,0
2000,2024-08,2024-11,3,66,2024-08-31,2024-11-01,2024-11-30,18.0,2.0,0,0,0,0
2000,2024-09,2024-10,1,66,2024-09-30,2024-10-01,2024-10-31,19.0,2.0,0,0,0,0
2000,2024-09,2024-12,3,66,2024-09-30,2024-12-01,2024-12-31,19.0,2.0,0,0,0,0
2000,2024-10,2024-11,1,66,2024-10-31,2024-11-01,2024-11-30,21.0,2.0,0,0,0,0
2000,2024-11,2024-12,1,66,2024-11-30,2024-12-01,2024-12-31,21.0,2.0,0,0,0,0
2006,2023-12,2024-12,12,66,2023-12-31,2024-12-01,2024-12-31,16.0,2.0,0,0,0,0
2006,2024-06,2024-07,1,66,2024-06-30,2024-07-01,2024-07-31,16.0,2.0,0,0,0,0
2006,2024-06,2024-09,3,66,2024-06-30,2024-09-01,2024-09-30,16.0,2.0,0,0,0,0
2006,2024-06,2024-12,6,66,2024-06-30,2024-12-01,2024-12-31,16.0,2.0,0,0,0,0
2006,2024-07,2024-08,1,66,2024-07-31,2024-08-01,2024-08-31,18.0,2.0,0,0,0,0
2006,2024-07,2024-10,3,66,2024-07-31,2024-10-01,2024-10-31,18.0,2.0,0,0,0,0
2006,2024-08,2024-09,1,66,2024-08-31,2024-09-01,2024-09-30,18.0,2.0,0,0,0,0
2006,2024-08,2024-11,3,66,2024-08-31,2024-11-01,2024-11-30,18.0,2.0,0,0,0,0
2006,2024-09,2024-10,1,66,2024-09-30,2024-10-01,2024-10-31,19.0,2.0,0,0,0,0
2006,2024-09,2024-12,3,66,2024-09-30,2024-12-01,2024-12-31,19.0,2.0,0,0,0,0
2006,2024-10,2024-11,1,66,2024-10-31,2024-11-01,2024-11-30,21.0,2.0,0,0,0,0
2006,2024-11,2024-12,1,66,2024-11-30,2024-12-01,2024-12-31,21.0,2.0,0,0,0,0
2010,2023-12,2024-12,12,66,2023-12-31,2024-12-01,2024-12-31,16.0,2.0,0,0,0,0
2010,2024-06,2024-07,1,66,2024-06-30,2024-07-01,2024-07-31,16.0,2.0,0,0,0,0
2010,2024-06,2024-09,3,66,2024-06-30,2024-09-01,2024-09-30,16.0,2.0,0,0,0,0
2010,2024-06,2024-12,6,66,2024-06-30,2024-12-01,2024-12-31,16.0,2.0,0,0,0,0
2010,2024-07,2024-08,1,66,2024-07-31,2024-08-01,2024-08-31,18.0,2.0,0,0,0,0
2010,2024-07,2024-10,3,66,2024-07-31,2024-10-01,2024-10-31,18.0,2.0,0,0,0,0
2010,2024-08,2024-09,1,66,2024-08-31,2024-09-01,2024-09-30,18.0,2.0,0,0,0,0
2010,2024-08,2024-11,3,66,2024-08-31,2024-11-01,2024-11-30,18.0,2.0,0,0,0,0
2010,2024-09,2024-10,1,66,2024-09-30,2024-10-01,2024-10-31,19.0,2.0,0,0,0,0
2010,2024-09,2024-12,3,66,2024-09-30,2024-12-01,2024-12-31,19.0,2.0,0,0,0,0
2010,2024-10,2024-11,1,66,2024-10-31,2024-11-01,2024-11-30,21.0,2.0,0,0,0,0
2010,2024-11,2024-12,1,66,2024-11-30,2024-12-01,2024-12-31,21.0,2.0,0,0,0,0
2027,2023-12,2024-12,12,66,2023-12-31,2024-12-01,2024-12-31,16.0,2.0,0,0,0,0
2027,2024-06,2024-07,1,66,2024-06-30,2024-07-01,2024-07-31,16.0,2.0,0,0,0,0
2027,2024-06,2024-09,3,66,2024-06-30,2024-09-01,2024-09-30,16.0,2.0,0,0,0,0
2027,2024-06,2024-12,6,66,2024-06-30,2024-12-01,2024-12-31,16.0,2.0,0,0,0,0
2027,2024-07,2024-08,1,66,2024-07-31,2024-08-01,2024-08-31,18.0,2.0,0,0,0,0
2027,2024-07,2024-10,3,66,2024-07-31,2024-10-01,2024-10-31,18.0,2.0,0,0,0,0
2027,2024-08,2024-09,1,66,2024-08-31,2024-09-01,2024-09-30,18.0,2.0,0,0,0,0
2027,2024-08,2024-11,3,66,2024-08-31,2024-11-01,2024-11-30,18.0,2.0,0,0,0,0
2027,2024-09,2024-10,1,66,2024-09-30,2024-10-01,2024-10-31,19.0,2.0,0,0,0,0
2027,2024-09,2024-12,3,66,2024-09-30,2024-12-01,2024-12-31,19.0,2.0,0,0,0,0
2027,2024-10,2024-11,1,66,2024-10-31,2024-11-01,2024-11-30,21.0,2.0,0,0,0,0
2027,2024-11,2024-12,1,66,2024-11-30,2024-12-01,2024-12-31,21.0,2.0,0,0,0,0
2033,2023-12,2024-12,12,66,2023-12-31,2024-12-01,2024-12-31,16.0,2.0,0,0,0,0
2033,2024-06,2024-07,1,66,2024-06-30,2024-07-01,2024-07-31,16.0,2.0,0,0,0,0
2033,2024-06,2024-09,3,66,2024-06-30,2024-09-01,2024-09-30,16.0,2.0,0,0,0,0
2033,2024-06,2024-12,6,66,2024-06-30,2024-12-01,2024-12-31,16.0,2.0,0,0,0,0
2033,2024-07,2024-08,1,66,2024-07-31,2024-08-01,2024-08-31,18.0,2.0,0,0,0,0
2033,2024-07,2024-10,3,66,2024-07-31,2024-10-01,2024-10-31,18.0,2.0,0,0,0,0
2033,2024-08,2024-09,1,66,2024-08-31,2024-09-01,2024-09-30,18.0,2.0,0,0,0,0
2033,2024-08,2024-11,3,66,2024-08-31,2024-11-01,2024-11-30,18.0,2.0,0,0,0,0
2033,2024-09,2024-10,1,66,2024-09-30,2024-10-01,2024-10-31,19.0,2.0,0,0,0,0
2033,2024-09,2024-12,3,66,2024-09-30,2024-12-01,2024-12-31,19.0,2.0,0,0,0,0
2033,2024-10,2024-11,1,66,2024-10-31,2024-11-01,2024-11-30,21.0,2.0,0,0,0,0
2033,2024-11,2024-12,1,66,2024-11-30,2024-12-01,2024-12-31,21.0,2.0,0,0,0,0
2037,2023-12,2024-12,12,66,2023-12-31,2024-12-01,2024-12-31,16.0,2.0,0,0,0,0
2037,2024-06,2024-07,1,66,2024-06-30,2024-07-01,2024-07-31,16.0,2.0,0,0,0,0
2037,2024-06,2024-09,3,66,2024-06-30,2024-09-01,2024-09-30,16.0,2.0,0,0,0,0
2037,2024-06,2024-12,6,66,2024-06-30,2024-12-01,2024-12-31,16.0,2.0,0,0,0,0
2037,2024-07,2024-08,1,66,2024-07-31,2024-08-01,2024-08-31,18.0,2.0,0,0,0,0
2037,2024-07,2024-10,3,66,2024-07-31,2024-10-01,2024-10-31,18.0,2.0,0,0,0,0
2037,2024-08,2024-09,1,66,2024-08-31,2024-09-01,2024-09-30,18.0,2.0,0,0,0,0
2037,2024-08,2024-11,3,66,2024-08-31,2024-11-01,2024-11-30,18.0,2.0,0,0,0,0
2037,2024-09,2024-10,1,66,2024-09-30,2024-10-01,2024-10-31,19.0,2.0,0,0,0,0
2037,2024-09,2024-12,3,66,2024-09-30,2024-12-01,2024-12-31,19.0,2.0,0,0,0,0
2037,2024-10,2024-11,1,66,2024-10-31,2024-11-01,2024-11-30,21.0,2.0,0,0,0,0
2037,2024-11,2024-12,1,66,2024-11-30,2024-12-01,2024-12-31,21.0,2.0,0,0,0,0
2056,2023-12,2024-12,12,67,2023-12-31,2024-12-01,2024-12-31,16.0,2.0,0,0,0,0
2056,2024-06,2024-07,1,67,2024-06-30,2024-07-01,2024-07-31,16.0,2.0,0,0,0,0
2056,2024-06,2024-09,3,67,2024-06-30,2024-09-01,2024-09-30,16.0,2.0,0,0,0,0
2056,2024-06,2024-12,6,67,2024-06-30,2024-12-01,2024-12-31,16.0,2.0,0,0,0,0
2056,2024-07,2024-08,1,67,2024-07-31,2024-08-01,2024-08-31,18.0,2.0,0,0,0,0
2056,2024-07,2024-10,3,67,2024-07-31,2024-10-01,2024-10-31,18.0,2.0,0,0,0,0
2056,2024-08,2024-09,1,67,2024-08-31,2024-09-01,2024-09-30,18.0,2.0,0,0,0,0
2056,2024-08,2024-11,3,67,2024-08-31,2024-11-01,2024-11-30,18.0,2.0,0,0,0,0
2056,2024-09,2024-10,1,67,2024-09-30,2024-10-01,2024-10-31,19.0,2.0,0,0,0,0
2056,2024-09,2024-12,3,67,2024-09-30,2024-12-01,2024-12-31,19.0,2.0,0,0,0,0
2056,2024-10,2024-11,1,67,2024-10-31,2024-11-01,2024-11-30,21.0,2.0,0,0,0,0
2056,2024-11,2024-12,1,67,2024-11-30,2024-12-01,2024-12-31,21.0,2.0,0,0,0,0
2068,2023-12,2024-12,12,67,2023-12-31,2024-12-01,2024-12-31,16.0,2.0,0,0,0,0
2068,2024-06,2024-07,1,67,2024-06-30,2024-07-01,2024-07-31,16.0,2.0,0,0,0,0
2068,2024-06,2024-09,3,67,2024-06-30,2024-09-01,2024-09-30,16.0,2.0,0,0,0,0
2068,2024-06,2024-12,6,67,2024-06-30,2024-12-01,2024-12-31,16.0,2.0,0,0,0,0
2068,2024-07,2024-08,1,67,2024-07-31,2024-08-01,2024-08-31,18.0,2.0,0,0,0,0
2068,2024-07,2024-10,3,67,2024-07-31,2024-10-01,2024-10-31,18.0,2.0,0,0,0,0
2068,2024-08,2024-09,1,67,2024-08-31,2024-09-01,2024-09-30,18.0,2.0,0,0,0,0
2068,2024-08,2024-11,3,67,2024-08-31,2024-11-01,2024-11-30,18.0,2.0,0,0,0,0
2068,2024-09,2024-10,1,67,2024-09-30,2024-10-01,2024-10-31,19.0,2.0,0,0,0,0
2068,2024-09,2024-12,3,67,2024-09-30,2024-12-01,2024-12-31,19.0,2.0,0,0,0,0
2068,2024-10,2024-11,1,67,2024-10-31,2024-11-01,2024-11-30,21.0,2.0,0,0,0,0
2068,2024-11,2024-12,1,67,2024-11-30,2024-12-01,2024-12-31,21.0,2.0,0,0,0,0
2077,2023-12,2024-12,12,68,2023-12-31,2024-12-01,2024-12-31,16.0,2.0,0,0,0,0
2077,2024-06,2024-07,1,68,2024-06-30,2024-07-01,2024-07-31,16.0,2.0,0,0,0,0
2077,2024-06,2024-09,3,68,2024-06-30,2024-09-01,2024-09-30,16.0,2.0,0,0,0,0
2077,2024-06,2024-12,6,68,2024-06-30,2024-12-01,2024-12-31,16.0,2.0,0,0,0,0
2077,2024-07,2024-08,1,68,2024-07-31,2024-08-01,2024-08-31,18.0,2.0,0,0,0,0
2077,2024-07,2024-10,3,68,2024-07-31,2024-10-01,2024-10-31,18.0,2.0,0,0,0,0
2077,2024-08,2024-09,1,68,2024-08-31,2024-09-01,2024-09-30,18.0,2.0,0,0,0,0
2077,2024-08,2024-11,3,68,2024-08-31,2024-11-01,2024-11-30,18.0,2.0,0,0,0,0
2077,2024-09,2024-10,1,68,2024-09-30,2024-10-01,2024-10-31,19.0,2.0,0,0,0,0
2077,2024-09,2024-12,3,68,2024-09-30,2024-12-01,2024-12-31,19.0,2.0,0,0,0,0
2077,2024-10,2024-11,1,68,2024-10-31,2024-11-01,2024-11-30,21.0,2.0,0,0,0,0
2077,2024-11,2024-12,1,68,2024-11-30,2024-12-01,2024-12-31,21.0,2.0,0,0,0,0
2080,2023-12,2024-12,12,68,2023-12-31,2024-12-01,2024-12-31,16.0,2.0,0,0,0,0
2080,2024-06,2024-07,1,68,2024-06-30,2024-07-01,2024-07-31,16.0,2.0,0,0,0,0
2080,2024-06,2024-09,3,68,2024-06-30,2024-09-01,2024-09-30,16.0,2.0,0,0,0,0
2080,2024-06,2024-12,6,68,2024-06-30,2024-12-01,2024-12-31,16.0,2.0,0,0,0,0
2080,2024-07,2024-08,1,68,2024-07-31,2024-08-01,2024-08-31,18.0,2.0,0,0,0,0
2080,2024-07,2024-10,3,68,2024-07-31,2024-10-01,2024-10-31,18.0,2.0,0,0,0,0
2080,2024-08,2024-09,1,68,2024-08-31,2024-09-01,2024-09-30,18.0,2.0,0,0,0,0
2080,2024-08,2024-11,3,68,2024-08-31,2024-11-01,2024-11-30,18.0,2.0,0,0,0,0
2080,2024-09,2024-10,1,68,2024-09-30,2024-10-01,2024-10-31,19.0,2.0,0,0,0,0
2080,2024-09,2024-12,3,68,2024-09-30,2024-12-01,2024-12-31,19.0,2.0,0,0,0,0
2080,2024-10,2024-11,1,68,2024-10-31,2024-11-01,2024-11-30,21.0,2.0,0,0,0,0
2080,2024-11,2024-12,1,68,2024-11-30,2024-12-01,2024-12-31,21.0,2.0,0,0,0,0
2112,2023-12,2024-12,12,69,2023-12-31,2024-12-01,2024-12-31,16.0,2.0,0,0,0,0
2112,2024-06,2024-07,1,69,2024-06-30,2024-07-01,2024-07-31,16.0,2.0,0,0,0,0
2112,2024-06,2024-09,3,69,2024-06-30,2024-09-01,2024-09-30,16.0,2.0,0,0,0,0
2112,2024-06,2024-12,6,69,2024-06-30,2024-12-01,2024-12-31,16.0,2.0,0,0,0,0
2112,2024-07,2024-08,1,69,2024-07-31,2024-08-01,2024-08-31,18.0,2.0,0,0,0,0
2112,2024-07,2024-10,3,69,2024-07-31,2024-10-01,2024-10-31,18.0,2.0,0,0,0,0
2112,2024-08,2024-09,1,69,2024-08-31,2024-09-01,2024-09-30,18.0,2.0,0,0,0,0
2112,2024-08,2024-11,3,69,2024-08-31,2024-11-01,2024-11-30,18.0,2.0,0,0,0,0
2112,2024-09,2024-10,1,69,2024-09-30,2024-10-01,2024-10-31,19.0,2.0,0,0,0,0
2112,2024-09,2024-12,3,69,2024-09-30,2024-12-01,2024-12-31,19.0,2.0,0,0,0,0
2112,2024-10,2024-11,1,69,2024-10-31,2024-11-01,2024-11-30,21.0,2.0,0,0,0,0
2112,2024-11,2024-12,1,69,2024-11-30,2024-12-01,2024-12-31,21.0,2.0,0,0,0,0
2130,2023-12,2024-12,12,69,2023-12-31,2024-12-01,2024-12-31,16.0,2.0,0,0,0,0
2130,2024-06,2024-07,1,69,2024-06-30,2024-07-01,2024-07-31,16.0,2.0,0,0,0,0
2130,2024-06,2024-09,3,69,2024-06-30,2024-09-01,2024-09-30,16.0,2.0,0,0,0,0
2130,2024-06,2024-12,6,69,2024-06-30,2024-12-01,2024-12-31,16.0,2.0,0,0,0,0
2130,2024-07,2024-08,1,69,2024-07-31,2024-08-01,2024-08-31,18.0,2.0,0,0,0,0
2130,2024-07,2024-10,3,69,2024-07-31,2024-10-01,2024-10-31,18.0,2.0,0,0,0,0
2130,2024-08,2024-09,1,69,2024-08-31,2024-09-01,2024-09-30,18.0,2.0,0,0,0,0
2130,2024-08,2024-11,3,69,2024-08-31,2024-11-01,2024-11-30,18.0,2.0,0,0,0,0
2130,2024-09,2024-10,1,69,2024-09-30,2024-10-01,2024-10-31,19.0,2.0,0,0,0,0
2130,2024-09,2024-12,3,69,2024-09-30,2024-12-01,2024-12-31,19.0,2.0,0,0,0,0
2130,2024-10,2024-11,1,69,2024-10-31,2024-11-01,2024-11-30,21.0,2.0,0,0,0,0
2130,2024-11,2024-12,1,69,2024-11-30,2024-12-01,2024-12-31,21.0,2.0,0,0,0,0
2133,2023-12,2024-12,12,69,2023-12-31,2024-12-01,2024-12-31,16.0,2.0,0,0,0,0
2133,2024-06,2024-07,1,69,2024-06-30,2024-07-01,2024-07-31,16.0,2.0,0,0,0,0
2133,2024-06,2024-09,3,69,2024-06-30,2024-09-01,2024-09-30,16.0,2.0,0,0,0,0
2133,2024-06,2024-12,6,69,2024-06-30,2024-12-01,2024-12-31,16.0,2.0,0,0,0,0
2133,2024-07,2024-08,1,69,2024-07-31,2024-08-01,2024-08-31,18.0,2.0,0,0,0,0
2133,2024-07,2024-10,3,69,2024-07-31,2024-10-01,2024-10-31,18.0,2.0,0,0,0,0
2133,2024-08,2024-09,1,69,2024-08-31,2024-09-01,2024-09-30,18.0,2.0,0,0,0,0
2133,2024-08,2024-11,3,69,2024-08-31,2024-11-01,2024-11-30,18.0,2.0,0,0,0,0
2133,2024-09,2024-10,1,69,2024-09-30,2024-10-01,2024-10-31,19.0,2.0,0,0,0,0
2133,2024-09,2024-12,3,69,2024-09-30,2024-12-01,2024-12-31,19.0,2.0,0,0,0,0
2133,2024-10,2024-11,1,69,2024-10-31,2024-11-01,2024-11-30,21.0,2.0,0,0,0,0
2133,2024-11,2024-12,1,69,2024-11-30,2024-12-01,2024-12-31,21.0,2.0,0,0,0,0
2145,2023-12,2024-12,12,70,2023-12-31,2024-12-01,2024-12-31,16.0,2.0,0,0,0,0
2145,2024-06,2024-07,1,70,2024-06-30,2024-07-01,2024-07-31,16.0,2.0,0,0,0,0
2145,2024-06,2024-09,3,70,2024-06-30,2024-09-01,2024-09-30,16.0,2.0,0,0,0,0
2145,2024-06,2024-12,6,70,2024-06-30,2024-12-01,2024-12-31,16.0,2.0,0,0,0,0
2145,2024-07,2024-08,1,70,2024-07-31,2024-08-01,2024-08-31,18.0,2.0,0,0,0,0
2145,2024-07,2024-10,3,70,2024-07-31,2024-10-01,2024-10-31,18.0,2.0,0,0,0,0
2145,2024-08,2024-09,1,70,2024-08-31,2024-09-01,2024-09-30,18.0,2.0,0,0,0,0
2145,2024-08,2024-11,3,70,2024-08-31,2024-11-01,2024-11-30,18.0,2.0,0,0,0,0
2145,2024-09,2024-10,1,70,2024-09-30,2024-10-01,2024-10-31,19.0,2.0,0,0,0,0
2145,2024-09,2024-12,3,70,2024-09-30,2024-12-01,2024-12-31,19.0,2.0,0,0,0,0
2145,2024-10,2024-11,1,70,2024-10-31,2024-11-01,2024-11-30,21.0,2.0,0,0,0,0
2145,2024-11,2024-12,1,70,2024-11-30,2024-12-01,2024-12-31,21.0,2.0,0,0,0,0
2148,2023-12,2024-12,12,70,2023-12-31,2024-12-01,2024-12-31,16.0,2.0,0,0,0,0
2148,2024-06,2024-07,1,70,2024-06-30,2024-07-01,2024-07-31,16.0,2.0,0,0,0,0
2148,2024-06,2024-09,3,70,2024-06-30,2024-09-01,2024-09-30,16.0,2.0,0,0,0,0
2148,2024-06,2024-12,6,70,2024-06-30,2024-12-01,2024-12-31,16.0,2.0,0,0,0,0
2148,2024-07,2024-08,1,70,2024-07-31,2024-08-01,2024-08-31,18.0,2.0,0,0,0,0
2148,2024-07,2024-10,3,70,2024-07-31,2024-10-01,2024-10-31,18.0,2.0,0,0,0,0
2148,2024-08,2024-09,1,70,2024-08-31,2024-09-01,2024-09-30,18.0,2.0,0,0,0,0
2148,2024-08,2024-11,3,70,2024-08-31,2024-11-01,2024-11-30,18.0,2.0,0,0,0,0
2148,2024-09,2024-10,1,70,2024-09-30,2024-10-01,2024-10-31,19.0,2.0,0,0,0,0
2148,2024-09,2024-12,3,70,2024-09-30,2024-12-01,2024-12-31,19.0,2.0,0,0,0,0
2148,2024-10,2024-11,1,70,2024-10-31,2024-11-01,2024-11-30,21.0,2.0,0,0,0,0
2148,2024-11,2024-12,1,70,2024-11-30,2024-12-01,2024-12-31,21.0,2.0,0,0,0,0
2156,2023-12,2024-12,12,70,2023-12-31,2024-12-01,2024-12-31,16.0,2.0,0,0,0,0
2156,2024-06,2024-07,1,70,2024-06-30,2024-07-01,2024-07-31,16.0,2.0,0,0,0,0
2156,2024-06,2024-09,3,70,2024-06-30,2024-09-01,2024-09-30,16.0,2.0,0,0,0,0
2156,2024-06,2024-12,6,70,2024-06-30,2024-12-01,2024-12-31,16.0,2.0,0,0,0,0
2156,2024-07,2024-08,1,70,2024-07-31,2024-08-01,2024-08-31,18.0,2.0,0,0,0,0
2156,2024-07,2024-10,3,70,2024-07-31,2024-10-01,2024-10-31,18.0,2.0,0,0,0,0
2156,2024-08,2024-09,1,70,2024-08-31,2024-09-01,2024-09-30,18.0,2.0,0,0,0,0
2156,2024-08,2024-11,3,70,2024-08-31,2024-11-01,2024-11-30,18.0,2.0,0,0,0,0
2156,2024-09,2024-10,1,70,2024-09-30,2024-10-01,2024-10-31,19.0,2.0,0,0,0,0
2156,2024-09,2024-12,3,70,2024-09-30,2024-12-01,2024-12-31,19.0,2.0,0,0,0,0
2156,2024-10,2024-11,1,70,2024-10-31,2024-11-01,2024-11-30,21.0,2.0,0,0,0,0
2156,2024-11,2024-12,1,70,2024-11-30,2024-12-01,2024-12-31,21.0,2.0,0,0,0,0
2168,2023-12,2024-12,12,71,2023-12-31,2024-12-01,2024-12-31,16.0,2.0,0,0,0,0
2168,2024-06,2024-07,1,71,2024-06-30,2024-07-01,2024-07-31,16.0,2.0,0,0,0,0
2168,2024-06,2024-09,3,71,2024-06-30,2024-09-01,2024-09-30,16.0,2.0,0,0,0,0
2168,2024-06,2024-12,6,71,2024-06-30,2024-12-01,2024-12-31,16.0,2.0,0,0,0,0
2168,2024-07,2024-08,1,71,2024-07-31,2024-08-01,2024-08-31,18.0,2.0,0,0,0,0
2168,2024-07,2024-10,3,71,2024-07-31,2024-10-01,2024-10-31,18.0,2.0,0,0,0,0
2168,2024-08,2024-09,1,71,2024-08-31,2024-09-01,2024-09-30,18.0,2.0,0,0,0,0
2168,2024-08,2024-11,3,71,2024-08-31,2024-11-01,2024-11-30,18.0,2.0,0,0,0,0
2168,2024-09,2024-10,1,71,2024-09-30,2024-10-01,2024-10-31,19.0,2.0,0,0,0,0
2168,2024-09,2024-12,3,71,2024-09-30,2024-12-01,2024-12-31,19.0,2.0,0,0,0,0
2168,2024-10,2024-11,1,71,2024-10-31,2024-11-01,2024-11-30,21.0,2.0,0,0,0,0
2168,2024-11,2024-12,1,71,2024-11-30,2024-12-01,2024-12-31,21.0,2.0,0,0,0,0
2182,2023-12,2024-12,12,71,2023-12-31,2024-12-01,2024-12-31,16.0,2.0,0,0,0,0
2182,2024-06,2024-07,1,71,2024-06-30,2024-07-01,2024-07-31,16.0,2.0,0,0,0,0
2182,2024-06,2024-09,3,71,2024-06-30,2024-09-01,2024-09-30,16.0,2.0,0,0,0,0
2182,2024-06,2024-12,6,71,2024-06-30,2024-12-01,2024-12-31,16.0,2.0,0,0,0,0
2182,2024-07,2024-08,1,71,2024-07-31,2024-08-01,2024-08-31,18.0,2.0,0,0,0,0
2182,2024-07,2024-10,3,71,2024-07-31,2024-10-01,2024-10-31,18.0,2.0,0,0,0,0
2182,2024-08,2024-09,1,71,2024-08-31,2024-09-01,2024-09-30,18.0,2.0,0,0,0,0
2182,2024-08,2024-11,3,71,2024-08-31,2024-11-01,2024-11-30,18.0,2.0,0,0,0,0
2182,2024-09,2024-10,1,71,2024-09-30,2024-10-01,2024-10-31,19.0,2.0,0,0,0,0
2182,2024-09,2024-12,3,71,2024-09-30,2024-12-01,2024-12-31,19.0,2.0,0,0,0,0
2182,2024-10,2024-11,1,71,2024-10-31,2024-11-01,2024-11-30,21.0,2.0,0,0,0,0
2182,2024-11,2024-12,1,71,2024-11-30,2024-12-01,2024-12-31,21.0,2.0,0,0,0,0
2187,2023-12,2024-12,12,71,2023-12-31,2024-12-01,2024-12-31,16.0,2.0,0,0,0,0
2187,2024-06,2024-07,1,71,2024-06-30,2024-07-01,2024-07-31,16.0,2.0,0,0,0,0
2187,2024-06,2024-09,3,71,2024-06-30,2024-09-01,2024-09-30,16.0,2.0,0,0,0,0
2187,2024-06,2024-12,6,71,2024-06-30,2024-12-01,2024-12-31,16.0,2.0,0,0,0,0
2187,2024-07,2024-08,1,71,2024-07-31,2024-08-01,2024-08-31,18.0,2.0,0,0,0,0
2187,2024-07,2024-10,3,71,2024-07-31,2024-10-01,2024-10-31,18.0,2.0,0,0,0,0
2187,2024-08,2024-09,1,71,2024-08-31,2024-09-01,2024-09-30,18.0,2.0,0,0,0,0
2187,2024-08,2024-11,3,71,2024-08-31,2024-11-01,2024-11-30,18.0,2.0,0,0,0,0
2187,2024-09,2024-10,1,71,2024-09-30,2024-10-01,2024-10-31,19.0,2.0,0,0,0,0
2187,2024-09,2024-12,3,71,2024-09-30,2024-12-01,2024-12-31,19.0,2.0,0,0,0,0
2187,2024-10,2024-11,1,71,2024-10-31,2024-11-01,2024-11-30,21.0,2.0,0,0,0,0
2187,2024-11,2024-12,1,71,2024-11-30,2024-12-01,2024-12-31,21.0,2.0,0,0,0,0
2191,2023-12,2024-12,12,72,2023-12-31,2024-12-01,2024-12-31,16.0,2.0,0,0,0,0
2191,2024-06,2024-07,1,72,2024-06-30,2024-07-01,2024-07-31,16.0,2.0,0,0,0,0
2191,2024-06,2024-09,3,72,2024-06-30,2024-09-01,2024-09-30,16.0,2.0,0,0,0,0
2191,2024-06,2024-12,6,72,2024-06-30,2024-12-01,2024-12-31,16.0,2.0,0,0,0,0
2191,2024-07,2024-08,1,72,2024-07-31,2024-08-01,2024-08-31,18.0,2.0,0,0,0,0
2191,2024-07,2024-10,3,72,2024-07-31,2024-10-01,2024-10-31,18.0,2.0,0,0,0,0
2191,2024-08,2024-09,1,72,2024-08-31,2024-09-01,2024-09-30,18.0,2.0,0,0,0,0
2191,2024-08,2024-11,3,72,2024-08-31,2024-11-01,2024-11-30,18.0,2.0,0,0,0,0
2191,2024-09,2024-10,1,72,2024-09-30,2024-10-01,2024-10-31,19.0,2.0,0,0,0,0
2191,2024-09,2024-12,3,72,2024-09-30,2024-12-01,2024-12-31,19.0,2.0,0,0,0,0
2191,2024-10,2024-11,1,72,2024-10-31,2024-11-01,2024-11-30,21.0,2.0,0,0,0,0
2191,2024-11,2024-12,1,72,2024-11-30,2024-12-01,2024-12-31,21.0,2.0,0,0,0,0
2192,2023-12,2024-12,12,72,2023-12-31,2024-12-01,2024-12-31,16.0,2.0,0,0,0,0
2192,2024-06,2024-07,1,72,2024-06-30,2024-07-01,2024-07-31,16.0,2.0,0,0,0,0
2192,2024-06,2024-09,3,72,2024-06-30,2024-09-01,2024-09-30,16.0,2.0,0,0,0,0
2192,2024-06,2024-12,6,72,2024-06-30,2024-12-01,2024-12-31,16.0,2.0,0,0,0,0
2192,2024-07,2024-08,1,72,2024-07-31,2024-08-01,2024-08-31,18.0,2.0,0,0,0,0
2192,2024-07,2024-10,3,72,2024-07-31,2024-10-01,2024-10-31,18.0,2.0,0,0,0,0
2192,2024-08,2024-09,1,72,2024-08-31,2024-09-01,2024-09-30,18.0,2.0,0,0,0,0
2192,2024-08,2024-11,3,72,2024-08-31,2024-11-01,2024-11-30,18.0,2.0,0,0,0,0
2192,2024-09,2024-10,1,72,2024-09-30,2024-10-01,2024-10-31,19.0,2.0,0,0,0,0
2192,2024-09,2024-12,3,72,2024-09-30,2024-12-01,2024-12-31,19.0,2.0,0,0,0,0
2192,2024-10,2024-11,1,72,2024-10-31,2024-11-01,2024-11-30,21.0,2.0,0,0,0,0
2192,2024-11,2024-12,1,72,2024-11-30,2024-12-01,2024-12-31,21.0,2.0,0,0,0,0
2202,2023-12,2024-12,12,72,2023-12-31,2024-12-01,2024-12-31,16.0,2.0,0,0,0,0
2202,2024-06,2024-07,1,72,2024-06-30,2024-07-01,2024-07-31,16.0,2.0,0,0,0,0
2202,2024-06,2024-09,3,72,2024-06-30,2024-09-01,2024-09-30,16.0,2.0,0,0,0,0
2202,2024-06,2024-12,6,72,2024-06-30,2024-12-01,2024-12-31,16.0,2.0,0,0,0,0
2202,2024-07,2024-08,1,72,2024-07-31,2024-08-01,2024-08-31,18.0,2.0,0,0,0,0
2202,2024-07,2024-10,3,72,2024-07-31,2024-10-01,2024-10-31,18.0,2.0,0,0,0,0
2202,2024-08,2024-09,1,72,2024-08-31,2024-09-01,2024-09-30,18.0,2.0,0,0,0,0
2202,2024-08,2024-11,3,72,2024-08-31,2024-11-01,2024-11-30,18.0,2.0,0,0,0,0
2202,2024-09,2024-10,1,72,2024-09-30,2024-10-01,2024-10-31,19.0,2.0,0,0,0,0
2202,2024-09,2024-12,3,72,2024-09-30,2024-12-01,2024-12-31,19.0,2.0,0,0,0,0
2202,2024-10,2024-11,1,72,2024-10-31,2024-11-01,2024-11-30,21.0,2.0,0,0,0,0
2202,2024-11,2024-12,1,72,2024-11-30,2024-12-01,2024-12-31,21.0,2.0,0,0,0,0
2225,2023-12,2024-12,12,86,2023-12-31,2024-12-01,2024-12-31,16.0,2.0,0,0,0,0
2225,2024-06,2024-07,1,86,2024-06-30,2024-07-01,2024-07-31,16.0,2.0,0,0,0,0
2225,2024-06,2024-09,3,86,2024-06-30,2024-09-01,2024-09-30,16.0,2.0,0,0,0,0
2225,2024-06,2024-12,6,86,2024-06-30,2024-12-01,2024-12-31,16.0,2.0,0,0,0,0
2225,2024-07,2024-08,1,86,2024-07-31,2024-08-01,2024-08-31,18.0,2.0,0,0,0,0
2225,2024-07,2024-10,3,86,2024-07-31,2024-10-01,2024-10-31,18.0,2.0,0,0,0,0
2225,2024-08,2024-09,1,86,2024-08-31,2024-09-01,2024-09-30,18.0,2.0,0,0,0,0
2225,2024-08,2024-11,3,86,2024-08-31,2024-11-01,2024-11-30,18.0,2.0,0,0,0,0
2225,2024-09,2024-10,1,86,2024-09-30,2024-10-01,2024-10-31,19.0,2.0,0,0,0,0
2225,2024-09,2024-12,3,86,2024-09-30,2024-12-01,2024-12-31,19.0,2.0,0,0,0,0
2225,2024-10,2024-11,1,86,2024-10-31,2024-11-01,2024-11-30,21.0,2.0,0,0,0,0
2225,2024-11,2024-12,1,86,2024-11-30,2024-12-01,2024-12-31,21.0,2.0,0,0,0,0
2256,2023-12,2024-12,12,73,2023-12-31,2024-12-01,2024-12-31,16.0,2.0,0,0,0,0
2256,2024-06,2024-07,1,73,2024-06-30,2024-07-01,2024-07-31,16.0,2.0,0,0,0,0
2256,2024-06,2024-09,3,73,2024-06-30,2024-09-01,2024-09-30,16.0,2.0,0,0,0,0
2256,2024-06,2024-12,6,73,2024-06-30,2024-12-01,2024-12-31,16.0,2.0,0,0,0,0
2256,2024-07,2024-08,1,73,2024-07-31,2024-08-01,2024-08-31,18.0,2.0,0,0,0,0
2256,2024-07,2024-10,3,73,2024-07-31,2024-10-01,2024-10-31,18.0,2.0,0,0,0,0
2256,2024-08,2024-09,1,73,2024-08-31,2024-09-01,2024-09-30,18.0,2.0,0,0,0,0
2256,2024-08,2024-11,3,73,2024-08-31,2024-11-01,2024-11-30,18.0,2.0,0,0,0,0
2256,2024-09,2024-10,1,73,2024-09-30,2024-10-01,2024-10-31,19.0,2.0,0,0,0,0
2256,2024-09,2024-12,3,73,2024-09-30,2024-12-01,2024-12-31,19.0,2.0,0,0,0,0
2256,2024-10,2024-11,1,73,2024-10-31,2024-11-01,2024-11-30,21.0,2.0,0,0,0,0
2256,2024-11,2024-12,1,73,2024-11-30,2024-12-01,2024-12-31,21.0,2.0,0,0,0,0
2260,2023-12,2024-12,12,73,2023-12-31,2024-12-01,2024-12-31,16.0,2.0,0,0,0,0
2260,2024-06,2024-07,1,73,2024-06-30,2024-07-01,2024-07-31,16.0,2.0,0,0,0,0
2260,2024-06,2024-09,3,73,2024-06-30,2024-09-01,2024-09-30,16.0,2.0,0,0,0,0
2260,2024-06,2024-12,6,73,2024-06-30,2024-12-01,2024-12-31,16.0,2.0,0,0,0,0
2260,2024-07,2024-08,1,73,2024-07-31,2024-08-01,2024-08-31,18.0,2.0,0,0,0,0
2260,2024-07,2024-10,3,73,2024-07-31,2024-10-01,2024-10-31,18.0,2.0,0,0,0,0
2260,2024-08,2024-09,1,73,2024-08-31,2024-09-01,2024-09-30,18.0,2.0,0,0,0,0
2260,2024-08,2024-11,3,73,2024-08-31,2024-11-01,2024-11-30,18.0,2.0,0,0,0,0
2260,2024-09,2024-10,1,73,2024-09-30,2024-10-01,2024-10-31,19.0,2.0,0,0,0,0
2260,2024-09,2024-12,3,73,2024-09-30,2024-12-01,2024-12-31,19.0,2.0,0,0,0,0
2260,2024-10,2024-11,1,73,2024-10-31,2024-11-01,2024-11-30,21.0,2.0,0,0,0,0
2260,2024-11,2024-12,1,73,2024-11-30,2024-12-01,2024-12-31,21.0,2.0,0,0,0,0
2262,2023-12,2024-12,12,73,2023-12-31,2024-12-01,2024-12-31,16.0,2.0,0,0,0,0
2262,2024-06,2024-07,1,73,2024-06-30,2024-07-01,2024-07-31,16.0,2.0,0,0,0,0
2262,2024-06,2024-09,3,73,2024-06-30,2024-09-01,2024-09-30,16.0,2.0,0,0,0,0
2262,2024-06,2024-12,6,73,2024-06-30,2024-12-01,2024-12-31,16.0,2.0,0,0,0,0
2262,2024-07,2024-08,1,73,2024-07-31,2024-08-01,2024-08-31,18.0,2.0,0,0,0,0
2262,2024-07,2024-10,3,73,2024-07-31,2024-10-01,2024-10-31,18.0,2.0,0,0,0,0
2262,2024-08,2024-09,1,73,2024-08-31,2024-09-01,2024-09-30,18.0,2.0,0,0,0,0
2262,2024-08,2024-11,3,73,2024-08-31,2024-11-01,2024-11-30,18.0,2.0,0,0,0,0
2262,2024-09,2024-10,1,73,2024-09-30,2024-10-01,2024-10-31,19.0,2.0,0,0,0,0
2262,2024-09,2024-12,3,73,2024-09-30,2024-12-01,2024-12-31,19.0,2.0,0,0,0,0
2262,2024-10,2024-11,1,73,2024-10-31,2024-11-01,2024-11-30,21.0,2.0,0,0,0,0
2262,2024-11,2024-12,1,73,2024-11-30,2024-12-01,2024-12-31,21.0,2.0,0,0,0,0
2270,2023-12,2024-12,12,73,2023-12-31,2024-12-01,2024-12-31,16.0,2.0,0,0,0,0
2270,2024-06,2024-07,1,73,2024-06-30,2024-07-01,2024-07-31,16.0,2.0,0,0,0,0
2270,2024-06,2024-09,3,73,2024-06-30,2024-09-01,2024-09-30,16.0,2.0,0,0,0,0
2270,2024-06,2024-12,6,73,2024-06-30,2024-12-01,2024-12-31,16.0,2.0,0,0,0,0
2270,2024-07,2024-08,1,73,2024-07-31,2024-08-01,2024-08-31,18.0,2.0,0,0,0,0
2270,2024-07,2024-10,3,73,2024-07-31,2024-10-01,2024-10-31,18.0,2.0,0,0,0,0
2270,2024-08,2024-09,1,73,2024-08-31,2024-09-01,2024-09-30,18.0,2.0,0,0,0,0
2270,2024-08,2024-11,3,73,2024-08-31,2024-11-01,2024-11-30,18.0,2.0,0,0,0,0
2270,2024-09,2024-10,1,73,2024-09-30,2024-10-01,2024-10-31,19.0,2.0,0,0,0,0
2270,2024-09,2024-12,3,73,2024-09-30,2024-12-01,2024-12-31,19.0,2.0,0,0,0,0
2270,2024-10,2024-11,1,73,2024-10-31,2024-11-01,2024-11-30,21.0,2.0,0,0,0,0
2270,2024-11,2024-12,1,73,2024-11-30,2024-12-01,2024-12-31,21.0,2.0,0,0,0,0
2275,2023-12,2024-12,12,74,2023-12-31,2024-12-01,2024-12-31,16.0,2.0,0,0,0,0
2275,2024-06,2024-07,1,74,2024-06-30,2024-07-01,2024-07-31,16.0,2.0,0,0,0,0
2275,2024-06,2024-09,3,74,2024-06-30,2024-09-01,2024-09-30,16.0,2.0,0,0,0,0
2275,2024-06,2024-12,6,74,2024-06-30,2024-12-01,2024-12-31,16.0,2.0,0,0,0,0
2275,2024-07,2024-08,1,74,2024-07-31,2024-08-01,2024-08-31,18.0,2.0,0,0,0,0
2275,2024-07,2024-10,3,74,2024-07-31,2024-10-01,2024-10-31,18.0,2.0,0,0,0,0
2275,2024-08,2024-09,1,74,2024-08-31,2024-09-01,2024-09-30,18.0,2.0,0,0,0,0
2275,2024-08,2024-11,3,74,2024-08-31,2024-11-01,2024-11-30,18.0,2.0,0,0,0,0
2275,2024-09,2024-10,1,74,2024-09-30,2024-10-01,2024-10-31,19.0,2.0,0,0,0,0
2275,2024-09,2024-12,3,74,2024-09-30,2024-12-01,2024-12-31,19.0,2.0,0,0,0,0
2275,2024-10,2024-11,1,74,2024-10-31,2024-11-01,2024-11-30,21.0,2.0,0,0,0,0
2275,2024-11,2024-12,1,74,2024-11-30,2024-12-01,2024-12-31,21.0,2.0,0,0,0,0
2311,2023-12,2024-12,12,74,2023-12-31,2024-12-01,2024-12-31,16.0,2.0,0,0,0,0
2311,2024-06,2024-07,1,74,2024-06-30,2024-07-01,2024-07-31,16.0,2.0,0,0,0,0
2311,2024-06,2024-09,3,74,2024-06-30,2024-09-01,2024-09-30,16.0,2.0,0,0,0,0
2311,2024-06,2024-12,6,74,2024-06-30,2024-12-01,2024-12-31,16.0,2.0,0,0,0,0
2311,2024-07,2024-08,1,74,2024-07-31,2024-08-01,2024-08-31,18.0,2.0,0,0,0,0
2311,2024-07,2024-10,3,74,2024-07-31,2024-10-01,2024-10-31,18.0,2.0,0,0,0,0
2311,2024-08,2024-09,1,74,2024-08-31,2024-09-01,2024-09-30,18.0,2.0,0,0,0,0
2311,2024-08,2024-11,3,74,2024-08-31,2024-11-01,2024-11-30,18.0,2.0,0,0,0,0
2311,2024-09,2024-10,1,74,2024-09-30,2024-10-01,2024-10-31,19.0,2.0,0,0,0,0
2311,2024-09,2024-12,3,74,2024-09-30,2024-12-01,2024-12-31,19.0,2.0,0,0,0,0
2311,2024-10,2024-11,1,74,2024-10-31,2024-11-01,2024-11-30,21.0,2.0,0,0,0,0
2311,2024-11,2024-12,1,74,2024-11-30,2024-12-01,2024-12-31,21.0,2.0,0,0,0,0
2315,2023-12,2024-12,12,74,2023-12-31,2024-12-01,2024-12-31,16.0,2.0,0,0,0,0
2315,2024-06,2024-07,1,74,2024-06-30,2024-07-01,2024-07-31,16.0,2.0,0,0,0,0
2315,2024-06,2024-09,3,74,2024-06-30,2024-09-01,2024-09-30,16.0,2.0,0,0,0,0
2315,2024-06,2024-12,6,74,2024-06-30,2024-12-01,2024-12-31,16.0,2.0,0,0,0,0
2315,2024-07,2024-08,1,74,2024-07-31,2024-08-01,2024-08-31,18.0,2.0,0,0,0,0
2315,2024-07,2024-10,3,74,2024-07-31,2024-10-01,2024-10-31,18.0,2.0,0,0,0,0
2315,2024-08,2024-09,1,74,2024-08-31,2024-09-01,2024-09-30,18.0,2.0,0,0,0,0
2315,2024-08,2024-11,3,74,2024-08-31,2024-11-01,2024-11-30,18.0,2.0,0,0,0,0
2315,2024-09,2024-10,1,74,2024-09-30,2024-10-01,2024-10-31,19.0,2.0,0,0,0,0
2315,2024-09,2024-12,3,74,2024-09-30,2024-12-01,2024-12-31,19.0,2.0,0,0,0,0
2315,2024-10,2024-11,1,74,2024-10-31,2024-11-01,2024-11-30,21.0,2.0,0,0,0,0
2315,2024-11,2024-12,1,74,2024-11-30,2024-12-01,2024-12-31,21.0,2.0,0,0,0,0
2318,2023-12,2024-12,12,76,2023-12-31,2024-12-01,2024-12-31,16.0,2.0,0,0,0,0
2318,2024-06,2024-07,1,76,2024-06-30,2024-07-01,2024-07-31,16.0,2.0,0,0,0,0
2318,2024-06,2024-09,3,76,2024-06-30,2024-09-01,2024-09-30,16.0,2.0,0,0,0,0
2318,2024-06,2024-12,6,76,2024-06-30,2024-12-01,2024-12-31,16.0,2.0,0,0,0,0
2318,2024-07,2024-08,1,76,2024-07-31,2024-08-01,2024-08-31,18.0,2.0,0,0,0,0
2318,2024-07,2024-10,3,76,2024-07-31,2024-10-01,2024-10-31,18.0,2.0,0,0,0,0
2318,2024-08,2024-09,1,76,2024-08-31,2024-09-01,2024-09-30,18.0,2.0,0,0,0,0
2318,2024-08,2024-11,3,76,2024-08-31,2024-11-01,2024-11-30,18.0,2.0,0,0,0,0
2318,2024-09,2024-10,1,76,2024-09-30,2024-10-01,2024-10-31,19.0,2.0,0,0,0,0
2318,2024-09,2024-12,3,76,2024-09-30,2024-12-01,2024-12-31,19.0,2.0,0,0,0,0
2318,2024-10,2024-11,1,76,2024-10-31,2024-11-01,2024-11-30,21.0,2.0,0,0,0,0
2318,2024-11,2024-12,1,76,2024-11-30,2024-12-01,2024-12-31,21.0,2.0,0,0,0,0
2321,2023-12,2024-12,12,76,2023-12-31,2024-12-01,2024-12-31,16.0,2.0,0,0,0,0
2321,2024-06,2024-07,1,76,2024-06-30,2024-07-01,2024-07-31,16.0,2.0,0,0,0,0
2321,2024-06,2024-09,3,76,2024-06-30,2024-09-01,2024-09-30,16.0,2.0,0,0,0,0
2321,2024-06,2024-12,6,76,2024-06-30,2024-12-01,2024-12-31,16.0,2.0,0,0,0,0
2321,2024-07,2024-08,1,76,2024-07-31,2024-08-01,2024-08-31,18.0,2.0,0,0,0,0
2321,2024-07,2024-10,3,76,2024-07-31,2024-10-01,2024-10-31,18.0,2.0,0,0,0,0
2321,2024-08,2024-09,1,76,2024-08-31,2024-09-01,2024-09-30,18.0,2.0,0,0,0,0
2321,2024-08,2024-11,3,76,2024-08-31,2024-11-01,2024-11-30,18.0,2.0,0,0,0,0
2321,2024-09,2024-10,1,76,2024-09-30,2024-10-01,2024-10-31,19.0,2.0,0,0,0,0
2321,2024-09,2024-12,3,76,2024-09-30,2024-12-01,2024-12-31,19.0,2.0,0,0,0,0
2321,2024-10,2024-11,1,76,2024-10-31,2024-11-01,2024-11-30,21.0,2.0,0,0,0,0
2321,2024-11,2024-12,1,76,2024-11-30,2024-12-01,2024-12-31,21.0,2.0,0,0,0,0
2340,2023-12,2024-12,12,79,2023-12-31,2024-12-01,2024-12-31,16.0,2.0,0,0,0,0
2340,2024-06,2024-07,1,79,2024-06-30,2024-07-01,2024-07-31,16.0,2.0,0,0,0,0
2340,2024-06,2024-09,3,79,2024-06-30,2024-09-01,2024-09-30,16.0,2.0,0,0,0,0
2340,2024-06,2024-12,6,79,2024-06-30,2024-12-01,2024-12-31,16.0,2.0,0,0,0,0
2340,2024-07,2024-08,1,79,2024-07-31,2024-08-01,2024-08-31,18.0,2.0,0,0,0,0
2340,2024-07,2024-10,3,79,2024-07-31,2024-10-01,2024-10-31,18.0,2.0,0,0,0,0
2340,2024-08,2024-09,1,79,2024-08-31,2024-09-01,2024-09-30,18.0,2.0,0,0,0,0
2340,2024-08,2024-11,3,79,2024-08-31,2024-11-01,2024-11-30,18.0,2.0,0,0,0,0
2340,2024-09,2024-10,1,79,2024-09-30,2024-10-01,2024-10-31,19.0,2.0,0,0,0,0
2340,2024-09,2024-12,3,79,2024-09-30,2024-12-01,2024-12-31,19.0,2.0,0,0,0,0
2340,2024-10,2024-11,1,79,2024-10-31,2024-11-01,2024-11-30,21.0,2.0,0,0,0,0
2340,2024-11,2024-12,1,79,2024-11-30,2024-12-01,2024-12-31,21.0,2.0,0,0,0,0
2343,2023-12,2024-12,12,79,2023-12-31,2024-12-01,2024-12-31,16.0,2.0,0,0,0,0
2343,2024-06,2024-07,1,79,2024-06-30,2024-07-01,2024-07-31,16.0,2.0,0,0,0,0
2343,2024-06,2024-09,3,79,2024-06-30,2024-09-01,2024-09-30,16.0,2.0,0,0,0,0
2343,2024-06,2024-12,6,79,2024-06-30,2024-12-01,2024-12-31,16.0,2.0,0,0,0,0
2343,2024-07,2024-08,1,79,2024-07-31,2024-08-01,2024-08-31,18.0,2.0,0,0,0,0
2343,2024-07,2024-10,3,79,2024-07-31,2024-10-01,2024-10-31,18.0,2.0,0,0,0,0
2343,2024-08,2024-09,1,79,2024-08-31,2024-09-01,2024-09-30,18.0,2.0,0,0,0,0
2343,2024-08,2024-11,3,79,2024-08-31,2024-11-01,2024-11-30,18.0,2.0,0,0,0,0
2343,2024-09,2024-10,1,79,2024-09-30,2024-10-01,2024-10-31,19.0,2.0,0,0,0,0
2343,2024-09,2024-12,3,79,2024-09-30,2024-12-01,2024-12-31,19.0,2.0,0,0,0,0
2343,2024-10,2024-11,1,79,2024-10-31,2024-11-01,2024-11-30,21.0,2.0,0,0,0,0
2343,2024-11,2024-12,1,79,2024-11-30,2024-12-01,2024-12-31,21.0,2.0,0,0,0,0
2373,2023-12,2024-12,12,78,2023-12-31,2024-12-01,2024-12-31,16.0,2.0,0,0,0,0
2373,2024-06,2024-07,1,78,2024-06-30,2024-07-01,2024-07-31,16.0,2.0,0,0,0,0
2373,2024-06,2024-09,3,78,2024-06-30,2024-09-01,2024-09-30,16.0,2.0,0,0,0,0
2373,2024-06,2024-12,6,78,2024-06-30,2024-12-01,2024-12-31,16.0,2.0,0,0,0,0
2373,2024-07,2024-08,1,78,2024-07-31,2024-08-01,2024-08-31,18.0,2.0,0,0,0,0
2373,2024-07,2024-10,3,78,2024-07-31,2024-10-01,2024-10-31,18.0,2.0,0,0,0,0
2373,2024-08,2024-09,1,78,2024-08-31,2024-09-01,2024-09-30,18.0,2.0,0,0,0,0
2373,2024-08,2024-11,3,78,2024-08-31,2024-11-01,2024-11-30,18.0,2.0,0,0,0,0
2373,2024-09,2024-10,1,78,2024-09-30,2024-10-01,2024-10-31,19.0,2.0,0,0,0,0
2373,2024-09,2024-12,3,78,2024-09-30,2024-12-01,2024-12-31,19.0,2.0,0,0,0,0
2373,2024-10,2024-11,1,78,2024-10-31,2024-11-01,2024-11-30,21.0,2.0,0,0,0,0
2373,2024-11,2024-12,1,78,2024-11-30,2024-12-01,2024-12-31,21.0,2.0,0,0,0,0
2374,2023-12,2024-12,12,78,2023-12-31,2024-12-01,2024-12-31,16.0,2.0,0,0,0,0
2374,2024-06,2024-07,1,78,2024-06-30,2024-07-01,2024-07-31,16.0,2.0,0,0,0,0
2374,2024-06,2024-09,3,78,2024-06-30,2024-09-01,2024-09-30,16.0,2.0,0,0,0,0
2374,2024-06,2024-12,6,78,2024-06-30,2024-12-01,2024-12-31,16.0,2.0,0,0,0,0
2374,2024-07,2024-08,1,78,2024-07-31,2024-08-01,2024-08-31,18.0,2.0,0,0,0,0
2374,2024-07,2024-10,3,78,2024-07-31,2024-10-01,2024-10-31,18.0,2.0,0,0,0,0
2374,2024-08,2024-09,1,78,2024-08-31,2024-09-01,2024-09-30,18.0,2.0,0,0,0,0
2374,2024-08,2024-11,3,78,2024-08-31,2024-11-01,2024-11-30,18.0,2.0,0,0,0,0
2374,2024-09,2024-10,1,78,2024-09-30,2024-10-01,2024-10-31,19.0,2.0,0,0,0,0
2374,2024-09,2024-12,3,78,2024-09-30,2024-12-01,2024-12-31,19.0,2.0,0,0,0,0
2374,2024-10,2024-11,1,78,2024-10-31,2024-11-01,2024-11-30,21.0,2.0,0,0,0,0
2374,2024-11,2024-12,1,78,2024-11-30,2024-12-01,2024-12-31,21.0,2.0,0,0,0,0
2389,2023-12,2024-12,12,78,2023-12-31,2024-12-01,2024-12-31,16.0,2.0,0,0,0,0
2389,2024-06,2024-07,1,78,2024-06-30,2024-07-01,2024-07-31,16.0,2.0,0,0,0,0
2389,2024-06,2024-09,3,78,2024-06-30,2024-09-01,2024-09-30,16.0,2.0,0,0,0,0
2389,2024-06,2024-12,6,78,2024-06-30,2024-12-01,2024-12-31,16.0,2.0,0,0,0,0
2389,2024-07,2024-08,1,78,2024-07-31,2024-08-01,2024-08-31,18.0,2.0,0,0,0,0
2389,2024-07,2024-10,3,78,2024-07-31,2024-10-01,2024-10-31,18.0,2.0,0,0,0,0
2389,2024-08,2024-09,1,78,2024-08-31,2024-09-01,2024-09-30,18.0,2.0,0,0,0,0
2389,2024-08,2024-11,3,78,2024-08-31,2024-11-01,2024-11-30,18.0,2.0,0,0,0,0
2389,2024-09,2024-10,1,78,2024-09-30,2024-10-01,2024-10-31,19.0,2.0,0,0,0,0
2389,2024-09,2024-12,3,78,2024-09-30,2024-12-01,2024-12-31,19.0,2.0,0,0,0,0
2389,2024-10,2024-11,1,78,2024-10-31,2024-11-01,2024-11-30,21.0,2.0,0,0,0,0
2389,2024-11,2024-12,1,78,2024-11-30,2024-12-01,2024-12-31,21.0,2.0,0,0,0,0
2399,2023-12,2024-12,12,78,2023-12-31,2024-12-01,2024-12-31,16.0,2.0,0,0,0,0
2399,2024-06,2024-07,1,78,2024-06-30,2024-07-01,2024-07-31,16.0,2.0,0,0,0,0
2399,2024-06,2024-09,3,78,2024-06-30,2024-09-01,2024-09-30,16.0,2.0,0,0,0,0
2399,2024-06,2024-12,6,78,2024-06-30,2024-12-01,2024-12-31,16.0,2.0,0,0,0,0
2399,2024-07,2024-08,1,78,2024-07-31,2024-08-01,2024-08-31,18.0,2.0,0,0,0,0
2399,2024-07,2024-10,3,78,2024-07-31,2024-10-01,2024-10-31,18.0,2.0,0,0,0,0
2399,2024-08,2024-09,1,78,2024-08-31,2024-09-01,2024-09-30,18.0,2.0,0,0,0,0
2399,2024-08,2024-11,3,78,2024-08-31,2024-11-01,2024-11-30,18.0,2.0,0,0,0,0
2399,2024-09,2024-10,1,78,2024-09-30,2024-10-01,2024-10-31,19.0,2.0,0,0,0,0
2399,2024-09,2024-12,3,78,2024-09-30,2024-12-01,2024-12-31,19.0,2.0,0,0,0,0
2399,2024-10,2024-11,1,78,2024-10-31,2024-11-01,2024-11-30,21.0,2.0,0,0,0,0
2399,2024-11,2024-12,1,78,2024-11-30,2024-12-01,2024-12-31,21.0,2.0,0,0,0,0
2404,2023-12,2024-12,12,78,2023-12-31,2024-12-01,2024-12-31,16.0,2.0,0,0,0,0
2404,2024-06,2024-07,1,78,2024-06-30,2024-07-01,2024-07-31,16.0,2.0,0,0,0,0
2404,2024-06,2024-09,3,78,2024-06-30,2024-09-01,2024-09-30,16.0,2.0,0,0,0,0
2404,2024-06,2024-12,6,78,2024-06-30,2024-12-01,2024-12-31,16.0,2.0,0,0,0,0
2404,2024-07,2024-08,1,78,2024-07-31,2024-08-01,2024-08-31,18.0,2.0,0,0,0,0
2404,2024-07,2024-10,3,78,2024-07-31,2024-10-01,2024-10-31,18.0,2.0,0,0,0,0
2404,2024-08,2024-09,1,78,2024-08-31,2024-09-01,2024-09-30,18.0,2.0,0,0,0,0
2404,2024-08,2024-11,3,78,2024-08-31,2024-11-01,2024-11-30,18.0,2.0,0,0,0,0
2404,2024-09,2024-10,1,78,2024-09-30,2024-10-01,2024-10-31,19.0,2.0,0,0,0,0
2404,2024-09,2024-12,3,78,2024-09-30,2024-12-01,2024-12-31,19.0,2.0,0,0,0,0
2404,2024-10,2024-11,1,78,2024-10-31,2024-11-01,2024-11-30,21.0,2.0,0,0,0,0
2404,2024-11,2024-12,1,78,2024-11-30,2024-12-01,2024-12-31,21.0,2.0,0,0,0,0
2408,2023-12,2024-12,12,78,2023-12-31,2024-12-01,2024-12-31,16.0,2.0,0,0,0,0
2408,2024-06,2024-07,1,78,2024-06-30,2024-07-01,2024-07-31,16.0,2.0,0,0,0,0
2408,2024-06,2024-09,3,78,2024-06-30,2024-09-01,2024-09-30,16.0,2.0,0,0,0,0
2408,2024-06,2024-12,6,78,2024-06-30,2024-12-01,2024-12-31,16.0,2.0,0,0,0,0
2408,2024-07,2024-08,1,78,2024-07-31,2024-08-01,2024-08-31,18.0,2.0,0,0,0,0
2408,2024-07,2024-10,3,78,2024-07-31,2024-10-01,2024-10-31,18.0,2.0,0,0,0,0
2408,2024-08,2024-09,1,78,2024-08-31,2024-09-01,2024-09-30,18.0,2.0,0,0,0,0
2408,2024-08,2024-11,3,78,2024-08-31,2024-11-01,2024-11-30,18.0,2.0,0,0,0,0
2408,2024-09,2024-10,1,78,2024-09-30,2024-10-01,2024-10-31,19.0,2.0,0,0,0,0
2408,2024-09,2024-12,3,78,2024-09-30,2024-12-01,2024-12-31,19.0,2.0,0,0,0,0
2408,2024-10,2024-11,1,78,2024-10-31,2024-11-01,2024-11-30,21.0,2.0,0,0,0,0
2408,2024-11,2024-12,1,78,2024-11-30,2024-12-01,2024-12-31,21.0,2.0,0,0,0,0
2426,2023-12,2024-12,12,78,2023-12-31,2024-12-01,2024-12-31,16.0,2.0,0,0,0,0
2426,2024-06,2024-07,1,78,2024-06-30,2024-07-01,2024-07-31,16.0,2.0,0,0,0,0
2426,2024-06,2024-09,3,78,2024-06-30,2024-09-01,2024-09-30,16.0,2.0,0,0,0,0
2426,2024-06,2024-12,6,78,2024-06-30,2024-12-01,2024-12-31,16.0,2.0,0,0,0,0
2426,2024-07,2024-08,1,78,2024-07-31,2024-08-01,2024-08-31,18.0,2.0,0,0,0,0
2426,2024-07,2024-10,3,78,2024-07-31,2024-10-01,2024-10-31,18.0,2.0,0,0,0,0
2426,2024-08,2024-09,1,78,2024-08-31,2024-09-01,2024-09-30,18.0,2.0,0,0,0,0
2426,2024-08,2024-11,3,78,2024-08-31,2024-11-01,2024-11-30,18.0,2.0,0,0,0,0
2426,2024-09,2024-10,1,78,2024-09-30,2024-10-01,2024-10-31,19.0,2.0,0,0,0,0
2426,2024-09,2024-12,3,78,2024-09-30,2024-12-01,2024-12-31,19.0,2.0,0,0,0,0
2426,2024-10,2024-11,1,78,2024-10-31,2024-11-01,2024-11-30,21.0,2.0,0,0,0,0
2426,2024-11,2024-12,1,78,2024-11-30,2024-12-01,2024-12-31,21.0,2.0,0,0,0,0
2435,2023-12,2024-12,12,78,2023-12-31,2024-12-01,2024-12-31,16.0,2.0,0,0,0,0
2435,2024-06,2024-07,1,78,2024-06-30,2024-07-01,2024-07-31,16.0,2.0,0,0,0,0
2435,2024-06,2024-09,3,78,2024-06-30,2024-09-01,2024-09-30,16.0,2.0,0,0,0,0
2435,2024-06,2024-12,6,78,2024-06-30,2024-12-01,2024-12-31,16.0,2.0,0,0,0,0
2435,2024-07,2024-08,1,78,2024-07-31,2024-08-01,2024-08-31,18.0,2.0,0,0,0,0
2435,2024-07,2024-10,3,78,2024-07-31,2024-10-01,2024-10-31,18.0,2.0,0,0,0,0
2435,2024-08,2024-09,1,78,2024-08-31,2024-09-01,2024-09-30,18.0,2.0,0,0,0,0
2435,2024-08,2024-11,3,78,2024-08-31,2024-11-01,2024-11-30,18.0,2.0,0,0,0,0
2435,2024-09,2024-10,1,78,2024-09-30,2024-10-01,2024-10-31,19.0,2.0,0,0,0,0
2435,2024-09,2024-12,3,78,2024-09-30,2024-12-01,2024-12-31,19.0,2.0,0,0,0,0
2435,2024-10,2024-11,1,78,2024-10-31,2024-11-01,2024-11-30,21.0,2.0,0,0,0,0
2435,2024-11,2024-12,1,78,2024-11-30,2024-12-01,2024-12-31,21.0,2.0,0,0,0,0
2441,2023-12,2024-12,12,78,2023-12-31,2024-12-01,2024-12-31,16.0,2.0,0,0,0,0
2441,2024-06,2024-07,1,78,2024-06-30,2024-07-01,2024-07-31,16.0,2.0,0,0,0,0
2441,2024-06,2024-09,3,78,2024-06-30,2024-09-01,2024-09-30,16.0,2.0,0,0,0,0
2441,2024-06,2024-12,6,78,2024-06-30,2024-12-01,2024-12-31,16.0,2.0,0,0,0,0
2441,2024-07,2024-08,1,78,2024-07-31,2024-08-01,2024-08-31,18.0,2.0,0,0,0,0
2441,2024-07,2024-10,3,78,2024-07-31,2024-10-01,2024-10-31,18.0,2.0,0,0,0,0
2441,2024-08,2024-09,1,78,2024-08-31,2024-09-01,2024-09-30,18.0,2.0,0,0,0,0
2441,2024-08,2024-11,3,78,2024-08-31,2024-11-01,2024-11-30,18.0,2.0,0,0,0,0
2441,2024-09,2024-10,1,78,2024-09-30,2024-10-01,2024-10-31,19.0,2.0,0,0,0,0
2441,2024-09,2024-12,3,78,2024-09-30,2024-12-01,2024-12-31,19.0,2.0,0,0,0,0
2441,2024-10,2024-11,1,78,2024-10-31,2024-11-01,2024-11-30,21.0,2.0,0,0,0,0
2441,2024-11,2024-12,1,78,2024-11-30,2024-12-01,2024-12-31,21.0,2.0,0,0,0,0
2461,2023-12,2024-12,12,78,2023-12-31,2024-12-01,2024-12-31,16.0,2.0,0,0,0,0
2461,2024-06,2024-07,1,78,2024-06-30,2024-07-01,2024-07-31,16.0,2.0,0,0,0,0
2461,2024-06,2024-09,3,78,2024-06-30,2024-09-01,2024-09-30,16.0,2.0,0,0,0,0
2461,2024-06,2024-12,6,78,2024-06-30,2024-12-01,2024-12-31,16.0,2.0,0,0,0,0
2461,2024-07,2024-08,1,78,2024-07-31,2024-08-01,2024-08-31,18.0,2.0,0,0,0,0
2461,2024-07,2024-10,3,78,2024-07-31,2024-10-01,2024-10-31,18.0,2.0,0,0,0,0
2461,2024-08,2024-09,1,78,2024-08-31,2024-09-01,2024-09-30,18.0,2.0,0,0,0,0
2461,2024-08,2024-11,3,78,2024-08-31,2024-11-01,2024-11-30,18.0,2.0,0,0,0,0
2461,2024-09,2024-10,1,78,2024-09-30,2024-10-01,2024-10-31,19.0,2.0,0,0,0,0
2461,2024-09,2024-12,3,78,2024-09-30,2024-12-01,2024-12-31,19.0,2.0,0,0,0,0
2461,2024-10,2024-11,1,78,2024-10-31,2024-11-01,2024-11-30,21.0,2.0,0,0,0,0
2461,2024-11,2024-12,1,78,2024-11-30,2024-12-01,2024-12-31,21.0,2.0,0,0,0,0
2473,2023-12,2024-12,12,77,2023-12-31,2024-12-01,2024-12-31,16.0,2.0,0,0,0,0
2473,2024-06,2024-07,1,77,2024-06-30,2024-07-01,2024-07-31,16.0,2.0,0,0,0,0
2473,2024-06,2024-09,3,77,2024-06-30,2024-09-01,2024-09-30,16.0,2.0,0,0,0,0
2473,2024-06,2024-12,6,77,2024-06-30,2024-12-01,2024-12-31,16.0,2.0,0,0,0,0
2473,2024-07,2024-08,1,77,2024-07-31,2024-08-01,2024-08-31,18.0,2.0,0,0,0,0
2473,2024-07,2024-10,3,77,2024-07-31,2024-10-01,2024-10-31,18.0,2.0,0,0,0,0
2473,2024-08,2024-09,1,77,2024-08-31,2024-09-01,2024-09-30,18.0,2.0,0,0,0,0
2473,2024-08,2024-11,3,77,2024-08-31,2024-11-01,2024-11-30,18.0,2.0,0,0,0,0
2473,2024-09,2024-10,1,77,2024-09-30,2024-10-01,2024-10-31,19.0,2.0,0,0,0,0
2473,2024-09,2024-12,3,77,2024-09-30,2024-12-01,2024-12-31,19.0,2.0,0,0,0,0
2473,2024-10,2024-11,1,77,2024-10-31,2024-11-01,2024-11-30,21.0,2.0,0,0,0,0
2473,2024-11,2024-12,1,77,2024-11-30,2024-12-01,2024-12-31,21.0,2.0,0,0,0,0
2480,2023-12,2024-12,12,77,2023-12-31,2024-12-01,2024-12-31,16.0,2.0,0,0,0,0
2480,2024-06,2024-07,1,77,2024-06-30,2024-07-01,2024-07-31,16.0,2.0,0,0,0,0
2480,2024-06,2024-09,3,77,2024-06-30,2024-09-01,2024-09-30,16.0,2.0,0,0,0,0
2480,2024-06,2024-12,6,77,2024-06-30,2024-12-01,2024-12-31,16.0,2.0,0,0,0,0
2480,2024-07,2024-08,1,77,2024-07-31,2024-08-01,2024-08-31,18.0,2.0,0,0,0,0
2480,2024-07,2024-10,3,77,2024-07-31,2024-10-01,2024-10-31,18.0,2.0,0,0,0,0
2480,2024-08,2024-09,1,77,2024-08-31,2024-09-01,2024-09-30,18.0,2.0,0,0,0,0
2480,2024-08,2024-11,3,77,2024-08-31,2024-11-01,2024-11-30,18.0,2.0,0,0,0,0
2480,2024-09,2024-10,1,77,2024-09-30,2024-10-01,2024-10-31,19.0,2.0,0,0,0,0
2480,2024-09,2024-12,3,77,2024-09-30,2024-12-01,2024-12-31,19.0,2.0,0,0,0,0
2480,2024-10,2024-11,1,77,2024-10-31,2024-11-01,2024-11-30,21.0,2.0,0,0,0,0
2480,2024-11,2024-12,1,77,2024-11-30,2024-12-01,2024-12-31,21.0,2.0,0,0,0,0
2486,2023-12,2024-12,12,77,2023-12-31,2024-12-01,2024-12-31,16.0,2.0,0,0,0,0
2486,2024-06,2024-07,1,77,2024-06-30,2024-07-01,2024-07-31,16.0,2.0,0,0,0,0
2486,2024-06,2024-09,3,77,2024-06-30,2024-09-01,2024-09-30,16.0,2.0,0,0,0,0
2486,2024-06,2024-12,6,77,2024-06-30,2024-12-01,2024-12-31,16.0,2.0,0,0,0,0
2486,2024-07,2024-08,1,77,2024-07-31,2024-08-01,2024-08-31,18.0,2.0,0,0,0,0
2486,2024-07,2024-10,3,77,2024-07-31,2024-10-01,2024-10-31,18.0,2.0,0,0,0,0
2486,2024-08,2024-09,1,77,2024-08-31,2024-09-01,2024-09-30,18.0,2.0,0,0,0,0
2486,2024-08,2024-11,3,77,2024-08-31,2024-11-01,2024-11-30,18.0,2.0,0,0,0,0
2486,2024-09,2024-10,1,77,2024-09-30,2024-10-01,2024-10-31,19.0,2.0,0,0,0,0
2486,2024-09,2024-12,3,77,2024-09-30,2024-12-01,2024-12-31,19.0,2.0,0,0,0,0
2486,2024-10,2024-11,1,77,2024-10-31,2024-11-01,2024-11-30,21.0,2.0,0,0,0,0
2486,2024-11,2024-12,1,77,2024-11-30,2024-12-01,2024-12-31,21.0,2.0,0,0,0,0
2488,2023-12,2024-12,12,77,2023-12-31,2024-12-01,2024-12-31,16.0,2.0,0,0,0,0
2488,2024-06,2024-07,1,77,2024-06-30,2024-07-01,2024-07-31,16.0,2.0,0,0,0,0
2488,2024-06,2024-09,3,77,2024-06-30,2024-09-01,2024-09-30,16.0,2.0,0,0,0,0
2488,2024-06,2024-12,6,77,2024-06-30,2024-12-01,2024-12-31,16.0,2.0,0,0,0,0
2488,2024-07,2024-08,1,77,2024-07-31,2024-08-01,2024-08-31,18.0,2.0,0,0,0,0
2488,2024-07,2024-10,3,77,2024-07-31,2024-10-01,2024-10-31,18.0,2.0,0,0,0,0
2488,2024-08,2024-09,1,77,2024-08-31,2024-09-01,2024-09-30,18.0,2.0,0,0,0,0
2488,2024-08,2024-11,3,77,2024-08-31,2024-11-01,2024-11-30,18.0,2.0,0,0,0,0
2488,2024-09,2024-10,1,77,2024-09-30,2024-10-01,2024-10-31,19.0,2.0,0,0,0,0
2488,2024-09,2024-12,3,77,2024-09-30,2024-12-01,2024-12-31,19.0,2.0,0,0,0,0
2488,2024-10,2024-11,1,77,2024-10-31,2024-11-01,2024-11-30,21.0,2.0,0,0,0,0
2488,2024-11,2024-12,1,77,2024-11-30,2024-12-01,2024-12-31,21.0,2.0,0,0,0,0
2494,2023-12,2024-12,12,77,2023-12-31,2024-12-01,2024-12-31,16.0,2.0,0,0,0,0
2494,2024-06,2024-07,1,77,2024-06-30,2024-07-01,2024-07-31,16.0,2.0,0,0,0,0
2494,2024-06,2024-09,3,77,2024-06-30,2024-09-01,2024-09-30,16.0,2.0,0,0,0,0
2494,2024-06,2024-12,6,77,2024-06-30,2024-12-01,2024-12-31,16.0,2.0,0,0,0,0
2494,2024-07,2024-08,1,77,2024-07-31,2024-08-01,2024-08-31,18.0,2.0,0,0,0,0
2494,2024-07,2024-10,3,77,2024-07-31,2024-10-01,2024-10-31,18.0,2.0,0,0,0,0
2494,2024-08,2024-09,1,77,2024-08-31,2024-09-01,2024-09-30,18.0,2.0,0,0,0,0
2494,2024-08,2024-11,3,77,2024-08-31,2024-11-01,2024-11-30,18.0,2.0,0,0,0,0
2494,2024-09,2024-10,1,77,2024-09-30,2024-10-01,2024-10-31,19.0,2.0,0,0,0,0
2494,2024-09,2024-12,3,77,2024-09-30,2024-12-01,2024-12-31,19.0,2.0,0,0,0,0
2494,2024-10,2024-11,1,77,2024-10-31,2024-11-01,2024-11-30,21.0,2.0,0,0,0,0
2494,2024-11,2024-12,1,77,2024-11-30,2024-12-01,2024-12-31,21.0,2.0,0,0,0,0
2495,2023-12,2024-12,12,77,2023-12-31,2024-12-01,2024-12-31,16.0,2.0,0,0,0,0
2495,2024-06,2024-07,1,77,2024-06-30,2024-07-01,2024-07-31,16.0,2.0,0,0,0,0
2495,2024-06,2024-09,3,77,2024-06-30,2024-09-01,2024-09-30,16.0,2.0,0,0,0,0
2495,2024-06,2024-12,6,77,2024-06-30,2024-12-01,2024-12-31,16.0,2.0,0,0,0,0
2495,2024-07,2024-08,1,77,2024-07-31,2024-08-01,2024-08-31,18.0,2.0,0,0,0,0
2495,2024-07,2024-10,3,77,2024-07-31,2024-10-01,2024-10-31,18.0,2.0,0,0,0,0
2495,2024-08,2024-09,1,77,2024-08-31,2024-09-01,2024-09-30,18.0,2.0,0,0,0,0
2495,2024-08,2024-11,3,77,2024-08-31,2024-11-01,2024-11-30,18.0,2.0,0,0,0,0
2495,2024-09,2024-10,1,77,2024-09-30,2024-10-01,2024-10-31,19.0,2.0,0,0,0,0
2495,2024-09,2024-12,3,77,2024-09-30,2024-12-01,2024-12-31,19.0,2.0,0,0,0,0
2495,2024-10,2024-11,1,77,2024-10-31,2024-11-01,2024-11-30,21.0,2.0,0,0,0,0
2495,2024-11,2024-12,1,77,2024-11-30,2024-12-01,2024-12-31,21.0,2.0,0,0,0,0
2500,2023-12,2024-12,12,77,2023-12-31,2024-12-01,2024-12-31,16.0,2.0,0,0,0,0
2500,2024-06,2024-07,1,77,2024-06-30,2024-07-01,2024-07-31,16.0,2.0,0,0,0,0
2500,2024-06,2024-09,3,77,2024-06-30,2024-09-01,2024-09-30,16.0,2.0,0,0,0,0
2500,2024-06,2024-12,6,77,2024-06-30,2024-12-01,2024-12-31,16.0,2.0,0,0,0,0
2500,2024-07,2024-08,1,77,2024-07-31,2024-08-01,2024-08-31,18.0,2.0,0,0,0,0
2500,2024-07,2024-10,3,77,2024-07-31,2024-10-01,2024-10-31,18.0,2.0,0,0,0,0
2500,2024-08,2024-09,1,77,2024-08-31,2024-09-01,2024-09-30,18.0,2.0,0,0,0,0
2500,2024-08,2024-11,3,77,2024-08-31,2024-11-01,2024-11-30,18.0,2.0,0,0,0,0
2500,2024-09,2024-10,1,77,2024-09-30,2024-10-01,2024-10-31,19.0,2.0,0,0,0,0
2500,2024-09,2024-12,3,77,2024-09-30,2024-12-01,2024-12-31,19.0,2.0,0,0,0,0
2500,2024-10,2024-11,1,77,2024-10-31,2024-11-01,2024-11-30,21.0,2.0,0,0,0,0
2500,2024-11,2024-12,1,77,2024-11-30,2024-12-01,2024-12-31,21.0,2.0,0,0,0,0
2501,2023-12,2024-12,12,77,2023-12-31,2024-12-01,2024-12-31,16.0,2.0,0,0,0,0
2501,2024-06,2024-07,1,77,2024-06-30,2024-07-01,2024-07-31,16.0,2.0,0,0,0,0
2501,2024-06,2024-09,3,77,2024-06-30,2024-09-01,2024-09-30,16.0,2.0,0,0,0,0
2501,2024-06,2024-12,6,77,2024-06-30,2024-12-01,2024-12-31,16.0,2.0,0,0,0,0
2501,2024-07,2024-08,1,77,2024-07-31,2024-08-01,2024-08-31,18.0,2.0,0,0,0,0
2501,2024-07,2024-10,3,77,2024-07-31,2024-10-01,2024-10-31,18.0,2.0,0,0,0,0
2501,2024-08,2024-09,1,77,2024-08-31,2024-09-01,2024-09-30,18.0,2.0,0,0,0,0
2501,2024-08,2024-11,3,77,2024-08-31,2024-11-01,2024-11-30,18.0,2.0,0,0,0,0
2501,2024-09,2024-10,1,77,2024-09-30,2024-10-01,2024-10-31,19.0,2.0,0,0,0,0
2501,2024-09,2024-12,3,77,2024-09-30,2024-12-01,2024-12-31,19.0,2.0,0,0,0,0
2501,2024-10,2024-11,1,77,2024-10-31,2024-11-01,2024-11-30,21.0,2.0,0,0,0,0
2501,2024-11,2024-12,1,77,2024-11-30,2024-12-01,2024-12-31,21.0,2.0,0,0,0,0
2515,2023-12,2024-12,12,77,2023-12-31,2024-12-01,2024-12-31,16.0,2.0,0,0,0,0
2515,2024-06,2024-07,1,77,2024-06-30,2024-07-01,2024-07-31,16.0,2.0,0,0,0,0
2515,2024-06,2024-09,3,77,2024-06-30,2024-09-01,2024-09-30,16.0,2.0,0,0,0,0
2515,2024-06,2024-12,6,77,2024-06-30,2024-12-01,2024-12-31,16.0,2.0,0,0,0,0
2515,2024-07,2024-08,1,77,2024-07-31,2024-08-01,2024-08-31,18.0,2.0,0,0,0,0
2515,2024-07,2024-10,3,77,2024-07-31,2024-10-01,2024-10-31,18.0,2.0,0,0,0,0
2515,2024-08,2024-09,1,77,2024-08-31,2024-09-01,2024-09-30,18.0,2.0,0,0,0,0
2515,2024-08,2024-11,3,77,2024-08-31,2024-11-01,2024-11-30,18.0,2.0,0,0,0,0
2515,2024-09,2024-10,1,77,2024-09-30,2024-10-01,2024-10-31,19.0,2.0,0,0,0,0
2515,2024-09,2024-12,3,77,2024-09-30,2024-12-01,2024-12-31,19.0,2.0,0,0,0,0
2515,2024-10,2024-11,1,77,2024-10-31,2024-11-01,2024-11-30,21.0,2.0,0,0,0,0
2515,2024-11,2024-12,1,77,2024-11-30,2024-12-01,2024-12-31,21.0,2.0,0,0,0,0
2522,2023-12,2024-12,12,77,2023-12-31,2024-12-01,2024-12-31,16.0,2.0,0,0,0,0
2522,2024-06,2024-07,1,77,2024-06-30,2024-07-01,2024-07-31,16.0,2.0,0,0,0,0
2522,2024-06,2024-09,3,77,2024-06-30,2024-09-01,2024-09-30,16.0,2.0,0,0,0,0
2522,2024-06,2024-12,6,77,2024-06-30,2024-12-01,2024-12-31,16.0,2.0,0,0,0,0
2522,2024-07,2024-08,1,77,2024-07-31,2024-08-01,2024-08-31,18.0,2.0,0,0,0,0
2522,2024-07,2024-10,3,77,2024-07-31,2024-10-01,2024-10-31,18.0,2.0,0,0,0,0
2522,2024-08,2024-09,1,77,2024-08-31,2024-09-01,2024-09-30,18.0,2.0,0,0,0,0
2522,2024-08,2024-11,3,77,2024-08-31,2024-11-01,2024-11-30,18.0,2.0,0,0,0,0
2522,2024-09,2024-10,1,77,2024-09-30,2024-10-01,2024-10-31,19.0,2.0,0,0,0,0
2522,2024-09,2024-12,3,77,2024-09-30,2024-12-01,2024-12-31,19.0,2.0,0,0,0,0
2522,2024-10,2024-11,1,77,2024-10-31,2024-11-01,2024-11-30,21.0,2.0,0,0,0,0
2522,2024-11,2024-12,1,77,2024-11-30,2024-12-01,2024-12-31,21.0,2.0,0,0,0,0
2532,2023-12,2024-12,12,77,2023-12-31,2024-12-01,2024-12-31,16.0,2.0,0,0,0,0
2532,2024-06,2024-07,1,77,2024-06-30,2024-07-01,2024-07-31,16.0,2.0,0,0,0,0
2532,2024-06,2024-09,3,77,2024-06-30,2024-09-01,2024-09-30,16.0,2.0,0,0,0,0
2532,2024-06,2024-12,6,77,2024-06-30,2024-12-01,2024-12-31,16.0,2.0,0,0,0,0
2532,2024-07,2024-08,1,77,2024-07-31,2024-08-01,2024-08-31,18.0,2.0,0,0,0,0
2532,2024-07,2024-10,3,77,2024-07-31,2024-10-01,2024-10-31,18.0,2.0,0,0,0,0
2532,2024-08,2024-09,1,77,2024-08-31,2024-09-01,2024-09-30,18.0,2.0,0,0,0,0
2532,2024-08,2024-11,3,77,2024-08-31,2024-11-01,2024-11-30,18.0,2.0,0,0,0,0
2532,2024-09,2024-10,1,77,2024-09-30,2024-10-01,2024-10-31,19.0,2.0,0,0,0,0
2532,2024-09,2024-12,3,77,2024-09-30,2024-12-01,2024-12-31,19.0,2.0,0,0,0,0
2532,2024-10,2024-11,1,77,2024-10-31,2024-11-01,2024-11-30,21.0,2.0,0,0,0,0
2532,2024-11,2024-12,1,77,2024-11-30,2024-12-01,2024-12-31,21.0,2.0,0,0,0,0
2533,2023-12,2024-12,12,77,2023-12-31,2024-12-01,2024-12-31,16.0,2.0,0,0,0,0
2533,2024-06,2024-07,1,77,2024-06-30,2024-07-01,2024-07-31,16.0,2.0,0,0,0,0
2533,2024-06,2024-09,3,77,2024-06-30,2024-09-01,2024-09-30,16.0,2.0,0,0,0,0
2533,2024-06,2024-12,6,77,2024-06-30,2024-12-01,2024-12-31,16.0,2.0,0,0,0,0
2533,2024-07,2024-08,1,77,2024-07-31,2024-08-01,2024-08-31,18.0,2.0,0,0,0,0
2533,2024-07,2024-10,3,77,2024-07-31,2024-10-01,2024-10-31,18.0,2.0,0,0,0,0
2533,2024-08,2024-09,1,77,2024-08-31,2024-09-01,2024-09-30,18.0,2.0,0,0,0,0
2533,2024-08,2024-11,3,77,2024-08-31,2024-11-01,2024-11-30,18.0,2.0,0,0,0,0
2533,2024-09,2024-10,1,77,2024-09-30,2024-10-01,2024-10-31,19.0,2.0,0,0,0,0
2533,2024-09,2024-12,3,77,2024-09-30,2024-12-01,2024-12-31,19.0,2.0,0,0,0,0
2533,2024-10,2024-11,1,77,2024-10-31,2024-11-01,2024-11-30,21.0,2.0,0,0,0,0
2533,2024-11,2024-12,1,77,2024-11-30,2024-12-01,2024-12-31,21.0,2.0,0,0,0,0
2551,2023-12,2024-12,12,77,2023-12-31,2024-12-01,2024-12-31,16.0,2.0,0,0,0,0
2551,2024-06,2024-07,1,77,2024-06-30,2024-07-01,2024-07-31,16.0,2.0,0,0,0,0
2551,2024-06,2024-09,3,77,2024-06-30,2024-09-01,2024-09-30,16.0,2.0,0,0,0,0
2551,2024-06,2024-12,6,77,2024-06-30,2024-12-01,2024-12-31,16.0,2.0,0,0,0,0
2551,2024-07,2024-08,1,77,2024-07-31,2024-08-01,2024-08-31,18.0,2.0,0,0,0,0
2551,2024-07,2024-10,3,77,2024-07-31,2024-10-01,2024-10-31,18.0,2.0,0,0,0,0
2551,2024-08,2024-09,1,77,2024-08-31,2024-09-01,2024-09-30,18.0,2.0,0,0,0,0
2551,2024-08,2024-11,3,77,2024-08-31,2024-11-01,2024-11-30,18.0,2.0,0,0,0,0
2551,2024-09,2024-10,1,77,2024-09-30,2024-10-01,2024-10-31,19.0,2.0,0,0,0,0
2551,2024-09,2024-12,3,77,2024-09-30,2024-12-01,2024-12-31,19.0,2.0,0,0,0,0
2551,2024-10,2024-11,1,77,2024-10-31,2024-11-01,2024-11-30,21.0,2.0,0,0,0,0
2551,2024-11,2024-12,1,77,2024-11-30,2024-12-01,2024-12-31,21.0,2.0,0,0,0,0
2555,2023-12,2024-12,12,77,2023-12-31,2024-12-01,2024-12-31,16.0,2.0,0,0,0,0
2555,2024-06,2024-07,1,77,2024-06-30,2024-07-01,2024-07-31,16.0,2.0,0,0,0,0
2555,2024-06,2024-09,3,77,2024-06-30,2024-09-01,2024-09-30,16.0,2.0,0,0,0,0
2555,2024-06,2024-12,6,77,2024-06-30,2024-12-01,2024-12-31,16.0,2.0,0,0,0,0
2555,2024-07,2024-08,1,77,2024-07-31,2024-08-01,2024-08-31,18.0,2.0,0,0,0,0
2555,2024-07,2024-10,3,77,2024-07-31,2024-10-01,2024-10-31,18.0,2.0,0,0,0,0
2555,2024-08,2024-09,1,77,2024-08-31,2024-09-01,2024-09-30,18.0,2.0,0,0,0,0
2555,2024-08,2024-11,3,77,2024-08-31,2024-11-01,2024-11-30,18.0,2.0,0,0,0,0
2555,2024-09,2024-10,1,77,2024-09-30,2024-10-01,2024-10-31,19.0,2.0,0,0,0,0
2555,2024-09,2024-12,3,77,2024-09-30,2024-12-01,2024-12-31,19.0,2.0,0,0,0,0
2555,2024-10,2024-11,1,77,2024-10-31,2024-11-01,2024-11-30,21.0,2.0,0,0,0,0
2555,2024-11,2024-12,1,77,2024-11-30,2024-12-01,2024-12-31,21.0,2.0,0,0,0,0
2556,2023-12,2024-12,12,77,2023-12-31,2024-12-01,2024-12-31,16.0,2.0,0,0,0,0
2556,2024-06,2024-07,1,77,2024-06-30,2024-07-01,2024-07-31,16.0,2.0,0,0,0,0
2556,2024-06,2024-09,3,77,2024-06-30,2024-09-01,2024-09-30,16.0,2.0,0,0,0,0
2556,2024-06,2024-12,6,77,2024-06-30,2024-12-01,2024-12-31,16.0,2.0,0,0,0,0
2556,2024-07,2024-08,1,77,2024-07-31,2024-08-01,2024-08-31,18.0,2.0,0,0,0,0
2556,2024-07,2024-10,3,77,2024-07-31,2024-10-01,2024-10-31,18.0,2.0,0,0,0,0
2556,2024-08,2024-09,1,77,2024-08-31,2024-09-01,2024-09-30,18.0,2.0,0,0,0,0
2556,2024-08,2024-11,3,77,2024-08-31,2024-11-01,2024-11-30,18.0,2.0,0,0,0,0
2556,2024-09,2024-10,1,77,2024-09-30,2024-10-01,2024-10-31,19.0,2.0,0,0,0,0
2556,2024-09,2024-12,3,77,2024-09-30,2024-12-01,2024-12-31,19.0,2.0,0,0,0,0
2556,2024-10,2024-11,1,77,2024-10-31,2024-11-01,2024-11-30,21.0,2.0,0,0,0,0
2556,2024-11,2024-12,1,77,2024-11-30,2024-12-01,2024-12-31,21.0,2.0,0,0,0,0
2559,2023-12,2024-12,12,77,2023-12-31,2024-12-01,2024-12-31,16.0,2.0,0,0,0,0
2559,2024-06,2024-07,1,77,2024-06-30,2024-07-01,2024-07-31,16.0,2.0,0,0,0,0
2559,2024-06,2024-09,3,77,2024-06-30,2024-09-01,2024-09-30,16.0,2.0,0,0,0,0
2559,2024-06,2024-12,6,77,2024-06-30,2024-12-01,2024-12-31,16.0,2.0,0,0,0,0
2559,2024-07,2024-08,1,77,2024-07-31,2024-08-01,2024-08-31,18.0,2.0,0,0,0,0
2559,2024-07,2024-10,3,77,2024-07-31,2024-10-01,2024-10-31,18.0,2.0,0,0,0,0
2559,2024-08,2024-09,1,77,2024-08-31,2024-09-01,2024-09-30,18.0,2.0,0,0,0,0
2559,2024-08,2024-11,3,77,2024-08-31,2024-11-01,2024-11-30,18.0,2.0,0,0,0,0
2559,2024-09,2024-10,1,77,2024-09-30,2024-10-01,2024-10-31,19.0,2.0,0,0,0,0
2559,2024-09,2024-12,3,77,2024-09-30,2024-12-01,2024-12-31,19.0,2.0,0,0,0,0
2559,2024-10,2024-11,1,77,2024-10-31,2024-11-01,2024-11-30,21.0,2.0,0,0,0,0
2559,2024-11,2024-12,1,77,2024-11-30,2024-12-01,2024-12-31,21.0,2.0,0,0,0,0
2560,2023-12,2024-12,12,77,2023-12-31,2024-12-01,2024-12-31,16.0,2.0,0,0,0,0
2560,2024-06,2024-07,1,77,2024-06-30,2024-07-01,2024-07-31,16.0,2.0,0,0,0,0
2560,2024-06,2024-09,3,77,2024-06-30,2024-09-01,2024-09-30,16.0,2.0,0,0,0,0
2560,2024-06,2024-12,6,77,2024-06-30,2024-12-01,2024-12-31,16.0,2.0,0,0,0,0
2560,2024-07,2024-08,1,77,2024-07-31,2024-08-01,2024-08-31,18.0,2.0,0,0,0,0
2560,2024-07,2024-10,3,77,2024-07-31,2024-10-01,2024-10-31,18.0,2.0,0,0,0,0
2560,2024-08,2024-09,1,77,2024-08-31,2024-09-01,2024-09-30,18.0,2.0,0,0,0,0
2560,2024-08,2024-11,3,77,2024-08-31,2024-11-01,2024-11-30,18.0,2.0,0,0,0,0
2560,2024-09,2024-10,1,77,2024-09-30,2024-10-01,2024-10-31,19.0,2.0,0,0,0,0
2560,2024-09,2024-12,3,77,2024-09-30,2024-12-01,2024-12-31,19.0,2.0,0,0,0,0
2560,2024-10,2024-11,1,77,2024-10-31,2024-11-01,2024-11-30,21.0,2.0,0,0,0,0
2560,2024-11,2024-12,1,77,2024-11-30,2024-12-01,2024-12-31,21.0,2.0,0,0,0,0
2566,2023-12,2024-12,12,77,2023-12-31,2024-12-01,2024-12-31,16.0,2.0,0,0,0,0
2566,2024-06,2024-07,1,77,2024-06-30,2024-07-01,2024-07-31,16.0,2.0,0,0,0,0
2566,2024-06,2024-09,3,77,2024-06-30,2024-09-01,2024-09-30,16.0,2.0,0,0,0,0
2566,2024-06,2024-12,6,77,2024-06-30,2024-12-01,2024-12-31,16.0,2.0,0,0,0,0
2566,2024-07,2024-08,1,77,2024-07-31,2024-08-01,2024-08-31,18.0,2.0,0,0,0,0
2566,2024-07,2024-10,3,77,2024-07-31,2024-10-01,2024-10-31,18.0,2.0,0,0,0,0
2566,2024-08,2024-09,1,77,2024-08-31,2024-09-01,2024-09-30,18.0,2.0,0,0,0,0
2566,2024-08,2024-11,3,77,2024-08-31,2024-11-01,2024-11-30,18.0,2.0,0,0,0,0
2566,2024-09,2024-10,1,77,2024-09-30,2024-10-01,2024-10-31,19.0,2.0,0,0,0,0
2566,2024-09,2024-12,3,77,2024-09-30,2024-12-01,2024-12-31,19.0,2.0,0,0,0,0
2566,2024-10,2024-11,1,77,2024-10-31,2024-11-01,2024-11-30,21.0,2.0,0,0,0,0
2566,2024-11,2024-12,1,77,2024-11-30,2024-12-01,2024-12-31,21.0,2.0,0,0,0,0
2577,2023-12,2024-12,12,77,2023-12-31,2024-12-01,2024-12-31,16.0,2.0,0,0,0,0
2577,2024-06,2024-07,1,77,2024-06-30,2024-07-01,2024-07-31,16.0,2.0,0,0,0,0
2577,2024-06,2024-09,3,77,2024-06-30,2024-09-01,2024-09-30,16.0,2.0,0,0,0,0
2577,2024-06,2024-12,6,77,2024-06-30,2024-12-01,2024-12-31,16.0,2.0,0,0,0,0
2577,2024-07,2024-08,1,77,2024-07-31,2024-08-01,2024-08-31,18.0,2.0,0,0,0,0
2577,2024-07,2024-10,3,77,2024-07-31,2024-10-01,2024-10-31,18.0,2.0,0,0,0,0
2577,2024-08,2024-09,1,77,2024-08-31,2024-09-01,2024-09-30,18.0,2.0,0,0,0,0
2577,2024-08,2024-11,3,77,2024-08-31,2024-11-01,2024-11-30,18.0,2.0,0,0,0,0
2577,2024-09,2024-10,1,77,2024-09-30,2024-10-01,2024-10-31,19.0,2.0,0,0,0,0
2577,2024-09,2024-12,3,77,2024-09-30,2024-12-01,2024-12-31,19.0,2.0,0,0,0,0
2577,2024-10,2024-11,1,77,2024-10-31,2024-11-01,2024-11-30,21.0,2.0,0,0,0,0
2577,2024-11,2024-12,1,77,2024-11-30,2024-12-01,2024-12-31,21.0,2.0,0,0,0,0
2583,2023-12,2024-12,12,77,2023-12-31,2024-12-01,2024-12-31,16.0,2.0,0,0,0,0
2583,2024-06,2024-07,1,77,2024-06-30,2024-07-01,2024-07-31,16.0,2.0,0,0,0,0
2583,2024-06,2024-09,3,77,2024-06-30,2024-09-01,2024-09-30,16.0,2.0,0,0,0,0
2583,2024-06,2024-12,6,77,2024-06-30,2024-12-01,2024-12-31,16.0,2.0,0,0,0,0
2583,2024-07,2024-08,1,77,2024-07-31,2024-08-01,2024-08-31,18.0,2.0,0,0,0,0
2583,2024-07,2024-10,3,77,2024-07-31,2024-10-01,2024-10-31,18.0,2.0,0,0,0,0
2583,2024-08,2024-09,1,77,2024-08-31,2024-09-01,2024-09-30,18.0,2.0,0,0,0,0
2583,2024-08,2024-11,3,77,2024-08-31,2024-11-01,2024-11-30,18.0,2.0,0,0,0,0
2583,2024-09,2024-10,1,77,2024-09-30,2024-10-01,2024-10-31,19.0,2.0,0,0,0,0
2583,2024-09,2024-12,3,77,2024-09-30,2024-12-01,2024-12-31,19.0,2.0,0,0,0,0
2583,2024-10,2024-11,1,77,2024-10-31,2024-11-01,2024-11-30,21.0,2.0,0,0,0,0
2583,2024-11,2024-12,1,77,2024-11-30,2024-12-01,2024-12-31,21.0,2.0,0,0,0,0
2590,2023-12,2024-12,12,77,2023-12-31,2024-12-01,2024-12-31,16.0,2.0,0,0,0,0
2590,2024-06,2024-07,1,77,2024-06-30,2024-07-01,2024-07-31,16.0,2.0,0,0,0,0
2590,2024-06,2024-09,3,77,2024-06-30,2024-09-01,2024-09-30,16.0,2.0,0,0,0,0
2590,2024-06,2024-12,6,77,2024-06-30,2024-12-01,2024-12-31,16.0,2.0,0,0,0,0
2590,2024-07,2024-08,1,77,2024-07-31,2024-08-01,2024-08-31,18.0,2.0,0,0,0,0
2590,2024-07,2024-10,3,77,2024-07-31,2024-10-01,2024-10-31,18.0,2.0,0,0,0,0
2590,2024-08,2024-09,1,77,2024-08-31,2024-09-01,2024-09-30,18.0,2.0,0,0,0,0
2590,2024-08,2024-11,3,77,2024-08-31,2024-11-01,2024-11-30,18.0,2.0,0,0,0,0
2590,2024-09,2024-10,1,77,2024-09-30,2024-10-01,2024-10-31,19.0,2.0,0,0,0,0
2590,2024-09,2024-12,3,77,2024-09-30,2024-12-01,2024-12-31,19.0,2.0,0,0,0,0
2590,2024-10,2024-11,1,77,2024-10-31,2024-11-01,2024-11-30,21.0,2.0,0,0,0,0
2590,2024-11,2024-12,1,77,2024-11-30,2024-12-01,2024-12-31,21.0,2.0,0,0,0,0
2591,2023-12,2024-12,12,77,2023-12-31,2024-12-01,2024-12-31,16.0,2.0,0,0,0,0
2591,2024-06,2024-07,1,77,2024-06-30,2024-07-01,2024-07-31,16.0,2.0,0,0,0,0
2591,2024-06,2024-09,3,77,2024-06-30,2024-09-01,2024-09-30,16.0,2.0,0,0,0,0
2591,2024-06,2024-12,6,77,2024-06-30,2024-12-01,2024-12-31,16.0,2.0,0,0,0,0
2591,2024-07,2024-08,1,77,2024-07-31,2024-08-01,2024-08-31,18.0,2.0,0,0,0,0
2591,2024-07,2024-10,3,77,2024-07-31,2024-10-01,2024-10-31,18.0,2.0,0,0,0,0
2591,2024-08,2024-09,1,77,2024-08-31,2024-09-01,2024-09-30,18.0,2.0,0,0,0,0
2591,2024-08,2024-11,3,77,2024-08-31,2024-11-01,2024-11-30,18.0,2.0,0,0,0,0
2591,2024-09,2024-10,1,77,2024-09-30,2024-10-01,2024-10-31,19.0,2.0,0,0,0,0
2591,2024-09,2024-12,3,77,2024-09-30,2024-12-01,2024-12-31,19.0,2.0,0,0,0,0
2591,2024-10,2024-11,1,77,2024-10-31,2024-11-01,2024-11-30,21.0,2.0,0,0,0,0
2591,2024-11,2024-12,1,77,2024-11-30,2024-12-01,2024-12-31,21.0,2.0,0,0,0,0
2602,2023-12,2024-12,12,77,2023-12-31,2024-12-01,2024-12-31,16.0,2.0,0,0,0,0
2602,2024-06,2024-07,1,77,2024-06-30,2024-07-01,2024-07-31,16.0,2.0,0,0,0,0
2602,2024-06,2024-09,3,77,2024-06-30,2024-09-01,2024-09-30,16.0,2.0,0,0,0,0
2602,2024-06,2024-12,6,77,2024-06-30,2024-12-01,2024-12-31,16.0,2.0,0,0,0,0
2602,2024-07,2024-08,1,77,2024-07-31,2024-08-01,2024-08-31,18.0,2.0,0,0,0,0
2602,2024-07,2024-10,3,77,2024-07-31,2024-10-01,2024-10-31,18.0,2.0,0,0,0,0
2602,2024-08,2024-09,1,77,2024-08-31,2024-09-01,2024-09-30,18.0,2.0,0,0,0,0
2602,2024-08,2024-11,3,77,2024-08-31,2024-11-01,2024-11-30,18.0,2.0,0,0,0,0
2602,2024-09,2024-10,1,77,2024-09-30,2024-10-01,2024-10-31,19.0,2.0,0,0,0,0
2602,2024-09,2024-12,3,77,2024-09-30,2024-12-01,2024-12-31,19.0,2.0,0,0,0,0
2602,2024-10,2024-11,1,77,2024-10-31,2024-11-01,2024-11-30,21.0,2.0,0,0,0,0
2602,2024-11,2024-12,1,77,2024-11-30,2024-12-01,2024-12-31,21.0,2.0,0,0,0,0
2606,2023-12,2024-12,12,77,2023-12-31,2024-12-01,2024-12-31,16.0,2.0,0,0,0,0
2606,2024-06,2024-07,1,77,2024-06-30,2024-07-01,2024-07-31,16.0,2.0,0,0,0,0
2606,2024-06,2024-09,3,77,2024-06-30,2024-09-01,2024-09-30,16.0,2.0,0,0,0,0
2606,2024-06,2024-12,6,77,2024-06-30,2024-12-01,2024-12-31,16.0,2.0,0,0,0,0
2606,2024-07,2024-08,1,77,2024-07-31,2024-08-01,2024-08-31,18.0,2.0,0,0,0,0
2606,2024-07,2024-10,3,77,2024-07-31,2024-10-01,2024-10-31,18.0,2.0,0,0,0,0
2606,2024-08,2024-09,1,77,2024-08-31,2024-09-01,2024-09-30,18.0,2.0,0,0,0,0
2606,2024-08,2024-11,3,77,2024-08-31,2024-11-01,2024-11-30,18.0,2.0,0,0,0,0
2606,2024-09,2024-10,1,77,2024-09-30,2024-10-01,2024-10-31,19.0,2.0,0,0,0,0
2606,2024-09,2024-12,3,77,2024-09-30,2024-12-01,2024-12-31,19.0,2.0,0,0,0,0
2606,2024-10,2024-11,1,77,2024-10-31,2024-11-01,2024-11-30,21.0,2.0,0,0,0,0
2606,2024-11,2024-12,1,77,2024-11-30,2024-12-01,2024-12-31,21.0,2.0,0,0,0,0
2651,2023-12,2024-12,12,50,2023-12-31,2024-12-01,2024-12-31,16.0,2.0,0,0,0,0
2651,2024-06,2024-07,1,50,2024-06-30,2024-07-01,2024-07-31,16.0,2.0,0,0,0,0
2651,2024-06,2024-09,3,50,2024-06-30,2024-09-01,2024-09-30,16.0,2.0,0,0,0,0
2651,2024-06,2024-12,6,50,2024-06-30,2024-12-01,2024-12-31,16.0,2.0,0,0,0,0
2651,2024-07,2024-08,1,50,2024-07-31,2024-08-01,2024-08-31,18.0,2.0,0,0,0,0
2651,2024-07,2024-10,3,50,2024-07-31,2024-10-01,2024-10-31,18.0,2.0,0,0,0,0
2651,2024-08,2024-09,1,50,2024-08-31,2024-09-01,2024-09-30,18.0,2.0,0,0,0,0
2651,2024-08,2024-11,3,50,2024-08-31,2024-11-01,2024-11-30,18.0,2.0,0,0,0,0
2651,2024-09,2024-10,1,50,2024-09-30,2024-10-01,2024-10-31,19.0,2.0,0,0,0,0
2651,2024-09,2024-12,3,50,2024-09-30,2024-12-01,2024-12-31,19.0,2.0,0,0,0,0
2651,2024-10,2024-11,1,50,2024-10-31,2024-11-01,2024-11-30,21.0,2.0,0,0,0,0
2651,2024-11,2024-12,1,50,2024-11-30,2024-12-01,2024-12-31,21.0,2.0,0,0,0,0
2652,2023-12,2024-12,12,50,2023-12-31,2024-12-01,2024-12-31,16.0,2.0,0,0,0,0
2652,2024-06,2024-07,1,50,2024-06-30,2024-07-01,2024-07-31,16.0,2.0,0,0,0,0
2652,2024-06,2024-09,3,50,2024-06-30,2024-09-01,2024-09-30,16.0,2.0,0,0,0,0
2652,2024-06,2024-12,6,50,2024-06-30,2024-12-01,2024-12-31,16.0,2.0,0,0,0,0
2652,2024-07,2024-08,1,50,2024-07-31,2024-08-01,2024-08-31,18.0,2.0,0,0,0,0
2652,2024-07,2024-10,3,50,2024-07-31,2024-10-01,2024-10-31,18.0,2.0,0,0,0,0
2652,2024-08,2024-09,1,50,2024-08-31,2024-09-01,2024-09-30,18.0,2.0,0,0,0,0
2652,2024-08,2024-11,3,50,2024-08-31,2024-11-01,2024-11-30,18.0,2.0,0,0,0,0
2652,2024-09,2024-10,1,50,2024-09-30,2024-10-01,2024-10-31,19.0,2.0,0,0,0,0
2652,2024-09,2024-12,3,50,2024-09-30,2024-12-01,2024-12-31,19.0,2.0,0,0,0,0
2652,2024-10,2024-11,1,50,2024-10-31,2024-11-01,2024-11-30,21.0,2.0,0,0,0,0
2652,2024-11,2024-12,1,50,2024-11-30,2024-12-01,2024-12-31,21.0,2.0,0,0,0,0
2882,2023-12,2024-12,12,89,2023-12-31,2024-12-01,2024-12-31,16.0,2.0,0,0,0,0
2882,2024-06,2024-07,1,89,2024-06-30,2024-07-01,2024-07-31,16.0,2.0,0,0,0,0
2882,2024-06,2024-09,3,89,2024-06-30,2024-09-01,2024-09-30,16.0,2.0,0,0,0,0
2882,2024-06,2024-12,6,89,2024-06-30,2024-12-01,2024-12-31,16.0,2.0,0,0,0,0
2882,2024-07,2024-08,1,89,2024-07-31,2024-08-01,2024-08-31,18.0,2.0,0,0,0,0
2882,2024-07,2024-10,3,89,2024-07-31,2024-10-01,2024-10-31,18.0,2.0,0,0,0,0
2882,2024-08,2024-09,1,89,2024-08-31,2024-09-01,2024-09-30,18.0,2.0,0,0,0,0
2882,2024-08,2024-11,3,89,2024-08-31,2024-11-01,2024-11-30,18.0,2.0,0,0,0,0
2882,2024-09,2024-10,1,89,2024-09-30,2024-10-01,2024-10-31,19.0,2.0,0,0,0,0
2882,2024-09,2024-12,3,89,2024-09-30,2024-12-01,2024-12-31,19.0,2.0,0,0,0,0
2882,2024-10,2024-11,1,89,2024-10-31,2024-11-01,2024-11-30,21.0,2.0,0,0,0,0
2882,2024-11,2024-12,1,89,2024-11-30,2024-12-01,2024-12-31,21.0,2.0,0,0,0,0
