category,region_code,horizon,candidate,MAE,municipalities
Все категории,1,1,pooled,861.0029201976881,9
Все категории,1,1,shrink_100,861.0029201976881,9
Все категории,1,3,pooled,1017.686654696821,9
Все категории,1,3,shrink_100,1017.686654696821,9
Все категории,1,6,pooled,1269.272472488773,9
Все категории,1,6,shrink_100,1269.272472488773,9
Все категории,2,1,pooled,620.806363348727,61
Все категории,2,1,shrink_100,589.8213111787898,61
Все категории,2,3,pooled,767.7445701913938,61
Все категории,2,3,shrink_100,734.2959076562468,61
Все категории,2,6,pooled,1543.403644593394,61
Все категории,2,6,shrink_100,1530.3729772150205,61
Все категории,4,1,pooled,1043.144925325239,11
Все категории,4,1,shrink_100,1023.5104447192401,11
Все категории,4,3,pooled,1823.4360397332641,11
Все категории,4,3,shrink_100,1795.4694517121031,11
Все категории,4,6,pooled,1986.218018782384,11
Все категории,4,6,shrink_100,2029.6444740880354,11
Все категории,7,1,pooled,589.4916815542146,4
Все категории,7,1,shrink_100,589.4916815542146,4
Все категории,7,3,pooled,739.067846609249,4
Все категории,7,3,shrink_100,739.067846609249,4
Все категории,7,6,pooled,724.9364292645578,4
Все категории,7,6,shrink_100,724.9364292645578,4
Все категории,8,1,pooled,1161.638224324203,5
Все категории,8,1,shrink_100,1161.638224324203,5
Все категории,8,3,pooled,1524.049307287242,5
Все категории,8,3,shrink_100,1524.049307287242,5
Все категории,8,6,pooled,2532.7397853611815,5
Все категории,8,6,shrink_100,2532.7397853611815,5
Все категории,9,1,pooled,653.8797001876086,8
Все категории,9,1,shrink_100,653.8797001876086,8
Все категории,9,3,pooled,717.5188409267099,8
Все категории,9,3,shrink_100,717.5188409267099,8
Все категории,9,6,pooled,935.887503823224,8
Все категории,9,6,shrink_100,935.887503823224,8
Все категории,10,1,pooled,940.1345483780123,18
Все категории,10,1,shrink_100,903.7539950455517,18
Все категории,10,3,pooled,1813.063366332799,18
Все категории,10,3,shrink_100,1700.3421669934398,18
Все категории,10,6,pooled,3709.3294065007844,18
Все категории,10,6,shrink_100,3246.1936403753457,18
Все категории,11,1,pooled,1111.6115983706698,20
Все категории,11,1,shrink_100,1052.566570114768,20
Все категории,11,3,pooled,2143.3549957630257,20
Все категории,11,3,shrink_100,1795.3694409016814,20
Все категории,11,6,pooled,3677.67004854755,20
Все категории,11,6,shrink_100,3031.081979229793,20
Все категории,12,1,pooled,544.2270329696398,17
Все категории,12,1,shrink_100,559.2778906248316,17
Все категории,12,3,pooled,736.1638550352033,17
Все категории,12,3,shrink_100,742.6462798888269,17
Все категории,12,6,pooled,1726.9509512400919,17
Все категории,12,6,shrink_100,1737.529141829703,17
Все категории,13,1,pooled,583.3535350617454,20
Все категории,13,1,shrink_100,596.8958912360242,20
Все категории,13,3,pooled,776.87887649058,20
Все категории,13,3,shrink_100,791.6560965378201,20
Все категории,13,6,pooled,1258.9462813559892,20
Все категории,13,6,shrink_100,1303.2915270410394,20
Все категории,14,1,pooled,2991.441546653304,29
Все категории,14,1,shrink_100,2640.895974408141,29
Все категории,14,3,pooled,4756.872264725104,29
Все категории,14,3,shrink_100,3937.9350497337855,29
Все категории,14,6,pooled,3403.135235626285,29
Все категории,14,6,shrink_100,3286.4686396331535,29
Все категории,15,1,pooled,1022.1549216377323,7
Все категории,15,1,shrink_100,1022.1549216377323,7
Все категории,15,3,pooled,974.3440237194988,7
Все категории,15,3,shrink_100,974.3440237194988,7
Все категории,15,6,pooled,1385.868941492441,7
Все категории,15,6,shrink_100,1385.868941492441,7
Все категории,16,1,pooled,642.9697657882705,43
Все категории,16,1,shrink_100,615.3020296310875,43
Все категории,16,3,pooled,806.5471392055517,43
Все категории,16,3,shrink_100,808.6331918616744,43
Все категории,16,6,pooled,1839.5023126449494,43
Все категории,16,6,shrink_100,1805.7141441644599,43
Все категории,17,1,pooled,1770.5005175322872,10
Все категории,17,1,shrink_100,1727.7828808614888,10
Все категории,17,3,pooled,1856.6130379488072,10
Все категории,17,3,shrink_100,1874.5238290107256,10
Все категории,17,6,pooled,1752.6111809206038,10
Все категории,17,6,shrink_100,1790.2046755837637,10
Все категории,18,1,pooled,616.1587113157882,27
Все категории,18,1,shrink_100,614.8747778872138,27
Все категории,18,3,pooled,774.6014146484569,27
Все категории,18,3,shrink_100,769.4345154035182,27
Все категории,18,6,pooled,1495.2850311611448,27
Все категории,18,6,shrink_100,1352.673383605777,27
Все категории,19,1,pooled,729.2884632592413,12
Все категории,19,1,shrink_100,740.6710628801944,12
Все категории,19,3,pooled,965.3541021886216,12
Все категории,19,3,shrink_100,935.9690343122223,12
Все категории,19,6,pooled,1385.997212765789,12
Все категории,19,6,shrink_100,1411.7328530994248,12
Все категории,21,1,pooled,576.5088253780408,23
Все категории,21,1,shrink_100,583.3288588792934,23
Все категории,21,3,pooled,594.3327461134937,23
Все категории,21,3,shrink_100,599.6497861600527,23
Все категории,21,6,pooled,999.3871649197597,23
Все категории,21,6,shrink_100,1000.116437117035,23
Все категории,22,1,pooled,672.4734070482004,65
Все категории,22,1,shrink_100,693.0325488225008,65
Все категории,22,3,pooled,946.9407206670668,65
Все категории,22,3,shrink_100,899.9472956553694,65
Все категории,22,6,pooled,1392.7101162538816,65
Все категории,22,6,shrink_100,1361.654562080436,65
Все категории,24,1,pooled,992.7215340051656,51
Все категории,24,1,shrink_100,942.593497791455,51
Все категории,24,3,pooled,1495.1438689377337,51
Все категории,24,3,shrink_100,1392.3331763480312,51
Все категории,24,6,pooled,2196.0124459553226,51
Все категории,24,6,shrink_100,1952.8431693468704,51
Все категории,25,1,pooled,708.966866399384,33
Все категории,25,1,shrink_100,677.444674215949,33
Все категории,25,3,pooled,959.6752702843212,33
Все категории,25,3,shrink_100,917.689893782348,33
Все категории,25,6,pooled,1373.4979808788855,33
Все категории,25,6,shrink_100,1221.3586961408776,33
Все категории,26,1,pooled,613.4196669790939,33
Все категории,26,1,shrink_100,615.0270364790485,33
Все категории,26,3,pooled,714.5952071833921,33
Все категории,26,3,shrink_100,665.1462322547475,33
Все категории,26,6,pooled,656.110955577678,33
Все категории,26,6,shrink_100,564.3548385625799,33
Все категории,27,1,pooled,1282.355805555096,16
Все категории,27,1,shrink_100,1235.4718836989753,16
Все категории,27,3,pooled,1344.5039224751504,16
Все категории,27,3,shrink_100,1333.364279231541,16
Все категории,27,6,pooled,1806.2596550417127,16
Все категории,27,6,shrink_100,1831.863739077778,16
Все категории,28,1,pooled,1179.4073520731713,19
Все категории,28,1,shrink_100,1149.9074875986203,19
Все категории,28,3,pooled,1633.4997004587042,19
Все категории,28,3,shrink_100,1551.5732072188366,19
Все категории,28,6,pooled,1668.546646488839,19
Все категории,28,6,shrink_100,1655.8907856793955,19
Все категории,29,1,pooled,792.7610891661743,22
Все категории,29,1,shrink_100,738.725242424227,22
Все категории,29,3,pooled,1453.8844641309524,22
Все категории,29,3,shrink_100,1336.2473632445358,22
Все категории,29,6,pooled,2946.0335143821594,22
Все категории,29,6,shrink_100,2579.00126496256,22
Все категории,30,1,pooled,808.530993878732,11
Все категории,30,1,shrink_100,804.2298158928518,11
Все категории,30,3,pooled,900.6191876711578,11
Все категории,30,3,shrink_100,895.3300375202383,11
Все категории,30,6,pooled,851.1149283184005,11
Все категории,30,6,shrink_100,796.9645916882284,11
Все категории,33,1,pooled,455.0153186970217,18
Все категории,33,1,shrink_100,459.30762741792205,18
Все категории,33,3,pooled,720.8893399994031,18
Все категории,33,3,shrink_100,711.9017934504823,18
Все категории,33,6,pooled,887.8752086405098,18
Все категории,33,6,shrink_100,877.731799730717,18
Все категории,34,1,pooled,698.4969980514985,35
Все категории,34,1,shrink_100,649.0371159055819,35
Все категории,34,3,pooled,896.7099506916561,35
Все категории,34,3,shrink_100,864.141980572187,35
Все категории,34,6,pooled,1125.9574951908596,35
Все категории,34,6,shrink_100,1100.762019826758,35
Все категории,35,1,pooled,784.6727198024203,25
Все категории,35,1,shrink_100,740.8440224383472,25
Все категории,35,3,pooled,1111.289590351694,25
Все категории,35,3,shrink_100,1049.4020844703432,25
Все категории,35,6,pooled,1777.6573452095333,25
Все категории,35,6,shrink_100,1489.259444426404,25
Все категории,37,1,pooled,676.4728487543708,26
Все категории,37,1,shrink_100,688.7700685350461,26
Все категории,37,3,pooled,762.8414664347075,26
Все категории,37,3,shrink_100,753.0462398276296,26
Все категории,37,6,pooled,906.0163759957983,26
Все категории,37,6,shrink_100,945.54962751092,26
Все категории,38,1,pooled,1035.8533195879022,39
Все категории,38,1,shrink_100,1018.8631567872292,39
Все категории,38,3,pooled,1462.5560509287923,39
Все категории,38,3,shrink_100,1386.5800408123266,39
Все категории,38,6,pooled,2255.3312634512863,39
Все категории,38,6,shrink_100,2200.0072596961827,39
Все категории,39,1,pooled,750.3420693818962,19
Все категории,39,1,shrink_100,745.7190370630266,19
Все категории,39,3,pooled,1204.2900808088327,19
Все категории,39,3,shrink_100,1185.9839999430376,19
Все категории,39,6,pooled,1894.119674408178,19
Все категории,39,6,shrink_100,1839.9078788890145,19
Все категории,40,1,pooled,715.9047204864091,25
Все категории,40,1,shrink_100,717.0821560277778,25
Все категории,40,3,pooled,818.3549855965699,25
Все категории,40,3,shrink_100,788.659105818028,25
Все категории,40,6,pooled,934.9123816848355,25
Все категории,40,6,shrink_100,922.6734161847205,25
Все категории,41,1,pooled,3088.007541032861,9
Все категории,41,1,shrink_100,3088.007541032861,9
Все категории,41,3,pooled,4579.664237942251,9
Все категории,41,3,shrink_100,4579.664237942251,9
Все категории,41,6,pooled,3459.926475805333,9
Все категории,41,6,shrink_100,3459.926475805333,9
Все категории,42,1,pooled,598.5932397998789,30
Все категории,42,1,shrink_100,556.2935279427412,30
Все категории,42,3,pooled,763.3712041446444,30
Все категории,42,3,shrink_100,662.1426048054947,30
Все категории,42,6,pooled,1401.5272776922895,30
Все категории,42,6,shrink_100,1060.6001265297166,30
Все категории,43,1,pooled,666.5020350477499,43
Все категории,43,1,shrink_100,640.7849430212649,43
Все категории,43,3,pooled,888.3880706010698,43
Все категории,43,3,shrink_100,821.9973500437793,43
Все категории,43,6,pooled,1850.1254532704634,43
Все категории,43,6,shrink_100,1460.6895352826539,43
Все категории,44,1,pooled,712.3866378053577,28
Все категории,44,1,shrink_100,715.8368782732903,28
Все категории,44,3,pooled,1073.3537312682506,28
Все категории,44,3,shrink_100,1067.7897402083759,28
Все категории,44,6,pooled,1461.3117551979435,28
Все категории,44,6,shrink_100,1460.351129583291,28
Все категории,45,1,pooled,845.6808284154656,24
Все категории,45,1,shrink_100,816.1990501980144,24
Все категории,45,3,pooled,834.9693576754034,24
Все категории,45,3,shrink_100,787.0103068771379,24
Все категории,45,6,pooled,580.3605168706293,24
Все категории,45,6,shrink_100,555.4948024897434,24
Все категории,47,1,pooled,560.3721582988554,18
Все категории,47,1,shrink_100,522.2772284275343,18
Все категории,47,3,pooled,677.5743282102508,18
Все категории,47,3,shrink_100,654.5648989950862,18
Все категории,47,6,pooled,1444.900533809826,18
Все категории,47,6,shrink_100,1323.4055242041961,18
Все категории,48,1,pooled,619.8757694540086,18
Все категории,48,1,shrink_100,629.7094598220239,18
Все категории,48,3,pooled,690.9855026497356,18
Все категории,48,3,shrink_100,664.4110999260649,18
Все категории,48,6,pooled,613.1637320721535,18
Все категории,48,6,shrink_100,635.3964484709619,18
Все категории,49,1,pooled,2674.4605588527997,3
Все категории,49,1,shrink_100,2674.4605588527997,3
Все категории,49,3,pooled,3267.046521561817,3
Все категории,49,3,shrink_100,3267.046521561817,3
Все категории,49,6,pooled,2923.5182853099104,3
Все категории,49,6,shrink_100,2923.5182853099104,3
Все категории,50,1,pooled,555.9870771898671,52
Все категории,50,1,shrink_100,536.5825117089154,52
Все категории,50,3,pooled,725.7780554671825,52
Все категории,50,3,shrink_100,672.2120815294626,52
Все категории,50,6,pooled,828.0651869165068,52
Все категории,50,6,shrink_100,870.3017312544978,52
Все категории,51,1,pooled,1011.4358925242855,12
Все категории,51,1,shrink_100,959.47518076869,12
Все категории,51,3,pooled,2365.074637737452,12
Все категории,51,3,shrink_100,2113.6885546512567,12
Все категории,51,6,pooled,5609.587310466003,12
Все категории,51,6,shrink_100,4998.511431008026,12
Все категории,52,1,pooled,499.06637741965244,50
Все категории,52,1,shrink_100,532.3294253604372,50
Все категории,52,3,pooled,734.2921910356537,50
Все категории,52,3,shrink_100,778.9316282816,50
Все категории,52,6,pooled,1174.7008943415751,50
Все категории,52,6,shrink_100,1168.2879432028546,50
Все категории,53,1,pooled,754.9329636024996,21
Все категории,53,1,shrink_100,755.5948828989174,21
Все категории,53,3,pooled,957.8741694664175,21
Все категории,53,3,shrink_100,950.7070359546283,21
Все категории,53,6,pooled,1117.3381463879357,21
Все категории,53,6,shrink_100,1072.0903745102212,21
Все категории,54,1,pooled,644.0054470334986,35
Все категории,54,1,shrink_100,634.8511420736709,35
Все категории,54,3,pooled,770.765634017297,35
Все категории,54,3,shrink_100,777.3625648204732,35
Все категории,54,6,pooled,1510.1784772929045,35
Все категории,54,6,shrink_100,1567.1521495934194,35
Все категории,55,1,pooled,833.4607053372628,33
Все категории,55,1,shrink_100,815.4449615240742,33
Все категории,55,3,pooled,1013.5171230614781,33
Все категории,55,3,shrink_100,987.8880936725278,33
Все категории,55,6,pooled,1603.960708877548,33
Все категории,55,6,shrink_100,1744.1781934338412,33
Все категории,56,1,pooled,651.6035177063177,39
Все категории,56,1,shrink_100,661.74197616734,39
Все категории,56,3,pooled,755.9323387358717,39
Все категории,56,3,shrink_100,764.1145777413644,39
Все категории,56,6,pooled,1564.463120356998,39
Все категории,56,6,shrink_100,1725.6801352377365,39
Все категории,57,1,pooled,930.7857471153891,21
Все категории,57,1,shrink_100,941.3912298483601,21
Все категории,57,3,pooled,968.5656402816005,21
Все категории,57,3,shrink_100,968.9229045200916,21
Все категории,57,6,pooled,1051.0197358996827,21
Все категории,57,6,shrink_100,1050.7969150091146,21
Все категории,58,1,pooled,679.8930652139729,25
Все категории,58,1,shrink_100,695.3860614873704,25
Все категории,58,3,pooled,844.8858455901969,25
Все категории,58,3,shrink_100,833.0588759225321,25
Все категории,58,6,pooled,988.2914790650807,25
Все категории,58,6,shrink_100,1094.8597679441439,25
Все категории,59,1,pooled,636.3513177460524,42
Все категории,59,1,shrink_100,610.6392087981125,42
Все категории,59,3,pooled,864.4484680114559,42
Все категории,59,3,shrink_100,790.2645031286983,42
Все категории,59,6,pooled,1120.641468180877,42
Все категории,59,6,shrink_100,1258.884808229189,42
Все категории,60,1,pooled,790.0147257599011,22
Все категории,60,1,shrink_100,794.3056462005308,22
Все категории,60,3,pooled,917.1686337172777,22
Все категории,60,3,shrink_100,920.496797416051,22
Все категории,60,6,pooled,1585.8009099337266,22
Все категории,60,6,shrink_100,1576.0227318140453,22
Все категории,62,1,pooled,762.0097421344145,26
Все категории,62,1,shrink_100,768.1424092241318,26
Все категории,62,3,pooled,1002.8087950740409,26
Все категории,62,3,shrink_100,960.3805177038929,26
Все категории,62,6,pooled,1233.1529077239745,26
Все категории,62,6,shrink_100,1225.3524638229292,26
Все категории,63,1,pooled,585.5583221181978,36
Все категории,63,1,shrink_100,591.6608841821197,36
Все категории,63,3,pooled,709.6668572936708,36
Все категории,63,3,shrink_100,707.754508576358,36
Все категории,63,6,pooled,1025.060703695658,36
Все категории,63,6,shrink_100,1105.0014413751005,36
Все категории,64,1,pooled,638.2176796778805,39
Все категории,64,1,shrink_100,634.2031178471202,39
Все категории,64,3,pooled,814.4474235107773,39
Все категории,64,3,shrink_100,808.4724734995418,39
Все категории,64,6,pooled,762.9445868626107,39
Все категории,64,6,shrink_100,937.9050538801504,39
Все категории,65,1,pooled,1215.892897909606,16
Все категории,65,1,shrink_100,1150.8763924451978,16
Все категории,65,3,pooled,2374.674119783398,16
Все категории,65,3,shrink_100,2063.6773650699784,16
Все категории,65,6,pooled,3495.447621921322,16
Все категории,65,6,shrink_100,3080.0588883014016,16
Все категории,66,1,pooled,719.3161575102026,64
Все категории,66,1,shrink_100,702.0605267255028,64
Все категории,66,3,pooled,953.4834399349855,64
Все категории,66,3,shrink_100,918.8124599266428,64
Все категории,66,6,pooled,1802.6851699406675,64
Все категории,66,6,shrink_100,1809.5714616550868,64
Все категории,67,1,pooled,677.2700564620495,27
Все категории,67,1,shrink_100,686.9414438441464,27
Все категории,67,3,pooled,905.054309271926,27
Все категории,67,3,shrink_100,892.4133181591433,27
Все категории,67,6,pooled,1108.4167222467006,27
Все категории,67,6,shrink_100,1083.8818045798805,27
Все категории,68,1,pooled,710.7993933009471,24
Все категории,68,1,shrink_100,721.7045612493436,24
Все категории,68,3,pooled,804.7254273294183,24
Все категории,68,3,shrink_100,762.7610983050614,24
Все категории,68,6,pooled,817.0096760352282,24
Все категории,68,6,shrink_100,857.052560825896,24
Все категории,69,1,pooled,609.9824340125562,37
Все категории,69,1,shrink_100,619.3033652166698,37
Все категории,69,3,pooled,831.1424212713184,37
Все категории,69,3,shrink_100,832.3122106737802,37
Все категории,69,6,pooled,1157.8738002171842,37
Все категории,69,6,shrink_100,1193.9478505565112,37
Все категории,70,1,pooled,929.8842075434521,19
Все категории,70,1,shrink_100,897.7208297461269,19
Все категории,70,3,pooled,1337.9841944250156,19
Все категории,70,3,shrink_100,1249.7739000410031,19
Все категории,70,6,pooled,2000.9446285417478,19
Все категории,70,6,shrink_100,1814.750684794709,19
Все категории,71,1,pooled,666.8254505441946,24
Все категории,71,1,shrink_100,646.6187384415103,24
Все категории,71,3,pooled,719.0368046879818,24
Все категории,71,3,shrink_100,629.1397703571628,24
Все категории,71,6,pooled,762.8456758438911,24
Все категории,71,6,shrink_100,779.7664072259491,24
Все категории,72,1,pooled,982.7333249391829,24
Все категории,72,1,shrink_100,901.4605708755248,24
Все категории,72,3,pooled,1026.4800166211828,24
Все категории,72,3,shrink_100,963.2512922598726,24
Все категории,72,6,pooled,1740.4132112277978,24
Все категории,72,6,shrink_100,1704.3288969576354,24
Все категории,73,1,pooled,544.0973245004797,21
Все категории,73,1,shrink_100,570.20780231109,21
Все категории,73,3,pooled,633.3753380908922,21
Все категории,73,3,shrink_100,654.8199505118597,21
Все категории,73,6,pooled,1128.2287895199788,21
Все категории,73,6,shrink_100,1143.790320098824,21
Все категории,74,1,pooled,625.4834276873299,37
Все категории,74,1,shrink_100,619.7915068155542,37
Все категории,74,3,pooled,752.8018153765566,37
Все категории,74,3,shrink_100,748.6772203362816,37
Все категории,74,6,pooled,854.9885720397559,37
Все категории,74,6,shrink_100,1113.293588667325,37
Все категории,75,1,pooled,1191.1005769144574,28
Все категории,75,1,shrink_100,1121.5596339194458,28
Все категории,75,3,pooled,1563.860522391975,28
Все категории,75,3,shrink_100,1376.9051613135277,28
Все категории,75,6,pooled,1384.8347011836163,28
Все категории,75,6,shrink_100,1389.88380517383,28
Все категории,76,1,pooled,689.5840140628433,19
Все категории,76,1,shrink_100,686.4844057791342,19
Все категории,76,3,pooled,1052.2960657350413,19
Все категории,76,3,shrink_100,1010.9085848297553,19
Все категории,76,6,pooled,1340.0484603396228,19
Все категории,76,6,shrink_100,1347.3363252170213,19
Все категории,77,1,pooled,800.9769136183808,144
Все категории,77,1,shrink_100,754.8713329617347,144
Все категории,77,3,pooled,989.0420636632084,144
Все категории,77,3,shrink_100,976.3003602684392,144
Все категории,77,6,pooled,1194.8828942692803,144
Все категории,77,6,shrink_100,1762.4760729721079,144
Все категории,78,1,pooled,867.8525818134055,98
Все категории,78,1,shrink_100,612.3859951218757,98
Все категории,78,3,pooled,1084.5671824231963,98
Все категории,78,3,shrink_100,783.9754465381264,98
Все категории,78,6,pooled,2125.012465263608,98
Все категории,78,6,shrink_100,1934.8908076549276,98
Все категории,79,1,pooled,1052.581958784347,6
Все категории,79,1,shrink_100,1052.581958784347,6
Все категории,79,3,pooled,1333.7096669071545,6
Все категории,79,3,shrink_100,1333.7096669071545,6
Все категории,79,6,pooled,1668.743869468212,6
Все категории,79,6,shrink_100,1668.743869468212,6
Все категории,83,1,pooled,2284.3306459147316,2
Все категории,83,1,shrink_100,2284.3306459147316,2
Все категории,83,3,pooled,4906.475226948752,2
Все категории,83,3,shrink_100,4906.475226948752,2
Все категории,83,6,pooled,6107.436685151009,2
Все категории,83,6,shrink_100,6107.436685151009,2
Все категории,86,1,pooled,1179.8350114252605,22
Все категории,86,1,shrink_100,1115.0379930135678,22
Все категории,86,3,pooled,2605.278262692294,22
Все категории,86,3,shrink_100,2306.7985000803446,22
Все категории,86,6,pooled,5022.420937376731,22
Все категории,86,6,shrink_100,4433.811534218205,22
Все категории,87,1,pooled,5293.039898495891,4
Все категории,87,1,shrink_100,5293.039898495891,4
Все категории,87,3,pooled,10134.028952095134,4
Все категории,87,3,shrink_100,10134.028952095134,4
Все категории,87,6,pooled,9817.397133282666,4
Все категории,87,6,shrink_100,9817.397133282666,4
Все категории,89,1,pooled,2663.9486689135574,13
Все категории,89,1,shrink_100,2408.9532832088394,13
Все категории,89,3,pooled,6650.209534936643,13
Все категории,89,3,shrink_100,5848.819294014708,13
Все категории,89,6,pooled,9556.313724963049,13
Все категории,89,6,shrink_100,8377.25445264341,13
Здоровье,1,1,pooled,78.0101050848012,9
Здоровье,1,1,shrink_20,78.0101050848012,9
Здоровье,1,3,pooled,79.44350164239216,9
Здоровье,1,3,shrink_20,79.44350164239216,9
Здоровье,1,6,pooled,120.81255581781755,9
Здоровье,1,6,shrink_20,120.81255581781755,9
Здоровье,2,1,pooled,81.50579508331379,61
Здоровье,2,1,shrink_20,81.38033015935032,61
Здоровье,2,3,pooled,104.01064526422739,61
Здоровье,2,3,shrink_20,77.12945451186785,61
Здоровье,2,6,pooled,81.01339370291538,61
Здоровье,2,6,shrink_20,76.62880083050388,61
Здоровье,4,1,pooled,65.17375017549881,11
Здоровье,4,1,shrink_20,64.76472590317886,11
Здоровье,4,3,pooled,76.60978128793474,11
Здоровье,4,3,shrink_20,77.57014154187478,11
Здоровье,4,6,pooled,39.47689275078519,11
Здоровье,4,6,shrink_20,60.363078080537456,11
Здоровье,7,1,pooled,94.47853080079506,4
Здоровье,7,1,shrink_20,94.47853080079506,4
Здоровье,7,3,pooled,111.73484212367971,4
Здоровье,7,3,shrink_20,111.73484212367971,4
Здоровье,7,6,pooled,234.2478283587232,4
Здоровье,7,6,shrink_20,234.2478283587232,4
Здоровье,8,1,pooled,127.20631212825712,5
Здоровье,8,1,shrink_20,127.20631212825712,5
Здоровье,8,3,pooled,162.1214145832367,5
Здоровье,8,3,shrink_20,162.1214145832367,5
Здоровье,8,6,pooled,173.28481277061684,5
Здоровье,8,6,shrink_20,173.28481277061684,5
Здоровье,9,1,pooled,100.4411115980465,8
Здоровье,9,1,shrink_20,100.4411115980465,8
Здоровье,9,3,pooled,105.07601492181038,8
Здоровье,9,3,shrink_20,105.07601492181038,8
Здоровье,9,6,pooled,130.37139595457901,8
Здоровье,9,6,shrink_20,130.37139595457901,8
Здоровье,10,1,pooled,90.15806896137738,18
Здоровье,10,1,shrink_20,96.55116117089031,18
Здоровье,10,3,pooled,84.11418274261531,18
Здоровье,10,3,shrink_20,87.22526390560834,18
Здоровье,10,6,pooled,104.20912860897513,18
Здоровье,10,6,shrink_20,96.2729757084086,18
Здоровье,11,1,pooled,105.39609797617499,20
Здоровье,11,1,shrink_20,99.54154764519338,20
Здоровье,11,3,pooled,120.0086099863184,20
Здоровье,11,3,shrink_20,116.4391404292417,20
Здоровье,11,6,pooled,189.59569124166245,20
Здоровье,11,6,shrink_20,148.9986441644224,20
Здоровье,12,1,pooled,72.01391280057778,17
Здоровье,12,1,shrink_20,73.69797286757992,17
Здоровье,12,3,pooled,89.75178931472654,17
Здоровье,12,3,shrink_20,84.5983386378894,17
Здоровье,12,6,pooled,53.73406722793817,17
Здоровье,12,6,shrink_20,65.56346839979821,17
Здоровье,13,1,pooled,97.4991791078459,20
Здоровье,13,1,shrink_20,98.96918845478014,20
Здоровье,13,3,pooled,97.77612263020383,20
Здоровье,13,3,shrink_20,107.20701576901108,20
Здоровье,13,6,pooled,90.21336761954603,20
Здоровье,13,6,shrink_20,109.56688794487613,20
Здоровье,14,1,pooled,216.71681612484443,29
Здоровье,14,1,shrink_20,169.96658333665684,29
Здоровье,14,3,pooled,368.9812023919828,29
Здоровье,14,3,shrink_20,244.5475490596786,29
Здоровье,14,6,pooled,224.45913350273824,29
Здоровье,14,6,shrink_20,199.2028631324699,29
Здоровье,15,1,pooled,160.5369972994164,7
Здоровье,15,1,shrink_20,160.5369972994164,7
Здоровье,15,3,pooled,134.8176198578952,7
Здоровье,15,3,shrink_20,134.8176198578952,7
Здоровье,15,6,pooled,205.043722910312,7
Здоровье,15,6,shrink_20,205.043722910312,7
Здоровье,16,1,pooled,91.31047050850202,43
Здоровье,16,1,shrink_20,87.59561253883324,43
Здоровье,16,3,pooled,105.64624432617425,43
Здоровье,16,3,shrink_20,91.25471196562644,43
Здоровье,16,6,pooled,73.52805873471394,43
Здоровье,16,6,shrink_20,75.33359372705029,43
Здоровье,17,1,pooled,109.49333954429625,10
Здоровье,17,1,shrink_20,110.81545516610886,10
Здоровье,17,3,pooled,130.607918036572,10
Здоровье,17,3,shrink_20,131.45899443446694,10
Здоровье,17,6,pooled,192.04716193611307,10
Здоровье,17,6,shrink_20,230.99137344588593,10
Здоровье,18,1,pooled,83.38489222298726,27
Здоровье,18,1,shrink_20,80.96018643854127,27
Здоровье,18,3,pooled,110.13480304140154,27
Здоровье,18,3,shrink_20,90.95101319335727,27
Здоровье,18,6,pooled,98.52663664280479,27
Здоровье,18,6,shrink_20,97.7053549351981,27
Здоровье,19,1,pooled,59.162774177656615,12
Здоровье,19,1,shrink_20,57.297784462072855,12
Здоровье,19,3,pooled,66.98676906548867,12
Здоровье,19,3,shrink_20,61.04032841081175,12
Здоровье,19,6,pooled,83.24520282615681,12
Здоровье,19,6,shrink_20,86.91340028713667,12
Здоровье,21,1,pooled,82.86123384819395,23
Здоровье,21,1,shrink_20,87.10284062081438,23
Здоровье,21,3,pooled,93.96713023977422,23
Здоровье,21,3,shrink_20,87.02091927170513,23
Здоровье,21,6,pooled,91.08937383593263,23
Здоровье,21,6,shrink_20,82.91327063298024,23
Здоровье,22,1,pooled,75.2086314086208,65
Здоровье,22,1,shrink_20,88.77360341349942,65
Здоровье,22,3,pooled,88.11024640698281,65
Здоровье,22,3,shrink_20,90.16674639004117,65
Здоровье,22,6,pooled,80.11873039906655,65
Здоровье,22,6,shrink_20,90.31517735830336,65
Здоровье,24,1,pooled,94.65675847627833,51
Здоровье,24,1,shrink_20,93.31860245382221,51
Здоровье,24,3,pooled,138.4891857108997,51
Здоровье,24,3,shrink_20,131.22929179016356,51
Здоровье,24,6,pooled,121.45461005771575,51
Здоровье,24,6,shrink_20,129.04532731873414,51
Здоровье,25,1,pooled,110.74624339254298,33
Здоровье,25,1,shrink_20,110.08957368491254,33
Здоровье,25,3,pooled,94.15808803049835,33
Здоровье,25,3,shrink_20,103.37550064425056,33
Здоровье,25,6,pooled,158.76411559169466,33
Здоровье,25,6,shrink_20,186.88502728847715,33
Здоровье,26,1,pooled,78.28024610681283,33
Здоровье,26,1,shrink_20,85.25846823406309,33
Здоровье,26,3,pooled,65.28975370068189,33
Здоровье,26,3,shrink_20,71.47613641732052,33
Здоровье,26,6,pooled,104.21546279902392,33
Здоровье,26,6,shrink_20,79.07674382041864,33
Здоровье,27,1,pooled,128.99609361506492,16
Здоровье,27,1,shrink_20,121.79771121808113,16
Здоровье,27,3,pooled,140.28818665129643,16
Здоровье,27,3,shrink_20,124.18859829731674,16
Здоровье,27,6,pooled,196.02068027356873,16
Здоровье,27,6,shrink_20,199.23499770150337,16
Здоровье,28,1,pooled,94.14793351895526,19
Здоровье,28,1,shrink_20,94.3328410080517,19
Здоровье,28,3,pooled,95.95913192172057,19
Здоровье,28,3,shrink_20,92.61642205411955,19
Здоровье,28,6,pooled,97.70913616951569,19
Здоровье,28,6,shrink_20,112.0124310936216,19
Здоровье,29,1,pooled,83.12194760427778,22
Здоровье,29,1,shrink_20,79.05720468506512,22
Здоровье,29,3,pooled,96.55842092863075,22
Здоровье,29,3,shrink_20,89.64836536343,22
Здоровье,29,6,pooled,72.37684229361453,22
Здоровье,29,6,shrink_20,69.50796569437844,22
Здоровье,30,1,pooled,64.56012898423208,11
Здоровье,30,1,shrink_20,62.118405268913236,11
Здоровье,30,3,pooled,70.83481673714032,11
Здоровье,30,3,shrink_20,70.05608558866916,11
Здоровье,30,6,pooled,89.00348067429955,11
Здоровье,30,6,shrink_20,84.50890785728642,11
Здоровье,33,1,pooled,70.49102917382605,18
Здоровье,33,1,shrink_20,69.72556864996804,18
Здоровье,33,3,pooled,79.72999133528336,18
Здоровье,33,3,shrink_20,66.47081517180897,18
Здоровье,33,6,pooled,55.429279424103896,18
Здоровье,33,6,shrink_20,58.22282493688082,18
Здоровье,34,1,pooled,64.60201449570924,35
Здоровье,34,1,shrink_20,74.60844616553078,35
Здоровье,34,3,pooled,79.19511630531188,35
Здоровье,34,3,shrink_20,87.7301738589518,35
Здоровье,34,6,pooled,75.97374934399272,35
Здоровье,34,6,shrink_20,78.87225982754212,35
Здоровье,35,1,pooled,72.18614271513945,25
Здоровье,35,1,shrink_20,72.96614776411452,25
Здоровье,35,3,pooled,95.73839925545457,25
Здоровье,35,3,shrink_20,92.90014427750714,25
Здоровье,35,6,pooled,57.354068620026055,25
Здоровье,35,6,shrink_20,61.09874644244441,25
Здоровье,37,1,pooled,84.40077225398983,26
Здоровье,37,1,shrink_20,86.85229040621763,26
Здоровье,37,3,pooled,98.49266300814722,26
Здоровье,37,3,shrink_20,90.75265480388114,26
Здоровье,37,6,pooled,102.89600570902806,26
Здоровье,37,6,shrink_20,118.9680692332301,26
Здоровье,38,1,pooled,85.65905644864701,39
Здоровье,38,1,shrink_20,80.00383976856655,39
Здоровье,38,3,pooled,99.94636306003402,39
Здоровье,38,3,shrink_20,98.33210591268657,39
Здоровье,38,6,pooled,113.05463941975988,39
Здоровье,38,6,shrink_20,102.28985996973589,39
Здоровье,39,1,pooled,98.27996109817408,19
Здоровье,39,1,shrink_20,98.86968569167541,19
Здоровье,39,3,pooled,98.29457454806325,19
Здоровье,39,3,shrink_20,106.974184648459,19
Здоровье,39,6,pooled,130.71422208058365,19
Здоровье,39,6,shrink_20,131.71886026698618,19
Здоровье,40,1,pooled,108.93940842037378,25
Здоровье,40,1,shrink_20,101.78027886287596,25
Здоровье,40,3,pooled,117.33827454010626,25
Здоровье,40,3,shrink_20,102.26407608913313,25
Здоровье,40,6,pooled,87.11161602633496,25
Здоровье,40,6,shrink_20,98.03511452503182,25
Здоровье,41,1,pooled,253.77995598416632,9
Здоровье,41,1,shrink_20,253.77995598416632,9
Здоровье,41,3,pooled,380.035126256268,9
Здоровье,41,3,shrink_20,380.035126256268,9
Здоровье,41,6,pooled,426.65698434035494,9
Здоровье,41,6,shrink_20,426.65698434035494,9
Здоровье,42,1,pooled,89.94625178673692,30
Здоровье,42,1,shrink_20,85.6120339701714,30
Здоровье,42,3,pooled,106.84646058088673,30
Здоровье,42,3,shrink_20,92.503307371001,30
Здоровье,42,6,pooled,79.01375227667907,30
Здоровье,42,6,shrink_20,92.11158513560801,30
Здоровье,43,1,pooled,82.50702840757745,43
Здоровье,43,1,shrink_20,77.47118465604453,43
Здоровье,43,3,pooled,91.16861110265747,43
Здоровье,43,3,shrink_20,70.37067286069303,43
Здоровье,43,6,pooled,63.831179449511254,43
Здоровье,43,6,shrink_20,62.21388703070828,43
Здоровье,44,1,pooled,92.29160134202422,28
Здоровье,44,1,shrink_20,87.37568292805084,28
Здоровье,44,3,pooled,113.9937142736991,28
Здоровье,44,3,shrink_20,108.68958503598192,28
Здоровье,44,6,pooled,112.50123611786616,28
Здоровье,44,6,shrink_20,111.54209606496127,28
Здоровье,45,1,pooled,72.47126776030517,24
Здоровье,45,1,shrink_20,70.95968000932416,24
Здоровье,45,3,pooled,78.3498985390987,24
Здоровье,45,3,shrink_20,76.57799242070155,24
Здоровье,45,6,pooled,82.5034772709044,24
Здоровье,45,6,shrink_20,77.24534237095494,24
Здоровье,47,1,pooled,105.0450945518033,18
Здоровье,47,1,shrink_20,103.49657414253349,18
Здоровье,47,3,pooled,105.25325480534035,18
Здоровье,47,3,shrink_20,91.90324776643627,18
Здоровье,47,6,pooled,69.01313832482371,18
Здоровье,47,6,shrink_20,67.74840208187598,18
Здоровье,48,1,pooled,90.53921738860753,18
Здоровье,48,1,shrink_20,82.49403503681597,18
Здоровье,48,3,pooled,77.31772932243555,18
Здоровье,48,3,shrink_20,67.20133327443922,18
Здоровье,48,6,pooled,64.88347023559517,18
Здоровье,48,6,shrink_20,61.516169337337686,18
Здоровье,49,1,pooled,234.35283232430933,3
Здоровье,49,1,shrink_20,234.35283232430933,3
Здоровье,49,3,pooled,292.3148265676771,3
Здоровье,49,3,shrink_20,292.3148265676771,3
Здоровье,49,6,pooled,309.36646832611274,3
Здоровье,49,6,shrink_20,309.36646832611274,3
Здоровье,50,1,pooled,77.10134657108422,52
Здоровье,50,1,shrink_20,80.62749647431309,52
Здоровье,50,3,pooled,75.4106953561542,52
Здоровье,50,3,shrink_20,70.93344441004227,52
Здоровье,50,6,pooled,93.17684218018806,52
Здоровье,50,6,shrink_20,119.16476106420629,52
Здоровье,51,1,pooled,99.06726672192936,12
Здоровье,51,1,shrink_20,98.20271268345674,12
Здоровье,51,3,pooled,104.90633674515165,12
Здоровье,51,3,shrink_20,91.20184657220192,12
Здоровье,51,6,pooled,242.94664825512714,12
Здоровье,51,6,shrink_20,172.946393148556,12
Здоровье,52,1,pooled,92.81165079518446,50
Здоровье,52,1,shrink_20,89.05285658792621,50
Здоровье,52,3,pooled,106.58732608630811,50
Здоровье,52,3,shrink_20,88.42532654432536,50
Здоровье,52,6,pooled,86.87564414592704,50
Здоровье,52,6,shrink_20,88.05903759856001,50
Здоровье,53,1,pooled,92.39061269685551,21
Здоровье,53,1,shrink_20,93.94718866222883,21
Здоровье,53,3,pooled,101.99809699029703,21
Здоровье,53,3,shrink_20,99.3819681190792,21
Здоровье,53,6,pooled,88.4025942777004,21
Здоровье,53,6,shrink_20,89.63039232285371,21
Здоровье,54,1,pooled,85.29708434767916,35
Здоровье,54,1,shrink_20,87.62725565875641,35
Здоровье,54,3,pooled,113.25135059012705,35
Здоровье,54,3,shrink_20,97.38270392163551,35
Здоровье,54,6,pooled,95.26731544638358,35
Здоровье,54,6,shrink_20,95.32290547986479,35
Здоровье,55,1,pooled,77.16842447236353,33
Здоровье,55,1,shrink_20,84.01692348388985,33
Здоровье,55,3,pooled,77.42301657319821,33
Здоровье,55,3,shrink_20,77.83322308922322,33
Здоровье,55,6,pooled,108.03748968772817,33
Здоровье,55,6,shrink_20,88.40680053023902,33
Здоровье,56,1,pooled,86.90908599548301,39
Здоровье,56,1,shrink_20,88.50510903816439,39
Здоровье,56,3,pooled,104.0756703276171,39
Здоровье,56,3,shrink_20,97.64375341250131,39
Здоровье,56,6,pooled,101.85497914943085,39
Здоровье,56,6,shrink_20,140.64793981458175,39
Здоровье,57,1,pooled,96.74353307318442,21
Здоровье,57,1,shrink_20,97.03516414726607,21
Здоровье,57,3,pooled,104.14757986246724,21
Здоровье,57,3,shrink_20,106.2876336613716,21
Здоровье,57,6,pooled,104.28709319073737,21
Здоровье,57,6,shrink_20,113.51428448694094,21
Здоровье,58,1,pooled,93.05573487008627,25
Здоровье,58,1,shrink_20,91.75851642362872,25
Здоровье,58,3,pooled,102.14978702972337,25
Здоровье,58,3,shrink_20,106.25641413180776,25
Здоровье,58,6,pooled,110.51978171945866,25
Здоровье,58,6,shrink_20,138.8092488632192,25
Здоровье,59,1,pooled,76.26361370020749,42
Здоровье,59,1,shrink_20,65.58496130254858,42
Здоровье,59,3,pooled,92.47698088957775,42
Здоровье,59,3,shrink_20,64.26823765803566,42
Здоровье,59,6,pooled,83.90571826081913,42
Здоровье,59,6,shrink_20,92.3459277304972,42
Здоровье,60,1,pooled,94.71644829822358,22
Здоровье,60,1,shrink_20,97.19468325548782,22
Здоровье,60,3,pooled,115.22998775672865,22
Здоровье,60,3,shrink_20,119.01499664566244,22
Здоровье,60,6,pooled,120.17723675852902,22
Здоровье,60,6,shrink_20,104.63069771431562,22
Здоровье,62,1,pooled,110.3785820299911,26
Здоровье,62,1,shrink_20,113.91262534895176,26
Здоровье,62,3,pooled,125.44100719675478,26
Здоровье,62,3,shrink_20,114.88193274026555,26
Здоровье,62,6,pooled,108.5064718975359,26
Здоровье,62,6,shrink_20,113.9993131249387,26
Здоровье,63,1,pooled,97.00990843937159,36
Здоровье,63,1,shrink_20,94.38982248808227,36
Здоровье,63,3,pooled,109.46503625458914,36
Здоровье,63,3,shrink_20,94.74903554195362,36
Здоровье,63,6,pooled,78.73132922518782,36
Здоровье,63,6,shrink_20,103.02449874998405,36
Здоровье,64,1,pooled,75.66914591913918,39
Здоровье,64,1,shrink_20,75.97626226627742,39
Здоровье,64,3,pooled,84.27384467111574,39
Здоровье,64,3,shrink_20,88.93502774496308,39
Здоровье,64,6,pooled,80.71842280881762,39
Здоровье,64,6,shrink_20,84.64936222433496,39
Здоровье,65,1,pooled,139.71671890766274,16
Здоровье,65,1,shrink_20,142.16457987646592,16
Здоровье,65,3,pooled,173.515126893222,16
Здоровье,65,3,shrink_20,159.29200021033813,16
Здоровье,65,6,pooled,243.40779728280177,16
Здоровье,65,6,shrink_20,179.40086885405935,16
Здоровье,66,1,pooled,79.32673753678574,64
Здоровье,66,1,shrink_20,72.14962283943791,64
Здоровье,66,3,pooled,91.53925228242548,64
Здоровье,66,3,shrink_20,70.35558795840865,64
Здоровье,66,6,pooled,101.63768434110129,64
Здоровье,66,6,shrink_20,89.47979323248963,64
Здоровье,67,1,pooled,88.67136737198783,27
Здоровье,67,1,shrink_20,83.23133023219823,27
Здоровье,67,3,pooled,95.55109814797841,27
Здоровье,67,3,shrink_20,98.58335750928497,27
Здоровье,67,6,pooled,107.24244090417412,27
Здоровье,67,6,shrink_20,128.59405782130955,27
Здоровье,68,1,pooled,98.6463477477206,24
Здоровье,68,1,shrink_20,102.30892715853469,24
Здоровье,68,3,pooled,101.00691307756303,24
Здоровье,68,3,shrink_20,98.4508432964743,24
Здоровье,68,6,pooled,76.28430021085977,24
Здоровье,68,6,shrink_20,80.48741696680737,24
Здоровье,69,1,pooled,84.0583935088359,37
Здоровье,69,1,shrink_20,83.4256720736031,37
Здоровье,69,3,pooled,103.95690266819925,37
Здоровье,69,3,shrink_20,101.96215505971756,37
Здоровье,69,6,pooled,97.97690909387623,37
Здоровье,69,6,shrink_20,115.60720360419052,37
Здоровье,70,1,pooled,108.99761884938259,19
Здоровье,70,1,shrink_20,110.1948240309466,19
Здоровье,70,3,pooled,99.8165428590976,19
Здоровье,70,3,shrink_20,96.78097700373915,19
Здоровье,70,6,pooled,133.02480321674844,19
Здоровье,70,6,shrink_20,119.61845085055177,19
Здоровье,71,1,pooled,78.8439426013658,24
Здоровье,71,1,shrink_20,84.87379776782076,24
Здоровье,71,3,pooled,87.13290452816857,24
Здоровье,71,3,shrink_20,86.30362265451735,24
Здоровье,71,6,pooled,97.22103327834493,24
Здоровье,71,6,shrink_20,103.46068701499564,24
Здоровье,72,1,pooled,85.23413441579106,24
Здоровье,72,1,shrink_20,85.05488436525819,24
Здоровье,72,3,pooled,79.41469992034213,24
Здоровье,72,3,shrink_20,72.09087300341086,24
Здоровье,72,6,pooled,89.84340882917438,24
Здоровье,72,6,shrink_20,81.34499321682542,24
Здоровье,73,1,pooled,85.86806350632227,21
Здоровье,73,1,shrink_20,89.96941613192455,21
Здоровье,73,3,pooled,98.01666492821533,21
Здоровье,73,3,shrink_20,91.22901640404727,21
Здоровье,73,6,pooled,68.49228684030989,21
Здоровье,73,6,shrink_20,81.29096514668791,21
Здоровье,74,1,pooled,77.03944942067841,37
Здоровье,74,1,shrink_20,72.89614122018209,37
Здоровье,74,3,pooled,100.21091750822009,37
Здоровье,74,3,shrink_20,77.39360127740736,37
Здоровье,74,6,pooled,58.219283132915194,37
Здоровье,74,6,shrink_20,53.894072981990455,37
Здоровье,75,1,pooled,91.36807844840634,28
Здоровье,75,1,shrink_20,88.9382092431146,28
Здоровье,75,3,pooled,107.54284432433334,28
Здоровье,75,3,shrink_20,97.90125033947224,28
Здоровье,75,6,pooled,144.60924570646515,28
Здоровье,75,6,shrink_20,123.45101988654417,28
Здоровье,76,1,pooled,77.45600748219715,19
Здоровье,76,1,shrink_20,81.3483024341561,19
Здоровье,76,3,pooled,118.0183297242732,19
Здоровье,76,3,shrink_20,109.92630264181521,19
Здоровье,76,6,pooled,110.59011637094723,19
Здоровье,76,6,shrink_20,116.07488120967474,19
Здоровье,77,1,pooled,123.48262490451683,144
Здоровье,77,1,shrink_20,113.45814534733915,144
Здоровье,77,3,pooled,127.07014289606855,144
Здоровье,77,3,shrink_20,99.92905415786907,144
Здоровье,77,6,pooled,189.5296995157345,144
Здоровье,77,6,shrink_20,158.25862319482948,144
Здоровье,78,1,pooled,143.03682365940398,98
Здоровье,78,1,shrink_20,133.20104438207727,98
Здоровье,78,3,pooled,122.18252449879006,98
Здоровье,78,3,shrink_20,103.73353807357289,98
Здоровье,78,6,pooled,132.1740453037459,98
Здоровье,78,6,shrink_20,121.42692917717619,98
Здоровье,79,1,pooled,125.4195017298405,6
Здоровье,79,1,shrink_20,125.4195017298405,6
Здоровье,79,3,pooled,111.22993273058482,6
Здоровье,79,3,shrink_20,111.22993273058482,6
Здоровье,79,6,pooled,139.76042250926596,6
Здоровье,79,6,shrink_20,139.76042250926596,6
Здоровье,83,1,pooled,211.2793611994824,2
Здоровье,83,1,shrink_20,211.2793611994824,2
Здоровье,83,3,pooled,327.3360781500214,2
Здоровье,83,3,shrink_20,327.3360781500214,2
Здоровье,83,6,pooled,411.34117271724347,2
Здоровье,83,6,shrink_20,411.34117271724347,2
Здоровье,86,1,pooled,96.10831758507952,22
Здоровье,86,1,shrink_20,81.97468965612879,22
Здоровье,86,3,pooled,126.39358401777646,22
Здоровье,86,3,shrink_20,97.87624211169336,22
Здоровье,86,6,pooled,239.48574123433283,22
Здоровье,86,6,shrink_20,143.22098624872982,22
Здоровье,87,1,pooled,602.2083553038923,4
Здоровье,87,1,shrink_20,602.2083553038923,4
Здоровье,87,3,pooled,1454.3034705525447,4
Здоровье,87,3,shrink_20,1454.3034705525447,4
Здоровье,87,6,pooled,1511.9598200448463,4
Здоровье,87,6,shrink_20,1511.9598200448463,4
Здоровье,89,1,pooled,287.5946666070065,13
Здоровье,89,1,shrink_20,228.6537672172481,13
Здоровье,89,3,pooled,541.4915716337715,13
Здоровье,89,3,shrink_20,349.49777716297217,13
Здоровье,89,6,pooled,570.9461850828782,13
Здоровье,89,6,shrink_20,403.3737753628797,13
Маркетплейсы,1,1,pooled,425.805558698092,9
Маркетплейсы,1,1,shrink_100,425.805558698092,9
Маркетплейсы,1,3,pooled,823.7041676412526,9
Маркетплейсы,1,3,shrink_100,823.7041676412526,9
Маркетплейсы,1,6,pooled,1525.3415448314227,9
Маркетплейсы,1,6,shrink_100,1525.3415448314227,9
Маркетплейсы,2,1,pooled,255.0944180715757,61
Маркетплейсы,2,1,shrink_100,251.69319442126067,61
Маркетплейсы,2,3,pooled,444.0152895539481,61
Маркетплейсы,2,3,shrink_100,472.2959804782381,61
Маркетплейсы,2,6,pooled,600.8526319835527,61
Маркетплейсы,2,6,shrink_100,713.8861823747634,61
Маркетплейсы,4,1,pooled,618.5608435151294,11
Маркетплейсы,4,1,shrink_100,602.1777498195255,11
Маркетплейсы,4,3,pooled,1548.1731388385792,11
Маркетплейсы,4,3,shrink_100,1509.0881187063053,11
Маркетплейсы,4,6,pooled,1934.7083897333314,11
Маркетплейсы,4,6,shrink_100,1915.5881398755091,11
Маркетплейсы,7,1,pooled,315.8802806000417,4
Маркетплейсы,7,1,shrink_100,315.8802806000417,4
Маркетплейсы,7,3,pooled,694.2363770896714,4
Маркетплейсы,7,3,shrink_100,694.2363770896714,4
Маркетплейсы,7,6,pooled,906.4891365949079,4
Маркетплейсы,7,6,shrink_100,906.4891365949079,4
Маркетплейсы,8,1,pooled,687.7269831445508,5
Маркетплейсы,8,1,shrink_100,687.7269831445508,5
Маркетплейсы,8,3,pooled,1088.9763867920062,5
Маркетплейсы,8,3,shrink_100,1088.9763867920062,5
Маркетплейсы,8,6,pooled,1639.504000503092,5
Маркетплейсы,8,6,shrink_100,1639.504000503092,5
Маркетплейсы,9,1,pooled,459.2595110793622,8
Маркетплейсы,9,1,shrink_100,459.2595110793622,8
Маркетплейсы,9,3,pooled,908.1234322467952,8
Маркетплейсы,9,3,shrink_100,908.1234322467952,8
Маркетплейсы,9,6,pooled,928.6479957898067,8
Маркетплейсы,9,6,shrink_100,928.6479957898067,8
Маркетплейсы,10,1,pooled,495.08337668368455,18
Маркетплейсы,10,1,shrink_100,490.1604225658847,18
Маркетплейсы,10,3,pooled,1010.8678650338118,18
Маркетплейсы,10,3,shrink_100,941.1826608047102,18
Маркетплейсы,10,6,pooled,1675.0105209551227,18
Маркетплейсы,10,6,shrink_100,1455.2636364273624,18
Маркетплейсы,11,1,pooled,468.9078569189409,20
Маркетплейсы,11,1,shrink_100,449.3088384504719,20
Маркетплейсы,11,3,pooled,1032.0147895319856,20
Маркетплейсы,11,3,shrink_100,944.0037514866202,20
Маркетплейсы,11,6,pooled,1981.152028409253,20
Маркетплейсы,11,6,shrink_100,1704.4855972827058,20
Маркетплейсы,12,1,pooled,332.4127851933882,17
Маркетплейсы,12,1,shrink_100,341.00927984010673,17
Маркетплейсы,12,3,pooled,436.00943635249007,17
Маркетплейсы,12,3,shrink_100,448.7570539817225,17
Маркетплейсы,12,6,pooled,673.2585506432637,17
Маркетплейсы,12,6,shrink_100,719.0967810548842,17
Маркетплейсы,13,1,pooled,366.4620301267,20
Маркетплейсы,13,1,shrink_100,373.2948358147238,20
Маркетплейсы,13,3,pooled,709.5745975191946,20
Маркетплейсы,13,3,shrink_100,699.4189910480202,20
Маркетплейсы,13,6,pooled,1177.9612479728996,20
Маркетплейсы,13,6,shrink_100,1158.2095297365609,20
Маркетплейсы,14,1,pooled,424.63226879622823,29
Маркетплейсы,14,1,shrink_100,427.88943044287925,29
Маркетплейсы,14,3,pooled,878.0092368247206,29
Маркетплейсы,14,3,shrink_100,871.9935455892662,29
Маркетплейсы,14,6,pooled,1146.1067781042555,29
Маркетплейсы,14,6,shrink_100,1158.8085939096723,29
Маркетплейсы,15,1,pooled,392.36010855071567,7
Маркетплейсы,15,1,shrink_100,392.36010855071567,7
Маркетплейсы,15,3,pooled,891.6745206494626,7
Маркетплейсы,15,3,shrink_100,891.6745206494626,7
Маркетплейсы,15,6,pooled,1715.9784304463767,7
Маркетплейсы,15,6,shrink_100,1715.9784304463767,7
Маркетплейсы,16,1,pooled,284.32796466343785,43
Маркетплейсы,16,1,shrink_100,305.1164188093266,43
Маркетплейсы,16,3,pooled,530.1439948692682,43
Маркетплейсы,16,3,shrink_100,580.9290955334397,43
Маркетплейсы,16,6,pooled,870.7609546828871,43
Маркетплейсы,16,6,shrink_100,960.2462475221329,43
Маркетплейсы,17,1,pooled,537.1395854419693,10
Маркетплейсы,17,1,shrink_100,526.1346574830847,10
Маркетплейсы,17,3,pooled,817.6367221107223,10
Маркетплейсы,17,3,shrink_100,821.3068581645568,10
Маркетплейсы,17,6,pooled,939.7505400047488,10
Маркетплейсы,17,6,shrink_100,954.5488496506862,10
Маркетплейсы,18,1,pooled,279.3799745040315,27
Маркетплейсы,18,1,shrink_100,282.3643948908126,27
Маркетплейсы,18,3,pooled,440.76044482665833,27
Маркетплейсы,18,3,shrink_100,457.80646812897976,27
Маркетплейсы,18,6,pooled,656.5942668319624,27
Маркетплейсы,18,6,shrink_100,734.1298628367898,27
Маркетплейсы,19,1,pooled,344.0688872643567,12
Маркетплейсы,19,1,shrink_100,343.58766087111286,12
Маркетплейсы,19,3,pooled,676.0959465479372,12
Маркетплейсы,19,3,shrink_100,674.8620167912492,12
Маркетплейсы,19,6,pooled,1010.19254571085,12
Маркетплейсы,19,6,shrink_100,1009.0791817995087,12
Маркетплейсы,21,1,pooled,240.57001659244898,23
Маркетплейсы,21,1,shrink_100,248.61738446912273,23
Маркетплейсы,21,3,pooled,441.2010524643433,23
Маркетплейсы,21,3,shrink_100,464.84419741232125,23
Маркетплейсы,21,6,pooled,609.5472408939049,23
Маркетплейсы,21,6,shrink_100,658.0845238453974,23
Маркетплейсы,22,1,pooled,316.8786272944354,65
Маркетплейсы,22,1,shrink_100,311.6434180549571,65
Маркетплейсы,22,3,pooled,593.8638977345651,65
Маркетплейсы,22,3,shrink_100,617.1818044665043,65
Маркетплейсы,22,6,pooled,813.517070574265,65
Маркетплейсы,22,6,shrink_100,993.2994363276149,65
Маркетплейсы,24,1,pooled,424.86998582491793,51
Маркетплейсы,24,1,shrink_100,415.1865800162606,51
Маркетплейсы,24,3,pooled,832.8440319483286,51
Маркетплейсы,24,3,shrink_100,799.5875704467087,51
Маркетплейсы,24,6,pooled,1398.6874432001741,51
Маркетплейсы,24,6,shrink_100,1395.6052385027733,51
Маркетплейсы,25,1,pooled,223.05564810137568,33
Маркетплейсы,25,1,shrink_100,228.3141393188197,33
Маркетплейсы,25,3,pooled,398.4807639193127,33
Маркетплейсы,25,3,shrink_100,402.0753602532938,33
Маркетплейсы,25,6,pooled,703.2377600700953,33
Маркетплейсы,25,6,shrink_100,761.7635631931151,33
Маркетплейсы,26,1,pooled,413.36797681671703,33
Маркетплейсы,26,1,shrink_100,419.04488464214757,33
Маркетплейсы,26,3,pooled,644.9192049926393,33
Маркетплейсы,26,3,shrink_100,698.0846336514245,33
Маркетплейсы,26,6,pooled,833.2205012500248,33
Маркетплейсы,26,6,shrink_100,1019.6804249776227,33
Маркетплейсы,27,1,pooled,321.6807154769121,16
Маркетплейсы,27,1,shrink_100,328.6685448017345,16
Маркетплейсы,27,3,pooled,489.18942405385434,16
Маркетплейсы,27,3,shrink_100,500.9250755465163,16
Маркетплейсы,27,6,pooled,802.5487399214524,16
Маркетплейсы,27,6,shrink_100,830.7447187274627,16
Маркетплейсы,28,1,pooled,257.3296845637379,19
Маркетплейсы,28,1,shrink_100,266.9150707572147,19
Маркетплейсы,28,3,pooled,483.46300661004744,19
Маркетплейсы,28,3,shrink_100,508.8466925755636,19
Маркетплейсы,28,6,pooled,994.0406774981325,19
Маркетплейсы,28,6,shrink_100,1074.4117302680195,19
Маркетплейсы,29,1,pooled,416.7964121171836,22
Маркетплейсы,29,1,shrink_100,416.2846612835735,22
Маркетплейсы,29,3,pooled,844.4663257878042,22
Маркетплейсы,29,3,shrink_100,795.1226933112904,22
Маркетплейсы,29,6,pooled,1661.3097896132101,22
Маркетплейсы,29,6,shrink_100,1494.8784780527606,22
Маркетплейсы,30,1,pooled,370.41880793792274,11
Маркетплейсы,30,1,shrink_100,364.4318125548342,11
Маркетплейсы,30,3,pooled,577.6546824640772,11
Маркетплейсы,30,3,shrink_100,578.2171347918121,11
Маркетплейсы,30,6,pooled,709.282602368082,11
Маркетплейсы,30,6,shrink_100,732.978454170003,11
Маркетплейсы,33,1,pooled,399.398827092463,18
Маркетплейсы,33,1,shrink_100,393.62613382431005,18
Маркетплейсы,33,3,pooled,727.5262395519926,18
Маркетплейсы,33,3,shrink_100,714.1437435330987,18
Маркетплейсы,33,6,pooled,1152.3269793819568,18
Маркетплейсы,33,6,shrink_100,1122.514130204491,18
Маркетплейсы,34,1,pooled,422.6586385821271,35
Маркетплейсы,34,1,shrink_100,408.7108528433857,35
Маркетплейсы,34,3,pooled,582.7154617471152,35
Маркетплейсы,34,3,shrink_100,591.1841135266128,35
Маркетплейсы,34,6,pooled,784.4221637152564,35
Маркетплейсы,34,6,shrink_100,901.5088749675638,35
Маркетплейсы,35,1,pooled,393.56675877545416,25
Маркетплейсы,35,1,shrink_100,392.6446728393475,25
Маркетплейсы,35,3,pooled,638.3107241917162,25
Маркетплейсы,35,3,shrink_100,604.1665568319971,25
Маркетплейсы,35,6,pooled,980.5555993016212,25
Маркетплейсы,35,6,shrink_100,865.2937312885639,25
Маркетплейсы,37,1,pooled,426.13166926108954,26
Маркетплейсы,37,1,shrink_100,428.8553598485331,26
Маркетплейсы,37,3,pooled,736.8489355926296,26
Маркетплейсы,37,3,shrink_100,732.5397435475186,26
Маркетплейсы,37,6,pooled,1036.9653954727903,26
Маркетплейсы,37,6,shrink_100,1053.3767063509908,26
Маркетплейсы,38,1,pooled,473.4108434429819,39
Маркетплейсы,38,1,shrink_100,466.80881843744135,39
Маркетплейсы,38,3,pooled,925.1839434035539,39
Маркетплейсы,38,3,shrink_100,934.8495601783227,39
Маркетплейсы,38,6,pooled,1631.6719559965697,39
Маркетплейсы,38,6,shrink_100,1696.979866145253,39
Маркетплейсы,39,1,pooled,226.27791620260703,19
Маркетплейсы,39,1,shrink_100,236.26581034494095,19
Маркетплейсы,39,3,pooled,293.13760665110124,19
Маркетплейсы,39,3,shrink_100,298.4746745298267,19
Маркетплейсы,39,6,pooled,473.5484470957231,19
Маркетплейсы,39,6,shrink_100,472.32325861351524,19
Маркетплейсы,40,1,pooled,420.5836754574275,25
Маркетплейсы,40,1,shrink_100,398.17498521323944,25
Маркетплейсы,40,3,pooled,845.4849199442679,25
Маркетплейсы,40,3,shrink_100,809.5382961810024,25
Маркетплейсы,40,6,pooled,1446.1087832425217,25
Маркетплейсы,40,6,shrink_100,1404.7511752258652,25
Маркетплейсы,41,1,pooled,555.3970416191894,9
Маркетплейсы,41,1,shrink_100,555.3970416191894,9
Маркетплейсы,41,3,pooled,1106.5522905961564,9
Маркетплейсы,41,3,shrink_100,1106.5522905961564,9
Маркетплейсы,41,6,pooled,1691.9260953665823,9
Маркетплейсы,41,6,shrink_100,1691.9260953665823,9
Маркетплейсы,42,1,pooled,353.40259911475545,30
Маркетплейсы,42,1,shrink_100,348.55323021741293,30
Маркетплейсы,42,3,pooled,700.097463736894,30
Маркетплейсы,42,3,shrink_100,687.368757224593,30
Маркетплейсы,42,6,pooled,1182.6361716728268,30
Маркетплейсы,42,6,shrink_100,1194.0207525699232,30
Маркетплейсы,43,1,pooled,285.7443281060045,43
Маркетплейсы,43,1,shrink_100,286.8055191010354,43
Маркетплейсы,43,3,pooled,529.4748647495724,43
Маркетплейсы,43,3,shrink_100,536.7656060472481,43
Маркетплейсы,43,6,pooled,901.2580437483709,43
Маркетплейсы,43,6,shrink_100,915.6510688268754,43
Маркетплейсы,44,1,pooled,395.8705026536147,28
Маркетплейсы,44,1,shrink_100,389.1575813528318,28
Маркетплейсы,44,3,pooled,769.9474702621227,28
Маркетплейсы,44,3,shrink_100,770.701980031583,28
Маркетплейсы,44,6,pooled,1258.2680869118674,28
Маркетплейсы,44,6,shrink_100,1274.9846857235336,28
Маркетплейсы,45,1,pooled,380.24621173427147,24
Маркетплейсы,45,1,shrink_100,368.5950637376856,24
Маркетплейсы,45,3,pooled,481.064901734118,24
Маркетплейсы,45,3,shrink_100,473.4635290232681,24
Маркетплейсы,45,6,pooled,538.485093455155,24
Маркетплейсы,45,6,shrink_100,549.1186994564049,24
Маркетплейсы,47,1,pooled,466.5274013323855,18
Маркетплейсы,47,1,shrink_100,455.9758252232474,18
Маркетплейсы,47,3,pooled,917.5397931356557,18
Маркетплейсы,47,3,shrink_100,889.5137053372599,18
Маркетплейсы,47,6,pooled,1588.1808737510282,18
Маркетплейсы,47,6,shrink_100,1490.2094697932278,18
Маркетплейсы,48,1,pooled,382.4214678919234,18
Маркетплейсы,48,1,shrink_100,381.8259214217426,18
Маркетплейсы,48,3,pooled,661.4657836193065,18
Маркетплейсы,48,3,shrink_100,647.9584286474151,18
Маркетплейсы,48,6,pooled,1029.523248282395,18
Маркетплейсы,48,6,shrink_100,1027.6515389683311,18
Маркетплейсы,49,1,pooled,533.1278050723885,3
Маркетплейсы,49,1,shrink_100,533.1278050723885,3
Маркетплейсы,49,3,pooled,1063.222637708706,3
Маркетплейсы,49,3,shrink_100,1063.222637708706,3
Маркетплейсы,49,6,pooled,2449.251204022023,3
Маркетплейсы,49,6,shrink_100,2449.251204022023,3
Маркетплейсы,50,1,pooled,498.48254294277433,52
Маркетплейсы,50,1,shrink_100,477.82640690242596,52
Маркетплейсы,50,3,pooled,960.2878079599678,52
Маркетплейсы,50,3,shrink_100,969.218698538093,52
Маркетплейсы,50,6,pooled,1957.390044949065,52
Маркетплейсы,50,6,shrink_100,1882.6916333983634,52
Маркетплейсы,51,1,pooled,664.426424357112,12
Маркетплейсы,51,1,shrink_100,645.3222755545952,12
Маркетплейсы,51,3,pooled,1240.8174192271108,12
Маркетплейсы,51,3,shrink_100,1169.5616252435454,12
Маркетплейсы,51,6,pooled,2885.6879390874724,12
Маркетплейсы,51,6,shrink_100,2619.927079221041,12
Маркетплейсы,52,1,pooled,361.19368965826874,50
Маркетплейсы,52,1,shrink_100,355.9063310279701,50
Маркетплейсы,52,3,pooled,770.2656419823788,50
Маркетплейсы,52,3,shrink_100,726.2730528896808,50
Маркетплейсы,52,6,pooled,1387.364990716712,50
Маркетплейсы,52,6,shrink_100,1353.9242896451685,50
Маркетплейсы,53,1,pooled,423.6600332916208,21
Маркетплейсы,53,1,shrink_100,412.70738533136154,21
Маркетплейсы,53,3,pooled,753.1033104130472,21
Маркетплейсы,53,3,shrink_100,706.3171545141843,21
Маркетплейсы,53,6,pooled,1130.7218250723367,21
Маркетплейсы,53,6,shrink_100,1031.383965255851,21
Маркетплейсы,54,1,pooled,354.0797455429597,35
Маркетплейсы,54,1,shrink_100,350.8116365538518,35
Маркетплейсы,54,3,pooled,623.2848524677228,35
Маркетплейсы,54,3,shrink_100,640.7788923872608,35
Маркетплейсы,54,6,pooled,1058.3682434865757,35
Маркетплейсы,54,6,shrink_100,1124.98949401792,35
Маркетплейсы,55,1,pooled,305.9921464778305,33
Маркетплейсы,55,1,shrink_100,297.94536903089033,33
Маркетплейсы,55,3,pooled,527.4264585309737,33
Маркетплейсы,55,3,shrink_100,565.8292006185058,33
Маркетплейсы,55,6,pooled,789.1502992205986,33
Маркетплейсы,55,6,shrink_100,976.8789197149956,33
Маркетплейсы,56,1,pooled,362.842614494028,39
Маркетплейсы,56,1,shrink_100,354.153890110466,39
Маркетплейсы,56,3,pooled,594.612727567852,39
Маркетплейсы,56,3,shrink_100,611.9916791863759,39
Маркетплейсы,56,6,pooled,910.3979330197905,39
Маркетплейсы,56,6,shrink_100,1062.955534461415,39
Маркетплейсы,57,1,pooled,490.0867777141829,21
Маркетплейсы,57,1,shrink_100,493.0540298587645,21
Маркетплейсы,57,3,pooled,703.1682255531842,21
Маркетплейсы,57,3,shrink_100,683.515735818207,21
Маркетплейсы,57,6,pooled,1053.3253713339855,21
Маркетплейсы,57,6,shrink_100,1009.4798105987152,21
Маркетплейсы,58,1,pooled,393.7920106221626,25
Маркетплейсы,58,1,shrink_100,400.33512295897356,25
Маркетплейсы,58,3,pooled,819.4427403390422,25
Маркетплейсы,58,3,shrink_100,818.5606934759184,25
Маркетплейсы,58,6,pooled,1557.2502201686002,25
Маркетплейсы,58,6,shrink_100,1563.8040969784745,25
Маркетплейсы,59,1,pooled,334.74960886722596,42
Маркетплейсы,59,1,shrink_100,324.15591047481973,42
Маркетплейсы,59,3,pooled,564.1863220221151,42
Маркетплейсы,59,3,shrink_100,575.8614104621424,42
Маркетплейсы,59,6,pooled,776.3882693186296,42
Маркетплейсы,59,6,shrink_100,828.0706378656681,42
Маркетплейсы,60,1,pooled,424.25907446072006,22
Маркетплейсы,60,1,shrink_100,414.5991657183075,22
Маркетплейсы,60,3,pooled,825.2435931151776,22
Маркетплейсы,60,3,shrink_100,764.7349435066321,22
Маркетплейсы,60,6,pooled,1116.0557024323773,22
Маркетплейсы,60,6,shrink_100,1002.5954097723178,22
Маркетплейсы,62,1,pooled,442.7122084294926,26
Маркетплейсы,62,1,shrink_100,439.04873625745637,26
Маркетплейсы,62,3,pooled,811.7511238296149,26
Маркетплейсы,62,3,shrink_100,745.1954886849593,26
Маркетплейсы,62,6,pooled,1303.8950294127571,26
Маркетплейсы,62,6,shrink_100,1130.7274109454092,26
Маркетплейсы,63,1,pooled,401.75206852956796,36
Маркетплейсы,63,1,shrink_100,388.2022716630261,36
Маркетплейсы,63,3,pooled,678.9122744236596,36
Маркетплейсы,63,3,shrink_100,659.9413832950568,36
Маркетплейсы,63,6,pooled,874.3152525847426,36
Маркетплейсы,63,6,shrink_100,888.4254719840834,36
Маркетплейсы,64,1,pooled,382.5822470832294,39
Маркетплейсы,64,1,shrink_100,370.63291640299894,39
Маркетплейсы,64,3,pooled,615.4715288031032,39
Маркетплейсы,64,3,shrink_100,609.6705055137611,39
Маркетплейсы,64,6,pooled,946.4200718919121,39
Маркетплейсы,64,6,shrink_100,1021.6486768252115,39
Маркетплейсы,65,1,pooled,316.30244175943,16
Маркетплейсы,65,1,shrink_100,310.50501991340417,16
Маркетплейсы,65,3,pooled,766.0874025331251,16
Маркетплейсы,65,3,shrink_100,721.6861711867356,16
Маркетплейсы,65,6,pooled,1797.8295464387515,16
Маркетплейсы,65,6,shrink_100,1644.8785638722063,16
Маркетплейсы,66,1,pooled,382.4903070853566,64
Маркетплейсы,66,1,shrink_100,386.0672724112881,64
Маркетплейсы,66,3,pooled,708.4987892901614,64
Маркетплейсы,66,3,shrink_100,722.6528147034097,64
Маркетплейсы,66,6,pooled,1149.4351909427412,64
Маркетплейсы,66,6,shrink_100,1125.221188226616,64
Маркетплейсы,67,1,pooled,424.59213313835664,27
Маркетплейсы,67,1,shrink_100,420.1647486105429,27
Маркетплейсы,67,3,pooled,658.098374095957,27
Маркетплейсы,67,3,shrink_100,638.7407607532011,27
Маркетплейсы,67,6,pooled,940.051152668214,27
Маркетплейсы,67,6,shrink_100,905.8172006464503,27
Маркетплейсы,68,1,pooled,446.1502998491128,24
Маркетплейсы,68,1,shrink_100,443.06612653013116,24
Маркетплейсы,68,3,pooled,656.2671825631904,24
Маркетплейсы,68,3,shrink_100,635.7933093952519,24
Маркетплейсы,68,6,pooled,1112.5184118152915,24
Маркетплейсы,68,6,shrink_100,1087.076960340208,24
Маркетплейсы,69,1,pooled,469.1404227754976,37
Маркетплейсы,69,1,shrink_100,434.3362237294751,37
Маркетплейсы,69,3,pooled,910.020886373361,37
Маркетплейсы,69,3,shrink_100,786.8444441220479,37
Маркетплейсы,69,6,pooled,1386.2585451160087,37
Маркетплейсы,69,6,shrink_100,1181.8728410764547,37
Маркетплейсы,70,1,pooled,477.70540653296024,19
Маркетплейсы,70,1,shrink_100,459.2776274093336,19
Маркетплейсы,70,3,pooled,705.517156233231,19
Маркетплейсы,70,3,shrink_100,668.9527342626889,19
Маркетплейсы,70,6,pooled,906.2073722305113,19
Маркетплейсы,70,6,shrink_100,865.1489703100727,19
Маркетплейсы,71,1,pooled,386.96004601666004,24
Маркетплейсы,71,1,shrink_100,382.3627314570973,24
Маркетплейсы,71,3,pooled,781.4106645079528,24
Маркетплейсы,71,3,shrink_100,763.0304743223516,24
Маркетплейсы,71,6,pooled,1504.5649781598124,24
Маркетплейсы,71,6,shrink_100,1408.9063336687466,24
Маркетплейсы,72,1,pooled,468.91117685933125,24
Маркетплейсы,72,1,shrink_100,449.09714886519373,24
Маркетплейсы,72,3,pooled,759.8850749030458,24
Маркетплейсы,72,3,shrink_100,747.5474860065025,24
Маркетплейсы,72,6,pooled,1193.4988943714777,24
Маркетплейсы,72,6,shrink_100,1197.8549472670522,24
Маркетплейсы,73,1,pooled,326.1953327823169,21
Маркетплейсы,73,1,shrink_100,326.8788036821763,21
Маркетплейсы,73,3,pooled,606.4008014785525,21
Маркетплейсы,73,3,shrink_100,602.0975592848303,21
Маркетплейсы,73,6,pooled,973.422265144147,21
Маркетплейсы,73,6,shrink_100,970.3302604199095,21
Маркетплейсы,74,1,pooled,361.8994338739607,37
Маркетплейсы,74,1,shrink_100,349.6227394330426,37
Маркетплейсы,74,3,pooled,636.1118999332775,37
Маркетплейсы,74,3,shrink_100,670.1096191506809,37
Маркетплейсы,74,6,pooled,1008.6944391243221,37
Маркетплейсы,74,6,shrink_100,1085.7016153148156,37
Маркетплейсы,75,1,pooled,342.49334132134817,28
Маркетплейсы,75,1,shrink_100,343.5611586225302,28
Маркетплейсы,75,3,pooled,498.2134557530961,28
Маркетплейсы,75,3,shrink_100,490.5467356602122,28
Маркетплейсы,75,6,pooled,702.1052673309092,28
Маркетплейсы,75,6,shrink_100,754.8750979960826,28
Маркетплейсы,76,1,pooled,360.36867410672176,19
Маркетплейсы,76,1,shrink_100,359.3045493274895,19
Маркетплейсы,76,3,pooled,629.8212042214825,19
Маркетплейсы,76,3,shrink_100,606.5577736530494,19
Маркетплейсы,76,6,pooled,908.3287720250233,19
Маркетплейсы,76,6,shrink_100,852.0945668992053,19
Маркетплейсы,77,1,pooled,476.5296471503186,144
Маркетплейсы,77,1,shrink_100,504.8057628493801,144
Маркетплейсы,77,3,pooled,793.1659322858073,144
Маркетплейсы,77,3,shrink_100,1000.3686582685326,144
Маркетплейсы,77,6,pooled,1723.0439123284882,144
Маркетплейсы,77,6,shrink_100,1951.757166855152,144
Маркетплейсы,78,1,pooled,379.34827132507564,98
Маркетплейсы,78,1,shrink_100,431.36831745854084,98
Маркетплейсы,78,3,pooled,686.1952691015042,98
Маркетплейсы,78,3,shrink_100,858.7317097528206,98
Маркетплейсы,78,6,pooled,1262.2594092329161,98
Маркетплейсы,78,6,shrink_100,1462.6593506501417,98
Маркетплейсы,79,1,pooled,344.14522202226686,6
Маркетплейсы,79,1,shrink_100,344.14522202226686,6
Маркетплейсы,79,3,pooled,430.23068048165493,6
Маркетплейсы,79,3,shrink_100,430.23068048165493,6
Маркетплейсы,79,6,pooled,967.320303968922,6
Маркетплейсы,79,6,shrink_100,967.320303968922,6
Маркетплейсы,83,1,pooled,310.3158452330867,2
Маркетплейсы,83,1,shrink_100,310.3158452330867,2
Маркетплейсы,83,3,pooled,909.8567366487332,2
Маркетплейсы,83,3,shrink_100,909.8567366487332,2
Маркетплейсы,83,6,pooled,1188.9057806990086,2
Маркетплейсы,83,6,shrink_100,1188.9057806990086,2
Маркетплейсы,86,1,pooled,539.3496435105709,22
Маркетплейсы,86,1,shrink_100,510.8162592525259,22
Маркетплейсы,86,3,pooled,1086.96524803745,22
Маркетплейсы,86,3,shrink_100,1028.0176949615618,22
Маркетплейсы,86,6,pooled,2036.5912164798474,22
Маркетплейсы,86,6,shrink_100,1885.1327684574542,22
Маркетплейсы,87,1,pooled,1222.5157563608227,4
Маркетплейсы,87,1,shrink_100,1222.5157563608227,4
Маркетплейсы,87,3,pooled,3703.481098258884,4
Маркетплейсы,87,3,shrink_100,3703.481098258884,4
Маркетплейсы,87,6,pooled,6487.401177041086,4
Маркетплейсы,87,6,shrink_100,6487.401177041086,4
Маркетплейсы,89,1,pooled,710.7804918034133,13
Маркетплейсы,89,1,shrink_100,703.505206970688,13
Маркетплейсы,89,3,pooled,1587.674960214346,13
Маркетплейсы,89,3,shrink_100,1444.3286729819952,13
Маркетплейсы,89,6,pooled,2700.6673891032965,13
Маркетплейсы,89,6,shrink_100,2394.6458684756903,13
Общественное питание,1,1,pooled,62.81263144072474,9
Общественное питание,1,1,shrink_100,62.81263144072474,9
Общественное питание,1,3,pooled,77.85112163791955,9
Общественное питание,1,3,shrink_100,77.85112163791955,9
Общественное питание,1,6,pooled,81.20400331290635,9
Общественное питание,1,6,shrink_100,81.20400331290635,9
Общественное питание,2,1,pooled,53.40301362979266,61
Общественное питание,2,1,shrink_100,51.27844399561609,61
Общественное питание,2,3,pooled,70.53821005286038,61
Общественное питание,2,3,shrink_100,66.98201308861212,61
Общественное питание,2,6,pooled,72.56613602104895,61
Общественное питание,2,6,shrink_100,73.7369157163441,61
Общественное питание,4,1,pooled,73.96257955064982,11
Общественное питание,4,1,shrink_100,72.66372083967404,11
Общественное питание,4,3,pooled,91.61454657796247,11
Общественное питание,4,3,shrink_100,90.79454011177039,11
Общественное питание,4,6,pooled,139.63562150070882,11
Общественное питание,4,6,shrink_100,138.5249549736453,11
Общественное питание,7,1,pooled,54.53931813403571,4
Общественное питание,7,1,shrink_100,54.53931813403571,4
Общественное питание,7,3,pooled,79.84726831736225,4
Общественное питание,7,3,shrink_100,79.84726831736225,4
Общественное питание,7,6,pooled,136.5617196645113,4
Общественное питание,7,6,shrink_100,136.5617196645113,4
Общественное питание,8,1,pooled,72.89493437293913,5
Общественное питание,8,1,shrink_100,72.89493437293913,5
Общественное питание,8,3,pooled,136.06935304791557,5
Общественное питание,8,3,shrink_100,136.06935304791557,5
Общественное питание,8,6,pooled,188.67490765038053,5
Общественное питание,8,6,shrink_100,188.67490765038053,5
Общественное питание,9,1,pooled,74.08663284221468,8
Общественное питание,9,1,shrink_100,74.08663284221468,8
Общественное питание,9,3,pooled,87.55427026846463,8
Общественное питание,9,3,shrink_100,87.55427026846463,8
Общественное питание,9,6,pooled,135.9593699265805,8
Общественное питание,9,6,shrink_100,135.9593699265805,8
Общественное питание,10,1,pooled,76.40839861672966,18
Общественное питание,10,1,shrink_100,75.41142493464088,18
Общественное питание,10,3,pooled,136.68891012658761,18
Общественное питание,10,3,shrink_100,132.99922031632096,18
Общественное питание,10,6,pooled,222.74415549416383,18
Общественное питание,10,6,shrink_100,210.21478357722526,18
Общественное питание,11,1,pooled,65.25607788621231,20
Общественное питание,11,1,shrink_100,61.68477664333774,20
Общественное питание,11,3,pooled,143.86314382235034,20
Общественное питание,11,3,shrink_100,126.40563844764742,20
Общественное питание,11,6,pooled,192.2648298885152,20
Общественное питание,11,6,shrink_100,169.75852364043334,20
Общественное питание,12,1,pooled,47.701896196496506,17
Общественное питание,12,1,shrink_100,47.38527743163136,17
Общественное питание,12,3,pooled,61.62113242123296,17
Общественное питание,12,3,shrink_100,61.70271820473974,17
Общественное питание,12,6,pooled,89.3797498584324,17
Общественное питание,12,6,shrink_100,88.4254889770905,17
Общественное питание,13,1,pooled,41.65635375749543,20
Общественное питание,13,1,shrink_100,42.17585202232125,20
Общественное питание,13,3,pooled,47.98921190339849,20
Общественное питание,13,3,shrink_100,48.312656923108435,20
Общественное питание,13,6,pooled,57.260912565061666,20
Общественное питание,13,6,shrink_100,56.99641838772766,20
Общественное питание,14,1,pooled,281.39356088608827,29
Общественное питание,14,1,shrink_100,250.08012576841867,29
Общественное питание,14,3,pooled,477.7216735337175,29
Общественное питание,14,3,shrink_100,399.3183370087849,29
Общественное питание,14,6,pooled,332.5766920296626,29
Общественное питание,14,6,shrink_100,308.6842995436825,29
Общественное питание,15,1,pooled,99.59470548708462,7
Общественное питание,15,1,shrink_100,99.59470548708462,7
Общественное питание,15,3,pooled,113.66878743364529,7
Общественное питание,15,3,shrink_100,113.66878743364529,7
Общественное питание,15,6,pooled,155.15733176466952,7
Общественное питание,15,6,shrink_100,155.15733176466952,7
Общественное питание,16,1,pooled,51.80017520759919,43
Общественное питание,16,1,shrink_100,51.570971271547016,43
Общественное питание,16,3,pooled,74.22128415992756,43
Общественное питание,16,3,shrink_100,73.45545671625035,43
Общественное питание,16,6,pooled,105.36473237172949,43
Общественное питание,16,6,shrink_100,99.69108772665861,43
Общественное питание,17,1,pooled,119.98082778840599,10
Общественное питание,17,1,shrink_100,117.97432304334613,10
Общественное питание,17,3,pooled,143.01225330136498,10
Общественное питание,17,3,shrink_100,141.17823450245348,10
Общественное питание,17,6,pooled,210.18002733011062,10
Общественное питание,17,6,shrink_100,210.70241064156122,10
Общественное питание,18,1,pooled,48.77029159116245,27
Общественное питание,18,1,shrink_100,45.52260653187888,27
Общественное питание,18,3,pooled,69.54986518931224,27
Общественное питание,18,3,shrink_100,64.21646620708024,27
Общественное питание,18,6,pooled,77.37159207927336,27
Общественное питание,18,6,shrink_100,77.2929042948829,27
Общественное питание,19,1,pooled,50.78276873831114,12
Общественное питание,19,1,shrink_100,50.423353210921825,12
Общественное питание,19,3,pooled,69.62445148930487,12
Общественное питание,19,3,shrink_100,69.20231412332437,12
Общественное питание,19,6,pooled,73.80478753853883,12
Общественное питание,19,6,shrink_100,75.31315149980426,12
Общественное питание,21,1,pooled,51.78316870934522,23
Общественное питание,21,1,shrink_100,51.21442790494322,23
Общественное питание,21,3,pooled,54.732401341831874,23
Общественное питание,21,3,shrink_100,54.336813501017915,23
Общественное питание,21,6,pooled,53.067395960930824,23
Общественное питание,21,6,shrink_100,52.30349639663359,23
Общественное питание,22,1,pooled,47.480420411308586,65
Общественное питание,22,1,shrink_100,46.80114109827884,65
Общественное питание,22,3,pooled,68.37005098019574,65
Общественное питание,22,3,shrink_100,67.61921700480873,65
Общественное питание,22,6,pooled,87.69529488104232,65
Общественное питание,22,6,shrink_100,92.23136822291583,65
Общественное питание,24,1,pooled,69.81522521798975,51
Общественное питание,24,1,shrink_100,65.08097688769882,51
Общественное питание,24,3,pooled,108.0870654624853,51
Общественное питание,24,3,shrink_100,105.63031330107432,51
Общественное питание,24,6,pooled,108.30739052747182,51
Общественное питание,24,6,shrink_100,100.21485920927823,51
Общественное питание,25,1,pooled,61.48301833931231,33
Общественное питание,25,1,shrink_100,62.32079866525061,33
Общественное питание,25,3,pooled,85.6961102512726,33
Общественное питание,25,3,shrink_100,86.66482802244768,33
Общественное питание,25,6,pooled,132.44924252883567,33
Общественное питание,25,6,shrink_100,133.5148287630366,33
Общественное питание,26,1,pooled,50.81762089381532,33
Общественное питание,26,1,shrink_100,48.82649810581068,33
Общественное питание,26,3,pooled,67.94948330522288,33
Общественное питание,26,3,shrink_100,70.21368578026564,33
Общественное питание,26,6,pooled,93.8795730944316,33
Общественное питание,26,6,shrink_100,104.00008174910407,33
Общественное питание,27,1,pooled,115.94971395004849,16
Общественное питание,27,1,shrink_100,109.01334735186212,16
Общественное питание,27,3,pooled,125.42905307906915,16
Общественное питание,27,3,shrink_100,121.7671244231681,16
Общественное питание,27,6,pooled,209.49876947862734,16
Общественное питание,27,6,shrink_100,203.67339529908955,16
Общественное питание,28,1,pooled,79.39355377412232,19
Общественное питание,28,1,shrink_100,77.78136221972845,19
Общественное питание,28,3,pooled,102.20490401840239,19
Общественное питание,28,3,shrink_100,97.98080659071333,19
Общественное питание,28,6,pooled,139.54314809386497,19
Общественное питание,28,6,shrink_100,138.87517725812344,19
Общественное питание,29,1,pooled,69.1646912224649,22
Общественное питание,29,1,shrink_100,68.96842886080292,22
Общественное питание,29,3,pooled,114.64843920744335,22
Общественное питание,29,3,shrink_100,110.81110002442993,22
Общественное питание,29,6,pooled,160.75354944934455,22
Общественное питание,29,6,shrink_100,154.99357541697765,22
Общественное питание,30,1,pooled,52.803185112197866,11
Общественное питание,30,1,shrink_100,53.93581162762468,11
Общественное питание,30,3,pooled,64.32932984369162,11
Общественное питание,30,3,shrink_100,64.58529819918486,11
Общественное питание,30,6,pooled,107.55711368879489,11
Общественное питание,30,6,shrink_100,107.53016012675378,11
Общественное питание,33,1,pooled,45.01586393643792,18
Общественное питание,33,1,shrink_100,45.63736716848211,18
Общественное питание,33,3,pooled,69.05745356833216,18
Общественное питание,33,3,shrink_100,67.82025073858848,18
Общественное питание,33,6,pooled,56.53417121978655,18
Общественное питание,33,6,shrink_100,59.17244876548702,18
Общественное питание,34,1,pooled,41.889808439060445,35
Общественное питание,34,1,shrink_100,41.738743263331195,35
Общественное питание,34,3,pooled,63.640409205499274,35
Общественное питание,34,3,shrink_100,63.85860711198851,35
Общественное питание,34,6,pooled,83.90972063674614,35
Общественное питание,34,6,shrink_100,84.95312902972434,35
Общественное питание,35,1,pooled,74.95703033656406,25
Общественное питание,35,1,shrink_100,74.3915617337465,25
Общественное питание,35,3,pooled,115.23505422699216,25
Общественное питание,35,3,shrink_100,112.94128885211049,25
Общественное питание,35,6,pooled,188.9847377325486,25
Общественное питание,35,6,shrink_100,183.7660576616428,25
Общественное питание,37,1,pooled,46.20655875882712,26
Общественное питание,37,1,shrink_100,46.043952689789165,26
Общественное питание,37,3,pooled,58.85881984853957,26
Общественное питание,37,3,shrink_100,57.382627739217064,26
Общественное питание,37,6,pooled,90.17424687536332,26
Общественное питание,37,6,shrink_100,85.16818003323623,26
Общественное питание,38,1,pooled,70.25530874141542,39
Общественное питание,38,1,shrink_100,66.50956018326382,39
Общественное питание,38,3,pooled,92.19867408810471,39
Общественное питание,38,3,shrink_100,85.80494390410703,39
Общественное питание,38,6,pooled,81.97037244820332,39
Общественное питание,38,6,shrink_100,73.61844066130301,39
Общественное питание,39,1,pooled,75.08790931842069,19
Общественное питание,39,1,shrink_100,78.46823294666049,19
Общественное питание,39,3,pooled,89.62974994451591,19
Общественное питание,39,3,shrink_100,93.8181722608305,19
Общественное питание,39,6,pooled,146.2677129931172,19
Общественное питание,39,6,shrink_100,162.79798210919634,19
Общественное питание,40,1,pooled,57.143202613937284,25
Общественное питание,40,1,shrink_100,56.93974033439835,25
Общественное питание,40,3,pooled,80.4670940743728,25
Общественное питание,40,3,shrink_100,79.53100795383865,25
Общественное питание,40,6,pooled,74.78854535736693,25
Общественное питание,40,6,shrink_100,70.34111333956835,25
Общественное питание,41,1,pooled,259.9746946587836,9
Общественное питание,41,1,shrink_100,259.9746946587836,9
Общественное питание,41,3,pooled,459.6901644076314,9
Общественное питание,41,3,shrink_100,459.6901644076314,9
Общественное питание,41,6,pooled,362.5156639829168,9
Общественное питание,41,6,shrink_100,362.5156639829168,9
Общественное питание,42,1,pooled,58.66211615047429,30
Общественное питание,42,1,shrink_100,54.58178100374024,30
Общественное питание,42,3,pooled,88.47980996483422,30
Общественное питание,42,3,shrink_100,86.98499888405371,30
Общественное питание,42,6,pooled,113.93916961968253,30
Общественное питание,42,6,shrink_100,109.71667203489922,30
Общественное питание,43,1,pooled,38.788309671274085,43
Общественное питание,43,1,shrink_100,38.49305283133092,43
Общественное питание,43,3,pooled,52.2219938607978,43
Общественное питание,43,3,shrink_100,48.85577774937378,43
Общественное питание,43,6,pooled,84.87562279784805,43
Общественное питание,43,6,shrink_100,73.16345026603857,43
Общественное питание,44,1,pooled,46.86409574575767,28
Общественное питание,44,1,shrink_100,46.129552561350565,28
Общественное питание,44,3,pooled,55.58030159599752,28
Общественное питание,44,3,shrink_100,51.783851602873916,28
Общественное питание,44,6,pooled,77.15496770293825,28
Общественное питание,44,6,shrink_100,69.24766390045524,28
Общественное питание,45,1,pooled,37.29420965953067,24
Общественное питание,45,1,shrink_100,36.69442855497752,24
Общественное питание,45,3,pooled,46.181824442410054,24
Общественное питание,45,3,shrink_100,44.780010458447975,24
Общественное питание,45,6,pooled,58.59300122327837,24
Общественное питание,45,6,shrink_100,54.10286262508428,24
Общественное питание,47,1,pooled,63.418619391607685,18
Общественное питание,47,1,shrink_100,62.634900570481676,18
Общественное питание,47,3,pooled,96.5793509166483,18
Общественное питание,47,3,shrink_100,95.38800629007177,18
Общественное питание,47,6,pooled,100.91672411700759,18
Общественное питание,47,6,shrink_100,105.25343211829214,18
Общественное питание,48,1,pooled,45.23866435560165,18
Общественное питание,48,1,shrink_100,45.31157842662068,18
Общественное питание,48,3,pooled,65.72333478966245,18
Общественное питание,48,3,shrink_100,63.84734996343147,18
Общественное питание,48,6,pooled,91.58185578751873,18
Общественное питание,48,6,shrink_100,85.98528950961853,18
Общественное питание,49,1,pooled,217.2198423477588,3
Общественное питание,49,1,shrink_100,217.2198423477588,3
Общественное питание,49,3,pooled,204.1024007440943,3
Общественное питание,49,3,shrink_100,204.1024007440943,3
Общественное питание,49,6,pooled,143.3267336447271,3
Общественное питание,49,6,shrink_100,143.3267336447271,3
Общественное питание,50,1,pooled,64.96352460090594,52
Общественное питание,50,1,shrink_100,67.47111789760756,52
Общественное питание,50,3,pooled,97.64665720052186,52
Общественное питание,50,3,shrink_100,97.61186495589723,52
Общественное питание,50,6,pooled,79.7112692227603,52
Общественное питание,50,6,shrink_100,100.11824535308732,52
Общественное питание,51,1,pooled,101.83389983226996,12
Общественное питание,51,1,shrink_100,98.72166426596306,12
Общественное питание,51,3,pooled,207.2186867408998,12
Общественное питание,51,3,shrink_100,189.84046583611698,12
Общественное питание,51,6,pooled,338.4312989229713,12
Общественное питание,51,6,shrink_100,312.7943823281918,12
Общественное питание,52,1,pooled,39.700612747191094,50
Общественное питание,52,1,shrink_100,39.30473900221242,50
Общественное питание,52,3,pooled,54.4908811444648,50
Общественное питание,52,3,shrink_100,55.28565708424192,50
Общественное питание,52,6,pooled,70.56590277534131,50
Общественное питание,52,6,shrink_100,69.86667905680086,50
Общественное питание,53,1,pooled,49.53631085810258,21
Общественное питание,53,1,shrink_100,50.78887543220982,21
Общественное питание,53,3,pooled,69.31134309666665,21
Общественное питание,53,3,shrink_100,69.32398996309563,21
Общественное питание,53,6,pooled,83.33387597352859,21
Общественное питание,53,6,shrink_100,81.08894584628698,21
Общественное питание,54,1,pooled,57.56860228979213,35
Общественное питание,54,1,shrink_100,55.849087749853595,35
Общественное питание,54,3,pooled,83.11330366157117,35
Общественное питание,54,3,shrink_100,82.72786080747464,35
Общественное питание,54,6,pooled,79.37664270817663,35
Общественное питание,54,6,shrink_100,87.47190981119176,35
Общественное питание,55,1,pooled,43.63888848678806,33
Общественное питание,55,1,shrink_100,42.36222304847961,33
Общественное питание,55,3,pooled,51.08604654529461,33
Общественное питание,55,3,shrink_100,50.94709485096373,33
Общественное питание,55,6,pooled,61.075918759812176,33
Общественное питание,55,6,shrink_100,62.822007778144766,33
Общественное питание,56,1,pooled,51.10465347729341,39
Общественное питание,56,1,shrink_100,49.903053893738445,39
Общественное питание,56,3,pooled,74.26854007602876,39
Общественное питание,56,3,shrink_100,71.05995144401848,39
Общественное питание,56,6,pooled,122.47113963472297,39
Общественное питание,56,6,shrink_100,111.96876196200792,39
Общественное питание,57,1,pooled,55.43350176430347,21
Общественное питание,57,1,shrink_100,56.522052406497544,21
Общественное питание,57,3,pooled,73.47144330918188,21
Общественное питание,57,3,shrink_100,73.71816389771531,21
Общественное питание,57,6,pooled,83.82766238636404,21
Общественное питание,57,6,shrink_100,83.77982948060487,21
Общественное питание,58,1,pooled,45.4659723199151,25
Общественное питание,58,1,shrink_100,45.42654675790328,25
Общественное питание,58,3,pooled,54.7207266471513,25
Общественное питание,58,3,shrink_100,53.431763113214686,25
Общественное питание,58,6,pooled,69.93939716100388,25
Общественное питание,58,6,shrink_100,68.3009576664412,25
Общественное питание,59,1,pooled,43.203640494605494,42
Общественное питание,59,1,shrink_100,42.12308490099778,42
Общественное питание,59,3,pooled,58.394340254994844,42
Общественное питание,59,3,shrink_100,57.33971010569749,42
Общественное питание,59,6,pooled,55.983631388371066,42
Общественное питание,59,6,shrink_100,53.10571130569916,42
Общественное питание,60,1,pooled,50.029955109398635,22
Общественное питание,60,1,shrink_100,50.69928223641436,22
Общественное питание,60,3,pooled,66.44017081660319,22
Общественное питание,60,3,shrink_100,66.80145164159003,22
Общественное питание,60,6,pooled,95.09213981163029,22
Общественное питание,60,6,shrink_100,93.78128759564821,22
Общественное питание,62,1,pooled,51.70268489294493,26
Общественное питание,62,1,shrink_100,51.87917824306187,26
Общественное питание,62,3,pooled,59.57343722252477,26
Общественное питание,62,3,shrink_100,59.54141464415031,26
Общественное питание,62,6,pooled,67.70067142679939,26
Общественное питание,62,6,shrink_100,64.79214042331598,26
Общественное питание,63,1,pooled,40.887274057870975,36
Общественное питание,63,1,shrink_100,41.00014733319309,36
Общественное питание,63,3,pooled,46.35095161696944,36
Общественное питание,63,3,shrink_100,46.36000929362851,36
Общественное питание,63,6,pooled,61.34681897500084,36
Общественное питание,63,6,shrink_100,61.9553511395923,36
Общественное питание,64,1,pooled,45.396015660194216,39
Общественное питание,64,1,shrink_100,45.94751994165875,39
Общественное питание,64,3,pooled,60.309929622046546,39
Общественное питание,64,3,shrink_100,60.71176527299083,39
Общественное питание,64,6,pooled,62.080412344659614,39
Общественное питание,64,6,shrink_100,61.82973513390327,39
Общественное питание,65,1,pooled,104.9882919858713,16
Общественное питание,65,1,shrink_100,102.00887436661452,16
Общественное питание,65,3,pooled,188.9570005031445,16
Общественное питание,65,3,shrink_100,174.81941625458086,16
Общественное питание,65,6,pooled,249.8929140263432,16
Общественное питание,65,6,shrink_100,226.9085763389337,16
Общественное питание,66,1,pooled,56.79607425203664,64
Общественное питание,66,1,shrink_100,55.46247334309314,64
Общественное питание,66,3,pooled,76.12724703318497,64
Общественное питание,66,3,shrink_100,73.97911490284511,64
Общественное питание,66,6,pooled,83.10503645030481,64
Общественное питание,66,6,shrink_100,77.42244925469873,64
Общественное питание,67,1,pooled,46.44940752853446,27
Общественное питание,67,1,shrink_100,47.11906445498151,27
Общественное питание,67,3,pooled,67.89584303387535,27
Общественное питание,67,3,shrink_100,65.66826604117688,27
Общественное питание,67,6,pooled,87.06074746821493,27
Общественное питание,67,6,shrink_100,82.13804024229466,27
Общественное питание,68,1,pooled,35.70849257904246,24
Общественное питание,68,1,shrink_100,36.24418709239166,24
Общественное питание,68,3,pooled,42.92248541303805,24
Общественное питание,68,3,shrink_100,43.564952592633226,24
Общественное питание,68,6,pooled,51.675291812039205,24
Общественное питание,68,6,shrink_100,51.60879814777326,24
Общественное питание,69,1,pooled,52.15730013641281,37
Общественное питание,69,1,shrink_100,52.98309270509704,37
Общественное питание,69,3,pooled,73.25521800868742,37
Общественное питание,69,3,shrink_100,73.27275071589095,37
Общественное питание,69,6,pooled,90.96626912438735,37
Общественное питание,69,6,shrink_100,91.38177304892447,37
Общественное питание,70,1,pooled,57.216975009399796,19
Общественное питание,70,1,shrink_100,55.75603495826439,19
Общественное питание,70,3,pooled,81.986968464455,19
Общественное питание,70,3,shrink_100,81.4359262129417,19
Общественное питание,70,6,pooled,77.97881768936989,19
Общественное питание,70,6,shrink_100,68.39439807827343,19
Общественное питание,71,1,pooled,45.6074267611531,24
Общественное питание,71,1,shrink_100,45.521421412945806,24
Общественное питание,71,3,pooled,74.95070498124637,24
Общественное питание,71,3,shrink_100,69.04097405281556,24
Общественное питание,71,6,pooled,88.79093866490724,24
Общественное питание,71,6,shrink_100,85.97695096445875,24
Общественное питание,72,1,pooled,42.25977579441568,24
Общественное питание,72,1,shrink_100,42.68480653737013,24
Общественное питание,72,3,pooled,60.49444379374814,24
Общественное питание,72,3,shrink_100,61.30985677113682,24
Общественное питание,72,6,pooled,75.30685147905962,24
Общественное питание,72,6,shrink_100,73.130265768773,24
Общественное питание,73,1,pooled,42.600733117489455,21
Общественное питание,73,1,shrink_100,42.78278829530281,21
Общественное питание,73,3,pooled,48.18193707350155,21
Общественное питание,73,3,shrink_100,48.4349394139151,21
Общественное питание,73,6,pooled,60.77953235563497,21
Общественное питание,73,6,shrink_100,59.86862668892953,21
Общественное питание,74,1,pooled,44.11170177844693,37
Общественное питание,74,1,shrink_100,43.61520806739021,37
Общественное питание,74,3,pooled,66.23400600237395,37
Общественное питание,74,3,shrink_100,66.9799567429681,37
Общественное питание,74,6,pooled,79.84318843179416,37
Общественное питание,74,6,shrink_100,81.28535856200884,37
Общественное питание,75,1,pooled,71.44507738118008,28
Общественное питание,75,1,shrink_100,68.9502123336731,28
Общественное питание,75,3,pooled,105.90562664918978,28
Общественное питание,75,3,shrink_100,101.05810373560676,28
Общественное питание,75,6,pooled,164.58624421751009,28
Общественное питание,75,6,shrink_100,160.0903210891977,28
Общественное питание,76,1,pooled,51.46357175414032,19
Общественное питание,76,1,shrink_100,49.952159111920494,19
Общественное питание,76,3,pooled,90.117517998925,19
Общественное питание,76,3,shrink_100,89.2789919054549,19
Общественное питание,76,6,pooled,118.88005474367789,19
Общественное питание,76,6,shrink_100,118.14603562940447,19
Общественное питание,77,1,pooled,157.44562634775883,144
Общественное питание,77,1,shrink_100,132.970101939373,144
Общественное питание,77,3,pooled,279.03461352601744,144
Общественное питание,77,3,shrink_100,211.1236760964088,144
Общественное питание,77,6,pooled,87.16380892672231,144
Общественное питание,77,6,shrink_100,183.48136297824243,144
Общественное питание,78,1,pooled,170.62487287356367,98
Общественное питание,78,1,shrink_100,130.65458252021693,98
Общественное питание,78,3,pooled,294.8906381731202,98
Общественное питание,78,3,shrink_100,222.7329132710588,98
Общественное питание,78,6,pooled,109.7838153209029,98
Общественное питание,78,6,shrink_100,162.36108299534246,98
Общественное питание,79,1,pooled,109.75957665834646,6
Общественное питание,79,1,shrink_100,109.75957665834646,6
Общественное питание,79,3,pooled,122.6777174700617,6
Общественное питание,79,3,shrink_100,122.6777174700617,6
Общественное питание,79,6,pooled,101.877970463614,6
Общественное питание,79,6,shrink_100,101.877970463614,6
Общественное питание,83,1,pooled,172.15761411098333,2
Общественное питание,83,1,shrink_100,172.15761411098333,2
Общественное питание,83,3,pooled,440.1291594874088,2
Общественное питание,83,3,shrink_100,440.1291594874088,2
Общественное питание,83,6,pooled,561.9331596988859,2
Общественное питание,83,6,shrink_100,561.9331596988859,2
Общественное питание,86,1,pooled,109.38652971788096,22
Общественное питание,86,1,shrink_100,105.28422489857716,22
Общественное питание,86,3,pooled,206.47844641887286,22
Общественное питание,86,3,shrink_100,189.20236714274296,22
Общественное питание,86,6,pooled,258.5809348307883,22
Общественное питание,86,6,shrink_100,243.16282592902883,22
Общественное питание,87,1,pooled,389.93532261676256,4
Общественное питание,87,1,shrink_100,389.93532261676256,4
Общественное питание,87,3,pooled,822.7219060768341,4
Общественное питание,87,3,shrink_100,822.7219060768341,4
Общественное питание,87,6,pooled,705.8577681442455,4
Общественное питание,87,6,shrink_100,705.8577681442455,4
Общественное питание,89,1,pooled,223.75921169566573,13
Общественное питание,89,1,shrink_100,205.54170314226246,13
Общественное питание,89,3,pooled,511.78309947414675,13
Общественное питание,89,3,shrink_100,447.3890703851555,13
Общественное питание,89,6,pooled,522.618075425904,13
Общественное питание,89,6,shrink_100,460.73671658561057,13
Продовольствие,1,1,pooled,277.44396479656416,9
Продовольствие,1,1,shrink_100,277.44396479656416,9
Продовольствие,1,3,pooled,327.5141869409557,9
Продовольствие,1,3,shrink_100,327.5141869409557,9
Продовольствие,1,6,pooled,577.3064409333941,9
Продовольствие,1,6,shrink_100,577.3064409333941,9
Продовольствие,2,1,pooled,326.58884907222017,61
Продовольствие,2,1,shrink_100,313.0982185978173,61
Продовольствие,2,3,pooled,512.0135467398858,61
Продовольствие,2,3,shrink_100,486.552664168166,61
Продовольствие,2,6,pooled,1390.376353429598,61
Продовольствие,2,6,shrink_100,1373.5247532450462,61
Продовольствие,4,1,pooled,366.44494419547453,11
Продовольствие,4,1,shrink_100,344.9459824605804,11
Продовольствие,4,3,pooled,604.9338287277482,11
Продовольствие,4,3,shrink_100,560.5623900154052,11
Продовольствие,4,6,pooled,961.8580141029393,11
Продовольствие,4,6,shrink_100,971.3823931948515,11
Продовольствие,7,1,pooled,222.5728230940529,4
Продовольствие,7,1,shrink_100,222.5728230940529,4
Продовольствие,7,3,pooled,263.0797614500567,4
Продовольствие,7,3,shrink_100,263.0797614500567,4
Продовольствие,7,6,pooled,865.4866307375701,4
Продовольствие,7,6,shrink_100,865.4866307375701,4
Продовольствие,8,1,pooled,467.65980237503675,5
Продовольствие,8,1,shrink_100,467.65980237503675,5
Продовольствие,8,3,pooled,654.485689068264,5
Продовольствие,8,3,shrink_100,654.485689068264,5
Продовольствие,8,6,pooled,1452.1851774673178,5
Продовольствие,8,6,shrink_100,1452.1851774673178,5
Продовольствие,9,1,pooled,255.66895622257482,8
Продовольствие,9,1,shrink_100,255.66895622257482,8
Продовольствие,9,3,pooled,404.3997996895814,8
Продовольствие,9,3,shrink_100,404.3997996895814,8
Продовольствие,9,6,pooled,1212.8971152876484,8
Продовольствие,9,6,shrink_100,1212.8971152876484,8
Продовольствие,10,1,pooled,462.43322721883186,18
Продовольствие,10,1,shrink_100,449.83358841828635,18
Продовольствие,10,3,pooled,814.9699332933073,18
Продовольствие,10,3,shrink_100,773.9771169520994,18
Продовольствие,10,6,pooled,1741.602768850214,18
Продовольствие,10,6,shrink_100,1616.8533141183289,18
Продовольствие,11,1,pooled,427.08325808118815,20
Продовольствие,11,1,shrink_100,413.6530818517622,20
Продовольствие,11,3,pooled,651.8575144830171,20
Продовольствие,11,3,shrink_100,595.9555890377804,20
Продовольствие,11,6,pooled,1484.0238799008014,20
Продовольствие,11,6,shrink_100,1366.1333972875777,20
Продовольствие,12,1,pooled,361.0350899608958,17
Продовольствие,12,1,shrink_100,357.78578032329256,17
Продовольствие,12,3,pooled,620.7185620788364,17
Продовольствие,12,3,shrink_100,594.814928549763,17
Продовольствие,12,6,pooled,1730.1451993652606,17
Продовольствие,12,6,shrink_100,1660.3567593700552,17
Продовольствие,13,1,pooled,335.1062882586615,20
Продовольствие,13,1,shrink_100,342.1587600518908,20
Продовольствие,13,3,pooled,614.5231300734255,20
Продовольствие,13,3,shrink_100,592.2624196677409,20
Продовольствие,13,6,pooled,1529.4109723850881,20
Продовольствие,13,6,shrink_100,1472.715940742862,20
Продовольствие,14,1,pooled,669.9313313836387,29
Продовольствие,14,1,shrink_100,613.6297169078229,29
Продовольствие,14,3,pooled,904.3782261720748,29
Продовольствие,14,3,shrink_100,828.1134945484384,29
Продовольствие,14,6,pooled,1467.0437554772384,29
Продовольствие,14,6,shrink_100,1457.8738768707572,29
Продовольствие,15,1,pooled,244.19489468872737,7
Продовольствие,15,1,shrink_100,244.19489468872737,7
Продовольствие,15,3,pooled,268.3343991904559,7
Продовольствие,15,3,shrink_100,268.3343991904559,7
Продовольствие,15,6,pooled,568.9433420175676,7
Продовольствие,15,6,shrink_100,568.9433420175676,7
Продовольствие,16,1,pooled,358.6843070468645,43
Продовольствие,16,1,shrink_100,336.1915552377222,43
Продовольствие,16,3,pooled,518.0718497920586,43
Продовольствие,16,3,shrink_100,479.62600355876253,43
Продовольствие,16,6,pooled,1629.376958991213,43
Продовольствие,16,6,shrink_100,1456.4581140779255,43
Продовольствие,17,1,pooled,571.8385486608815,10
Продовольствие,17,1,shrink_100,550.505502728816,10
Продовольствие,17,3,pooled,877.146475933006,10
Продовольствие,17,3,shrink_100,839.0501604666861,10
Продовольствие,17,6,pooled,1022.0323880241782,10
Продовольствие,17,6,shrink_100,1063.5513345745983,10
Продовольствие,18,1,pooled,338.2194640021881,27
Продовольствие,18,1,shrink_100,330.03195243188975,27
Продовольствие,18,3,pooled,418.1979709380415,27
Продовольствие,18,3,shrink_100,388.8648285861462,27
Продовольствие,18,6,pooled,1214.9938121615098,27
Продовольствие,18,6,shrink_100,1033.8585966882515,27
Продовольствие,19,1,pooled,436.8749205275451,12
Продовольствие,19,1,shrink_100,432.5115908734219,12
Продовольствие,19,3,pooled,652.124934460887,12
Продовольствие,19,3,shrink_100,624.2244289165133,12
Продовольствие,19,6,pooled,905.5238875380804,12
Продовольствие,19,6,shrink_100,956.9589022650542,12
Продовольствие,21,1,pooled,311.86206732828407,23
Продовольствие,21,1,shrink_100,303.3488141596026,23
Продовольствие,21,3,pooled,490.97135610568654,23
Продовольствие,21,3,shrink_100,456.0874713626094,23
Продовольствие,21,6,pooled,1385.4912892397438,23
Продовольствие,21,6,shrink_100,1256.5343694539738,23
Продовольствие,22,1,pooled,342.89515879563646,65
Продовольствие,22,1,shrink_100,334.9681339081154,65
Продовольствие,22,3,pooled,519.8727197114232,65
Продовольствие,22,3,shrink_100,455.160525346511,65
Продовольствие,22,6,pooled,900.5380505270302,65
Продовольствие,22,6,shrink_100,864.1729413131933,65
Продовольствие,24,1,pooled,422.4570591388621,51
Продовольствие,24,1,shrink_100,415.7521033150719,51
Продовольствие,24,3,pooled,658.8083954005085,51
Продовольствие,24,3,shrink_100,609.9013630039135,51
Продовольствие,24,6,pooled,1043.716684500843,51
Продовольствие,24,6,shrink_100,1104.1141669296896,51
Продовольствие,25,1,pooled,359.3096020466642,33
Продовольствие,25,1,shrink_100,363.7340282358015,33
Продовольствие,25,3,pooled,451.74716024911373,33
Продовольствие,25,3,shrink_100,480.8747693422662,33
Продовольствие,25,6,pooled,777.638559121731,33
Продовольствие,25,6,shrink_100,909.6104472097084,33
Продовольствие,26,1,pooled,219.45545285632508,33
Продовольствие,26,1,shrink_100,225.62238520261235,33
Продовольствие,26,3,pooled,377.9360902718745,33
Продовольствие,26,3,shrink_100,407.07617851423447,33
Продовольствие,26,6,pooled,885.3954806297769,33
Продовольствие,26,6,shrink_100,1001.4333325104099,33
Продовольствие,27,1,pooled,449.42815509929375,16
Продовольствие,27,1,shrink_100,433.9474002076425,16
Продовольствие,27,3,pooled,621.9071505354161,16
Продовольствие,27,3,shrink_100,607.6896859152694,16
Продовольствие,27,6,pooled,1257.1221751666926,16
Продовольствие,27,6,shrink_100,1205.0788685693965,16
Продовольствие,28,1,pooled,473.2023555238307,19
Продовольствие,28,1,shrink_100,473.11727268400705,19
Продовольствие,28,3,pooled,636.0577898567026,19
Продовольствие,28,3,shrink_100,631.3322167692683,19
Продовольствие,28,6,pooled,886.6820478097208,19
Продовольствие,28,6,shrink_100,892.8553967898295,19
Продовольствие,29,1,pooled,384.0095722115065,22
Продовольствие,29,1,shrink_100,366.7194970538322,22
Продовольствие,29,3,pooled,652.4313185918321,22
Продовольствие,29,3,shrink_100,607.0975129795727,22
Продовольствие,29,6,pooled,1546.215279390767,22
Продовольствие,29,6,shrink_100,1414.6843316352224,22
Продовольствие,30,1,pooled,247.53380956869896,11
Продовольствие,30,1,shrink_100,249.0178774094991,11
Продовольствие,30,3,pooled,369.69118037855577,11
Продовольствие,30,3,shrink_100,376.7727404967451,11
Продовольствие,30,6,pooled,770.0648639387056,11
Продовольствие,30,6,shrink_100,798.0503674072041,11
Продовольствие,33,1,pooled,277.1787863486245,18
Продовольствие,33,1,shrink_100,276.72088660785346,18
Продовольствие,33,3,pooled,370.85999432602193,18
Продовольствие,33,3,shrink_100,368.48663647683526,18
Продовольствие,33,6,pooled,923.2990726653144,18
Продовольствие,33,6,shrink_100,918.4687406500351,18
Продовольствие,34,1,pooled,289.53803977743195,35
Продовольствие,34,1,shrink_100,298.7914637156449,35
Продовольствие,34,3,pooled,440.94292504725735,35
Продовольствие,34,3,shrink_100,441.1609320280488,35
Продовольствие,34,6,pooled,1021.9164778208716,35
Продовольствие,34,6,shrink_100,1034.2883614805908,35
Продовольствие,35,1,pooled,357.5696414292872,25
Продовольствие,35,1,shrink_100,342.9948123461947,25
Продовольствие,35,3,pooled,550.674928825731,25
Продовольствие,35,3,shrink_100,507.169514175896,25
Продовольствие,35,6,pooled,1338.332177381049,25
Продовольствие,35,6,shrink_100,1189.9898118580468,25
Продовольствие,37,1,pooled,355.66309619260716,26
Продовольствие,37,1,shrink_100,354.07015423512865,26
Продовольствие,37,3,pooled,480.9481188850519,26
Продовольствие,37,3,shrink_100,476.89806208501074,26
Продовольствие,37,6,pooled,1281.9133731406037,26
Продовольствие,37,6,shrink_100,1254.4682131840495,26
Продовольствие,38,1,pooled,392.72002461693194,39
Продовольствие,38,1,shrink_100,392.90928180946395,39
Продовольствие,38,3,pooled,619.2905099101455,39
Продовольствие,38,3,shrink_100,585.7482846868018,39
Продовольствие,38,6,pooled,953.3288556845021,39
Продовольствие,38,6,shrink_100,1013.3453848215714,39
Продовольствие,39,1,pooled,315.20979981318214,19
Продовольствие,39,1,shrink_100,311.32518673926273,19
Продовольствие,39,3,pooled,408.7659507483863,19
Продовольствие,39,3,shrink_100,403.8877135761515,19
Продовольствие,39,6,pooled,905.6418077288372,19
Продовольствие,39,6,shrink_100,883.2384087314573,19
Продовольствие,40,1,pooled,324.11574027188334,25
Продовольствие,40,1,shrink_100,326.195276577945,25
Продовольствие,40,3,pooled,392.07225299090294,25
Продовольствие,40,3,shrink_100,391.1171930103802,25
Продовольствие,40,6,pooled,737.7446645695156,25
Продовольствие,40,6,shrink_100,743.103901213455,25
Продовольствие,41,1,pooled,859.5296695599204,9
Продовольствие,41,1,shrink_100,859.5296695599204,9
Продовольствие,41,3,pooled,1000.6376941552322,9
Продовольствие,41,3,shrink_100,1000.6376941552322,9
Продовольствие,41,6,pooled,1682.1070781788746,9
Продовольствие,41,6,shrink_100,1682.1070781788746,9
Продовольствие,42,1,pooled,355.65311679915476,30
Продовольствие,42,1,shrink_100,333.79997152998567,30
Продовольствие,42,3,pooled,456.64577353365564,30
Продовольствие,42,3,shrink_100,444.4070415998724,30
Продовольствие,42,6,pooled,805.7361463809282,30
Продовольствие,42,6,shrink_100,753.9783047497658,30
Продовольствие,43,1,pooled,404.12807553151504,43
Продовольствие,43,1,shrink_100,384.0061229110327,43
Продовольствие,43,3,pooled,536.852714137005,43
Продовольствие,43,3,shrink_100,485.56057783021555,43
Продовольствие,43,6,pooled,1340.2431403637859,43
Продовольствие,43,6,shrink_100,1148.9276985550832,43
Продовольствие,44,1,pooled,400.4733628404627,28
Продовольствие,44,1,shrink_100,402.91810030185525,28
Продовольствие,44,3,pooled,604.2265450045994,28
Продовольствие,44,3,shrink_100,592.3947784572491,28
Продовольствие,44,6,pooled,1178.131858158154,28
Продовольствие,44,6,shrink_100,1134.6186138626213,28
Продовольствие,45,1,pooled,330.6862120814944,24
Продовольствие,45,1,shrink_100,326.58236314289456,24
Продовольствие,45,3,pooled,414.7415316271287,24
Продовольствие,45,3,shrink_100,386.0192200429853,24
Продовольствие,45,6,pooled,743.3733777548617,24
Продовольствие,45,6,shrink_100,702.0126145405428,24
Продовольствие,47,1,pooled,296.2017963929905,18
Продовольствие,47,1,shrink_100,284.25876811156144,18
Продовольствие,47,3,pooled,371.0438369793328,18
Продовольствие,47,3,shrink_100,370.25613414302035,18
Продовольствие,47,6,pooled,874.2848974654864,18
Продовольствие,47,6,shrink_100,832.8061423092479,18
Продовольствие,48,1,pooled,298.15596922127565,18
Продовольствие,48,1,shrink_100,302.9538239258452,18
Продовольствие,48,3,pooled,395.74890678785226,18
Продовольствие,48,3,shrink_100,392.888424134387,18
Продовольствие,48,6,pooled,1036.754838622186,18
Продовольствие,48,6,shrink_100,1026.0157371372657,18
Продовольствие,49,1,pooled,727.6454965046804,3
Продовольствие,49,1,shrink_100,727.6454965046804,3
Продовольствие,49,3,pooled,1148.554930464016,3
Продовольствие,49,3,shrink_100,1148.554930464016,3
Продовольствие,49,6,pooled,608.1021675835096,3
Продовольствие,49,6,shrink_100,608.1021675835096,3
Продовольствие,50,1,pooled,265.1412037820503,52
Продовольствие,50,1,shrink_100,246.78018776320985,52
Продовольствие,50,3,pooled,331.9230648545462,52
Продовольствие,50,3,shrink_100,320.65665802864896,52
Продовольствие,50,6,pooled,614.1427651226544,52
Продовольствие,50,6,shrink_100,721.6410743295899,52
Продовольствие,51,1,pooled,356.7465897884014,12
Продовольствие,51,1,shrink_100,350.18243748356736,12
Продовольствие,51,3,pooled,547.2871485220367,12
Продовольствие,51,3,shrink_100,531.2220869126863,12
Продовольствие,51,6,pooled,1480.4831714785712,12
Продовольствие,51,6,shrink_100,1411.7668492164591,12
Продовольствие,52,1,pooled,311.3392139395928,50
Продовольствие,52,1,shrink_100,326.9516947601563,50
Продовольствие,52,3,pooled,457.18606498792855,50
Продовольствие,52,3,shrink_100,460.42724331673367,50
Продовольствие,52,6,pooled,1117.194425376844,50
Продовольствие,52,6,shrink_100,1034.2159037271226,50
Продовольствие,53,1,pooled,371.00169699966847,21
Продовольствие,53,1,shrink_100,363.2235494757421,21
Продовольствие,53,3,pooled,530.4460742897195,21
Продовольствие,53,3,shrink_100,515.1702191211023,21
Продовольствие,53,6,pooled,1086.7383403734677,21
Продовольствие,53,6,shrink_100,1018.9590878745175,21
Продовольствие,54,1,pooled,329.7848363518303,35
Продовольствие,54,1,shrink_100,327.92065502683727,35
Продовольствие,54,3,pooled,431.47488876616615,35
Продовольствие,54,3,shrink_100,426.1451409931612,35
Продовольствие,54,6,pooled,946.7369548829618,35
Продовольствие,54,6,shrink_100,943.3814157144591,35
Продовольствие,55,1,pooled,350.8410873435416,33
Продовольствие,55,1,shrink_100,352.6292387026654,33
Продовольствие,55,3,pooled,494.45425196869496,33
Продовольствие,55,3,shrink_100,483.1183346853803,33
Продовольствие,55,6,pooled,1138.0022822781173,33
Продовольствие,55,6,shrink_100,1191.3214826044023,33
Продовольствие,56,1,pooled,326.14862952891065,39
Продовольствие,56,1,shrink_100,314.62151681257546,39
Продовольствие,56,3,pooled,436.2358711432932,39
Продовольствие,56,3,shrink_100,417.9332232759987,39
Продовольствие,56,6,pooled,1110.0215769056035,39
Продовольствие,56,6,shrink_100,1126.1705502568784,39
Продовольствие,57,1,pooled,419.08789178687505,21
Продовольствие,57,1,shrink_100,423.4408319081291,21
Продовольствие,57,3,pooled,497.3754002057105,21
Продовольствие,57,3,shrink_100,491.3352423394899,21
Продовольствие,57,6,pooled,1003.6189324220451,21
Продовольствие,57,6,shrink_100,958.9462522080403,21
Продовольствие,58,1,pooled,335.42369972015604,25
Продовольствие,58,1,shrink_100,343.8020906310417,25
Продовольствие,58,3,pooled,515.9518619261954,25
Продовольствие,58,3,shrink_100,510.3128221836662,25
Продовольствие,58,6,pooled,1105.81132901355,25
Продовольствие,58,6,shrink_100,1101.8631027078684,25
Продовольствие,59,1,pooled,298.9540259614346,42
Продовольствие,59,1,shrink_100,307.1796949676243,42
Продовольствие,59,3,pooled,430.6538064999692,42
Продовольствие,59,3,shrink_100,425.72262257078427,42
Продовольствие,59,6,pooled,1099.9538685670984,42
Продовольствие,59,6,shrink_100,1173.9835903222975,42
Продовольствие,60,1,pooled,328.221906461804,22
Продовольствие,60,1,shrink_100,325.36609065231175,22
Продовольствие,60,3,pooled,476.41458157527194,22
Продовольствие,60,3,shrink_100,463.08304877961496,22
Продовольствие,60,6,pooled,1112.656956013194,22
Продовольствие,60,6,shrink_100,1082.3973290173801,22
Продовольствие,62,1,pooled,358.4392402815123,26
Продовольствие,62,1,shrink_100,363.25675808552563,26
Продовольствие,62,3,pooled,442.8891206141491,26
Продовольствие,62,3,shrink_100,429.8335986743686,26
Продовольствие,62,6,pooled,987.3020290317296,26
Продовольствие,62,6,shrink_100,917.8676485227111,26
Продовольствие,63,1,pooled,340.30553495836915,36
Продовольствие,63,1,shrink_100,335.8509775693278,36
Продовольствие,63,3,pooled,467.6551339938572,36
Продовольствие,63,3,shrink_100,459.3309161988115,36
Продовольствие,63,6,pooled,1186.983575352411,36
Продовольствие,63,6,shrink_100,1154.8755983395413,36
Продовольствие,64,1,pooled,294.23976230388035,39
Продовольствие,64,1,shrink_100,294.4388404553597,39
Продовольствие,64,3,pooled,470.9092379028778,39
Продовольствие,64,3,shrink_100,454.73602929140424,39
Продовольствие,64,6,pooled,1027.9788642558192,39
Продовольствие,64,6,shrink_100,1062.7123659502993,39
Продовольствие,65,1,pooled,512.4730832576553,16
Продовольствие,65,1,shrink_100,508.52258012027113,16
Продовольствие,65,3,pooled,685.2096108362831,16
Продовольствие,65,3,shrink_100,660.1955818121264,16
Продовольствие,65,6,pooled,1268.5650350122103,16
Продовольствие,65,6,shrink_100,1173.0999692392083,16
Продовольствие,66,1,pooled,337.2433101467514,64
Продовольствие,66,1,shrink_100,331.22017704989634,64
Продовольствие,66,3,pooled,464.76872182844954,64
Продовольствие,66,3,shrink_100,458.4846750380026,64
Продовольствие,66,6,pooled,1219.5712238867181,64
Продовольствие,66,6,shrink_100,1265.2742750870975,64
Продовольствие,67,1,pooled,324.60376635038716,27
Продовольствие,67,1,shrink_100,327.81026941750565,27
Продовольствие,67,3,pooled,388.2068773175728,27
Продовольствие,67,3,shrink_100,383.7852285596501,27
Продовольствие,67,6,pooled,813.912214674277,27
Продовольствие,67,6,shrink_100,837.7832229209891,27
Продовольствие,68,1,pooled,307.0231135867203,24
Продовольствие,68,1,shrink_100,304.52533977432176,24
Продовольствие,68,3,pooled,428.8411096547143,24
Продовольствие,68,3,shrink_100,407.151739817797,24
Продовольствие,68,6,pooled,1147.7893934910805,24
Продовольствие,68,6,shrink_100,1079.5754314902028,24
Продовольствие,69,1,pooled,331.2500108020583,37
Продовольствие,69,1,shrink_100,332.13577971198464,37
Продовольствие,69,3,pooled,458.27978795070896,37
Продовольствие,69,3,shrink_100,448.215839825128,37
Продовольствие,69,6,pooled,1049.5696988008954,37
Продовольствие,69,6,shrink_100,1032.6763022164675,37
Продовольствие,70,1,pooled,394.98542828703404,19
Продовольствие,70,1,shrink_100,386.8678450016183,19
Продовольствие,70,3,pooled,618.6468165412272,19
Продовольствие,70,3,shrink_100,599.715115717507,19
Продовольствие,70,6,pooled,1444.0747444104627,19
Продовольствие,70,6,shrink_100,1393.6838975787948,19
Продовольствие,71,1,pooled,329.3944388908733,24
Продовольствие,71,1,shrink_100,329.0404499473545,24
Продовольствие,71,3,pooled,354.6890952342674,24
Продовольствие,71,3,shrink_100,352.69993165566484,24
Продовольствие,71,6,pooled,867.7137023542764,24
Продовольствие,71,6,shrink_100,905.229427264721,24
Продовольствие,72,1,pooled,361.22351365823226,24
Продовольствие,72,1,shrink_100,351.954960220502,24
Продовольствие,72,3,pooled,482.72079894135686,24
Продовольствие,72,3,shrink_100,465.01083618480334,24
Продовольствие,72,6,pooled,1073.3215272551759,24
Продовольствие,72,6,shrink_100,1074.9819702950772,24
Продовольствие,73,1,pooled,311.45609363008396,21
Продовольствие,73,1,shrink_100,316.2668536177972,21
Продовольствие,73,3,pooled,566.831776867664,21
Продовольствие,73,3,shrink_100,544.3506802607292,21
Продовольствие,73,6,pooled,1337.904926617173,21
Продовольствие,73,6,shrink_100,1290.8609900759216,21
Продовольствие,74,1,pooled,276.2033590464656,37
Продовольствие,74,1,shrink_100,268.13273578918273,37
Продовольствие,74,3,pooled,361.0869853032661,37
Продовольствие,74,3,shrink_100,354.32002303034113,37
Продовольствие,74,6,pooled,921.96625244667,37
Продовольствие,74,6,shrink_100,985.3733624578141,37
Продовольствие,75,1,pooled,482.1504120547111,28
Продовольствие,75,1,shrink_100,456.904503256825,28
Продовольствие,75,3,pooled,685.0118502097569,28
Продовольствие,75,3,shrink_100,636.0022907441132,28
Продовольствие,75,6,pooled,1041.0194799507165,28
Продовольствие,75,6,shrink_100,1088.8631165323916,28
Продовольствие,76,1,pooled,334.0050505842953,19
Продовольствие,76,1,shrink_100,331.5352154109897,19
Продовольствие,76,3,pooled,435.1491988009152,19
Продовольствие,76,3,shrink_100,432.53495057398936,19
Продовольствие,76,6,pooled,1059.9800363220845,19
Продовольствие,76,6,shrink_100,1029.518450160994,19
Продовольствие,77,1,pooled,352.34884196138825,144
Продовольствие,77,1,shrink_100,281.92766271811075,144
Продовольствие,77,3,pooled,510.0716293986083,144
Продовольствие,77,3,shrink_100,456.7146982114886,144
Продовольствие,77,6,pooled,253.00834883337697,144
Продовольствие,77,6,shrink_100,615.414748348789,144
Продовольствие,78,1,pooled,326.5861345354925,98
Продовольствие,78,1,shrink_100,288.0585644051696,98
Продовольствие,78,3,pooled,396.91694742548987,98
Продовольствие,78,3,shrink_100,416.8241956295438,98
Продовольствие,78,6,pooled,596.6902122625478,98
Продовольствие,78,6,shrink_100,800.7555215901589,98
Продовольствие,79,1,pooled,364.6790831909889,6
Продовольствие,79,1,shrink_100,364.6790831909889,6
Продовольствие,79,3,pooled,412.921743494831,6
Продовольствие,79,3,shrink_100,412.921743494831,6
Продовольствие,79,6,pooled,804.416830408904,6
Продовольствие,79,6,shrink_100,804.416830408904,6
Продовольствие,83,1,pooled,762.9011421865486,2
Продовольствие,83,1,shrink_100,762.9011421865486,2
Продовольствие,83,3,pooled,756.5958051260081,2
Продовольствие,83,3,shrink_100,756.5958051260081,2
Продовольствие,83,6,pooled,164.6555225902066,2
Продовольствие,83,6,shrink_100,164.6555225902066,2
Продовольствие,86,1,pooled,375.72087430265015,22
Продовольствие,86,1,shrink_100,381.14479202483113,22
Продовольствие,86,3,pooled,646.7242794414574,22
Продовольствие,86,3,shrink_100,658.3942698216496,22
Продовольствие,86,6,pooled,1610.256260227706,22
Продовольствие,86,6,shrink_100,1614.8365972532715,22
Продовольствие,87,1,pooled,1182.0062113527313,4
Продовольствие,87,1,shrink_100,1182.0062113527313,4
Продовольствие,87,3,pooled,1452.1311773388304,4
Продовольствие,87,3,shrink_100,1452.1311773388304,4
Продовольствие,87,6,pooled,2110.557497116999,4
Продовольствие,87,6,shrink_100,2110.557497116999,4
Продовольствие,89,1,pooled,546.7224704129311,13
Продовольствие,89,1,shrink_100,540.3439075201878,13
Продовольствие,89,3,pooled,1162.6565651874864,13
Продовольствие,89,3,shrink_100,1110.8171934176926,13
Продовольствие,89,6,pooled,2212.9206418582476,13
Продовольствие,89,6,shrink_100,2158.230637178858,13
Транспорт,1,1,pooled,106.12828716886345,9
Транспорт,1,1,shrink_20,106.12828716886345,9
Транспорт,1,3,pooled,105.81932138687802,9
Транспорт,1,3,shrink_20,105.81932138687802,9
Транспорт,1,6,pooled,88.74058779149533,9
Транспорт,1,6,shrink_20,88.74058779149533,9
Транспорт,2,1,pooled,79.07563031610482,61
Транспорт,2,1,shrink_20,81.46580538421748,61
Транспорт,2,3,pooled,100.72176437007953,61
Транспорт,2,3,shrink_20,97.92642196796383,61
Транспорт,2,6,pooled,157.17939340413136,61
Транспорт,2,6,shrink_20,118.93624961552815,61
Транспорт,4,1,pooled,130.51490115187204,11
Транспорт,4,1,shrink_20,124.76206146330586,11
Транспорт,4,3,pooled,182.28140360566394,11
Транспорт,4,3,shrink_20,163.90014971655802,11
Транспорт,4,6,pooled,220.3604715033653,11
Транспорт,4,6,shrink_20,207.440836306534,11
Транспорт,7,1,pooled,76.11550306032022,4
Транспорт,7,1,shrink_20,76.11550306032022,4
Транспорт,7,3,pooled,77.15780829613144,4
Транспорт,7,3,shrink_20,77.15780829613144,4
Транспорт,7,6,pooled,145.52656449784524,4
Транспорт,7,6,shrink_20,145.52656449784524,4
Транспорт,8,1,pooled,136.3413409537624,5
Транспорт,8,1,shrink_20,136.3413409537624,5
Транспорт,8,3,pooled,211.95745210639643,5
Транспорт,8,3,shrink_20,211.95745210639643,5
Транспорт,8,6,pooled,257.81677184587585,5
Транспорт,8,6,shrink_20,257.81677184587585,5
Транспорт,9,1,pooled,78.72287342133983,8
Транспорт,9,1,shrink_20,78.72287342133983,8
Транспорт,9,3,pooled,78.58879698530806,8
Транспорт,9,3,shrink_20,78.58879698530806,8
Транспорт,9,6,pooled,113.00794056424652,8
Транспорт,9,6,shrink_20,113.00794056424652,8
Транспорт,10,1,pooled,89.7607582333625,18
Транспорт,10,1,shrink_20,84.04748314984606,18
Транспорт,10,3,pooled,216.66011893116664,18
Транспорт,10,3,shrink_20,157.9615369960527,18
Транспорт,10,6,pooled,345.9006093090949,18
Транспорт,10,6,shrink_20,227.29015294766998,18
Транспорт,11,1,pooled,87.90634870228502,20
Транспорт,11,1,shrink_20,78.1465688785135,20
Транспорт,11,3,pooled,119.96001665535405,20
Транспорт,11,3,shrink_20,97.82672655842285,20
Транспорт,11,6,pooled,100.21926368202926,20
Транспорт,11,6,shrink_20,101.32933032045442,20
Транспорт,12,1,pooled,60.08629792278309,17
Транспорт,12,1,shrink_20,59.81924362914951,17
Транспорт,12,3,pooled,91.33208140630362,17
Транспорт,12,3,shrink_20,87.77190691548665,17
Транспорт,12,6,pooled,140.0885155669501,17
Транспорт,12,6,shrink_20,123.02486624180949,17
Транспорт,13,1,pooled,82.50237185459264,20
Транспорт,13,1,shrink_20,80.39283090248041,20
Транспорт,13,3,pooled,94.19224105591412,20
Транспорт,13,3,shrink_20,89.87626004180026,20
Транспорт,13,6,pooled,112.40907487569469,20
Транспорт,13,6,shrink_20,105.19298421929793,20
Транспорт,14,1,pooled,219.742654406766,29
Транспорт,14,1,shrink_20,198.89088937639744,29
Транспорт,14,3,pooled,321.9359836629488,29
Транспорт,14,3,shrink_20,288.09636526179156,29
Транспорт,14,6,pooled,395.84558954663976,29
Транспорт,14,6,shrink_20,344.15639255789534,29
Транспорт,15,1,pooled,121.03327644584331,7
Транспорт,15,1,shrink_20,121.03327644584331,7
Транспорт,15,3,pooled,138.85093399255877,7
Транспорт,15,3,shrink_20,138.85093399255877,7
Транспорт,15,6,pooled,118.90829700725742,7
Транспорт,15,6,shrink_20,118.90829700725742,7
Транспорт,16,1,pooled,68.52608177944951,43
Транспорт,16,1,shrink_20,63.70092489964196,43
Транспорт,16,3,pooled,99.03708675448698,43
Транспорт,16,3,shrink_20,91.96377297059647,43
Транспорт,16,6,pooled,125.83091815896707,43
Транспорт,16,6,shrink_20,117.62608382097334,43
Транспорт,17,1,pooled,171.12245241159624,10
Транспорт,17,1,shrink_20,163.6169489748545,10
Транспорт,17,3,pooled,290.92551939058876,10
Транспорт,17,3,shrink_20,247.5340930763569,10
Транспорт,17,6,pooled,544.8252064430704,10
Транспорт,17,6,shrink_20,475.2573326904086,10
Транспорт,18,1,pooled,71.4428889300817,27
Транспорт,18,1,shrink_20,73.51263540329673,27
Транспорт,18,3,pooled,84.28103426819172,27
Транспорт,18,3,shrink_20,82.16647663732577,27
Транспорт,18,6,pooled,108.39008039412482,27
Транспорт,18,6,shrink_20,84.97003180119053,27
Транспорт,19,1,pooled,90.26133114450391,12
Транспорт,19,1,shrink_20,82.36599564292223,12
Транспорт,19,3,pooled,103.83878674215005,12
Транспорт,19,3,shrink_20,100.4072027438802,12
Транспорт,19,6,pooled,214.54467901366206,12
Транспорт,19,6,shrink_20,207.92208081227182,12
Транспорт,21,1,pooled,66.15388550375086,23
Транспорт,21,1,shrink_20,66.53051473764175,23
Транспорт,21,3,pooled,78.42576812681274,23
Транспорт,21,3,shrink_20,75.68170948137823,23
Транспорт,21,6,pooled,129.2314265566566,23
Транспорт,21,6,shrink_20,110.05459421088736,23
Транспорт,22,1,pooled,76.93510043614047,65
Транспорт,22,1,shrink_20,72.95429007154397,65
Транспорт,22,3,pooled,99.9914636032334,65
Транспорт,22,3,shrink_20,100.51499718045635,65
Транспорт,22,6,pooled,106.56310549036486,65
Транспорт,22,6,shrink_20,106.74751712953915,65
Транспорт,24,1,pooled,92.13982671711997,51
Транспорт,24,1,shrink_20,85.93986919499606,51
Транспорт,24,3,pooled,121.21552580075536,51
Транспорт,24,3,shrink_20,121.43667991898671,51
Транспорт,24,6,pooled,122.57130190808283,51
Транспорт,24,6,shrink_20,123.29220139503072,51
Транспорт,25,1,pooled,90.09022447419262,33
Транспорт,25,1,shrink_20,81.52762024607526,33
Транспорт,25,3,pooled,130.07904649227407,33
Транспорт,25,3,shrink_20,100.35005894788883,33
Транспорт,25,6,pooled,218.40528608645295,33
Транспорт,25,6,shrink_20,146.68069526242283,33
Транспорт,26,1,pooled,51.73443990552491,33
Транспорт,26,1,shrink_20,55.49319295308697,33
Транспорт,26,3,pooled,69.77113120363916,33
Транспорт,26,3,shrink_20,68.84989268798664,33
Транспорт,26,6,pooled,75.05988407589646,33
Транспорт,26,6,shrink_20,92.80870891135736,33
Транспорт,27,1,pooled,110.70436565192671,16
Транспорт,27,1,shrink_20,105.57448866938206,16
Транспорт,27,3,pooled,130.2741071267634,16
Транспорт,27,3,shrink_20,112.44921043180952,16
Транспорт,27,6,pooled,265.0540606321755,16
Транспорт,27,6,shrink_20,183.74795725631628,16
Транспорт,28,1,pooled,113.7001552812734,19
Транспорт,28,1,shrink_20,104.27843334908492,19
Транспорт,28,3,pooled,144.10882287526138,19
Транспорт,28,3,shrink_20,126.34072919992227,19
Транспорт,28,6,pooled,205.60241021669026,19
Транспорт,28,6,shrink_20,173.93695468553358,19
Транспорт,29,1,pooled,89.58553245004406,22
Транспорт,29,1,shrink_20,83.71270271999606,22
Транспорт,29,3,pooled,121.0639798729199,22
Транспорт,29,3,shrink_20,93.674034569794,22
Транспорт,29,6,pooled,164.0696510340192,22
Транспорт,29,6,shrink_20,137.29690050850394,22
Транспорт,30,1,pooled,65.6606526103804,11
Транспорт,30,1,shrink_20,69.4339275482801,11
Транспорт,30,3,pooled,106.13959920079519,11
Транспорт,30,3,shrink_20,101.03109893121687,11
Транспорт,30,6,pooled,126.23920891259608,11
Транспорт,30,6,shrink_20,118.58726710945012,11
Транспорт,33,1,pooled,44.80912141103472,18
Транспорт,33,1,shrink_20,44.86389539507372,18
Транспорт,33,3,pooled,64.5172974345984,18
Транспорт,33,3,shrink_20,64.90521086733933,18
Транспорт,33,6,pooled,73.85745213416436,18
Транспорт,33,6,shrink_20,79.62602624552837,18
Транспорт,34,1,pooled,71.63582875559811,35
Транспорт,34,1,shrink_20,73.0134494385766,35
Транспорт,34,3,pooled,114.64419704670725,35
Транспорт,34,3,shrink_20,104.81867989719001,35
Транспорт,34,6,pooled,109.47681888097584,35
Транспорт,34,6,shrink_20,109.89610550941867,35
Транспорт,35,1,pooled,74.9838420661803,25
Транспорт,35,1,shrink_20,76.18209735812351,25
Транспорт,35,3,pooled,95.7185151474067,25
Транспорт,35,3,shrink_20,85.70947452765002,25
Транспорт,35,6,pooled,140.18692238269085,25
Транспорт,35,6,shrink_20,113.58645279553289,25
Транспорт,37,1,pooled,76.34799743542261,26
Транспорт,37,1,shrink_20,81.07026872351108,26
Транспорт,37,3,pooled,80.20686403195083,26
Транспорт,37,3,shrink_20,81.02294959891843,26
Транспорт,37,6,pooled,95.82888535834539,26
Транспорт,37,6,shrink_20,94.45196117918228,26
Транспорт,38,1,pooled,92.06715989118288,39
Транспорт,38,1,shrink_20,103.24466057058413,39
Транспорт,38,3,pooled,123.12116337760293,39
Транспорт,38,3,shrink_20,125.00550400283838,39
Транспорт,38,6,pooled,123.14787246358334,39
Транспорт,38,6,shrink_20,119.62124977819379,39
Транспорт,39,1,pooled,100.68775075899383,19
Транспорт,39,1,shrink_20,97.47754910033365,19
Транспорт,39,3,pooled,170.1205330126204,19
Транспорт,39,3,shrink_20,157.23770471750177,19
Транспорт,39,6,pooled,208.1084611742829,19
Транспорт,39,6,shrink_20,218.44158553218188,19
Транспорт,40,1,pooled,75.33510237028021,25
Транспорт,40,1,shrink_20,76.64398260541697,25
Транспорт,40,3,pooled,96.33343437285242,25
Транспорт,40,3,shrink_20,98.7639355232151,25
Транспорт,40,6,pooled,129.90151145243178,25
Транспорт,40,6,shrink_20,121.61851068118182,25
Транспорт,41,1,pooled,203.01667442971646,9
Транспорт,41,1,shrink_20,203.01667442971646,9
Транспорт,41,3,pooled,378.7650522389406,9
Транспорт,41,3,shrink_20,378.7650522389406,9
Транспорт,41,6,pooled,456.0000270412536,9
Транспорт,41,6,shrink_20,456.0000270412536,9
Транспорт,42,1,pooled,75.00653734170888,30
Транспорт,42,1,shrink_20,64.01404433825324,30
Транспорт,42,3,pooled,76.22223149766113,30
Транспорт,42,3,shrink_20,82.64783289572958,30
Транспорт,42,6,pooled,80.10290051246245,30
Транспорт,42,6,shrink_20,108.30943594130771,30
Транспорт,43,1,pooled,71.79322762801765,43
Транспорт,43,1,shrink_20,72.22885027455753,43
Транспорт,43,3,pooled,94.79210089249878,43
Транспорт,43,3,shrink_20,88.04287160891695,43
Транспорт,43,6,pooled,128.1754822499217,43
Транспорт,43,6,shrink_20,82.05872320390253,43
Транспорт,44,1,pooled,80.35280646392766,28
Транспорт,44,1,shrink_20,87.29610721253457,28
Транспорт,44,3,pooled,95.08691944921007,28
Транспорт,44,3,shrink_20,108.00294121430635,28
Транспорт,44,6,pooled,118.86613212049213,28
Транспорт,44,6,shrink_20,117.07836723336848,28
Транспорт,45,1,pooled,75.79476835216039,24
Транспорт,45,1,shrink_20,77.0854827593603,24
Транспорт,45,3,pooled,95.20111452589084,24
Транспорт,45,3,shrink_20,100.6649654749076,24
Транспорт,45,6,pooled,132.10547935180068,24
Транспорт,45,6,shrink_20,136.85328312175326,24
Транспорт,47,1,pooled,65.59474645581938,18
Транспорт,47,1,shrink_20,64.35371483127582,18
Транспорт,47,3,pooled,120.74872932468854,18
Транспорт,47,3,shrink_20,130.74356646500198,18
Транспорт,47,6,pooled,210.40934190978092,18
Транспорт,47,6,shrink_20,168.06195477819657,18
Транспорт,48,1,pooled,67.25438609538064,18
Транспорт,48,1,shrink_20,70.28630706106402,18
Транспорт,48,3,pooled,93.82834226877924,18
Транспорт,48,3,shrink_20,99.24021189664089,18
Транспорт,48,6,pooled,80.94684886257552,18
Транспорт,48,6,shrink_20,62.39154253713908,18
Транспорт,49,1,pooled,209.1449884919392,3
Транспорт,49,1,shrink_20,209.1449884919392,3
Транспорт,49,3,pooled,329.730623231454,3
Транспорт,49,3,shrink_20,329.730623231454,3
Транспорт,49,6,pooled,304.88105505138327,3
Транспорт,49,6,shrink_20,304.88105505138327,3
Транспорт,50,1,pooled,67.58997102955948,52
Транспорт,50,1,shrink_20,64.69039183001344,52
Транспорт,50,3,pooled,111.42345204784348,52
Транспорт,50,3,shrink_20,112.99129675312226,52
Транспорт,50,6,pooled,94.44173970188567,52
Транспорт,50,6,shrink_20,122.34432374518974,52
Транспорт,51,1,pooled,129.16790369175018,12
Транспорт,51,1,shrink_20,114.63333493838309,12
Транспорт,51,3,pooled,324.4967368404302,12
Транспорт,51,3,shrink_20,211.06307945255344,12
Транспорт,51,6,pooled,478.4015821796498,12
Транспорт,51,6,shrink_20,270.25629257656675,12
Транспорт,52,1,pooled,58.20943760420899,50
Транспорт,52,1,shrink_20,62.785879075505555,50
Транспорт,52,3,pooled,81.9122243722036,50
Транспорт,52,3,shrink_20,86.20982440968659,50
Транспорт,52,6,pooled,112.82710207796664,50
Транспорт,52,6,shrink_20,126.5389673372691,50
Транспорт,53,1,pooled,90.28252158757591,21
Транспорт,53,1,shrink_20,91.5718290668615,21
Транспорт,53,3,pooled,110.21015198062263,21
Транспорт,53,3,shrink_20,105.41784675140707,21
Транспорт,53,6,pooled,159.21456750375583,21
Транспорт,53,6,shrink_20,138.63450724523824,21
Транспорт,54,1,pooled,89.36377846400777,35
Транспорт,54,1,shrink_20,89.83448643189837,35
Транспорт,54,3,pooled,124.28445006260507,35
Транспорт,54,3,shrink_20,111.32645294043088,35
Транспорт,54,6,pooled,141.95471048321363,35
Транспорт,54,6,shrink_20,120.36366415084912,35
Транспорт,55,1,pooled,87.57756029575798,33
Транспорт,55,1,shrink_20,84.29970015078639,33
Транспорт,55,3,pooled,107.71983049467613,33
Транспорт,55,3,shrink_20,107.75771407252232,33
Транспорт,55,6,pooled,109.14124461522647,33
Транспорт,55,6,shrink_20,109.57331391052419,33
Транспорт,56,1,pooled,60.77299994777009,39
Транспорт,56,1,shrink_20,59.94557265230176,39
Транспорт,56,3,pooled,80.99188508684786,39
Транспорт,56,3,shrink_20,82.30345812931067,39
Транспорт,56,6,pooled,112.54883527088398,39
Транспорт,56,6,shrink_20,115.46827951400249,39
Транспорт,57,1,pooled,95.57276430546212,21
Транспорт,57,1,shrink_20,94.99746689628456,21
Транспорт,57,3,pooled,108.88036737254708,21
Транспорт,57,3,shrink_20,104.60094891402447,21
Транспорт,57,6,pooled,113.88734337198896,21
Транспорт,57,6,shrink_20,94.9662432357666,21
Транспорт,58,1,pooled,77.61692561497506,25
Транспорт,58,1,shrink_20,76.01489939337907,25
Транспорт,58,3,pooled,88.07104997076775,25
Транспорт,58,3,shrink_20,85.25311935876108,25
Транспорт,58,6,pooled,78.00258466447487,25
Транспорт,58,6,shrink_20,76.2634743063977,25
Транспорт,59,1,pooled,58.80071425905157,42
Транспорт,59,1,shrink_20,59.81609009010607,42
Транспорт,59,3,pooled,79.70533533204153,42
Транспорт,59,3,shrink_20,79.50974725594,42
Транспорт,59,6,pooled,115.94592846736798,42
Транспорт,59,6,shrink_20,110.77779815726142,42
Транспорт,60,1,pooled,67.52110570883191,22
Транспорт,60,1,shrink_20,74.94369464356531,22
Транспорт,60,3,pooled,94.31674689957748,22
Транспорт,60,3,shrink_20,92.89947335295041,22
Транспорт,60,6,pooled,109.47189368976979,22
Транспорт,60,6,shrink_20,80.55640038329113,22
Транспорт,62,1,pooled,88.13998752071299,26
Транспорт,62,1,shrink_20,89.77678330079172,26
Транспорт,62,3,pooled,94.80636526770998,26
Транспорт,62,3,shrink_20,101.97136572066049,26
Транспорт,62,6,pooled,102.07223735242867,26
Транспорт,62,6,shrink_20,96.91662900341522,26
Транспорт,63,1,pooled,67.6937084926041,36
Транспорт,63,1,shrink_20,67.47727757874084,36
Транспорт,63,3,pooled,99.150281209188,36
Транспорт,63,3,shrink_20,102.42830077902642,36
Транспорт,63,6,pooled,102.20121182544064,36
Транспорт,63,6,shrink_20,114.81626723246917,36
Транспорт,64,1,pooled,68.37502768504643,39
Транспорт,64,1,shrink_20,66.81178598675504,39
Транспорт,64,3,pooled,87.56566305139349,39
Транспорт,64,3,shrink_20,80.01265371241324,39
Транспорт,64,6,pooled,85.10353998295562,39
Транспорт,64,6,shrink_20,81.76526377360892,39
Транспорт,65,1,pooled,130.5365306303941,16
Транспорт,65,1,shrink_20,132.21395666441137,16
Транспорт,65,3,pooled,192.23422262347907,16
Транспорт,65,3,shrink_20,208.74393443188808,16
Транспорт,65,6,pooled,310.26452484061804,16
Транспорт,65,6,shrink_20,344.99601979990376,16
Транспорт,66,1,pooled,60.60906322004272,64
Транспорт,66,1,shrink_20,60.146128838921804,64
Транспорт,66,3,pooled,90.32814187063249,64
Транспорт,66,3,shrink_20,90.15712488861028,64
Транспорт,66,6,pooled,116.32972125499379,64
Транспорт,66,6,shrink_20,119.75879329471184,64
Транспорт,67,1,pooled,86.13058715622662,27
Транспорт,67,1,shrink_20,92.76413647914303,27
Транспорт,67,3,pooled,117.8523510515828,27
Транспорт,67,3,shrink_20,118.15855114206252,27
Транспорт,67,6,pooled,139.77553965880378,27
Транспорт,67,6,shrink_20,118.46007265110623,27
Транспорт,68,1,pooled,65.7857636227603,24
Транспорт,68,1,shrink_20,65.63605239711586,24
Транспорт,68,3,pooled,77.92731534757974,24
Транспорт,68,3,shrink_20,84.29434078985322,24
Транспорт,68,6,pooled,106.43431061089571,24
Транспорт,68,6,shrink_20,105.16813401176624,24
Транспорт,69,1,pooled,83.26032908945571,37
Транспорт,69,1,shrink_20,86.66729459229568,37
Транспорт,69,3,pooled,104.00623061507287,37
Транспорт,69,3,shrink_20,103.06025986693655,37
Транспорт,69,6,pooled,130.56805890282652,37
Транспорт,69,6,shrink_20,128.0227177072985,37
Транспорт,70,1,pooled,77.58442679708861,19
Транспорт,70,1,shrink_20,76.7355224413343,19
Транспорт,70,3,pooled,93.88144602359621,19
Транспорт,70,3,shrink_20,85.76449577034734,19
Транспорт,70,6,pooled,120.18099013458409,19
Транспорт,70,6,shrink_20,120.11544723128246,19
Транспорт,71,1,pooled,64.83493207738815,24
Транспорт,71,1,shrink_20,68.97112726882345,24
Транспорт,71,3,pooled,80.85955644906296,24
Транспорт,71,3,shrink_20,86.82013611729757,24
Транспорт,71,6,pooled,86.57649425204347,24
Транспорт,71,6,shrink_20,85.66986772230837,24
Транспорт,72,1,pooled,73.89327832802827,24
Транспорт,72,1,shrink_20,72.73669866041844,24
Транспорт,72,3,pooled,87.2819056184947,24
Транспорт,72,3,shrink_20,86.6140463311554,24
Транспорт,72,6,pooled,95.96386223259758,24
Транспорт,72,6,shrink_20,101.18214983563632,24
Транспорт,73,1,pooled,71.01618613754698,21
Транспорт,73,1,shrink_20,72.36059998697246,21
Транспорт,73,3,pooled,81.68200715576477,21
Транспорт,73,3,shrink_20,81.91383311342207,21
Транспорт,73,6,pooled,93.49591272476374,21
Транспорт,73,6,shrink_20,81.8562758892588,21
Транспорт,74,1,pooled,56.144808553537324,37
Транспорт,74,1,shrink_20,55.16006415977853,37
Транспорт,74,3,pooled,69.50779682153464,37
Транспорт,74,3,shrink_20,70.88224590101304,37
Транспорт,74,6,pooled,63.892297925948306,37
Транспорт,74,6,shrink_20,77.02250771841554,37
Транспорт,75,1,pooled,98.47760182923953,28
Транспорт,75,1,shrink_20,102.27288663911875,28
Транспорт,75,3,pooled,131.96036622449896,28
Транспорт,75,3,shrink_20,130.0603945775465,28
Транспорт,75,6,pooled,127.27829244931384,28
Транспорт,75,6,shrink_20,125.87189484639755,28
Транспорт,76,1,pooled,70.10223898291045,19
Транспорт,76,1,shrink_20,71.30069984349404,19
Транспорт,76,3,pooled,108.57829448075132,19
Транспорт,76,3,shrink_20,110.512967212322,19
Транспорт,76,6,pooled,178.68038152038898,19
Транспорт,76,6,shrink_20,180.11550856684963,19
Транспорт,77,1,pooled,109.39696486409275,144
Транспорт,77,1,shrink_20,91.16787090200921,144
Транспорт,77,3,pooled,180.68711182465907,144
Транспорт,77,3,shrink_20,184.08650226933983,144
Транспорт,77,6,pooled,129.38379762388962,144
Транспорт,77,6,shrink_20,199.56705045311105,144
Транспорт,78,1,pooled,93.92187654346736,98
Транспорт,78,1,shrink_20,81.80023741992015,98
Транспорт,78,3,pooled,129.43535688997093,98
Транспорт,78,3,shrink_20,147.38832007736485,98
Транспорт,78,6,pooled,257.13001425002545,98
Транспорт,78,6,shrink_20,159.617431698061,98
Транспорт,79,1,pooled,97.17243834579654,6
Транспорт,79,1,shrink_20,97.17243834579654,6
Транспорт,79,3,pooled,129.229803875447,6
Транспорт,79,3,shrink_20,129.229803875447,6
Транспорт,79,6,pooled,199.72618477309075,6
Транспорт,79,6,shrink_20,199.72618477309075,6
Транспорт,83,1,pooled,179.09502436290222,2
Транспорт,83,1,shrink_20,179.09502436290222,2
Транспорт,83,3,pooled,210.91581807969604,2
Транспорт,83,3,shrink_20,210.91581807969604,2
Транспорт,83,6,pooled,451.78159532333825,2
Транспорт,83,6,shrink_20,451.78159532333825,2
Транспорт,86,1,pooled,105.44375481586708,22
Транспорт,86,1,shrink_20,93.84513296433009,22
Транспорт,86,3,pooled,159.6140717380238,22
Транспорт,86,3,shrink_20,143.5585079754158,22
Транспорт,86,6,pooled,222.129335969334,22
Транспорт,86,6,shrink_20,251.64834793795833,22
Транспорт,87,1,pooled,249.6739439659772,4
Транспорт,87,1,shrink_20,249.6739439659772,4
Транспорт,87,3,pooled,383.64642279419195,4
Транспорт,87,3,shrink_20,383.64642279419195,4
Транспорт,87,6,pooled,250.40546462251154,4
Транспорт,87,6,shrink_20,250.40546462251154,4
Транспорт,89,1,pooled,196.26322057610474,13
Транспорт,89,1,shrink_20,156.59412657626496,13
Транспорт,89,3,pooled,439.6249466003549,13
Транспорт,89,3,shrink_20,296.16438212306485,13
Транспорт,89,6,pooled,457.1676883919106,13
Транспорт,89,6,shrink_20,361.78291435722434,13
