territory_id,origin,target,horizon
12,2023-12,2024-01,1
12,2023-12,2024-03,3
12,2023-12,2024-06,6
12,2023-12,2024-12,12
12,2024-01,2024-02,1
12,2024-01,2024-04,3
12,2024-01,2024-07,6
12,2024-02,2024-03,1
12,2024-02,2024-05,3
12,2024-02,2024-08,6
12,2024-03,2024-04,1
12,2024-03,2024-06,3
12,2024-03,2024-09,6
12,2024-04,2024-05,1
12,2024-04,2024-07,3
12,2024-04,2024-10,6
12,2024-05,2024-06,1
12,2024-05,2024-08,3
12,2024-05,2024-11,6
12,2024-06,2024-07,1
12,2024-06,2024-09,3
12,2024-06,2024-12,6
12,2024-07,2024-08,1
12,2024-07,2024-10,3
12,2024-08,2024-09,1
12,2024-08,2024-11,3
12,2024-09,2024-10,1
12,2024-09,2024-12,3
12,2024-10,2024-11,1
12,2024-11,2024-12,1
21,2023-12,2024-01,1
21,2023-12,2024-03,3
21,2023-12,2024-06,6
21,2023-12,2024-12,12
21,2024-01,2024-02,1
21,2024-01,2024-04,3
21,2024-01,2024-07,6
21,2024-02,2024-03,1
21,2024-02,2024-05,3
21,2024-02,2024-08,6
21,2024-03,2024-04,1
21,2024-03,2024-06,3
21,2024-03,2024-09,6
21,2024-04,2024-05,1
21,2024-04,2024-07,3
21,2024-04,2024-10,6
21,2024-05,2024-06,1
21,2024-05,2024-08,3
21,2024-05,2024-11,6
21,2024-06,2024-07,1
21,2024-06,2024-09,3
21,2024-06,2024-12,6
21,2024-07,2024-08,1
21,2024-07,2024-10,3
21,2024-08,2024-09,1
21,2024-08,2024-11,3
21,2024-09,2024-10,1
21,2024-09,2024-12,3
21,2024-10,2024-11,1
21,2024-11,2024-12,1
43,2023-12,2024-01,1
43,2023-12,2024-03,3
43,2023-12,2024-06,6
43,2023-12,2024-12,12
43,2024-01,2024-02,1
43,2024-01,2024-04,3
43,2024-01,2024-07,6
43,2024-02,2024-03,1
43,2024-02,2024-05,3
43,2024-02,2024-08,6
43,2024-03,2024-04,1
43,2024-03,2024-06,3
43,2024-03,2024-09,6
43,2024-04,2024-05,1
43,2024-04,2024-07,3
43,2024-04,2024-10,6
43,2024-05,2024-06,1
43,2024-05,2024-08,3
43,2024-05,2024-11,6
43,2024-06,2024-07,1
43,2024-06,2024-09,3
43,2024-06,2024-12,6
43,2024-07,2024-08,1
43,2024-07,2024-10,3
43,2024-08,2024-09,1
43,2024-08,2024-11,3
43,2024-09,2024-10,1
43,2024-09,2024-12,3
43,2024-10,2024-11,1
43,2024-11,2024-12,1
50,2023-12,2024-01,1
50,2023-12,2024-03,3
50,2023-12,2024-06,6
50,2023-12,2024-12,12
50,2024-01,2024-02,1
50,2024-01,2024-04,3
50,2024-01,2024-07,6
50,2024-02,2024-03,1
50,2024-02,2024-05,3
50,2024-02,2024-08,6
50,2024-03,2024-04,1
50,2024-03,2024-06,3
50,2024-03,2024-09,6
50,2024-04,2024-05,1
50,2024-04,2024-07,3
50,2024-04,2024-10,6
50,2024-05,2024-06,1
50,2024-05,2024-08,3
50,2024-05,2024-11,6
50,2024-06,2024-07,1
50,2024-06,2024-09,3
50,2024-06,2024-12,6
50,2024-07,2024-08,1
50,2024-07,2024-10,3
50,2024-08,2024-09,1
50,2024-08,2024-11,3
50,2024-09,2024-10,1
50,2024-09,2024-12,3
50,2024-10,2024-11,1
50,2024-11,2024-12,1
58,2023-12,2024-01,1
58,2023-12,2024-03,3
58,2023-12,2024-06,6
58,2023-12,2024-12,12
58,2024-01,2024-02,1
58,2024-01,2024-04,3
58,2024-01,2024-07,6
58,2024-02,2024-03,1
58,2024-02,2024-05,3
58,2024-02,2024-08,6
58,2024-03,2024-04,1
58,2024-03,2024-06,3
58,2024-03,2024-09,6
58,2024-04,2024-05,1
58,2024-04,2024-07,3
58,2024-04,2024-10,6
58,2024-05,2024-06,1
58,2024-05,2024-08,3
58,2024-05,2024-11,6
58,2024-06,2024-07,1
58,2024-06,2024-09,3
58,2024-06,2024-12,6
58,2024-07,2024-08,1
58,2024-07,2024-10,3
58,2024-08,2024-09,1
58,2024-08,2024-11,3
58,2024-09,2024-10,1
58,2024-09,2024-12,3
58,2024-10,2024-11,1
58,2024-11,2024-12,1
83,2023-12,2024-01,1
83,2023-12,2024-03,3
83,2023-12,2024-06,6
83,2023-12,2024-12,12
83,2024-01,2024-02,1
83,2024-01,2024-04,3
83,2024-01,2024-07,6
83,2024-02,2024-03,1
83,2024-02,2024-05,3
83,2024-02,2024-08,6
83,2024-03,2024-04,1
83,2024-03,2024-06,3
83,2024-03,2024-09,6
83,2024-04,2024-05,1
83,2024-04,2024-07,3
83,2024-04,2024-10,6
83,2024-05,2024-06,1
83,2024-05,2024-08,3
83,2024-05,2024-11,6
83,2024-06,2024-07,1
83,2024-06,2024-09,3
83,2024-06,2024-12,6
83,2024-07,2024-08,1
83,2024-07,2024-10,3
83,2024-08,2024-09,1
83,2024-08,2024-11,3
83,2024-09,2024-10,1
83,2024-09,2024-12,3
83,2024-10,2024-11,1
83,2024-11,2024-12,1
205,2023-12,2024-01,1
205,2023-12,2024-03,3
205,2023-12,2024-06,6
205,2023-12,2024-12,12
205,2024-01,2024-02,1
205,2024-01,2024-04,3
205,2024-01,2024-07,6
205,2024-02,2024-03,1
205,2024-02,2024-05,3
205,2024-02,2024-08,6
205,2024-03,2024-04,1
205,2024-03,2024-06,3
205,2024-03,2024-09,6
205,2024-04,2024-05,1
205,2024-04,2024-07,3
205,2024-04,2024-10,6
205,2024-05,2024-06,1
205,2024-05,2024-08,3
205,2024-05,2024-11,6
205,2024-06,2024-07,1
205,2024-06,2024-09,3
205,2024-06,2024-12,6
205,2024-07,2024-08,1
205,2024-07,2024-10,3
205,2024-08,2024-09,1
205,2024-08,2024-11,3
205,2024-09,2024-10,1
205,2024-09,2024-12,3
205,2024-10,2024-11,1
205,2024-11,2024-12,1
210,2023-12,2024-01,1
210,2023-12,2024-03,3
210,2023-12,2024-06,6
210,2023-12,2024-12,12
210,2024-01,2024-02,1
210,2024-01,2024-04,3
210,2024-01,2024-07,6
210,2024-02,2024-03,1
210,2024-02,2024-05,3
210,2024-02,2024-08,6
210,2024-03,2024-04,1
210,2024-03,2024-06,3
210,2024-03,2024-09,6
210,2024-04,2024-05,1
210,2024-04,2024-07,3
210,2024-04,2024-10,6
210,2024-05,2024-06,1
210,2024-05,2024-08,3
210,2024-05,2024-11,6
210,2024-06,2024-07,1
210,2024-06,2024-09,3
210,2024-06,2024-12,6
210,2024-07,2024-08,1
210,2024-07,2024-10,3
210,2024-08,2024-09,1
210,2024-08,2024-11,3
210,2024-09,2024-10,1
210,2024-09,2024-12,3
210,2024-10,2024-11,1
210,2024-11,2024-12,1
220,2023-12,2024-01,1
220,2023-12,2024-03,3
220,2023-12,2024-06,6
220,2023-12,2024-12,12
220,2024-01,2024-02,1
220,2024-01,2024-04,3
220,2024-01,2024-07,6
220,2024-02,2024-03,1
220,2024-02,2024-05,3
220,2024-02,2024-08,6
220,2024-03,2024-04,1
220,2024-03,2024-06,3
220,2024-03,2024-09,6
220,2024-04,2024-05,1
220,2024-04,2024-07,3
220,2024-04,2024-10,6
220,2024-05,2024-06,1
220,2024-05,2024-08,3
220,2024-05,2024-11,6
220,2024-06,2024-07,1
220,2024-06,2024-09,3
220,2024-06,2024-12,6
220,2024-07,2024-08,1
220,2024-07,2024-10,3
220,2024-08,2024-09,1
220,2024-08,2024-11,3
220,2024-09,2024-10,1
220,2024-09,2024-12,3
220,2024-10,2024-11,1
220,2024-11,2024-12,1
225,2023-12,2024-01,1
225,2023-12,2024-03,3
225,2023-12,2024-06,6
225,2023-12,2024-12,12
225,2024-01,2024-02,1
225,2024-01,2024-04,3
225,2024-01,2024-07,6
225,2024-02,2024-03,1
225,2024-02,2024-05,3
225,2024-02,2024-08,6
225,2024-03,2024-04,1
225,2024-03,2024-06,3
225,2024-03,2024-09,6
225,2024-04,2024-05,1
225,2024-04,2024-07,3
225,2024-04,2024-10,6
225,2024-05,2024-06,1
225,2024-05,2024-08,3
225,2024-05,2024-11,6
225,2024-06,2024-07,1
225,2024-06,2024-09,3
225,2024-06,2024-12,6
225,2024-07,2024-08,1
225,2024-07,2024-10,3
225,2024-08,2024-09,1
225,2024-08,2024-11,3
225,2024-09,2024-10,1
225,2024-09,2024-12,3
225,2024-10,2024-11,1
225,2024-11,2024-12,1
236,2023-12,2024-01,1
236,2023-12,2024-03,3
236,2023-12,2024-06,6
236,2023-12,2024-12,12
236,2024-01,2024-02,1
236,2024-01,2024-04,3
236,2024-01,2024-07,6
236,2024-02,2024-03,1
236,2024-02,2024-05,3
236,2024-02,2024-08,6
236,2024-03,2024-04,1
236,2024-03,2024-06,3
236,2024-03,2024-09,6
236,2024-04,2024-05,1
236,2024-04,2024-07,3
236,2024-04,2024-10,6
236,2024-05,2024-06,1
236,2024-05,2024-08,3
236,2024-05,2024-11,6
236,2024-06,2024-07,1
236,2024-06,2024-09,3
236,2024-06,2024-12,6
236,2024-07,2024-08,1
236,2024-07,2024-10,3
236,2024-08,2024-09,1
236,2024-08,2024-11,3
236,2024-09,2024-10,1
236,2024-09,2024-12,3
236,2024-10,2024-11,1
236,2024-11,2024-12,1
242,2023-12,2024-01,1
242,2023-12,2024-03,3
242,2023-12,2024-06,6
242,2023-12,2024-12,12
242,2024-01,2024-02,1
242,2024-01,2024-04,3
242,2024-01,2024-07,6
242,2024-02,2024-03,1
242,2024-02,2024-05,3
242,2024-02,2024-08,6
242,2024-03,2024-04,1
242,2024-03,2024-06,3
242,2024-03,2024-09,6
242,2024-04,2024-05,1
242,2024-04,2024-07,3
242,2024-04,2024-10,6
242,2024-05,2024-06,1
242,2024-05,2024-08,3
242,2024-05,2024-11,6
242,2024-06,2024-07,1
242,2024-06,2024-09,3
242,2024-06,2024-12,6
242,2024-07,2024-08,1
242,2024-07,2024-10,3
242,2024-08,2024-09,1
242,2024-08,2024-11,3
242,2024-09,2024-10,1
242,2024-09,2024-12,3
242,2024-10,2024-11,1
242,2024-11,2024-12,1
275,2023-12,2024-01,1
275,2023-12,2024-03,3
275,2023-12,2024-06,6
275,2023-12,2024-12,12
275,2024-01,2024-02,1
275,2024-01,2024-04,3
275,2024-01,2024-07,6
275,2024-02,2024-03,1
275,2024-02,2024-05,3
275,2024-02,2024-08,6
275,2024-03,2024-04,1
275,2024-03,2024-06,3
275,2024-03,2024-09,6
275,2024-04,2024-05,1
275,2024-04,2024-07,3
275,2024-04,2024-10,6
275,2024-05,2024-06,1
275,2024-05,2024-08,3
275,2024-05,2024-11,6
275,2024-06,2024-07,1
275,2024-06,2024-09,3
275,2024-06,2024-12,6
275,2024-07,2024-08,1
275,2024-07,2024-10,3
275,2024-08,2024-09,1
275,2024-08,2024-11,3
275,2024-09,2024-10,1
275,2024-09,2024-12,3
275,2024-10,2024-11,1
275,2024-11,2024-12,1
278,2023-12,2024-01,1
278,2023-12,2024-03,3
278,2023-12,2024-06,6
278,2023-12,2024-12,12
278,2024-01,2024-02,1
278,2024-01,2024-04,3
278,2024-01,2024-07,6
278,2024-02,2024-03,1
278,2024-02,2024-05,3
278,2024-02,2024-08,6
278,2024-03,2024-04,1
278,2024-03,2024-06,3
278,2024-03,2024-09,6
278,2024-04,2024-05,1
278,2024-04,2024-07,3
278,2024-04,2024-10,6
278,2024-05,2024-06,1
278,2024-05,2024-08,3
278,2024-05,2024-11,6
278,2024-06,2024-07,1
278,2024-06,2024-09,3
278,2024-06,2024-12,6
278,2024-07,2024-08,1
278,2024-07,2024-10,3
278,2024-08,2024-09,1
278,2024-08,2024-11,3
278,2024-09,2024-10,1
278,2024-09,2024-12,3
278,2024-10,2024-11,1
278,2024-11,2024-12,1
292,2023-12,2024-01,1
292,2023-12,2024-03,3
292,2023-12,2024-06,6
292,2023-12,2024-12,12
292,2024-01,2024-02,1
292,2024-01,2024-04,3
292,2024-01,2024-07,6
292,2024-02,2024-03,1
292,2024-02,2024-05,3
292,2024-02,2024-08,6
292,2024-03,2024-04,1
292,2024-03,2024-06,3
292,2024-03,2024-09,6
292,2024-04,2024-05,1
292,2024-04,2024-07,3
292,2024-04,2024-10,6
292,2024-05,2024-06,1
292,2024-05,2024-08,3
292,2024-05,2024-11,6
292,2024-06,2024-07,1
292,2024-06,2024-09,3
292,2024-06,2024-12,6
292,2024-07,2024-08,1
292,2024-07,2024-10,3
292,2024-08,2024-09,1
292,2024-08,2024-11,3
292,2024-09,2024-10,1
292,2024-09,2024-12,3
292,2024-10,2024-11,1
292,2024-11,2024-12,1
306,2023-12,2024-01,1
306,2023-12,2024-03,3
306,2023-12,2024-06,6
306,2023-12,2024-12,12
306,2024-01,2024-02,1
306,2024-01,2024-04,3
306,2024-01,2024-07,6
306,2024-02,2024-03,1
306,2024-02,2024-05,3
306,2024-02,2024-08,6
306,2024-03,2024-04,1
306,2024-03,2024-06,3
306,2024-03,2024-09,6
306,2024-04,2024-05,1
306,2024-04,2024-07,3
306,2024-04,2024-10,6
306,2024-05,2024-06,1
306,2024-05,2024-08,3
306,2024-05,2024-11,6
306,2024-06,2024-07,1
306,2024-06,2024-09,3
306,2024-06,2024-12,6
306,2024-07,2024-08,1
306,2024-07,2024-10,3
306,2024-08,2024-09,1
306,2024-08,2024-11,3
306,2024-09,2024-10,1
306,2024-09,2024-12,3
306,2024-10,2024-11,1
306,2024-11,2024-12,1
316,2023-12,2024-01,1
316,2023-12,2024-03,3
316,2023-12,2024-06,6
316,2023-12,2024-12,12
316,2024-01,2024-02,1
316,2024-01,2024-04,3
316,2024-01,2024-07,6
316,2024-02,2024-03,1
316,2024-02,2024-05,3
316,2024-02,2024-08,6
316,2024-03,2024-04,1
316,2024-03,2024-06,3
316,2024-03,2024-09,6
316,2024-04,2024-05,1
316,2024-04,2024-07,3
316,2024-04,2024-10,6
316,2024-05,2024-06,1
316,2024-05,2024-08,3
316,2024-05,2024-11,6
316,2024-06,2024-07,1
316,2024-06,2024-09,3
316,2024-06,2024-12,6
316,2024-07,2024-08,1
316,2024-07,2024-10,3
316,2024-08,2024-09,1
316,2024-08,2024-11,3
316,2024-09,2024-10,1
316,2024-09,2024-12,3
316,2024-10,2024-11,1
316,2024-11,2024-12,1
329,2023-12,2024-01,1
329,2023-12,2024-03,3
329,2023-12,2024-06,6
329,2023-12,2024-12,12
329,2024-01,2024-02,1
329,2024-01,2024-04,3
329,2024-01,2024-07,6
329,2024-02,2024-03,1
329,2024-02,2024-05,3
329,2024-02,2024-08,6
329,2024-03,2024-04,1
329,2024-03,2024-06,3
329,2024-03,2024-09,6
329,2024-04,2024-05,1
329,2024-04,2024-07,3
329,2024-04,2024-10,6
329,2024-05,2024-06,1
329,2024-05,2024-08,3
329,2024-05,2024-11,6
329,2024-06,2024-07,1
329,2024-06,2024-09,3
329,2024-06,2024-12,6
329,2024-07,2024-08,1
329,2024-07,2024-10,3
329,2024-08,2024-09,1
329,2024-08,2024-11,3
329,2024-09,2024-10,1
329,2024-09,2024-12,3
329,2024-10,2024-11,1
329,2024-11,2024-12,1
332,2023-12,2024-01,1
332,2023-12,2024-03,3
332,2023-12,2024-06,6
332,2023-12,2024-12,12
332,2024-01,2024-02,1
332,2024-01,2024-04,3
332,2024-01,2024-07,6
332,2024-02,2024-03,1
332,2024-02,2024-05,3
332,2024-02,2024-08,6
332,2024-03,2024-04,1
332,2024-03,2024-06,3
332,2024-03,2024-09,6
332,2024-04,2024-05,1
332,2024-04,2024-07,3
332,2024-04,2024-10,6
332,2024-05,2024-06,1
332,2024-05,2024-08,3
332,2024-05,2024-11,6
332,2024-06,2024-07,1
332,2024-06,2024-09,3
332,2024-06,2024-12,6
332,2024-07,2024-08,1
332,2024-07,2024-10,3
332,2024-08,2024-09,1
332,2024-08,2024-11,3
332,2024-09,2024-10,1
332,2024-09,2024-12,3
332,2024-10,2024-11,1
332,2024-11,2024-12,1
363,2023-12,2024-01,1
363,2023-12,2024-03,3
363,2023-12,2024-06,6
363,2023-12,2024-12,12
363,2024-01,2024-02,1
363,2024-01,2024-04,3
363,2024-01,2024-07,6
363,2024-02,2024-03,1
363,2024-02,2024-05,3
363,2024-02,2024-08,6
363,2024-03,2024-04,1
363,2024-03,2024-06,3
363,2024-03,2024-09,6
363,2024-04,2024-05,1
363,2024-04,2024-07,3
363,2024-04,2024-10,6
363,2024-05,2024-06,1
363,2024-05,2024-08,3
363,2024-05,2024-11,6
363,2024-06,2024-07,1
363,2024-06,2024-09,3
363,2024-06,2024-12,6
363,2024-07,2024-08,1
363,2024-07,2024-10,3
363,2024-08,2024-09,1
363,2024-08,2024-11,3
363,2024-09,2024-10,1
363,2024-09,2024-12,3
363,2024-10,2024-11,1
363,2024-11,2024-12,1
365,2023-12,2024-01,1
365,2023-12,2024-03,3
365,2023-12,2024-06,6
365,2023-12,2024-12,12
365,2024-01,2024-02,1
365,2024-01,2024-04,3
365,2024-01,2024-07,6
365,2024-02,2024-03,1
365,2024-02,2024-05,3
365,2024-02,2024-08,6
365,2024-03,2024-04,1
365,2024-03,2024-06,3
365,2024-03,2024-09,6
365,2024-04,2024-05,1
365,2024-04,2024-07,3
365,2024-04,2024-10,6
365,2024-05,2024-06,1
365,2024-05,2024-08,3
365,2024-05,2024-11,6
365,2024-06,2024-07,1
365,2024-06,2024-09,3
365,2024-06,2024-12,6
365,2024-07,2024-08,1
365,2024-07,2024-10,3
365,2024-08,2024-09,1
365,2024-08,2024-11,3
365,2024-09,2024-10,1
365,2024-09,2024-12,3
365,2024-10,2024-11,1
365,2024-11,2024-12,1
372,2023-12,2024-01,1
372,2023-12,2024-03,3
372,2023-12,2024-06,6
372,2023-12,2024-12,12
372,2024-01,2024-02,1
372,2024-01,2024-04,3
372,2024-01,2024-07,6
372,2024-02,2024-03,1
372,2024-02,2024-05,3
372,2024-02,2024-08,6
372,2024-03,2024-04,1
372,2024-03,2024-06,3
372,2024-03,2024-09,6
372,2024-04,2024-05,1
372,2024-04,2024-07,3
372,2024-04,2024-10,6
372,2024-05,2024-06,1
372,2024-05,2024-08,3
372,2024-05,2024-11,6
372,2024-06,2024-07,1
372,2024-06,2024-09,3
372,2024-06,2024-12,6
372,2024-07,2024-08,1
372,2024-07,2024-10,3
372,2024-08,2024-09,1
372,2024-08,2024-11,3
372,2024-09,2024-10,1
372,2024-09,2024-12,3
372,2024-10,2024-11,1
372,2024-11,2024-12,1
384,2023-12,2024-01,1
384,2023-12,2024-03,3
384,2023-12,2024-06,6
384,2023-12,2024-12,12
384,2024-01,2024-02,1
384,2024-01,2024-04,3
384,2024-01,2024-07,6
384,2024-02,2024-03,1
384,2024-02,2024-05,3
384,2024-02,2024-08,6
384,2024-03,2024-04,1
384,2024-03,2024-06,3
384,2024-03,2024-09,6
384,2024-04,2024-05,1
384,2024-04,2024-07,3
384,2024-04,2024-10,6
384,2024-05,2024-06,1
384,2024-05,2024-08,3
384,2024-05,2024-11,6
384,2024-06,2024-07,1
384,2024-06,2024-09,3
384,2024-06,2024-12,6
384,2024-07,2024-08,1
384,2024-07,2024-10,3
384,2024-08,2024-09,1
384,2024-08,2024-11,3
384,2024-09,2024-10,1
384,2024-09,2024-12,3
384,2024-10,2024-11,1
384,2024-11,2024-12,1
387,2023-12,2024-01,1
387,2023-12,2024-03,3
387,2023-12,2024-06,6
387,2023-12,2024-12,12
387,2024-01,2024-02,1
387,2024-01,2024-04,3
387,2024-01,2024-07,6
387,2024-02,2024-03,1
387,2024-02,2024-05,3
387,2024-02,2024-08,6
387,2024-03,2024-04,1
387,2024-03,2024-06,3
387,2024-03,2024-09,6
387,2024-04,2024-05,1
387,2024-04,2024-07,3
387,2024-04,2024-10,6
387,2024-05,2024-06,1
387,2024-05,2024-08,3
387,2024-05,2024-11,6
387,2024-06,2024-07,1
387,2024-06,2024-09,3
387,2024-06,2024-12,6
387,2024-07,2024-08,1
387,2024-07,2024-10,3
387,2024-08,2024-09,1
387,2024-08,2024-11,3
387,2024-09,2024-10,1
387,2024-09,2024-12,3
387,2024-10,2024-11,1
387,2024-11,2024-12,1
405,2023-12,2024-01,1
405,2023-12,2024-03,3
405,2023-12,2024-06,6
405,2023-12,2024-12,12
405,2024-01,2024-02,1
405,2024-01,2024-04,3
405,2024-01,2024-07,6
405,2024-02,2024-03,1
405,2024-02,2024-05,3
405,2024-02,2024-08,6
405,2024-03,2024-04,1
405,2024-03,2024-06,3
405,2024-03,2024-09,6
405,2024-04,2024-05,1
405,2024-04,2024-07,3
405,2024-04,2024-10,6
405,2024-05,2024-06,1
405,2024-05,2024-08,3
405,2024-05,2024-11,6
405,2024-06,2024-07,1
405,2024-06,2024-09,3
405,2024-06,2024-12,6
405,2024-07,2024-08,1
405,2024-07,2024-10,3
405,2024-08,2024-09,1
405,2024-08,2024-11,3
405,2024-09,2024-10,1
405,2024-09,2024-12,3
405,2024-10,2024-11,1
405,2024-11,2024-12,1
414,2023-12,2024-01,1
414,2023-12,2024-03,3
414,2023-12,2024-06,6
414,2023-12,2024-12,12
414,2024-01,2024-02,1
414,2024-01,2024-04,3
414,2024-01,2024-07,6
414,2024-02,2024-03,1
414,2024-02,2024-05,3
414,2024-02,2024-08,6
414,2024-03,2024-04,1
414,2024-03,2024-06,3
414,2024-03,2024-09,6
414,2024-04,2024-05,1
414,2024-04,2024-07,3
414,2024-04,2024-10,6
414,2024-05,2024-06,1
414,2024-05,2024-08,3
414,2024-05,2024-11,6
414,2024-06,2024-07,1
414,2024-06,2024-09,3
414,2024-06,2024-12,6
414,2024-07,2024-08,1
414,2024-07,2024-10,3
414,2024-08,2024-09,1
414,2024-08,2024-11,3
414,2024-09,2024-10,1
414,2024-09,2024-12,3
414,2024-10,2024-11,1
414,2024-11,2024-12,1
418,2023-12,2024-01,1
418,2023-12,2024-03,3
418,2023-12,2024-06,6
418,2023-12,2024-12,12
418,2024-01,2024-02,1
418,2024-01,2024-04,3
418,2024-01,2024-07,6
418,2024-02,2024-03,1
418,2024-02,2024-05,3
418,2024-02,2024-08,6
418,2024-03,2024-04,1
418,2024-03,2024-06,3
418,2024-03,2024-09,6
418,2024-04,2024-05,1
418,2024-04,2024-07,3
418,2024-04,2024-10,6
418,2024-05,2024-06,1
418,2024-05,2024-08,3
418,2024-05,2024-11,6
418,2024-06,2024-07,1
418,2024-06,2024-09,3
418,2024-06,2024-12,6
418,2024-07,2024-08,1
418,2024-07,2024-10,3
418,2024-08,2024-09,1
418,2024-08,2024-11,3
418,2024-09,2024-10,1
418,2024-09,2024-12,3
418,2024-10,2024-11,1
418,2024-11,2024-12,1
435,2023-12,2024-01,1
435,2023-12,2024-03,3
435,2023-12,2024-06,6
435,2023-12,2024-12,12
435,2024-01,2024-02,1
435,2024-01,2024-04,3
435,2024-01,2024-07,6
435,2024-02,2024-03,1
435,2024-02,2024-05,3
435,2024-02,2024-08,6
435,2024-03,2024-04,1
435,2024-03,2024-06,3
435,2024-03,2024-09,6
435,2024-04,2024-05,1
435,2024-04,2024-07,3
435,2024-04,2024-10,6
435,2024-05,2024-06,1
435,2024-05,2024-08,3
435,2024-05,2024-11,6
435,2024-06,2024-07,1
435,2024-06,2024-09,3
435,2024-06,2024-12,6
435,2024-07,2024-08,1
435,2024-07,2024-10,3
435,2024-08,2024-09,1
435,2024-08,2024-11,3
435,2024-09,2024-10,1
435,2024-09,2024-12,3
435,2024-10,2024-11,1
435,2024-11,2024-12,1
448,2023-12,2024-01,1
448,2023-12,2024-03,3
448,2023-12,2024-06,6
448,2023-12,2024-12,12
448,2024-01,2024-02,1
448,2024-01,2024-04,3
448,2024-01,2024-07,6
448,2024-02,2024-03,1
448,2024-02,2024-05,3
448,2024-02,2024-08,6
448,2024-03,2024-04,1
448,2024-03,2024-06,3
448,2024-03,2024-09,6
448,2024-04,2024-05,1
448,2024-04,2024-07,3
448,2024-04,2024-10,6
448,2024-05,2024-06,1
448,2024-05,2024-08,3
448,2024-05,2024-11,6
448,2024-06,2024-07,1
448,2024-06,2024-09,3
448,2024-06,2024-12,6
448,2024-07,2024-08,1
448,2024-07,2024-10,3
448,2024-08,2024-09,1
448,2024-08,2024-11,3
448,2024-09,2024-10,1
448,2024-09,2024-12,3
448,2024-10,2024-11,1
448,2024-11,2024-12,1
458,2023-12,2024-01,1
458,2023-12,2024-03,3
458,2023-12,2024-06,6
458,2023-12,2024-12,12
458,2024-01,2024-02,1
458,2024-01,2024-04,3
458,2024-01,2024-07,6
458,2024-02,2024-03,1
458,2024-02,2024-05,3
458,2024-02,2024-08,6
458,2024-03,2024-04,1
458,2024-03,2024-06,3
458,2024-03,2024-09,6
458,2024-04,2024-05,1
458,2024-04,2024-07,3
458,2024-04,2024-10,6
458,2024-05,2024-06,1
458,2024-05,2024-08,3
458,2024-05,2024-11,6
458,2024-06,2024-07,1
458,2024-06,2024-09,3
458,2024-06,2024-12,6
458,2024-07,2024-08,1
458,2024-07,2024-10,3
458,2024-08,2024-09,1
458,2024-08,2024-11,3
458,2024-09,2024-10,1
458,2024-09,2024-12,3
458,2024-10,2024-11,1
458,2024-11,2024-12,1
486,2023-12,2024-01,1
486,2023-12,2024-03,3
486,2023-12,2024-06,6
486,2023-12,2024-12,12
486,2024-01,2024-02,1
486,2024-01,2024-04,3
486,2024-01,2024-07,6
486,2024-02,2024-03,1
486,2024-02,2024-05,3
486,2024-02,2024-08,6
486,2024-03,2024-04,1
486,2024-03,2024-06,3
486,2024-03,2024-09,6
486,2024-04,2024-05,1
486,2024-04,2024-07,3
486,2024-04,2024-10,6
486,2024-05,2024-06,1
486,2024-05,2024-08,3
486,2024-05,2024-11,6
486,2024-06,2024-07,1
486,2024-06,2024-09,3
486,2024-06,2024-12,6
486,2024-07,2024-08,1
486,2024-07,2024-10,3
486,2024-08,2024-09,1
486,2024-08,2024-11,3
486,2024-09,2024-10,1
486,2024-09,2024-12,3
486,2024-10,2024-11,1
486,2024-11,2024-12,1
501,2023-12,2024-01,1
501,2023-12,2024-03,3
501,2023-12,2024-06,6
501,2023-12,2024-12,12
501,2024-01,2024-02,1
501,2024-01,2024-04,3
501,2024-01,2024-07,6
501,2024-02,2024-03,1
501,2024-02,2024-05,3
501,2024-02,2024-08,6
501,2024-03,2024-04,1
501,2024-03,2024-06,3
501,2024-03,2024-09,6
501,2024-04,2024-05,1
501,2024-04,2024-07,3
501,2024-04,2024-10,6
501,2024-05,2024-06,1
501,2024-05,2024-08,3
501,2024-05,2024-11,6
501,2024-06,2024-07,1
501,2024-06,2024-09,3
501,2024-06,2024-12,6
501,2024-07,2024-08,1
501,2024-07,2024-10,3
501,2024-08,2024-09,1
501,2024-08,2024-11,3
501,2024-09,2024-10,1
501,2024-09,2024-12,3
501,2024-10,2024-11,1
501,2024-11,2024-12,1
512,2023-12,2024-01,1
512,2023-12,2024-03,3
512,2023-12,2024-06,6
512,2023-12,2024-12,12
512,2024-01,2024-02,1
512,2024-01,2024-04,3
512,2024-01,2024-07,6
512,2024-02,2024-03,1
512,2024-02,2024-05,3
512,2024-02,2024-08,6
512,2024-03,2024-04,1
512,2024-03,2024-06,3
512,2024-03,2024-09,6
512,2024-04,2024-05,1
512,2024-04,2024-07,3
512,2024-04,2024-10,6
512,2024-05,2024-06,1
512,2024-05,2024-08,3
512,2024-05,2024-11,6
512,2024-06,2024-07,1
512,2024-06,2024-09,3
512,2024-06,2024-12,6
512,2024-07,2024-08,1
512,2024-07,2024-10,3
512,2024-08,2024-09,1
512,2024-08,2024-11,3
512,2024-09,2024-10,1
512,2024-09,2024-12,3
512,2024-10,2024-11,1
512,2024-11,2024-12,1
516,2023-12,2024-01,1
516,2023-12,2024-03,3
516,2023-12,2024-06,6
516,2023-12,2024-12,12
516,2024-01,2024-02,1
516,2024-01,2024-04,3
516,2024-01,2024-07,6
516,2024-02,2024-03,1
516,2024-02,2024-05,3
516,2024-02,2024-08,6
516,2024-03,2024-04,1
516,2024-03,2024-06,3
516,2024-03,2024-09,6
516,2024-04,2024-05,1
516,2024-04,2024-07,3
516,2024-04,2024-10,6
516,2024-05,2024-06,1
516,2024-05,2024-08,3
516,2024-05,2024-11,6
516,2024-06,2024-07,1
516,2024-06,2024-09,3
516,2024-06,2024-12,6
516,2024-07,2024-08,1
516,2024-07,2024-10,3
516,2024-08,2024-09,1
516,2024-08,2024-11,3
516,2024-09,2024-10,1
516,2024-09,2024-12,3
516,2024-10,2024-11,1
516,2024-11,2024-12,1
518,2023-12,2024-01,1
518,2023-12,2024-03,3
518,2023-12,2024-06,6
518,2023-12,2024-12,12
518,2024-01,2024-02,1
518,2024-01,2024-04,3
518,2024-01,2024-07,6
518,2024-02,2024-03,1
518,2024-02,2024-05,3
518,2024-02,2024-08,6
518,2024-03,2024-04,1
518,2024-03,2024-06,3
518,2024-03,2024-09,6
518,2024-04,2024-05,1
518,2024-04,2024-07,3
518,2024-04,2024-10,6
518,2024-05,2024-06,1
518,2024-05,2024-08,3
518,2024-05,2024-11,6
518,2024-06,2024-07,1
518,2024-06,2024-09,3
518,2024-06,2024-12,6
518,2024-07,2024-08,1
518,2024-07,2024-10,3
518,2024-08,2024-09,1
518,2024-08,2024-11,3
518,2024-09,2024-10,1
518,2024-09,2024-12,3
518,2024-10,2024-11,1
518,2024-11,2024-12,1
524,2023-12,2024-01,1
524,2023-12,2024-03,3
524,2023-12,2024-06,6
524,2023-12,2024-12,12
524,2024-01,2024-02,1
524,2024-01,2024-04,3
524,2024-01,2024-07,6
524,2024-02,2024-03,1
524,2024-02,2024-05,3
524,2024-02,2024-08,6
524,2024-03,2024-04,1
524,2024-03,2024-06,3
524,2024-03,2024-09,6
524,2024-04,2024-05,1
524,2024-04,2024-07,3
524,2024-04,2024-10,6
524,2024-05,2024-06,1
524,2024-05,2024-08,3
524,2024-05,2024-11,6
524,2024-06,2024-07,1
524,2024-06,2024-09,3
524,2024-06,2024-12,6
524,2024-07,2024-08,1
524,2024-07,2024-10,3
524,2024-08,2024-09,1
524,2024-08,2024-11,3
524,2024-09,2024-10,1
524,2024-09,2024-12,3
524,2024-10,2024-11,1
524,2024-11,2024-12,1
528,2023-12,2024-01,1
528,2023-12,2024-03,3
528,2023-12,2024-06,6
528,2023-12,2024-12,12
528,2024-01,2024-02,1
528,2024-01,2024-04,3
528,2024-01,2024-07,6
528,2024-02,2024-03,1
528,2024-02,2024-05,3
528,2024-02,2024-08,6
528,2024-03,2024-04,1
528,2024-03,2024-06,3
528,2024-03,2024-09,6
528,2024-04,2024-05,1
528,2024-04,2024-07,3
528,2024-04,2024-10,6
528,2024-05,2024-06,1
528,2024-05,2024-08,3
528,2024-05,2024-11,6
528,2024-06,2024-07,1
528,2024-06,2024-09,3
528,2024-06,2024-12,6
528,2024-07,2024-08,1
528,2024-07,2024-10,3
528,2024-08,2024-09,1
528,2024-08,2024-11,3
528,2024-09,2024-10,1
528,2024-09,2024-12,3
528,2024-10,2024-11,1
528,2024-11,2024-12,1
533,2023-12,2024-01,1
533,2023-12,2024-03,3
533,2023-12,2024-06,6
533,2023-12,2024-12,12
533,2024-01,2024-02,1
533,2024-01,2024-04,3
533,2024-01,2024-07,6
533,2024-02,2024-03,1
533,2024-02,2024-05,3
533,2024-02,2024-08,6
533,2024-03,2024-04,1
533,2024-03,2024-06,3
533,2024-03,2024-09,6
533,2024-04,2024-05,1
533,2024-04,2024-07,3
533,2024-04,2024-10,6
533,2024-05,2024-06,1
533,2024-05,2024-08,3
533,2024-05,2024-11,6
533,2024-06,2024-07,1
533,2024-06,2024-09,3
533,2024-06,2024-12,6
533,2024-07,2024-08,1
533,2024-07,2024-10,3
533,2024-08,2024-09,1
533,2024-08,2024-11,3
533,2024-09,2024-10,1
533,2024-09,2024-12,3
533,2024-10,2024-11,1
533,2024-11,2024-12,1
538,2023-12,2024-01,1
538,2023-12,2024-03,3
538,2023-12,2024-06,6
538,2023-12,2024-12,12
538,2024-01,2024-02,1
538,2024-01,2024-04,3
538,2024-01,2024-07,6
538,2024-02,2024-03,1
538,2024-02,2024-05,3
538,2024-02,2024-08,6
538,2024-03,2024-04,1
538,2024-03,2024-06,3
538,2024-03,2024-09,6
538,2024-04,2024-05,1
538,2024-04,2024-07,3
538,2024-04,2024-10,6
538,2024-05,2024-06,1
538,2024-05,2024-08,3
538,2024-05,2024-11,6
538,2024-06,2024-07,1
538,2024-06,2024-09,3
538,2024-06,2024-12,6
538,2024-07,2024-08,1
538,2024-07,2024-10,3
538,2024-08,2024-09,1
538,2024-08,2024-11,3
538,2024-09,2024-10,1
538,2024-09,2024-12,3
538,2024-10,2024-11,1
538,2024-11,2024-12,1
542,2023-12,2024-01,1
542,2023-12,2024-03,3
542,2023-12,2024-06,6
542,2023-12,2024-12,12
542,2024-01,2024-02,1
542,2024-01,2024-04,3
542,2024-01,2024-07,6
542,2024-02,2024-03,1
542,2024-02,2024-05,3
542,2024-02,2024-08,6
542,2024-03,2024-04,1
542,2024-03,2024-06,3
542,2024-03,2024-09,6
542,2024-04,2024-05,1
542,2024-04,2024-07,3
542,2024-04,2024-10,6
542,2024-05,2024-06,1
542,2024-05,2024-08,3
542,2024-05,2024-11,6
542,2024-06,2024-07,1
542,2024-06,2024-09,3
542,2024-06,2024-12,6
542,2024-07,2024-08,1
542,2024-07,2024-10,3
542,2024-08,2024-09,1
542,2024-08,2024-11,3
542,2024-09,2024-10,1
542,2024-09,2024-12,3
542,2024-10,2024-11,1
542,2024-11,2024-12,1
545,2023-12,2024-01,1
545,2023-12,2024-03,3
545,2023-12,2024-06,6
545,2023-12,2024-12,12
545,2024-01,2024-02,1
545,2024-01,2024-04,3
545,2024-01,2024-07,6
545,2024-02,2024-03,1
545,2024-02,2024-05,3
545,2024-02,2024-08,6
545,2024-03,2024-04,1
545,2024-03,2024-06,3
545,2024-03,2024-09,6
545,2024-04,2024-05,1
545,2024-04,2024-07,3
545,2024-04,2024-10,6
545,2024-05,2024-06,1
545,2024-05,2024-08,3
545,2024-05,2024-11,6
545,2024-06,2024-07,1
545,2024-06,2024-09,3
545,2024-06,2024-12,6
545,2024-07,2024-08,1
545,2024-07,2024-10,3
545,2024-08,2024-09,1
545,2024-08,2024-11,3
545,2024-09,2024-10,1
545,2024-09,2024-12,3
545,2024-10,2024-11,1
545,2024-11,2024-12,1
567,2023-12,2024-01,1
567,2023-12,2024-03,3
567,2023-12,2024-06,6
567,2023-12,2024-12,12
567,2024-01,2024-02,1
567,2024-01,2024-04,3
567,2024-01,2024-07,6
567,2024-02,2024-03,1
567,2024-02,2024-05,3
567,2024-02,2024-08,6
567,2024-03,2024-04,1
567,2024-03,2024-06,3
567,2024-03,2024-09,6
567,2024-04,2024-05,1
567,2024-04,2024-07,3
567,2024-04,2024-10,6
567,2024-05,2024-06,1
567,2024-05,2024-08,3
567,2024-05,2024-11,6
567,2024-06,2024-07,1
567,2024-06,2024-09,3
567,2024-06,2024-12,6
567,2024-07,2024-08,1
567,2024-07,2024-10,3
567,2024-08,2024-09,1
567,2024-08,2024-11,3
567,2024-09,2024-10,1
567,2024-09,2024-12,3
567,2024-10,2024-11,1
567,2024-11,2024-12,1
586,2023-12,2024-01,1
586,2023-12,2024-03,3
586,2023-12,2024-06,6
586,2023-12,2024-12,12
586,2024-01,2024-02,1
586,2024-01,2024-04,3
586,2024-01,2024-07,6
586,2024-02,2024-03,1
586,2024-02,2024-05,3
586,2024-02,2024-08,6
586,2024-03,2024-04,1
586,2024-03,2024-06,3
586,2024-03,2024-09,6
586,2024-04,2024-05,1
586,2024-04,2024-07,3
586,2024-04,2024-10,6
586,2024-05,2024-06,1
586,2024-05,2024-08,3
586,2024-05,2024-11,6
586,2024-06,2024-07,1
586,2024-06,2024-09,3
586,2024-06,2024-12,6
586,2024-07,2024-08,1
586,2024-07,2024-10,3
586,2024-08,2024-09,1
586,2024-08,2024-11,3
586,2024-09,2024-10,1
586,2024-09,2024-12,3
586,2024-10,2024-11,1
586,2024-11,2024-12,1
587,2023-12,2024-01,1
587,2023-12,2024-03,3
587,2023-12,2024-06,6
587,2023-12,2024-12,12
587,2024-01,2024-02,1
587,2024-01,2024-04,3
587,2024-01,2024-07,6
587,2024-02,2024-03,1
587,2024-02,2024-05,3
587,2024-02,2024-08,6
587,2024-03,2024-04,1
587,2024-03,2024-06,3
587,2024-03,2024-09,6
587,2024-04,2024-05,1
587,2024-04,2024-07,3
587,2024-04,2024-10,6
587,2024-05,2024-06,1
587,2024-05,2024-08,3
587,2024-05,2024-11,6
587,2024-06,2024-07,1
587,2024-06,2024-09,3
587,2024-06,2024-12,6
587,2024-07,2024-08,1
587,2024-07,2024-10,3
587,2024-08,2024-09,1
587,2024-08,2024-11,3
587,2024-09,2024-10,1
587,2024-09,2024-12,3
587,2024-10,2024-11,1
587,2024-11,2024-12,1
594,2023-12,2024-01,1
594,2023-12,2024-03,3
594,2023-12,2024-06,6
594,2023-12,2024-12,12
594,2024-01,2024-02,1
594,2024-01,2024-04,3
594,2024-01,2024-07,6
594,2024-02,2024-03,1
594,2024-02,2024-05,3
594,2024-02,2024-08,6
594,2024-03,2024-04,1
594,2024-03,2024-06,3
594,2024-03,2024-09,6
594,2024-04,2024-05,1
594,2024-04,2024-07,3
594,2024-04,2024-10,6
594,2024-05,2024-06,1
594,2024-05,2024-08,3
594,2024-05,2024-11,6
594,2024-06,2024-07,1
594,2024-06,2024-09,3
594,2024-06,2024-12,6
594,2024-07,2024-08,1
594,2024-07,2024-10,3
594,2024-08,2024-09,1
594,2024-08,2024-11,3
594,2024-09,2024-10,1
594,2024-09,2024-12,3
594,2024-10,2024-11,1
594,2024-11,2024-12,1
601,2023-12,2024-01,1
601,2023-12,2024-03,3
601,2023-12,2024-06,6
601,2023-12,2024-12,12
601,2024-01,2024-02,1
601,2024-01,2024-04,3
601,2024-01,2024-07,6
601,2024-02,2024-03,1
601,2024-02,2024-05,3
601,2024-02,2024-08,6
601,2024-03,2024-04,1
601,2024-03,2024-06,3
601,2024-03,2024-09,6
601,2024-04,2024-05,1
601,2024-04,2024-07,3
601,2024-04,2024-10,6
601,2024-05,2024-06,1
601,2024-05,2024-08,3
601,2024-05,2024-11,6
601,2024-06,2024-07,1
601,2024-06,2024-09,3
601,2024-06,2024-12,6
601,2024-07,2024-08,1
601,2024-07,2024-10,3
601,2024-08,2024-09,1
601,2024-08,2024-11,3
601,2024-09,2024-10,1
601,2024-09,2024-12,3
601,2024-10,2024-11,1
601,2024-11,2024-12,1
613,2023-12,2024-01,1
613,2023-12,2024-03,3
613,2023-12,2024-06,6
613,2023-12,2024-12,12
613,2024-01,2024-02,1
613,2024-01,2024-04,3
613,2024-01,2024-07,6
613,2024-02,2024-03,1
613,2024-02,2024-05,3
613,2024-02,2024-08,6
613,2024-03,2024-04,1
613,2024-03,2024-06,3
613,2024-03,2024-09,6
613,2024-04,2024-05,1
613,2024-04,2024-07,3
613,2024-04,2024-10,6
613,2024-05,2024-06,1
613,2024-05,2024-08,3
613,2024-05,2024-11,6
613,2024-06,2024-07,1
613,2024-06,2024-09,3
613,2024-06,2024-12,6
613,2024-07,2024-08,1
613,2024-07,2024-10,3
613,2024-08,2024-09,1
613,2024-08,2024-11,3
613,2024-09,2024-10,1
613,2024-09,2024-12,3
613,2024-10,2024-11,1
613,2024-11,2024-12,1
668,2023-12,2024-01,1
668,2023-12,2024-03,3
668,2023-12,2024-06,6
668,2023-12,2024-12,12
668,2024-01,2024-02,1
668,2024-01,2024-04,3
668,2024-01,2024-07,6
668,2024-02,2024-03,1
668,2024-02,2024-05,3
668,2024-02,2024-08,6
668,2024-03,2024-04,1
668,2024-03,2024-06,3
668,2024-03,2024-09,6
668,2024-04,2024-05,1
668,2024-04,2024-07,3
668,2024-04,2024-10,6
668,2024-05,2024-06,1
668,2024-05,2024-08,3
668,2024-05,2024-11,6
668,2024-06,2024-07,1
668,2024-06,2024-09,3
668,2024-06,2024-12,6
668,2024-07,2024-08,1
668,2024-07,2024-10,3
668,2024-08,2024-09,1
668,2024-08,2024-11,3
668,2024-09,2024-10,1
668,2024-09,2024-12,3
668,2024-10,2024-11,1
668,2024-11,2024-12,1
685,2023-12,2024-01,1
685,2023-12,2024-03,3
685,2023-12,2024-06,6
685,2023-12,2024-12,12
685,2024-01,2024-02,1
685,2024-01,2024-04,3
685,2024-01,2024-07,6
685,2024-02,2024-03,1
685,2024-02,2024-05,3
685,2024-02,2024-08,6
685,2024-03,2024-04,1
685,2024-03,2024-06,3
685,2024-03,2024-09,6
685,2024-04,2024-05,1
685,2024-04,2024-07,3
685,2024-04,2024-10,6
685,2024-05,2024-06,1
685,2024-05,2024-08,3
685,2024-05,2024-11,6
685,2024-06,2024-07,1
685,2024-06,2024-09,3
685,2024-06,2024-12,6
685,2024-07,2024-08,1
685,2024-07,2024-10,3
685,2024-08,2024-09,1
685,2024-08,2024-11,3
685,2024-09,2024-10,1
685,2024-09,2024-12,3
685,2024-10,2024-11,1
685,2024-11,2024-12,1
692,2023-12,2024-01,1
692,2023-12,2024-03,3
692,2023-12,2024-06,6
692,2023-12,2024-12,12
692,2024-01,2024-02,1
692,2024-01,2024-04,3
692,2024-01,2024-07,6
692,2024-02,2024-03,1
692,2024-02,2024-05,3
692,2024-02,2024-08,6
692,2024-03,2024-04,1
692,2024-03,2024-06,3
692,2024-03,2024-09,6
692,2024-04,2024-05,1
692,2024-04,2024-07,3
692,2024-04,2024-10,6
692,2024-05,2024-06,1
692,2024-05,2024-08,3
692,2024-05,2024-11,6
692,2024-06,2024-07,1
692,2024-06,2024-09,3
692,2024-06,2024-12,6
692,2024-07,2024-08,1
692,2024-07,2024-10,3
692,2024-08,2024-09,1
692,2024-08,2024-11,3
692,2024-09,2024-10,1
692,2024-09,2024-12,3
692,2024-10,2024-11,1
692,2024-11,2024-12,1
704,2023-12,2024-01,1
704,2023-12,2024-03,3
704,2023-12,2024-06,6
704,2023-12,2024-12,12
704,2024-01,2024-02,1
704,2024-01,2024-04,3
704,2024-01,2024-07,6
704,2024-02,2024-03,1
704,2024-02,2024-05,3
704,2024-02,2024-08,6
704,2024-03,2024-04,1
704,2024-03,2024-06,3
704,2024-03,2024-09,6
704,2024-04,2024-05,1
704,2024-04,2024-07,3
704,2024-04,2024-10,6
704,2024-05,2024-06,1
704,2024-05,2024-08,3
704,2024-05,2024-11,6
704,2024-06,2024-07,1
704,2024-06,2024-09,3
704,2024-06,2024-12,6
704,2024-07,2024-08,1
704,2024-07,2024-10,3
704,2024-08,2024-09,1
704,2024-08,2024-11,3
704,2024-09,2024-10,1
704,2024-09,2024-12,3
704,2024-10,2024-11,1
704,2024-11,2024-12,1
757,2023-12,2024-01,1
757,2023-12,2024-03,3
757,2023-12,2024-06,6
757,2023-12,2024-12,12
757,2024-01,2024-02,1
757,2024-01,2024-04,3
757,2024-01,2024-07,6
757,2024-02,2024-03,1
757,2024-02,2024-05,3
757,2024-02,2024-08,6
757,2024-03,2024-04,1
757,2024-03,2024-06,3
757,2024-03,2024-09,6
757,2024-04,2024-05,1
757,2024-04,2024-07,3
757,2024-04,2024-10,6
757,2024-05,2024-06,1
757,2024-05,2024-08,3
757,2024-05,2024-11,6
757,2024-06,2024-07,1
757,2024-06,2024-09,3
757,2024-06,2024-12,6
757,2024-07,2024-08,1
757,2024-07,2024-10,3
757,2024-08,2024-09,1
757,2024-08,2024-11,3
757,2024-09,2024-10,1
757,2024-09,2024-12,3
757,2024-10,2024-11,1
757,2024-11,2024-12,1
779,2023-12,2024-01,1
779,2023-12,2024-03,3
779,2023-12,2024-06,6
779,2023-12,2024-12,12
779,2024-01,2024-02,1
779,2024-01,2024-04,3
779,2024-01,2024-07,6
779,2024-02,2024-03,1
779,2024-02,2024-05,3
779,2024-02,2024-08,6
779,2024-03,2024-04,1
779,2024-03,2024-06,3
779,2024-03,2024-09,6
779,2024-04,2024-05,1
779,2024-04,2024-07,3
779,2024-04,2024-10,6
779,2024-05,2024-06,1
779,2024-05,2024-08,3
779,2024-05,2024-11,6
779,2024-06,2024-07,1
779,2024-06,2024-09,3
779,2024-06,2024-12,6
779,2024-07,2024-08,1
779,2024-07,2024-10,3
779,2024-08,2024-09,1
779,2024-08,2024-11,3
779,2024-09,2024-10,1
779,2024-09,2024-12,3
779,2024-10,2024-11,1
779,2024-11,2024-12,1
783,2023-12,2024-01,1
783,2023-12,2024-03,3
783,2023-12,2024-06,6
783,2023-12,2024-12,12
783,2024-01,2024-02,1
783,2024-01,2024-04,3
783,2024-01,2024-07,6
783,2024-02,2024-03,1
783,2024-02,2024-05,3
783,2024-02,2024-08,6
783,2024-03,2024-04,1
783,2024-03,2024-06,3
783,2024-03,2024-09,6
783,2024-04,2024-05,1
783,2024-04,2024-07,3
783,2024-04,2024-10,6
783,2024-05,2024-06,1
783,2024-05,2024-08,3
783,2024-05,2024-11,6
783,2024-06,2024-07,1
783,2024-06,2024-09,3
783,2024-06,2024-12,6
783,2024-07,2024-08,1
783,2024-07,2024-10,3
783,2024-08,2024-09,1
783,2024-08,2024-11,3
783,2024-09,2024-10,1
783,2024-09,2024-12,3
783,2024-10,2024-11,1
783,2024-11,2024-12,1
794,2023-12,2024-01,1
794,2023-12,2024-03,3
794,2023-12,2024-06,6
794,2023-12,2024-12,12
794,2024-01,2024-02,1
794,2024-01,2024-04,3
794,2024-01,2024-07,6
794,2024-02,2024-03,1
794,2024-02,2024-05,3
794,2024-02,2024-08,6
794,2024-03,2024-04,1
794,2024-03,2024-06,3
794,2024-03,2024-09,6
794,2024-04,2024-05,1
794,2024-04,2024-07,3
794,2024-04,2024-10,6
794,2024-05,2024-06,1
794,2024-05,2024-08,3
794,2024-05,2024-11,6
794,2024-06,2024-07,1
794,2024-06,2024-09,3
794,2024-06,2024-12,6
794,2024-07,2024-08,1
794,2024-07,2024-10,3
794,2024-08,2024-09,1
794,2024-08,2024-11,3
794,2024-09,2024-10,1
794,2024-09,2024-12,3
794,2024-10,2024-11,1
794,2024-11,2024-12,1
795,2023-12,2024-01,1
795,2023-12,2024-03,3
795,2023-12,2024-06,6
795,2023-12,2024-12,12
795,2024-01,2024-02,1
795,2024-01,2024-04,3
795,2024-01,2024-07,6
795,2024-02,2024-03,1
795,2024-02,2024-05,3
795,2024-02,2024-08,6
795,2024-03,2024-04,1
795,2024-03,2024-06,3
795,2024-03,2024-09,6
795,2024-04,2024-05,1
795,2024-04,2024-07,3
795,2024-04,2024-10,6
795,2024-05,2024-06,1
795,2024-05,2024-08,3
795,2024-05,2024-11,6
795,2024-06,2024-07,1
795,2024-06,2024-09,3
795,2024-06,2024-12,6
795,2024-07,2024-08,1
795,2024-07,2024-10,3
795,2024-08,2024-09,1
795,2024-08,2024-11,3
795,2024-09,2024-10,1
795,2024-09,2024-12,3
795,2024-10,2024-11,1
795,2024-11,2024-12,1
798,2023-12,2024-01,1
798,2023-12,2024-03,3
798,2023-12,2024-06,6
798,2023-12,2024-12,12
798,2024-01,2024-02,1
798,2024-01,2024-04,3
798,2024-01,2024-07,6
798,2024-02,2024-03,1
798,2024-02,2024-05,3
798,2024-02,2024-08,6
798,2024-03,2024-04,1
798,2024-03,2024-06,3
798,2024-03,2024-09,6
798,2024-04,2024-05,1
798,2024-04,2024-07,3
798,2024-04,2024-10,6
798,2024-05,2024-06,1
798,2024-05,2024-08,3
798,2024-05,2024-11,6
798,2024-06,2024-07,1
798,2024-06,2024-09,3
798,2024-06,2024-12,6
798,2024-07,2024-08,1
798,2024-07,2024-10,3
798,2024-08,2024-09,1
798,2024-08,2024-11,3
798,2024-09,2024-10,1
798,2024-09,2024-12,3
798,2024-10,2024-11,1
798,2024-11,2024-12,1
807,2023-12,2024-01,1
807,2023-12,2024-03,3
807,2023-12,2024-06,6
807,2023-12,2024-12,12
807,2024-01,2024-02,1
807,2024-01,2024-04,3
807,2024-01,2024-07,6
807,2024-02,2024-03,1
807,2024-02,2024-05,3
807,2024-02,2024-08,6
807,2024-03,2024-04,1
807,2024-03,2024-06,3
807,2024-03,2024-09,6
807,2024-04,2024-05,1
807,2024-04,2024-07,3
807,2024-04,2024-10,6
807,2024-05,2024-06,1
807,2024-05,2024-08,3
807,2024-05,2024-11,6
807,2024-06,2024-07,1
807,2024-06,2024-09,3
807,2024-06,2024-12,6
807,2024-07,2024-08,1
807,2024-07,2024-10,3
807,2024-08,2024-09,1
807,2024-08,2024-11,3
807,2024-09,2024-10,1
807,2024-09,2024-12,3
807,2024-10,2024-11,1
807,2024-11,2024-12,1
817,2023-12,2024-01,1
817,2023-12,2024-03,3
817,2023-12,2024-06,6
817,2023-12,2024-12,12
817,2024-01,2024-02,1
817,2024-01,2024-04,3
817,2024-01,2024-07,6
817,2024-02,2024-03,1
817,2024-02,2024-05,3
817,2024-02,2024-08,6
817,2024-03,2024-04,1
817,2024-03,2024-06,3
817,2024-03,2024-09,6
817,2024-04,2024-05,1
817,2024-04,2024-07,3
817,2024-04,2024-10,6
817,2024-05,2024-06,1
817,2024-05,2024-08,3
817,2024-05,2024-11,6
817,2024-06,2024-07,1
817,2024-06,2024-09,3
817,2024-06,2024-12,6
817,2024-07,2024-08,1
817,2024-07,2024-10,3
817,2024-08,2024-09,1
817,2024-08,2024-11,3
817,2024-09,2024-10,1
817,2024-09,2024-12,3
817,2024-10,2024-11,1
817,2024-11,2024-12,1
831,2023-12,2024-01,1
831,2023-12,2024-03,3
831,2023-12,2024-06,6
831,2023-12,2024-12,12
831,2024-01,2024-02,1
831,2024-01,2024-04,3
831,2024-01,2024-07,6
831,2024-02,2024-03,1
831,2024-02,2024-05,3
831,2024-02,2024-08,6
831,2024-03,2024-04,1
831,2024-03,2024-06,3
831,2024-03,2024-09,6
831,2024-04,2024-05,1
831,2024-04,2024-07,3
831,2024-04,2024-10,6
831,2024-05,2024-06,1
831,2024-05,2024-08,3
831,2024-05,2024-11,6
831,2024-06,2024-07,1
831,2024-06,2024-09,3
831,2024-06,2024-12,6
831,2024-07,2024-08,1
831,2024-07,2024-10,3
831,2024-08,2024-09,1
831,2024-08,2024-11,3
831,2024-09,2024-10,1
831,2024-09,2024-12,3
831,2024-10,2024-11,1
831,2024-11,2024-12,1
840,2023-12,2024-01,1
840,2023-12,2024-03,3
840,2023-12,2024-06,6
840,2023-12,2024-12,12
840,2024-01,2024-02,1
840,2024-01,2024-04,3
840,2024-01,2024-07,6
840,2024-02,2024-03,1
840,2024-02,2024-05,3
840,2024-02,2024-08,6
840,2024-03,2024-04,1
840,2024-03,2024-06,3
840,2024-03,2024-09,6
840,2024-04,2024-05,1
840,2024-04,2024-07,3
840,2024-04,2024-10,6
840,2024-05,2024-06,1
840,2024-05,2024-08,3
840,2024-05,2024-11,6
840,2024-06,2024-07,1
840,2024-06,2024-09,3
840,2024-06,2024-12,6
840,2024-07,2024-08,1
840,2024-07,2024-10,3
840,2024-08,2024-09,1
840,2024-08,2024-11,3
840,2024-09,2024-10,1
840,2024-09,2024-12,3
840,2024-10,2024-11,1
840,2024-11,2024-12,1
851,2023-12,2024-01,1
851,2023-12,2024-03,3
851,2023-12,2024-06,6
851,2023-12,2024-12,12
851,2024-01,2024-02,1
851,2024-01,2024-04,3
851,2024-01,2024-07,6
851,2024-02,2024-03,1
851,2024-02,2024-05,3
851,2024-02,2024-08,6
851,2024-03,2024-04,1
851,2024-03,2024-06,3
851,2024-03,2024-09,6
851,2024-04,2024-05,1
851,2024-04,2024-07,3
851,2024-04,2024-10,6
851,2024-05,2024-06,1
851,2024-05,2024-08,3
851,2024-05,2024-11,6
851,2024-06,2024-07,1
851,2024-06,2024-09,3
851,2024-06,2024-12,6
851,2024-07,2024-08,1
851,2024-07,2024-10,3
851,2024-08,2024-09,1
851,2024-08,2024-11,3
851,2024-09,2024-10,1
851,2024-09,2024-12,3
851,2024-10,2024-11,1
851,2024-11,2024-12,1
855,2023-12,2024-01,1
855,2023-12,2024-03,3
855,2023-12,2024-06,6
855,2023-12,2024-12,12
855,2024-01,2024-02,1
855,2024-01,2024-04,3
855,2024-01,2024-07,6
855,2024-02,2024-03,1
855,2024-02,2024-05,3
855,2024-02,2024-08,6
855,2024-03,2024-04,1
855,2024-03,2024-06,3
855,2024-03,2024-09,6
855,2024-04,2024-05,1
855,2024-04,2024-07,3
855,2024-04,2024-10,6
855,2024-05,2024-06,1
855,2024-05,2024-08,3
855,2024-05,2024-11,6
855,2024-06,2024-07,1
855,2024-06,2024-09,3
855,2024-06,2024-12,6
855,2024-07,2024-08,1
855,2024-07,2024-10,3
855,2024-08,2024-09,1
855,2024-08,2024-11,3
855,2024-09,2024-10,1
855,2024-09,2024-12,3
855,2024-10,2024-11,1
855,2024-11,2024-12,1
871,2023-12,2024-01,1
871,2023-12,2024-03,3
871,2023-12,2024-06,6
871,2023-12,2024-12,12
871,2024-01,2024-02,1
871,2024-01,2024-04,3
871,2024-01,2024-07,6
871,2024-02,2024-03,1
871,2024-02,2024-05,3
871,2024-02,2024-08,6
871,2024-03,2024-04,1
871,2024-03,2024-06,3
871,2024-03,2024-09,6
871,2024-04,2024-05,1
871,2024-04,2024-07,3
871,2024-04,2024-10,6
871,2024-05,2024-06,1
871,2024-05,2024-08,3
871,2024-05,2024-11,6
871,2024-06,2024-07,1
871,2024-06,2024-09,3
871,2024-06,2024-12,6
871,2024-07,2024-08,1
871,2024-07,2024-10,3
871,2024-08,2024-09,1
871,2024-08,2024-11,3
871,2024-09,2024-10,1
871,2024-09,2024-12,3
871,2024-10,2024-11,1
871,2024-11,2024-12,1
873,2023-12,2024-01,1
873,2023-12,2024-03,3
873,2023-12,2024-06,6
873,2023-12,2024-12,12
873,2024-01,2024-02,1
873,2024-01,2024-04,3
873,2024-01,2024-07,6
873,2024-02,2024-03,1
873,2024-02,2024-05,3
873,2024-02,2024-08,6
873,2024-03,2024-04,1
873,2024-03,2024-06,3
873,2024-03,2024-09,6
873,2024-04,2024-05,1
873,2024-04,2024-07,3
873,2024-04,2024-10,6
873,2024-05,2024-06,1
873,2024-05,2024-08,3
873,2024-05,2024-11,6
873,2024-06,2024-07,1
873,2024-06,2024-09,3
873,2024-06,2024-12,6
873,2024-07,2024-08,1
873,2024-07,2024-10,3
873,2024-08,2024-09,1
873,2024-08,2024-11,3
873,2024-09,2024-10,1
873,2024-09,2024-12,3
873,2024-10,2024-11,1
873,2024-11,2024-12,1
878,2023-12,2024-01,1
878,2023-12,2024-03,3
878,2023-12,2024-06,6
878,2023-12,2024-12,12
878,2024-01,2024-02,1
878,2024-01,2024-04,3
878,2024-01,2024-07,6
878,2024-02,2024-03,1
878,2024-02,2024-05,3
878,2024-02,2024-08,6
878,2024-03,2024-04,1
878,2024-03,2024-06,3
878,2024-03,2024-09,6
878,2024-04,2024-05,1
878,2024-04,2024-07,3
878,2024-04,2024-10,6
878,2024-05,2024-06,1
878,2024-05,2024-08,3
878,2024-05,2024-11,6
878,2024-06,2024-07,1
878,2024-06,2024-09,3
878,2024-06,2024-12,6
878,2024-07,2024-08,1
878,2024-07,2024-10,3
878,2024-08,2024-09,1
878,2024-08,2024-11,3
878,2024-09,2024-10,1
878,2024-09,2024-12,3
878,2024-10,2024-11,1
878,2024-11,2024-12,1
896,2023-12,2024-01,1
896,2023-12,2024-03,3
896,2023-12,2024-06,6
896,2023-12,2024-12,12
896,2024-01,2024-02,1
896,2024-01,2024-04,3
896,2024-01,2024-07,6
896,2024-02,2024-03,1
896,2024-02,2024-05,3
896,2024-02,2024-08,6
896,2024-03,2024-04,1
896,2024-03,2024-06,3
896,2024-03,2024-09,6
896,2024-04,2024-05,1
896,2024-04,2024-07,3
896,2024-04,2024-10,6
896,2024-05,2024-06,1
896,2024-05,2024-08,3
896,2024-05,2024-11,6
896,2024-06,2024-07,1
896,2024-06,2024-09,3
896,2024-06,2024-12,6
896,2024-07,2024-08,1
896,2024-07,2024-10,3
896,2024-08,2024-09,1
896,2024-08,2024-11,3
896,2024-09,2024-10,1
896,2024-09,2024-12,3
896,2024-10,2024-11,1
896,2024-11,2024-12,1
900,2023-12,2024-01,1
900,2023-12,2024-03,3
900,2023-12,2024-06,6
900,2023-12,2024-12,12
900,2024-01,2024-02,1
900,2024-01,2024-04,3
900,2024-01,2024-07,6
900,2024-02,2024-03,1
900,2024-02,2024-05,3
900,2024-02,2024-08,6
900,2024-03,2024-04,1
900,2024-03,2024-06,3
900,2024-03,2024-09,6
900,2024-04,2024-05,1
900,2024-04,2024-07,3
900,2024-04,2024-10,6
900,2024-05,2024-06,1
900,2024-05,2024-08,3
900,2024-05,2024-11,6
900,2024-06,2024-07,1
900,2024-06,2024-09,3
900,2024-06,2024-12,6
900,2024-07,2024-08,1
900,2024-07,2024-10,3
900,2024-08,2024-09,1
900,2024-08,2024-11,3
900,2024-09,2024-10,1
900,2024-09,2024-12,3
900,2024-10,2024-11,1
900,2024-11,2024-12,1
905,2023-12,2024-01,1
905,2023-12,2024-03,3
905,2023-12,2024-06,6
905,2023-12,2024-12,12
905,2024-01,2024-02,1
905,2024-01,2024-04,3
905,2024-01,2024-07,6
905,2024-02,2024-03,1
905,2024-02,2024-05,3
905,2024-02,2024-08,6
905,2024-03,2024-04,1
905,2024-03,2024-06,3
905,2024-03,2024-09,6
905,2024-04,2024-05,1
905,2024-04,2024-07,3
905,2024-04,2024-10,6
905,2024-05,2024-06,1
905,2024-05,2024-08,3
905,2024-05,2024-11,6
905,2024-06,2024-07,1
905,2024-06,2024-09,3
905,2024-06,2024-12,6
905,2024-07,2024-08,1
905,2024-07,2024-10,3
905,2024-08,2024-09,1
905,2024-08,2024-11,3
905,2024-09,2024-10,1
905,2024-09,2024-12,3
905,2024-10,2024-11,1
905,2024-11,2024-12,1
907,2023-12,2024-01,1
907,2023-12,2024-03,3
907,2023-12,2024-06,6
907,2023-12,2024-12,12
907,2024-01,2024-02,1
907,2024-01,2024-04,3
907,2024-01,2024-07,6
907,2024-02,2024-03,1
907,2024-02,2024-05,3
907,2024-02,2024-08,6
907,2024-03,2024-04,1
907,2024-03,2024-06,3
907,2024-03,2024-09,6
907,2024-04,2024-05,1
907,2024-04,2024-07,3
907,2024-04,2024-10,6
907,2024-05,2024-06,1
907,2024-05,2024-08,3
907,2024-05,2024-11,6
907,2024-06,2024-07,1
907,2024-06,2024-09,3
907,2024-06,2024-12,6
907,2024-07,2024-08,1
907,2024-07,2024-10,3
907,2024-08,2024-09,1
907,2024-08,2024-11,3
907,2024-09,2024-10,1
907,2024-09,2024-12,3
907,2024-10,2024-11,1
907,2024-11,2024-12,1
909,2023-12,2024-01,1
909,2023-12,2024-03,3
909,2023-12,2024-06,6
909,2023-12,2024-12,12
909,2024-01,2024-02,1
909,2024-01,2024-04,3
909,2024-01,2024-07,6
909,2024-02,2024-03,1
909,2024-02,2024-05,3
909,2024-02,2024-08,6
909,2024-03,2024-04,1
909,2024-03,2024-06,3
909,2024-03,2024-09,6
909,2024-04,2024-05,1
909,2024-04,2024-07,3
909,2024-04,2024-10,6
909,2024-05,2024-06,1
909,2024-05,2024-08,3
909,2024-05,2024-11,6
909,2024-06,2024-07,1
909,2024-06,2024-09,3
909,2024-06,2024-12,6
909,2024-07,2024-08,1
909,2024-07,2024-10,3
909,2024-08,2024-09,1
909,2024-08,2024-11,3
909,2024-09,2024-10,1
909,2024-09,2024-12,3
909,2024-10,2024-11,1
909,2024-11,2024-12,1
916,2023-12,2024-01,1
916,2023-12,2024-03,3
916,2023-12,2024-06,6
916,2023-12,2024-12,12
916,2024-01,2024-02,1
916,2024-01,2024-04,3
916,2024-01,2024-07,6
916,2024-02,2024-03,1
916,2024-02,2024-05,3
916,2024-02,2024-08,6
916,2024-03,2024-04,1
916,2024-03,2024-06,3
916,2024-03,2024-09,6
916,2024-04,2024-05,1
916,2024-04,2024-07,3
916,2024-04,2024-10,6
916,2024-05,2024-06,1
916,2024-05,2024-08,3
916,2024-05,2024-11,6
916,2024-06,2024-07,1
916,2024-06,2024-09,3
916,2024-06,2024-12,6
916,2024-07,2024-08,1
916,2024-07,2024-10,3
916,2024-08,2024-09,1
916,2024-08,2024-11,3
916,2024-09,2024-10,1
916,2024-09,2024-12,3
916,2024-10,2024-11,1
916,2024-11,2024-12,1
918,2023-12,2024-01,1
918,2023-12,2024-03,3
918,2023-12,2024-06,6
918,2023-12,2024-12,12
918,2024-01,2024-02,1
918,2024-01,2024-04,3
918,2024-01,2024-07,6
918,2024-02,2024-03,1
918,2024-02,2024-05,3
918,2024-02,2024-08,6
918,2024-03,2024-04,1
918,2024-03,2024-06,3
918,2024-03,2024-09,6
918,2024-04,2024-05,1
918,2024-04,2024-07,3
918,2024-04,2024-10,6
918,2024-05,2024-06,1
918,2024-05,2024-08,3
918,2024-05,2024-11,6
918,2024-06,2024-07,1
918,2024-06,2024-09,3
918,2024-06,2024-12,6
918,2024-07,2024-08,1
918,2024-07,2024-10,3
918,2024-08,2024-09,1
918,2024-08,2024-11,3
918,2024-09,2024-10,1
918,2024-09,2024-12,3
918,2024-10,2024-11,1
918,2024-11,2024-12,1
920,2023-12,2024-01,1
920,2023-12,2024-03,3
920,2023-12,2024-06,6
920,2023-12,2024-12,12
920,2024-01,2024-02,1
920,2024-01,2024-04,3
920,2024-01,2024-07,6
920,2024-02,2024-03,1
920,2024-02,2024-05,3
920,2024-02,2024-08,6
920,2024-03,2024-04,1
920,2024-03,2024-06,3
920,2024-03,2024-09,6
920,2024-04,2024-05,1
920,2024-04,2024-07,3
920,2024-04,2024-10,6
920,2024-05,2024-06,1
920,2024-05,2024-08,3
920,2024-05,2024-11,6
920,2024-06,2024-07,1
920,2024-06,2024-09,3
920,2024-06,2024-12,6
920,2024-07,2024-08,1
920,2024-07,2024-10,3
920,2024-08,2024-09,1
920,2024-08,2024-11,3
920,2024-09,2024-10,1
920,2024-09,2024-12,3
920,2024-10,2024-11,1
920,2024-11,2024-12,1
924,2023-12,2024-01,1
924,2023-12,2024-03,3
924,2023-12,2024-06,6
924,2023-12,2024-12,12
924,2024-01,2024-02,1
924,2024-01,2024-04,3
924,2024-01,2024-07,6
924,2024-02,2024-03,1
924,2024-02,2024-05,3
924,2024-02,2024-08,6
924,2024-03,2024-04,1
924,2024-03,2024-06,3
924,2024-03,2024-09,6
924,2024-04,2024-05,1
924,2024-04,2024-07,3
924,2024-04,2024-10,6
924,2024-05,2024-06,1
924,2024-05,2024-08,3
924,2024-05,2024-11,6
924,2024-06,2024-07,1
924,2024-06,2024-09,3
924,2024-06,2024-12,6
924,2024-07,2024-08,1
924,2024-07,2024-10,3
924,2024-08,2024-09,1
924,2024-08,2024-11,3
924,2024-09,2024-10,1
924,2024-09,2024-12,3
924,2024-10,2024-11,1
924,2024-11,2024-12,1
929,2023-12,2024-01,1
929,2023-12,2024-03,3
929,2023-12,2024-06,6
929,2023-12,2024-12,12
929,2024-01,2024-02,1
929,2024-01,2024-04,3
929,2024-01,2024-07,6
929,2024-02,2024-03,1
929,2024-02,2024-05,3
929,2024-02,2024-08,6
929,2024-03,2024-04,1
929,2024-03,2024-06,3
929,2024-03,2024-09,6
929,2024-04,2024-05,1
929,2024-04,2024-07,3
929,2024-04,2024-10,6
929,2024-05,2024-06,1
929,2024-05,2024-08,3
929,2024-05,2024-11,6
929,2024-06,2024-07,1
929,2024-06,2024-09,3
929,2024-06,2024-12,6
929,2024-07,2024-08,1
929,2024-07,2024-10,3
929,2024-08,2024-09,1
929,2024-08,2024-11,3
929,2024-09,2024-10,1
929,2024-09,2024-12,3
929,2024-10,2024-11,1
929,2024-11,2024-12,1
930,2023-12,2024-01,1
930,2023-12,2024-03,3
930,2023-12,2024-06,6
930,2023-12,2024-12,12
930,2024-01,2024-02,1
930,2024-01,2024-04,3
930,2024-01,2024-07,6
930,2024-02,2024-03,1
930,2024-02,2024-05,3
930,2024-02,2024-08,6
930,2024-03,2024-04,1
930,2024-03,2024-06,3
930,2024-03,2024-09,6
930,2024-04,2024-05,1
930,2024-04,2024-07,3
930,2024-04,2024-10,6
930,2024-05,2024-06,1
930,2024-05,2024-08,3
930,2024-05,2024-11,6
930,2024-06,2024-07,1
930,2024-06,2024-09,3
930,2024-06,2024-12,6
930,2024-07,2024-08,1
930,2024-07,2024-10,3
930,2024-08,2024-09,1
930,2024-08,2024-11,3
930,2024-09,2024-10,1
930,2024-09,2024-12,3
930,2024-10,2024-11,1
930,2024-11,2024-12,1
988,2023-12,2024-01,1
988,2023-12,2024-03,3
988,2023-12,2024-06,6
988,2023-12,2024-12,12
988,2024-01,2024-02,1
988,2024-01,2024-04,3
988,2024-01,2024-07,6
988,2024-02,2024-03,1
988,2024-02,2024-05,3
988,2024-02,2024-08,6
988,2024-03,2024-04,1
988,2024-03,2024-06,3
988,2024-03,2024-09,6
988,2024-04,2024-05,1
988,2024-04,2024-07,3
988,2024-04,2024-10,6
988,2024-05,2024-06,1
988,2024-05,2024-08,3
988,2024-05,2024-11,6
988,2024-06,2024-07,1
988,2024-06,2024-09,3
988,2024-06,2024-12,6
988,2024-07,2024-08,1
988,2024-07,2024-10,3
988,2024-08,2024-09,1
988,2024-08,2024-11,3
988,2024-09,2024-10,1
988,2024-09,2024-12,3
988,2024-10,2024-11,1
988,2024-11,2024-12,1
992,2023-12,2024-01,1
992,2023-12,2024-03,3
992,2023-12,2024-06,6
992,2023-12,2024-12,12
992,2024-01,2024-02,1
992,2024-01,2024-04,3
992,2024-01,2024-07,6
992,2024-02,2024-03,1
992,2024-02,2024-05,3
992,2024-02,2024-08,6
992,2024-03,2024-04,1
992,2024-03,2024-06,3
992,2024-03,2024-09,6
992,2024-04,2024-05,1
992,2024-04,2024-07,3
992,2024-04,2024-10,6
992,2024-05,2024-06,1
992,2024-05,2024-08,3
992,2024-05,2024-11,6
992,2024-06,2024-07,1
992,2024-06,2024-09,3
992,2024-06,2024-12,6
992,2024-07,2024-08,1
992,2024-07,2024-10,3
992,2024-08,2024-09,1
992,2024-08,2024-11,3
992,2024-09,2024-10,1
992,2024-09,2024-12,3
992,2024-10,2024-11,1
992,2024-11,2024-12,1
1007,2023-12,2024-01,1
1007,2023-12,2024-03,3
1007,2023-12,2024-06,6
1007,2023-12,2024-12,12
1007,2024-01,2024-02,1
1007,2024-01,2024-04,3
1007,2024-01,2024-07,6
1007,2024-02,2024-03,1
1007,2024-02,2024-05,3
1007,2024-02,2024-08,6
1007,2024-03,2024-04,1
1007,2024-03,2024-06,3
1007,2024-03,2024-09,6
1007,2024-04,2024-05,1
1007,2024-04,2024-07,3
1007,2024-04,2024-10,6
1007,2024-05,2024-06,1
1007,2024-05,2024-08,3
1007,2024-05,2024-11,6
1007,2024-06,2024-07,1
1007,2024-06,2024-09,3
1007,2024-06,2024-12,6
1007,2024-07,2024-08,1
1007,2024-07,2024-10,3
1007,2024-08,2024-09,1
1007,2024-08,2024-11,3
1007,2024-09,2024-10,1
1007,2024-09,2024-12,3
1007,2024-10,2024-11,1
1007,2024-11,2024-12,1
1016,2023-12,2024-01,1
1016,2023-12,2024-03,3
1016,2023-12,2024-06,6
1016,2023-12,2024-12,12
1016,2024-01,2024-02,1
1016,2024-01,2024-04,3
1016,2024-01,2024-07,6
1016,2024-02,2024-03,1
1016,2024-02,2024-05,3
1016,2024-02,2024-08,6
1016,2024-03,2024-04,1
1016,2024-03,2024-06,3
1016,2024-03,2024-09,6
1016,2024-04,2024-05,1
1016,2024-04,2024-07,3
1016,2024-04,2024-10,6
1016,2024-05,2024-06,1
1016,2024-05,2024-08,3
1016,2024-05,2024-11,6
1016,2024-06,2024-07,1
1016,2024-06,2024-09,3
1016,2024-06,2024-12,6
1016,2024-07,2024-08,1
1016,2024-07,2024-10,3
1016,2024-08,2024-09,1
1016,2024-08,2024-11,3
1016,2024-09,2024-10,1
1016,2024-09,2024-12,3
1016,2024-10,2024-11,1
1016,2024-11,2024-12,1
1026,2023-12,2024-01,1
1026,2023-12,2024-03,3
1026,2023-12,2024-06,6
1026,2023-12,2024-12,12
1026,2024-01,2024-02,1
1026,2024-01,2024-04,3
1026,2024-01,2024-07,6
1026,2024-02,2024-03,1
1026,2024-02,2024-05,3
1026,2024-02,2024-08,6
1026,2024-03,2024-04,1
1026,2024-03,2024-06,3
1026,2024-03,2024-09,6
1026,2024-04,2024-05,1
1026,2024-04,2024-07,3
1026,2024-04,2024-10,6
1026,2024-05,2024-06,1
1026,2024-05,2024-08,3
1026,2024-05,2024-11,6
1026,2024-06,2024-07,1
1026,2024-06,2024-09,3
1026,2024-06,2024-12,6
1026,2024-07,2024-08,1
1026,2024-07,2024-10,3
1026,2024-08,2024-09,1
1026,2024-08,2024-11,3
1026,2024-09,2024-10,1
1026,2024-09,2024-12,3
1026,2024-10,2024-11,1
1026,2024-11,2024-12,1
1049,2023-12,2024-01,1
1049,2023-12,2024-03,3
1049,2023-12,2024-06,6
1049,2023-12,2024-12,12
1049,2024-01,2024-02,1
1049,2024-01,2024-04,3
1049,2024-01,2024-07,6
1049,2024-02,2024-03,1
1049,2024-02,2024-05,3
1049,2024-02,2024-08,6
1049,2024-03,2024-04,1
1049,2024-03,2024-06,3
1049,2024-03,2024-09,6
1049,2024-04,2024-05,1
1049,2024-04,2024-07,3
1049,2024-04,2024-10,6
1049,2024-05,2024-06,1
1049,2024-05,2024-08,3
1049,2024-05,2024-11,6
1049,2024-06,2024-07,1
1049,2024-06,2024-09,3
1049,2024-06,2024-12,6
1049,2024-07,2024-08,1
1049,2024-07,2024-10,3
1049,2024-08,2024-09,1
1049,2024-08,2024-11,3
1049,2024-09,2024-10,1
1049,2024-09,2024-12,3
1049,2024-10,2024-11,1
1049,2024-11,2024-12,1
1051,2023-12,2024-01,1
1051,2023-12,2024-03,3
1051,2023-12,2024-06,6
1051,2023-12,2024-12,12
1051,2024-01,2024-02,1
1051,2024-01,2024-04,3
1051,2024-01,2024-07,6
1051,2024-02,2024-03,1
1051,2024-02,2024-05,3
1051,2024-02,2024-08,6
1051,2024-03,2024-04,1
1051,2024-03,2024-06,3
1051,2024-03,2024-09,6
1051,2024-04,2024-05,1
1051,2024-04,2024-07,3
1051,2024-04,2024-10,6
1051,2024-05,2024-06,1
1051,2024-05,2024-08,3
1051,2024-05,2024-11,6
1051,2024-06,2024-07,1
1051,2024-06,2024-09,3
1051,2024-06,2024-12,6
1051,2024-07,2024-08,1
1051,2024-07,2024-10,3
1051,2024-08,2024-09,1
1051,2024-08,2024-11,3
1051,2024-09,2024-10,1
1051,2024-09,2024-12,3
1051,2024-10,2024-11,1
1051,2024-11,2024-12,1
1058,2023-12,2024-01,1
1058,2023-12,2024-03,3
1058,2023-12,2024-06,6
1058,2023-12,2024-12,12
1058,2024-01,2024-02,1
1058,2024-01,2024-04,3
1058,2024-01,2024-07,6
1058,2024-02,2024-03,1
1058,2024-02,2024-05,3
1058,2024-02,2024-08,6
1058,2024-03,2024-04,1
1058,2024-03,2024-06,3
1058,2024-03,2024-09,6
1058,2024-04,2024-05,1
1058,2024-04,2024-07,3
1058,2024-04,2024-10,6
1058,2024-05,2024-06,1
1058,2024-05,2024-08,3
1058,2024-05,2024-11,6
1058,2024-06,2024-07,1
1058,2024-06,2024-09,3
1058,2024-06,2024-12,6
1058,2024-07,2024-08,1
1058,2024-07,2024-10,3
1058,2024-08,2024-09,1
1058,2024-08,2024-11,3
1058,2024-09,2024-10,1
1058,2024-09,2024-12,3
1058,2024-10,2024-11,1
1058,2024-11,2024-12,1
1064,2023-12,2024-01,1
1064,2023-12,2024-03,3
1064,2023-12,2024-06,6
1064,2023-12,2024-12,12
1064,2024-01,2024-02,1
1064,2024-01,2024-04,3
1064,2024-01,2024-07,6
1064,2024-02,2024-03,1
1064,2024-02,2024-05,3
1064,2024-02,2024-08,6
1064,2024-03,2024-04,1
1064,2024-03,2024-06,3
1064,2024-03,2024-09,6
1064,2024-04,2024-05,1
1064,2024-04,2024-07,3
1064,2024-04,2024-10,6
1064,2024-05,2024-06,1
1064,2024-05,2024-08,3
1064,2024-05,2024-11,6
1064,2024-06,2024-07,1
1064,2024-06,2024-09,3
1064,2024-06,2024-12,6
1064,2024-07,2024-08,1
1064,2024-07,2024-10,3
1064,2024-08,2024-09,1
1064,2024-08,2024-11,3
1064,2024-09,2024-10,1
1064,2024-09,2024-12,3
1064,2024-10,2024-11,1
1064,2024-11,2024-12,1
1065,2023-12,2024-01,1
1065,2023-12,2024-03,3
1065,2023-12,2024-06,6
1065,2023-12,2024-12,12
1065,2024-01,2024-02,1
1065,2024-01,2024-04,3
1065,2024-01,2024-07,6
1065,2024-02,2024-03,1
1065,2024-02,2024-05,3
1065,2024-02,2024-08,6
1065,2024-03,2024-04,1
1065,2024-03,2024-06,3
1065,2024-03,2024-09,6
1065,2024-04,2024-05,1
1065,2024-04,2024-07,3
1065,2024-04,2024-10,6
1065,2024-05,2024-06,1
1065,2024-05,2024-08,3
1065,2024-05,2024-11,6
1065,2024-06,2024-07,1
1065,2024-06,2024-09,3
1065,2024-06,2024-12,6
1065,2024-07,2024-08,1
1065,2024-07,2024-10,3
1065,2024-08,2024-09,1
1065,2024-08,2024-11,3
1065,2024-09,2024-10,1
1065,2024-09,2024-12,3
1065,2024-10,2024-11,1
1065,2024-11,2024-12,1
1066,2023-12,2024-01,1
1066,2023-12,2024-03,3
1066,2023-12,2024-06,6
1066,2023-12,2024-12,12
1066,2024-01,2024-02,1
1066,2024-01,2024-04,3
1066,2024-01,2024-07,6
1066,2024-02,2024-03,1
1066,2024-02,2024-05,3
1066,2024-02,2024-08,6
1066,2024-03,2024-04,1
1066,2024-03,2024-06,3
1066,2024-03,2024-09,6
1066,2024-04,2024-05,1
1066,2024-04,2024-07,3
1066,2024-04,2024-10,6
1066,2024-05,2024-06,1
1066,2024-05,2024-08,3
1066,2024-05,2024-11,6
1066,2024-06,2024-07,1
1066,2024-06,2024-09,3
1066,2024-06,2024-12,6
1066,2024-07,2024-08,1
1066,2024-07,2024-10,3
1066,2024-08,2024-09,1
1066,2024-08,2024-11,3
1066,2024-09,2024-10,1
1066,2024-09,2024-12,3
1066,2024-10,2024-11,1
1066,2024-11,2024-12,1
1069,2023-12,2024-01,1
1069,2023-12,2024-03,3
1069,2023-12,2024-06,6
1069,2023-12,2024-12,12
1069,2024-01,2024-02,1
1069,2024-01,2024-04,3
1069,2024-01,2024-07,6
1069,2024-02,2024-03,1
1069,2024-02,2024-05,3
1069,2024-02,2024-08,6
1069,2024-03,2024-04,1
1069,2024-03,2024-06,3
1069,2024-03,2024-09,6
1069,2024-04,2024-05,1
1069,2024-04,2024-07,3
1069,2024-04,2024-10,6
1069,2024-05,2024-06,1
1069,2024-05,2024-08,3
1069,2024-05,2024-11,6
1069,2024-06,2024-07,1
1069,2024-06,2024-09,3
1069,2024-06,2024-12,6
1069,2024-07,2024-08,1
1069,2024-07,2024-10,3
1069,2024-08,2024-09,1
1069,2024-08,2024-11,3
1069,2024-09,2024-10,1
1069,2024-09,2024-12,3
1069,2024-10,2024-11,1
1069,2024-11,2024-12,1
1120,2023-12,2024-01,1
1120,2023-12,2024-03,3
1120,2023-12,2024-06,6
1120,2023-12,2024-12,12
1120,2024-01,2024-02,1
1120,2024-01,2024-04,3
1120,2024-01,2024-07,6
1120,2024-02,2024-03,1
1120,2024-02,2024-05,3
1120,2024-02,2024-08,6
1120,2024-03,2024-04,1
1120,2024-03,2024-06,3
1120,2024-03,2024-09,6
1120,2024-04,2024-05,1
1120,2024-04,2024-07,3
1120,2024-04,2024-10,6
1120,2024-05,2024-06,1
1120,2024-05,2024-08,3
1120,2024-05,2024-11,6
1120,2024-06,2024-07,1
1120,2024-06,2024-09,3
1120,2024-06,2024-12,6
1120,2024-07,2024-08,1
1120,2024-07,2024-10,3
1120,2024-08,2024-09,1
1120,2024-08,2024-11,3
1120,2024-09,2024-10,1
1120,2024-09,2024-12,3
1120,2024-10,2024-11,1
1120,2024-11,2024-12,1
1121,2023-12,2024-01,1
1121,2023-12,2024-03,3
1121,2023-12,2024-06,6
1121,2023-12,2024-12,12
1121,2024-01,2024-02,1
1121,2024-01,2024-04,3
1121,2024-01,2024-07,6
1121,2024-02,2024-03,1
1121,2024-02,2024-05,3
1121,2024-02,2024-08,6
1121,2024-03,2024-04,1
1121,2024-03,2024-06,3
1121,2024-03,2024-09,6
1121,2024-04,2024-05,1
1121,2024-04,2024-07,3
1121,2024-04,2024-10,6
1121,2024-05,2024-06,1
1121,2024-05,2024-08,3
1121,2024-05,2024-11,6
1121,2024-06,2024-07,1
1121,2024-06,2024-09,3
1121,2024-06,2024-12,6
1121,2024-07,2024-08,1
1121,2024-07,2024-10,3
1121,2024-08,2024-09,1
1121,2024-08,2024-11,3
1121,2024-09,2024-10,1
1121,2024-09,2024-12,3
1121,2024-10,2024-11,1
1121,2024-11,2024-12,1
1126,2023-12,2024-01,1
1126,2023-12,2024-03,3
1126,2023-12,2024-06,6
1126,2023-12,2024-12,12
1126,2024-01,2024-02,1
1126,2024-01,2024-04,3
1126,2024-01,2024-07,6
1126,2024-02,2024-03,1
1126,2024-02,2024-05,3
1126,2024-02,2024-08,6
1126,2024-03,2024-04,1
1126,2024-03,2024-06,3
1126,2024-03,2024-09,6
1126,2024-04,2024-05,1
1126,2024-04,2024-07,3
1126,2024-04,2024-10,6
1126,2024-05,2024-06,1
1126,2024-05,2024-08,3
1126,2024-05,2024-11,6
1126,2024-06,2024-07,1
1126,2024-06,2024-09,3
1126,2024-06,2024-12,6
1126,2024-07,2024-08,1
1126,2024-07,2024-10,3
1126,2024-08,2024-09,1
1126,2024-08,2024-11,3
1126,2024-09,2024-10,1
1126,2024-09,2024-12,3
1126,2024-10,2024-11,1
1126,2024-11,2024-12,1
1135,2023-12,2024-01,1
1135,2023-12,2024-03,3
1135,2023-12,2024-06,6
1135,2023-12,2024-12,12
1135,2024-01,2024-02,1
1135,2024-01,2024-04,3
1135,2024-01,2024-07,6
1135,2024-02,2024-03,1
1135,2024-02,2024-05,3
1135,2024-02,2024-08,6
1135,2024-03,2024-04,1
1135,2024-03,2024-06,3
1135,2024-03,2024-09,6
1135,2024-04,2024-05,1
1135,2024-04,2024-07,3
1135,2024-04,2024-10,6
1135,2024-05,2024-06,1
1135,2024-05,2024-08,3
1135,2024-05,2024-11,6
1135,2024-06,2024-07,1
1135,2024-06,2024-09,3
1135,2024-06,2024-12,6
1135,2024-07,2024-08,1
1135,2024-07,2024-10,3
1135,2024-08,2024-09,1
1135,2024-08,2024-11,3
1135,2024-09,2024-10,1
1135,2024-09,2024-12,3
1135,2024-10,2024-11,1
1135,2024-11,2024-12,1
1158,2023-12,2024-01,1
1158,2023-12,2024-03,3
1158,2023-12,2024-06,6
1158,2023-12,2024-12,12
1158,2024-01,2024-02,1
1158,2024-01,2024-04,3
1158,2024-01,2024-07,6
1158,2024-02,2024-03,1
1158,2024-02,2024-05,3
1158,2024-02,2024-08,6
1158,2024-03,2024-04,1
1158,2024-03,2024-06,3
1158,2024-03,2024-09,6
1158,2024-04,2024-05,1
1158,2024-04,2024-07,3
1158,2024-04,2024-10,6
1158,2024-05,2024-06,1
1158,2024-05,2024-08,3
1158,2024-05,2024-11,6
1158,2024-06,2024-07,1
1158,2024-06,2024-09,3
1158,2024-06,2024-12,6
1158,2024-07,2024-08,1
1158,2024-07,2024-10,3
1158,2024-08,2024-09,1
1158,2024-08,2024-11,3
1158,2024-09,2024-10,1
1158,2024-09,2024-12,3
1158,2024-10,2024-11,1
1158,2024-11,2024-12,1
1193,2023-12,2024-01,1
1193,2023-12,2024-03,3
1193,2023-12,2024-06,6
1193,2023-12,2024-12,12
1193,2024-01,2024-02,1
1193,2024-01,2024-04,3
1193,2024-01,2024-07,6
1193,2024-02,2024-03,1
1193,2024-02,2024-05,3
1193,2024-02,2024-08,6
1193,2024-03,2024-04,1
1193,2024-03,2024-06,3
1193,2024-03,2024-09,6
1193,2024-04,2024-05,1
1193,2024-04,2024-07,3
1193,2024-04,2024-10,6
1193,2024-05,2024-06,1
1193,2024-05,2024-08,3
1193,2024-05,2024-11,6
1193,2024-06,2024-07,1
1193,2024-06,2024-09,3
1193,2024-06,2024-12,6
1193,2024-07,2024-08,1
1193,2024-07,2024-10,3
1193,2024-08,2024-09,1
1193,2024-08,2024-11,3
1193,2024-09,2024-10,1
1193,2024-09,2024-12,3
1193,2024-10,2024-11,1
1193,2024-11,2024-12,1
1194,2023-12,2024-01,1
1194,2023-12,2024-03,3
1194,2023-12,2024-06,6
1194,2023-12,2024-12,12
1194,2024-01,2024-02,1
1194,2024-01,2024-04,3
1194,2024-01,2024-07,6
1194,2024-02,2024-03,1
1194,2024-02,2024-05,3
1194,2024-02,2024-08,6
1194,2024-03,2024-04,1
1194,2024-03,2024-06,3
1194,2024-03,2024-09,6
1194,2024-04,2024-05,1
1194,2024-04,2024-07,3
1194,2024-04,2024-10,6
1194,2024-05,2024-06,1
1194,2024-05,2024-08,3
1194,2024-05,2024-11,6
1194,2024-06,2024-07,1
1194,2024-06,2024-09,3
1194,2024-06,2024-12,6
1194,2024-07,2024-08,1
1194,2024-07,2024-10,3
1194,2024-08,2024-09,1
1194,2024-08,2024-11,3
1194,2024-09,2024-10,1
1194,2024-09,2024-12,3
1194,2024-10,2024-11,1
1194,2024-11,2024-12,1
1208,2023-12,2024-01,1
1208,2023-12,2024-03,3
1208,2023-12,2024-06,6
1208,2023-12,2024-12,12
1208,2024-01,2024-02,1
1208,2024-01,2024-04,3
1208,2024-01,2024-07,6
1208,2024-02,2024-03,1
1208,2024-02,2024-05,3
1208,2024-02,2024-08,6
1208,2024-03,2024-04,1
1208,2024-03,2024-06,3
1208,2024-03,2024-09,6
1208,2024-04,2024-05,1
1208,2024-04,2024-07,3
1208,2024-04,2024-10,6
1208,2024-05,2024-06,1
1208,2024-05,2024-08,3
1208,2024-05,2024-11,6
1208,2024-06,2024-07,1
1208,2024-06,2024-09,3
1208,2024-06,2024-12,6
1208,2024-07,2024-08,1
1208,2024-07,2024-10,3
1208,2024-08,2024-09,1
1208,2024-08,2024-11,3
1208,2024-09,2024-10,1
1208,2024-09,2024-12,3
1208,2024-10,2024-11,1
1208,2024-11,2024-12,1
1213,2023-12,2024-01,1
1213,2023-12,2024-03,3
1213,2023-12,2024-06,6
1213,2023-12,2024-12,12
1213,2024-01,2024-02,1
1213,2024-01,2024-04,3
1213,2024-01,2024-07,6
1213,2024-02,2024-03,1
1213,2024-02,2024-05,3
1213,2024-02,2024-08,6
1213,2024-03,2024-04,1
1213,2024-03,2024-06,3
1213,2024-03,2024-09,6
1213,2024-04,2024-05,1
1213,2024-04,2024-07,3
1213,2024-04,2024-10,6
1213,2024-05,2024-06,1
1213,2024-05,2024-08,3
1213,2024-05,2024-11,6
1213,2024-06,2024-07,1
1213,2024-06,2024-09,3
1213,2024-06,2024-12,6
1213,2024-07,2024-08,1
1213,2024-07,2024-10,3
1213,2024-08,2024-09,1
1213,2024-08,2024-11,3
1213,2024-09,2024-10,1
1213,2024-09,2024-12,3
1213,2024-10,2024-11,1
1213,2024-11,2024-12,1
1221,2023-12,2024-01,1
1221,2023-12,2024-03,3
1221,2023-12,2024-06,6
1221,2023-12,2024-12,12
1221,2024-01,2024-02,1
1221,2024-01,2024-04,3
1221,2024-01,2024-07,6
1221,2024-02,2024-03,1
1221,2024-02,2024-05,3
1221,2024-02,2024-08,6
1221,2024-03,2024-04,1
1221,2024-03,2024-06,3
1221,2024-03,2024-09,6
1221,2024-04,2024-05,1
1221,2024-04,2024-07,3
1221,2024-04,2024-10,6
1221,2024-05,2024-06,1
1221,2024-05,2024-08,3
1221,2024-05,2024-11,6
1221,2024-06,2024-07,1
1221,2024-06,2024-09,3
1221,2024-06,2024-12,6
1221,2024-07,2024-08,1
1221,2024-07,2024-10,3
1221,2024-08,2024-09,1
1221,2024-08,2024-11,3
1221,2024-09,2024-10,1
1221,2024-09,2024-12,3
1221,2024-10,2024-11,1
1221,2024-11,2024-12,1
1226,2023-12,2024-01,1
1226,2023-12,2024-03,3
1226,2023-12,2024-06,6
1226,2023-12,2024-12,12
1226,2024-01,2024-02,1
1226,2024-01,2024-04,3
1226,2024-01,2024-07,6
1226,2024-02,2024-03,1
1226,2024-02,2024-05,3
1226,2024-02,2024-08,6
1226,2024-03,2024-04,1
1226,2024-03,2024-06,3
1226,2024-03,2024-09,6
1226,2024-04,2024-05,1
1226,2024-04,2024-07,3
1226,2024-04,2024-10,6
1226,2024-05,2024-06,1
1226,2024-05,2024-08,3
1226,2024-05,2024-11,6
1226,2024-06,2024-07,1
1226,2024-06,2024-09,3
1226,2024-06,2024-12,6
1226,2024-07,2024-08,1
1226,2024-07,2024-10,3
1226,2024-08,2024-09,1
1226,2024-08,2024-11,3
1226,2024-09,2024-10,1
1226,2024-09,2024-12,3
1226,2024-10,2024-11,1
1226,2024-11,2024-12,1
1244,2023-12,2024-01,1
1244,2023-12,2024-03,3
1244,2023-12,2024-06,6
1244,2023-12,2024-12,12
1244,2024-01,2024-02,1
1244,2024-01,2024-04,3
1244,2024-01,2024-07,6
1244,2024-02,2024-03,1
1244,2024-02,2024-05,3
1244,2024-02,2024-08,6
1244,2024-03,2024-04,1
1244,2024-03,2024-06,3
1244,2024-03,2024-09,6
1244,2024-04,2024-05,1
1244,2024-04,2024-07,3
1244,2024-04,2024-10,6
1244,2024-05,2024-06,1
1244,2024-05,2024-08,3
1244,2024-05,2024-11,6
1244,2024-06,2024-07,1
1244,2024-06,2024-09,3
1244,2024-06,2024-12,6
1244,2024-07,2024-08,1
1244,2024-07,2024-10,3
1244,2024-08,2024-09,1
1244,2024-08,2024-11,3
1244,2024-09,2024-10,1
1244,2024-09,2024-12,3
1244,2024-10,2024-11,1
1244,2024-11,2024-12,1
1247,2023-12,2024-06,6
1247,2023-12,2024-12,12
1252,2023-12,2024-01,1
1252,2023-12,2024-03,3
1252,2023-12,2024-06,6
1252,2023-12,2024-12,12
1252,2024-01,2024-02,1
1252,2024-01,2024-04,3
1252,2024-01,2024-07,6
1252,2024-02,2024-03,1
1252,2024-02,2024-05,3
1252,2024-02,2024-08,6
1252,2024-03,2024-04,1
1252,2024-03,2024-06,3
1252,2024-03,2024-09,6
1252,2024-04,2024-05,1
1252,2024-04,2024-07,3
1252,2024-04,2024-10,6
1252,2024-05,2024-06,1
1252,2024-05,2024-08,3
1252,2024-05,2024-11,6
1252,2024-06,2024-07,1
1252,2024-06,2024-09,3
1252,2024-06,2024-12,6
1252,2024-07,2024-08,1
1252,2024-07,2024-10,3
1252,2024-08,2024-09,1
1252,2024-08,2024-11,3
1252,2024-09,2024-10,1
1252,2024-09,2024-12,3
1252,2024-10,2024-11,1
1252,2024-11,2024-12,1
1257,2023-12,2024-01,1
1257,2023-12,2024-03,3
1257,2023-12,2024-06,6
1257,2023-12,2024-12,12
1257,2024-01,2024-02,1
1257,2024-01,2024-04,3
1257,2024-01,2024-07,6
1257,2024-02,2024-03,1
1257,2024-02,2024-05,3
1257,2024-02,2024-08,6
1257,2024-03,2024-04,1
1257,2024-03,2024-06,3
1257,2024-03,2024-09,6
1257,2024-04,2024-05,1
1257,2024-04,2024-07,3
1257,2024-04,2024-10,6
1257,2024-05,2024-06,1
1257,2024-05,2024-08,3
1257,2024-05,2024-11,6
1257,2024-06,2024-07,1
1257,2024-06,2024-09,3
1257,2024-06,2024-12,6
1257,2024-07,2024-08,1
1257,2024-07,2024-10,3
1257,2024-08,2024-09,1
1257,2024-08,2024-11,3
1257,2024-09,2024-10,1
1257,2024-09,2024-12,3
1257,2024-10,2024-11,1
1257,2024-11,2024-12,1
1258,2023-12,2024-01,1
1258,2023-12,2024-03,3
1258,2023-12,2024-06,6
1258,2023-12,2024-12,12
1258,2024-01,2024-02,1
1258,2024-01,2024-04,3
1258,2024-01,2024-07,6
1258,2024-02,2024-03,1
1258,2024-02,2024-05,3
1258,2024-02,2024-08,6
1258,2024-03,2024-04,1
1258,2024-03,2024-06,3
1258,2024-03,2024-09,6
1258,2024-04,2024-05,1
1258,2024-04,2024-07,3
1258,2024-04,2024-10,6
1258,2024-05,2024-06,1
1258,2024-05,2024-08,3
1258,2024-05,2024-11,6
1258,2024-06,2024-07,1
1258,2024-06,2024-09,3
1258,2024-06,2024-12,6
1258,2024-07,2024-08,1
1258,2024-07,2024-10,3
1258,2024-08,2024-09,1
1258,2024-08,2024-11,3
1258,2024-09,2024-10,1
1258,2024-09,2024-12,3
1258,2024-10,2024-11,1
1258,2024-11,2024-12,1
1270,2023-12,2024-01,1
1270,2023-12,2024-03,3
1270,2023-12,2024-06,6
1270,2023-12,2024-12,12
1270,2024-01,2024-02,1
1270,2024-01,2024-04,3
1270,2024-01,2024-07,6
1270,2024-02,2024-03,1
1270,2024-02,2024-05,3
1270,2024-02,2024-08,6
1270,2024-03,2024-04,1
1270,2024-03,2024-06,3
1270,2024-03,2024-09,6
1270,2024-04,2024-05,1
1270,2024-04,2024-07,3
1270,2024-04,2024-10,6
1270,2024-05,2024-06,1
1270,2024-05,2024-08,3
1270,2024-05,2024-11,6
1270,2024-06,2024-07,1
1270,2024-06,2024-09,3
1270,2024-06,2024-12,6
1270,2024-07,2024-08,1
1270,2024-07,2024-10,3
1270,2024-08,2024-09,1
1270,2024-08,2024-11,3
1270,2024-09,2024-10,1
1270,2024-09,2024-12,3
1270,2024-10,2024-11,1
1270,2024-11,2024-12,1
1290,2023-12,2024-01,1
1290,2023-12,2024-03,3
1290,2023-12,2024-06,6
1290,2023-12,2024-12,12
1290,2024-01,2024-02,1
1290,2024-01,2024-04,3
1290,2024-01,2024-07,6
1290,2024-02,2024-03,1
1290,2024-02,2024-05,3
1290,2024-02,2024-08,6
1290,2024-03,2024-04,1
1290,2024-03,2024-06,3
1290,2024-03,2024-09,6
1290,2024-04,2024-05,1
1290,2024-04,2024-07,3
1290,2024-04,2024-10,6
1290,2024-05,2024-06,1
1290,2024-05,2024-08,3
1290,2024-05,2024-11,6
1290,2024-06,2024-07,1
1290,2024-06,2024-09,3
1290,2024-06,2024-12,6
1290,2024-07,2024-08,1
1290,2024-07,2024-10,3
1290,2024-08,2024-09,1
1290,2024-08,2024-11,3
1290,2024-09,2024-10,1
1290,2024-09,2024-12,3
1290,2024-10,2024-11,1
1290,2024-11,2024-12,1
1296,2023-12,2024-01,1
1296,2023-12,2024-03,3
1296,2023-12,2024-06,6
1296,2023-12,2024-12,12
1296,2024-01,2024-02,1
1296,2024-01,2024-04,3
1296,2024-01,2024-07,6
1296,2024-02,2024-03,1
1296,2024-02,2024-05,3
1296,2024-02,2024-08,6
1296,2024-03,2024-04,1
1296,2024-03,2024-06,3
1296,2024-03,2024-09,6
1296,2024-04,2024-05,1
1296,2024-04,2024-07,3
1296,2024-04,2024-10,6
1296,2024-05,2024-06,1
1296,2024-05,2024-08,3
1296,2024-05,2024-11,6
1296,2024-06,2024-07,1
1296,2024-06,2024-09,3
1296,2024-06,2024-12,6
1296,2024-07,2024-08,1
1296,2024-07,2024-10,3
1296,2024-08,2024-09,1
1296,2024-08,2024-11,3
1296,2024-09,2024-10,1
1296,2024-09,2024-12,3
1296,2024-10,2024-11,1
1296,2024-11,2024-12,1
1297,2023-12,2024-01,1
1297,2023-12,2024-03,3
1297,2023-12,2024-06,6
1297,2023-12,2024-12,12
1297,2024-01,2024-02,1
1297,2024-01,2024-04,3
1297,2024-01,2024-07,6
1297,2024-02,2024-03,1
1297,2024-02,2024-05,3
1297,2024-02,2024-08,6
1297,2024-03,2024-04,1
1297,2024-03,2024-06,3
1297,2024-03,2024-09,6
1297,2024-04,2024-05,1
1297,2024-04,2024-07,3
1297,2024-04,2024-10,6
1297,2024-05,2024-06,1
1297,2024-05,2024-08,3
1297,2024-05,2024-11,6
1297,2024-06,2024-07,1
1297,2024-06,2024-09,3
1297,2024-06,2024-12,6
1297,2024-07,2024-08,1
1297,2024-07,2024-10,3
1297,2024-08,2024-09,1
1297,2024-08,2024-11,3
1297,2024-09,2024-10,1
1297,2024-09,2024-12,3
1297,2024-10,2024-11,1
1297,2024-11,2024-12,1
1312,2023-12,2024-01,1
1312,2023-12,2024-03,3
1312,2023-12,2024-06,6
1312,2023-12,2024-12,12
1312,2024-01,2024-02,1
1312,2024-01,2024-04,3
1312,2024-01,2024-07,6
1312,2024-02,2024-03,1
1312,2024-02,2024-05,3
1312,2024-02,2024-08,6
1312,2024-03,2024-04,1
1312,2024-03,2024-06,3
1312,2024-03,2024-09,6
1312,2024-04,2024-05,1
1312,2024-04,2024-07,3
1312,2024-04,2024-10,6
1312,2024-05,2024-06,1
1312,2024-05,2024-08,3
1312,2024-05,2024-11,6
1312,2024-06,2024-07,1
1312,2024-06,2024-09,3
1312,2024-06,2024-12,6
1312,2024-07,2024-08,1
1312,2024-07,2024-10,3
1312,2024-08,2024-09,1
1312,2024-08,2024-11,3
1312,2024-09,2024-10,1
1312,2024-09,2024-12,3
1312,2024-10,2024-11,1
1312,2024-11,2024-12,1
1313,2023-12,2024-01,1
1313,2023-12,2024-03,3
1313,2023-12,2024-06,6
1313,2023-12,2024-12,12
1313,2024-01,2024-02,1
1313,2024-01,2024-04,3
1313,2024-01,2024-07,6
1313,2024-02,2024-03,1
1313,2024-02,2024-05,3
1313,2024-02,2024-08,6
1313,2024-03,2024-04,1
1313,2024-03,2024-06,3
1313,2024-03,2024-09,6
1313,2024-04,2024-05,1
1313,2024-04,2024-07,3
1313,2024-04,2024-10,6
1313,2024-05,2024-06,1
1313,2024-05,2024-08,3
1313,2024-05,2024-11,6
1313,2024-06,2024-07,1
1313,2024-06,2024-09,3
1313,2024-06,2024-12,6
1313,2024-07,2024-08,1
1313,2024-07,2024-10,3
1313,2024-08,2024-09,1
1313,2024-08,2024-11,3
1313,2024-09,2024-10,1
1313,2024-09,2024-12,3
1313,2024-10,2024-11,1
1313,2024-11,2024-12,1
1322,2023-12,2024-01,1
1322,2023-12,2024-03,3
1322,2023-12,2024-06,6
1322,2023-12,2024-12,12
1322,2024-01,2024-02,1
1322,2024-01,2024-04,3
1322,2024-01,2024-07,6
1322,2024-02,2024-03,1
1322,2024-02,2024-05,3
1322,2024-02,2024-08,6
1322,2024-03,2024-04,1
1322,2024-03,2024-06,3
1322,2024-03,2024-09,6
1322,2024-04,2024-05,1
1322,2024-04,2024-07,3
1322,2024-04,2024-10,6
1322,2024-05,2024-06,1
1322,2024-05,2024-08,3
1322,2024-05,2024-11,6
1322,2024-06,2024-07,1
1322,2024-06,2024-09,3
1322,2024-06,2024-12,6
1322,2024-07,2024-08,1
1322,2024-07,2024-10,3
1322,2024-08,2024-09,1
1322,2024-08,2024-11,3
1322,2024-09,2024-10,1
1322,2024-09,2024-12,3
1322,2024-10,2024-11,1
1322,2024-11,2024-12,1
1337,2023-12,2024-01,1
1337,2023-12,2024-03,3
1337,2023-12,2024-06,6
1337,2023-12,2024-12,12
1337,2024-01,2024-02,1
1337,2024-01,2024-04,3
1337,2024-01,2024-07,6
1337,2024-02,2024-03,1
1337,2024-02,2024-05,3
1337,2024-02,2024-08,6
1337,2024-03,2024-04,1
1337,2024-03,2024-06,3
1337,2024-03,2024-09,6
1337,2024-04,2024-05,1
1337,2024-04,2024-07,3
1337,2024-04,2024-10,6
1337,2024-05,2024-06,1
1337,2024-05,2024-08,3
1337,2024-05,2024-11,6
1337,2024-06,2024-07,1
1337,2024-06,2024-09,3
1337,2024-06,2024-12,6
1337,2024-07,2024-08,1
1337,2024-07,2024-10,3
1337,2024-08,2024-09,1
1337,2024-08,2024-11,3
1337,2024-09,2024-10,1
1337,2024-09,2024-12,3
1337,2024-10,2024-11,1
1337,2024-11,2024-12,1
1393,2023-12,2024-01,1
1393,2023-12,2024-03,3
1393,2023-12,2024-06,6
1393,2023-12,2024-12,12
1393,2024-01,2024-02,1
1393,2024-01,2024-04,3
1393,2024-01,2024-07,6
1393,2024-02,2024-03,1
1393,2024-02,2024-05,3
1393,2024-02,2024-08,6
1393,2024-03,2024-04,1
1393,2024-03,2024-06,3
1393,2024-03,2024-09,6
1393,2024-04,2024-05,1
1393,2024-04,2024-07,3
1393,2024-04,2024-10,6
1393,2024-05,2024-06,1
1393,2024-05,2024-08,3
1393,2024-05,2024-11,6
1393,2024-06,2024-07,1
1393,2024-06,2024-09,3
1393,2024-06,2024-12,6
1393,2024-07,2024-08,1
1393,2024-07,2024-10,3
1393,2024-08,2024-09,1
1393,2024-08,2024-11,3
1393,2024-09,2024-10,1
1393,2024-09,2024-12,3
1393,2024-10,2024-11,1
1393,2024-11,2024-12,1
1398,2023-12,2024-01,1
1398,2023-12,2024-03,3
1398,2023-12,2024-06,6
1398,2023-12,2024-12,12
1398,2024-01,2024-02,1
1398,2024-01,2024-04,3
1398,2024-01,2024-07,6
1398,2024-02,2024-03,1
1398,2024-02,2024-05,3
1398,2024-02,2024-08,6
1398,2024-03,2024-04,1
1398,2024-03,2024-06,3
1398,2024-03,2024-09,6
1398,2024-04,2024-05,1
1398,2024-04,2024-07,3
1398,2024-04,2024-10,6
1398,2024-05,2024-06,1
1398,2024-05,2024-08,3
1398,2024-05,2024-11,6
1398,2024-06,2024-07,1
1398,2024-06,2024-09,3
1398,2024-06,2024-12,6
1398,2024-07,2024-08,1
1398,2024-07,2024-10,3
1398,2024-08,2024-09,1
1398,2024-08,2024-11,3
1398,2024-09,2024-10,1
1398,2024-09,2024-12,3
1398,2024-10,2024-11,1
1398,2024-11,2024-12,1
1410,2023-12,2024-01,1
1410,2023-12,2024-03,3
1410,2023-12,2024-06,6
1410,2023-12,2024-12,12
1410,2024-01,2024-02,1
1410,2024-01,2024-04,3
1410,2024-01,2024-07,6
1410,2024-02,2024-03,1
1410,2024-02,2024-05,3
1410,2024-02,2024-08,6
1410,2024-03,2024-04,1
1410,2024-03,2024-06,3
1410,2024-03,2024-09,6
1410,2024-04,2024-05,1
1410,2024-04,2024-07,3
1410,2024-04,2024-10,6
1410,2024-05,2024-06,1
1410,2024-05,2024-08,3
1410,2024-05,2024-11,6
1410,2024-06,2024-07,1
1410,2024-06,2024-09,3
1410,2024-06,2024-12,6
1410,2024-07,2024-08,1
1410,2024-07,2024-10,3
1410,2024-08,2024-09,1
1410,2024-08,2024-11,3
1410,2024-09,2024-10,1
1410,2024-09,2024-12,3
1410,2024-10,2024-11,1
1410,2024-11,2024-12,1
1414,2023-12,2024-01,1
1414,2023-12,2024-03,3
1414,2023-12,2024-06,6
1414,2023-12,2024-12,12
1414,2024-01,2024-02,1
1414,2024-01,2024-04,3
1414,2024-01,2024-07,6
1414,2024-02,2024-03,1
1414,2024-02,2024-05,3
1414,2024-02,2024-08,6
1414,2024-03,2024-04,1
1414,2024-03,2024-06,3
1414,2024-03,2024-09,6
1414,2024-04,2024-05,1
1414,2024-04,2024-07,3
1414,2024-04,2024-10,6
1414,2024-05,2024-06,1
1414,2024-05,2024-08,3
1414,2024-05,2024-11,6
1414,2024-06,2024-07,1
1414,2024-06,2024-09,3
1414,2024-06,2024-12,6
1414,2024-07,2024-08,1
1414,2024-07,2024-10,3
1414,2024-08,2024-09,1
1414,2024-08,2024-11,3
1414,2024-09,2024-10,1
1414,2024-09,2024-12,3
1414,2024-10,2024-11,1
1414,2024-11,2024-12,1
1415,2023-12,2024-01,1
1415,2023-12,2024-03,3
1415,2023-12,2024-06,6
1415,2023-12,2024-12,12
1415,2024-01,2024-02,1
1415,2024-01,2024-04,3
1415,2024-01,2024-07,6
1415,2024-02,2024-03,1
1415,2024-02,2024-05,3
1415,2024-02,2024-08,6
1415,2024-03,2024-04,1
1415,2024-03,2024-06,3
1415,2024-03,2024-09,6
1415,2024-04,2024-05,1
1415,2024-04,2024-07,3
1415,2024-04,2024-10,6
1415,2024-05,2024-06,1
1415,2024-05,2024-08,3
1415,2024-05,2024-11,6
1415,2024-06,2024-07,1
1415,2024-06,2024-09,3
1415,2024-06,2024-12,6
1415,2024-07,2024-08,1
1415,2024-07,2024-10,3
1415,2024-08,2024-09,1
1415,2024-08,2024-11,3
1415,2024-09,2024-10,1
1415,2024-09,2024-12,3
1415,2024-10,2024-11,1
1415,2024-11,2024-12,1
1439,2023-12,2024-01,1
1439,2023-12,2024-03,3
1439,2023-12,2024-06,6
1439,2023-12,2024-12,12
1439,2024-01,2024-02,1
1439,2024-01,2024-04,3
1439,2024-01,2024-07,6
1439,2024-02,2024-03,1
1439,2024-02,2024-05,3
1439,2024-02,2024-08,6
1439,2024-03,2024-04,1
1439,2024-03,2024-06,3
1439,2024-03,2024-09,6
1439,2024-04,2024-05,1
1439,2024-04,2024-07,3
1439,2024-04,2024-10,6
1439,2024-05,2024-06,1
1439,2024-05,2024-08,3
1439,2024-05,2024-11,6
1439,2024-06,2024-07,1
1439,2024-06,2024-09,3
1439,2024-06,2024-12,6
1439,2024-07,2024-08,1
1439,2024-07,2024-10,3
1439,2024-08,2024-09,1
1439,2024-08,2024-11,3
1439,2024-09,2024-10,1
1439,2024-09,2024-12,3
1439,2024-10,2024-11,1
1439,2024-11,2024-12,1
1445,2023-12,2024-01,1
1445,2023-12,2024-03,3
1445,2023-12,2024-06,6
1445,2023-12,2024-12,12
1445,2024-01,2024-02,1
1445,2024-01,2024-04,3
1445,2024-01,2024-07,6
1445,2024-02,2024-03,1
1445,2024-02,2024-05,3
1445,2024-02,2024-08,6
1445,2024-03,2024-04,1
1445,2024-03,2024-06,3
1445,2024-03,2024-09,6
1445,2024-04,2024-05,1
1445,2024-04,2024-07,3
1445,2024-04,2024-10,6
1445,2024-05,2024-06,1
1445,2024-05,2024-08,3
1445,2024-05,2024-11,6
1445,2024-06,2024-07,1
1445,2024-06,2024-09,3
1445,2024-06,2024-12,6
1445,2024-07,2024-08,1
1445,2024-07,2024-10,3
1445,2024-08,2024-09,1
1445,2024-08,2024-11,3
1445,2024-09,2024-10,1
1445,2024-09,2024-12,3
1445,2024-10,2024-11,1
1445,2024-11,2024-12,1
1453,2023-12,2024-01,1
1453,2023-12,2024-03,3
1453,2023-12,2024-06,6
1453,2023-12,2024-12,12
1453,2024-01,2024-02,1
1453,2024-01,2024-04,3
1453,2024-01,2024-07,6
1453,2024-02,2024-03,1
1453,2024-02,2024-05,3
1453,2024-02,2024-08,6
1453,2024-03,2024-04,1
1453,2024-03,2024-06,3
1453,2024-03,2024-09,6
1453,2024-04,2024-05,1
1453,2024-04,2024-07,3
1453,2024-04,2024-10,6
1453,2024-05,2024-06,1
1453,2024-05,2024-08,3
1453,2024-05,2024-11,6
1453,2024-06,2024-07,1
1453,2024-06,2024-09,3
1453,2024-06,2024-12,6
1453,2024-07,2024-08,1
1453,2024-07,2024-10,3
1453,2024-08,2024-09,1
1453,2024-08,2024-11,3
1453,2024-09,2024-10,1
1453,2024-09,2024-12,3
1453,2024-10,2024-11,1
1453,2024-11,2024-12,1
1463,2023-12,2024-01,1
1463,2023-12,2024-03,3
1463,2023-12,2024-06,6
1463,2023-12,2024-12,12
1463,2024-01,2024-02,1
1463,2024-01,2024-04,3
1463,2024-01,2024-07,6
1463,2024-02,2024-03,1
1463,2024-02,2024-05,3
1463,2024-02,2024-08,6
1463,2024-03,2024-04,1
1463,2024-03,2024-06,3
1463,2024-03,2024-09,6
1463,2024-04,2024-05,1
1463,2024-04,2024-07,3
1463,2024-04,2024-10,6
1463,2024-05,2024-06,1
1463,2024-05,2024-08,3
1463,2024-05,2024-11,6
1463,2024-06,2024-07,1
1463,2024-06,2024-09,3
1463,2024-06,2024-12,6
1463,2024-07,2024-08,1
1463,2024-07,2024-10,3
1463,2024-08,2024-09,1
1463,2024-08,2024-11,3
1463,2024-09,2024-10,1
1463,2024-09,2024-12,3
1463,2024-10,2024-11,1
1463,2024-11,2024-12,1
1468,2023-12,2024-01,1
1468,2023-12,2024-03,3
1468,2023-12,2024-06,6
1468,2023-12,2024-12,12
1468,2024-01,2024-02,1
1468,2024-01,2024-04,3
1468,2024-01,2024-07,6
1468,2024-02,2024-03,1
1468,2024-02,2024-05,3
1468,2024-02,2024-08,6
1468,2024-03,2024-04,1
1468,2024-03,2024-06,3
1468,2024-03,2024-09,6
1468,2024-04,2024-05,1
1468,2024-04,2024-07,3
1468,2024-04,2024-10,6
1468,2024-05,2024-06,1
1468,2024-05,2024-08,3
1468,2024-05,2024-11,6
1468,2024-06,2024-07,1
1468,2024-06,2024-09,3
1468,2024-06,2024-12,6
1468,2024-07,2024-08,1
1468,2024-07,2024-10,3
1468,2024-08,2024-09,1
1468,2024-08,2024-11,3
1468,2024-09,2024-10,1
1468,2024-09,2024-12,3
1468,2024-10,2024-11,1
1468,2024-11,2024-12,1
1495,2023-12,2024-01,1
1495,2023-12,2024-03,3
1495,2023-12,2024-06,6
1495,2023-12,2024-12,12
1495,2024-01,2024-02,1
1495,2024-01,2024-04,3
1495,2024-01,2024-07,6
1495,2024-02,2024-03,1
1495,2024-02,2024-05,3
1495,2024-02,2024-08,6
1495,2024-03,2024-04,1
1495,2024-03,2024-06,3
1495,2024-03,2024-09,6
1495,2024-04,2024-05,1
1495,2024-04,2024-07,3
1495,2024-04,2024-10,6
1495,2024-05,2024-06,1
1495,2024-05,2024-08,3
1495,2024-05,2024-11,6
1495,2024-06,2024-07,1
1495,2024-06,2024-09,3
1495,2024-06,2024-12,6
1495,2024-07,2024-08,1
1495,2024-07,2024-10,3
1495,2024-08,2024-09,1
1495,2024-08,2024-11,3
1495,2024-09,2024-10,1
1495,2024-09,2024-12,3
1495,2024-10,2024-11,1
1495,2024-11,2024-12,1
1509,2023-12,2024-01,1
1509,2023-12,2024-03,3
1509,2023-12,2024-06,6
1509,2023-12,2024-12,12
1509,2024-01,2024-02,1
1509,2024-01,2024-04,3
1509,2024-01,2024-07,6
1509,2024-02,2024-03,1
1509,2024-02,2024-05,3
1509,2024-02,2024-08,6
1509,2024-03,2024-04,1
1509,2024-03,2024-06,3
1509,2024-03,2024-09,6
1509,2024-04,2024-05,1
1509,2024-04,2024-07,3
1509,2024-04,2024-10,6
1509,2024-05,2024-06,1
1509,2024-05,2024-08,3
1509,2024-05,2024-11,6
1509,2024-06,2024-07,1
1509,2024-06,2024-09,3
1509,2024-06,2024-12,6
1509,2024-07,2024-08,1
1509,2024-07,2024-10,3
1509,2024-08,2024-09,1
1509,2024-08,2024-11,3
1509,2024-09,2024-10,1
1509,2024-09,2024-12,3
1509,2024-10,2024-11,1
1509,2024-11,2024-12,1
1518,2023-12,2024-01,1
1518,2023-12,2024-03,3
1518,2023-12,2024-06,6
1518,2023-12,2024-12,12
1518,2024-01,2024-02,1
1518,2024-01,2024-04,3
1518,2024-01,2024-07,6
1518,2024-02,2024-03,1
1518,2024-02,2024-05,3
1518,2024-02,2024-08,6
1518,2024-03,2024-04,1
1518,2024-03,2024-06,3
1518,2024-03,2024-09,6
1518,2024-04,2024-05,1
1518,2024-04,2024-07,3
1518,2024-04,2024-10,6
1518,2024-05,2024-06,1
1518,2024-05,2024-08,3
1518,2024-05,2024-11,6
1518,2024-06,2024-07,1
1518,2024-06,2024-09,3
1518,2024-06,2024-12,6
1518,2024-07,2024-08,1
1518,2024-07,2024-10,3
1518,2024-08,2024-09,1
1518,2024-08,2024-11,3
1518,2024-09,2024-10,1
1518,2024-09,2024-12,3
1518,2024-10,2024-11,1
1518,2024-11,2024-12,1
1520,2023-12,2024-01,1
1520,2023-12,2024-03,3
1520,2023-12,2024-06,6
1520,2023-12,2024-12,12
1520,2024-01,2024-02,1
1520,2024-01,2024-04,3
1520,2024-01,2024-07,6
1520,2024-02,2024-03,1
1520,2024-02,2024-05,3
1520,2024-02,2024-08,6
1520,2024-03,2024-04,1
1520,2024-03,2024-06,3
1520,2024-03,2024-09,6
1520,2024-04,2024-05,1
1520,2024-04,2024-07,3
1520,2024-04,2024-10,6
1520,2024-05,2024-06,1
1520,2024-05,2024-08,3
1520,2024-05,2024-11,6
1520,2024-06,2024-07,1
1520,2024-06,2024-09,3
1520,2024-06,2024-12,6
1520,2024-07,2024-08,1
1520,2024-07,2024-10,3
1520,2024-08,2024-09,1
1520,2024-08,2024-11,3
1520,2024-09,2024-10,1
1520,2024-09,2024-12,3
1520,2024-10,2024-11,1
1520,2024-11,2024-12,1
1536,2023-12,2024-01,1
1536,2023-12,2024-03,3
1536,2023-12,2024-06,6
1536,2023-12,2024-12,12
1536,2024-01,2024-02,1
1536,2024-01,2024-04,3
1536,2024-01,2024-07,6
1536,2024-02,2024-03,1
1536,2024-02,2024-05,3
1536,2024-02,2024-08,6
1536,2024-03,2024-04,1
1536,2024-03,2024-06,3
1536,2024-03,2024-09,6
1536,2024-04,2024-05,1
1536,2024-04,2024-07,3
1536,2024-04,2024-10,6
1536,2024-05,2024-06,1
1536,2024-05,2024-08,3
1536,2024-05,2024-11,6
1536,2024-06,2024-07,1
1536,2024-06,2024-09,3
1536,2024-06,2024-12,6
1536,2024-07,2024-08,1
1536,2024-07,2024-10,3
1536,2024-08,2024-09,1
1536,2024-08,2024-11,3
1536,2024-09,2024-10,1
1536,2024-09,2024-12,3
1536,2024-10,2024-11,1
1536,2024-11,2024-12,1
1540,2023-12,2024-01,1
1540,2023-12,2024-03,3
1540,2023-12,2024-06,6
1540,2023-12,2024-12,12
1540,2024-01,2024-02,1
1540,2024-01,2024-04,3
1540,2024-01,2024-07,6
1540,2024-02,2024-03,1
1540,2024-02,2024-05,3
1540,2024-02,2024-08,6
1540,2024-03,2024-04,1
1540,2024-03,2024-06,3
1540,2024-03,2024-09,6
1540,2024-04,2024-05,1
1540,2024-04,2024-07,3
1540,2024-04,2024-10,6
1540,2024-05,2024-06,1
1540,2024-05,2024-08,3
1540,2024-05,2024-11,6
1540,2024-06,2024-07,1
1540,2024-06,2024-09,3
1540,2024-06,2024-12,6
1540,2024-07,2024-08,1
1540,2024-07,2024-10,3
1540,2024-08,2024-09,1
1540,2024-08,2024-11,3
1540,2024-09,2024-10,1
1540,2024-09,2024-12,3
1540,2024-10,2024-11,1
1540,2024-11,2024-12,1
1556,2023-12,2024-01,1
1556,2023-12,2024-03,3
1556,2023-12,2024-06,6
1556,2023-12,2024-12,12
1556,2024-01,2024-02,1
1556,2024-01,2024-04,3
1556,2024-01,2024-07,6
1556,2024-02,2024-03,1
1556,2024-02,2024-05,3
1556,2024-02,2024-08,6
1556,2024-03,2024-04,1
1556,2024-03,2024-06,3
1556,2024-03,2024-09,6
1556,2024-04,2024-05,1
1556,2024-04,2024-07,3
1556,2024-04,2024-10,6
1556,2024-05,2024-06,1
1556,2024-05,2024-08,3
1556,2024-05,2024-11,6
1556,2024-06,2024-07,1
1556,2024-06,2024-09,3
1556,2024-06,2024-12,6
1556,2024-07,2024-08,1
1556,2024-07,2024-10,3
1556,2024-08,2024-09,1
1556,2024-08,2024-11,3
1556,2024-09,2024-10,1
1556,2024-09,2024-12,3
1556,2024-10,2024-11,1
1556,2024-11,2024-12,1
1557,2023-12,2024-01,1
1557,2023-12,2024-03,3
1557,2023-12,2024-06,6
1557,2023-12,2024-12,12
1557,2024-01,2024-02,1
1557,2024-01,2024-04,3
1557,2024-01,2024-07,6
1557,2024-02,2024-03,1
1557,2024-02,2024-05,3
1557,2024-02,2024-08,6
1557,2024-03,2024-04,1
1557,2024-03,2024-06,3
1557,2024-03,2024-09,6
1557,2024-04,2024-05,1
1557,2024-04,2024-07,3
1557,2024-04,2024-10,6
1557,2024-05,2024-06,1
1557,2024-05,2024-08,3
1557,2024-05,2024-11,6
1557,2024-06,2024-07,1
1557,2024-06,2024-09,3
1557,2024-06,2024-12,6
1557,2024-07,2024-08,1
1557,2024-07,2024-10,3
1557,2024-08,2024-09,1
1557,2024-08,2024-11,3
1557,2024-09,2024-10,1
1557,2024-09,2024-12,3
1557,2024-10,2024-11,1
1557,2024-11,2024-12,1
1563,2023-12,2024-01,1
1563,2023-12,2024-03,3
1563,2023-12,2024-06,6
1563,2023-12,2024-12,12
1563,2024-01,2024-02,1
1563,2024-01,2024-04,3
1563,2024-01,2024-07,6
1563,2024-02,2024-03,1
1563,2024-02,2024-05,3
1563,2024-02,2024-08,6
1563,2024-03,2024-04,1
1563,2024-03,2024-06,3
1563,2024-03,2024-09,6
1563,2024-04,2024-05,1
1563,2024-04,2024-07,3
1563,2024-04,2024-10,6
1563,2024-05,2024-06,1
1563,2024-05,2024-08,3
1563,2024-05,2024-11,6
1563,2024-06,2024-07,1
1563,2024-06,2024-09,3
1563,2024-06,2024-12,6
1563,2024-07,2024-08,1
1563,2024-07,2024-10,3
1563,2024-08,2024-09,1
1563,2024-08,2024-11,3
1563,2024-09,2024-10,1
1563,2024-09,2024-12,3
1563,2024-10,2024-11,1
1563,2024-11,2024-12,1
1591,2023-12,2024-01,1
1591,2023-12,2024-03,3
1591,2023-12,2024-06,6
1591,2023-12,2024-12,12
1591,2024-01,2024-02,1
1591,2024-01,2024-04,3
1591,2024-01,2024-07,6
1591,2024-02,2024-03,1
1591,2024-02,2024-05,3
1591,2024-02,2024-08,6
1591,2024-03,2024-04,1
1591,2024-03,2024-06,3
1591,2024-03,2024-09,6
1591,2024-04,2024-05,1
1591,2024-04,2024-07,3
1591,2024-04,2024-10,6
1591,2024-05,2024-06,1
1591,2024-05,2024-08,3
1591,2024-05,2024-11,6
1591,2024-06,2024-07,1
1591,2024-06,2024-09,3
1591,2024-06,2024-12,6
1591,2024-07,2024-08,1
1591,2024-07,2024-10,3
1591,2024-08,2024-09,1
1591,2024-08,2024-11,3
1591,2024-09,2024-10,1
1591,2024-09,2024-12,3
1591,2024-10,2024-11,1
1591,2024-11,2024-12,1
1592,2023-12,2024-01,1
1592,2023-12,2024-03,3
1592,2023-12,2024-06,6
1592,2023-12,2024-12,12
1592,2024-01,2024-02,1
1592,2024-01,2024-04,3
1592,2024-01,2024-07,6
1592,2024-02,2024-03,1
1592,2024-02,2024-05,3
1592,2024-02,2024-08,6
1592,2024-03,2024-04,1
1592,2024-03,2024-06,3
1592,2024-03,2024-09,6
1592,2024-04,2024-05,1
1592,2024-04,2024-07,3
1592,2024-04,2024-10,6
1592,2024-05,2024-06,1
1592,2024-05,2024-08,3
1592,2024-05,2024-11,6
1592,2024-06,2024-07,1
1592,2024-06,2024-09,3
1592,2024-06,2024-12,6
1592,2024-07,2024-08,1
1592,2024-07,2024-10,3
1592,2024-08,2024-09,1
1592,2024-08,2024-11,3
1592,2024-09,2024-10,1
1592,2024-09,2024-12,3
1592,2024-10,2024-11,1
1592,2024-11,2024-12,1
1594,2023-12,2024-01,1
1594,2023-12,2024-03,3
1594,2023-12,2024-06,6
1594,2023-12,2024-12,12
1594,2024-01,2024-02,1
1594,2024-01,2024-04,3
1594,2024-01,2024-07,6
1594,2024-02,2024-03,1
1594,2024-02,2024-05,3
1594,2024-02,2024-08,6
1594,2024-03,2024-04,1
1594,2024-03,2024-06,3
1594,2024-03,2024-09,6
1594,2024-04,2024-05,1
1594,2024-04,2024-07,3
1594,2024-04,2024-10,6
1594,2024-05,2024-06,1
1594,2024-05,2024-08,3
1594,2024-05,2024-11,6
1594,2024-06,2024-07,1
1594,2024-06,2024-09,3
1594,2024-06,2024-12,6
1594,2024-07,2024-08,1
1594,2024-07,2024-10,3
1594,2024-08,2024-09,1
1594,2024-08,2024-11,3
1594,2024-09,2024-10,1
1594,2024-09,2024-12,3
1594,2024-10,2024-11,1
1594,2024-11,2024-12,1
1595,2023-12,2024-01,1
1595,2023-12,2024-03,3
1595,2023-12,2024-06,6
1595,2023-12,2024-12,12
1595,2024-01,2024-02,1
1595,2024-01,2024-04,3
1595,2024-01,2024-07,6
1595,2024-02,2024-03,1
1595,2024-02,2024-05,3
1595,2024-02,2024-08,6
1595,2024-03,2024-04,1
1595,2024-03,2024-06,3
1595,2024-03,2024-09,6
1595,2024-04,2024-05,1
1595,2024-04,2024-07,3
1595,2024-04,2024-10,6
1595,2024-05,2024-06,1
1595,2024-05,2024-08,3
1595,2024-05,2024-11,6
1595,2024-06,2024-07,1
1595,2024-06,2024-09,3
1595,2024-06,2024-12,6
1595,2024-07,2024-08,1
1595,2024-07,2024-10,3
1595,2024-08,2024-09,1
1595,2024-08,2024-11,3
1595,2024-09,2024-10,1
1595,2024-09,2024-12,3
1595,2024-10,2024-11,1
1595,2024-11,2024-12,1
1597,2023-12,2024-01,1
1597,2023-12,2024-03,3
1597,2023-12,2024-06,6
1597,2023-12,2024-12,12
1597,2024-01,2024-02,1
1597,2024-01,2024-04,3
1597,2024-01,2024-07,6
1597,2024-02,2024-03,1
1597,2024-02,2024-05,3
1597,2024-02,2024-08,6
1597,2024-03,2024-04,1
1597,2024-03,2024-06,3
1597,2024-03,2024-09,6
1597,2024-04,2024-05,1
1597,2024-04,2024-07,3
1597,2024-04,2024-10,6
1597,2024-05,2024-06,1
1597,2024-05,2024-08,3
1597,2024-05,2024-11,6
1597,2024-06,2024-07,1
1597,2024-06,2024-09,3
1597,2024-06,2024-12,6
1597,2024-07,2024-08,1
1597,2024-07,2024-10,3
1597,2024-08,2024-09,1
1597,2024-08,2024-11,3
1597,2024-09,2024-10,1
1597,2024-09,2024-12,3
1597,2024-10,2024-11,1
1597,2024-11,2024-12,1
1599,2023-12,2024-01,1
1599,2023-12,2024-03,3
1599,2023-12,2024-06,6
1599,2023-12,2024-12,12
1599,2024-01,2024-02,1
1599,2024-01,2024-04,3
1599,2024-01,2024-07,6
1599,2024-02,2024-03,1
1599,2024-02,2024-05,3
1599,2024-02,2024-08,6
1599,2024-03,2024-04,1
1599,2024-03,2024-06,3
1599,2024-03,2024-09,6
1599,2024-04,2024-05,1
1599,2024-04,2024-07,3
1599,2024-04,2024-10,6
1599,2024-05,2024-06,1
1599,2024-05,2024-08,3
1599,2024-05,2024-11,6
1599,2024-06,2024-07,1
1599,2024-06,2024-09,3
1599,2024-06,2024-12,6
1599,2024-07,2024-08,1
1599,2024-07,2024-10,3
1599,2024-08,2024-09,1
1599,2024-08,2024-11,3
1599,2024-09,2024-10,1
1599,2024-09,2024-12,3
1599,2024-10,2024-11,1
1599,2024-11,2024-12,1
1603,2023-12,2024-01,1
1603,2023-12,2024-03,3
1603,2023-12,2024-06,6
1603,2023-12,2024-12,12
1603,2024-01,2024-02,1
1603,2024-01,2024-04,3
1603,2024-01,2024-07,6
1603,2024-02,2024-03,1
1603,2024-02,2024-05,3
1603,2024-02,2024-08,6
1603,2024-03,2024-04,1
1603,2024-03,2024-06,3
1603,2024-03,2024-09,6
1603,2024-04,2024-05,1
1603,2024-04,2024-07,3
1603,2024-04,2024-10,6
1603,2024-05,2024-06,1
1603,2024-05,2024-08,3
1603,2024-05,2024-11,6
1603,2024-06,2024-07,1
1603,2024-06,2024-09,3
1603,2024-06,2024-12,6
1603,2024-07,2024-08,1
1603,2024-07,2024-10,3
1603,2024-08,2024-09,1
1603,2024-08,2024-11,3
1603,2024-09,2024-10,1
1603,2024-09,2024-12,3
1603,2024-10,2024-11,1
1603,2024-11,2024-12,1
1604,2023-12,2024-01,1
1604,2023-12,2024-03,3
1604,2023-12,2024-06,6
1604,2023-12,2024-12,12
1604,2024-01,2024-02,1
1604,2024-01,2024-04,3
1604,2024-01,2024-07,6
1604,2024-02,2024-03,1
1604,2024-02,2024-05,3
1604,2024-02,2024-08,6
1604,2024-03,2024-04,1
1604,2024-03,2024-06,3
1604,2024-03,2024-09,6
1604,2024-04,2024-05,1
1604,2024-04,2024-07,3
1604,2024-04,2024-10,6
1604,2024-05,2024-06,1
1604,2024-05,2024-08,3
1604,2024-05,2024-11,6
1604,2024-06,2024-07,1
1604,2024-06,2024-09,3
1604,2024-06,2024-12,6
1604,2024-07,2024-08,1
1604,2024-07,2024-10,3
1604,2024-08,2024-09,1
1604,2024-08,2024-11,3
1604,2024-09,2024-10,1
1604,2024-09,2024-12,3
1604,2024-10,2024-11,1
1604,2024-11,2024-12,1
1621,2023-12,2024-01,1
1621,2023-12,2024-03,3
1621,2023-12,2024-06,6
1621,2023-12,2024-12,12
1621,2024-01,2024-02,1
1621,2024-01,2024-04,3
1621,2024-01,2024-07,6
1621,2024-02,2024-03,1
1621,2024-02,2024-05,3
1621,2024-02,2024-08,6
1621,2024-03,2024-04,1
1621,2024-03,2024-06,3
1621,2024-03,2024-09,6
1621,2024-04,2024-05,1
1621,2024-04,2024-07,3
1621,2024-04,2024-10,6
1621,2024-05,2024-06,1
1621,2024-05,2024-08,3
1621,2024-05,2024-11,6
1621,2024-06,2024-07,1
1621,2024-06,2024-09,3
1621,2024-06,2024-12,6
1621,2024-07,2024-08,1
1621,2024-07,2024-10,3
1621,2024-08,2024-09,1
1621,2024-08,2024-11,3
1621,2024-09,2024-10,1
1621,2024-09,2024-12,3
1621,2024-10,2024-11,1
1621,2024-11,2024-12,1
1626,2023-12,2024-01,1
1626,2023-12,2024-03,3
1626,2023-12,2024-06,6
1626,2023-12,2024-12,12
1626,2024-01,2024-02,1
1626,2024-01,2024-04,3
1626,2024-01,2024-07,6
1626,2024-02,2024-03,1
1626,2024-02,2024-05,3
1626,2024-02,2024-08,6
1626,2024-03,2024-04,1
1626,2024-03,2024-06,3
1626,2024-03,2024-09,6
1626,2024-04,2024-05,1
1626,2024-04,2024-07,3
1626,2024-04,2024-10,6
1626,2024-05,2024-06,1
1626,2024-05,2024-08,3
1626,2024-05,2024-11,6
1626,2024-06,2024-07,1
1626,2024-06,2024-09,3
1626,2024-06,2024-12,6
1626,2024-07,2024-08,1
1626,2024-07,2024-10,3
1626,2024-08,2024-09,1
1626,2024-08,2024-11,3
1626,2024-09,2024-10,1
1626,2024-09,2024-12,3
1626,2024-10,2024-11,1
1626,2024-11,2024-12,1
1633,2023-12,2024-01,1
1633,2023-12,2024-03,3
1633,2023-12,2024-06,6
1633,2023-12,2024-12,12
1633,2024-01,2024-02,1
1633,2024-01,2024-04,3
1633,2024-01,2024-07,6
1633,2024-02,2024-03,1
1633,2024-02,2024-05,3
1633,2024-02,2024-08,6
1633,2024-03,2024-04,1
1633,2024-03,2024-06,3
1633,2024-03,2024-09,6
1633,2024-04,2024-05,1
1633,2024-04,2024-07,3
1633,2024-04,2024-10,6
1633,2024-05,2024-06,1
1633,2024-05,2024-08,3
1633,2024-05,2024-11,6
1633,2024-06,2024-07,1
1633,2024-06,2024-09,3
1633,2024-06,2024-12,6
1633,2024-07,2024-08,1
1633,2024-07,2024-10,3
1633,2024-08,2024-09,1
1633,2024-08,2024-11,3
1633,2024-09,2024-10,1
1633,2024-09,2024-12,3
1633,2024-10,2024-11,1
1633,2024-11,2024-12,1
1641,2023-12,2024-01,1
1641,2023-12,2024-03,3
1641,2023-12,2024-06,6
1641,2023-12,2024-12,12
1641,2024-01,2024-02,1
1641,2024-01,2024-04,3
1641,2024-01,2024-07,6
1641,2024-02,2024-03,1
1641,2024-02,2024-05,3
1641,2024-02,2024-08,6
1641,2024-03,2024-04,1
1641,2024-03,2024-06,3
1641,2024-03,2024-09,6
1641,2024-04,2024-05,1
1641,2024-04,2024-07,3
1641,2024-04,2024-10,6
1641,2024-05,2024-06,1
1641,2024-05,2024-08,3
1641,2024-05,2024-11,6
1641,2024-06,2024-07,1
1641,2024-06,2024-09,3
1641,2024-06,2024-12,6
1641,2024-07,2024-08,1
1641,2024-07,2024-10,3
1641,2024-08,2024-09,1
1641,2024-08,2024-11,3
1641,2024-09,2024-10,1
1641,2024-09,2024-12,3
1641,2024-10,2024-11,1
1641,2024-11,2024-12,1
1651,2023-12,2024-01,1
1651,2023-12,2024-03,3
1651,2023-12,2024-06,6
1651,2023-12,2024-12,12
1651,2024-01,2024-02,1
1651,2024-01,2024-04,3
1651,2024-01,2024-07,6
1651,2024-02,2024-03,1
1651,2024-02,2024-05,3
1651,2024-02,2024-08,6
1651,2024-03,2024-04,1
1651,2024-03,2024-06,3
1651,2024-03,2024-09,6
1651,2024-04,2024-05,1
1651,2024-04,2024-07,3
1651,2024-04,2024-10,6
1651,2024-05,2024-06,1
1651,2024-05,2024-08,3
1651,2024-05,2024-11,6
1651,2024-06,2024-07,1
1651,2024-06,2024-09,3
1651,2024-06,2024-12,6
1651,2024-07,2024-08,1
1651,2024-07,2024-10,3
1651,2024-08,2024-09,1
1651,2024-08,2024-11,3
1651,2024-09,2024-10,1
1651,2024-09,2024-12,3
1651,2024-10,2024-11,1
1651,2024-11,2024-12,1
1654,2023-12,2024-01,1
1654,2023-12,2024-03,3
1654,2023-12,2024-06,6
1654,2023-12,2024-12,12
1654,2024-01,2024-02,1
1654,2024-01,2024-04,3
1654,2024-01,2024-07,6
1654,2024-02,2024-03,1
1654,2024-02,2024-05,3
1654,2024-02,2024-08,6
1654,2024-03,2024-04,1
1654,2024-03,2024-06,3
1654,2024-03,2024-09,6
1654,2024-04,2024-05,1
1654,2024-04,2024-07,3
1654,2024-04,2024-10,6
1654,2024-05,2024-06,1
1654,2024-05,2024-08,3
1654,2024-05,2024-11,6
1654,2024-06,2024-07,1
1654,2024-06,2024-09,3
1654,2024-06,2024-12,6
1654,2024-07,2024-08,1
1654,2024-07,2024-10,3
1654,2024-08,2024-09,1
1654,2024-08,2024-11,3
1654,2024-09,2024-10,1
1654,2024-09,2024-12,3
1654,2024-10,2024-11,1
1654,2024-11,2024-12,1
1689,2023-12,2024-01,1
1689,2023-12,2024-03,3
1689,2023-12,2024-06,6
1689,2023-12,2024-12,12
1689,2024-01,2024-02,1
1689,2024-01,2024-04,3
1689,2024-01,2024-07,6
1689,2024-02,2024-03,1
1689,2024-02,2024-05,3
1689,2024-02,2024-08,6
1689,2024-03,2024-04,1
1689,2024-03,2024-06,3
1689,2024-03,2024-09,6
1689,2024-04,2024-05,1
1689,2024-04,2024-07,3
1689,2024-04,2024-10,6
1689,2024-05,2024-06,1
1689,2024-05,2024-08,3
1689,2024-05,2024-11,6
1689,2024-06,2024-07,1
1689,2024-06,2024-09,3
1689,2024-06,2024-12,6
1689,2024-07,2024-08,1
1689,2024-07,2024-10,3
1689,2024-08,2024-09,1
1689,2024-08,2024-11,3
1689,2024-09,2024-10,1
1689,2024-09,2024-12,3
1689,2024-10,2024-11,1
1689,2024-11,2024-12,1
1692,2023-12,2024-01,1
1692,2023-12,2024-03,3
1692,2023-12,2024-06,6
1692,2023-12,2024-12,12
1692,2024-01,2024-02,1
1692,2024-01,2024-04,3
1692,2024-01,2024-07,6
1692,2024-02,2024-03,1
1692,2024-02,2024-05,3
1692,2024-02,2024-08,6
1692,2024-03,2024-04,1
1692,2024-03,2024-06,3
1692,2024-03,2024-09,6
1692,2024-04,2024-05,1
1692,2024-04,2024-07,3
1692,2024-04,2024-10,6
1692,2024-05,2024-06,1
1692,2024-05,2024-08,3
1692,2024-05,2024-11,6
1692,2024-06,2024-07,1
1692,2024-06,2024-09,3
1692,2024-06,2024-12,6
1692,2024-07,2024-08,1
1692,2024-07,2024-10,3
1692,2024-08,2024-09,1
1692,2024-08,2024-11,3
1692,2024-09,2024-10,1
1692,2024-09,2024-12,3
1692,2024-10,2024-11,1
1692,2024-11,2024-12,1
1699,2023-12,2024-01,1
1699,2023-12,2024-03,3
1699,2023-12,2024-06,6
1699,2023-12,2024-12,12
1699,2024-01,2024-02,1
1699,2024-01,2024-04,3
1699,2024-01,2024-07,6
1699,2024-02,2024-03,1
1699,2024-02,2024-05,3
1699,2024-02,2024-08,6
1699,2024-03,2024-04,1
1699,2024-03,2024-06,3
1699,2024-03,2024-09,6
1699,2024-04,2024-05,1
1699,2024-04,2024-07,3
1699,2024-04,2024-10,6
1699,2024-05,2024-06,1
1699,2024-05,2024-08,3
1699,2024-05,2024-11,6
1699,2024-06,2024-07,1
1699,2024-06,2024-09,3
1699,2024-06,2024-12,6
1699,2024-07,2024-08,1
1699,2024-07,2024-10,3
1699,2024-08,2024-09,1
1699,2024-08,2024-11,3
1699,2024-09,2024-10,1
1699,2024-09,2024-12,3
1699,2024-10,2024-11,1
1699,2024-11,2024-12,1
1705,2023-12,2024-01,1
1705,2023-12,2024-03,3
1705,2023-12,2024-06,6
1705,2023-12,2024-12,12
1705,2024-01,2024-02,1
1705,2024-01,2024-04,3
1705,2024-01,2024-07,6
1705,2024-02,2024-03,1
1705,2024-02,2024-05,3
1705,2024-02,2024-08,6
1705,2024-03,2024-04,1
1705,2024-03,2024-06,3
1705,2024-03,2024-09,6
1705,2024-04,2024-05,1
1705,2024-04,2024-07,3
1705,2024-04,2024-10,6
1705,2024-05,2024-06,1
1705,2024-05,2024-08,3
1705,2024-05,2024-11,6
1705,2024-06,2024-07,1
1705,2024-06,2024-09,3
1705,2024-06,2024-12,6
1705,2024-07,2024-08,1
1705,2024-07,2024-10,3
1705,2024-08,2024-09,1
1705,2024-08,2024-11,3
1705,2024-09,2024-10,1
1705,2024-09,2024-12,3
1705,2024-10,2024-11,1
1705,2024-11,2024-12,1
1712,2023-12,2024-01,1
1712,2023-12,2024-03,3
1712,2023-12,2024-06,6
1712,2023-12,2024-12,12
1712,2024-01,2024-02,1
1712,2024-01,2024-04,3
1712,2024-01,2024-07,6
1712,2024-02,2024-03,1
1712,2024-02,2024-05,3
1712,2024-02,2024-08,6
1712,2024-03,2024-04,1
1712,2024-03,2024-06,3
1712,2024-03,2024-09,6
1712,2024-04,2024-05,1
1712,2024-04,2024-07,3
1712,2024-04,2024-10,6
1712,2024-05,2024-06,1
1712,2024-05,2024-08,3
1712,2024-05,2024-11,6
1712,2024-06,2024-07,1
1712,2024-06,2024-09,3
1712,2024-06,2024-12,6
1712,2024-07,2024-08,1
1712,2024-07,2024-10,3
1712,2024-08,2024-09,1
1712,2024-08,2024-11,3
1712,2024-09,2024-10,1
1712,2024-09,2024-12,3
1712,2024-10,2024-11,1
1712,2024-11,2024-12,1
1718,2023-12,2024-01,1
1718,2023-12,2024-03,3
1718,2023-12,2024-06,6
1718,2023-12,2024-12,12
1718,2024-01,2024-02,1
1718,2024-01,2024-04,3
1718,2024-01,2024-07,6
1718,2024-02,2024-03,1
1718,2024-02,2024-05,3
1718,2024-02,2024-08,6
1718,2024-03,2024-04,1
1718,2024-03,2024-06,3
1718,2024-03,2024-09,6
1718,2024-04,2024-05,1
1718,2024-04,2024-07,3
1718,2024-04,2024-10,6
1718,2024-05,2024-06,1
1718,2024-05,2024-08,3
1718,2024-05,2024-11,6
1718,2024-06,2024-07,1
1718,2024-06,2024-09,3
1718,2024-06,2024-12,6
1718,2024-07,2024-08,1
1718,2024-07,2024-10,3
1718,2024-08,2024-09,1
1718,2024-08,2024-11,3
1718,2024-09,2024-10,1
1718,2024-09,2024-12,3
1718,2024-10,2024-11,1
1718,2024-11,2024-12,1
1733,2023-12,2024-01,1
1733,2023-12,2024-03,3
1733,2023-12,2024-06,6
1733,2023-12,2024-12,12
1733,2024-01,2024-02,1
1733,2024-01,2024-04,3
1733,2024-01,2024-07,6
1733,2024-02,2024-03,1
1733,2024-02,2024-05,3
1733,2024-02,2024-08,6
1733,2024-03,2024-04,1
1733,2024-03,2024-06,3
1733,2024-03,2024-09,6
1733,2024-04,2024-05,1
1733,2024-04,2024-07,3
1733,2024-04,2024-10,6
1733,2024-05,2024-06,1
1733,2024-05,2024-08,3
1733,2024-05,2024-11,6
1733,2024-06,2024-07,1
1733,2024-06,2024-09,3
1733,2024-06,2024-12,6
1733,2024-07,2024-08,1
1733,2024-07,2024-10,3
1733,2024-08,2024-09,1
1733,2024-08,2024-11,3
1733,2024-09,2024-10,1
1733,2024-09,2024-12,3
1733,2024-10,2024-11,1
1733,2024-11,2024-12,1
1738,2023-12,2024-01,1
1738,2023-12,2024-03,3
1738,2023-12,2024-06,6
1738,2023-12,2024-12,12
1738,2024-01,2024-02,1
1738,2024-01,2024-04,3
1738,2024-01,2024-07,6
1738,2024-02,2024-03,1
1738,2024-02,2024-05,3
1738,2024-02,2024-08,6
1738,2024-03,2024-04,1
1738,2024-03,2024-06,3
1738,2024-03,2024-09,6
1738,2024-04,2024-05,1
1738,2024-04,2024-07,3
1738,2024-04,2024-10,6
1738,2024-05,2024-06,1
1738,2024-05,2024-08,3
1738,2024-05,2024-11,6
1738,2024-06,2024-07,1
1738,2024-06,2024-09,3
1738,2024-06,2024-12,6
1738,2024-07,2024-08,1
1738,2024-07,2024-10,3
1738,2024-08,2024-09,1
1738,2024-08,2024-11,3
1738,2024-09,2024-10,1
1738,2024-09,2024-12,3
1738,2024-10,2024-11,1
1738,2024-11,2024-12,1
1746,2023-12,2024-01,1
1746,2023-12,2024-03,3
1746,2023-12,2024-06,6
1746,2023-12,2024-12,12
1746,2024-01,2024-02,1
1746,2024-01,2024-04,3
1746,2024-01,2024-07,6
1746,2024-02,2024-03,1
1746,2024-02,2024-05,3
1746,2024-02,2024-08,6
1746,2024-03,2024-04,1
1746,2024-03,2024-06,3
1746,2024-03,2024-09,6
1746,2024-04,2024-05,1
1746,2024-04,2024-07,3
1746,2024-04,2024-10,6
1746,2024-05,2024-06,1
1746,2024-05,2024-08,3
1746,2024-05,2024-11,6
1746,2024-06,2024-07,1
1746,2024-06,2024-09,3
1746,2024-06,2024-12,6
1746,2024-07,2024-08,1
1746,2024-07,2024-10,3
1746,2024-08,2024-09,1
1746,2024-08,2024-11,3
1746,2024-09,2024-10,1
1746,2024-09,2024-12,3
1746,2024-10,2024-11,1
1746,2024-11,2024-12,1
1753,2023-12,2024-01,1
1753,2023-12,2024-03,3
1753,2023-12,2024-06,6
1753,2023-12,2024-12,12
1753,2024-01,2024-02,1
1753,2024-01,2024-04,3
1753,2024-01,2024-07,6
1753,2024-02,2024-03,1
1753,2024-02,2024-05,3
1753,2024-02,2024-08,6
1753,2024-03,2024-04,1
1753,2024-03,2024-06,3
1753,2024-03,2024-09,6
1753,2024-04,2024-05,1
1753,2024-04,2024-07,3
1753,2024-04,2024-10,6
1753,2024-05,2024-06,1
1753,2024-05,2024-08,3
1753,2024-05,2024-11,6
1753,2024-06,2024-07,1
1753,2024-06,2024-09,3
1753,2024-06,2024-12,6
1753,2024-07,2024-08,1
1753,2024-07,2024-10,3
1753,2024-08,2024-09,1
1753,2024-08,2024-11,3
1753,2024-09,2024-10,1
1753,2024-09,2024-12,3
1753,2024-10,2024-11,1
1753,2024-11,2024-12,1
1760,2023-12,2024-01,1
1760,2023-12,2024-03,3
1760,2023-12,2024-06,6
1760,2023-12,2024-12,12
1760,2024-01,2024-02,1
1760,2024-01,2024-04,3
1760,2024-01,2024-07,6
1760,2024-02,2024-03,1
1760,2024-02,2024-05,3
1760,2024-02,2024-08,6
1760,2024-03,2024-04,1
1760,2024-03,2024-06,3
1760,2024-03,2024-09,6
1760,2024-04,2024-05,1
1760,2024-04,2024-07,3
1760,2024-04,2024-10,6
1760,2024-05,2024-06,1
1760,2024-05,2024-08,3
1760,2024-05,2024-11,6
1760,2024-06,2024-07,1
1760,2024-06,2024-09,3
1760,2024-06,2024-12,6
1760,2024-07,2024-08,1
1760,2024-07,2024-10,3
1760,2024-08,2024-09,1
1760,2024-08,2024-11,3
1760,2024-09,2024-10,1
1760,2024-09,2024-12,3
1760,2024-10,2024-11,1
1760,2024-11,2024-12,1
1762,2023-12,2024-01,1
1762,2023-12,2024-03,3
1762,2023-12,2024-06,6
1762,2023-12,2024-12,12
1762,2024-01,2024-02,1
1762,2024-01,2024-04,3
1762,2024-01,2024-07,6
1762,2024-02,2024-03,1
1762,2024-02,2024-05,3
1762,2024-02,2024-08,6
1762,2024-03,2024-04,1
1762,2024-03,2024-06,3
1762,2024-03,2024-09,6
1762,2024-04,2024-05,1
1762,2024-04,2024-07,3
1762,2024-04,2024-10,6
1762,2024-05,2024-06,1
1762,2024-05,2024-08,3
1762,2024-05,2024-11,6
1762,2024-06,2024-07,1
1762,2024-06,2024-09,3
1762,2024-06,2024-12,6
1762,2024-07,2024-08,1
1762,2024-07,2024-10,3
1762,2024-08,2024-09,1
1762,2024-08,2024-11,3
1762,2024-09,2024-10,1
1762,2024-09,2024-12,3
1762,2024-10,2024-11,1
1762,2024-11,2024-12,1
1784,2023-12,2024-01,1
1784,2023-12,2024-03,3
1784,2023-12,2024-06,6
1784,2023-12,2024-12,12
1784,2024-01,2024-02,1
1784,2024-01,2024-04,3
1784,2024-01,2024-07,6
1784,2024-02,2024-03,1
1784,2024-02,2024-05,3
1784,2024-02,2024-08,6
1784,2024-03,2024-04,1
1784,2024-03,2024-06,3
1784,2024-03,2024-09,6
1784,2024-04,2024-05,1
1784,2024-04,2024-07,3
1784,2024-04,2024-10,6
1784,2024-05,2024-06,1
1784,2024-05,2024-08,3
1784,2024-05,2024-11,6
1784,2024-06,2024-07,1
1784,2024-06,2024-09,3
1784,2024-06,2024-12,6
1784,2024-07,2024-08,1
1784,2024-07,2024-10,3
1784,2024-08,2024-09,1
1784,2024-08,2024-11,3
1784,2024-09,2024-10,1
1784,2024-09,2024-12,3
1784,2024-10,2024-11,1
1784,2024-11,2024-12,1
1785,2023-12,2024-01,1
1785,2023-12,2024-03,3
1785,2023-12,2024-06,6
1785,2023-12,2024-12,12
1785,2024-01,2024-02,1
1785,2024-01,2024-04,3
1785,2024-01,2024-07,6
1785,2024-02,2024-03,1
1785,2024-02,2024-05,3
1785,2024-02,2024-08,6
1785,2024-03,2024-04,1
1785,2024-03,2024-06,3
1785,2024-03,2024-09,6
1785,2024-04,2024-05,1
1785,2024-04,2024-07,3
1785,2024-04,2024-10,6
1785,2024-05,2024-06,1
1785,2024-05,2024-08,3
1785,2024-05,2024-11,6
1785,2024-06,2024-07,1
1785,2024-06,2024-09,3
1785,2024-06,2024-12,6
1785,2024-07,2024-08,1
1785,2024-07,2024-10,3
1785,2024-08,2024-09,1
1785,2024-08,2024-11,3
1785,2024-09,2024-10,1
1785,2024-09,2024-12,3
1785,2024-10,2024-11,1
1785,2024-11,2024-12,1
1850,2023-12,2024-01,1
1850,2023-12,2024-03,3
1850,2023-12,2024-06,6
1850,2023-12,2024-12,12
1850,2024-01,2024-02,1
1850,2024-01,2024-04,3
1850,2024-01,2024-07,6
1850,2024-02,2024-03,1
1850,2024-02,2024-05,3
1850,2024-02,2024-08,6
1850,2024-03,2024-04,1
1850,2024-03,2024-06,3
1850,2024-03,2024-09,6
1850,2024-04,2024-05,1
1850,2024-04,2024-07,3
1850,2024-04,2024-10,6
1850,2024-05,2024-06,1
1850,2024-05,2024-08,3
1850,2024-05,2024-11,6
1850,2024-06,2024-07,1
1850,2024-06,2024-09,3
1850,2024-06,2024-12,6
1850,2024-07,2024-08,1
1850,2024-07,2024-10,3
1850,2024-08,2024-09,1
1850,2024-08,2024-11,3
1850,2024-09,2024-10,1
1850,2024-09,2024-12,3
1850,2024-10,2024-11,1
1850,2024-11,2024-12,1
1854,2023-12,2024-01,1
1854,2023-12,2024-03,3
1854,2023-12,2024-06,6
1854,2023-12,2024-12,12
1854,2024-01,2024-02,1
1854,2024-01,2024-04,3
1854,2024-01,2024-07,6
1854,2024-02,2024-03,1
1854,2024-02,2024-05,3
1854,2024-02,2024-08,6
1854,2024-03,2024-04,1
1854,2024-03,2024-06,3
1854,2024-03,2024-09,6
1854,2024-04,2024-05,1
1854,2024-04,2024-07,3
1854,2024-04,2024-10,6
1854,2024-05,2024-06,1
1854,2024-05,2024-08,3
1854,2024-05,2024-11,6
1854,2024-06,2024-07,1
1854,2024-06,2024-09,3
1854,2024-06,2024-12,6
1854,2024-07,2024-08,1
1854,2024-07,2024-10,3
1854,2024-08,2024-09,1
1854,2024-08,2024-11,3
1854,2024-09,2024-10,1
1854,2024-09,2024-12,3
1854,2024-10,2024-11,1
1854,2024-11,2024-12,1
1860,2023-12,2024-01,1
1860,2023-12,2024-03,3
1860,2023-12,2024-06,6
1860,2023-12,2024-12,12
1860,2024-01,2024-02,1
1860,2024-01,2024-04,3
1860,2024-01,2024-07,6
1860,2024-02,2024-03,1
1860,2024-02,2024-05,3
1860,2024-02,2024-08,6
1860,2024-03,2024-04,1
1860,2024-03,2024-06,3
1860,2024-03,2024-09,6
1860,2024-04,2024-05,1
1860,2024-04,2024-07,3
1860,2024-04,2024-10,6
1860,2024-05,2024-06,1
1860,2024-05,2024-08,3
1860,2024-05,2024-11,6
1860,2024-06,2024-07,1
1860,2024-06,2024-09,3
1860,2024-06,2024-12,6
1860,2024-07,2024-08,1
1860,2024-07,2024-10,3
1860,2024-08,2024-09,1
1860,2024-08,2024-11,3
1860,2024-09,2024-10,1
1860,2024-09,2024-12,3
1860,2024-10,2024-11,1
1860,2024-11,2024-12,1
1872,2023-12,2024-01,1
1872,2023-12,2024-03,3
1872,2023-12,2024-06,6
1872,2023-12,2024-12,12
1872,2024-01,2024-02,1
1872,2024-01,2024-04,3
1872,2024-01,2024-07,6
1872,2024-02,2024-03,1
1872,2024-02,2024-05,3
1872,2024-02,2024-08,6
1872,2024-03,2024-04,1
1872,2024-03,2024-06,3
1872,2024-03,2024-09,6
1872,2024-04,2024-05,1
1872,2024-04,2024-07,3
1872,2024-04,2024-10,6
1872,2024-05,2024-06,1
1872,2024-05,2024-08,3
1872,2024-05,2024-11,6
1872,2024-06,2024-07,1
1872,2024-06,2024-09,3
1872,2024-06,2024-12,6
1872,2024-07,2024-08,1
1872,2024-07,2024-10,3
1872,2024-08,2024-09,1
1872,2024-08,2024-11,3
1872,2024-09,2024-10,1
1872,2024-09,2024-12,3
1872,2024-10,2024-11,1
1872,2024-11,2024-12,1
1874,2023-12,2024-01,1
1874,2023-12,2024-03,3
1874,2023-12,2024-06,6
1874,2023-12,2024-12,12
1874,2024-01,2024-02,1
1874,2024-01,2024-04,3
1874,2024-01,2024-07,6
1874,2024-02,2024-03,1
1874,2024-02,2024-05,3
1874,2024-02,2024-08,6
1874,2024-03,2024-04,1
1874,2024-03,2024-06,3
1874,2024-03,2024-09,6
1874,2024-04,2024-05,1
1874,2024-04,2024-07,3
1874,2024-04,2024-10,6
1874,2024-05,2024-06,1
1874,2024-05,2024-08,3
1874,2024-05,2024-11,6
1874,2024-06,2024-07,1
1874,2024-06,2024-09,3
1874,2024-06,2024-12,6
1874,2024-07,2024-08,1
1874,2024-07,2024-10,3
1874,2024-08,2024-09,1
1874,2024-08,2024-11,3
1874,2024-09,2024-10,1
1874,2024-09,2024-12,3
1874,2024-10,2024-11,1
1874,2024-11,2024-12,1
1879,2023-12,2024-01,1
1879,2023-12,2024-03,3
1879,2023-12,2024-06,6
1879,2023-12,2024-12,12
1879,2024-01,2024-02,1
1879,2024-01,2024-04,3
1879,2024-01,2024-07,6
1879,2024-02,2024-03,1
1879,2024-02,2024-05,3
1879,2024-02,2024-08,6
1879,2024-03,2024-04,1
1879,2024-03,2024-06,3
1879,2024-03,2024-09,6
1879,2024-04,2024-05,1
1879,2024-04,2024-07,3
1879,2024-04,2024-10,6
1879,2024-05,2024-06,1
1879,2024-05,2024-08,3
1879,2024-05,2024-11,6
1879,2024-06,2024-07,1
1879,2024-06,2024-09,3
1879,2024-06,2024-12,6
1879,2024-07,2024-08,1
1879,2024-07,2024-10,3
1879,2024-08,2024-09,1
1879,2024-08,2024-11,3
1879,2024-09,2024-10,1
1879,2024-09,2024-12,3
1879,2024-10,2024-11,1
1879,2024-11,2024-12,1
1896,2023-12,2024-01,1
1896,2023-12,2024-03,3
1896,2023-12,2024-06,6
1896,2023-12,2024-12,12
1896,2024-01,2024-02,1
1896,2024-01,2024-04,3
1896,2024-01,2024-07,6
1896,2024-02,2024-03,1
1896,2024-02,2024-05,3
1896,2024-02,2024-08,6
1896,2024-03,2024-04,1
1896,2024-03,2024-06,3
1896,2024-03,2024-09,6
1896,2024-04,2024-05,1
1896,2024-04,2024-07,3
1896,2024-04,2024-10,6
1896,2024-05,2024-06,1
1896,2024-05,2024-08,3
1896,2024-05,2024-11,6
1896,2024-06,2024-07,1
1896,2024-06,2024-09,3
1896,2024-06,2024-12,6
1896,2024-07,2024-08,1
1896,2024-07,2024-10,3
1896,2024-08,2024-09,1
1896,2024-08,2024-11,3
1896,2024-09,2024-10,1
1896,2024-09,2024-12,3
1896,2024-10,2024-11,1
1896,2024-11,2024-12,1
1900,2023-12,2024-01,1
1900,2023-12,2024-03,3
1900,2023-12,2024-06,6
1900,2023-12,2024-12,12
1900,2024-01,2024-02,1
1900,2024-01,2024-04,3
1900,2024-01,2024-07,6
1900,2024-02,2024-03,1
1900,2024-02,2024-05,3
1900,2024-02,2024-08,6
1900,2024-03,2024-04,1
1900,2024-03,2024-06,3
1900,2024-03,2024-09,6
1900,2024-04,2024-05,1
1900,2024-04,2024-07,3
1900,2024-04,2024-10,6
1900,2024-05,2024-06,1
1900,2024-05,2024-08,3
1900,2024-05,2024-11,6
1900,2024-06,2024-07,1
1900,2024-06,2024-09,3
1900,2024-06,2024-12,6
1900,2024-07,2024-08,1
1900,2024-07,2024-10,3
1900,2024-08,2024-09,1
1900,2024-08,2024-11,3
1900,2024-09,2024-10,1
1900,2024-09,2024-12,3
1900,2024-10,2024-11,1
1900,2024-11,2024-12,1
1915,2023-12,2024-01,1
1915,2023-12,2024-03,3
1915,2023-12,2024-06,6
1915,2023-12,2024-12,12
1915,2024-01,2024-02,1
1915,2024-01,2024-04,3
1915,2024-01,2024-07,6
1915,2024-02,2024-03,1
1915,2024-02,2024-05,3
1915,2024-02,2024-08,6
1915,2024-03,2024-04,1
1915,2024-03,2024-06,3
1915,2024-03,2024-09,6
1915,2024-04,2024-05,1
1915,2024-04,2024-07,3
1915,2024-04,2024-10,6
1915,2024-05,2024-06,1
1915,2024-05,2024-08,3
1915,2024-05,2024-11,6
1915,2024-06,2024-07,1
1915,2024-06,2024-09,3
1915,2024-06,2024-12,6
1915,2024-07,2024-08,1
1915,2024-07,2024-10,3
1915,2024-08,2024-09,1
1915,2024-08,2024-11,3
1915,2024-09,2024-10,1
1915,2024-09,2024-12,3
1915,2024-10,2024-11,1
1915,2024-11,2024-12,1
1921,2023-12,2024-01,1
1921,2023-12,2024-03,3
1921,2023-12,2024-06,6
1921,2023-12,2024-12,12
1921,2024-01,2024-02,1
1921,2024-01,2024-04,3
1921,2024-01,2024-07,6
1921,2024-02,2024-03,1
1921,2024-02,2024-05,3
1921,2024-02,2024-08,6
1921,2024-03,2024-04,1
1921,2024-03,2024-06,3
1921,2024-03,2024-09,6
1921,2024-04,2024-05,1
1921,2024-04,2024-07,3
1921,2024-04,2024-10,6
1921,2024-05,2024-06,1
1921,2024-05,2024-08,3
1921,2024-05,2024-11,6
1921,2024-06,2024-07,1
1921,2024-06,2024-09,3
1921,2024-06,2024-12,6
1921,2024-07,2024-08,1
1921,2024-07,2024-10,3
1921,2024-08,2024-09,1
1921,2024-08,2024-11,3
1921,2024-09,2024-10,1
1921,2024-09,2024-12,3
1921,2024-10,2024-11,1
1921,2024-11,2024-12,1
1922,2023-12,2024-01,1
1922,2023-12,2024-03,3
1922,2023-12,2024-06,6
1922,2023-12,2024-12,12
1922,2024-01,2024-02,1
1922,2024-01,2024-04,3
1922,2024-01,2024-07,6
1922,2024-02,2024-03,1
1922,2024-02,2024-05,3
1922,2024-02,2024-08,6
1922,2024-03,2024-04,1
1922,2024-03,2024-06,3
1922,2024-03,2024-09,6
1922,2024-04,2024-05,1
1922,2024-04,2024-07,3
1922,2024-04,2024-10,6
1922,2024-05,2024-06,1
1922,2024-05,2024-08,3
1922,2024-05,2024-11,6
1922,2024-06,2024-07,1
1922,2024-06,2024-09,3
1922,2024-06,2024-12,6
1922,2024-07,2024-08,1
1922,2024-07,2024-10,3
1922,2024-08,2024-09,1
1922,2024-08,2024-11,3
1922,2024-09,2024-10,1
1922,2024-09,2024-12,3
1922,2024-10,2024-11,1
1922,2024-11,2024-12,1
1930,2023-12,2024-01,1
1930,2023-12,2024-03,3
1930,2023-12,2024-06,6
1930,2023-12,2024-12,12
1930,2024-01,2024-02,1
1930,2024-01,2024-04,3
1930,2024-01,2024-07,6
1930,2024-02,2024-03,1
1930,2024-02,2024-05,3
1930,2024-02,2024-08,6
1930,2024-03,2024-04,1
1930,2024-03,2024-06,3
1930,2024-03,2024-09,6
1930,2024-04,2024-05,1
1930,2024-04,2024-07,3
1930,2024-04,2024-10,6
1930,2024-05,2024-06,1
1930,2024-05,2024-08,3
1930,2024-05,2024-11,6
1930,2024-06,2024-07,1
1930,2024-06,2024-09,3
1930,2024-06,2024-12,6
1930,2024-07,2024-08,1
1930,2024-07,2024-10,3
1930,2024-08,2024-09,1
1930,2024-08,2024-11,3
1930,2024-09,2024-10,1
1930,2024-09,2024-12,3
1930,2024-10,2024-11,1
1930,2024-11,2024-12,1
1949,2023-12,2024-01,1
1949,2023-12,2024-03,3
1949,2023-12,2024-06,6
1949,2023-12,2024-12,12
1949,2024-01,2024-02,1
1949,2024-01,2024-04,3
1949,2024-01,2024-07,6
1949,2024-02,2024-03,1
1949,2024-02,2024-05,3
1949,2024-02,2024-08,6
1949,2024-03,2024-04,1
1949,2024-03,2024-06,3
1949,2024-03,2024-09,6
1949,2024-04,2024-05,1
1949,2024-04,2024-07,3
1949,2024-04,2024-10,6
1949,2024-05,2024-06,1
1949,2024-05,2024-08,3
1949,2024-05,2024-11,6
1949,2024-06,2024-07,1
1949,2024-06,2024-09,3
1949,2024-06,2024-12,6
1949,2024-07,2024-08,1
1949,2024-07,2024-10,3
1949,2024-08,2024-09,1
1949,2024-08,2024-11,3
1949,2024-09,2024-10,1
1949,2024-09,2024-12,3
1949,2024-10,2024-11,1
1949,2024-11,2024-12,1
1954,2023-12,2024-01,1
1954,2023-12,2024-03,3
1954,2023-12,2024-06,6
1954,2023-12,2024-12,12
1954,2024-01,2024-02,1
1954,2024-01,2024-04,3
1954,2024-01,2024-07,6
1954,2024-02,2024-03,1
1954,2024-02,2024-05,3
1954,2024-02,2024-08,6
1954,2024-03,2024-04,1
1954,2024-03,2024-06,3
1954,2024-03,2024-09,6
1954,2024-04,2024-05,1
1954,2024-04,2024-07,3
1954,2024-04,2024-10,6
1954,2024-05,2024-06,1
1954,2024-05,2024-08,3
1954,2024-05,2024-11,6
1954,2024-06,2024-07,1
1954,2024-06,2024-09,3
1954,2024-06,2024-12,6
1954,2024-07,2024-08,1
1954,2024-07,2024-10,3
1954,2024-08,2024-09,1
1954,2024-08,2024-11,3
1954,2024-09,2024-10,1
1954,2024-09,2024-12,3
1954,2024-10,2024-11,1
1954,2024-11,2024-12,1
1963,2023-12,2024-01,1
1963,2023-12,2024-03,3
1963,2023-12,2024-06,6
1963,2023-12,2024-12,12
1963,2024-01,2024-02,1
1963,2024-01,2024-04,3
1963,2024-01,2024-07,6
1963,2024-02,2024-03,1
1963,2024-02,2024-05,3
1963,2024-02,2024-08,6
1963,2024-03,2024-04,1
1963,2024-03,2024-06,3
1963,2024-03,2024-09,6
1963,2024-04,2024-05,1
1963,2024-04,2024-07,3
1963,2024-04,2024-10,6
1963,2024-05,2024-06,1
1963,2024-05,2024-08,3
1963,2024-05,2024-11,6
1963,2024-06,2024-07,1
1963,2024-06,2024-09,3
1963,2024-06,2024-12,6
1963,2024-07,2024-08,1
1963,2024-07,2024-10,3
1963,2024-08,2024-09,1
1963,2024-08,2024-11,3
1963,2024-09,2024-10,1
1963,2024-09,2024-12,3
1963,2024-10,2024-11,1
1963,2024-11,2024-12,1
1970,2023-12,2024-01,1
1970,2023-12,2024-03,3
1970,2023-12,2024-06,6
1970,2023-12,2024-12,12
1970,2024-01,2024-02,1
1970,2024-01,2024-04,3
1970,2024-01,2024-07,6
1970,2024-02,2024-03,1
1970,2024-02,2024-05,3
1970,2024-02,2024-08,6
1970,2024-03,2024-04,1
1970,2024-03,2024-06,3
1970,2024-03,2024-09,6
1970,2024-04,2024-05,1
1970,2024-04,2024-07,3
1970,2024-04,2024-10,6
1970,2024-05,2024-06,1
1970,2024-05,2024-08,3
1970,2024-05,2024-11,6
1970,2024-06,2024-07,1
1970,2024-06,2024-09,3
1970,2024-06,2024-12,6
1970,2024-07,2024-08,1
1970,2024-07,2024-10,3
1970,2024-08,2024-09,1
1970,2024-08,2024-11,3
1970,2024-09,2024-10,1
1970,2024-09,2024-12,3
1970,2024-10,2024-11,1
1970,2024-11,2024-12,1
1971,2023-12,2024-01,1
1971,2023-12,2024-03,3
1971,2023-12,2024-06,6
1971,2023-12,2024-12,12
1971,2024-01,2024-02,1
1971,2024-01,2024-04,3
1971,2024-01,2024-07,6
1971,2024-02,2024-03,1
1971,2024-02,2024-05,3
1971,2024-02,2024-08,6
1971,2024-03,2024-04,1
1971,2024-03,2024-06,3
1971,2024-03,2024-09,6
1971,2024-04,2024-05,1
1971,2024-04,2024-07,3
1971,2024-04,2024-10,6
1971,2024-05,2024-06,1
1971,2024-05,2024-08,3
1971,2024-05,2024-11,6
1971,2024-06,2024-07,1
1971,2024-06,2024-09,3
1971,2024-06,2024-12,6
1971,2024-07,2024-08,1
1971,2024-07,2024-10,3
1971,2024-08,2024-09,1
1971,2024-08,2024-11,3
1971,2024-09,2024-10,1
1971,2024-09,2024-12,3
1971,2024-10,2024-11,1
1971,2024-11,2024-12,1
1982,2023-12,2024-01,1
1982,2023-12,2024-03,3
1982,2023-12,2024-06,6
1982,2023-12,2024-12,12
1982,2024-01,2024-02,1
1982,2024-01,2024-04,3
1982,2024-01,2024-07,6
1982,2024-02,2024-03,1
1982,2024-02,2024-05,3
1982,2024-02,2024-08,6
1982,2024-03,2024-04,1
1982,2024-03,2024-06,3
1982,2024-03,2024-09,6
1982,2024-04,2024-05,1
1982,2024-04,2024-07,3
1982,2024-04,2024-10,6
1982,2024-05,2024-06,1
1982,2024-05,2024-08,3
1982,2024-05,2024-11,6
1982,2024-06,2024-07,1
1982,2024-06,2024-09,3
1982,2024-06,2024-12,6
1982,2024-07,2024-08,1
1982,2024-07,2024-10,3
1982,2024-08,2024-09,1
1982,2024-08,2024-11,3
1982,2024-09,2024-10,1
1982,2024-09,2024-12,3
1982,2024-10,2024-11,1
1982,2024-11,2024-12,1
1987,2023-12,2024-01,1
1987,2023-12,2024-03,3
1987,2023-12,2024-06,6
1987,2023-12,2024-12,12
1987,2024-01,2024-02,1
1987,2024-01,2024-04,3
1987,2024-01,2024-07,6
1987,2024-02,2024-03,1
1987,2024-02,2024-05,3
1987,2024-02,2024-08,6
1987,2024-03,2024-04,1
1987,2024-03,2024-06,3
1987,2024-03,2024-09,6
1987,2024-04,2024-05,1
1987,2024-04,2024-07,3
1987,2024-04,2024-10,6
1987,2024-05,2024-06,1
1987,2024-05,2024-08,3
1987,2024-05,2024-11,6
1987,2024-06,2024-07,1
1987,2024-06,2024-09,3
1987,2024-06,2024-12,6
1987,2024-07,2024-08,1
1987,2024-07,2024-10,3
1987,2024-08,2024-09,1
1987,2024-08,2024-11,3
1987,2024-09,2024-10,1
1987,2024-09,2024-12,3
1987,2024-10,2024-11,1
1987,2024-11,2024-12,1
1988,2023-12,2024-01,1
1988,2023-12,2024-03,3
1988,2023-12,2024-06,6
1988,2023-12,2024-12,12
1988,2024-01,2024-02,1
1988,2024-01,2024-04,3
1988,2024-01,2024-07,6
1988,2024-02,2024-03,1
1988,2024-02,2024-05,3
1988,2024-02,2024-08,6
1988,2024-03,2024-04,1
1988,2024-03,2024-06,3
1988,2024-03,2024-09,6
1988,2024-04,2024-05,1
1988,2024-04,2024-07,3
1988,2024-04,2024-10,6
1988,2024-05,2024-06,1
1988,2024-05,2024-08,3
1988,2024-05,2024-11,6
1988,2024-06,2024-07,1
1988,2024-06,2024-09,3
1988,2024-06,2024-12,6
1988,2024-07,2024-08,1
1988,2024-07,2024-10,3
1988,2024-08,2024-09,1
1988,2024-08,2024-11,3
1988,2024-09,2024-10,1
1988,2024-09,2024-12,3
1988,2024-10,2024-11,1
1988,2024-11,2024-12,1
1989,2023-12,2024-01,1
1989,2023-12,2024-03,3
1989,2023-12,2024-06,6
1989,2023-12,2024-12,12
1989,2024-01,2024-02,1
1989,2024-01,2024-04,3
1989,2024-01,2024-07,6
1989,2024-02,2024-03,1
1989,2024-02,2024-05,3
1989,2024-02,2024-08,6
1989,2024-03,2024-04,1
1989,2024-03,2024-06,3
1989,2024-03,2024-09,6
1989,2024-04,2024-05,1
1989,2024-04,2024-07,3
1989,2024-04,2024-10,6
1989,2024-05,2024-06,1
1989,2024-05,2024-08,3
1989,2024-05,2024-11,6
1989,2024-06,2024-07,1
1989,2024-06,2024-09,3
1989,2024-06,2024-12,6
1989,2024-07,2024-08,1
1989,2024-07,2024-10,3
1989,2024-08,2024-09,1
1989,2024-08,2024-11,3
1989,2024-09,2024-10,1
1989,2024-09,2024-12,3
1989,2024-10,2024-11,1
1989,2024-11,2024-12,1
2000,2023-12,2024-01,1
2000,2023-12,2024-03,3
2000,2023-12,2024-06,6
2000,2023-12,2024-12,12
2000,2024-01,2024-02,1
2000,2024-01,2024-04,3
2000,2024-01,2024-07,6
2000,2024-02,2024-03,1
2000,2024-02,2024-05,3
2000,2024-02,2024-08,6
2000,2024-03,2024-04,1
2000,2024-03,2024-06,3
2000,2024-03,2024-09,6
2000,2024-04,2024-05,1
2000,2024-04,2024-07,3
2000,2024-04,2024-10,6
2000,2024-05,2024-06,1
2000,2024-05,2024-08,3
2000,2024-05,2024-11,6
2000,2024-06,2024-07,1
2000,2024-06,2024-09,3
2000,2024-06,2024-12,6
2000,2024-07,2024-08,1
2000,2024-07,2024-10,3
2000,2024-08,2024-09,1
2000,2024-08,2024-11,3
2000,2024-09,2024-10,1
2000,2024-09,2024-12,3
2000,2024-10,2024-11,1
2000,2024-11,2024-12,1
2006,2023-12,2024-01,1
2006,2023-12,2024-03,3
2006,2023-12,2024-06,6
2006,2023-12,2024-12,12
2006,2024-01,2024-02,1
2006,2024-01,2024-04,3
2006,2024-01,2024-07,6
2006,2024-02,2024-03,1
2006,2024-02,2024-05,3
2006,2024-02,2024-08,6
2006,2024-03,2024-04,1
2006,2024-03,2024-06,3
2006,2024-03,2024-09,6
2006,2024-04,2024-05,1
2006,2024-04,2024-07,3
2006,2024-04,2024-10,6
2006,2024-05,2024-06,1
2006,2024-05,2024-08,3
2006,2024-05,2024-11,6
2006,2024-06,2024-07,1
2006,2024-06,2024-09,3
2006,2024-06,2024-12,6
2006,2024-07,2024-08,1
2006,2024-07,2024-10,3
2006,2024-08,2024-09,1
2006,2024-08,2024-11,3
2006,2024-09,2024-10,1
2006,2024-09,2024-12,3
2006,2024-10,2024-11,1
2006,2024-11,2024-12,1
2010,2023-12,2024-01,1
2010,2023-12,2024-03,3
2010,2023-12,2024-06,6
2010,2023-12,2024-12,12
2010,2024-01,2024-02,1
2010,2024-01,2024-04,3
2010,2024-01,2024-07,6
2010,2024-02,2024-03,1
2010,2024-02,2024-05,3
2010,2024-02,2024-08,6
2010,2024-03,2024-04,1
2010,2024-03,2024-06,3
2010,2024-03,2024-09,6
2010,2024-04,2024-05,1
2010,2024-04,2024-07,3
2010,2024-04,2024-10,6
2010,2024-05,2024-06,1
2010,2024-05,2024-08,3
2010,2024-05,2024-11,6
2010,2024-06,2024-07,1
2010,2024-06,2024-09,3
2010,2024-06,2024-12,6
2010,2024-07,2024-08,1
2010,2024-07,2024-10,3
2010,2024-08,2024-09,1
2010,2024-08,2024-11,3
2010,2024-09,2024-10,1
2010,2024-09,2024-12,3
2010,2024-10,2024-11,1
2010,2024-11,2024-12,1
2027,2023-12,2024-01,1
2027,2023-12,2024-03,3
2027,2023-12,2024-06,6
2027,2023-12,2024-12,12
2027,2024-01,2024-02,1
2027,2024-01,2024-04,3
2027,2024-01,2024-07,6
2027,2024-02,2024-03,1
2027,2024-02,2024-05,3
2027,2024-02,2024-08,6
2027,2024-03,2024-04,1
2027,2024-03,2024-06,3
2027,2024-03,2024-09,6
2027,2024-04,2024-05,1
2027,2024-04,2024-07,3
2027,2024-04,2024-10,6
2027,2024-05,2024-06,1
2027,2024-05,2024-08,3
2027,2024-05,2024-11,6
2027,2024-06,2024-07,1
2027,2024-06,2024-09,3
2027,2024-06,2024-12,6
2027,2024-07,2024-08,1
2027,2024-07,2024-10,3
2027,2024-08,2024-09,1
2027,2024-08,2024-11,3
2027,2024-09,2024-10,1
2027,2024-09,2024-12,3
2027,2024-10,2024-11,1
2027,2024-11,2024-12,1
2033,2023-12,2024-01,1
2033,2023-12,2024-03,3
2033,2023-12,2024-06,6
2033,2023-12,2024-12,12
2033,2024-01,2024-02,1
2033,2024-01,2024-04,3
2033,2024-01,2024-07,6
2033,2024-02,2024-03,1
2033,2024-02,2024-05,3
2033,2024-02,2024-08,6
2033,2024-03,2024-04,1
2033,2024-03,2024-06,3
2033,2024-03,2024-09,6
2033,2024-04,2024-05,1
2033,2024-04,2024-07,3
2033,2024-04,2024-10,6
2033,2024-05,2024-06,1
2033,2024-05,2024-08,3
2033,2024-05,2024-11,6
2033,2024-06,2024-07,1
2033,2024-06,2024-09,3
2033,2024-06,2024-12,6
2033,2024-07,2024-08,1
2033,2024-07,2024-10,3
2033,2024-08,2024-09,1
2033,2024-08,2024-11,3
2033,2024-09,2024-10,1
2033,2024-09,2024-12,3
2033,2024-10,2024-11,1
2033,2024-11,2024-12,1
2037,2023-12,2024-01,1
2037,2023-12,2024-03,3
2037,2023-12,2024-06,6
2037,2023-12,2024-12,12
2037,2024-01,2024-02,1
2037,2024-01,2024-04,3
2037,2024-01,2024-07,6
2037,2024-02,2024-03,1
2037,2024-02,2024-05,3
2037,2024-02,2024-08,6
2037,2024-03,2024-04,1
2037,2024-03,2024-06,3
2037,2024-03,2024-09,6
2037,2024-04,2024-05,1
2037,2024-04,2024-07,3
2037,2024-04,2024-10,6
2037,2024-05,2024-06,1
2037,2024-05,2024-08,3
2037,2024-05,2024-11,6
2037,2024-06,2024-07,1
2037,2024-06,2024-09,3
2037,2024-06,2024-12,6
2037,2024-07,2024-08,1
2037,2024-07,2024-10,3
2037,2024-08,2024-09,1
2037,2024-08,2024-11,3
2037,2024-09,2024-10,1
2037,2024-09,2024-12,3
2037,2024-10,2024-11,1
2037,2024-11,2024-12,1
2056,2023-12,2024-01,1
2056,2023-12,2024-03,3
2056,2023-12,2024-06,6
2056,2023-12,2024-12,12
2056,2024-01,2024-02,1
2056,2024-01,2024-04,3
2056,2024-01,2024-07,6
2056,2024-02,2024-03,1
2056,2024-02,2024-05,3
2056,2024-02,2024-08,6
2056,2024-03,2024-04,1
2056,2024-03,2024-06,3
2056,2024-03,2024-09,6
2056,2024-04,2024-05,1
2056,2024-04,2024-07,3
2056,2024-04,2024-10,6
2056,2024-05,2024-06,1
2056,2024-05,2024-08,3
2056,2024-05,2024-11,6
2056,2024-06,2024-07,1
2056,2024-06,2024-09,3
2056,2024-06,2024-12,6
2056,2024-07,2024-08,1
2056,2024-07,2024-10,3
2056,2024-08,2024-09,1
2056,2024-08,2024-11,3
2056,2024-09,2024-10,1
2056,2024-09,2024-12,3
2056,2024-10,2024-11,1
2056,2024-11,2024-12,1
2068,2023-12,2024-01,1
2068,2023-12,2024-03,3
2068,2023-12,2024-06,6
2068,2023-12,2024-12,12
2068,2024-01,2024-02,1
2068,2024-01,2024-04,3
2068,2024-01,2024-07,6
2068,2024-02,2024-03,1
2068,2024-02,2024-05,3
2068,2024-02,2024-08,6
2068,2024-03,2024-04,1
2068,2024-03,2024-06,3
2068,2024-03,2024-09,6
2068,2024-04,2024-05,1
2068,2024-04,2024-07,3
2068,2024-04,2024-10,6
2068,2024-05,2024-06,1
2068,2024-05,2024-08,3
2068,2024-05,2024-11,6
2068,2024-06,2024-07,1
2068,2024-06,2024-09,3
2068,2024-06,2024-12,6
2068,2024-07,2024-08,1
2068,2024-07,2024-10,3
2068,2024-08,2024-09,1
2068,2024-08,2024-11,3
2068,2024-09,2024-10,1
2068,2024-09,2024-12,3
2068,2024-10,2024-11,1
2068,2024-11,2024-12,1
2077,2023-12,2024-01,1
2077,2023-12,2024-03,3
2077,2023-12,2024-06,6
2077,2023-12,2024-12,12
2077,2024-01,2024-02,1
2077,2024-01,2024-04,3
2077,2024-01,2024-07,6
2077,2024-02,2024-03,1
2077,2024-02,2024-05,3
2077,2024-02,2024-08,6
2077,2024-03,2024-04,1
2077,2024-03,2024-06,3
2077,2024-03,2024-09,6
2077,2024-04,2024-05,1
2077,2024-04,2024-07,3
2077,2024-04,2024-10,6
2077,2024-05,2024-06,1
2077,2024-05,2024-08,3
2077,2024-05,2024-11,6
2077,2024-06,2024-07,1
2077,2024-06,2024-09,3
2077,2024-06,2024-12,6
2077,2024-07,2024-08,1
2077,2024-07,2024-10,3
2077,2024-08,2024-09,1
2077,2024-08,2024-11,3
2077,2024-09,2024-10,1
2077,2024-09,2024-12,3
2077,2024-10,2024-11,1
2077,2024-11,2024-12,1
2080,2023-12,2024-01,1
2080,2023-12,2024-03,3
2080,2023-12,2024-06,6
2080,2023-12,2024-12,12
2080,2024-01,2024-02,1
2080,2024-01,2024-04,3
2080,2024-01,2024-07,6
2080,2024-02,2024-03,1
2080,2024-02,2024-05,3
2080,2024-02,2024-08,6
2080,2024-03,2024-04,1
2080,2024-03,2024-06,3
2080,2024-03,2024-09,6
2080,2024-04,2024-05,1
2080,2024-04,2024-07,3
2080,2024-04,2024-10,6
2080,2024-05,2024-06,1
2080,2024-05,2024-08,3
2080,2024-05,2024-11,6
2080,2024-06,2024-07,1
2080,2024-06,2024-09,3
2080,2024-06,2024-12,6
2080,2024-07,2024-08,1
2080,2024-07,2024-10,3
2080,2024-08,2024-09,1
2080,2024-08,2024-11,3
2080,2024-09,2024-10,1
2080,2024-09,2024-12,3
2080,2024-10,2024-11,1
2080,2024-11,2024-12,1
2112,2023-12,2024-01,1
2112,2023-12,2024-03,3
2112,2023-12,2024-06,6
2112,2023-12,2024-12,12
2112,2024-01,2024-02,1
2112,2024-01,2024-04,3
2112,2024-01,2024-07,6
2112,2024-02,2024-03,1
2112,2024-02,2024-05,3
2112,2024-02,2024-08,6
2112,2024-03,2024-04,1
2112,2024-03,2024-06,3
2112,2024-03,2024-09,6
2112,2024-04,2024-05,1
2112,2024-04,2024-07,3
2112,2024-04,2024-10,6
2112,2024-05,2024-06,1
2112,2024-05,2024-08,3
2112,2024-05,2024-11,6
2112,2024-06,2024-07,1
2112,2024-06,2024-09,3
2112,2024-06,2024-12,6
2112,2024-07,2024-08,1
2112,2024-07,2024-10,3
2112,2024-08,2024-09,1
2112,2024-08,2024-11,3
2112,2024-09,2024-10,1
2112,2024-09,2024-12,3
2112,2024-10,2024-11,1
2112,2024-11,2024-12,1
2130,2023-12,2024-01,1
2130,2023-12,2024-03,3
2130,2023-12,2024-06,6
2130,2023-12,2024-12,12
2130,2024-01,2024-02,1
2130,2024-01,2024-04,3
2130,2024-01,2024-07,6
2130,2024-02,2024-03,1
2130,2024-02,2024-05,3
2130,2024-02,2024-08,6
2130,2024-03,2024-04,1
2130,2024-03,2024-06,3
2130,2024-03,2024-09,6
2130,2024-04,2024-05,1
2130,2024-04,2024-07,3
2130,2024-04,2024-10,6
2130,2024-05,2024-06,1
2130,2024-05,2024-08,3
2130,2024-05,2024-11,6
2130,2024-06,2024-07,1
2130,2024-06,2024-09,3
2130,2024-06,2024-12,6
2130,2024-07,2024-08,1
2130,2024-07,2024-10,3
2130,2024-08,2024-09,1
2130,2024-08,2024-11,3
2130,2024-09,2024-10,1
2130,2024-09,2024-12,3
2130,2024-10,2024-11,1
2130,2024-11,2024-12,1
2133,2023-12,2024-01,1
2133,2023-12,2024-03,3
2133,2023-12,2024-06,6
2133,2023-12,2024-12,12
2133,2024-01,2024-02,1
2133,2024-01,2024-04,3
2133,2024-01,2024-07,6
2133,2024-02,2024-03,1
2133,2024-02,2024-05,3
2133,2024-02,2024-08,6
2133,2024-03,2024-04,1
2133,2024-03,2024-06,3
2133,2024-03,2024-09,6
2133,2024-04,2024-05,1
2133,2024-04,2024-07,3
2133,2024-04,2024-10,6
2133,2024-05,2024-06,1
2133,2024-05,2024-08,3
2133,2024-05,2024-11,6
2133,2024-06,2024-07,1
2133,2024-06,2024-09,3
2133,2024-06,2024-12,6
2133,2024-07,2024-08,1
2133,2024-07,2024-10,3
2133,2024-08,2024-09,1
2133,2024-08,2024-11,3
2133,2024-09,2024-10,1
2133,2024-09,2024-12,3
2133,2024-10,2024-11,1
2133,2024-11,2024-12,1
2145,2023-12,2024-01,1
2145,2023-12,2024-03,3
2145,2023-12,2024-06,6
2145,2023-12,2024-12,12
2145,2024-01,2024-02,1
2145,2024-01,2024-04,3
2145,2024-01,2024-07,6
2145,2024-02,2024-03,1
2145,2024-02,2024-05,3
2145,2024-02,2024-08,6
2145,2024-03,2024-04,1
2145,2024-03,2024-06,3
2145,2024-03,2024-09,6
2145,2024-04,2024-05,1
2145,2024-04,2024-07,3
2145,2024-04,2024-10,6
2145,2024-05,2024-06,1
2145,2024-05,2024-08,3
2145,2024-05,2024-11,6
2145,2024-06,2024-07,1
2145,2024-06,2024-09,3
2145,2024-06,2024-12,6
2145,2024-07,2024-08,1
2145,2024-07,2024-10,3
2145,2024-08,2024-09,1
2145,2024-08,2024-11,3
2145,2024-09,2024-10,1
2145,2024-09,2024-12,3
2145,2024-10,2024-11,1
2145,2024-11,2024-12,1
2148,2023-12,2024-01,1
2148,2023-12,2024-03,3
2148,2023-12,2024-06,6
2148,2023-12,2024-12,12
2148,2024-01,2024-02,1
2148,2024-01,2024-04,3
2148,2024-01,2024-07,6
2148,2024-02,2024-03,1
2148,2024-02,2024-05,3
2148,2024-02,2024-08,6
2148,2024-03,2024-04,1
2148,2024-03,2024-06,3
2148,2024-03,2024-09,6
2148,2024-04,2024-05,1
2148,2024-04,2024-07,3
2148,2024-04,2024-10,6
2148,2024-05,2024-06,1
2148,2024-05,2024-08,3
2148,2024-05,2024-11,6
2148,2024-06,2024-07,1
2148,2024-06,2024-09,3
2148,2024-06,2024-12,6
2148,2024-07,2024-08,1
2148,2024-07,2024-10,3
2148,2024-08,2024-09,1
2148,2024-08,2024-11,3
2148,2024-09,2024-10,1
2148,2024-09,2024-12,3
2148,2024-10,2024-11,1
2148,2024-11,2024-12,1
2156,2023-12,2024-01,1
2156,2023-12,2024-03,3
2156,2023-12,2024-06,6
2156,2023-12,2024-12,12
2156,2024-01,2024-02,1
2156,2024-01,2024-04,3
2156,2024-01,2024-07,6
2156,2024-02,2024-03,1
2156,2024-02,2024-05,3
2156,2024-02,2024-08,6
2156,2024-03,2024-04,1
2156,2024-03,2024-06,3
2156,2024-03,2024-09,6
2156,2024-04,2024-05,1
2156,2024-04,2024-07,3
2156,2024-04,2024-10,6
2156,2024-05,2024-06,1
2156,2024-05,2024-08,3
2156,2024-05,2024-11,6
2156,2024-06,2024-07,1
2156,2024-06,2024-09,3
2156,2024-06,2024-12,6
2156,2024-07,2024-08,1
2156,2024-07,2024-10,3
2156,2024-08,2024-09,1
2156,2024-08,2024-11,3
2156,2024-09,2024-10,1
2156,2024-09,2024-12,3
2156,2024-10,2024-11,1
2156,2024-11,2024-12,1
2168,2023-12,2024-01,1
2168,2023-12,2024-03,3
2168,2023-12,2024-06,6
2168,2023-12,2024-12,12
2168,2024-01,2024-02,1
2168,2024-01,2024-04,3
2168,2024-01,2024-07,6
2168,2024-02,2024-03,1
2168,2024-02,2024-05,3
2168,2024-02,2024-08,6
2168,2024-03,2024-04,1
2168,2024-03,2024-06,3
2168,2024-03,2024-09,6
2168,2024-04,2024-05,1
2168,2024-04,2024-07,3
2168,2024-04,2024-10,6
2168,2024-05,2024-06,1
2168,2024-05,2024-08,3
2168,2024-05,2024-11,6
2168,2024-06,2024-07,1
2168,2024-06,2024-09,3
2168,2024-06,2024-12,6
2168,2024-07,2024-08,1
2168,2024-07,2024-10,3
2168,2024-08,2024-09,1
2168,2024-08,2024-11,3
2168,2024-09,2024-10,1
2168,2024-09,2024-12,3
2168,2024-10,2024-11,1
2168,2024-11,2024-12,1
2182,2023-12,2024-01,1
2182,2023-12,2024-03,3
2182,2023-12,2024-06,6
2182,2023-12,2024-12,12
2182,2024-01,2024-02,1
2182,2024-01,2024-04,3
2182,2024-01,2024-07,6
2182,2024-02,2024-03,1
2182,2024-02,2024-05,3
2182,2024-02,2024-08,6
2182,2024-03,2024-04,1
2182,2024-03,2024-06,3
2182,2024-03,2024-09,6
2182,2024-04,2024-05,1
2182,2024-04,2024-07,3
2182,2024-04,2024-10,6
2182,2024-05,2024-06,1
2182,2024-05,2024-08,3
2182,2024-05,2024-11,6
2182,2024-06,2024-07,1
2182,2024-06,2024-09,3
2182,2024-06,2024-12,6
2182,2024-07,2024-08,1
2182,2024-07,2024-10,3
2182,2024-08,2024-09,1
2182,2024-08,2024-11,3
2182,2024-09,2024-10,1
2182,2024-09,2024-12,3
2182,2024-10,2024-11,1
2182,2024-11,2024-12,1
2187,2023-12,2024-01,1
2187,2023-12,2024-03,3
2187,2023-12,2024-06,6
2187,2023-12,2024-12,12
2187,2024-01,2024-02,1
2187,2024-01,2024-04,3
2187,2024-01,2024-07,6
2187,2024-02,2024-03,1
2187,2024-02,2024-05,3
2187,2024-02,2024-08,6
2187,2024-03,2024-04,1
2187,2024-03,2024-06,3
2187,2024-03,2024-09,6
2187,2024-04,2024-05,1
2187,2024-04,2024-07,3
2187,2024-04,2024-10,6
2187,2024-05,2024-06,1
2187,2024-05,2024-08,3
2187,2024-05,2024-11,6
2187,2024-06,2024-07,1
2187,2024-06,2024-09,3
2187,2024-06,2024-12,6
2187,2024-07,2024-08,1
2187,2024-07,2024-10,3
2187,2024-08,2024-09,1
2187,2024-08,2024-11,3
2187,2024-09,2024-10,1
2187,2024-09,2024-12,3
2187,2024-10,2024-11,1
2187,2024-11,2024-12,1
2191,2023-12,2024-01,1
2191,2023-12,2024-03,3
2191,2023-12,2024-06,6
2191,2023-12,2024-12,12
2191,2024-01,2024-02,1
2191,2024-01,2024-04,3
2191,2024-01,2024-07,6
2191,2024-02,2024-03,1
2191,2024-02,2024-05,3
2191,2024-02,2024-08,6
2191,2024-03,2024-04,1
2191,2024-03,2024-06,3
2191,2024-03,2024-09,6
2191,2024-04,2024-05,1
2191,2024-04,2024-07,3
2191,2024-04,2024-10,6
2191,2024-05,2024-06,1
2191,2024-05,2024-08,3
2191,2024-05,2024-11,6
2191,2024-06,2024-07,1
2191,2024-06,2024-09,3
2191,2024-06,2024-12,6
2191,2024-07,2024-08,1
2191,2024-07,2024-10,3
2191,2024-08,2024-09,1
2191,2024-08,2024-11,3
2191,2024-09,2024-10,1
2191,2024-09,2024-12,3
2191,2024-10,2024-11,1
2191,2024-11,2024-12,1
2192,2023-12,2024-01,1
2192,2023-12,2024-03,3
2192,2023-12,2024-06,6
2192,2023-12,2024-12,12
2192,2024-01,2024-02,1
2192,2024-01,2024-04,3
2192,2024-01,2024-07,6
2192,2024-02,2024-03,1
2192,2024-02,2024-05,3
2192,2024-02,2024-08,6
2192,2024-03,2024-04,1
2192,2024-03,2024-06,3
2192,2024-03,2024-09,6
2192,2024-04,2024-05,1
2192,2024-04,2024-07,3
2192,2024-04,2024-10,6
2192,2024-05,2024-06,1
2192,2024-05,2024-08,3
2192,2024-05,2024-11,6
2192,2024-06,2024-07,1
2192,2024-06,2024-09,3
2192,2024-06,2024-12,6
2192,2024-07,2024-08,1
2192,2024-07,2024-10,3
2192,2024-08,2024-09,1
2192,2024-08,2024-11,3
2192,2024-09,2024-10,1
2192,2024-09,2024-12,3
2192,2024-10,2024-11,1
2192,2024-11,2024-12,1
2202,2023-12,2024-01,1
2202,2023-12,2024-03,3
2202,2023-12,2024-06,6
2202,2023-12,2024-12,12
2202,2024-01,2024-02,1
2202,2024-01,2024-04,3
2202,2024-01,2024-07,6
2202,2024-02,2024-03,1
2202,2024-02,2024-05,3
2202,2024-02,2024-08,6
2202,2024-03,2024-04,1
2202,2024-03,2024-06,3
2202,2024-03,2024-09,6
2202,2024-04,2024-05,1
2202,2024-04,2024-07,3
2202,2024-04,2024-10,6
2202,2024-05,2024-06,1
2202,2024-05,2024-08,3
2202,2024-05,2024-11,6
2202,2024-06,2024-07,1
2202,2024-06,2024-09,3
2202,2024-06,2024-12,6
2202,2024-07,2024-08,1
2202,2024-07,2024-10,3
2202,2024-08,2024-09,1
2202,2024-08,2024-11,3
2202,2024-09,2024-10,1
2202,2024-09,2024-12,3
2202,2024-10,2024-11,1
2202,2024-11,2024-12,1
2225,2023-12,2024-01,1
2225,2023-12,2024-03,3
2225,2023-12,2024-06,6
2225,2023-12,2024-12,12
2225,2024-01,2024-02,1
2225,2024-01,2024-04,3
2225,2024-01,2024-07,6
2225,2024-02,2024-03,1
2225,2024-02,2024-05,3
2225,2024-02,2024-08,6
2225,2024-03,2024-04,1
2225,2024-03,2024-06,3
2225,2024-03,2024-09,6
2225,2024-04,2024-05,1
2225,2024-04,2024-07,3
2225,2024-04,2024-10,6
2225,2024-05,2024-06,1
2225,2024-05,2024-08,3
2225,2024-05,2024-11,6
2225,2024-06,2024-07,1
2225,2024-06,2024-09,3
2225,2024-06,2024-12,6
2225,2024-07,2024-08,1
2225,2024-07,2024-10,3
2225,2024-08,2024-09,1
2225,2024-08,2024-11,3
2225,2024-09,2024-10,1
2225,2024-09,2024-12,3
2225,2024-10,2024-11,1
2225,2024-11,2024-12,1
2256,2023-12,2024-01,1
2256,2023-12,2024-03,3
2256,2023-12,2024-06,6
2256,2023-12,2024-12,12
2256,2024-01,2024-02,1
2256,2024-01,2024-04,3
2256,2024-01,2024-07,6
2256,2024-02,2024-03,1
2256,2024-02,2024-05,3
2256,2024-02,2024-08,6
2256,2024-03,2024-04,1
2256,2024-03,2024-06,3
2256,2024-03,2024-09,6
2256,2024-04,2024-05,1
2256,2024-04,2024-07,3
2256,2024-04,2024-10,6
2256,2024-05,2024-06,1
2256,2024-05,2024-08,3
2256,2024-05,2024-11,6
2256,2024-06,2024-07,1
2256,2024-06,2024-09,3
2256,2024-06,2024-12,6
2256,2024-07,2024-08,1
2256,2024-07,2024-10,3
2256,2024-08,2024-09,1
2256,2024-08,2024-11,3
2256,2024-09,2024-10,1
2256,2024-09,2024-12,3
2256,2024-10,2024-11,1
2256,2024-11,2024-12,1
2260,2023-12,2024-01,1
2260,2023-12,2024-03,3
2260,2023-12,2024-06,6
2260,2023-12,2024-12,12
2260,2024-01,2024-02,1
2260,2024-01,2024-04,3
2260,2024-01,2024-07,6
2260,2024-02,2024-03,1
2260,2024-02,2024-05,3
2260,2024-02,2024-08,6
2260,2024-03,2024-04,1
2260,2024-03,2024-06,3
2260,2024-03,2024-09,6
2260,2024-04,2024-05,1
2260,2024-04,2024-07,3
2260,2024-04,2024-10,6
2260,2024-05,2024-06,1
2260,2024-05,2024-08,3
2260,2024-05,2024-11,6
2260,2024-06,2024-07,1
2260,2024-06,2024-09,3
2260,2024-06,2024-12,6
2260,2024-07,2024-08,1
2260,2024-07,2024-10,3
2260,2024-08,2024-09,1
2260,2024-08,2024-11,3
2260,2024-09,2024-10,1
2260,2024-09,2024-12,3
2260,2024-10,2024-11,1
2260,2024-11,2024-12,1
2262,2023-12,2024-01,1
2262,2023-12,2024-03,3
2262,2023-12,2024-06,6
2262,2023-12,2024-12,12
2262,2024-01,2024-02,1
2262,2024-01,2024-04,3
2262,2024-01,2024-07,6
2262,2024-02,2024-03,1
2262,2024-02,2024-05,3
2262,2024-02,2024-08,6
2262,2024-03,2024-04,1
2262,2024-03,2024-06,3
2262,2024-03,2024-09,6
2262,2024-04,2024-05,1
2262,2024-04,2024-07,3
2262,2024-04,2024-10,6
2262,2024-05,2024-06,1
2262,2024-05,2024-08,3
2262,2024-05,2024-11,6
2262,2024-06,2024-07,1
2262,2024-06,2024-09,3
2262,2024-06,2024-12,6
2262,2024-07,2024-08,1
2262,2024-07,2024-10,3
2262,2024-08,2024-09,1
2262,2024-08,2024-11,3
2262,2024-09,2024-10,1
2262,2024-09,2024-12,3
2262,2024-10,2024-11,1
2262,2024-11,2024-12,1
2270,2023-12,2024-01,1
2270,2023-12,2024-03,3
2270,2023-12,2024-06,6
2270,2023-12,2024-12,12
2270,2024-01,2024-02,1
2270,2024-01,2024-04,3
2270,2024-01,2024-07,6
2270,2024-02,2024-03,1
2270,2024-02,2024-05,3
2270,2024-02,2024-08,6
2270,2024-03,2024-04,1
2270,2024-03,2024-06,3
2270,2024-03,2024-09,6
2270,2024-04,2024-05,1
2270,2024-04,2024-07,3
2270,2024-04,2024-10,6
2270,2024-05,2024-06,1
2270,2024-05,2024-08,3
2270,2024-05,2024-11,6
2270,2024-06,2024-07,1
2270,2024-06,2024-09,3
2270,2024-06,2024-12,6
2270,2024-07,2024-08,1
2270,2024-07,2024-10,3
2270,2024-08,2024-09,1
2270,2024-08,2024-11,3
2270,2024-09,2024-10,1
2270,2024-09,2024-12,3
2270,2024-10,2024-11,1
2270,2024-11,2024-12,1
2275,2023-12,2024-01,1
2275,2023-12,2024-03,3
2275,2023-12,2024-06,6
2275,2023-12,2024-12,12
2275,2024-01,2024-02,1
2275,2024-01,2024-04,3
2275,2024-01,2024-07,6
2275,2024-02,2024-03,1
2275,2024-02,2024-05,3
2275,2024-02,2024-08,6
2275,2024-03,2024-04,1
2275,2024-03,2024-06,3
2275,2024-03,2024-09,6
2275,2024-04,2024-05,1
2275,2024-04,2024-07,3
2275,2024-04,2024-10,6
2275,2024-05,2024-06,1
2275,2024-05,2024-08,3
2275,2024-05,2024-11,6
2275,2024-06,2024-07,1
2275,2024-06,2024-09,3
2275,2024-06,2024-12,6
2275,2024-07,2024-08,1
2275,2024-07,2024-10,3
2275,2024-08,2024-09,1
2275,2024-08,2024-11,3
2275,2024-09,2024-10,1
2275,2024-09,2024-12,3
2275,2024-10,2024-11,1
2275,2024-11,2024-12,1
2311,2023-12,2024-01,1
2311,2023-12,2024-03,3
2311,2023-12,2024-06,6
2311,2023-12,2024-12,12
2311,2024-01,2024-02,1
2311,2024-01,2024-04,3
2311,2024-01,2024-07,6
2311,2024-02,2024-03,1
2311,2024-02,2024-05,3
2311,2024-02,2024-08,6
2311,2024-03,2024-04,1
2311,2024-03,2024-06,3
2311,2024-03,2024-09,6
2311,2024-04,2024-05,1
2311,2024-04,2024-07,3
2311,2024-04,2024-10,6
2311,2024-05,2024-06,1
2311,2024-05,2024-08,3
2311,2024-05,2024-11,6
2311,2024-06,2024-07,1
2311,2024-06,2024-09,3
2311,2024-06,2024-12,6
2311,2024-07,2024-08,1
2311,2024-07,2024-10,3
2311,2024-08,2024-09,1
2311,2024-08,2024-11,3
2311,2024-09,2024-10,1
2311,2024-09,2024-12,3
2311,2024-10,2024-11,1
2311,2024-11,2024-12,1
2315,2023-12,2024-01,1
2315,2023-12,2024-03,3
2315,2023-12,2024-06,6
2315,2023-12,2024-12,12
2315,2024-01,2024-02,1
2315,2024-01,2024-04,3
2315,2024-01,2024-07,6
2315,2024-02,2024-03,1
2315,2024-02,2024-05,3
2315,2024-02,2024-08,6
2315,2024-03,2024-04,1
2315,2024-03,2024-06,3
2315,2024-03,2024-09,6
2315,2024-04,2024-05,1
2315,2024-04,2024-07,3
2315,2024-04,2024-10,6
2315,2024-05,2024-06,1
2315,2024-05,2024-08,3
2315,2024-05,2024-11,6
2315,2024-06,2024-07,1
2315,2024-06,2024-09,3
2315,2024-06,2024-12,6
2315,2024-07,2024-08,1
2315,2024-07,2024-10,3
2315,2024-08,2024-09,1
2315,2024-08,2024-11,3
2315,2024-09,2024-10,1
2315,2024-09,2024-12,3
2315,2024-10,2024-11,1
2315,2024-11,2024-12,1
2318,2023-12,2024-01,1
2318,2023-12,2024-03,3
2318,2023-12,2024-06,6
2318,2023-12,2024-12,12
2318,2024-01,2024-02,1
2318,2024-01,2024-04,3
2318,2024-01,2024-07,6
2318,2024-02,2024-03,1
2318,2024-02,2024-05,3
2318,2024-02,2024-08,6
2318,2024-03,2024-04,1
2318,2024-03,2024-06,3
2318,2024-03,2024-09,6
2318,2024-04,2024-05,1
2318,2024-04,2024-07,3
2318,2024-04,2024-10,6
2318,2024-05,2024-06,1
2318,2024-05,2024-08,3
2318,2024-05,2024-11,6
2318,2024-06,2024-07,1
2318,2024-06,2024-09,3
2318,2024-06,2024-12,6
2318,2024-07,2024-08,1
2318,2024-07,2024-10,3
2318,2024-08,2024-09,1
2318,2024-08,2024-11,3
2318,2024-09,2024-10,1
2318,2024-09,2024-12,3
2318,2024-10,2024-11,1
2318,2024-11,2024-12,1
2321,2023-12,2024-01,1
2321,2023-12,2024-03,3
2321,2023-12,2024-06,6
2321,2023-12,2024-12,12
2321,2024-01,2024-02,1
2321,2024-01,2024-04,3
2321,2024-01,2024-07,6
2321,2024-02,2024-03,1
2321,2024-02,2024-05,3
2321,2024-02,2024-08,6
2321,2024-03,2024-04,1
2321,2024-03,2024-06,3
2321,2024-03,2024-09,6
2321,2024-04,2024-05,1
2321,2024-04,2024-07,3
2321,2024-04,2024-10,6
2321,2024-05,2024-06,1
2321,2024-05,2024-08,3
2321,2024-05,2024-11,6
2321,2024-06,2024-07,1
2321,2024-06,2024-09,3
2321,2024-06,2024-12,6
2321,2024-07,2024-08,1
2321,2024-07,2024-10,3
2321,2024-08,2024-09,1
2321,2024-08,2024-11,3
2321,2024-09,2024-10,1
2321,2024-09,2024-12,3
2321,2024-10,2024-11,1
2321,2024-11,2024-12,1
2340,2023-12,2024-01,1
2340,2023-12,2024-03,3
2340,2023-12,2024-06,6
2340,2023-12,2024-12,12
2340,2024-01,2024-02,1
2340,2024-01,2024-04,3
2340,2024-01,2024-07,6
2340,2024-02,2024-03,1
2340,2024-02,2024-05,3
2340,2024-02,2024-08,6
2340,2024-03,2024-04,1
2340,2024-03,2024-06,3
2340,2024-03,2024-09,6
2340,2024-04,2024-05,1
2340,2024-04,2024-07,3
2340,2024-04,2024-10,6
2340,2024-05,2024-06,1
2340,2024-05,2024-08,3
2340,2024-05,2024-11,6
2340,2024-06,2024-07,1
2340,2024-06,2024-09,3
2340,2024-06,2024-12,6
2340,2024-07,2024-08,1
2340,2024-07,2024-10,3
2340,2024-08,2024-09,1
2340,2024-08,2024-11,3
2340,2024-09,2024-10,1
2340,2024-09,2024-12,3
2340,2024-10,2024-11,1
2340,2024-11,2024-12,1
2343,2023-12,2024-01,1
2343,2023-12,2024-03,3
2343,2023-12,2024-06,6
2343,2023-12,2024-12,12
2343,2024-01,2024-02,1
2343,2024-01,2024-04,3
2343,2024-01,2024-07,6
2343,2024-02,2024-03,1
2343,2024-02,2024-05,3
2343,2024-02,2024-08,6
2343,2024-03,2024-04,1
2343,2024-03,2024-06,3
2343,2024-03,2024-09,6
2343,2024-04,2024-05,1
2343,2024-04,2024-07,3
2343,2024-04,2024-10,6
2343,2024-05,2024-06,1
2343,2024-05,2024-08,3
2343,2024-05,2024-11,6
2343,2024-06,2024-07,1
2343,2024-06,2024-09,3
2343,2024-06,2024-12,6
2343,2024-07,2024-08,1
2343,2024-07,2024-10,3
2343,2024-08,2024-09,1
2343,2024-08,2024-11,3
2343,2024-09,2024-10,1
2343,2024-09,2024-12,3
2343,2024-10,2024-11,1
2343,2024-11,2024-12,1
2373,2023-12,2024-01,1
2373,2023-12,2024-03,3
2373,2023-12,2024-06,6
2373,2023-12,2024-12,12
2373,2024-01,2024-02,1
2373,2024-01,2024-04,3
2373,2024-01,2024-07,6
2373,2024-02,2024-03,1
2373,2024-02,2024-05,3
2373,2024-02,2024-08,6
2373,2024-03,2024-04,1
2373,2024-03,2024-06,3
2373,2024-03,2024-09,6
2373,2024-04,2024-05,1
2373,2024-04,2024-07,3
2373,2024-04,2024-10,6
2373,2024-05,2024-06,1
2373,2024-05,2024-08,3
2373,2024-05,2024-11,6
2373,2024-06,2024-07,1
2373,2024-06,2024-09,3
2373,2024-06,2024-12,6
2373,2024-07,2024-08,1
2373,2024-07,2024-10,3
2373,2024-08,2024-09,1
2373,2024-08,2024-11,3
2373,2024-09,2024-10,1
2373,2024-09,2024-12,3
2373,2024-10,2024-11,1
2373,2024-11,2024-12,1
2374,2023-12,2024-01,1
2374,2023-12,2024-03,3
2374,2023-12,2024-06,6
2374,2023-12,2024-12,12
2374,2024-01,2024-02,1
2374,2024-01,2024-04,3
2374,2024-01,2024-07,6
2374,2024-02,2024-03,1
2374,2024-02,2024-05,3
2374,2024-02,2024-08,6
2374,2024-03,2024-04,1
2374,2024-03,2024-06,3
2374,2024-03,2024-09,6
2374,2024-04,2024-05,1
2374,2024-04,2024-07,3
2374,2024-04,2024-10,6
2374,2024-05,2024-06,1
2374,2024-05,2024-08,3
2374,2024-05,2024-11,6
2374,2024-06,2024-07,1
2374,2024-06,2024-09,3
2374,2024-06,2024-12,6
2374,2024-07,2024-08,1
2374,2024-07,2024-10,3
2374,2024-08,2024-09,1
2374,2024-08,2024-11,3
2374,2024-09,2024-10,1
2374,2024-09,2024-12,3
2374,2024-10,2024-11,1
2374,2024-11,2024-12,1
2389,2023-12,2024-01,1
2389,2023-12,2024-03,3
2389,2023-12,2024-06,6
2389,2023-12,2024-12,12
2389,2024-01,2024-02,1
2389,2024-01,2024-04,3
2389,2024-01,2024-07,6
2389,2024-02,2024-03,1
2389,2024-02,2024-05,3
2389,2024-02,2024-08,6
2389,2024-03,2024-04,1
2389,2024-03,2024-06,3
2389,2024-03,2024-09,6
2389,2024-04,2024-05,1
2389,2024-04,2024-07,3
2389,2024-04,2024-10,6
2389,2024-05,2024-06,1
2389,2024-05,2024-08,3
2389,2024-05,2024-11,6
2389,2024-06,2024-07,1
2389,2024-06,2024-09,3
2389,2024-06,2024-12,6
2389,2024-07,2024-08,1
2389,2024-07,2024-10,3
2389,2024-08,2024-09,1
2389,2024-08,2024-11,3
2389,2024-09,2024-10,1
2389,2024-09,2024-12,3
2389,2024-10,2024-11,1
2389,2024-11,2024-12,1
2399,2023-12,2024-01,1
2399,2023-12,2024-03,3
2399,2023-12,2024-06,6
2399,2023-12,2024-12,12
2399,2024-01,2024-02,1
2399,2024-01,2024-04,3
2399,2024-01,2024-07,6
2399,2024-02,2024-03,1
2399,2024-02,2024-05,3
2399,2024-02,2024-08,6
2399,2024-03,2024-04,1
2399,2024-03,2024-06,3
2399,2024-03,2024-09,6
2399,2024-04,2024-05,1
2399,2024-04,2024-07,3
2399,2024-04,2024-10,6
2399,2024-05,2024-06,1
2399,2024-05,2024-08,3
2399,2024-05,2024-11,6
2399,2024-06,2024-07,1
2399,2024-06,2024-09,3
2399,2024-06,2024-12,6
2399,2024-07,2024-08,1
2399,2024-07,2024-10,3
2399,2024-08,2024-09,1
2399,2024-08,2024-11,3
2399,2024-09,2024-10,1
2399,2024-09,2024-12,3
2399,2024-10,2024-11,1
2399,2024-11,2024-12,1
2404,2023-12,2024-01,1
2404,2023-12,2024-03,3
2404,2023-12,2024-06,6
2404,2023-12,2024-12,12
2404,2024-01,2024-02,1
2404,2024-01,2024-04,3
2404,2024-01,2024-07,6
2404,2024-02,2024-03,1
2404,2024-02,2024-05,3
2404,2024-02,2024-08,6
2404,2024-03,2024-04,1
2404,2024-03,2024-06,3
2404,2024-03,2024-09,6
2404,2024-04,2024-05,1
2404,2024-04,2024-07,3
2404,2024-04,2024-10,6
2404,2024-05,2024-06,1
2404,2024-05,2024-08,3
2404,2024-05,2024-11,6
2404,2024-06,2024-07,1
2404,2024-06,2024-09,3
2404,2024-06,2024-12,6
2404,2024-07,2024-08,1
2404,2024-07,2024-10,3
2404,2024-08,2024-09,1
2404,2024-08,2024-11,3
2404,2024-09,2024-10,1
2404,2024-09,2024-12,3
2404,2024-10,2024-11,1
2404,2024-11,2024-12,1
2408,2023-12,2024-01,1
2408,2023-12,2024-03,3
2408,2023-12,2024-06,6
2408,2023-12,2024-12,12
2408,2024-01,2024-02,1
2408,2024-01,2024-04,3
2408,2024-01,2024-07,6
2408,2024-02,2024-03,1
2408,2024-02,2024-05,3
2408,2024-02,2024-08,6
2408,2024-03,2024-04,1
2408,2024-03,2024-06,3
2408,2024-03,2024-09,6
2408,2024-04,2024-05,1
2408,2024-04,2024-07,3
2408,2024-04,2024-10,6
2408,2024-05,2024-06,1
2408,2024-05,2024-08,3
2408,2024-05,2024-11,6
2408,2024-06,2024-07,1
2408,2024-06,2024-09,3
2408,2024-06,2024-12,6
2408,2024-07,2024-08,1
2408,2024-07,2024-10,3
2408,2024-08,2024-09,1
2408,2024-08,2024-11,3
2408,2024-09,2024-10,1
2408,2024-09,2024-12,3
2408,2024-10,2024-11,1
2408,2024-11,2024-12,1
2426,2023-12,2024-01,1
2426,2023-12,2024-03,3
2426,2023-12,2024-06,6
2426,2023-12,2024-12,12
2426,2024-01,2024-02,1
2426,2024-01,2024-04,3
2426,2024-01,2024-07,6
2426,2024-02,2024-03,1
2426,2024-02,2024-05,3
2426,2024-02,2024-08,6
2426,2024-03,2024-04,1
2426,2024-03,2024-06,3
2426,2024-03,2024-09,6
2426,2024-04,2024-05,1
2426,2024-04,2024-07,3
2426,2024-04,2024-10,6
2426,2024-05,2024-06,1
2426,2024-05,2024-08,3
2426,2024-05,2024-11,6
2426,2024-06,2024-07,1
2426,2024-06,2024-09,3
2426,2024-06,2024-12,6
2426,2024-07,2024-08,1
2426,2024-07,2024-10,3
2426,2024-08,2024-09,1
2426,2024-08,2024-11,3
2426,2024-09,2024-10,1
2426,2024-09,2024-12,3
2426,2024-10,2024-11,1
2426,2024-11,2024-12,1
2435,2023-12,2024-01,1
2435,2023-12,2024-03,3
2435,2023-12,2024-06,6
2435,2023-12,2024-12,12
2435,2024-01,2024-02,1
2435,2024-01,2024-04,3
2435,2024-01,2024-07,6
2435,2024-02,2024-03,1
2435,2024-02,2024-05,3
2435,2024-02,2024-08,6
2435,2024-03,2024-04,1
2435,2024-03,2024-06,3
2435,2024-03,2024-09,6
2435,2024-04,2024-05,1
2435,2024-04,2024-07,3
2435,2024-04,2024-10,6
2435,2024-05,2024-06,1
2435,2024-05,2024-08,3
2435,2024-05,2024-11,6
2435,2024-06,2024-07,1
2435,2024-06,2024-09,3
2435,2024-06,2024-12,6
2435,2024-07,2024-08,1
2435,2024-07,2024-10,3
2435,2024-08,2024-09,1
2435,2024-08,2024-11,3
2435,2024-09,2024-10,1
2435,2024-09,2024-12,3
2435,2024-10,2024-11,1
2435,2024-11,2024-12,1
2441,2023-12,2024-01,1
2441,2023-12,2024-03,3
2441,2023-12,2024-06,6
2441,2023-12,2024-12,12
2441,2024-01,2024-02,1
2441,2024-01,2024-04,3
2441,2024-01,2024-07,6
2441,2024-02,2024-03,1
2441,2024-02,2024-05,3
2441,2024-02,2024-08,6
2441,2024-03,2024-04,1
2441,2024-03,2024-06,3
2441,2024-03,2024-09,6
2441,2024-04,2024-05,1
2441,2024-04,2024-07,3
2441,2024-04,2024-10,6
2441,2024-05,2024-06,1
2441,2024-05,2024-08,3
2441,2024-05,2024-11,6
2441,2024-06,2024-07,1
2441,2024-06,2024-09,3
2441,2024-06,2024-12,6
2441,2024-07,2024-08,1
2441,2024-07,2024-10,3
2441,2024-08,2024-09,1
2441,2024-08,2024-11,3
2441,2024-09,2024-10,1
2441,2024-09,2024-12,3
2441,2024-10,2024-11,1
2441,2024-11,2024-12,1
2461,2023-12,2024-01,1
2461,2023-12,2024-03,3
2461,2023-12,2024-06,6
2461,2023-12,2024-12,12
2461,2024-01,2024-02,1
2461,2024-01,2024-04,3
2461,2024-01,2024-07,6
2461,2024-02,2024-03,1
2461,2024-02,2024-05,3
2461,2024-02,2024-08,6
2461,2024-03,2024-04,1
2461,2024-03,2024-06,3
2461,2024-03,2024-09,6
2461,2024-04,2024-05,1
2461,2024-04,2024-07,3
2461,2024-04,2024-10,6
2461,2024-05,2024-06,1
2461,2024-05,2024-08,3
2461,2024-05,2024-11,6
2461,2024-06,2024-07,1
2461,2024-06,2024-09,3
2461,2024-06,2024-12,6
2461,2024-07,2024-08,1
2461,2024-07,2024-10,3
2461,2024-08,2024-09,1
2461,2024-08,2024-11,3
2461,2024-09,2024-10,1
2461,2024-09,2024-12,3
2461,2024-10,2024-11,1
2461,2024-11,2024-12,1
2473,2023-12,2024-01,1
2473,2023-12,2024-03,3
2473,2023-12,2024-06,6
2473,2023-12,2024-12,12
2473,2024-01,2024-02,1
2473,2024-01,2024-04,3
2473,2024-01,2024-07,6
2473,2024-02,2024-03,1
2473,2024-02,2024-05,3
2473,2024-02,2024-08,6
2473,2024-03,2024-04,1
2473,2024-03,2024-06,3
2473,2024-03,2024-09,6
2473,2024-04,2024-05,1
2473,2024-04,2024-07,3
2473,2024-04,2024-10,6
2473,2024-05,2024-06,1
2473,2024-05,2024-08,3
2473,2024-05,2024-11,6
2473,2024-06,2024-07,1
2473,2024-06,2024-09,3
2473,2024-06,2024-12,6
2473,2024-07,2024-08,1
2473,2024-07,2024-10,3
2473,2024-08,2024-09,1
2473,2024-08,2024-11,3
2473,2024-09,2024-10,1
2473,2024-09,2024-12,3
2473,2024-10,2024-11,1
2473,2024-11,2024-12,1
2480,2023-12,2024-01,1
2480,2023-12,2024-03,3
2480,2023-12,2024-06,6
2480,2023-12,2024-12,12
2480,2024-01,2024-02,1
2480,2024-01,2024-04,3
2480,2024-01,2024-07,6
2480,2024-02,2024-03,1
2480,2024-02,2024-05,3
2480,2024-02,2024-08,6
2480,2024-03,2024-04,1
2480,2024-03,2024-06,3
2480,2024-03,2024-09,6
2480,2024-04,2024-05,1
2480,2024-04,2024-07,3
2480,2024-04,2024-10,6
2480,2024-05,2024-06,1
2480,2024-05,2024-08,3
2480,2024-05,2024-11,6
2480,2024-06,2024-07,1
2480,2024-06,2024-09,3
2480,2024-06,2024-12,6
2480,2024-07,2024-08,1
2480,2024-07,2024-10,3
2480,2024-08,2024-09,1
2480,2024-08,2024-11,3
2480,2024-09,2024-10,1
2480,2024-09,2024-12,3
2480,2024-10,2024-11,1
2480,2024-11,2024-12,1
2486,2023-12,2024-01,1
2486,2023-12,2024-03,3
2486,2023-12,2024-06,6
2486,2023-12,2024-12,12
2486,2024-01,2024-02,1
2486,2024-01,2024-04,3
2486,2024-01,2024-07,6
2486,2024-02,2024-03,1
2486,2024-02,2024-05,3
2486,2024-02,2024-08,6
2486,2024-03,2024-04,1
2486,2024-03,2024-06,3
2486,2024-03,2024-09,6
2486,2024-04,2024-05,1
2486,2024-04,2024-07,3
2486,2024-04,2024-10,6
2486,2024-05,2024-06,1
2486,2024-05,2024-08,3
2486,2024-05,2024-11,6
2486,2024-06,2024-07,1
2486,2024-06,2024-09,3
2486,2024-06,2024-12,6
2486,2024-07,2024-08,1
2486,2024-07,2024-10,3
2486,2024-08,2024-09,1
2486,2024-08,2024-11,3
2486,2024-09,2024-10,1
2486,2024-09,2024-12,3
2486,2024-10,2024-11,1
2486,2024-11,2024-12,1
2488,2023-12,2024-01,1
2488,2023-12,2024-03,3
2488,2023-12,2024-06,6
2488,2023-12,2024-12,12
2488,2024-01,2024-02,1
2488,2024-01,2024-04,3
2488,2024-01,2024-07,6
2488,2024-02,2024-03,1
2488,2024-02,2024-05,3
2488,2024-02,2024-08,6
2488,2024-03,2024-04,1
2488,2024-03,2024-06,3
2488,2024-03,2024-09,6
2488,2024-04,2024-05,1
2488,2024-04,2024-07,3
2488,2024-04,2024-10,6
2488,2024-05,2024-06,1
2488,2024-05,2024-08,3
2488,2024-05,2024-11,6
2488,2024-06,2024-07,1
2488,2024-06,2024-09,3
2488,2024-06,2024-12,6
2488,2024-07,2024-08,1
2488,2024-07,2024-10,3
2488,2024-08,2024-09,1
2488,2024-08,2024-11,3
2488,2024-09,2024-10,1
2488,2024-09,2024-12,3
2488,2024-10,2024-11,1
2488,2024-11,2024-12,1
2494,2023-12,2024-01,1
2494,2023-12,2024-03,3
2494,2023-12,2024-06,6
2494,2023-12,2024-12,12
2494,2024-01,2024-02,1
2494,2024-01,2024-04,3
2494,2024-01,2024-07,6
2494,2024-02,2024-03,1
2494,2024-02,2024-05,3
2494,2024-02,2024-08,6
2494,2024-03,2024-04,1
2494,2024-03,2024-06,3
2494,2024-03,2024-09,6
2494,2024-04,2024-05,1
2494,2024-04,2024-07,3
2494,2024-04,2024-10,6
2494,2024-05,2024-06,1
2494,2024-05,2024-08,3
2494,2024-05,2024-11,6
2494,2024-06,2024-07,1
2494,2024-06,2024-09,3
2494,2024-06,2024-12,6
2494,2024-07,2024-08,1
2494,2024-07,2024-10,3
2494,2024-08,2024-09,1
2494,2024-08,2024-11,3
2494,2024-09,2024-10,1
2494,2024-09,2024-12,3
2494,2024-10,2024-11,1
2494,2024-11,2024-12,1
2495,2023-12,2024-01,1
2495,2023-12,2024-03,3
2495,2023-12,2024-06,6
2495,2023-12,2024-12,12
2495,2024-01,2024-02,1
2495,2024-01,2024-04,3
2495,2024-01,2024-07,6
2495,2024-02,2024-03,1
2495,2024-02,2024-05,3
2495,2024-02,2024-08,6
2495,2024-03,2024-04,1
2495,2024-03,2024-06,3
2495,2024-03,2024-09,6
2495,2024-04,2024-05,1
2495,2024-04,2024-07,3
2495,2024-04,2024-10,6
2495,2024-05,2024-06,1
2495,2024-05,2024-08,3
2495,2024-05,2024-11,6
2495,2024-06,2024-07,1
2495,2024-06,2024-09,3
2495,2024-06,2024-12,6
2495,2024-07,2024-08,1
2495,2024-07,2024-10,3
2495,2024-08,2024-09,1
2495,2024-08,2024-11,3
2495,2024-09,2024-10,1
2495,2024-09,2024-12,3
2495,2024-10,2024-11,1
2495,2024-11,2024-12,1
2500,2023-12,2024-01,1
2500,2023-12,2024-03,3
2500,2023-12,2024-06,6
2500,2023-12,2024-12,12
2500,2024-01,2024-02,1
2500,2024-01,2024-04,3
2500,2024-01,2024-07,6
2500,2024-02,2024-03,1
2500,2024-02,2024-05,3
2500,2024-02,2024-08,6
2500,2024-03,2024-04,1
2500,2024-03,2024-06,3
2500,2024-03,2024-09,6
2500,2024-04,2024-05,1
2500,2024-04,2024-07,3
2500,2024-04,2024-10,6
2500,2024-05,2024-06,1
2500,2024-05,2024-08,3
2500,2024-05,2024-11,6
2500,2024-06,2024-07,1
2500,2024-06,2024-09,3
2500,2024-06,2024-12,6
2500,2024-07,2024-08,1
2500,2024-07,2024-10,3
2500,2024-08,2024-09,1
2500,2024-08,2024-11,3
2500,2024-09,2024-10,1
2500,2024-09,2024-12,3
2500,2024-10,2024-11,1
2500,2024-11,2024-12,1
2501,2023-12,2024-01,1
2501,2023-12,2024-03,3
2501,2023-12,2024-06,6
2501,2023-12,2024-12,12
2501,2024-01,2024-02,1
2501,2024-01,2024-04,3
2501,2024-01,2024-07,6
2501,2024-02,2024-03,1
2501,2024-02,2024-05,3
2501,2024-02,2024-08,6
2501,2024-03,2024-04,1
2501,2024-03,2024-06,3
2501,2024-03,2024-09,6
2501,2024-04,2024-05,1
2501,2024-04,2024-07,3
2501,2024-04,2024-10,6
2501,2024-05,2024-06,1
2501,2024-05,2024-08,3
2501,2024-05,2024-11,6
2501,2024-06,2024-07,1
2501,2024-06,2024-09,3
2501,2024-06,2024-12,6
2501,2024-07,2024-08,1
2501,2024-07,2024-10,3
2501,2024-08,2024-09,1
2501,2024-08,2024-11,3
2501,2024-09,2024-10,1
2501,2024-09,2024-12,3
2501,2024-10,2024-11,1
2501,2024-11,2024-12,1
2515,2023-12,2024-01,1
2515,2023-12,2024-03,3
2515,2023-12,2024-06,6
2515,2023-12,2024-12,12
2515,2024-01,2024-02,1
2515,2024-01,2024-04,3
2515,2024-01,2024-07,6
2515,2024-02,2024-03,1
2515,2024-02,2024-05,3
2515,2024-02,2024-08,6
2515,2024-03,2024-04,1
2515,2024-03,2024-06,3
2515,2024-03,2024-09,6
2515,2024-04,2024-05,1
2515,2024-04,2024-07,3
2515,2024-04,2024-10,6
2515,2024-05,2024-06,1
2515,2024-05,2024-08,3
2515,2024-05,2024-11,6
2515,2024-06,2024-07,1
2515,2024-06,2024-09,3
2515,2024-06,2024-12,6
2515,2024-07,2024-08,1
2515,2024-07,2024-10,3
2515,2024-08,2024-09,1
2515,2024-08,2024-11,3
2515,2024-09,2024-10,1
2515,2024-09,2024-12,3
2515,2024-10,2024-11,1
2515,2024-11,2024-12,1
2522,2023-12,2024-01,1
2522,2023-12,2024-03,3
2522,2023-12,2024-06,6
2522,2023-12,2024-12,12
2522,2024-01,2024-02,1
2522,2024-01,2024-04,3
2522,2024-01,2024-07,6
2522,2024-02,2024-03,1
2522,2024-02,2024-05,3
2522,2024-02,2024-08,6
2522,2024-03,2024-04,1
2522,2024-03,2024-06,3
2522,2024-03,2024-09,6
2522,2024-04,2024-05,1
2522,2024-04,2024-07,3
2522,2024-04,2024-10,6
2522,2024-05,2024-06,1
2522,2024-05,2024-08,3
2522,2024-05,2024-11,6
2522,2024-06,2024-07,1
2522,2024-06,2024-09,3
2522,2024-06,2024-12,6
2522,2024-07,2024-08,1
2522,2024-07,2024-10,3
2522,2024-08,2024-09,1
2522,2024-08,2024-11,3
2522,2024-09,2024-10,1
2522,2024-09,2024-12,3
2522,2024-10,2024-11,1
2522,2024-11,2024-12,1
2532,2023-12,2024-01,1
2532,2023-12,2024-03,3
2532,2023-12,2024-06,6
2532,2023-12,2024-12,12
2532,2024-01,2024-02,1
2532,2024-01,2024-04,3
2532,2024-01,2024-07,6
2532,2024-02,2024-03,1
2532,2024-02,2024-05,3
2532,2024-02,2024-08,6
2532,2024-03,2024-04,1
2532,2024-03,2024-06,3
2532,2024-03,2024-09,6
2532,2024-04,2024-05,1
2532,2024-04,2024-07,3
2532,2024-04,2024-10,6
2532,2024-05,2024-06,1
2532,2024-05,2024-08,3
2532,2024-05,2024-11,6
2532,2024-06,2024-07,1
2532,2024-06,2024-09,3
2532,2024-06,2024-12,6
2532,2024-07,2024-08,1
2532,2024-07,2024-10,3
2532,2024-08,2024-09,1
2532,2024-08,2024-11,3
2532,2024-09,2024-10,1
2532,2024-09,2024-12,3
2532,2024-10,2024-11,1
2532,2024-11,2024-12,1
2533,2023-12,2024-01,1
2533,2023-12,2024-03,3
2533,2023-12,2024-06,6
2533,2023-12,2024-12,12
2533,2024-01,2024-02,1
2533,2024-01,2024-04,3
2533,2024-01,2024-07,6
2533,2024-02,2024-03,1
2533,2024-02,2024-05,3
2533,2024-02,2024-08,6
2533,2024-03,2024-04,1
2533,2024-03,2024-06,3
2533,2024-03,2024-09,6
2533,2024-04,2024-05,1
2533,2024-04,2024-07,3
2533,2024-04,2024-10,6
2533,2024-05,2024-06,1
2533,2024-05,2024-08,3
2533,2024-05,2024-11,6
2533,2024-06,2024-07,1
2533,2024-06,2024-09,3
2533,2024-06,2024-12,6
2533,2024-07,2024-08,1
2533,2024-07,2024-10,3
2533,2024-08,2024-09,1
2533,2024-08,2024-11,3
2533,2024-09,2024-10,1
2533,2024-09,2024-12,3
2533,2024-10,2024-11,1
2533,2024-11,2024-12,1
2551,2023-12,2024-01,1
2551,2023-12,2024-03,3
2551,2023-12,2024-06,6
2551,2023-12,2024-12,12
2551,2024-01,2024-02,1
2551,2024-01,2024-04,3
2551,2024-01,2024-07,6
2551,2024-02,2024-03,1
2551,2024-02,2024-05,3
2551,2024-02,2024-08,6
2551,2024-03,2024-04,1
2551,2024-03,2024-06,3
2551,2024-03,2024-09,6
2551,2024-04,2024-05,1
2551,2024-04,2024-07,3
2551,2024-04,2024-10,6
2551,2024-05,2024-06,1
2551,2024-05,2024-08,3
2551,2024-05,2024-11,6
2551,2024-06,2024-07,1
2551,2024-06,2024-09,3
2551,2024-06,2024-12,6
2551,2024-07,2024-08,1
2551,2024-07,2024-10,3
2551,2024-08,2024-09,1
2551,2024-08,2024-11,3
2551,2024-09,2024-10,1
2551,2024-09,2024-12,3
2551,2024-10,2024-11,1
2551,2024-11,2024-12,1
2555,2023-12,2024-01,1
2555,2023-12,2024-03,3
2555,2023-12,2024-06,6
2555,2023-12,2024-12,12
2555,2024-01,2024-02,1
2555,2024-01,2024-04,3
2555,2024-01,2024-07,6
2555,2024-02,2024-03,1
2555,2024-02,2024-05,3
2555,2024-02,2024-08,6
2555,2024-03,2024-04,1
2555,2024-03,2024-06,3
2555,2024-03,2024-09,6
2555,2024-04,2024-05,1
2555,2024-04,2024-07,3
2555,2024-04,2024-10,6
2555,2024-05,2024-06,1
2555,2024-05,2024-08,3
2555,2024-05,2024-11,6
2555,2024-06,2024-07,1
2555,2024-06,2024-09,3
2555,2024-06,2024-12,6
2555,2024-07,2024-08,1
2555,2024-07,2024-10,3
2555,2024-08,2024-09,1
2555,2024-08,2024-11,3
2555,2024-09,2024-10,1
2555,2024-09,2024-12,3
2555,2024-10,2024-11,1
2555,2024-11,2024-12,1
2556,2023-12,2024-01,1
2556,2023-12,2024-03,3
2556,2023-12,2024-06,6
2556,2023-12,2024-12,12
2556,2024-01,2024-02,1
2556,2024-01,2024-04,3
2556,2024-01,2024-07,6
2556,2024-02,2024-03,1
2556,2024-02,2024-05,3
2556,2024-02,2024-08,6
2556,2024-03,2024-04,1
2556,2024-03,2024-06,3
2556,2024-03,2024-09,6
2556,2024-04,2024-05,1
2556,2024-04,2024-07,3
2556,2024-04,2024-10,6
2556,2024-05,2024-06,1
2556,2024-05,2024-08,3
2556,2024-05,2024-11,6
2556,2024-06,2024-07,1
2556,2024-06,2024-09,3
2556,2024-06,2024-12,6
2556,2024-07,2024-08,1
2556,2024-07,2024-10,3
2556,2024-08,2024-09,1
2556,2024-08,2024-11,3
2556,2024-09,2024-10,1
2556,2024-09,2024-12,3
2556,2024-10,2024-11,1
2556,2024-11,2024-12,1
2559,2023-12,2024-01,1
2559,2023-12,2024-03,3
2559,2023-12,2024-06,6
2559,2023-12,2024-12,12
2559,2024-01,2024-02,1
2559,2024-01,2024-04,3
2559,2024-01,2024-07,6
2559,2024-02,2024-03,1
2559,2024-02,2024-05,3
2559,2024-02,2024-08,6
2559,2024-03,2024-04,1
2559,2024-03,2024-06,3
2559,2024-03,2024-09,6
2559,2024-04,2024-05,1
2559,2024-04,2024-07,3
2559,2024-04,2024-10,6
2559,2024-05,2024-06,1
2559,2024-05,2024-08,3
2559,2024-05,2024-11,6
2559,2024-06,2024-07,1
2559,2024-06,2024-09,3
2559,2024-06,2024-12,6
2559,2024-07,2024-08,1
2559,2024-07,2024-10,3
2559,2024-08,2024-09,1
2559,2024-08,2024-11,3
2559,2024-09,2024-10,1
2559,2024-09,2024-12,3
2559,2024-10,2024-11,1
2559,2024-11,2024-12,1
2560,2023-12,2024-01,1
2560,2023-12,2024-03,3
2560,2023-12,2024-06,6
2560,2023-12,2024-12,12
2560,2024-01,2024-02,1
2560,2024-01,2024-04,3
2560,2024-01,2024-07,6
2560,2024-02,2024-03,1
2560,2024-02,2024-05,3
2560,2024-02,2024-08,6
2560,2024-03,2024-04,1
2560,2024-03,2024-06,3
2560,2024-03,2024-09,6
2560,2024-04,2024-05,1
2560,2024-04,2024-07,3
2560,2024-04,2024-10,6
2560,2024-05,2024-06,1
2560,2024-05,2024-08,3
2560,2024-05,2024-11,6
2560,2024-06,2024-07,1
2560,2024-06,2024-09,3
2560,2024-06,2024-12,6
2560,2024-07,2024-08,1
2560,2024-07,2024-10,3
2560,2024-08,2024-09,1
2560,2024-08,2024-11,3
2560,2024-09,2024-10,1
2560,2024-09,2024-12,3
2560,2024-10,2024-11,1
2560,2024-11,2024-12,1
2566,2023-12,2024-01,1
2566,2023-12,2024-03,3
2566,2023-12,2024-06,6
2566,2023-12,2024-12,12
2566,2024-01,2024-02,1
2566,2024-01,2024-04,3
2566,2024-01,2024-07,6
2566,2024-02,2024-03,1
2566,2024-02,2024-05,3
2566,2024-02,2024-08,6
2566,2024-03,2024-04,1
2566,2024-03,2024-06,3
2566,2024-03,2024-09,6
2566,2024-04,2024-05,1
2566,2024-04,2024-07,3
2566,2024-04,2024-10,6
2566,2024-05,2024-06,1
2566,2024-05,2024-08,3
2566,2024-05,2024-11,6
2566,2024-06,2024-07,1
2566,2024-06,2024-09,3
2566,2024-06,2024-12,6
2566,2024-07,2024-08,1
2566,2024-07,2024-10,3
2566,2024-08,2024-09,1
2566,2024-08,2024-11,3
2566,2024-09,2024-10,1
2566,2024-09,2024-12,3
2566,2024-10,2024-11,1
2566,2024-11,2024-12,1
2577,2023-12,2024-01,1
2577,2023-12,2024-03,3
2577,2023-12,2024-06,6
2577,2023-12,2024-12,12
2577,2024-01,2024-02,1
2577,2024-01,2024-04,3
2577,2024-01,2024-07,6
2577,2024-02,2024-03,1
2577,2024-02,2024-05,3
2577,2024-02,2024-08,6
2577,2024-03,2024-04,1
2577,2024-03,2024-06,3
2577,2024-03,2024-09,6
2577,2024-04,2024-05,1
2577,2024-04,2024-07,3
2577,2024-04,2024-10,6
2577,2024-05,2024-06,1
2577,2024-05,2024-08,3
2577,2024-05,2024-11,6
2577,2024-06,2024-07,1
2577,2024-06,2024-09,3
2577,2024-06,2024-12,6
2577,2024-07,2024-08,1
2577,2024-07,2024-10,3
2577,2024-08,2024-09,1
2577,2024-08,2024-11,3
2577,2024-09,2024-10,1
2577,2024-09,2024-12,3
2577,2024-10,2024-11,1
2577,2024-11,2024-12,1
2583,2023-12,2024-01,1
2583,2023-12,2024-03,3
2583,2023-12,2024-06,6
2583,2023-12,2024-12,12
2583,2024-01,2024-02,1
2583,2024-01,2024-04,3
2583,2024-01,2024-07,6
2583,2024-02,2024-03,1
2583,2024-02,2024-05,3
2583,2024-02,2024-08,6
2583,2024-03,2024-04,1
2583,2024-03,2024-06,3
2583,2024-03,2024-09,6
2583,2024-04,2024-05,1
2583,2024-04,2024-07,3
2583,2024-04,2024-10,6
2583,2024-05,2024-06,1
2583,2024-05,2024-08,3
2583,2024-05,2024-11,6
2583,2024-06,2024-07,1
2583,2024-06,2024-09,3
2583,2024-06,2024-12,6
2583,2024-07,2024-08,1
2583,2024-07,2024-10,3
2583,2024-08,2024-09,1
2583,2024-08,2024-11,3
2583,2024-09,2024-10,1
2583,2024-09,2024-12,3
2583,2024-10,2024-11,1
2583,2024-11,2024-12,1
2590,2023-12,2024-01,1
2590,2023-12,2024-03,3
2590,2023-12,2024-06,6
2590,2023-12,2024-12,12
2590,2024-01,2024-02,1
2590,2024-01,2024-04,3
2590,2024-01,2024-07,6
2590,2024-02,2024-03,1
2590,2024-02,2024-05,3
2590,2024-02,2024-08,6
2590,2024-03,2024-04,1
2590,2024-03,2024-06,3
2590,2024-03,2024-09,6
2590,2024-04,2024-05,1
2590,2024-04,2024-07,3
2590,2024-04,2024-10,6
2590,2024-05,2024-06,1
2590,2024-05,2024-08,3
2590,2024-05,2024-11,6
2590,2024-06,2024-07,1
2590,2024-06,2024-09,3
2590,2024-06,2024-12,6
2590,2024-07,2024-08,1
2590,2024-07,2024-10,3
2590,2024-08,2024-09,1
2590,2024-08,2024-11,3
2590,2024-09,2024-10,1
2590,2024-09,2024-12,3
2590,2024-10,2024-11,1
2590,2024-11,2024-12,1
2591,2023-12,2024-01,1
2591,2023-12,2024-03,3
2591,2023-12,2024-06,6
2591,2023-12,2024-12,12
2591,2024-01,2024-02,1
2591,2024-01,2024-04,3
2591,2024-01,2024-07,6
2591,2024-02,2024-03,1
2591,2024-02,2024-05,3
2591,2024-02,2024-08,6
2591,2024-03,2024-04,1
2591,2024-03,2024-06,3
2591,2024-03,2024-09,6
2591,2024-04,2024-05,1
2591,2024-04,2024-07,3
2591,2024-04,2024-10,6
2591,2024-05,2024-06,1
2591,2024-05,2024-08,3
2591,2024-05,2024-11,6
2591,2024-06,2024-07,1
2591,2024-06,2024-09,3
2591,2024-06,2024-12,6
2591,2024-07,2024-08,1
2591,2024-07,2024-10,3
2591,2024-08,2024-09,1
2591,2024-08,2024-11,3
2591,2024-09,2024-10,1
2591,2024-09,2024-12,3
2591,2024-10,2024-11,1
2591,2024-11,2024-12,1
2602,2023-12,2024-01,1
2602,2023-12,2024-03,3
2602,2023-12,2024-06,6
2602,2023-12,2024-12,12
2602,2024-01,2024-02,1
2602,2024-01,2024-04,3
2602,2024-01,2024-07,6
2602,2024-02,2024-03,1
2602,2024-02,2024-05,3
2602,2024-02,2024-08,6
2602,2024-03,2024-04,1
2602,2024-03,2024-06,3
2602,2024-03,2024-09,6
2602,2024-04,2024-05,1
2602,2024-04,2024-07,3
2602,2024-04,2024-10,6
2602,2024-05,2024-06,1
2602,2024-05,2024-08,3
2602,2024-05,2024-11,6
2602,2024-06,2024-07,1
2602,2024-06,2024-09,3
2602,2024-06,2024-12,6
2602,2024-07,2024-08,1
2602,2024-07,2024-10,3
2602,2024-08,2024-09,1
2602,2024-08,2024-11,3
2602,2024-09,2024-10,1
2602,2024-09,2024-12,3
2602,2024-10,2024-11,1
2602,2024-11,2024-12,1
2606,2023-12,2024-01,1
2606,2023-12,2024-03,3
2606,2023-12,2024-06,6
2606,2023-12,2024-12,12
2606,2024-01,2024-02,1
2606,2024-01,2024-04,3
2606,2024-01,2024-07,6
2606,2024-02,2024-03,1
2606,2024-02,2024-05,3
2606,2024-02,2024-08,6
2606,2024-03,2024-04,1
2606,2024-03,2024-06,3
2606,2024-03,2024-09,6
2606,2024-04,2024-05,1
2606,2024-04,2024-07,3
2606,2024-04,2024-10,6
2606,2024-05,2024-06,1
2606,2024-05,2024-08,3
2606,2024-05,2024-11,6
2606,2024-06,2024-07,1
2606,2024-06,2024-09,3
2606,2024-06,2024-12,6
2606,2024-07,2024-08,1
2606,2024-07,2024-10,3
2606,2024-08,2024-09,1
2606,2024-08,2024-11,3
2606,2024-09,2024-10,1
2606,2024-09,2024-12,3
2606,2024-10,2024-11,1
2606,2024-11,2024-12,1
2651,2023-12,2024-01,1
2651,2023-12,2024-03,3
2651,2023-12,2024-06,6
2651,2023-12,2024-12,12
2651,2024-01,2024-02,1
2651,2024-01,2024-04,3
2651,2024-01,2024-07,6
2651,2024-02,2024-03,1
2651,2024-02,2024-05,3
2651,2024-02,2024-08,6
2651,2024-03,2024-04,1
2651,2024-03,2024-06,3
2651,2024-03,2024-09,6
2651,2024-04,2024-05,1
2651,2024-04,2024-07,3
2651,2024-04,2024-10,6
2651,2024-05,2024-06,1
2651,2024-05,2024-08,3
2651,2024-05,2024-11,6
2651,2024-06,2024-07,1
2651,2024-06,2024-09,3
2651,2024-06,2024-12,6
2651,2024-07,2024-08,1
2651,2024-07,2024-10,3
2651,2024-08,2024-09,1
2651,2024-08,2024-11,3
2651,2024-09,2024-10,1
2651,2024-09,2024-12,3
2651,2024-10,2024-11,1
2651,2024-11,2024-12,1
2652,2023-12,2024-01,1
2652,2023-12,2024-03,3
2652,2023-12,2024-06,6
2652,2023-12,2024-12,12
2652,2024-01,2024-02,1
2652,2024-01,2024-04,3
2652,2024-01,2024-07,6
2652,2024-02,2024-03,1
2652,2024-02,2024-05,3
2652,2024-02,2024-08,6
2652,2024-03,2024-04,1
2652,2024-03,2024-06,3
2652,2024-03,2024-09,6
2652,2024-04,2024-05,1
2652,2024-04,2024-07,3
2652,2024-04,2024-10,6
2652,2024-05,2024-06,1
2652,2024-05,2024-08,3
2652,2024-05,2024-11,6
2652,2024-06,2024-07,1
2652,2024-06,2024-09,3
2652,2024-06,2024-12,6
2652,2024-07,2024-08,1
2652,2024-07,2024-10,3
2652,2024-08,2024-09,1
2652,2024-08,2024-11,3
2652,2024-09,2024-10,1
2652,2024-09,2024-12,3
2652,2024-10,2024-11,1
2652,2024-11,2024-12,1
2882,2023-12,2024-01,1
2882,2023-12,2024-03,3
2882,2023-12,2024-06,6
2882,2023-12,2024-12,12
2882,2024-01,2024-02,1
2882,2024-01,2024-04,3
2882,2024-01,2024-07,6
2882,2024-02,2024-03,1
2882,2024-02,2024-05,3
2882,2024-02,2024-08,6
2882,2024-03,2024-04,1
2882,2024-03,2024-06,3
2882,2024-03,2024-09,6
2882,2024-04,2024-05,1
2882,2024-04,2024-07,3
2882,2024-04,2024-10,6
2882,2024-05,2024-06,1
2882,2024-05,2024-08,3
2882,2024-05,2024-11,6
2882,2024-06,2024-07,1
2882,2024-06,2024-09,3
2882,2024-06,2024-12,6
2882,2024-07,2024-08,1
2882,2024-07,2024-10,3
2882,2024-08,2024-09,1
2882,2024-08,2024-11,3
2882,2024-09,2024-10,1
2882,2024-09,2024-12,3
2882,2024-10,2024-11,1
2882,2024-11,2024-12,1
